group_id,group_id_v1,season,game_id,team,channel,primary_cause,net_points,status,status_if_usable
000a7c7d72ddac26,55e8231d76bb97e9,2022,401415245,San Diego State,attribution_only,dip_restore,0.0,game_unusable,corroborated
001a13eb968fdcc9,a51034a238ff2494,2024,401628468,Ohio State,attribution_only,final_cap,0.0,game_unusable,cfbd_matches_neither
00255300dcefc5a0,c1404c7a71fa5799,2018,401013068,Oklahoma,attribution_only,dip_restore,0.0,game_unusable,corroborated
00645b476efd664c,122d540c812ff03a,2023,401531389,UT San Antonio,attribution_only,dip_restore,0.0,corroborated,corroborated
006a3acb19c9db55,33a52ce2ee989c45,2023,401520388,Liberty,attribution_only,final_cap,0.0,game_unusable,cfbd_matches_neither
00c2f2a22c265011,87d0790f727c1817,2022,401426530,Charlotte,points_recovery,incomplete_stream,13.0,game_unusable,cfbd_matches_neither
00cc2ed13265f922,efec58896274754e,2021,401309548,Central Michigan,points_recovery,restoration_gt8,25.0,game_unusable,corroborated
00db342efceb7703,1907657a52edb6af,2021,401282216,Middle Tennessee,attribution_only,dip_restore,0.0,game_unusable,corroborated
00e6627864078ffc,c227d22f20c4a47b,2018,401020680,Western Michigan,attribution_only,dip_restore,0.0,game_unusable,corroborated
00fb289c8e1ffa45,747ddb60ce833ec7,2025,401756926,Cincinnati,points_recovery,incomplete_stream,42.0,game_unusable,cfbd_matches_neither
0137100a33c68ad3,9868a7bad657423a,2021,401282226,Marshall,points_recovery,dip_restore,13.0,game_unusable,cfbd_matches_neither
01562b5fce27329b,0265c3e0a2af58f1,2023,401531404,SMU,attribution_only,dip_restore,0.0,corroborated,corroborated
01649da5866193d7,6d0c156f35d493fa,2023,401532426,Eastern Michigan,points_recovery,dip_restore,3.0,game_unusable,cfbd_supports_baseline
017a046223eb1edf,f4853ffcdbdc552c,2021,401287944,Iowa State,points_recovery,incomplete_stream,19.0,game_unusable,cfbd_matches_neither
01b085e1ffa45dad,db53254dc5410ff6,2024,401643725,Hawai_i,attribution_only,dip_restore,0.0,corroborated,corroborated
01bc3fac317e5208,23faf2ed4b3d64f4,2024,401729867,Syracuse,attribution_only,category_possession_reassignment,0.0,game_unusable,cfbd_matches_neither
01ce5098a1007cfc,999e9fb852fe78a4,2023,401531902,South Alabama,attribution_only,dip_restore,0.0,corroborated,corroborated
01f4e8ad6c81d74d,f4397eeb079523cf,2022,401403882,Penn State,attribution_only,dip_restore,0.0,corroborated,corroborated
021e1d89cbe7ba47,c72bf16269e20689,2022,401426330,Old Dominion,attribution_only,dip_restore,0.0,game_unusable,corroborated
02232bdba7b18910,0ed9390bbc9616e0,2022,401405087,SMU,attribution_only,dip_restore,0.0,game_unusable,cfbd_matches_neither
0227c82c97ef32e8,89f4bc1febc4cec1,2017,400938619,New Mexico State,attribution_only,dip_restore,0.0,game_unusable,cfbd_matches_neither
0250e690f8de6d99,d64eeafffd8233bc,2025,401752849,Minnesota,attribution_only,dip_restore,0.0,game_unusable,cfbd_matches_neither
02574eceffaee103,a324f60ef6545b32,2023,401525860,Kansas,attribution_only,dip_restore,0.0,game_unusable,cfbd_matches_neither
026ea288b304514f,1f693810551f7566,2022,401426532,Western Kentucky,attribution_only,dip_restore,0.0,corroborated,corroborated
02a6a0b3f2ba6014,37b333616c58dea6,2023,401520229,Louisiana Tech,attribution_only,dip_restore,0.0,corroborated,corroborated
02b553048ad9a257,a8cff4c3f5aa4386,2022,401404000,Oregon State,attribution_only,dip_restore,0.0,game_unusable,cfbd_matches_neither
02bc8b512fd6fcfd,dd109e5c9787e8f6,2023,401531894,Louisiana Monroe,attribution_only,dip_restore,0.0,corroborated,corroborated
02d0a5c385dae747,cdbe7f29fd69f842,2019,401114219,USC,attribution_only,dip_restore,0.0,corroborated,corroborated
0319b089d4c78ded,ae3308114a0ba765,2023,401531379,UAB,attribution_only,dip_restore,0.0,corroborated,corroborated
03465034fa28ccb2,5a982a7973f3b519,2017,400935376,Purdue,attribution_only,dip_restore,0.0,corroborated,corroborated
035c893a4ab4225a,ff91c2b3e50a1922,2024,401643716,North Texas,attribution_only,dip_restore,0.0,game_unusable,cfbd_matches_neither
03673202cbe66649,44a3588c52269ba1,2025,401754584,Boston College,attribution_only,dip_restore,0.0,game_unusable,cfbd_matches_neither
03854cdda08baef2,4b27b67e2b80066f,2021,401282766,Maryland,attribution_only,dip_restore,0.0,game_unusable,corroborated
03ae90ace6159646,41eb4236516c0b91,2021,401282724,Idaho,attribution_only,dip_restore,0.0,corroborated,corroborated
03d34e73076a5618,24b4cbd676ae47f0,2016,400869723,North Carolina,attribution_only,dip_restore,0.0,corroborated,corroborated
03f1203e3469f137,a26f637ca5bde7ac,2023,401526834,UMass,attribution_only,dip_restore,0.0,corroborated,corroborated
03f79d661dffd540,02e2e5a7b414396f,2018,401019513,SMU,attribution_only,dip_restore,0.0,corroborated,corroborated
040fe9b8308fe1f6,6d19c150f5044ab3,2015,400757023,Stanford,attribution_only,dip_restore,0.0,corroborated,corroborated
0431f622e370a3d8,e34175027d0d2708,2025,401752848,Notre Dame,attribution_only,dip_restore,0.0,game_unusable,cfbd_supports_baseline
04435ce88d90ecd3,0becf5e88d993fbc,2022,401415632,Tulsa,attribution_only,dip_restore,0.0,game_unusable,corroborated
044827865d66376c,252baa0688845982,2022,401404140,Louisiana Monroe,attribution_only,dip_restore,0.0,corroborated,corroborated
0462aa671d9e1a7d,44144f38839b7d27,2021,401282189,Rice,attribution_only,dip_restore,0.0,game_unusable,corroborated
0475aadf26f9124b,b4c74151c516ae87,2025,401757271,Liberty,attribution_only,dip_restore,0.0,corroborated,corroborated
04c107d93d1d905c,c5559110e7cb2422,2023,401520213,Austin Peay,points_recovery,dip_restore,3.0,game_unusable,cfbd_supports_baseline
04d6926717a8f4c6,f0a6218239a56889,2017,400933937,Clemson,attribution_only,dip_restore,0.0,corroborated,corroborated
04e0df03310f29c0,a1ad110f8663d241,2023,401520423,Sam Houston State,attribution_only,dip_restore,0.0,corroborated,corroborated
04efbd80540bae4e,670d5410045f96e9,2022,401415617,Memphis,attribution_only,dip_restore,0.0,corroborated,corroborated
04f1890b045e906b,9c5fae4cefca940e,2024,401628415,Missouri,attribution_only,dip_restore,0.0,corroborated,corroborated
0513e5ae0d8df83b,8e02c81b8779e4c7,2017,400938622,Charlotte,attribution_only,dip_restore,0.0,corroborated,corroborated
052f2c29d1d8e85d,145f5a91194b671e,2021,401282266,Rice,attribution_only,final_cap,0.0,game_unusable,indistinguishable_at_drive_level
05345b68dfeebac0,d33560df5eeef931,2023,401520386,Alabama,attribution_only,dip_restore,0.0,game_unusable,cfbd_matches_neither
05703263b71d08f0,a54b474dadf75fb9,2021,401282096,Vanderbilt,attribution_only,dip_restore,0.0,corroborated,corroborated
05a090329d18b5d4,be86a284a6f28ecb,2021,401331222,Air Force,attribution_only,dip_restore,0.0,game_unusable,cfbd_supports_baseline
05a214e2fa2e1600,0fe8f4529287b597,2016,400869844,Georgia Southern,attribution_only,dip_restore,0.0,game_unusable,corroborated
05a421f290b04b03,c70cfa52f680f0ce,2025,401752906,Illinois,attribution_only,dip_restore,0.0,game_unusable,cfbd_matches_neither
05abb2272b66f9ea,de9be1aa1d8e7347,2025,401756948,West Virginia,attribution_only,category_possession_reassignment,0.0,corroborated,corroborated
05d63c5a0bd262b0,ae2f5118bbb9b242,2015,400787478,Louisiana,attribution_only,dip_restore,0.0,corroborated,corroborated
05dfcc932e899a49,539812319fc33f2b,2022,401416568,Saint Francis,points_recovery,incomplete_stream,23.0,game_unusable,cfbd_matches_neither
05e4d276ef9ca47e,f76d436f6d8a5e54,2025,401760371,Idaho State,attribution_only,dip_restore,0.0,game_unusable,cfbd_matches_neither
0612e7f4e22390aa,dbbeebc522fdbad2,2021,401310720,UNLV,attribution_only,dip_restore,0.0,game_unusable,corroborated
064a52dd5a82f8e5,122060bcb297b6d7,2021,401282768,Penn State,points_recovery,other,1.0,game_unusable,corroborated
064bb0a6a723eff1,8644ab9aa367751a,2018,401012806,South Florida,attribution_only,dip_restore,0.0,corroborated,corroborated
065eee982fe919b8,0d313759cb035974,2023,401524041,California,points_recovery,incomplete_stream,49.0,game_unusable,cfbd_matches_neither
0675d3d504e46c7e,e8fbd0995c312adb,2022,401411095,North Carolina,attribution_only,incomplete_stream,0.0,game_unusable,cfbd_matches_neither
067af86375bd0f4d,0415960e2dc20fe6,2025,401756847,Kansas,attribution_only,dip_restore,0.0,game_unusable,cfbd_matches_neither
06a0f0cb7f92682e,56167521a50dd7e1,2021,401282221,UAB,attribution_only,dip_restore,0.0,cfbd_matches_neither,cfbd_matches_neither
06a6c906cd2cd3f9,5f0f989fa2cd3749,2023,401525894,Oklahoma State,attribution_only,dip_restore,0.0,corroborated,corroborated
06b76d2cbdae3615,22465a0badc4f814,2017,400944859,Louisiana Monroe,attribution_only,dip_restore,0.0,corroborated,corroborated
06b829b1eb61387f,9113f13529cb06a8,2021,401309570,Bowling Green,attribution_only,restoration_gt8,0.0,game_unusable,cfbd_matches_neither
06cb889fc86a50df,a8539b23513ba32d,2018,401012259,Vanderbilt,attribution_only,dip_restore,0.0,corroborated,corroborated
06e089f95e82b1a7,5e59419b5cf0fd2b,2022,401426572,Texas Southern,attribution_only,dip_restore,0.0,corroborated,corroborated
06e38e0e6252e684,90fb2e0a446d825e,2022,401416604,Eastern Michigan,attribution_only,dip_restore,0.0,game_unusable,cfbd_matches_neither
06f79b91cba7476e,21f07ba85041f1bb,2025,401754547,Louisville,attribution_only,dip_restore,0.0,corroborated,corroborated
073ebbcf0848bd80,e69f91625f8bb8a9,2015,400787469,Louisiana,attribution_only,dip_restore,0.0,corroborated,corroborated
0741ab8501534be5,75a4f1285d718ff7,2019,401112117,Texas Tech,attribution_only,dip_restore,0.0,game_unusable,cfbd_matches_neither
075891e0f3251ea9,ea263dc95ac8c6a8,2024,401641041,Sam Houston State,attribution_only,dip_restore,0.0,corroborated,corroborated
075a83370aa52b96,052cd2e45134dd8a,2021,401282703,Virginia,attribution_only,dip_restore,0.0,corroborated,corroborated
0766bee673a8dd69,04aac7eb6b96f7c6,2018,401012348,Vanderbilt,points_recovery,dip_restore,7.0,game_unusable,cfbd_matches_neither
0781cf557d095f56,0c91088ff22c19a0,2025,401756908,Utah,attribution_only,dip_restore,0.0,corroborated,corroborated
07a029a959cfd99b,037d2187d98b8a4b,2022,401426542,Houston,points_recovery,dip_restore,24.0,game_unusable,cfbd_matches_neither
07aca4b078c66d19,e0801bb328742100,2021,401331216,Florida,attribution_only,dip_restore,0.0,corroborated,corroborated
07bbc91b8e30123b,a074209ce6e396b9,2022,401415236,San Jose State,attribution_only,dip_restore,0.0,corroborated,corroborated
07dfad8cbdbe8fa8,95ca541af75f2e0a,2021,401286306,UMass,attribution_only,dip_restore,0.0,corroborated,corroborated
07ec2dc0d6392b06,3955b61723bf4e4b,2024,401643703,Utah State,attribution_only,dip_restore,0.0,corroborated,corroborated
07fbf9a4dc38693c,f59c9d1818fded46,2021,401282191,Boise State,attribution_only,dip_restore,0.0,corroborated,corroborated
07fd1e52891ca229,96f851f16884241c,2024,401628469,Oregon,attribution_only,dip_restore,0.0,game_unusable,corroborated
07ff640b629b9766,273f26f39809aeff,2017,400934577,Notre Dame,attribution_only,dip_restore,0.0,corroborated,corroborated
084e7c22036da2ad,93f8f3bf8523c01b,2023,401532426,Northern Illinois,points_reduction,category_possession_reassignment,-3.0,game_unusable,cfbd_supports_baseline
086dfad794242654,cb4e8584ac6d719d,2021,401310697,Wyoming,attribution_only,dip_restore,0.0,game_unusable,corroborated
086fa93e39f66e23,801c069793fe3bf6,2018,401013362,UMass,attribution_only,dip_restore,0.0,game_unusable,corroborated
08709280e9370de7,7328618c6bcb49f4,2017,400935314,California,attribution_only,category_possession_reassignment,0.0,game_unusable,cfbd_matches_neither
087dcd7bc8027e25,8a4023a64d5cac19,2021,401309859,Arizona,attribution_only,dip_restore,0.0,game_unusable,cfbd_matches_neither
087f9ba6dac6a91f,f29e66a5ed48e099,2025,401756900,Tulsa,attribution_only,dip_restore,0.0,game_unusable,cfbd_matches_neither
08af0a061d1ac716,1c7f2ac038e396e3,2022,401437030,Kansas State,attribution_only,dip_restore,0.0,corroborated,corroborated
08c1de71c0cef611,8c05480a56f0c260,2023,401551762,Rutgers,attribution_only,dip_restore,0.0,corroborated,corroborated
08d7446f81764420,743180417a508412,2015,400763589,Southern,attribution_only,dip_restore,0.0,game_unusable,cfbd_matches_neither
08eb83763844d21d,e1f0d90417050433,2022,401415259,UNLV,points_recovery,incomplete_stream,19.0,game_unusable,cfbd_matches_neither
08ee987d1d133966,5dd43593e16d1632,2022,401411097,Miami,points_recovery,category_possession_reassignment,6.0,game_unusable,cfbd_matches_neither
08f91167b492b374,e2a5695850d7840f,2022,401426555,UCF,points_recovery,incomplete_stream,40.0,game_unusable,cfbd_matches_neither
08feeb3c36630ed0,796aa1ae3f522c7e,2021,401282757,Iowa,attribution_only,dip_restore,0.0,game_unusable,cfbd_matches_neither
090361222c8624b6,e00c3d27036744e1,2021,401309636,South Alabama,attribution_only,dip_restore,0.0,game_unusable,cfbd_supports_baseline
0908618fa700c5c7,481a68778bacf9df,2017,400933916,Alabama,attribution_only,dip_restore,0.0,corroborated,corroborated
09200463239422da,e9e398dfec9b117c,2023,401525846,Oklahoma State,attribution_only,dip_restore,0.0,corroborated,corroborated
0937b4ac74e1ae65,b14333c47ec757ee,2024,401645329,Memphis,attribution_only,dip_restore,0.0,game_unusable,corroborated
093995115ece7e0b,052e778aeb313661,2024,401655632,Northwestern,attribution_only,other,0.0,game_unusable,cfbd_matches_neither
093f96db653ab8ea,f9c866bd887adefc,2021,401282777,Michigan,attribution_only,category_possession_reassignment,0.0,game_unusable,cfbd_matches_neither
0943e783cce3180e,8336738c503cfbca,2023,401531420,Florida Atlantic,attribution_only,dip_restore,0.0,corroborated,corroborated
098ab07de8dd2d26,41d75c35a4aa25d9,2018,401013346,Ohio State,attribution_only,dip_restore,0.0,game_unusable,corroborated
099c16b810559c7a,3bdcb662bcd13456,2025,401756911,Kansas State,attribution_only,dip_restore,0.0,corroborated,corroborated
09de78e14d157b04,005699acdc9100c8,2023,401520213,Austin Peay,points_reduction,category_possession_reassignment,-3.0,game_unusable,cfbd_supports_baseline
09e92ec885e85c1c,b641fc0ead800cc3,2016,400869436,Pittsburgh,attribution_only,dip_restore,0.0,corroborated,corroborated
09f59fd0824a482f,cd72aabca366598a,2021,401282244,Louisiana Tech,points_recovery,incomplete_stream,14.0,game_unusable,cfbd_matches_neither
09f911cca53c47dd,4fdc67d30899a368,2021,401310750,Wyoming,attribution_only,restoration_gt8,0.0,game_unusable,corroborated
0a0d98b3ad89326a,7cf902300a093a4e,2022,401426552,New Mexico State,attribution_only,dip_restore,0.0,game_unusable,cfbd_matches_neither
0a0f0574b2605b18,fa6273dcf9cde78b,2022,401403861,Memphis,attribution_only,dip_restore,0.0,corroborated,corroborated
0a1f28b00b7f593a,b392def71d42574e,2024,401645316,UAB,attribution_only,dip_restore,0.0,corroborated,corroborated
0a2e4f2568d80c6d,dd5388e37bf34001,2025,401756892,Cincinnati,attribution_only,dip_restore,0.0,corroborated,corroborated
0a38d2780d6a6d91,14f2e2e68fcbdceb,2021,401310733,Fresno State,points_recovery,other,1.0,game_unusable,corroborated
0a4ce86b2f12638a,4655eb2eb96d57ad,2019,401117214,South Florida,points_recovery,incomplete_stream,27.0,game_unusable,cfbd_matches_neither
0a63ccc42f91e351,14817a8f4973a483,2023,401525857,Kansas State,attribution_only,dip_restore,0.0,corroborated,corroborated
0a654506b9908f2f,f857b091021f5fea,2025,401756879,Arizona,points_recovery,incomplete_stream,20.0,game_unusable,cfbd_matches_neither
0a75f074e263b53d,b743255c2b38a170,2024,401644775,Akron,attribution_only,final_cap,0.0,game_unusable,indistinguishable_at_drive_level
0a7b6c556111a2ab,ab57f187d570fd9f,2023,401524032,Oregon State,attribution_only,dip_restore,0.0,corroborated,corroborated
0a8aabea983bf423,b82170fae163d6bc,2021,401310712,Fresno State,attribution_only,dip_restore,0.0,corroborated,corroborated
0a9602cf2f4f2870,4d34f0dda7dd854d,2022,401426571,UTEP,points_recovery,incomplete_stream,10.0,game_unusable,cfbd_matches_neither
0ab3421737276512,ba2aafce119a90b6,2025,401760366,New Mexico,attribution_only,dip_restore,0.0,game_unusable,cfbd_matches_neither
0ace33b525b8bb41,23baa02e57dc0883,2022,401405073,Duke,attribution_only,dip_restore,0.0,game_unusable,cfbd_matches_neither
0ad025ba40932637,93bc662268abbf92,2025,401760423,San Jose State,attribution_only,dip_restore,0.0,game_unusable,cfbd_matches_neither
0aeef5537b7cb236,aef4409c0e6004f7,2021,401282136,Charleston Southern,attribution_only,dip_restore,0.0,cfbd_matches_neither,cfbd_matches_neither
0af1a94abf040766,23c6b68453003390,2021,401282253,UT San Antonio,attribution_only,dip_restore,0.0,corroborated,corroborated
0b06137a3f880b49,5ac1360b44f5b75a,2017,400945283,Air Force,attribution_only,dip_restore,0.0,game_unusable,corroborated
0b1c4d8c357d2f52,ab1ec1c13c66f820,2022,401416614,Western Michigan,attribution_only,dip_restore,0.0,game_unusable,corroborated
0b2822759f316174,38224fc7775f2801,2022,401420777,Georgia Southern,attribution_only,dip_restore,0.0,corroborated,corroborated
0b2c46e4f894141c,6e2ceb6da33323af,2021,401282771,Michigan State,attribution_only,dip_restore,0.0,corroborated,corroborated
0b662f356ea2532e,51183c716bb4d52d,2024,401628354,Kentucky,attribution_only,dip_restore,0.0,corroborated,corroborated
0b75dc3c66b945dd,5cd94f7a40dc1b3b,2024,401628442,Ole Miss,attribution_only,dip_restore,0.0,corroborated,corroborated
0b835597680984bd,d81e540629ee07e0,2021,401310750,Utah State,attribution_only,other,0.0,game_unusable,cfbd_matches_neither
0b913e55e10dbc6c,6a462b9b6ebc018a,2024,401677083,Ohio,attribution_only,dip_restore,0.0,corroborated,corroborated
0b9fa0646ccb001c,17b5ce6dd531e15a,2017,400935260,USC,attribution_only,dip_restore,0.0,game_unusable,cfbd_matches_neither
0bab2746e89aea94,b11ca6c769957725,2021,401287902,West Virginia,points_recovery,incomplete_stream,52.0,game_unusable,cfbd_matches_neither
0bb0a5146d953a3c,adcd2788c52d4d54,2021,401282250,UAB,attribution_only,dip_restore,0.0,corroborated,corroborated
0bbd41de14b7d1be,92c266d1a00b18dc,2024,401634240,BYU,attribution_only,dip_restore,0.0,corroborated,corroborated
0bf36d47174ac0e4,6e4465a75518823a,2018,401013049,Kansas,attribution_only,dip_restore,0.0,corroborated,corroborated
0bf835ddca60bd50,5a389a45697cf594,2017,400938608,Louisiana Tech,attribution_only,dip_restore,0.0,corroborated,corroborated
0c016c3c001ac16b,3ee713cabe333d83,2025,401752739,Arkansas,attribution_only,dip_restore,0.0,corroborated,corroborated
0c2fcd122ce7c96a,1339c4fcd5d38f3a,2017,400985387,UMass,attribution_only,dip_restore,0.0,corroborated,corroborated
0c482b29f34792bf,107631f836c7362b,2016,400869342,Indiana,attribution_only,dip_restore,0.0,game_unusable,cfbd_matches_neither
0c5dd5c39cddd5b3,a4a95ba5b512d6d3,2022,401405121,Rutgers,attribution_only,dip_restore,0.0,game_unusable,corroborated
0c7990e9af81642c,75e2ca6ad4991fe8,2016,400869315,Ohio,attribution_only,dip_restore,0.0,corroborated,corroborated
0c7a09125066a76a,58a7f341bd72884d,2015,400603838,Arizona State,attribution_only,dip_restore,0.0,game_unusable,cfbd_matches_neither
0cd4ac06d7639bde,74620bfcfe1e10cd,2022,401404165,Virginia Tech,points_recovery,other,2.0,game_unusable,corroborated
0ceb2d30cc43b6d8,7484e0dce33c16b9,2024,401628482,Nebraska,attribution_only,dip_restore,0.0,corroborated,corroborated
0cebbbb5014b1266,c270e63a3f300ac8,2021,401282726,Indiana,points_recovery,category_possession_reassignment,1.0,game_unusable,cfbd_matches_neither
0d0b124547ab02a0,1eb8c63eab17ed55,2019,401119293,Akron,attribution_only,dip_restore,0.0,corroborated,corroborated
0d3a814759c0a4fb,cd29c46e5cbda311,2024,401636920,TCU,attribution_only,dip_restore,0.0,corroborated,corroborated
0d5228df3a3b3600,0a1e334f67b1a4b0,2021,401309900,Stanford,attribution_only,final_cap,0.0,game_unusable,cfbd_matches_neither
0d52ad76d4211354,813eaa40c2b0a3f5,2022,401416592,Eastern Illinois,attribution_only,dip_restore,0.0,corroborated,corroborated
0d608cacf4a38cbf,7ab5ef0d37e19556,2025,401778310,Southern Mississippi,attribution_only,dip_restore,0.0,game_unusable,cfbd_matches_neither
0d69a8e22f4cf71e,083b6dfa81d99652,2021,401301027,Navy,attribution_only,dip_restore,0.0,corroborated,corroborated
0d875f1b7f8866bb,fa6b475c850c06c9,2025,401761655,Louisiana,attribution_only,restoration_gt8,0.0,game_unusable,cfbd_matches_neither
0d9d1e683d4b03a9,cf8a7c95757896e4,2017,400935242,Maryland,attribution_only,dip_restore,0.0,corroborated,corroborated
0dae079b9ce92226,fbbe7341d4529560,2022,401411126,Virginia,points_recovery,incomplete_stream,17.0,game_unusable,cfbd_matches_neither
0db6064c1da59e84,660f2d16c461a63a,2023,401532432,Miami (OH),attribution_only,dip_restore,0.0,corroborated,corroborated
0dbe1b726c653b9e,e3614aa7f551ff27,2025,401756907,Oklahoma State,attribution_only,dip_restore,0.0,game_unusable,indistinguishable_at_drive_level
0dcd82a06b6579b1,6ce51a54aca50e43,2021,401282662,Army,attribution_only,dip_restore,0.0,corroborated,corroborated
0dddf387c748066b,931d9f84364997f6,2025,401752784,Auburn,attribution_only,dip_restore,0.0,game_unusable,cfbd_supports_baseline
0df4c026806dca33,474b1ba4414558f2,2021,401309547,Wyoming,attribution_only,dip_restore,0.0,game_unusable,corroborated
0e07f2e9f6ae6a0b,82287e3f8d157d48,2024,401645368,South Florida,attribution_only,dip_restore,0.0,corroborated,corroborated
0e1f56643c4febee,6565e13a408a957d,2025,401760396,San Jose State,attribution_only,dip_restore,0.0,game_unusable,cfbd_matches_neither
0e5bec8721992420,73e9a181f7726788,2018,401032070,Duke,attribution_only,dip_restore,0.0,corroborated,corroborated
0e78aae544c13552,d7d82d18f090cc49,2024,401643716,Wyoming,attribution_only,final_cap,0.0,game_unusable,cfbd_matches_neither
0e7e8c8b0613cd90,05d021baec3bad9b,2024,401635554,Louisville,points_recovery,incomplete_stream,7.0,game_unusable,cfbd_supports_baseline
0e813841a83b8b8d,57c0eda4a26a53ee,2022,401416642,Toledo,attribution_only,dip_restore,0.0,corroborated,corroborated
0e86682a95380fd2,985619cebd2d1b9b,2017,400933840,Georgia Tech,attribution_only,dip_restore,0.0,corroborated,corroborated
0e91a0703ebef167,60de26961cceb2f3,2025,401752701,Mississippi State,attribution_only,dip_restore,0.0,game_unusable,cfbd_matches_neither
0ef71ab08b835664,d00b6bf2ea098ffa,2022,401404128,UNLV,attribution_only,dip_restore,0.0,corroborated,corroborated
0f009e2d1561fd69,7f4f7fb9b5bff503,2016,400869619,Oklahoma State,attribution_only,dip_restore,0.0,game_unusable,cfbd_matches_neither
0f1d158a9f6fc5d8,236fe7e00b5bffad,2025,401752937,Oregon State,attribution_only,dip_restore,0.0,game_unusable,cfbd_matches_neither
0f3d61416cd2c36d,d40350e8c903c0b8,2025,401760382,Colorado State,attribution_only,dip_restore,0.0,corroborated,corroborated
0f5122555e7e8233,fc6dcc883936eede,2016,400869091,Utah,points_recovery,incomplete_stream,24.0,game_unusable,corroborated
0f541e6c0f6a97e0,e1363c1c6845dd0d,2022,401411095,Appalachian State,points_recovery,incomplete_stream,6.0,game_unusable,cfbd_matches_neither
0f8637b4fa5065d4,0234726646692bac,2025,401757228,Marshall,attribution_only,dip_restore,0.0,game_unusable,cfbd_matches_neither
0faa801ec9cd988c,81a79e5bcc4fac0a,2024,401645382,South Florida,attribution_only,dip_restore,0.0,game_unusable,corroborated
0fb3e2fa5fd48a96,b1a6d7d34d0e26d3,2022,401405104,Ohio State,attribution_only,dip_restore,0.0,corroborated,corroborated
0fcae13337a8d2bf,ea3351014fc1e8e6,2024,401628368,Vanderbilt,points_recovery,incomplete_stream,21.0,game_unusable,cfbd_matches_neither
0fd5deb40b9aaafa,9daa1012e9586a5e,2021,401309907,UCLA,attribution_only,dip_restore,0.0,corroborated,corroborated
0ff5d862e0d86d9a,c628c44b5b106188,2022,401404115,Texas Tech,attribution_only,dip_restore,0.0,game_unusable,cfbd_matches_neither
100a70df21c92ccd,73ab2707cfe18158,2019,401119273,Central Michigan,attribution_only,dip_restore,0.0,game_unusable,corroborated
1021669ce0695008,ee07c84d65f3db71,2022,401415216,Incarnate Word,attribution_only,dip_restore,0.0,corroborated,corroborated
10271ce948776617,960c2ba8755903b4,2024,401645382,South Florida,attribution_only,dip_restore,0.0,game_unusable,cfbd_matches_neither
1038166dddf42679,3dd9daa2fbc8be46,2024,401635557,TCU,attribution_only,category_possession_reassignment,0.0,game_unusable,cfbd_matches_neither
103db61f55103057,c33f05566e244973,2023,401520225,Georgia,attribution_only,dip_restore,0.0,corroborated,corroborated
103e7845d874d406,648cc7ab3f1341ed,2017,400945004,Eastern Michigan,attribution_only,dip_restore,0.0,game_unusable,corroborated
1041ad4e827ce0bb,d42914b2a6336436,2023,401531922,Georgia Southern,attribution_only,final_cap,0.0,game_unusable,indistinguishable_at_drive_level
10485f2d3672c509,b14c062c9dc293c9,2021,401282763,Wisconsin,attribution_only,category_possession_reassignment,0.0,game_unusable,cfbd_matches_neither
1049e5f0a8bea53e,93db321a481bae19,2016,400876093,North Texas,attribution_only,dip_restore,0.0,corroborated,corroborated
104d4c60f1866efa,46e07fe94e2e3fd5,2021,401282809,Oregon,attribution_only,dip_restore,0.0,corroborated,corroborated
10526f10b288e4ed,c9b89bceae74f4bb,2023,401525847,Kansas,attribution_only,dip_restore,0.0,game_unusable,cfbd_matches_neither
1059b9b4b968e1f7,b44fd14e8de508eb,2022,401403915,Vanderbilt,attribution_only,dip_restore,0.0,corroborated,corroborated
1059ebb25491c190,97f554ec19d03943,2019,401112488,Georgia Tech,points_recovery,dip_restore,7.0,game_unusable,cfbd_matches_neither
10af26b5e358fed4,87556fb31a54a356,2025,401761589,Charlotte,attribution_only,final_cap,0.0,game_unusable,cfbd_matches_neither
10b792545eacdd6c,3d33a23e3781a4dd,2024,401636876,Oklahoma State,attribution_only,dip_restore,0.0,corroborated,corroborated
10ee34f92562e0fe,79bde13be8f75560,2017,400938663,UTEP,attribution_only,dip_restore,0.0,corroborated,corroborated
110e4b8e776af691,e75004c46eff3582,2025,401752833,Rutgers,attribution_only,dip_restore,0.0,game_unusable,cfbd_supports_baseline
11797861de730c1c,6812fe9a0edd777d,2015,400763466,Oklahoma,attribution_only,dip_restore,0.0,corroborated,corroborated
117b1c63d01ca29d,5b4a1dc721702cf3,2025,401762862,Akron,attribution_only,category_possession_reassignment,0.0,corroborated,corroborated
119b072c3edf0f3c,08f57559aebe62ea,2021,401282680,Louisville,attribution_only,category_possession_reassignment,0.0,game_unusable,cfbd_matches_neither
11b15c746da0e2a4,a55d17a8b6b6f931,2022,401426615,Florida Atlantic,points_recovery,incomplete_stream,24.0,game_unusable,cfbd_matches_neither
11cf558b826042c0,abc97417601a0ba2,2024,401634169,Purdue,attribution_only,dip_restore,0.0,corroborated,corroborated
11d08c59fa9a459e,36505c725ae1ad2e,2025,401757287,Delaware,attribution_only,dip_restore,0.0,game_unusable,cfbd_supports_baseline
11d20384607fefb1,c4184afdb76d4c56,2025,401778327,USC,attribution_only,category_possession_reassignment,0.0,game_unusable,cfbd_matches_neither
11eb2e8fc6800495,f7737455be34f218,2024,401641032,New Mexico State,attribution_only,dip_restore,0.0,game_unusable,cfbd_matches_neither
11f12df059c3d71d,9c0d3e0f29789257,2018,401012880,Michigan State,attribution_only,dip_restore,0.0,corroborated,corroborated
1201d8a533d68174,792e5d0207136f80,2023,401520438,Indiana,attribution_only,dip_restore,0.0,game_unusable,cfbd_matches_neither
12338ab35c1a2241,14937ce210b0537c,2019,401183793,Air Force,attribution_only,dip_restore,0.0,cfbd_matches_neither,cfbd_matches_neither
123edfa6b75560f7,0530bdaf7bbd1579,2025,401762458,UAB,attribution_only,dip_restore,0.0,corroborated,corroborated
126f185591006004,d95a0ab53abf6566,2025,401760366,Idaho State,points_recovery,dip_restore,6.0,game_unusable,cfbd_matches_neither
1270abd8daec5eff,387e5a425d83ce43,2017,400944898,Toledo,attribution_only,dip_restore,0.0,corroborated,corroborated
129466b9930d2ca9,1d74c6c695b656b0,2024,401635532,Clemson,attribution_only,dip_restore,0.0,corroborated,corroborated
1294a99dfe5efcdd,49f050651870b3e4,2019,401114333,Army,attribution_only,dip_restore,0.0,game_unusable,corroborated
1295af7b44a6b898,5b8591daf3913201,2024,401643752,Boise State,attribution_only,dip_restore,0.0,corroborated,corroborated
12a389349d15c44c,1ea7df5d16deaad8,2023,401525542,Georgia Tech,points_reduction,category_possession_reassignment,-7.0,game_unusable,cfbd_supports_baseline
12a3e9ed21e3b369,15498142857476cd,2024,401636616,Tulane,attribution_only,incomplete_stream,0.0,game_unusable,cfbd_matches_neither
12a93325d51b68e4,e96beccb38b915d7,2023,401532408,Delaware State,attribution_only,dip_restore,0.0,game_unusable,cfbd_supports_baseline
12d96575e11edc9a,b20bdb57e04a6d43,2024,401634305,Pittsburgh,attribution_only,dip_restore,0.0,game_unusable,corroborated
12e1ac5109e1579d,bb00852a39ff8e06,2021,401310729,San Jose State,attribution_only,dip_restore,0.0,game_unusable,corroborated
12ee05386cd4e29d,3125d6708b96aae6,2023,401531893,James Madison,attribution_only,dip_restore,0.0,game_unusable,corroborated
132baa7e8575c4d8,0a4d18e0fef105ba,2022,401415251,San Jose State,points_recovery,incomplete_stream,14.0,game_unusable,corroborated
132dd8964f8869a0,8d7efd0fb812f70b,2021,401282674,Miami,attribution_only,category_possession_reassignment,0.0,game_unusable,cfbd_matches_neither
132fa5e4dbe6ed47,973a34294027a3a5,2025,401778302,Washington,attribution_only,dip_restore,0.0,game_unusable,cfbd_matches_neither
13366389b5d622df,450927eeaf144991,2025,401754556,Wake Forest,attribution_only,dip_restore,0.0,corroborated,corroborated
135bd56809e9c854,85e0dabadad93d99,2025,401762485,UT San Antonio,attribution_only,other,0.0,game_unusable,cfbd_matches_neither
13a07805e127494f,5738c4fadaa55d0a,2021,401282091,Florida,attribution_only,dip_restore,0.0,corroborated,corroborated
13e3e7c4174de754,a3c8c7e743b1ad04,2015,400787268,Nevada,attribution_only,dip_restore,0.0,corroborated,corroborated
13f6b924e112b7f9,9d8ccfdbdde514f8,2016,400869490,Boston College,attribution_only,dip_restore,0.0,corroborated,corroborated
1404d3fb56661a54,b04160d6e2258e7a,2021,401309891,Oregon State,points_reduction,restoration_gt8,-1.0,game_unusable,cfbd_supports_baseline
1416c9245460d6eb,2bd27fa153a12a87,2022,401411103,North Carolina,attribution_only,dip_restore,0.0,game_unusable,corroborated
142194200b9a156c,13913c97cfda2ebf,2024,401644757,Buffalo,points_recovery,restoration_gt8,14.0,game_unusable,corroborated
146f7e0a0ed726da,457fb1e1b9bc20ec,2023,401531893,Marshall,attribution_only,final_cap,0.0,game_unusable,cfbd_matches_neither
149fb7307e61829d,77315373f0351dd3,2024,401628509,Wisconsin,attribution_only,dip_restore,0.0,corroborated,corroborated
14e1ca4436f277ca,f9893777a24bbb47,2024,401644746,Central Michigan,attribution_only,dip_restore,0.0,game_unusable,cfbd_matches_neither
151b36354823378b,7c0e39d74cae2689,2021,401282715,Illinois,points_recovery,incomplete_stream,7.0,game_unusable,corroborated
153cc3fabfe5e38f,a091e8d7c341f446,2016,400869289,Ohio,attribution_only,dip_restore,0.0,corroborated,corroborated
155c43fd9a3b4b91,10898e37750d022b,2024,401635615,Duke,attribution_only,dip_restore,0.0,game_unusable,corroborated
157c9c546621f0b6,4f843bbec579dbd2,2017,400935243,Cincinnati,attribution_only,dip_restore,0.0,corroborated,corroborated
158083942ddec5eb,2486054cda19cec5,2022,401404110,Oklahoma State,attribution_only,dip_restore,0.0,corroborated,corroborated
159c1b96bbba540f,d17fbed7704fa59e,2024,401644729,Bowling Green,attribution_only,restoration_gt8,0.0,game_unusable,corroborated
15ae67709137d341,c9649a8232bad975,2024,401644741,Western Michigan,attribution_only,dip_restore,0.0,corroborated,corroborated
15d2c47d7f4af164,5518dc16c5cb3fbd,2021,401309850,Oregon,attribution_only,dip_restore,0.0,corroborated,corroborated
15d35f9e77f7e32d,3e5d88d7372a0be8,2021,401301020,Tulsa,attribution_only,dip_restore,0.0,corroborated,corroborated
15d7c3bd78a5190a,69a6d70c36d8ebe4,2023,401525822,Oklahoma,attribution_only,dip_restore,0.0,corroborated,corroborated
15d8e32ee8257015,b31089fc2fd01477,2022,401415223,BYU,attribution_only,dip_restore,0.0,corroborated,corroborated
15fbd4a0ccf22ea2,dae024ece5e898df,2022,401415226,Utah State,attribution_only,dip_restore,0.0,corroborated,corroborated
15ffabfedf58200e,d46fa10b537ab7d0,2023,401532454,Miami (OH),attribution_only,restoration_gt8,0.0,game_unusable,corroborated
1605f0651e0deef9,ea30171180ae996d,2023,401520242,Purdue,attribution_only,dip_restore,0.0,game_unusable,cfbd_matches_neither
16154158635554d9,56ca950ef75701bd,2022,401403983,Washington,attribution_only,dip_restore,0.0,corroborated,corroborated
162d9bcc5f693712,bc953095cef5d634,2024,401641007,Louisiana Tech,attribution_only,dip_restore,0.0,corroborated,corroborated
1637340fc0ed07b6,294c5e27a8713576,2022,401404109,Kansas State,points_recovery,incomplete_stream,7.0,game_unusable,cfbd_supports_baseline
1645539c55eccfa9,ea81db3cbf7ba040,2023,401524038,Arizona State,attribution_only,dip_restore,0.0,corroborated,corroborated
1673d7a63c468d74,193e1031398d5c64,2022,401404064,Iowa,attribution_only,dip_restore,0.0,corroborated,corroborated
169bfd2045061247,c5f2de83376d613e,2022,401411114,Virginia Tech,points_recovery,incomplete_stream,27.0,game_unusable,cfbd_matches_neither
169d5286e0a0454e,186ababba786abf4,2023,401520206,Middle Tennessee,attribution_only,dip_restore,0.0,corroborated,corroborated
16a1256ebea734cd,06cb3f05706a2d4d,2022,401403968,California,attribution_only,dip_restore,0.0,corroborated,corroborated
16b36fe00bf71eab,249f3d9096efc02d,2023,401525889,Kansas State,attribution_only,dip_restore,0.0,corroborated,corroborated
16b3b9aa9693cf01,59ddbfb7c9245c84,2023,401525837,Kansas,attribution_only,dip_restore,0.0,game_unusable,cfbd_supports_baseline
16cef66d2a79b402,d63260e9f1873c06,2018,401021655,Louisiana Monroe,attribution_only,dip_restore,0.0,corroborated,corroborated
16e466cf9a04a62d,55ca825e71df39f4,2019,401121943,Coastal Carolina,attribution_only,dip_restore,0.0,corroborated,corroborated
16f56e210b87c418,854e8145ca9354e5,2025,401752802,Michigan State,attribution_only,dip_restore,0.0,game_unusable,cfbd_matches_neither
177bcfad833c0f77,932d93f6d8ae4579,2021,401287937,Oklahoma State,attribution_only,dip_restore,0.0,corroborated,corroborated
17ea37ac76ee0299,525da5bf65a609e3,2023,401523997,Boise State,attribution_only,dip_restore,0.0,game_unusable,corroborated
180bc705a8d83f8d,bae5ecb72b5cbda3,2025,401757221,Louisiana Tech,attribution_only,dip_restore,0.0,corroborated,corroborated
180cfafed8e5359b,70feec1025130ae2,2017,400938652,UTEP,attribution_only,dip_restore,0.0,corroborated,corroborated
1813c38ef656abde,f51754212d65e305,2025,401752854,Oregon,points_recovery,incomplete_stream,30.0,game_unusable,cfbd_matches_neither
1819065eee011112,e7ac85161697db91,2023,401525816,UCF,attribution_only,dip_restore,0.0,game_unusable,cfbd_matches_neither
1821a94a245f129f,d50c0e28338357f2,2023,401551764,Kansas State,attribution_only,dip_restore,0.0,corroborated,corroborated
18435857afd4e4fa,312152a4962c513b,2017,400935278,Oregon,attribution_only,dip_restore,0.0,corroborated,corroborated
184c86cf5941a371,758644c132c84aa3,2025,401760396,Utah State,attribution_only,final_cap,0.0,game_unusable,indistinguishable_at_drive_level
187631df3655be17,3027d549eb40578b,2023,401525862,Houston,attribution_only,dip_restore,0.0,game_unusable,cfbd_matches_neither
187b1f769490c49a,a84fbbd8e8640433,2023,401520222,Liberty,attribution_only,dip_restore,0.0,game_unusable,cfbd_matches_neither
1884ab2f406c423b,85cb4c92c107175b,2021,401282212,UTEP,attribution_only,dip_restore,0.0,corroborated,corroborated
18dcbb39fb038103,ad718c90afa2558d,2025,401752798,USC,attribution_only,dip_restore,0.0,corroborated,corroborated
18fd4b65bf0f5bd7,945b4e413bca14a3,2025,401761632,Texas State,points_recovery,incomplete_stream,37.0,game_unusable,cfbd_matches_neither
19103dffebd8aee9,e5a31813d5e0ef5b,2025,401754591,Clemson,attribution_only,dip_restore,0.0,game_unusable,cfbd_matches_neither
193a98b53978a313,b0514012568a074a,2017,400945249,Western Carolina,attribution_only,final_cap,0.0,game_unusable,cfbd_matches_neither
194793eeebbb9c5e,54f32e8fee8159f7,2024,401628557,Northwestern,attribution_only,category_possession_reassignment,0.0,game_unusable,cfbd_matches_neither
19624bbdb7de551c,f017c40d3e36796b,2022,401411152,Louisville,attribution_only,dip_restore,0.0,corroborated,corroborated
19707b581c81c8a9,85e2433213dcf8f7,2021,401309540,Western Illinois,attribution_only,dip_restore,0.0,corroborated,corroborated
199f021460157334,664bbea830943ee5,2021,401308839,Ohio,attribution_only,dip_restore,0.0,corroborated,corroborated
19af5648b140aa60,5357ece5a70a9d9f,2016,400869319,Kent State,attribution_only,dip_restore,0.0,game_unusable,corroborated
19cf38ad628db839,9da602d2a999cfb2,2016,400869313,Toledo,attribution_only,dip_restore,0.0,corroborated,corroborated
19fc30e4cfe9510d,27eb0d2288cecfba,2021,401282139,Vanderbilt,attribution_only,dip_restore,0.0,corroborated,corroborated
1a0d060074d4648f,72ede449aba2879c,2025,401769074,Indiana,points_recovery,incomplete_stream,35.0,game_unusable,cfbd_matches_neither
1a0eb39f05293954,ed7e2bb2df9b4118,2025,401756906,UCF,attribution_only,dip_restore,0.0,game_unusable,cfbd_matches_neither
1a115a32f4d59d77,ab776370e67a6b72,2024,401643698,Sacramento State,attribution_only,dip_restore,0.0,corroborated,corroborated
1a17d67158bd69d8,0a563febdb092161,2025,401754529,Pittsburgh,attribution_only,dip_restore,0.0,game_unusable,corroborated
1a2462d3023cd072,d64393efa0bec997,2022,401415666,Memphis,attribution_only,dip_restore,0.0,corroborated,corroborated
1a48c41374296610,b34e61b5c1098732,2016,400869558,SMU,attribution_only,dip_restore,0.0,corroborated,corroborated
1a4932c461022673,cb9d0cc97cbe7613,2022,401405097,Maryland,attribution_only,dip_restore,0.0,game_unusable,cfbd_matches_neither
1a747a232d413c2c,9d4255b9abc9680f,2023,401525542,Virginia,attribution_only,dip_restore,0.0,game_unusable,corroborated
1ab688d3f34812d1,836b1953d636f567,2022,401415219,Hawai_i,attribution_only,dip_restore,0.0,game_unusable,cfbd_matches_neither
1ac4bc48257adf7e,38741e309ec12f3d,2025,401752850,Illinois,attribution_only,dip_restore,0.0,corroborated,corroborated
1ac94688cca36ab2,722950b3afce0f1c,2022,401421117,Nicholls,points_recovery,incomplete_stream,7.0,game_unusable,corroborated
1aeaf7b8fe172445,987e73171f4604d5,2023,401531883,Texas State,attribution_only,dip_restore,0.0,game_unusable,cfbd_matches_neither
1aee1e2e680e95cb,77a35ce62c5cca84,2024,401640980,Florida Atlantic,attribution_only,dip_restore,0.0,corroborated,corroborated
1af958e6a900c9b3,45834a36437e2653,2021,401309589,Ohio,attribution_only,dip_restore,0.0,game_unusable,cfbd_matches_neither
1afc2b5a968da445,9fe35277b712e02c,2025,401752820,Middle Tennessee,attribution_only,dip_restore,0.0,game_unusable,cfbd_matches_neither
1b13371f81b333d6,e67a330b6c80d28e,2021,401282110,Tennessee,attribution_only,dip_restore,0.0,corroborated,corroborated
1b306377fd3fd990,80b4d4d4a5760ee8,2021,401282237,Louisiana Tech,points_recovery,incomplete_stream,16.0,game_unusable,cfbd_matches_neither
1b82a1beab8e8bb0,1de44bedb2d25b9e,2015,400764870,Cincinnati,attribution_only,dip_restore,0.0,corroborated,corroborated
1b8ec50cfe760660,e3263ded62455445,2024,401636893,Arizona,attribution_only,dip_restore,0.0,corroborated,corroborated
1b98f0d081331c74,b18df8e9a1f5504d,2025,401761620,Arkansas State,attribution_only,dip_restore,0.0,game_unusable,cfbd_matches_neither
1bae990fa71dbb10,cfec772d121ac375,2021,401282121,Mississippi State,attribution_only,other,0.0,game_unusable,cfbd_matches_neither
1bafb671bc525bf1,2fe545876b4d8b8e,2022,401404010,Oregon State,attribution_only,dip_restore,0.0,corroborated,corroborated
1bec2dba53444d6b,260ac9043fe34dca,2022,401415616,SMU,points_recovery,incomplete_stream,14.0,game_unusable,cfbd_matches_neither
1c3a5522a83232ae,b98357660eee81ff,2025,401762839,Central Michigan,attribution_only,dip_restore,0.0,corroborated,corroborated
1c4647ea708a49e4,a3691fca754e050f,2022,401415225,San Jose State,attribution_only,restoration_gt8,0.0,game_unusable,cfbd_matches_neither
1c53dad93da0c171,46c79152a4958710,2015,400787448,Appalachian State,attribution_only,dip_restore,0.0,game_unusable,corroborated
1c7884144060b8c0,d6110b29728ea9bd,2025,401761596,Lindenwood,attribution_only,dip_restore,0.0,corroborated,corroborated
1c79b56621196c20,ab650f0efaf181f8,2024,401635557,TCU,attribution_only,dip_restore,0.0,game_unusable,corroborated
1c7aa22bd2853bca,6c9cfef878030341,2022,401404031,Washington,attribution_only,dip_restore,0.0,corroborated,corroborated
1c7ad7334b224b6f,81b709ecef158ffd,2024,401628404,LSU,attribution_only,dip_restore,0.0,game_unusable,cfbd_matches_neither
1c9b8e4cc217d429,06e9d9dd258a28f3,2025,401754521,SMU,attribution_only,dip_restore,0.0,game_unusable,cfbd_matches_neither
1c9d3d985c358bd0,786c0279e4be4698,2022,401415262,Colorado State,attribution_only,dip_restore,0.0,corroborated,corroborated
1ceb8a932a1bc1c5,b6901a6d02d3670e,2024,401645353,Charlotte,attribution_only,dip_restore,0.0,corroborated,corroborated
1cee9bd40f7ec3e5,f3e2ec6e2c4756e6,2024,401644745,Toledo,attribution_only,final_cap,0.0,game_unusable,cfbd_matches_neither
1d057009aa933bb5,8cc4860ce8902fbe,2021,401309858,Stanford,points_reduction,category_possession_reassignment,-7.0,game_unusable,corroborated
1d24ec0b32cb6dff,afb1a89a73beb861,2021,401282262,Florida International,attribution_only,dip_restore,0.0,game_unusable,cfbd_matches_neither
1d270688a0523e5f,1aaf2fd78afe7ed2,2024,401636613,Texas Tech,attribution_only,final_cap,0.0,game_unusable,cfbd_matches_neither
1d2a2bcbb0273bb5,0450fb0013d0275e,2021,401309633,Appalachian State,points_reduction,category_possession_reassignment,-1.0,game_unusable,cfbd_supports_baseline
1d332a7b1718f678,998d1723d480a815,2015,400603881,LSU,attribution_only,dip_restore,0.0,corroborated,corroborated
1d34f978e0b2aa39,9fb3a26d6b6e9df0,2016,400869853,South Alabama,points_recovery,incomplete_stream,31.0,game_unusable,cfbd_matches_neither
1d383424bf0213aa,a0687b63713c16f6,2022,401403994,Washington,attribution_only,dip_restore,0.0,corroborated,corroborated
1d41aeb9ec9b4d0b,501c597177aef7c6,2017,400945305,Nevada,attribution_only,dip_restore,0.0,game_unusable,corroborated
1d457ef31f75312e,b58523af329cfcee,2024,401636607,Utah,attribution_only,dip_restore,0.0,corroborated,corroborated
1d55d80acf8b8ba3,bf3bbabbe951763c,2015,400787470,Appalachian State,attribution_only,dip_restore,0.0,corroborated,corroborated
1d74eb3b0295698b,9cf945ccd287abdd,2025,401762494,Memphis,attribution_only,dip_restore,0.0,game_unusable,cfbd_matches_neither
1d780cadd7d6a749,83f40ccabc52971e,2023,401531346,East Carolina,attribution_only,dip_restore,0.0,corroborated,corroborated
1d948a905e9ec023,9a6b091c03ccc62d,2025,401754554,Virginia,points_recovery,incomplete_stream,30.0,game_unusable,cfbd_matches_neither
1da0962e3ea90dde,ae1e69183715fa44,2016,400869171,Oregon State,attribution_only,dip_restore,0.0,corroborated,corroborated
1dade4e9f947f2e0,f6bbacf3a700bf42,2015,400763601,Florida International,attribution_only,dip_restore,0.0,corroborated,corroborated
1dda6bec034359e9,3992a5fcef4797d0,2023,401520305,Missouri,attribution_only,dip_restore,0.0,corroborated,corroborated
1de853427db12656,3739aa86533a62ed,2017,400941826,Cincinnati,attribution_only,dip_restore,0.0,game_unusable,corroborated
1df3c1b48f4410c8,e77b9406b267115e,2024,401645358,UAB,attribution_only,dip_restore,0.0,corroborated,corroborated
1df94a04144af874,3b3a21e795cbf7ac,2025,401752879,Maryland,attribution_only,category_possession_reassignment,0.0,game_unusable,corroborated
1e101ab51c294ea9,538a5345044d1c6d,2025,401756906,Kansas State,attribution_only,final_cap,0.0,game_unusable,indistinguishable_at_drive_level
1e294ad1547408de,41217ca8a3475b76,2025,401757264,Marshall,attribution_only,dip_restore,0.0,game_unusable,corroborated
1e4352ed54d46f60,fcbe2a3b70fcbaff,2025,401762482,Florida Atlantic,attribution_only,dip_restore,0.0,corroborated,corroborated
1e50a66d813b1fde,8a1fe390c0c5c579,2025,401757224,Sam Houston State,attribution_only,dip_restore,0.0,game_unusable,cfbd_supports_baseline
1e5fb5d78c980b1c,cbd9b908632c1fcd,2025,401756927,Baylor,attribution_only,dip_restore,0.0,game_unusable,cfbd_matches_neither
1e712048db3336be,e1f81c783e5080d6,2017,400935300,Arizona,attribution_only,dip_restore,0.0,game_unusable,cfbd_matches_neither
1e7256b11502aeb8,4f5aa3f942eea2c3,2024,401636943,Cincinnati,attribution_only,dip_restore,0.0,corroborated,corroborated
1e952aa473b6f64f,bf4461d074f2abd5,2024,401641021,Kennesaw State,attribution_only,dip_restore,0.0,game_unusable,cfbd_matches_neither
1e9ace770b1692f4,aec5424a4681f7eb,2022,401404003,Arizona State,attribution_only,dip_restore,0.0,corroborated,corroborated
1e9dde997130ad72,a1e92b5c5a25c08f,2023,401525557,Syracuse,attribution_only,final_cap,0.0,game_unusable,cfbd_matches_neither
1e9f99b2e8605be2,b11c327f686c125b,2024,401628584,Duke,attribution_only,category_possession_reassignment,0.0,game_unusable,indistinguishable_at_drive_level
1eadf882f67ea961,d934b11f399a1efa,2018,401012890,SMU,attribution_only,other,0.0,game_unusable,cfbd_matches_neither
1eb97fe2583596e0,8e9f1170c0bf516a,2023,401525864,Kansas,attribution_only,dip_restore,0.0,corroborated,corroborated
1ee654145e77dceb,ad608c8b3f8641b1,2015,400756886,Eastern Washington,attribution_only,dip_restore,0.0,corroborated,corroborated
1f167e407f2de26e,b387dbd07a8fe9b0,2015,400763457,Kansas State,attribution_only,dip_restore,0.0,game_unusable,corroborated
1f2f96a3865ace60,bc6257d14a4ccffa,2022,401404121,Kansas State,attribution_only,dip_restore,0.0,game_unusable,cfbd_matches_neither
1f3c15b889551612,c956a53d4e8b9d3f,2021,401301035,East Carolina,attribution_only,dip_restore,0.0,game_unusable,corroborated
1f5a938dd9f6ca08,5abf8383d30c9dba,2025,401761627,Texas State,points_recovery,incomplete_stream,41.0,game_unusable,cfbd_matches_neither
1f5e54e4d9e74fa8,61c83a365238a011,2025,401762517,Tulsa,attribution_only,category_possession_reassignment,0.0,corroborated,corroborated
1f65107906946ede,aa067e4847b1fb1c,2022,401404041,Stanford,attribution_only,dip_restore,0.0,corroborated,corroborated
1f80d0d0f24cdd5b,5691cc79aaa3b1da,2022,401404000,USC,attribution_only,dip_restore,0.0,game_unusable,cfbd_matches_neither
1f956199713ccdc3,de93da1a4777e1fd,2024,401635608,Duke,attribution_only,dip_restore,0.0,corroborated,corroborated
1fa3078991e8e617,5999d1b624d9b075,2017,400945307,Fresno State,attribution_only,dip_restore,0.0,game_unusable,corroborated
1fa84e1b547c0b74,5d138387d9ec3e22,2021,401282109,Vanderbilt,attribution_only,dip_restore,0.0,game_unusable,corroborated
1fb3eda89cbb4abc,69e61fbb66d4d28f,2022,401415251,Colorado State,points_recovery,incomplete_stream,10.0,game_unusable,cfbd_matches_neither
1fe153aed540ce7d,456c24200ae70a2a,2025,401762839,Bowling Green,attribution_only,dip_restore,0.0,corroborated,corroborated
2009158588138b0f,90403a2d24c779d2,2023,401532399,Morgan State,attribution_only,dip_restore,0.0,game_unusable,corroborated
20199846a7c5ced3,54cc83dc830ebcdc,2023,401523987,Southern Utah,attribution_only,dip_restore,0.0,corroborated,corroborated
202c061667fd7d05,d0100a481969d625,2016,400869503,Maine,attribution_only,dip_restore,0.0,game_unusable,corroborated
20311e109ede688d,2d356ccaaf6002d4,2024,401636926,Iowa State,attribution_only,dip_restore,0.0,corroborated,corroborated
20373a1ee1a066dc,14d86314e24d54e0,2019,401114247,Charlotte,attribution_only,dip_restore,0.0,game_unusable,corroborated
2037a0f2c03fdcc7,9a1f3f6924dfda64,2025,401756907,Baylor,attribution_only,other,0.0,game_unusable,cfbd_supports_baseline
20428a8c4ff71c5c,dff633c3a11d127f,2022,401403994,Michigan State,attribution_only,dip_restore,0.0,corroborated,corroborated
2057d2c987f19292,3569ca7ca33fea7e,2023,401520445,Navy,attribution_only,final_cap,0.0,game_unusable,indistinguishable_at_drive_level
207576337d019d41,a16de2a5fc231961,2021,401282691,Duke,attribution_only,dip_restore,0.0,corroborated,corroborated
2094332e353411b9,56ff0fc04709d77b,2023,401520290,Rutgers,attribution_only,dip_restore,0.0,corroborated,corroborated
2099a20c3d976e48,0457ffdf05ed4836,2023,401526837,Toledo,attribution_only,dip_restore,0.0,corroborated,corroborated
209d7840c11d81f2,aa74a2f2a8764b7c,2024,401628515,Oregon,attribution_only,dip_restore,0.0,corroborated,corroborated
20bcdb4fc5fb3dc5,2ef348db0ff115c3,2023,401551752,Boise State,attribution_only,dip_restore,0.0,corroborated,corroborated
20c5fe113ceff790,1559ca5cfb02b0a0,2024,401643751,Fresno State,attribution_only,dip_restore,0.0,corroborated,corroborated
20dafd2643099759,e27c5e358e40b86a,2024,401645340,Charlotte,attribution_only,dip_restore,0.0,game_unusable,corroborated
20edf7e231cea218,df9a0a2d650a1917,2022,401415211,Tulsa,attribution_only,dip_restore,0.0,game_unusable,corroborated
20f416bd4486ddc9,734b1db1aecfd2e8,2018,401013438,Utah State,attribution_only,dip_restore,0.0,game_unusable,corroborated
2112ccfeb838d1f7,89ae3c6d673aa99b,2021,401282777,Michigan,attribution_only,dip_restore,0.0,game_unusable,cfbd_matches_neither
21201fa2be2f3423,773724d178983702,2024,401641033,Fresno State,attribution_only,dip_restore,0.0,corroborated,corroborated
2125e680f71fa290,c02fe584d0de49b8,2025,401754533,Stanford,attribution_only,dip_restore,0.0,corroborated,corroborated
215a1efe6812ff3d,c8aa58ab22376f7f,2021,401282616,Duke,attribution_only,dip_restore,0.0,corroborated,corroborated
2160b17acbb9b728,c2ae74719b522040,2022,401404115,Iowa State,points_recovery,incomplete_stream,10.0,game_unusable,cfbd_matches_neither
21875bc87328075b,76ec407b409e19be,2025,401762500,UT San Antonio,attribution_only,dip_restore,0.0,game_unusable,indistinguishable_at_drive_level
218b6e45cf6698da,623c13ab84ccd51d,2018,401012327,Alabama,attribution_only,dip_restore,0.0,corroborated,corroborated
218da24872c4d1b7,dd56c17e2afbfebe,2021,401282105,Kentucky,attribution_only,dip_restore,0.0,game_unusable,corroborated
219d73771f433bbc,cc8254ab130fb14f,2017,400941839,South Florida,attribution_only,other,0.0,game_unusable,cfbd_matches_neither
21afc088736c7261,662f90f41c698abf,2025,401754600,North Carolina,attribution_only,category_possession_reassignment,0.0,corroborated,corroborated
21bc1157fe0fae79,0ca48d503792f4e9,2022,401426591,UT San Antonio,attribution_only,dip_restore,0.0,corroborated,corroborated
21c700991cfc75a2,d2c00250e139611a,2023,401532445,Akron,attribution_only,dip_restore,0.0,game_unusable,corroborated
21df6c64c41d5a56,2f05dc12549feea2,2016,400869067,Texas A&M,points_recovery,dip_restore,6.0,corroborated,corroborated
21ec6cfe523f371d,b87ed40ea11ab72a,2022,401415213,San Jose State,attribution_only,dip_restore,0.0,game_unusable,corroborated
21eff3e7611e3980,809b4d8f4a9fd6c4,2021,401287903,Boise State,points_recovery,incomplete_stream,20.0,game_unusable,cfbd_matches_neither
22052c6be8e4f7d6,350713f22a64ffc5,2025,401762461,Western Michigan,points_recovery,incomplete_stream,30.0,game_unusable,cfbd_matches_neither
220598ef3b996023,646124a5306e7053,2022,401415024,East Carolina,attribution_only,dip_restore,0.0,game_unusable,cfbd_matches_neither
221b493d8f619e30,a37f75cd7dd42843,2022,401426371,Coastal Carolina,attribution_only,dip_restore,0.0,corroborated,corroborated
22394fd7da595b6d,5845a882505b771a,2021,401310697,Montana State,attribution_only,dip_restore,0.0,game_unusable,corroborated
223e59187af17afa,62e8c236116c6a4b,2024,401635558,Virginia,attribution_only,dip_restore,0.0,corroborated,corroborated
2262aabe48c05d7a,27952d814013bf19,2024,401628452,Michigan,attribution_only,dip_restore,0.0,corroborated,corroborated
226d172f6b0f1701,70275b74834941f5,2022,401411092,Pittsburgh,attribution_only,dip_restore,0.0,game_unusable,corroborated
229a8d1e47808902,778ac81b3a262479,2016,400869244,Wyoming,attribution_only,dip_restore,0.0,game_unusable,cfbd_matches_neither
22ab690a8bda0113,e76863ba1e2bdd96,2022,401426332,Gardner-Webb,attribution_only,dip_restore,0.0,game_unusable,cfbd_matches_neither
22c05c5995f8a6c9,c2fc0ae39403d65a,2021,401309853,Northern Arizona,attribution_only,final_cap,0.0,game_unusable,cfbd_matches_neither
22db1d4338a4db6b,c302229913648346,2025,401760368,Air Force,attribution_only,dip_restore,0.0,game_unusable,cfbd_matches_neither
2308fa15c674b213,f1ab56ce808cdc0b,2025,401752667,Auburn,attribution_only,dip_restore,0.0,game_unusable,cfbd_matches_neither
2356f4b933272ea2,dd5d3513d914406d,2015,400764869,UMass,attribution_only,dip_restore,0.0,corroborated,corroborated
23604c722ff7a303,852842e7b6bd0366,2025,401756922,Arizona State,attribution_only,dip_restore,0.0,game_unusable,cfbd_matches_neither
236c919b3ba521a2,83432567d810f495,2021,401282218,Rice,attribution_only,incomplete_stream,0.0,game_unusable,cfbd_matches_neither
236cfbc5e51dea3c,6a51e1db1d3c6954,2025,401754530,California,attribution_only,dip_restore,0.0,game_unusable,cfbd_matches_neither
2378fca12ff8e91a,4e99e0a47916aae7,2025,401762823,Gardner-Webb,attribution_only,dip_restore,0.0,corroborated,corroborated
237b8a816b6c2899,b35e08f458b490e2,2022,401415272,Nevada,attribution_only,dip_restore,0.0,game_unusable,cfbd_matches_neither
2385c658c4295a20,6e6a0340e3c1bdf9,2022,401411091,Florida A&M,attribution_only,dip_restore,0.0,game_unusable,corroborated
238c3c22a8caf33a,49ffbc2f15db4e4f,2023,401532444,Northern Illinois,attribution_only,dip_restore,0.0,corroborated,corroborated
238d51d53174b071,439b20b135e27324,2017,400945005,Eastern Michigan,attribution_only,final_cap,0.0,game_unusable,cfbd_matches_neither
23930c6da9ae79e1,f0612d71bc718d58,2022,401415218,UT Martin,attribution_only,final_cap,0.0,game_unusable,cfbd_matches_neither
239cd314dac1a1e0,926c61447d5f2e70,2022,401443542,Pittsburgh,attribution_only,dip_restore,0.0,corroborated,corroborated
23c29cf098f7d6e4,78c47b19da161fe7,2025,401778325,Coastal Carolina,attribution_only,dip_restore,0.0,game_unusable,corroborated
23da9b34f068fb50,f783ec1fba42adf7,2017,400938665,Western Kentucky,points_recovery,restoration_gt8,6.0,game_unusable,corroborated
23e90803f11e695f,cf641dd552d05151,2025,401757285,Kennesaw State,attribution_only,dip_restore,0.0,game_unusable,cfbd_matches_neither
2424e8f9df93cfb9,45df36c1e424f2d7,2024,401643714,San Jose State,attribution_only,category_possession_reassignment,0.0,game_unusable,cfbd_matches_neither
2430328d27e465b4,159c36dae91fbbd6,2023,401520189,Florida International,attribution_only,restoration_gt8,0.0,game_unusable,cfbd_matches_neither
24315ec1f7314403,4edf3204b0f80b8e,2025,401752741,Florida,attribution_only,dip_restore,0.0,corroborated,corroborated
24563bc28640c27a,c4dae376fb6fdd0c,2025,401757296,Florida International,attribution_only,dip_restore,0.0,indistinguishable_at_drive_level,indistinguishable_at_drive_level
247ab9c85cf2d6be,89c680e78f82c071,2025,401754516,Stanford,attribution_only,dip_restore,0.0,game_unusable,cfbd_matches_neither
2498efb747a60edc,2efa69ebe7294856,2017,400941835,Tulsa,attribution_only,dip_restore,0.0,corroborated,corroborated
249f50b47c9a9713,c212afdd659fa494,2023,401524044,Oregon,attribution_only,dip_restore,0.0,game_unusable,cfbd_matches_neither
24a5f2795e9373e3,0dcea259a6bc47ee,2023,401520189,North Texas,attribution_only,dip_restore,0.0,game_unusable,cfbd_matches_neither
24a5ffcb71e852ce,faf6c0c09633ff79,2022,401415267,Air Force,attribution_only,dip_restore,0.0,corroborated,corroborated
24a988c152e29690,ea19c239c5ecec47,2022,401404157,Liberty,attribution_only,dip_restore,0.0,game_unusable,cfbd_matches_neither
24ae483e810d94f8,5383fa2ed37859ba,2016,400869624,TCU,attribution_only,dip_restore,0.0,corroborated,corroborated
24c2da5a7d0e524d,2c3e538bec0a4327,2016,400868997,Alabama,attribution_only,dip_restore,0.0,corroborated,corroborated
24c316498ed7325d,f897e65bd049f35e,2025,401752889,Penn State,attribution_only,dip_restore,0.0,game_unusable,corroborated
24c6738d9887177e,f224de16078f61dc,2017,400933892,South Carolina,attribution_only,dip_restore,0.0,game_unusable,cfbd_matches_neither
24c7400ce727629b,8ada2520a13a7f62,2024,401644757,Akron,attribution_only,dip_restore,0.0,game_unusable,cfbd_supports_baseline
24c7e908d3a2abb4,b8163c0d62c5887c,2024,401641038,Western Kentucky,points_recovery,incomplete_stream,28.0,game_unusable,cfbd_matches_neither
24eaedb3e5870eab,28b356c21cda1eb6,2025,401757220,Liberty,attribution_only,dip_restore,0.0,corroborated,corroborated
24f58316b7c92089,242b3e54a09f7f75,2024,401645378,Army,attribution_only,dip_restore,0.0,corroborated,corroborated
250537cab276ff67,0b9ded41f32fa41f,2025,401752954,James Madison,attribution_only,dip_restore,0.0,indistinguishable_at_drive_level,indistinguishable_at_drive_level
2507acb62c7e3a4f,805ce47c473b02da,2024,401643705,Air Force,attribution_only,dip_restore,0.0,corroborated,corroborated
253c6da2a7e0aa99,ab2f7109028dde76,2025,401754519,Louisville,attribution_only,dip_restore,0.0,corroborated,corroborated
255d0ae054703977,b089d2361a3f4aaf,2023,401525874,Oklahoma,points_reduction,category_possession_reassignment,-6.0,game_unusable,cfbd_supports_baseline
25795f0c9e3c3c8d,8f3f92df6a5baaf7,2021,401308834,Army,attribution_only,other,0.0,game_unusable,cfbd_matches_neither
257a5b955dabd9c1,7d5627b642b729ca,2025,401761621,South Alabama,points_recovery,incomplete_stream,24.0,game_unusable,cfbd_matches_neither
257d76c46d38f078,d37e2c5a676968dc,2017,400944890,Rhode Island,attribution_only,dip_restore,0.0,game_unusable,cfbd_matches_neither
258202f8b024fa32,71d7a25facc6234a,2025,401778302,Washington,attribution_only,category_possession_reassignment,0.0,game_unusable,cfbd_matches_neither
25bb7a8167ec4f1b,a241e812225d2aa8,2023,401551782,Liberty,attribution_only,final_cap,0.0,game_unusable,cfbd_matches_neither
25d9656ce1c2af06,7f3306be4668569d,2017,400937523,Florida State,attribution_only,dip_restore,0.0,corroborated,corroborated
25df6be8fed3e6df,0add93b547e777f1,2025,401754587,Miami,attribution_only,other,0.0,game_unusable,cfbd_matches_neither
25f4a9df049e9414,427072eb85013417,2025,401761627,Troy,points_recovery,incomplete_stream,48.0,game_unusable,cfbd_matches_neither
25fe724a1ba37720,7df0a82365b775c5,2025,401762793,Northern Illinois,attribution_only,dip_restore,0.0,corroborated,corroborated
260f68b7a3fd6c77,b873fb3c54c5a5bf,2024,401628338,Florida,attribution_only,dip_restore,0.0,corroborated,corroborated
2615b45a37e6934f,df0553f86f83f4cd,2024,401628428,Texas A&M,attribution_only,dip_restore,0.0,game_unusable,corroborated
262e94b39a8c669b,8e9c20bc4de2ef1a,2022,401416596,Buffalo,points_recovery,incomplete_stream,31.0,game_unusable,cfbd_matches_neither
2638105b28f50c92,95fe70529f756744,2024,401635517,Stanford,attribution_only,dip_restore,0.0,corroborated,corroborated
26466cdcb97eccc9,bf9defb4ee0466b8,2021,401282248,Florida International,attribution_only,dip_restore,0.0,game_unusable,corroborated
2655c96844717496,42a167313c6f8a91,2021,401282768,Maryland,attribution_only,category_possession_reassignment,0.0,game_unusable,cfbd_matches_neither
267738ed0c74b6e4,c16d6b746cdce6ec,2024,401628408,Georgia,attribution_only,dip_restore,0.0,corroborated,corroborated
268582c21e960910,8f7ca00ca1be5033,2017,400937533,NC State,attribution_only,dip_restore,0.0,corroborated,corroborated
268806b005062e2c,7575106fcc6c3ed6,2018,401019511,Connecticut,attribution_only,dip_restore,0.0,game_unusable,cfbd_matches_neither
268db8f26085b08c,25c8b9b4d9906bea,2019,401112504,Virginia,attribution_only,dip_restore,0.0,corroborated,corroborated
26b1e6e45e090644,aa589cf2ea9526ef,2021,401310700,New Mexico State,points_recovery,dip_restore,2.0,game_unusable,cfbd_supports_baseline
26bdfe76206fe6bb,01c3ae4e702fd442,2022,401416609,Akron,points_recovery,incomplete_stream,21.0,game_unusable,cfbd_matches_neither
26df84ed842e6eed,f8b8bd36c836760f,2025,401760373,Colorado State,attribution_only,dip_restore,0.0,corroborated,corroborated
26eb791c38ab1170,bc3b7053d7957c49,2016,400869171,Oregon State,attribution_only,dip_restore,0.0,corroborated,corroborated
2711e2f8eaa0cca6,fbfaae2722487470,2023,401525882,Kansas,attribution_only,dip_restore,0.0,game_unusable,corroborated
2717ea2dc932e0f7,ac1b22450ff90c13,2023,401525506,Louisville,attribution_only,dip_restore,0.0,corroborated,corroborated
2742bc3d39948f31,7c7f6aea5d9c44ca,2024,401635535,Jacksonville State,attribution_only,dip_restore,0.0,corroborated,corroborated
274d4dcc70e3507b,43ac59efb605c8c3,2025,401757175,Connecticut,attribution_only,dip_restore,0.0,game_unusable,cfbd_matches_neither
2769f3904b25e0fc,2e38d846698ffb39,2025,401757312,Western Kentucky,attribution_only,dip_restore,0.0,game_unusable,cfbd_matches_neither
2778edd9259def69,289105a980cd6988,2021,401310715,Colorado State,attribution_only,dip_restore,0.0,game_unusable,cfbd_matches_neither
279d146fe44f1862,57d66ee0bbbd214f,2023,401532454,Ball State,points_recovery,restoration_gt8,3.0,game_unusable,corroborated
27c71c877a64e33c,5010d0b86c8faeee,2023,401525555,Virginia,attribution_only,dip_restore,0.0,corroborated,corroborated
27e4f9b4525dd248,8355576a86b909b1,2016,400869530,SMU,attribution_only,dip_restore,0.0,game_unusable,corroborated
280e5db2fb05dfd0,5800485299cb632d,2021,401309858,UCLA,attribution_only,dip_restore,0.0,game_unusable,cfbd_matches_neither
28137dff04c0d5cf,a4d56518b8883585,2025,401752764,Vanderbilt,attribution_only,dip_restore,0.0,game_unusable,cfbd_matches_neither
2825dd7850bc07bc,af1cde2ee330288e,2025,401757168,Connecticut,attribution_only,dip_restore,0.0,corroborated,corroborated
28260e38e6382af7,413d27b2b84d230b,2021,401282681,Miami,attribution_only,dip_restore,0.0,game_unusable,corroborated
2829a6e1fb856900,71f3b5dc80915f21,2015,400603832,Kentucky,attribution_only,other,0.0,game_unusable,cfbd_matches_neither
283ff5e9e7cd025d,3da3e96fdbac384c,2017,400938606,North Carolina A&T,points_recovery,incomplete_stream,35.0,game_unusable,corroborated
286ab91a7c0b91b9,92060fc1ae346f6f,2022,401426565,Western Kentucky,attribution_only,dip_restore,0.0,game_unusable,cfbd_matches_neither
2898732151ddf6f9,8faa2e6b740057cc,2025,401757303,Western Kentucky,points_recovery,incomplete_stream,14.0,game_unusable,cfbd_matches_neither
28b08273f712ec2d,f8ceef131adf4c2f,2025,401752727,Florida,attribution_only,dip_restore,0.0,corroborated,corroborated
28b736ea6c0421bf,3e6cf3fceacc8e3b,2025,401761601,South Alabama,attribution_only,dip_restore,0.0,corroborated,corroborated
28bbd34795e01daf,0e019537d39c1869,2023,401520161,Maryland,attribution_only,dip_restore,0.0,corroborated,corroborated
28d5c667bdc145b2,13964dd2171f0bdc,2019,401117513,Colorado State,attribution_only,dip_restore,0.0,game_unusable,corroborated
28eb616517ea435f,57c57b33b616a194,2024,401628362,Georgia State,attribution_only,dip_restore,0.0,game_unusable,cfbd_matches_neither
28fad6d6d8d63917,8300878ac3c9a38b,2024,401644749,Buffalo,points_recovery,incomplete_stream,41.0,game_unusable,cfbd_matches_neither
290e8c488c12d205,72a86d1df8c8da4e,2023,401525827,Boise State,points_recovery,incomplete_stream,6.0,game_unusable,cfbd_matches_neither
2934565d171fc059,806475b7093fd64e,2022,401415237,Air Force,points_recovery,incomplete_stream,42.0,game_unusable,cfbd_matches_neither
295f335af4f2d08f,d3d6a2bba63cb32d,2021,401282243,UTEP,attribution_only,category_possession_reassignment,0.0,game_unusable,cfbd_matches_neither
29616cda8c47fe42,f871e46906444231,2025,401760412,Fresno State,attribution_only,dip_restore,0.0,game_unusable,cfbd_matches_neither
297f17ec9fb431eb,e984d62186794225,2016,400869619,Oklahoma State,attribution_only,dip_restore,0.0,game_unusable,cfbd_matches_neither
29978c301904178f,d850fbfa69c86fc5,2024,401635517,Louisville,attribution_only,dip_restore,0.0,corroborated,corroborated
299fc874c64deb3d,3ffbd35cc5f2ef8d,2022,401404104,Baylor,points_recovery,incomplete_stream,38.0,game_unusable,cfbd_matches_neither
29cb0765f0b86ea2,a875f43df46de2f3,2023,401531424,Navy,attribution_only,dip_restore,0.0,game_unusable,corroborated
29d470d128352f0b,375dff79f65e06f2,2025,401752674,Missouri,attribution_only,dip_restore,0.0,game_unusable,corroborated
2a0350d87cef475f,1e0df0ef065e44f9,2021,401287893,Texas State,attribution_only,dip_restore,0.0,game_unusable,corroborated
2a18d12100f0c7d8,5f943a95ea3e8305,2019,401132974,Oklahoma,attribution_only,dip_restore,0.0,corroborated,corroborated
2a282a78cf203c0b,98a142af5c7be17c,2025,401777325,Jacksonville State,attribution_only,dip_restore,0.0,game_unusable,cfbd_matches_neither
2a433d165bddf83f,45bddc4fa5a43ca7,2021,401309904,USC,points_recovery,incomplete_stream,7.0,game_unusable,cfbd_matches_neither
2a6691059dc4017a,834284c1d52ab977,2023,401520364,Georgia,attribution_only,other,0.0,game_unusable,cfbd_matches_neither
2a69b8be5520fe16,c14c40c1d2c45ba6,2025,401762506,North Texas,attribution_only,category_possession_reassignment,0.0,corroborated,corroborated
2a6ba7b19d144211,542910b44a201779,2024,401634779,UNLV,attribution_only,dip_restore,0.0,corroborated,corroborated
2a9175227529a809,4e1fe755a9d7fb0b,2021,401309569,Toledo,attribution_only,dip_restore,0.0,game_unusable,corroborated
2a969dc4d6a28425,6895409da77b7a1f,2023,401520321,Michigan,attribution_only,dip_restore,0.0,corroborated,corroborated
2a975b6859195056,fbca198c9e370d3d,2023,401520254,Sam Houston State,attribution_only,dip_restore,0.0,corroborated,corroborated
2a9ece7505c8f4fb,1913434cc86eb10d,2016,400869222,UNLV,points_recovery,incomplete_stream,20.0,game_unusable,cfbd_matches_neither
2a9fe1b6e802c4c6,a7552d4f11d2fc6c,2018,401013185,Wake Forest,attribution_only,dip_restore,0.0,game_unusable,cfbd_matches_neither
2aa0a8f69bce4901,fe9a2785b55bd088,2024,401628423,South Carolina,attribution_only,dip_restore,0.0,game_unusable,cfbd_matches_neither
2aa4f8599d7a0be3,0c57ce734837bbc2,2022,401416596,Holy Cross,points_recovery,incomplete_stream,37.0,game_unusable,cfbd_matches_neither
2ab1bed166211dea,81df36c70e6a168e,2016,400869817,Nicholls,attribution_only,other,0.0,game_unusable,cfbd_matches_neither
2ab429d6a458c84d,763771cd2a0e58a2,2024,401644739,Eastern Michigan,attribution_only,dip_restore,0.0,indistinguishable_at_drive_level,indistinguishable_at_drive_level
2aee9d56fb0ce5ca,55ffe7ed2684c0c1,2019,401112245,Northwestern,attribution_only,dip_restore,0.0,corroborated,corroborated
2afc70def278a8b4,94557fd4e98c9f28,2024,401643771,Hawai_i,attribution_only,dip_restore,0.0,game_unusable,corroborated
2b1e57c2e5b4609e,8de683374669eec2,2023,401524023,Colorado,points_recovery,incomplete_stream,16.0,game_unusable,cfbd_matches_neither
2b283d9727c21d81,94ef658246c6d51b,2025,401752683,Auburn,attribution_only,dip_restore,0.0,corroborated,corroborated
2b2ed000f2fd3174,36249241496c8c9f,2015,400763556,Wisconsin,attribution_only,dip_restore,0.0,corroborated,corroborated
2b37c7b1d5c28fb3,ff085fd82628b9f2,2021,401309892,Arizona State,attribution_only,dip_restore,0.0,game_unusable,cfbd_matches_neither
2b3f1e0f05fe27cf,aa66c0f3b73a2b1d,2022,401405144,Ohio State,attribution_only,dip_restore,0.0,indistinguishable_at_drive_level,indistinguishable_at_drive_level
2b51000084757e38,e41e39df6d7071c5,2023,401520149,Middle Tennessee,attribution_only,dip_restore,0.0,game_unusable,corroborated
2b631bc092fcd103,64c0262017662d96,2015,400756952,Syracuse,attribution_only,dip_restore,0.0,game_unusable,corroborated
2b7f4375f916686a,f026d5e5e84655d7,2021,401331226,Virginia Tech,attribution_only,dip_restore,0.0,corroborated,corroborated
2baf00e749882cb9,47af940a477216b9,2023,401532581,Air Force,attribution_only,dip_restore,0.0,corroborated,corroborated
2bd4a584090fc1f1,d1a31d08de29d9a8,2025,401762837,UMass,attribution_only,dip_restore,0.0,game_unusable,corroborated
2bd9535d507d0f5b,aea67354923e2e71,2024,401636919,Kansas,points_recovery,incomplete_stream,7.0,game_unusable,cfbd_supports_baseline
2be55cc47168bf75,e39cd06ccb5e0735,2024,401636934,Texas Tech,attribution_only,dip_restore,0.0,corroborated,corroborated
2c0e41ed6b0830fc,4dcb8046ed74a5c7,2025,401752855,UCLA,attribution_only,dip_restore,0.0,game_unusable,cfbd_matches_neither
2c25b3cf6f707980,76efa9ce6e8bb6b2,2022,401403864,Tennessee,attribution_only,dip_restore,0.0,corroborated,corroborated
2c7eb2dc548fe682,95250f92c1bf11a6,2022,401426563,Indiana,attribution_only,dip_restore,0.0,game_unusable,cfbd_matches_neither
2c7f58ba4f56cf89,2639f9982bc6ff57,2024,401635538,Pittsburgh,attribution_only,dip_restore,0.0,corroborated,corroborated
2c939daf899d3587,ceab29bf45cbec7d,2024,401628329,Old Dominion,attribution_only,dip_restore,0.0,corroborated,corroborated
2c9f440ff63c76f0,e900a6cb40dab008,2021,401309551,Bowling Green,points_recovery,incomplete_stream,26.0,game_unusable,corroborated
2cada9134d500e9c,05c8965a500ece6e,2022,401403982,Southern Utah,points_recovery,incomplete_stream,7.0,game_unusable,cfbd_supports_baseline
2cc0032d0f1c53b5,33d44a155c1205d3,2015,400787471,Arkansas State,attribution_only,dip_restore,0.0,corroborated,corroborated
2cf85eb5a41078b6,5436922ab6b9a66d,2017,400934548,Oklahoma State,attribution_only,dip_restore,0.0,corroborated,corroborated
2d2b0eafb8235622,d6ee50aab2024ecc,2025,401762508,East Carolina,attribution_only,dip_restore,0.0,game_unusable,corroborated
2d3f72798fcebfd8,99dc87cb4779ce5c,2021,401310703,Nevada,attribution_only,dip_restore,0.0,game_unusable,cfbd_matches_neither
2dc4661c2974c7d4,8d457d926c07a823,2017,400945005,Northern Illinois,attribution_only,dip_restore,0.0,game_unusable,cfbd_matches_neither
2dd7a7a1761ba1eb,b49ac10a7f1e78ab,2025,401754601,Georgia Tech,attribution_only,dip_restore,0.0,game_unusable,cfbd_matches_neither
2e0d279b0d955b26,24c29fb34a218397,2021,401282147,Florida State,attribution_only,dip_restore,0.0,corroborated,corroborated
2e12b7208b070a58,848d695f74363d4a,2024,401628567,Michigan State,attribution_only,dip_restore,0.0,corroborated,corroborated
2e28d55328e4c3ec,cbf2563d442896cb,2016,400869119,Washington,attribution_only,dip_restore,0.0,game_unusable,cfbd_matches_neither
2e2ab353e92fae42,b6db8ce4d04b3b31,2023,401520189,North Texas,attribution_only,dip_restore,0.0,game_unusable,corroborated
2e3dc3da14e460c1,5f4dc1132300a598,2015,400763412,TCU,attribution_only,dip_restore,0.0,corroborated,corroborated
2e4499482268df5d,64d1ee6492c90da9,2021,401300999,Temple,points_recovery,incomplete_stream,17.0,game_unusable,cfbd_matches_neither
2e521f30adc2ddcb,bde231208fe06aae,2023,401532419,Toledo,attribution_only,dip_restore,0.0,corroborated,corroborated
2e60973edc5f914d,d9313b1995523446,2024,401645321,Memphis,attribution_only,dip_restore,0.0,corroborated,corroborated
2e66c581dda79886,204c3535402d074c,2025,401761662,James Madison,attribution_only,dip_restore,0.0,game_unusable,cfbd_matches_neither
2e71bc6443de8818,63f138963536ef8c,2025,401754577,Duke,attribution_only,dip_restore,0.0,corroborated,corroborated
2e86bb2f245b77b2,b2d08e762dd5000a,2021,401282777,Michigan State,points_recovery,incomplete_stream,17.0,game_unusable,cfbd_matches_neither
2e8d2f80b04375a9,7df7fb0afa82401d,2021,401282225,UAB,attribution_only,dip_restore,0.0,corroborated,corroborated
2e93068492c633be,ef14983f0ce67d4f,2025,401754585,California,attribution_only,dip_restore,0.0,game_unusable,indistinguishable_at_drive_level
2eb1036ca354f220,dd778301f0f84138,2023,401525494,South Carolina State,attribution_only,dip_restore,0.0,corroborated,corroborated
2eb1be74f31d170e,8f5c556f84092d3d,2025,401752794,Ohio,attribution_only,dip_restore,0.0,game_unusable,cfbd_matches_neither
2ebb3a342b9bfd94,ce6f7e4b8833cc26,2025,401752718,Alabama,attribution_only,dip_restore,0.0,corroborated,corroborated
2edaf1a00e1d346d,82a4f26dad068d64,2021,401309891,Oregon State,attribution_only,restoration_gt8,0.0,game_unusable,cfbd_matches_neither
2edd22f81a85c920,da8272556c8d79db,2022,401426533,Bryant,points_recovery,incomplete_stream,17.0,game_unusable,cfbd_matches_neither
2ee2908234b18862,7033f24efcb75792,2025,401760390,Nevada,attribution_only,dip_restore,0.0,game_unusable,corroborated
2eed5dd652fe359b,a26a29f8b322bcc5,2022,401404153,Ball State,attribution_only,dip_restore,0.0,corroborated,corroborated
2f1b4676d64b933d,8416185aab3592cc,2024,401628422,Kentucky,attribution_only,dip_restore,0.0,corroborated,corroborated
2f2fdd218764854b,59c62890a68e0b3c,2021,401309543,Toledo,attribution_only,dip_restore,0.0,corroborated,corroborated
2f588f9bc8fc5d6e,078d3be7e5067a76,2021,401282249,Marshall,points_recovery,incomplete_stream,28.0,game_unusable,cfbd_matches_neither
2f725df3fd7a2c51,d87b0e0974fee74e,2019,401114319,UTEP,attribution_only,dip_restore,0.0,corroborated,corroborated
2f78804784a2462a,96a16a4b9e00aea8,2021,401282096,Connecticut,attribution_only,dip_restore,0.0,corroborated,corroborated
2f7d96344661b119,ea925bb6ef57945c,2017,400941821,Connecticut,attribution_only,dip_restore,0.0,corroborated,corroborated
2f7f2a397a1fb1af,7cf97703f7828918,2017,400938667,Charlotte,attribution_only,dip_restore,0.0,corroborated,corroborated
2f825a9dfe4fc6fc,bb6792de06be4cb1,2017,400945302,New Mexico,attribution_only,dip_restore,0.0,corroborated,corroborated
2f86bd8651aa8b95,5eb7dc4eeeeb8d0a,2025,401760375,San Jose State,attribution_only,dip_restore,0.0,corroborated,corroborated
2f94b7e8c6121350,5d5a792fc1e40908,2021,401282727,Michigan,attribution_only,dip_restore,0.0,game_unusable,cfbd_supports_baseline
2f9d2c2766339c3a,c4573233feade0ea,2016,400869832,Georgia Southern,attribution_only,dip_restore,0.0,game_unusable,corroborated
2fda89ca10120d65,92e72240a3129a19,2025,401752697,Auburn,attribution_only,dip_restore,0.0,corroborated,corroborated
2ffd34b5db037b71,4f7fb5f67cadc7bc,2023,401524029,Colorado,attribution_only,dip_restore,0.0,game_unusable,corroborated
30402ee1cc3365b2,5050e810e5051a80,2018,401019511,South Florida,points_recovery,incomplete_stream,38.0,game_unusable,cfbd_matches_neither
30443cd4ce7b0732,89e29693f1e900a6,2016,400869113,Oregon,attribution_only,dip_restore,0.0,game_unusable,corroborated
3062d63b698c3a5c,037202126213266d,2019,401117214,BYU,attribution_only,dip_restore,0.0,game_unusable,cfbd_matches_neither
3088c25e08903755,b108d38ca5498fb5,2023,401520396,South Carolina,attribution_only,dip_restore,0.0,corroborated,corroborated
30b87b8abcc037b2,72bc13a931186ac1,2024,401640999,Eastern Michigan,attribution_only,dip_restore,0.0,corroborated,corroborated
30c63586b83f79e8,615ff0b16fcfd4dd,2023,401531373,Rice,attribution_only,dip_restore,0.0,corroborated,corroborated
30d1d6178d4a3288,3e1e5dd617f6dc14,2023,401520189,Florida International,points_recovery,incomplete_stream,8.0,game_unusable,cfbd_matches_neither
30d3a4b68c9c1797,10636a4e028f8641,2021,401287897,Kansas State,attribution_only,dip_restore,0.0,game_unusable,corroborated
310183ca765d238f,28a21b7911e64dcf,2023,401531914,Marshall,attribution_only,dip_restore,0.0,game_unusable,cfbd_matches_neither
3152170a23981f17,f47a71e48172e5fb,2025,401756884,Houston,points_recovery,incomplete_stream,14.0,game_unusable,cfbd_matches_neither
317a47562c4ee41e,db4219d8a97fe707,2019,401114159,Arizona State,attribution_only,dip_restore,0.0,corroborated,corroborated
318c1971b56615fe,26d96b741b5fd811,2024,401641007,Nicholls,attribution_only,dip_restore,0.0,corroborated,corroborated
31a60f016e7d7362,68ee2a315bb34260,2022,401415216,Nevada,attribution_only,dip_restore,0.0,corroborated,corroborated
31b62b3a22048ba8,aa0c94ea7a712c35,2025,401778323,Houston,attribution_only,dip_restore,0.0,game_unusable,corroborated
31d1b6c9a4aa7210,53a1e156813e0752,2017,400953396,Kansas State,attribution_only,dip_restore,0.0,corroborated,corroborated
31d1ca7111694ad3,f5009df4d4fccee6,2022,401404045,Arizona,attribution_only,dip_restore,0.0,game_unusable,cfbd_supports_baseline
31ee81cce8c0c1d9,1a160eba2c0adfb4,2024,401644753,Ball State,attribution_only,dip_restore,0.0,corroborated,corroborated
31fa19f86e550f82,faa492176b7a43d4,2022,401426555,Florida Atlantic,points_recovery,incomplete_stream,7.0,game_unusable,cfbd_matches_neither
322e83f162e641b0,3e5972bebdcd0258,2015,400763506,Penn State,attribution_only,dip_restore,0.0,corroborated,corroborated
323ea4d293d828fb,df076271608dc939,2023,401532394,Howard,points_recovery,dip_restore,7.0,game_unusable,corroborated
324591ec69aa2431,b9dd662ac157c929,2019,401119269,Troy,attribution_only,dip_restore,0.0,game_unusable,cfbd_matches_neither
3257dfbcd418d3f6,2f52e61c5c96dd35,2021,401287928,Kansas State,attribution_only,dip_restore,0.0,corroborated,corroborated
325a0ac57cdc7309,cf86ef71494918da,2022,401404000,USC,attribution_only,dip_restore,0.0,game_unusable,corroborated
325bbbd9ea4bd6a7,0827baea597fdeea,2023,401525564,Virginia Tech,attribution_only,dip_restore,0.0,game_unusable,corroborated
325f987d6b6b0493,14915f620b8b9519,2017,400945031,BYU,attribution_only,dip_restore,0.0,corroborated,corroborated
328e8037cd653008,856edac946c91047,2025,401756847,Fresno State,attribution_only,category_possession_reassignment,0.0,game_unusable,corroborated
32983a4c70b2b6b5,3c479437549947ff,2018,401014990,Coastal Carolina,attribution_only,other,0.0,game_unusable,cfbd_matches_neither
32a7c093e3c4a6b7,52ef1617ad19c6ac,2022,401411164,Wake Forest,attribution_only,dip_restore,0.0,corroborated,corroborated
32c701d16afbb942,a5ec4f0c0c35533e,2025,401754547,Pittsburgh,attribution_only,dip_restore,0.0,corroborated,corroborated
330f7a5a5798aa7c,e0dd6b85ec2b212d,2016,400868981,TCU,attribution_only,dip_restore,0.0,corroborated,corroborated
3323a1eb2d0655c3,a6ccd4f699e3a936,2023,401531344,Tulane,attribution_only,dip_restore,0.0,game_unusable,cfbd_matches_neither
333960e1b185b3a0,c6ab2020f6367d5d,2025,401762852,Ohio,attribution_only,dip_restore,0.0,game_unusable,cfbd_matches_neither
3379fbc3e114cf16,636103aec307f0d3,2018,401015042,Old Dominion,attribution_only,dip_restore,0.0,corroborated,corroborated
33849c458901e12c,e48a2796bef7206b,2022,401404148,Syracuse,attribution_only,dip_restore,0.0,game_unusable,cfbd_matches_neither
33a33db8355786d6,2095152bbf75126c,2021,401301032,Cincinnati,attribution_only,dip_restore,0.0,corroborated,corroborated
33c816b6ec89b4b1,da1691442afec468,2017,400933930,Mississippi State,attribution_only,dip_restore,0.0,corroborated,corroborated
33d3b7e09fccac07,93468921f03f4dce,2021,401310703,Nevada,attribution_only,dip_restore,0.0,game_unusable,corroborated
33f4a9156f3f0157,99450cfd9065bc93,2022,401415617,Navy,attribution_only,dip_restore,0.0,corroborated,corroborated
34044796aaf36e1f,fcf6a8e929034adc,2023,401524014,USC,attribution_only,dip_restore,0.0,corroborated,corroborated
34102e185a3abde2,86dd85741b4cedc9,2021,401331226,Maryland,attribution_only,dip_restore,0.0,corroborated,corroborated
3413b97930af8c08,0f0517b9392d3555,2021,401309634,Georgia Southern,attribution_only,dip_restore,0.0,corroborated,corroborated
342d62a23fa54edd,5d96d0a049c42cdb,2016,400869279,Ball State,attribution_only,dip_restore,0.0,corroborated,corroborated
3431c1d3a8330c8c,6cf60451f745fe23,2023,401525824,Rice,attribution_only,dip_restore,0.0,game_unusable,corroborated
3457bb56c75547f6,dc24f381e2d95199,2025,401752800,UCLA,attribution_only,final_cap,0.0,game_unusable,cfbd_matches_neither
3471df74c208c2d7,e8f926df35485806,2022,401411149,North Carolina,attribution_only,dip_restore,0.0,corroborated,corroborated
3483741234b6612e,035041c48b508588,2024,401643791,Tulane,attribution_only,dip_restore,0.0,game_unusable,cfbd_matches_neither
3485baf8fb69e824,604c3cecda8eef5b,2025,401762457,Tulsa,attribution_only,dip_restore,0.0,corroborated,corroborated
34d50b7a2c641ef1,fe61aec127aa21f3,2023,401520318,Kentucky,attribution_only,dip_restore,0.0,corroborated,corroborated
34e4fe1475b8d94c,fa0290be5b38281d,2023,401520381,Holy Cross,attribution_only,dip_restore,0.0,corroborated,corroborated
35006a9b2968beb6,033e29514b78b6ad,2025,401760385,UNLV,attribution_only,dip_restore,0.0,corroborated,corroborated
352c71c6fa4e61db,3d725b73bd8a476e,2022,401405063,Nebraska,attribution_only,dip_restore,0.0,corroborated,corroborated
3539d65ecbce5d11,cb6a3b61fdd27bc7,2017,400933910,Tennessee,attribution_only,dip_restore,0.0,corroborated,corroborated
355a163ea95b69ca,75e6514dbd9c8982,2022,401416653,Buffalo,points_recovery,incomplete_stream,10.0,game_unusable,cfbd_matches_neither
355fc3ce0fa4bf29,47596087482b4ba2,2021,401310713,San Jose State,attribution_only,dip_restore,0.0,corroborated,corroborated
357c71c71ac149d3,0bf4e264ef8a9b32,2025,401754519,Louisville,attribution_only,dip_restore,0.0,corroborated,corroborated
35825d7adb72dcb8,8a5c4053ca777b28,2022,401426550,Rice,points_recovery,incomplete_stream,17.0,game_unusable,cfbd_matches_neither
35876f83a93251be,fbba4846ffa98183,2022,401416604,Buffalo,attribution_only,other,0.0,game_unusable,cfbd_matches_neither
358dacd2b6e01e3a,9bd007b0e2756f88,2023,401520156,Ohio State,attribution_only,dip_restore,0.0,corroborated,corroborated
35ca258b6fa5b8bb,c77d41db672ca44c,2021,401282800,Nebraska,attribution_only,dip_restore,0.0,corroborated,corroborated
35d566933f8f8e08,18f4e370a5546fad,2021,401301053,Memphis,attribution_only,dip_restore,0.0,corroborated,corroborated
35d56c5315bf1da1,d70821bc580f4681,2024,401628400,Alabama,attribution_only,dip_restore,0.0,corroborated,corroborated
362f71f076801a7c,636eae75bc84f957,2023,401520309,Connecticut,attribution_only,dip_restore,0.0,corroborated,corroborated
364e221dda7c1cd6,fd54dc799c2a6107,2021,401331216,UCF,attribution_only,dip_restore,0.0,corroborated,corroborated
36845f89f6cd4492,479e5b5f666d2830,2021,401309837,Nevada,points_recovery,incomplete_stream,19.0,game_unusable,cfbd_matches_neither
368b679f5b6b154d,9494616e77dee42e,2022,401426615,Western Kentucky,points_recovery,incomplete_stream,25.0,game_unusable,cfbd_matches_neither
368c815d4af39f13,8ade22a0cb1cdd96,2021,401301041,UCF,attribution_only,dip_restore,0.0,game_unusable,cfbd_supports_baseline
36af0cda9d89ee4a,521260414fdb04e1,2024,401645381,Temple,attribution_only,dip_restore,0.0,game_unusable,cfbd_matches_neither
36b9ee877e872212,c3315fea16a76f13,2021,401282206,Central Michigan,attribution_only,dip_restore,0.0,corroborated,corroborated
36e919b720ed81d4,92821d4adb7567f4,2022,401403876,Missouri,attribution_only,dip_restore,0.0,game_unusable,cfbd_matches_neither
36f8d2f451247a1e,a8d5d26275db52f0,2025,401762835,Bowling Green,attribution_only,dip_restore,0.0,corroborated,corroborated
37047c4df3059e70,1a51542b19ebc2ec,2021,401331229,South Carolina,attribution_only,dip_restore,0.0,corroborated,corroborated
370b848beea5e2e5,2d621c9686d58276,2021,401282215,Florida Atlantic,points_recovery,dip_restore,1.0,game_unusable,corroborated
3717d5d06c1ac4ef,05f1315b149e057a,2025,401756960,Utah,attribution_only,dip_restore,0.0,cfbd_supports_baseline,cfbd_supports_baseline
3727781bbcef9486,15f7dec5f7c8c026,2025,401757296,Florida International,attribution_only,category_possession_reassignment,0.0,corroborated,corroborated
3749a17f5c781597,a2d578ad3f7891f0,2017,400944850,Appalachian State,attribution_only,dip_restore,0.0,game_unusable,cfbd_matches_neither
3766c0724b3876c6,f7b60ebbe8717e2e,2021,401301056,Army,attribution_only,final_cap,0.0,game_unusable,cfbd_matches_neither
3793daadc4daf52a,8c910d39e3b0546e,2019,401117903,South Florida,attribution_only,dip_restore,0.0,corroborated,corroborated
379441b0a79d222e,3f0cf3844a68cb68,2022,401426618,UT San Antonio,attribution_only,dip_restore,0.0,corroborated,corroborated
3794b2c78ff30112,d6501e4fc0bc50fb,2022,401426560,Georgia Southern,attribution_only,dip_restore,0.0,game_unusable,cfbd_supports_baseline
379604e36937a7dc,8142f9af496c8154,2023,401525494,Georgia Tech,points_recovery,incomplete_stream,34.0,cfbd_matches_neither,cfbd_matches_neither
37b893aaf2912a37,d342c3d37546861e,2021,401309631,Louisiana,points_reduction,restoration_gt8,-1.0,game_unusable,cfbd_supports_baseline
37d351c7d3dcef69,2e0c7fa92c295f9f,2021,401287896,Coastal Carolina,attribution_only,dip_restore,0.0,game_unusable,cfbd_matches_neither
37d8c3a4b630c6b2,1ab0466db077505b,2025,401760394,Hawai_i,attribution_only,dip_restore,0.0,corroborated,corroborated
37f4da58114a808c,ca0ce8c2df9c5175,2016,400869639,Rutgers,attribution_only,dip_restore,0.0,game_unusable,corroborated
37f7b8890842ab63,87c25a8c4e017cd9,2021,401331159,Utah,attribution_only,dip_restore,0.0,corroborated,corroborated
37f7f049806c9e5d,0865c9bb7d50e878,2021,401331222,Louisville,attribution_only,dip_restore,0.0,game_unusable,cfbd_matches_neither
3812b7de5fb61fa2,61016804b53c0187,2022,401404069,Ohio,points_recovery,incomplete_stream,7.0,game_unusable,cfbd_supports_baseline
382befca3d22c5f9,ebfc8df3674b6344,2017,400934524,Kansas State,attribution_only,dip_restore,0.0,game_unusable,cfbd_matches_neither
383e08ad22c17bc7,501fb9c0e0398b20,2025,401752719,LSU,attribution_only,dip_restore,0.0,corroborated,corroborated
3840e01e208e2385,9be8d1db43b29daf,2023,401531349,Tulane,attribution_only,dip_restore,0.0,corroborated,corroborated
385c7fbdd4f97f0c,63873cf6688ba099,2022,401403985,Arizona,attribution_only,category_possession_reassignment,0.0,game_unusable,cfbd_matches_neither
3879f1be029a5040,937502fd439952a8,2021,401282695,Syracuse,attribution_only,dip_restore,0.0,game_unusable,cfbd_matches_neither
3881cc5aeb90fe73,914088d1236089a6,2017,400944842,Louisiana Monroe,attribution_only,dip_restore,0.0,cfbd_matches_neither,cfbd_matches_neither
3892c24978a5e131,dafef1d20fe6b9cb,2021,401309586,Central Michigan,attribution_only,dip_restore,0.0,corroborated,corroborated
389571c4eb06f806,6ee6e72870d23f0a,2023,401520432,Kentucky,attribution_only,dip_restore,0.0,game_unusable,cfbd_matches_neither
38d0d1a209919a59,910a4b3285d39368,2021,401310755,Utah State,attribution_only,dip_restore,0.0,corroborated,corroborated
38fbf7fead1526ee,97e58e01328c5e86,2022,401426584,UT San Antonio,attribution_only,dip_restore,0.0,corroborated,corroborated
3902eff7e3e63150,4fc46a83132c08a6,2017,400944987,Northern Illinois,attribution_only,dip_restore,0.0,game_unusable,corroborated
393e7ed369db9f93,00cdb69b962212e5,2023,401525895,Iowa State,attribution_only,dip_restore,0.0,game_unusable,cfbd_supports_baseline
39498254a0261431,fc5d1c77789f8093,2024,401641020,Western Kentucky,attribution_only,dip_restore,0.0,game_unusable,corroborated
39511be3a3a70650,5bea7a7c2e188cb6,2023,401524007,Colorado State,attribution_only,dip_restore,0.0,corroborated,corroborated
397c87ea31172eb4,abde98306b6d9746,2023,401525502,VMI,attribution_only,dip_restore,0.0,game_unusable,corroborated
3980c5727d685eb5,cb4d13428107a246,2023,401520204,Minnesota,attribution_only,category_possession_reassignment,0.0,game_unusable,cfbd_matches_neither
399e9751e2a4c81d,c6cf041decd86d2f,2017,400935300,California,points_recovery,dip_restore,6.0,game_unusable,cfbd_matches_neither
39c98367958d26f8,076b80933fa4821e,2025,401756877,Arkansas-Pine Bluff,attribution_only,dip_restore,0.0,corroborated,corroborated
39cd7baff4c26fa6,9b5c4e9d1ee47fca,2021,401282194,UT San Antonio,points_recovery,dip_restore,10.0,game_unusable,corroborated
39cf9225178c3456,84b95433fe1893a0,2017,400953398,Iowa,attribution_only,dip_restore,0.0,corroborated,corroborated
39ea255a7f26c065,208dc4233c3680f1,2017,400937475,Miami,attribution_only,dip_restore,0.0,game_unusable,corroborated
39eea67fa7bc1f70,17ae0e4491cb5238,2016,400869238,New Mexico,attribution_only,dip_restore,0.0,corroborated,corroborated
39f3597afbc73d90,b070450c8e61100e,2025,401752861,Purdue,attribution_only,dip_restore,0.0,corroborated,corroborated
39f387d2699d821f,bdc857bb2ff618e1,2024,401644742,Akron,attribution_only,dip_restore,0.0,game_unusable,cfbd_matches_neither
3a03b114c1e5a500,f0f955a9c7bfbeea,2015,400763533,Wisconsin,attribution_only,dip_restore,0.0,game_unusable,cfbd_matches_neither
3a2b3649e5b64698,32155f2bffb9823b,2022,401403909,Alabama,attribution_only,dip_restore,0.0,corroborated,corroborated
3a31569845aa727c,8b5ced595b415960,2023,401531922,Appalachian State,attribution_only,dip_restore,0.0,game_unusable,corroborated
3a3c535187e548ec,5cb0d52419f37608,2016,400869190,San Jose State,attribution_only,dip_restore,0.0,game_unusable,corroborated
3a4425d9a2adc436,2283eeff023ce513,2021,401282259,Rice,attribution_only,dip_restore,0.0,game_unusable,cfbd_matches_neither
3a6b1059190ae3fd,559dc38ab5d04e80,2025,401754593,Virginia,attribution_only,dip_restore,0.0,game_unusable,cfbd_matches_neither
3a8871f1dbbae1fa,84713b370c06fb2a,2025,401754520,Pittsburgh,attribution_only,dip_restore,0.0,corroborated,corroborated
3a9348348083129d,daba25d8645440e9,2025,401761626,Marshall,points_recovery,incomplete_stream,48.0,game_unusable,cfbd_matches_neither
3abadeb453e409c3,33829f38791dc9ef,2022,401403967,San Diego State,attribution_only,dip_restore,0.0,corroborated,corroborated
3acd9262e289c2d7,337da2e50ce0c897,2023,401532438,Western Michigan,attribution_only,dip_restore,0.0,game_unusable,cfbd_supports_baseline
3ae250fa9cfe3b00,ce1608c4c2c4135a,2015,400787349,Ohio,attribution_only,dip_restore,0.0,corroborated,corroborated
3b0685ae6ac731cf,097392f148bf7a92,2023,401520218,Houston Christian,attribution_only,dip_restore,0.0,game_unusable,corroborated
3b1ccea120f5283a,60a3ad0aaba7e6fb,2025,401757290,Louisiana Tech,attribution_only,category_possession_reassignment,0.0,game_unusable,cfbd_matches_neither
3b2c75408420ad07,145106e5412d36ca,2018,401019512,Navy,attribution_only,dip_restore,0.0,corroborated,corroborated
3b424b70f09839e0,96f6dff1ad3bbaab,2024,401636871,BYU,attribution_only,dip_restore,0.0,game_unusable,cfbd_matches_neither
3b74b2417f576547,0e38fd6f4f7729f7,2022,401416645,Western Michigan,points_recovery,incomplete_stream,12.0,game_unusable,cfbd_matches_neither
3bb7d67e0a1cd619,81fe68a65ee5284e,2018,401013350,Kent State,attribution_only,dip_restore,0.0,corroborated,corroborated
3bec8f90cd73d49b,aebf820c6b862176,2025,401757285,Florida International,attribution_only,dip_restore,0.0,game_unusable,cfbd_matches_neither
3c068d3c562122cc,586abea7c7749063,2022,401416594,Ball State,attribution_only,incomplete_stream,0.0,game_unusable,cfbd_matches_neither
3c0bd478b53c905c,949574edffafd54f,2022,401426539,SMU,attribution_only,dip_restore,0.0,corroborated,corroborated
3c1c471d6843221b,41f4b56fd6d169c0,2025,401760386,Air Force,attribution_only,dip_restore,0.0,game_unusable,corroborated
3c1d573011ec2622,4450b674f73c5974,2024,401641037,Western Kentucky,attribution_only,dip_restore,0.0,corroborated,corroborated
3c217157459d394e,356b53bc6b30061b,2025,401762821,Akron,attribution_only,dip_restore,0.0,game_unusable,cfbd_matches_neither
3c4e08127090946b,564fb99d66c6ab2d,2022,401416614,Western Michigan,attribution_only,dip_restore,0.0,game_unusable,cfbd_matches_neither
3c5f9725ded72993,cf0486c072cb4ffe,2022,401403931,Texas A&M,attribution_only,dip_restore,0.0,game_unusable,corroborated
3c72fe86812eddbb,79f92c526fe4f510,2016,400869100,Texas Tech,attribution_only,dip_restore,0.0,game_unusable,corroborated
3c956a51a0c9dd75,0add578d0e1e38f4,2021,401309574,Bowling Green,points_recovery,incomplete_stream,23.0,game_unusable,cfbd_matches_neither
3cabd1b3205784dd,76871069bfc233d1,2024,401644766,Northern Illinois,attribution_only,dip_restore,0.0,corroborated,corroborated
3cc8072693a147ec,ad1d06217e59d5a2,2023,401532420,Akron,attribution_only,dip_restore,0.0,corroborated,corroborated
3cdc21382de221e7,b747f4b46ff90471,2025,401754580,Virginia Tech,attribution_only,dip_restore,0.0,indistinguishable_at_drive_level,indistinguishable_at_drive_level
3cebf17a28cc2670,d347d245e4f1fe68,2023,401532407,Fresno State,attribution_only,category_possession_reassignment,0.0,game_unusable,cfbd_matches_neither
3d05d731213bdfe3,aa504fbe86eb052b,2022,401415216,Nevada,attribution_only,dip_restore,0.0,corroborated,corroborated
3d19c782414ca7ea,4f68aababb357310,2025,401752715,Tennessee,attribution_only,dip_restore,0.0,game_unusable,corroborated
3d2b250239abbeb4,03abc3b8fa7006fd,2025,401752944,Sam Houston State,attribution_only,category_possession_reassignment,0.0,corroborated,corroborated
3d3c1a43c1396438,169a4ac6baee707e,2025,401762843,Ohio,points_recovery,incomplete_stream,23.0,game_unusable,cfbd_matches_neither
3d3fc9510df9bd94,25e04cbeed61ec92,2025,401756893,Houston,attribution_only,dip_restore,0.0,corroborated,corroborated
3d6334b83be25bba,0191224d0f28d555,2024,401644746,Ohio,attribution_only,dip_restore,0.0,game_unusable,corroborated
3d8688e2187de149,4f152158c88b6870,2025,401752716,Vanderbilt,attribution_only,dip_restore,0.0,corroborated,corroborated
3d87e8c8fe45cc92,b21b7303d65d133b,2023,401520326,Texas A&M,attribution_only,dip_restore,0.0,game_unusable,cfbd_supports_baseline
3d9c61e71905ebae,d926e50e8bbc3ac8,2018,401012334,Georgia,attribution_only,dip_restore,0.0,corroborated,corroborated
3d9e170df3713ff4,ca76a0e5d4af3464,2025,401760396,San Jose State,attribution_only,final_cap,0.0,game_unusable,cfbd_matches_neither
3da509170b056c81,c44a0373060d8a2f,2025,401752713,Missouri,attribution_only,dip_restore,0.0,game_unusable,corroborated
3da77e3eb7e8702a,ee081bf56e75252c,2025,401760368,Utah State,attribution_only,dip_restore,0.0,game_unusable,cfbd_matches_neither
3dfd2fcccdf2ff4c,0b17052211142743,2025,401761630,Georgia State,attribution_only,dip_restore,0.0,corroborated,corroborated
3e32ff19ef503147,ddb6a63b0d7afdf4,2019,401114334,Hawai_i,attribution_only,dip_restore,0.0,game_unusable,cfbd_matches_neither
3e71c52a0965b89c,0cef03362bac9619,2017,400935266,Washington,attribution_only,dip_restore,0.0,corroborated,corroborated
3e80344646953887,d0d1ad9dd7acd515,2024,401636865,Miami (OH),attribution_only,dip_restore,0.0,game_unusable,cfbd_matches_neither
3e8483f3d9122adf,a2f92b319315e993,2018,401012338,The Citadel,attribution_only,dip_restore,0.0,corroborated,corroborated
3e867f785c09a0c4,07c263b955de88e9,2023,401532597,Nevada,points_recovery,dip_restore,1.0,game_unusable,corroborated
3e9fc2b017474bcf,3615b17a7d9fa4df,2019,401117897,SMU,attribution_only,dip_restore,0.0,game_unusable,corroborated
3eaae44032b9dad1,353414efb837b0e8,2021,401282229,Liberty,attribution_only,dip_restore,0.0,game_unusable,corroborated
3eb5f4512c26d1f6,8db275f39b511d15,2025,401757297,Jacksonville State,points_recovery,other,3.0,game_unusable,corroborated
3ec15098ac08217d,3f47ee8acc916d61,2022,401426602,UAB,attribution_only,dip_restore,0.0,game_unusable,corroborated
3ec3118f70cca63a,a12dd4e1d917920a,2024,401634769,Duke,attribution_only,dip_restore,0.0,game_unusable,corroborated
3ec3f6883cc0abb4,7d1a106b831006c9,2023,401525827,Boise State,attribution_only,restoration_gt8,0.0,game_unusable,corroborated
3ecb19746aed10c4,f53967fcb38f2ef2,2025,401760392,Air Force,attribution_only,final_cap,0.0,game_unusable,cfbd_matches_neither
3ecdcf93b6a46357,df188a7dc4522694,2024,401629038,Connecticut,attribution_only,dip_restore,0.0,corroborated,corroborated
3ed74b49b1e6d754,2a4125df73724559,2024,401643826,James Madison,attribution_only,dip_restore,0.0,corroborated,corroborated
3edfe3c2e4c8396d,c59fce990b01eac4,2022,401403903,LSU,attribution_only,dip_restore,0.0,corroborated,corroborated
3efa54e3d630f3cd,67865183caa31c32,2023,401532617,San Diego State,attribution_only,dip_restore,0.0,game_unusable,corroborated
3f0e0d50ba14882a,7638c0e7dbb8ea4e,2016,400869633,Rutgers,attribution_only,dip_restore,0.0,game_unusable,cfbd_matches_neither
3f1a6fe415950e5f,64c5daf431bed102,2017,400945005,Eastern Michigan,attribution_only,dip_restore,0.0,game_unusable,cfbd_matches_neither
3f3d4a4a09657795,5e16f07ec93c8d9b,2019,401110827,Ole Miss,points_recovery,dip_restore,3.0,game_unusable,corroborated
3f4449b5879a925b,60ffc65acc7e2fa3,2015,400852685,Ohio,attribution_only,dip_restore,0.0,corroborated,corroborated
3f48f483f9c30328,a2bf78ae0f694b99,2022,401411117,Virginia,attribution_only,dip_restore,0.0,corroborated,corroborated
3f4e54df4bdf5326,abacde25bdce0d38,2016,400869140,Oregon,attribution_only,dip_restore,0.0,corroborated,corroborated
3f4fc33b763882d4,2aa8d9085af51759,2023,401532588,New Mexico,attribution_only,dip_restore,0.0,game_unusable,cfbd_supports_baseline
3f50818191b6845e,9384dc9b60914b08,2022,401415630,Memphis,attribution_only,dip_restore,0.0,game_unusable,corroborated
3f6b67f998f3de1c,b1b2d5a41ad90813,2017,400938657,Marshall,attribution_only,dip_restore,0.0,game_unusable,corroborated
3f7a1816d72f27b3,4126a71baf665c6d,2018,401032076,Florida,attribution_only,dip_restore,0.0,game_unusable,cfbd_matches_neither
3f90110a32c6e3d9,8ec21cf36ad2a7d7,2025,401756883,Ohio,attribution_only,dip_restore,0.0,game_unusable,corroborated
3f986a75660e5ab4,522b3d6bedb9afcf,2025,401762515,Tulane,attribution_only,dip_restore,0.0,indistinguishable_at_drive_level,indistinguishable_at_drive_level
3f9b0538dfd1fc08,494bbd6f69797a3a,2024,401628394,Texas A&M,attribution_only,dip_restore,0.0,corroborated,corroborated
3f9f579c30808131,89326aa1ee2d8fa0,2022,401411121,Pittsburgh,attribution_only,dip_restore,0.0,corroborated,corroborated
3fa1f499e40cbf01,e4383196fa309469,2022,401426565,Western Kentucky,attribution_only,other,0.0,game_unusable,cfbd_matches_neither
3fc5cb4325655984,f72563f2ef214482,2016,400869346,Old Dominion,attribution_only,dip_restore,0.0,corroborated,corroborated
3ffc79a3a215ce7f,73b3963f85ec8e2f,2025,401778315,UT San Antonio,attribution_only,dip_restore,0.0,indistinguishable_at_drive_level,indistinguishable_at_drive_level
4014109798f5e289,bbdc7c9305169e13,2018,401013175,Florida State,attribution_only,dip_restore,0.0,corroborated,corroborated
403b4b2df71ef108,da3ec2e63c25d6fc,2024,401628497,Michigan,attribution_only,dip_restore,0.0,game_unusable,cfbd_supports_baseline
403cf8e0efeedbae,5a7cc8167280c99d,2024,401640989,Liberty,attribution_only,dip_restore,0.0,game_unusable,corroborated
404d46c79a4e068c,fea27c6c2eef6088,2025,401752916,Iowa,attribution_only,dip_restore,0.0,game_unusable,indistinguishable_at_drive_level
40502b161edb014f,8ce3c737cdf327c0,2025,401752921,Michigan,attribution_only,dip_restore,0.0,indistinguishable_at_drive_level,indistinguishable_at_drive_level
4054359e6bc365c7,ccc078c39d2da538,2025,401757302,Kennesaw State,attribution_only,dip_restore,0.0,game_unusable,corroborated
405d38bbffe32025,a63289a96ef61e3a,2021,401282774,Michigan,attribution_only,dip_restore,0.0,corroborated,corroborated
40869c80006377a3,bc77ea211731528f,2025,401762792,Merrimack,attribution_only,restoration_gt8,0.0,game_unusable,cfbd_matches_neither
40950d5ef83f3cbb,e633c17eac690557,2019,401147693,Georgia Southern,points_recovery,dip_restore,3.0,game_unusable,cfbd_matches_neither
409d08a467644749,4655b8291c829499,2023,401524066,California,attribution_only,dip_restore,0.0,game_unusable,cfbd_matches_neither
40dfd558514203c9,2d09e0bf286038f0,2024,401641010,Louisiana Tech,attribution_only,restoration_gt8,0.0,game_unusable,corroborated
40e5dae202e778ca,0376ed8bf0ed2f11,2017,400941843,Tulane,points_recovery,dip_restore,7.0,game_unusable,cfbd_matches_neither
4115e29b6f1ba175,8174bfb1ed125a99,2016,400869303,Western Michigan,attribution_only,dip_restore,0.0,game_unusable,corroborated
4119075b4c9ba108,fdce4e2d9f17f6a1,2022,401404002,Arizona,points_recovery,incomplete_stream,36.0,game_unusable,cfbd_matches_neither
415e7e87e7351943,f3ea4c08d27a4db2,2021,401287944,Oklahoma,points_recovery,incomplete_stream,27.0,game_unusable,cfbd_matches_neither
41f51a42447c3720,84f4b9b4ffeb5380,2015,400787475,South Alabama,attribution_only,dip_restore,0.0,corroborated,corroborated
4203e989406e6834,e59c6f54d6e08276,2023,401551757,UNLV,attribution_only,dip_restore,0.0,corroborated,corroborated
42338fc7ebb83e5e,1579d21631b5a371,2024,401637159,Portland State,attribution_only,dip_restore,0.0,corroborated,corroborated
4233f7a941a73b4f,0daec5c37dbd0817,2021,401282096,Vanderbilt,attribution_only,dip_restore,0.0,corroborated,corroborated
42ac6bf48aeec46a,6bbbd150a82d0958,2021,401282140,Mississippi State,attribution_only,dip_restore,0.0,corroborated,corroborated
42c616147b5a024b,5c11dcf2fe4e95fc,2017,400945261,Wyoming,points_recovery,dip_restore,7.0,game_unusable,cfbd_matches_neither
42c624cb7619353c,950df4dd9fb13273,2024,401644752,Eastern Michigan,points_recovery,incomplete_stream,21.0,game_unusable,cfbd_matches_neither
42f0c4ef84223049,3cff4a6497237b32,2024,401643800,South Alabama,attribution_only,dip_restore,0.0,corroborated,corroborated
42f2317d00f55568,5711e5d9e03daac5,2021,401282226,Old Dominion,points_recovery,incomplete_stream,13.0,game_unusable,cfbd_matches_neither
43072a17200fac5a,dba47b3ccc27bbd7,2021,401282675,Syracuse,points_recovery,other,1.0,game_unusable,cfbd_matches_neither
4308f03697214e3e,4920367e5fea3fec,2025,401752743,Texas,points_recovery,incomplete_stream,16.0,game_unusable,cfbd_matches_neither
433ef8e72de32d25,0dbd32ccd5951532,2015,400763439,Texas Tech,attribution_only,dip_restore,0.0,corroborated,corroborated
43430587f2743649,28d2be74e7f074f9,2025,401757222,Middle Tennessee,attribution_only,dip_restore,0.0,game_unusable,corroborated
43634e5c0575245e,b111c0430f6d8851,2025,401754543,Virginia,points_recovery,incomplete_stream,46.0,game_unusable,cfbd_matches_neither
4394711fd668e37a,4764d1d91006f97c,2025,401752832,USC,attribution_only,dip_restore,0.0,corroborated,corroborated
439edee24d4c0234,597e26ba12cc15b8,2024,401645380,Florida Atlantic,attribution_only,dip_restore,0.0,corroborated,corroborated
43a2e3f4703085ae,fb01e04a6088844d,2025,401762516,Memphis,attribution_only,dip_restore,0.0,game_unusable,cfbd_matches_neither
43ae5fc1d41dea74,3edee14396b1fd6d,2023,401532593,Colorado State,attribution_only,dip_restore,0.0,corroborated,corroborated
43e490bb1484aae3,ead9f629bca9b54c,2021,401309891,Oregon State,attribution_only,restoration_gt8,0.0,game_unusable,cfbd_matches_neither
43ed23a6c08e609c,8da952a786759e09,2023,401520247,Vanderbilt,attribution_only,dip_restore,0.0,corroborated,corroborated
43fe0ea63982ce4e,46d0ddd085ffdbd9,2023,401532397,Southern Illinois,attribution_only,dip_restore,0.0,corroborated,corroborated
4404ef6c2c9c44ac,b1c2aab306803e66,2021,401301012,Houston,attribution_only,dip_restore,0.0,corroborated,corroborated
442360d8f77006d3,1c71674c4ea9bc90,2024,401636909,Kansas State,attribution_only,dip_restore,0.0,game_unusable,cfbd_supports_baseline
44249f6a44ba3e63,0dc7ca6a25ed1892,2017,400933938,Tennessee,attribution_only,dip_restore,0.0,corroborated,corroborated
442d993dd943a179,4a6e674807fb3665,2016,400868991,Vanderbilt,attribution_only,dip_restore,0.0,game_unusable,cfbd_supports_baseline
4459d295bd979ed3,577f81b671701f53,2025,401762464,Monmouth,attribution_only,dip_restore,0.0,corroborated,corroborated
44605c7aac977613,42110e8908352772,2019,401114168,Arizona,attribution_only,dip_restore,0.0,corroborated,corroborated
446ac68a9dec78e6,80c90ea62f53e882,2024,401640993,Kennesaw State,attribution_only,dip_restore,0.0,game_unusable,cfbd_matches_neither
4479fe7d75fd63b2,f4bf26103fed13ca,2025,401752863,Michigan State,attribution_only,final_cap,0.0,game_unusable,indistinguishable_at_drive_level
447c92d7b4089d0e,8b6de7925c9b65a1,2023,401523990,Colorado State,attribution_only,dip_restore,0.0,game_unusable,cfbd_matches_neither
4483871e0933e3f7,5ef1b13106ece6f8,2024,401636611,UNLV,attribution_only,dip_restore,0.0,corroborated,corroborated
4494e20ee2afca12,7b2abe985ebe22bb,2018,401015056,Southern Mississippi,attribution_only,dip_restore,0.0,game_unusable,corroborated
4497c8fc0571c6c2,9081b20a442beedb,2021,401282121,Arkansas,attribution_only,other,0.0,game_unusable,cfbd_matches_neither
44c2b21299bbf4ce,c252161b20025691,2025,401754517,Elon,attribution_only,dip_restore,0.0,corroborated,corroborated
44dc2392bccb7d7a,8b4f4a4c01143258,2024,401628502,USC,attribution_only,dip_restore,0.0,corroborated,corroborated
44f5654dc5c20295,a70d9b556853def3,2019,401117883,South Florida,attribution_only,dip_restore,0.0,corroborated,corroborated
450166952a7b7887,972152f05823aea4,2023,401532624,UNLV,attribution_only,dip_restore,0.0,game_unusable,cfbd_matches_neither
45298d37de8d0deb,8041d1db4e1e6a50,2021,401282103,Alabama,attribution_only,dip_restore,0.0,game_unusable,cfbd_matches_neither
4542cc477965b49c,c04e48e226b0840f,2025,401754551,California,attribution_only,dip_restore,0.0,corroborated,corroborated
45549e89447a9be7,a76771d23e2a9bb9,2025,401754603,Miami,attribution_only,other,0.0,game_unusable,cfbd_matches_neither
455542e5cbd1b543,f21e9b316d1c1f5d,2024,401636912,Baylor,attribution_only,dip_restore,0.0,corroborated,corroborated
455937379085f32b,6df71296ec1a39c3,2022,401426559,Louisiana,points_recovery,incomplete_stream,14.0,game_unusable,cfbd_matches_neither
459d587666b638fa,eeb46738f14d8593,2025,401769076,Indiana,attribution_only,dip_restore,0.0,indistinguishable_at_drive_level,indistinguishable_at_drive_level
459f363350801520,93e15f49fd37711c,2025,401752740,Missouri,points_recovery,incomplete_stream,23.0,game_unusable,cfbd_matches_neither
45bf1e400cae3e4c,040cee2dc9d65250,2025,401762833,Miami (OH),attribution_only,dip_restore,0.0,corroborated,corroborated
45d8ac7d95a69a82,d2bb2fcf0c25bdad,2017,400953415,Georgia,attribution_only,dip_restore,0.0,corroborated,corroborated
45de5f59a162ced4,99f7292a683e74e6,2022,401405145,Michigan,attribution_only,dip_restore,0.0,corroborated,corroborated
4603b46f562ec4af,69364635183f5027,2021,401282655,Syracuse,attribution_only,dip_restore,0.0,corroborated,corroborated
460e645c757e794f,85363714715ca45a,2023,401525508,Georgia Tech,attribution_only,dip_restore,0.0,corroborated,corroborated
4646bf538bf4d085,adf444a7379754ec,2021,401309871,Utah,attribution_only,dip_restore,0.0,game_unusable,corroborated
4660c94e4fa30bdf,bbbc9a0081e912bc,2016,400869307,Central Michigan,points_recovery,dip_restore,13.0,game_unusable,corroborated
4685fe60dbd72dcb,b3a83deacd344338,2023,401532410,Eastern Michigan,attribution_only,dip_restore,0.0,game_unusable,corroborated
46b8d5f0579f7940,46ec4ed2d291d20e,2021,401287919,TCU,attribution_only,dip_restore,0.0,corroborated,corroborated
46d9af270cc83740,b1617caab150eafb,2015,400763645,Middle Tennessee,attribution_only,incomplete_stream,0.0,game_unusable,cfbd_matches_neither
46f3bd6c403238e1,48f3702037064568,2025,401757291,Missouri State,attribution_only,dip_restore,0.0,game_unusable,cfbd_matches_neither
4702baac63edd811,fd4f0755b162aba1,2023,401520278,UTEP,attribution_only,dip_restore,0.0,game_unusable,cfbd_supports_baseline
470377fd9ed3b6f0,530c78a6469b0f0d,2015,400787112,Colorado State,attribution_only,dip_restore,0.0,game_unusable,cfbd_matches_neither
471bb63c2aee95e7,72fdc981d474dafb,2019,401114268,Rice,attribution_only,dip_restore,0.0,game_unusable,cfbd_matches_neither
473658795cd99136,083fe7f55f274818,2021,401282662,Wake Forest,attribution_only,dip_restore,0.0,corroborated,corroborated
4748bc99becbfc78,f8d3aad4da239e28,2024,401636865,Cincinnati,points_recovery,incomplete_stream,3.0,game_unusable,cfbd_matches_neither
474a404d0d19157b,2e86df6f23760df3,2021,401301031,UCF,points_recovery,dip_restore,1.0,game_unusable,cfbd_matches_neither
475c16570b89a6c1,0946011cafdc82cf,2015,400787334,Bowling Green,points_recovery,dip_restore,7.0,game_unusable,corroborated
475deb7f03f3d331,214a4acc106611e7,2025,401754581,SMU,attribution_only,dip_restore,0.0,indistinguishable_at_drive_level,indistinguishable_at_drive_level
47628b515421aa08,6a6503309dbc8095,2016,400903226,Utah,attribution_only,dip_restore,0.0,game_unusable,cfbd_supports_baseline
477333613674daa9,c746fd498fa40034,2023,401532433,Central Michigan,attribution_only,dip_restore,0.0,game_unusable,corroborated
477eaaf6973d526e,71050406cd3263d8,2022,401404127,BYU,attribution_only,dip_restore,0.0,game_unusable,cfbd_matches_neither
47d8c8f5e9bd4a63,a8caadbc9aaf15e6,2025,401757171,Connecticut,attribution_only,dip_restore,0.0,corroborated,corroborated
47dbf05e41a8d71c,97973ecdb5806a65,2022,401411092,West Virginia,attribution_only,dip_restore,0.0,game_unusable,cfbd_supports_baseline
47ef11cd03281351,a807cae2099f1a2b,2021,401309898,Colorado,attribution_only,dip_restore,0.0,corroborated,corroborated
481234deb9b5c269,b217f1e579b507ce,2024,401645382,Rice,attribution_only,final_cap,0.0,game_unusable,cfbd_matches_neither
48188843a15d6871,c887604441a52a14,2025,401761603,Texas State,attribution_only,dip_restore,0.0,game_unusable,corroborated
481f8bb479e3b151,63a9ab4f5d2ce0dd,2022,401426564,South Carolina,attribution_only,dip_restore,0.0,game_unusable,corroborated
486357e226a61f93,cdb770ea41d3d801,2022,401411104,Georgia Tech,attribution_only,final_cap,0.0,game_unusable,cfbd_matches_neither
487708ea442444d6,cd5babf89bdb870a,2025,401754565,SMU,attribution_only,dip_restore,0.0,corroborated,corroborated
487dfa2c8ae611ed,24467e2271b2629b,2019,401117541,Boise State,points_recovery,dip_restore,3.0,game_unusable,cfbd_matches_neither
4887908740ed7190,df4c257d325efc5a,2025,401757305,Jacksonville State,attribution_only,dip_restore,0.0,game_unusable,cfbd_matches_neither
489c2bbb946f7d94,a6fbad5ba0a1bb8e,2025,401752724,Texas A&M,attribution_only,dip_restore,0.0,game_unusable,cfbd_matches_neither
48d8592062834706,90015dfc12c8aa0e,2025,401752684,South Florida,attribution_only,dip_restore,0.0,game_unusable,cfbd_supports_baseline
48dc4198afc061a5,339ec87642d4a3e6,2025,401757230,Sam Houston State,attribution_only,dip_restore,0.0,corroborated,corroborated
48f29e1f20c95933,f3978ef29cf124c4,2021,401286303,Rhode Island,attribution_only,dip_restore,0.0,corroborated,corroborated
48fad8f0f976d973,cec7e9aedc464877,2021,401309546,Bowling Green,points_recovery,incomplete_stream,19.0,game_unusable,cfbd_matches_neither
49113d3934016256,10ce7322902bc269,2025,401756907,Oklahoma State,attribution_only,dip_restore,0.0,game_unusable,cfbd_matches_neither
492fe241cee71708,aa66c95a28d74006,2023,401551755,Eastern Michigan,attribution_only,incomplete_stream,0.0,game_unusable,cfbd_matches_neither
49418c3c96f689c9,800ce07e4db0e7c0,2019,401112110,Kansas State,attribution_only,dip_restore,0.0,game_unusable,cfbd_matches_neither
496659752c21f116,935af9f22141b387,2024,401645355,Tulsa,attribution_only,dip_restore,0.0,corroborated,corroborated
49682af449018646,d13a307abf260f25,2021,401282725,Indiana,attribution_only,dip_restore,0.0,game_unusable,corroborated
496bc101c9bdf73f,6d5cfa3f95346adc,2025,401756945,BYU,attribution_only,category_possession_reassignment,0.0,game_unusable,corroborated
496dafb3ddce726a,851b6b56e944f880,2024,401635545,North Carolina Central,attribution_only,dip_restore,0.0,corroborated,corroborated
497ae920011b3118,586420abcb2bdd6c,2022,401403916,BYU,attribution_only,dip_restore,0.0,corroborated,corroborated
4991bc6ec67c8475,32b4661627ee4a99,2025,401766898,Bethune-Cookman,attribution_only,dip_restore,0.0,corroborated,corroborated
49b02d06e48ebb4c,2c282a38aed88c28,2021,401301007,Charleston Southern,attribution_only,dip_restore,0.0,corroborated,corroborated
49ccea61e0fe4cd5,e431338a76471302,2022,401416601,Buffalo,points_recovery,incomplete_stream,7.0,game_unusable,cfbd_matches_neither
49d122f11c0be635,e5fcf8120167dbe3,2021,401282271,Louisiana Tech,points_recovery,dip_restore,7.0,game_unusable,cfbd_supports_baseline
49d947d91b638068,ae051202ebd32643,2023,401525823,Oklahoma State,points_reduction,restoration_gt8,-3.0,game_unusable,cfbd_supports_baseline
49e379915ad852e7,d5b91ff80491eaa6,2023,401525901,Texas,attribution_only,dip_restore,0.0,game_unusable,corroborated
49f17deeb4f36075,e82ff7c7e8cd9381,2022,401404009,Washington,attribution_only,dip_restore,0.0,corroborated,corroborated
49f1d5e035519a70,f6833a856ba882db,2024,401644748,Bowling Green,attribution_only,dip_restore,0.0,corroborated,corroborated
49f407ae8daa40a2,0f7d56e77c52b102,2021,401282684,Clemson,attribution_only,dip_restore,0.0,game_unusable,corroborated
4a349a455ee376a1,4383925f244dea6c,2024,401628329,Old Dominion,attribution_only,dip_restore,0.0,corroborated,corroborated
4a8e9ea79131c976,16b194f577499aa5,2025,401762826,Central Michigan,attribution_only,dip_restore,0.0,corroborated,corroborated
4a94238dfcc017fb,647a7feee6c708fb,2024,401677100,Army,attribution_only,dip_restore,0.0,corroborated,corroborated
4aac44bd5ff4390a,b5d12d0f77b64841,2021,401309905,Washington State,attribution_only,dip_restore,0.0,corroborated,corroborated
4abd8c95296c2b36,b819844208f6c1fe,2022,401404086,TCU,attribution_only,dip_restore,0.0,corroborated,corroborated
4aca7edc29c7707c,8885e3983d151db4,2021,401309547,Wyoming,attribution_only,final_cap,0.0,game_unusable,indistinguishable_at_drive_level
4ae8b8697c493ad8,9f50ea2eae635f00,2023,401551773,Georgia,attribution_only,dip_restore,0.0,corroborated,corroborated
4afe451af728acb6,f2548f4c547c0278,2025,401754372,Virginia Tech,attribution_only,dip_restore,0.0,game_unusable,indistinguishable_at_drive_level
4b00136cb80309f2,9cb45fe46bd18553,2017,400933858,Ole Miss,attribution_only,category_possession_reassignment,0.0,game_unusable,cfbd_matches_neither
4b0e37001442e1bf,cb9120fe082f47fc,2017,400935418,Northwestern,attribution_only,dip_restore,0.0,corroborated,corroborated
4b3c2769daf30ed0,d70436058466bbd2,2024,401677106,Texas State,attribution_only,dip_restore,0.0,corroborated,corroborated
4b407d03e639b7d7,0b2d03c063a8c288,2019,401114274,Florida International,attribution_only,dip_restore,0.0,game_unusable,corroborated
4b5243548f363dde,5f0e790ab7c717d4,2017,400933920,Vanderbilt,attribution_only,dip_restore,0.0,corroborated,corroborated
4b5e8d5909dd9354,5787291a06274d06,2016,400869529,South Florida,attribution_only,dip_restore,0.0,corroborated,corroborated
4b643d38b7bae945,88bdef5e13489c5d,2017,400945274,Nevada,attribution_only,dip_restore,0.0,game_unusable,corroborated
4ba9355ad60aac0c,04a7909b85071cbf,2021,401282093,Tennessee,attribution_only,restoration_gt8,0.0,game_unusable,cfbd_matches_neither
4bac73a073978123,57255335d6429376,2018,401022570,San Jose State,attribution_only,dip_restore,0.0,game_unusable,corroborated
4be3eec1a0af86d8,e2abdea2b1e2b7e1,2022,401415619,Kennesaw State,attribution_only,dip_restore,0.0,game_unusable,corroborated
4bf764160ebf6b76,a050c56af5a286d8,2018,401020759,Toledo,points_recovery,dip_restore,6.0,game_unusable,cfbd_matches_neither
4c0d29dc351a4e9b,690284e11aae2d7b,2023,401531398,UT San Antonio,attribution_only,dip_restore,0.0,corroborated,corroborated
4c175b3811457b53,5b056b1747d023dd,2022,401403963,Texas A&M,attribution_only,dip_restore,0.0,corroborated,corroborated
4c1ab141f7c06171,3ad919b4b8be241b,2024,401628406,Ole Miss,attribution_only,dip_restore,0.0,corroborated,corroborated
4c262f6e1ca06c71,a876d898b47bac11,2021,401309899,Arizona,points_reduction,category_possession_reassignment,-3.0,game_unusable,cfbd_supports_baseline
4c546c741664e194,deb299c7fe1bc476,2023,401520156,Ohio State,attribution_only,dip_restore,0.0,corroborated,corroborated
4c56316dc6e9212c,74adc63b26ee71e7,2025,401762491,North Texas,attribution_only,dip_restore,0.0,corroborated,corroborated
4c5c4c22e7e23bf7,000c57fbc3d48cb6,2024,401643720,UNLV,attribution_only,dip_restore,0.0,game_unusable,cfbd_matches_neither
4c7d987f516bd282,b65796c3f24eec48,2022,401416614,Eastern Michigan,attribution_only,dip_restore,0.0,game_unusable,corroborated
4c864066be9137c3,d220e21ae5425391,2016,400869248,Colorado State,attribution_only,dip_restore,0.0,game_unusable,corroborated
4cb24aa3adc0d918,9a16dc5bfda4ea18,2016,400869114,Oregon State,attribution_only,dip_restore,0.0,game_unusable,corroborated
4cc4fdb26a7aa3a8,da31901ad8570f96,2023,401525823,Central Arkansas,points_recovery,dip_restore,6.0,game_unusable,cfbd_supports_baseline
4cd0a34ea0c3e370,670e8df4d2884d4d,2021,401331164,Toledo,attribution_only,dip_restore,0.0,corroborated,corroborated
4cd49ab4417c4bf5,47f9b201df92feeb,2023,401551748,Rice,attribution_only,dip_restore,0.0,corroborated,corroborated
4cd9ddd4577e61cc,85bbccbf6abf7bf4,2023,401532439,Buffalo,attribution_only,dip_restore,0.0,game_unusable,corroborated
4cdb28e6c0979c54,6b35aca070d1569f,2024,401635623,Miami,attribution_only,dip_restore,0.0,game_unusable,cfbd_matches_neither
4cdfa2b33d5a40c7,999040c8a9915220,2024,401628343,Arizona State,attribution_only,dip_restore,0.0,corroborated,corroborated
4cf219dec09392b8,3324c1d6a2ded5eb,2016,400869152,USC,attribution_only,dip_restore,0.0,corroborated,corroborated
4cf857fc66160a56,121d8dd9ed1156e8,2023,401520326,Tennessee,attribution_only,dip_restore,0.0,game_unusable,corroborated
4cfcfc728e62ff2f,96912c3fedf25e25,2015,400763536,Wisconsin,attribution_only,dip_restore,0.0,corroborated,corroborated
4d039c3746e50d2a,404a445101d29430,2016,400869455,North Carolina,attribution_only,category_possession_reassignment,0.0,game_unusable,cfbd_matches_neither
4d3aa94b911beb29,2d7e140a143d38c3,2022,401426538,James Madison,attribution_only,dip_restore,0.0,game_unusable,cfbd_matches_neither
4d80a9467e999263,c77e4d74444667b7,2023,401531440,Rice,attribution_only,dip_restore,0.0,corroborated,corroborated
4d9e1ba269fa9b0f,ff113cba74a31770,2022,401405102,Nebraska,attribution_only,dip_restore,0.0,corroborated,corroborated
4daf473ededec33f,ec1b391ef1e800e1,2019,401114216,Utah,attribution_only,dip_restore,0.0,corroborated,corroborated
4dd18a19668a320f,ca6b5d35db638cee,2022,401416607,Central Michigan,attribution_only,dip_restore,0.0,corroborated,corroborated
4de3fc6b6fb792bb,60af6cb4b58c79d8,2016,400868997,Alabama,attribution_only,dip_restore,0.0,corroborated,corroborated
4deab9fe8bdf2230,bbc8357fe2db2616,2022,401426333,Troy,attribution_only,dip_restore,0.0,game_unusable,corroborated
4dfc66ebc9d388da,802635c23879db6f,2021,401282215,Florida Atlantic,points_reduction,dip_restore,-1.0,game_unusable,cfbd_matches_neither
4dff9258d4d1ff54,4252719f0c67f80a,2019,401114334,Army,attribution_only,other,0.0,game_unusable,cfbd_matches_neither
4e063421f4499ceb,7e3c24106b2729bd,2023,401525818,Cincinnati,attribution_only,dip_restore,0.0,corroborated,corroborated
4e2c752e6bcedfa5,c5fc42f824dc0a85,2025,401761593,South Alabama,attribution_only,dip_restore,0.0,game_unusable,cfbd_matches_neither
4e3046234f7dcdca,d9e51605f7f22a29,2015,400603930,Texas A&M,attribution_only,dip_restore,0.0,corroborated,corroborated
4e3575e351b7681e,3d6ddd0348dcbec7,2025,401752755,Georgia,attribution_only,dip_restore,0.0,game_unusable,cfbd_matches_neither
4e3ad87df2ab32e6,9a9f8e48e5da6186,2025,401757224,UNLV,attribution_only,final_cap,0.0,game_unusable,cfbd_matches_neither
4e4154efaf9ef3f2,adaafef1b22fef0a,2021,401287905,Kansas State,attribution_only,dip_restore,0.0,corroborated,corroborated
4e570c7fac7a6d70,db3edc22d4ae20b6,2021,401309899,Arizona,points_recovery,dip_restore,3.0,game_unusable,cfbd_supports_baseline
4e70927395c71207,105807cc2912b54d,2023,401520372,Middle Tennessee,attribution_only,dip_restore,0.0,corroborated,corroborated
4e918e5004c5215c,89c2575bde6fcf05,2021,401309904,UCLA,points_recovery,incomplete_stream,27.0,game_unusable,cfbd_matches_neither
4e9d8d7812e0f532,69a73833818b205d,2023,401525903,Cincinnati,attribution_only,dip_restore,0.0,game_unusable,cfbd_matches_neither
4ea13f3a039c7ce0,9b13e5c91bb6f57b,2021,401309905,Washington State,attribution_only,dip_restore,0.0,corroborated,corroborated
4eb1b0ef5d1e7157,246334d6076496bb,2022,401404117,West Virginia,attribution_only,dip_restore,0.0,corroborated,corroborated
4eddcab56ef189dd,87d027f38438c5f0,2023,401525824,Texas,points_recovery,restoration_gt8,3.0,game_unusable,cfbd_matches_neither
4edfd33931286cef,c926667a1c355217,2024,401636910,Texas Tech,attribution_only,dip_restore,0.0,corroborated,corroborated
4f06b1ab2c495e0c,2719f59125e1389b,2015,400756952,Syracuse,attribution_only,dip_restore,0.0,game_unusable,cfbd_supports_baseline
4f1da92349c4c022,9c44c7a6592231ea,2017,400944880,Louisiana Monroe,attribution_only,dip_restore,0.0,game_unusable,corroborated
4f2a2493e04c6621,aa4ff7bb2dd29954,2023,401520172,Louisiana Tech,attribution_only,dip_restore,0.0,corroborated,corroborated
4f3b81cd277b0c8f,4870caa3b89d8f40,2021,401282263,Western Kentucky,attribution_only,dip_restore,0.0,corroborated,corroborated
4f4e2fe4d75aaff0,34dfd0150a10037d,2017,400953399,Texas,attribution_only,dip_restore,0.0,corroborated,corroborated
4f5e3dc0aa0089d5,73a788f72b2f24d1,2015,400756929,Purdue,attribution_only,dip_restore,0.0,corroborated,corroborated
4f61f059323aa500,e96134ac7a36a3a7,2017,400933891,Mississippi State,attribution_only,dip_restore,0.0,game_unusable,corroborated
4f6945b58c75e272,23e1fccfd0af75c0,2018,401015034,Middle Tennessee,attribution_only,dip_restore,0.0,game_unusable,corroborated
4f8bb0422d21adfa,5faa7f17b77e44b9,2021,401282066,Tennessee,attribution_only,dip_restore,0.0,game_unusable,corroborated
4f8c6b6f385e045e,f55b4ce6e4d4797a,2025,401752911,Oregon,points_recovery,incomplete_stream,21.0,game_unusable,cfbd_matches_neither
4fbe34d0655cc7b8,b5434fc25e93e2c2,2021,401282262,North Texas,points_recovery,incomplete_stream,43.0,game_unusable,cfbd_matches_neither
4fbe51a796098d9d,855f86854ab74859,2023,401531437,SMU,attribution_only,dip_restore,0.0,corroborated,corroborated
4fd1f5e2bd49799c,7b6b8a00d19b4fda,2025,401752828,Nebraska,attribution_only,dip_restore,0.0,corroborated,corroborated
4fd8a4472eb262e0,c233842571c71bc6,2025,401760366,New Mexico,attribution_only,dip_restore,0.0,game_unusable,cfbd_matches_neither
5015e3cbd75245af,5f1a75482a9a0c32,2023,401520324,Michigan State,attribution_only,dip_restore,0.0,corroborated,corroborated
501e43f3f3ac8d69,b947ca7cc18f884f,2021,401309558,Eastern Michigan,attribution_only,dip_restore,0.0,corroborated,corroborated
503de424b46381ea,aa0f40c0774113a0,2018,401012246,Alabama,attribution_only,dip_restore,0.0,cfbd_matches_neither,cfbd_matches_neither
50512607c85a0cba,47e1472d6a449026,2023,401525564,Virginia Tech,attribution_only,dip_restore,0.0,game_unusable,cfbd_matches_neither
505c721990f7a394,ec6bd49d1ebe3e03,2023,401531389,UT San Antonio,attribution_only,dip_restore,0.0,corroborated,corroborated
506cea803fa72825,5caae347796473bc,2018,401012285,Auburn,attribution_only,dip_restore,0.0,game_unusable,corroborated
50783fab99e17741,91896d12629bdad8,2022,401416620,Northern Illinois,attribution_only,dip_restore,0.0,game_unusable,cfbd_matches_neither
50973c2e8013dcd4,91f307912cb925e2,2023,401520262,Middle Tennessee,attribution_only,dip_restore,0.0,corroborated,corroborated
50a30d928aa2077f,a8d636e6e13aab34,2017,400937464,North Carolina,attribution_only,dip_restore,0.0,game_unusable,corroborated
50c1b4180e3bd26b,8b3aa41beabfcd41,2021,401282224,Charlotte,attribution_only,dip_restore,0.0,corroborated,corroborated
50d5279712ab3091,cf2a440b910d60c3,2018,401020688,Northern Illinois,attribution_only,dip_restore,0.0,corroborated,corroborated
50e5c0e25baf403a,a4d2b181273b4332,2024,401628446,Tennessee,attribution_only,dip_restore,0.0,game_unusable,cfbd_matches_neither
50ee1c78b480e2d4,fa2e63339ae34845,2021,401282697,Notre Dame,attribution_only,dip_restore,0.0,corroborated,corroborated
50f14d2c43188616,203ce87242a6c019,2017,400944993,Buffalo,attribution_only,dip_restore,0.0,cfbd_matches_neither,cfbd_matches_neither
5129a504a467cfc1,d06b666596a2f044,2021,401310717,New Mexico State,attribution_only,dip_restore,0.0,corroborated,corroborated
5129dc80f880476e,8e63d86367e448e5,2018,401020686,Georgia State,attribution_only,dip_restore,0.0,corroborated,corroborated
513571b5b057f2aa,7da74354757f98ec,2021,401310747,Air Force,attribution_only,dip_restore,0.0,game_unusable,corroborated
5141dcbb8707849a,f9e0083f912d21b4,2022,401426609,UTEP,points_recovery,incomplete_stream,7.0,game_unusable,cfbd_matches_neither
516194a42de3e083,292c4d42d4d5cded,2022,401426609,Florida International,attribution_only,dip_restore,0.0,game_unusable,cfbd_matches_neither
51a85ae75dbdfa76,373ac18f194f053d,2015,400764870,Memphis,attribution_only,dip_restore,0.0,corroborated,corroborated
51bbdf12eba5e285,62f28ec8e6523aeb,2017,400944854,Arkansas State,attribution_only,dip_restore,0.0,corroborated,corroborated
51cdc62b53fdddc9,104e23e618aeb97e,2021,401309849,Sacramento State,attribution_only,dip_restore,0.0,game_unusable,cfbd_matches_neither
51d3cf7f41a42253,ea1b5e7d480a2700,2022,401416614,Eastern Michigan,attribution_only,dip_restore,0.0,game_unusable,cfbd_matches_neither
51e45c1b61fb503e,1916ad6ee30acd97,2017,400934511,Texas,attribution_only,dip_restore,0.0,game_unusable,cfbd_matches_neither
51f44cd240e1aa6f,d08dcceebe541d59,2025,401754602,SMU,attribution_only,dip_restore,0.0,indistinguishable_at_drive_level,indistinguishable_at_drive_level
51fa9bf4e82aee7b,4f09665f9507d704,2025,401754543,Florida State,points_recovery,incomplete_stream,38.0,game_unusable,cfbd_matches_neither
5280bde1f4d07b52,41d1a71b1199fbe1,2022,401404062,BYU,attribution_only,dip_restore,0.0,cfbd_matches_neither,cfbd_matches_neither
528e915d120fd528,4f5ebbc7abd307ec,2021,401309639,Coastal Carolina,attribution_only,dip_restore,0.0,game_unusable,cfbd_matches_neither
529b1b151380f0f3,8e79f03a73e74688,2025,401761633,Troy,attribution_only,dip_restore,0.0,corroborated,corroborated
52bc4e492ea92c1a,b34f9a78d9082359,2021,401282215,Florida Atlantic,attribution_only,dip_restore,0.0,game_unusable,corroborated
52bc6db6cbeea0aa,b00a2ba90a20362a,2025,401756934,Utah,attribution_only,restoration_gt8,0.0,game_unusable,corroborated
52cd86dec4193184,605741c3df4fff1f,2022,401405146,Michigan State,points_recovery,incomplete_stream,21.0,game_unusable,cfbd_matches_neither
52ef171d195ea578,a15469d4c5888e6f,2023,401532591,Wyoming,attribution_only,dip_restore,0.0,game_unusable,cfbd_matches_neither
52f17b2a32adaa5e,58cd91beeacaf003,2021,401331219,Nevada,attribution_only,dip_restore,0.0,game_unusable,corroborated
5300474a92f75855,ab5a477a86b02964,2021,401309909,Arizona State,attribution_only,dip_restore,0.0,corroborated,corroborated
53139417bfb5367a,3310e98bebc8e2d7,2018,401022517,Nevada,attribution_only,dip_restore,0.0,corroborated,corroborated
5314592f25bfeda7,64e95ab6f7f90281,2023,401524053,Oregon,attribution_only,dip_restore,0.0,corroborated,corroborated
5322782f0cfb3559,58905bd49fc44dec,2025,401754538,Duke,attribution_only,dip_restore,0.0,corroborated,corroborated
53667a49bf9029a7,0d8c0c4c22920871,2021,401309900,California,attribution_only,dip_restore,0.0,game_unusable,corroborated
5371398552efb195,ea34d2dade6e6aec,2023,401526836,UMass,attribution_only,dip_restore,0.0,game_unusable,corroborated
5373aab7a56a028a,48691e654f537856,2017,400944839,Idaho,attribution_only,dip_restore,0.0,corroborated,corroborated
537abd360e5bd4cd,857f7c01886265d8,2022,401404092,Baylor,attribution_only,dip_restore,0.0,game_unusable,cfbd_matches_neither
537fb82a34d16ff4,ed500cffcc82fc94,2025,401762514,North Texas,attribution_only,category_possession_reassignment,0.0,corroborated,corroborated
539819a9229a48dd,46f1f06fd63a1949,2015,400787273,Colorado State,attribution_only,dip_restore,0.0,corroborated,corroborated
53ab7427e6e7a3a4,60b1a714fa68dfbc,2023,401532425,Ball State,attribution_only,dip_restore,0.0,corroborated,corroborated
53d365670f6d30e5,3bf12393c7bcdefd,2025,401762514,Rice,attribution_only,category_possession_reassignment,0.0,corroborated,corroborated
53da3fd2b475881c,9a92bad8cf279379,2025,401757297,UTEP,attribution_only,restoration_gt8,0.0,game_unusable,cfbd_matches_neither
53ddfa081cfd5ffb,bf2909a7a58bcb59,2017,400933828,Arkansas,attribution_only,dip_restore,0.0,game_unusable,corroborated
53ebba331b7c1f30,7c2ed8940a73860b,2024,401644728,Duquesne,attribution_only,dip_restore,0.0,corroborated,corroborated
53ef7a45abd1d20e,0317a0063cd697af,2025,401760423,Fresno State,attribution_only,dip_restore,0.0,game_unusable,cfbd_matches_neither
53f15f0b2e2cb63a,7f99ba355b8b1ced,2021,401287900,California,attribution_only,dip_restore,0.0,corroborated,corroborated
540530b93d193a7f,715533b8bfe57495,2016,400869101,USC,attribution_only,dip_restore,0.0,corroborated,corroborated
5416643b968fad98,f42eff6b28ae19ee,2017,400938662,Florida Atlantic,attribution_only,category_possession_reassignment,0.0,game_unusable,cfbd_matches_neither
54252279cb0cabdd,d90264381d1e629c,2022,401416611,Ohio,points_recovery,dip_restore,24.0,game_unusable,corroborated
5440c2602402f019,74da02f17448780b,2023,401523998,Arizona State,attribution_only,dip_restore,0.0,corroborated,corroborated
54671125f76ab3a1,f606daff48369c46,2022,401426571,Boise State,points_recovery,incomplete_stream,10.0,game_unusable,corroborated
5490f4eadec0034a,aa13bf08534a7450,2025,401754558,Clemson,points_recovery,dip_restore,3.0,game_unusable,corroborated
5491b0e31a9dfa2d,d63b446886d3fdf7,2025,401752821,Washington,attribution_only,dip_restore,0.0,corroborated,corroborated
54f4cafba4d577d5,2465c50d25026394,2025,401752685,Austin Peay,attribution_only,dip_restore,0.0,corroborated,corroborated
5514eca57335f225,0e001bb377029213,2025,401752856,Michigan,attribution_only,dip_restore,0.0,corroborated,corroborated
55206373d504db95,0ba430220bf7da46,2021,401310754,Nevada,attribution_only,dip_restore,0.0,corroborated,corroborated
552195822ab2d106,ca934f9fad608096,2025,401757233,Florida International,attribution_only,dip_restore,0.0,corroborated,corroborated
553ff83cc190da2d,c443817b81403ba7,2019,401112231,Georgia Southern,attribution_only,dip_restore,0.0,game_unusable,corroborated
554c1f19dbd518af,2445fc86846e73a5,2016,400869810,Troy,attribution_only,dip_restore,0.0,corroborated,corroborated
5559f9b06656b5f7,75764f78e1c41e58,2025,401756962,Houston,attribution_only,dip_restore,0.0,game_unusable,cfbd_matches_neither
557849eef65faf4d,4d564fe7f54a6a4e,2025,401754533,Stanford,attribution_only,dip_restore,0.0,corroborated,corroborated
5591f48cdc50c6df,fe8fb40b854a1d36,2025,401754554,Louisville,points_recovery,incomplete_stream,27.0,game_unusable,cfbd_matches_neither
5598ec37579692be,f108a5a2337d0cf7,2021,401282085,Mississippi State,attribution_only,dip_restore,0.0,corroborated,corroborated
55a8c34f659929a9,454e135c1f7aba8a,2024,401636919,Iowa State,attribution_only,dip_restore,0.0,game_unusable,corroborated
55b90b522a567978,72764f313be62531,2015,400763548,Penn State,attribution_only,dip_restore,0.0,corroborated,corroborated
55c3433c55c2c267,2a850d5cc3e5c29e,2025,401769073,Georgia,attribution_only,dip_restore,0.0,game_unusable,corroborated
55d9e52e26c185b6,6860a0d9dce95921,2025,401752949,North Texas,attribution_only,dip_restore,0.0,corroborated,corroborated
560e934179e56ee9,82d851badd8cc11a,2025,401754588,Stanford,attribution_only,dip_restore,0.0,game_unusable,cfbd_matches_neither
562b1144366cc0b3,d2522b3c299fae23,2025,401752740,Auburn,points_recovery,incomplete_stream,17.0,game_unusable,cfbd_matches_neither
56544cd376501625,77e6996f9f000659,2024,401628586,Campbell,attribution_only,dip_restore,0.0,corroborated,corroborated
5655ec27f786ca08,b266fcfc4ec90e21,2022,401404088,Kansas State,attribution_only,dip_restore,0.0,corroborated,corroborated
565f5fb29b0d8eff,1d0fd6b524e98dc2,2019,401114247,Charlotte,attribution_only,dip_restore,0.0,game_unusable,cfbd_matches_neither
565ffb6fe36a783d,ecd1d2856580d4ad,2015,400787477,Georgia State,attribution_only,dip_restore,0.0,corroborated,corroborated
567db0944652ad2e,148bce8b1ebfe23f,2022,401426563,Indiana,attribution_only,dip_restore,0.0,game_unusable,cfbd_matches_neither
5688ea41a1775f4d,8fc6cbb64121f516,2024,401645355,Tulsa,attribution_only,dip_restore,0.0,corroborated,corroborated
56a20e23115171bb,61835336add9f384,2023,401520190,Florida,attribution_only,final_cap,0.0,game_unusable,cfbd_matches_neither
56ce10b69a5af241,aa1d03457e5271fd,2021,401309551,Murray State,points_recovery,incomplete_stream,10.0,game_unusable,corroborated
56e7e37d2a95d30d,55be13383fb41304,2021,401301000,Morgan State,attribution_only,dip_restore,0.0,game_unusable,cfbd_matches_neither
56e8a90a64bff058,c080c3e42715673a,2021,401282177,South Alabama,attribution_only,final_cap,0.0,game_unusable,indistinguishable_at_drive_level
56f0eb08b8e0a736,1f393bc3dbca9368,2025,401756913,Houston,attribution_only,dip_restore,0.0,game_unusable,cfbd_matches_neither
57166b0c6afec05b,9bb122ca4c7f58a1,2016,400869222,Hawai_i,points_recovery,incomplete_stream,17.0,game_unusable,cfbd_matches_neither
572d26fde3fa2661,f806a7eeb570b9f9,2023,401525874,Kansas,points_recovery,dip_restore,12.0,game_unusable,cfbd_matches_neither
5730cc0a466ba32b,c97c2ec351077439,2025,401761591,Southeast Missouri State,points_recovery,dip_restore,7.0,game_unusable,corroborated
574e6f3282d3bbd1,8530efccc629f134,2017,400935260,Stanford,attribution_only,dip_restore,0.0,game_unusable,corroborated
575d9af692c048af,18fb70f49aca313b,2021,401310720,Utah State,attribution_only,dip_restore,0.0,game_unusable,cfbd_supports_baseline
576734fb069e7759,0289c0aafbaec560,2016,400869020,Vanderbilt,attribution_only,dip_restore,0.0,game_unusable,cfbd_matches_neither
577443e7ee992625,ea31acccf9a81d3c,2025,401754569,Connecticut,attribution_only,dip_restore,0.0,game_unusable,indistinguishable_at_drive_level
578d85e6d4f93183,63d109beedeee052,2021,401309632,Louisiana,attribution_only,dip_restore,0.0,corroborated,corroborated
579fb057ea0c5958,0d6ba8b576c6620b,2022,401404037,Washington,attribution_only,dip_restore,0.0,corroborated,corroborated
57a29ee75f7274da,b762f67ef8f3d981,2019,401117909,Memphis,attribution_only,dip_restore,0.0,corroborated,corroborated
57a4906705c43a2f,8c14add78ae068d1,2022,401404040,Oregon State,attribution_only,dip_restore,0.0,corroborated,corroborated
57b5c4d005329758,24a90f5f90f3c5a2,2023,401531925,Old Dominion,attribution_only,dip_restore,0.0,corroborated,corroborated
57e686b71dfadd15,9f5e2f550a37e4bc,2022,401411093,Wake Forest,attribution_only,dip_restore,0.0,corroborated,corroborated
57f8131166211635,d61b848b49c8d56e,2025,401754532,Colgate,attribution_only,dip_restore,0.0,corroborated,corroborated
57fcc05cd42d4db9,4c3e3e77190b713e,2021,401309633,Appalachian State,points_reduction,dip_restore,-1.0,game_unusable,cfbd_supports_baseline
5804279a255d51bc,eccc2c6e83b4d585,2022,401426340,Arkansas State,points_recovery,incomplete_stream,7.0,game_unusable,cfbd_matches_neither
583cc2e29fc79c34,25a04ba062dfc78b,2024,401628471,Rutgers,attribution_only,dip_restore,0.0,corroborated,corroborated
583e3eb8acd21169,c7b5dd9c486724ff,2024,401644754,Bowling Green,attribution_only,dip_restore,0.0,game_unusable,cfbd_matches_neither
5843b32e7cccc751,6a82dd66054659c9,2016,400869633,Rutgers,attribution_only,dip_restore,0.0,game_unusable,corroborated
584a9ff75c46388c,0a250ea14e0102a3,2024,401636915,Oklahoma State,attribution_only,dip_restore,0.0,game_unusable,cfbd_matches_neither
584d04e7fd217f51,671b43fcc0fe7034,2025,401752672,Ole Miss,attribution_only,dip_restore,0.0,corroborated,corroborated
5864aa18166f5762,738dae1a913c183c,2024,401645318,Tulsa,attribution_only,dip_restore,0.0,game_unusable,cfbd_matches_neither
58728766e5577775,0026d5366f7a356c,2016,400869231,Fresno State,attribution_only,dip_restore,0.0,corroborated,corroborated
587be60eefa734ee,f0d76028a6c0c12d,2024,401628434,Wofford,attribution_only,dip_restore,0.0,corroborated,corroborated
5881649d33e3a23c,d48b59b67e39dffb,2022,401404122,Texas Tech,points_recovery,incomplete_stream,51.0,game_unusable,cfbd_matches_neither
5883ca6940e448f1,36d925acc88c945c,2021,401309596,Bowling Green,attribution_only,dip_restore,0.0,corroborated,corroborated
5883d025da97214d,09e3802bad374918,2023,401520258,Arkansas,attribution_only,dip_restore,0.0,corroborated,corroborated
5891be2bdf431341,4de8944ccd741f68,2015,400787482,Appalachian State,attribution_only,other,0.0,game_unusable,cfbd_matches_neither
589a51db19da5d9b,2723fdecba418a1b,2015,400763472,Southern Illinois,attribution_only,dip_restore,0.0,corroborated,corroborated
589e9a65cd801a52,320d2f5196f73c49,2024,401634181,Ball State,points_recovery,final_cap,6.0,game_unusable,cfbd_matches_neither
58a556410bf33d17,01535bdcd8c07d91,2022,401416634,Northern Illinois,attribution_only,dip_restore,0.0,corroborated,corroborated
58ba6d40381461a3,123bfb71d12ab0a3,2022,401405073,Northwestern,attribution_only,dip_restore,0.0,game_unusable,cfbd_matches_neither
58c2e2cb96d98bc9,5025b1ac459f4a06,2016,400869346,Hampton,attribution_only,dip_restore,0.0,corroborated,corroborated
58e9176441c4a10f,624773de70ac8bfb,2015,400763556,Wisconsin,attribution_only,dip_restore,0.0,corroborated,corroborated
58f72695c7082506,cf0302db62dcbd84,2023,401520259,Missouri,attribution_only,dip_restore,0.0,game_unusable,cfbd_matches_neither
58fecbd56a767ee2,92017784a7852fc4,2021,401309898,UCLA,attribution_only,dip_restore,0.0,corroborated,corroborated
58ffa936732e441f,245cefa91b540c26,2025,401754622,Georgia Tech,attribution_only,dip_restore,0.0,game_unusable,cfbd_matches_neither
59139c69fc0c4eff,02fa5f6ad11a001b,2023,401524029,Stanford,attribution_only,dip_restore,0.0,game_unusable,cfbd_matches_neither
592ab36f2f7d666a,6bccce4187828324,2015,400756888,Boise State,attribution_only,dip_restore,0.0,corroborated,corroborated
5932b8338056fe49,b30b2f5139ce8f2a,2025,401761620,Arkansas State,attribution_only,dip_restore,0.0,game_unusable,cfbd_matches_neither
594a3a915b3bbb88,5677ce721ecea38f,2021,401309835,Arizona State,attribution_only,dip_restore,0.0,corroborated,corroborated
595a42d601086e7c,cd568195a8e0098c,2021,401287913,Oklahoma,attribution_only,dip_restore,0.0,game_unusable,corroborated
599d267307f51996,2caf844eee2a17cd,2023,401525831,Houston,points_recovery,incomplete_stream,41.0,game_unusable,cfbd_matches_neither
599fc004978401d5,e9b1c1398cfcf829,2025,401754558,Boston College,attribution_only,dip_restore,0.0,game_unusable,cfbd_matches_neither
59a10ee3ecd1a713,ed58143ce93a1ee8,2022,401403999,Washington State,attribution_only,dip_restore,0.0,game_unusable,cfbd_matches_neither
59cd7599ee42f3e5,2dd957fb9667d328,2024,401677190,Washington,attribution_only,dip_restore,0.0,corroborated,corroborated
59dc89a6764f2c1b,b7b8348d3ee56d1b,2017,400941809,SMU,attribution_only,dip_restore,0.0,game_unusable,corroborated
59e007205fcc2ee6,9befe7fd89c53ba2,2016,400869486,Georgia Tech,attribution_only,dip_restore,0.0,game_unusable,cfbd_supports_baseline
59e514c56272d3a3,0c3e6db87d7e8d35,2021,401282237,UT San Antonio,points_recovery,incomplete_stream,43.0,game_unusable,cfbd_matches_neither
5a101f82867384f4,617b3ac527b1894a,2025,401761646,James Madison,attribution_only,dip_restore,0.0,game_unusable,cfbd_supports_baseline
5a1056ea7ea9139c,1baf64564ab30339,2023,401520423,Sam Houston State,attribution_only,dip_restore,0.0,corroborated,corroborated
5a1383cf26f25803,c072458585da74f8,2021,401309625,Georgia State,attribution_only,dip_restore,0.0,corroborated,corroborated
5a2c6224d9c13da3,ea8e434d59d42c1f,2021,401309557,Eastern Michigan,attribution_only,dip_restore,0.0,corroborated,corroborated
5a3e0fcf425402b3,ee26585978c983cf,2024,401628350,Wisconsin,attribution_only,dip_restore,0.0,corroborated,corroborated
5a417fab3a1352a8,100c45b31ee744e7,2021,401301003,Arkansas State,attribution_only,dip_restore,0.0,corroborated,corroborated
5a689c87897d21e7,1b3599ec560a799d,2016,400869820,Louisiana,attribution_only,dip_restore,0.0,game_unusable,cfbd_matches_neither
5a7930885dc43380,aea1054ec76abe81,2022,401415621,Campbell,attribution_only,dip_restore,0.0,game_unusable,cfbd_matches_neither
5a8a9b3103a7b917,3439edca4216241d,2024,401645342,Army,points_recovery,restoration_gt8,14.0,game_unusable,cfbd_matches_neither
5a94e1070bacbb04,04512d5b776b3519,2024,401636911,BYU,attribution_only,dip_restore,0.0,corroborated,corroborated
5aaaa603d22949a7,300384268c0802d9,2025,401760379,Appalachian State,attribution_only,dip_restore,0.0,corroborated,corroborated
5ab8bfbee63560e2,8b40511e57287632,2015,400756951,Pittsburgh,attribution_only,dip_restore,0.0,corroborated,corroborated
5ae26b1e814e4858,f811645d62ec5469,2023,401531913,Georgia State,attribution_only,dip_restore,0.0,corroborated,corroborated
5b10fd3431b2ca4a,cd7708c06ebeae87,2017,400935266,Washington,attribution_only,dip_restore,0.0,corroborated,corroborated
5b110c06fdb07cab,dd60a9b84fb4e756,2021,401282250,UAB,attribution_only,dip_restore,0.0,corroborated,corroborated
5b285584bbe3bc39,7f7e356996914115,2023,401520414,Northwestern,attribution_only,dip_restore,0.0,corroborated,corroborated
5b2ac72f71b3add1,8c1631a8330a5b34,2022,401403930,Tennessee,attribution_only,dip_restore,0.0,corroborated,corroborated
5b325b085bf03ca9,608d44c257a03509,2022,401416631,Miami (OH),attribution_only,dip_restore,0.0,corroborated,corroborated
5b439ec938108b54,73e93fddfdf9eb49,2022,401416594,Western Michigan,points_recovery,incomplete_stream,8.0,game_unusable,cfbd_matches_neither
5b60f0cf4bd91cba,6990e3beb68879a9,2015,400764914,Tulane,attribution_only,dip_restore,0.0,corroborated,corroborated
5b64daab00ed591d,e64abff54cf34b3c,2023,401520150,Arkansas,attribution_only,dip_restore,0.0,corroborated,corroborated
5b794670794f43ed,d46311286b841eb5,2025,401761629,Appalachian State,attribution_only,dip_restore,0.0,game_unusable,corroborated
5b885eb38276400e,eb6a51e9e4e32ff1,2025,401754546,Wake Forest,points_recovery,incomplete_stream,29.0,game_unusable,cfbd_matches_neither
5b9aa313b0b01579,c6cfcb8155add0f1,2025,401752691,South Carolina State,attribution_only,dip_restore,0.0,corroborated,corroborated
5bb1743413938c68,1c6a4ae2fa327541,2017,400959398,Purdue,attribution_only,dip_restore,0.0,game_unusable,corroborated
5bbbb66612ff1664,dab1bc1731915c18,2017,400941851,Connecticut,attribution_only,dip_restore,0.0,corroborated,corroborated
5bc5200cc708e54e,ae001d9523a65cf0,2022,401411166,Florida State,attribution_only,dip_restore,0.0,corroborated,corroborated
5bd55a03723e2260,ce7e7d87e8faf34a,2022,401404063,Texas Tech,attribution_only,dip_restore,0.0,game_unusable,cfbd_matches_neither
5c1bedb06c80e606,11895559b645b477,2021,401310731,Utah State,points_recovery,incomplete_stream,44.0,game_unusable,cfbd_matches_neither
5c1de660b53b5bb0,a7b194cfad1b173a,2017,400937493,Clemson,attribution_only,dip_restore,0.0,corroborated,corroborated
5c2a5b94e27bd3da,b7e55ec25ac0f707,2025,401762839,Central Michigan,attribution_only,dip_restore,0.0,corroborated,corroborated
5c2ab6b4365803c6,82155be17d1907ff,2021,401282268,Charlotte,attribution_only,dip_restore,0.0,corroborated,corroborated
5c2f4d346e3f3b96,7f8c87e94cea0361,2017,400944859,South Alabama,attribution_only,dip_restore,0.0,corroborated,corroborated
5c318d2d46061c53,a60d74615c140098,2022,401426360,Robert Morris,attribution_only,dip_restore,0.0,game_unusable,corroborated
5c725f6314daa4d5,7bd2e6cc79b94c93,2019,401121934,Appalachian State,attribution_only,dip_restore,0.0,corroborated,corroborated
5c77d69e7d78efc6,55023795a93024f3,2025,401762506,North Texas,attribution_only,category_possession_reassignment,0.0,corroborated,corroborated
5c89f963fa7291cf,89470cdafd0b0653,2023,401532610,Nevada,attribution_only,dip_restore,0.0,game_unusable,cfbd_supports_baseline
5c951bd0bee49707,78715b91188eb59f,2025,401761628,South Alabama,attribution_only,dip_restore,0.0,game_unusable,cfbd_supports_baseline
5ca099872deb7761,d91c4a3b62f4e146,2021,401282244,Old Dominion,points_recovery,incomplete_stream,20.0,game_unusable,cfbd_matches_neither
5ca2cc99f0b49e9c,7afc4c0a8cfd2010,2023,401532579,Utah State,points_reduction,category_possession_reassignment,-5.0,game_unusable,corroborated
5cbb5b31fcdaccca,1e0f88e553640737,2021,401309840,Washington State,points_recovery,incomplete_stream,16.0,game_unusable,cfbd_matches_neither
5cd8d567d43c5735,6d4a12459f5efb00,2022,401405115,Michigan,attribution_only,dip_restore,0.0,game_unusable,cfbd_matches_neither
5cdd1b21769d3141,7bf2ca2e48d3a565,2022,401404011,Utah,attribution_only,dip_restore,0.0,corroborated,corroborated
5cef472ea568ff69,db3aa553ee789bcc,2023,401551743,Georgia State,attribution_only,dip_restore,0.0,corroborated,corroborated
5cf219cb0b0c6761,aaa8750a84a27552,2017,400944903,Western Michigan,attribution_only,dip_restore,0.0,corroborated,corroborated
5d2d96eaab67612c,00b1da56a781637f,2023,401531834,Georgia State,attribution_only,dip_restore,0.0,game_unusable,cfbd_matches_neither
5d972c6bbd3905ab,0b82bf26a32ac483,2024,401677177,Tennessee,attribution_only,dip_restore,0.0,corroborated,corroborated
5d982a3a1585f7e6,ed4349ccdca50289,2017,400937475,Toledo,points_recovery,incomplete_stream,10.0,game_unusable,cfbd_matches_neither
5da96b17ac1996da,1a2011f0d33c903f,2024,401628334,LSU,attribution_only,dip_restore,0.0,corroborated,corroborated
5db4b2c9c8425681,11a257657e892ca6,2016,400869126,USC,attribution_only,dip_restore,0.0,corroborated,corroborated
5dbeed1fbcd15b1e,d0a935050fc20d75,2017,400981507,Miami,attribution_only,dip_restore,0.0,game_unusable,corroborated
5dc6ba86d8144ff6,df589405efbbf707,2021,401309908,Oregon State,attribution_only,dip_restore,0.0,corroborated,corroborated
5ded6d8275c40a51,cb31f1e6033bf718,2025,401761631,James Madison,points_recovery,incomplete_stream,63.0,game_unusable,cfbd_matches_neither
5dfaf6d733a6bcc5,0d68cb7df278268b,2021,401287917,Baylor,points_recovery,dip_restore,3.0,game_unusable,corroborated
5e0643ef8b3d005a,0cf517118371742c,2021,401282209,Old Dominion,attribution_only,dip_restore,0.0,corroborated,corroborated
5e17a91e5f96b2d5,d847c434646419b7,2022,401404089,Kansas,attribution_only,dip_restore,0.0,corroborated,corroborated
5e4721fa6d612068,6dbc9d465241ccbc,2023,401520273,UTEP,attribution_only,dip_restore,0.0,game_unusable,cfbd_matches_neither
5e6224cf4ca837c6,c3f65c738e6f1a1e,2021,401282269,Southern Mississippi,attribution_only,dip_restore,0.0,corroborated,corroborated
5e645ea498461ce4,bb2532b27ee7b1ac,2024,401643767,UNLV,attribution_only,dip_restore,0.0,game_unusable,corroborated
5e7492fb6eabdba3,c9f9a3f4835f56d5,2023,401532582,North Dakota,attribution_only,category_possession_reassignment,0.0,game_unusable,cfbd_matches_neither
5e74fc6f45ecd6a9,480efea0bd9bf9e0,2021,401282257,UAB,attribution_only,dip_restore,0.0,game_unusable,cfbd_matches_neither
5e9c503baa089eaf,d28305802ff84faf,2024,401635612,Boston College,attribution_only,dip_restore,0.0,game_unusable,cfbd_matches_neither
5eb572fba38ab51b,8f6cd61f291d7896,2025,401778334,Mississippi State,attribution_only,dip_restore,0.0,game_unusable,cfbd_matches_neither
5ec71b84e7daead4,1c4108c8e820f61b,2021,401319455,New Mexico State,attribution_only,dip_restore,0.0,game_unusable,corroborated
5ec71dc8850b2363,2c61e876f73e844b,2024,401636374,Florida A&M,attribution_only,dip_restore,0.0,corroborated,corroborated
5ecd33eb193cb08a,d82be7057ca220ac,2025,401752737,Texas A&M,attribution_only,dip_restore,0.0,game_unusable,cfbd_matches_neither
5ecdae50a88440ad,0faf0ba2aa48a1f1,2023,401525867,Texas Tech,attribution_only,dip_restore,0.0,corroborated,corroborated
5f181743ee57faca,6c9641c129b1b51a,2016,400869342,Indiana,attribution_only,dip_restore,0.0,game_unusable,corroborated
5f275a0ed0b4f5f4,b064f66e5e7fc279,2021,401301020,Tulsa,attribution_only,dip_restore,0.0,corroborated,corroborated
5f288edab89122d0,fdda085d0a30337f,2015,400763499,Colorado State,attribution_only,dip_restore,0.0,game_unusable,cfbd_matches_neither
5f28a6cbed0df09e,b45cb328d8bd2641,2025,401762838,Ball State,attribution_only,final_cap,0.0,game_unusable,indistinguishable_at_drive_level
5f44ef6c944d01cf,e50b05867ab7ceb9,2015,400756906,Boston College,attribution_only,dip_restore,0.0,game_unusable,corroborated
5f454a37b2cce055,8acaec6f2a6242d2,2025,401761655,Louisiana,points_recovery,incomplete_stream,20.0,game_unusable,corroborated
5f68ff90595b3420,c3acabfe20070fef,2019,401117909,Memphis,attribution_only,dip_restore,0.0,corroborated,corroborated
5f6e15d0e905348f,971327c18a130029,2025,401760361,Fresno State,attribution_only,dip_restore,0.0,corroborated,corroborated
5f70a66ab086913a,eb8519d708271a4b,2025,401752938,Texas Tech,attribution_only,dip_restore,0.0,game_unusable,cfbd_matches_neither
5fa5ce834a4d5410,09178bd1c14c046f,2023,401531840,Southern Mississippi,attribution_only,dip_restore,0.0,corroborated,corroborated
5fb17b4ab5642a82,0581e407361ce6c1,2023,401520198,Liberty,attribution_only,dip_restore,0.0,corroborated,corroborated
5fb266ad9a688cba,ec8ff00346ca8025,2021,401282232,Western Kentucky,attribution_only,dip_restore,0.0,corroborated,corroborated
5fb2a56765654046,49085e697ffcfc4a,2016,400869018,Arkansas,attribution_only,dip_restore,0.0,corroborated,corroborated
5fbc9d1b31bdc6d8,b3d585ea734eb116,2021,401282674,Pittsburgh,attribution_only,category_possession_reassignment,0.0,game_unusable,cfbd_matches_neither
5fd474cfeb230cf9,98548621011bc38e,2025,401762829,Akron,attribution_only,dip_restore,0.0,game_unusable,cfbd_matches_neither
60204d26e1a67e38,6dcec82850aa88d1,2021,401287938,Baylor,attribution_only,dip_restore,0.0,game_unusable,cfbd_matches_neither
603242fae5bc133b,4d56ff71177e08ad,2023,401531386,UAB,attribution_only,category_possession_reassignment,0.0,game_unusable,cfbd_matches_neither
6070fb16f0c6c95c,b8f143fe4439ebab,2016,400869208,Wyoming,attribution_only,dip_restore,0.0,corroborated,corroborated
607e5071948e3198,d19be75050c4c48d,2024,401644731,Western Illinois,points_recovery,incomplete_stream,14.0,game_unusable,cfbd_matches_neither
6081479d1955fcff,ad5050cac0d261e9,2024,401636930,BYU,attribution_only,dip_restore,0.0,corroborated,corroborated
60908d4836a0e5df,66f68c1304519ce7,2019,401114160,Arizona State,attribution_only,dip_restore,0.0,game_unusable,cfbd_supports_baseline
6097db6d3a82e93d,d3e42d1652bc00bf,2025,401754561,SMU,attribution_only,dip_restore,0.0,corroborated,corroborated
60abf8cc8d9538d1,60fab8864aa9205f,2024,401628486,Indiana,attribution_only,other,0.0,game_unusable,cfbd_matches_neither
60c5aedf3aa5e25b,e29d7afa8f27a9f8,2024,401645323,Army,attribution_only,dip_restore,0.0,corroborated,corroborated
60e7029094f71977,4a82f9ce6eb381a3,2021,401331167,Fresno State,points_recovery,incomplete_stream,25.0,game_unusable,cfbd_matches_neither
61053046ceca664f,d3633c96364ce6b0,2022,401415249,Nevada,attribution_only,dip_restore,0.0,corroborated,corroborated
6114e711dd50d259,71497c14b4046eed,2021,401309884,Oregon,attribution_only,category_possession_reassignment,0.0,game_unusable,corroborated
6130c0873011cd54,6262285f33674f07,2021,401282623,Boston College,attribution_only,dip_restore,0.0,game_unusable,cfbd_matches_neither
6137be49279d332a,ed8b1aaaf30438c7,2023,401525816,Kent State,attribution_only,dip_restore,0.0,game_unusable,corroborated
6161e87aed3e6b76,2111a63ec4822c20,2018,401022542,Hawai_i,attribution_only,dip_restore,0.0,corroborated,corroborated
6167b8b089b74b04,88d05cb24eebd904,2023,401525881,UCF,attribution_only,dip_restore,0.0,corroborated,corroborated
61795e3d0db07522,74cda38ab2ad04be,2016,400869054,Kentucky,attribution_only,dip_restore,0.0,game_unusable,corroborated
618118d7a1a46477,f7672df233a4317e,2017,400938636,UT San Antonio,attribution_only,dip_restore,0.0,game_unusable,corroborated
6184737b09ff0af7,ce0b397ff2fc1aa5,2021,401282263,Western Kentucky,attribution_only,dip_restore,0.0,corroborated,corroborated
6193b2e9fbe779f9,1768dafc5939cd52,2021,401309546,South Alabama,points_recovery,incomplete_stream,18.0,game_unusable,cfbd_matches_neither
619f52fc0f8df474,bbd7900a81942b88,2022,401426558,North Texas,points_recovery,incomplete_stream,22.0,game_unusable,cfbd_matches_neither
61b8f4c30ad243b9,a2a92b81557626e2,2021,401309620,Louisiana,attribution_only,dip_restore,0.0,corroborated,corroborated
61ba5f034ff3bd60,04739548202a228b,2015,400787462,New Mexico State,points_recovery,dip_restore,7.0,game_unusable,cfbd_matches_neither
61e7cbd8db7085ba,12f69246fc5d7558,2025,401760417,Utah State,points_recovery,incomplete_stream,28.0,game_unusable,cfbd_matches_neither
620d87d619bf0b2d,4483161c07184226,2022,401405069,Rutgers,attribution_only,dip_restore,0.0,corroborated,corroborated
621c189c89178bdb,5b26d508af321795,2022,401416590,Eastern Kentucky,attribution_only,dip_restore,0.0,corroborated,corroborated
6222955fbb65df5c,8da108ad4336f9b6,2023,401525506,Louisville,attribution_only,dip_restore,0.0,corroborated,corroborated
6229e1a5cf60ef1f,2271432eefbd6977,2023,401520187,Coastal Carolina,attribution_only,dip_restore,0.0,corroborated,corroborated
624279f568b829de,373a2ba6c8a827a1,2017,400953325,Arkansas State,attribution_only,dip_restore,0.0,corroborated,corroborated
6249b5c5cbe40935,4c52a50d8840d7ee,2023,401532436,Kent State,attribution_only,incomplete_stream,0.0,game_unusable,cfbd_matches_neither
624ed0b8ee8ee8a4,8f471e8162a785a2,2023,401531404,Charlotte,attribution_only,dip_restore,0.0,corroborated,corroborated
625f33ea4b7b2eca,2ec2970fdc7d9189,2023,401532394,Howard,points_reduction,category_possession_reassignment,-7.0,game_unusable,corroborated
62645e5be7713b2d,f9d8be1883431ddb,2022,401415243,Fresno State,attribution_only,dip_restore,0.0,corroborated,corroborated
626a04524b019727,d3f1f0449e874ee3,2024,401645346,Army,attribution_only,dip_restore,0.0,corroborated,corroborated
626ebe06c55a08e3,e4064c3ceade81b4,2016,400868887,Northern Iowa,attribution_only,dip_restore,0.0,corroborated,corroborated
627a95ab310365d5,03f7af81c4857d0e,2023,401531875,Louisiana,attribution_only,dip_restore,0.0,corroborated,corroborated
62905a754f54f72f,d7c5f4a4923c10f1,2025,401757229,New Mexico State,attribution_only,dip_restore,0.0,game_unusable,cfbd_matches_neither
629e9126a765f0c3,154d3994b06e11d6,2023,401532450,Bowling Green,attribution_only,dip_restore,0.0,corroborated,corroborated
62be77d2720ac08d,41864e3259598d5e,2019,401121962,Coastal Carolina,attribution_only,dip_restore,0.0,corroborated,corroborated
62e2a9bf4e66bb4f,61598585494c783b,2023,401532429,Bowling Green,attribution_only,dip_restore,0.0,game_unusable,cfbd_matches_neither
62f05578196f34af,ce7d46d1d317f352,2024,401641017,San Jose State,points_recovery,dip_restore,1.0,game_unusable,cfbd_supports_baseline
630c19a331010d24,1b5e5c39cc1d4d30,2016,400869158,UCLA,attribution_only,dip_restore,0.0,game_unusable,corroborated
630d141d64c09aa7,6e0f594157ca13b6,2024,401628455,Ohio State,attribution_only,dip_restore,0.0,corroborated,corroborated
630d2a3f35b8de3a,2541cbadfeac46f9,2022,401403904,Florida,attribution_only,dip_restore,0.0,corroborated,corroborated
63186841a7823484,0ced8bba45e722cb,2025,401752844,Iowa,attribution_only,dip_restore,0.0,game_unusable,cfbd_matches_neither
639548e1dbe98d4e,a2a25f724d86afcc,2022,401411166,Florida State,attribution_only,dip_restore,0.0,corroborated,corroborated
639da2c72f4b15b1,35a6e389ca0ca25a,2024,401629031,Florida Atlantic,attribution_only,final_cap,0.0,game_unusable,indistinguishable_at_drive_level
63da977990857d17,234a018e45c58cd3,2016,400869366,Louisville,attribution_only,dip_restore,0.0,game_unusable,corroborated
63ec0a68af42aa14,d4be935c3cb32ee9,2024,401628564,Indiana,attribution_only,dip_restore,0.0,corroborated,corroborated
642462d6590f8652,2332456c58695405,2023,401524003,USC,points_recovery,incomplete_stream,28.0,game_unusable,cfbd_matches_neither
64602a4e198c4b92,bb71a73c4952e002,2024,401641028,Colorado State,attribution_only,category_possession_reassignment,0.0,game_unusable,cfbd_matches_neither
6477f150e171c0d2,88f3183c926ffdcb,2015,400603907,Kentucky,attribution_only,dip_restore,0.0,game_unusable,corroborated
648fcf77af80e8e0,96c06055f0d1b45c,2023,401531920,South Alabama,attribution_only,dip_restore,0.0,game_unusable,cfbd_supports_baseline
64aeefeaa3b3e25b,1893d776eac32891,2022,401415259,Fresno State,points_recovery,incomplete_stream,23.0,game_unusable,cfbd_matches_neither
64c4dc6819b759fe,95d843c3c37708af,2018,401013365,Liberty,points_recovery,incomplete_stream,42.0,game_unusable,cfbd_matches_neither
64e2cb88a350f974,89ddae66bb80a9f3,2021,401309891,Colorado,attribution_only,dip_restore,0.0,game_unusable,cfbd_matches_neither
6500ceb7f2ed02bd,e9ccb0ee4929a744,2022,401405144,Ohio State,attribution_only,dip_restore,0.0,corroborated,corroborated
6502898a077a04b0,4a62f2fe742c8e13,2024,401629042,UMass,attribution_only,dip_restore,0.0,corroborated,corroborated
652b39c7d37a9ad1,09f9839cbade535e,2024,401643701,Nevada,attribution_only,dip_restore,0.0,corroborated,corroborated
65370c8a1c0a4507,7342cedf0ac25b67,2024,401635623,Miami,attribution_only,final_cap,0.0,game_unusable,cfbd_matches_neither
65371f6dc1b1fc98,b05e18f69933e78e,2024,401636889,Baylor,attribution_only,dip_restore,0.0,corroborated,corroborated
6537658daa185714,7fa7b0f425c09bcd,2022,401404094,Oklahoma,points_recovery,restoration_gt8,38.0,game_unusable,cfbd_matches_neither
65471f977cbe56ec,9df81467651152bd,2023,401525874,Oklahoma,points_recovery,dip_restore,6.0,game_unusable,cfbd_supports_baseline
655549d4d44594c7,99faf069f8f704af,2021,401309834,Utah,attribution_only,dip_restore,0.0,corroborated,corroborated
6573eab1ff37d19c,d606c37c9085f756,2023,401525500,Florida State,attribution_only,dip_restore,0.0,corroborated,corroborated
658b3447be11ab3f,85d9a3c83d3e1702,2016,400869359,Texas Tech,attribution_only,dip_restore,0.0,corroborated,corroborated
658f1207b19a5ebf,8371f18b6bf3620e,2025,401754601,Pittsburgh,attribution_only,dip_restore,0.0,game_unusable,cfbd_matches_neither
65a11edfd99dba01,128edf16303a9c62,2023,401532410,Eastern Michigan,attribution_only,dip_restore,0.0,game_unusable,corroborated
65a7cc698703ce5b,9cf8a916bc0aa777,2023,401525557,Syracuse,attribution_only,other,0.0,game_unusable,cfbd_matches_neither
65b30935f36f1083,140bfab1b82dd351,2017,400938639,North Texas,attribution_only,other,0.0,cfbd_matches_neither,cfbd_matches_neither
65b5b3aa292c0ca5,203af46e5171b5f8,2021,401310708,Hawai_i,attribution_only,dip_restore,0.0,corroborated,corroborated
65c21a678521d4e4,f0741908ddc5e414,2017,400944884,Appalachian State,attribution_only,dip_restore,0.0,game_unusable,corroborated
65d4084de45f0cca,8ee0e7b9a032d8db,2024,401635555,South Florida,attribution_only,dip_restore,0.0,corroborated,corroborated
65ed2486fa758b41,762c763a3ba21ab9,2021,401286306,UMass,attribution_only,dip_restore,0.0,corroborated,corroborated
66094bd7a29961bf,f7de7798571722fe,2025,401761598,Memphis,points_reduction,category_possession_reassignment,-14.0,game_unusable,cfbd_supports_baseline
6611b2192eab4840,a8ee460288f42d43,2022,401415269,Boise State,attribution_only,dip_restore,0.0,corroborated,corroborated
6626384aa3242a49,3b8acf8741af9aea,2021,401309631,Louisiana,points_recovery,incomplete_stream,19.0,game_unusable,cfbd_matches_neither
662929ee6ac478be,618b92acd5dca72e,2025,401752840,California,points_recovery,incomplete_stream,10.0,game_unusable,cfbd_matches_neither
667473f690c82ca8,707602ddc2e92cb6,2025,401752678,Texas A&M,attribution_only,dip_restore,0.0,game_unusable,corroborated
66766f98f8c83af9,3e6fe7f9754c52cf,2018,401022545,Utah State,attribution_only,dip_restore,0.0,game_unusable,corroborated
667e835f4b567779,7d4ab804c21ce66c,2016,400869358,Florida Atlantic,points_recovery,incomplete_stream,7.0,game_unusable,cfbd_matches_neither
66cdad443f45398f,5aed7214ead32b23,2023,401524006,Idaho,attribution_only,dip_restore,0.0,corroborated,corroborated
66f095fb858a911a,e168917d0e80ef99,2021,401282110,Ole Miss,attribution_only,dip_restore,0.0,corroborated,corroborated
66f87e76c1ec5834,36365be9e290ff2c,2015,400757049,Washington State,attribution_only,dip_restore,0.0,game_unusable,cfbd_matches_neither
6706000c5a3a9cc9,55dbcb29b9776d49,2017,400941834,Temple,attribution_only,dip_restore,0.0,corroborated,corroborated
6751c43b2c312223,be6f6ba7c475c29a,2023,401525440,Notre Dame,attribution_only,dip_restore,0.0,game_unusable,cfbd_matches_neither
6758634f4ca8e352,53976c9846e83c16,2021,401310711,Nevada,attribution_only,dip_restore,0.0,corroborated,corroborated
676d60e31dd51c86,9c4a70d5f4be7144,2022,401416601,Coastal Carolina,points_recovery,incomplete_stream,7.0,game_unusable,cfbd_matches_neither
6773e4d4b9667af9,51a55cd77d748bf9,2017,400933894,Arkansas,points_recovery,dip_restore,7.0,game_unusable,cfbd_supports_baseline
67a7294ae517bd02,9118001883fe13cd,2018,401013188,West Virginia,attribution_only,dip_restore,0.0,corroborated,corroborated
67ad04ab29ad64d2,400602964c49a29f,2016,400869225,Hawai_i,points_recovery,incomplete_stream,14.0,game_unusable,cfbd_matches_neither
67b54cdd5452f3c3,93fdeadf84c3a1ba,2024,401643762,UNLV,attribution_only,dip_restore,0.0,corroborated,corroborated
67c01d9c1c7d8c85,80a25c77f7974cc7,2016,400868995,Kentucky,attribution_only,dip_restore,0.0,game_unusable,corroborated
67d50b689eb4cbe7,c170ec4955fedd82,2022,401426553,UT San Antonio,attribution_only,incomplete_stream,0.0,game_unusable,cfbd_matches_neither
67d54ae03c61f493,6966d1441f2381bc,2017,400953325,Middle Tennessee,attribution_only,dip_restore,0.0,corroborated,corroborated
67e327bc120f568b,e6238f948db82e28,2023,401520218,Western Kentucky,points_recovery,dip_restore,7.0,game_unusable,cfbd_supports_baseline
67fafae9d94109eb,fefff03f77d4bacb,2022,401404129,Notre Dame,attribution_only,dip_restore,0.0,corroborated,corroborated
68015a567f74e11e,c346753c9d5bbf99,2024,401636934,Oklahoma State,attribution_only,dip_restore,0.0,corroborated,corroborated
6805585f970de6f4,95a1874eb5d5be5d,2025,401754569,Boston College,attribution_only,final_cap,0.0,game_unusable,cfbd_matches_neither
68697bb3e3b39b1d,2cfc60302ffda2ae,2025,401761651,Georgia State,attribution_only,dip_restore,0.0,game_unusable,cfbd_matches_neither
687af9629b76736f,9d89e0eafe2d7cb6,2023,401525876,Oklahoma State,attribution_only,dip_restore,0.0,corroborated,corroborated
68f4f8668037f7aa,4efa04771109bc78,2021,401310741,Air Force,attribution_only,dip_restore,0.0,corroborated,corroborated
68fc7706133bc2ba,ace0a6c7605b7c6b,2015,400603836,Southern Mississippi,attribution_only,dip_restore,0.0,game_unusable,corroborated
691f63705cacba5d,70abf31b1d623468,2015,400787458,Texas State,attribution_only,dip_restore,0.0,game_unusable,corroborated
6930fe2c5f2734d5,b7543fcd92eae5a7,2017,400945252,Howard,attribution_only,dip_restore,0.0,game_unusable,corroborated
6971cb8316c85348,1545d9f361a8f42e,2022,401416640,Central Michigan,attribution_only,dip_restore,0.0,corroborated,corroborated
69aeb7a81e6dd08b,f004b148849c0485,2023,401520325,Florida,attribution_only,dip_restore,0.0,corroborated,corroborated
69b41fb191553dde,fb685b1a3206689e,2018,401015043,UAB,attribution_only,dip_restore,0.0,game_unusable,corroborated
69b85d08f4ac5f16,9751190059b4aece,2025,401756900,Oklahoma State,attribution_only,dip_restore,0.0,game_unusable,cfbd_matches_neither
69bf5cd36e2d592a,6c78549208b390a4,2017,400941853,Tulsa,attribution_only,dip_restore,0.0,game_unusable,cfbd_matches_neither
69e66e9e1645a246,2f098d6df252aeb0,2024,401628559,Minnesota,attribution_only,dip_restore,0.0,game_unusable,cfbd_matches_neither
69f56fd850dbfa18,87f206da4e8025ce,2021,401331654,Washington State,attribution_only,dip_restore,0.0,corroborated,corroborated
6a017eb393aaf500,1262740b8588ae9e,2025,401754568,Pittsburgh,attribution_only,dip_restore,0.0,corroborated,corroborated
6a0cac6d8b15071e,8265d71a15aa5198,2025,401757278,Missouri State,attribution_only,final_cap,0.0,game_unusable,cfbd_matches_neither
6a1cc7b6e1f6f6d5,79901594a1e4b05b,2025,401754560,Georgia Tech,attribution_only,dip_restore,0.0,corroborated,corroborated
6a5060c1ac2128d4,c20a724834485ead,2023,401525843,UCF,attribution_only,dip_restore,0.0,corroborated,corroborated
6a568bde82a32e7a,ee6031ee3b1b3e50,2021,401282192,UT San Antonio,attribution_only,final_cap,0.0,game_unusable,cfbd_matches_neither
6a83a2b721f65379,5f4da2dd6ef8d66e,2021,401301018,Cincinnati,attribution_only,dip_restore,0.0,corroborated,corroborated
6ab050ded7f0b674,c0c9cb47ce854ff2,2022,401405134,Purdue,attribution_only,dip_restore,0.0,corroborated,corroborated
6abb13d6f66f1d5d,483c06ef47eb0cb4,2023,401525538,Miami,points_recovery,dip_restore,6.0,cfbd_matches_neither,cfbd_matches_neither
6ae01853635e5d1f,c664e2996e9cbc66,2025,401756929,Houston,attribution_only,dip_restore,0.0,cfbd_supports_baseline,cfbd_supports_baseline
6aed4239c0930200,3a0e203c62f1c195,2025,401762472,Florida Atlantic,points_reduction,category_possession_reassignment,-7.0,game_unusable,cfbd_supports_baseline
6b16361946455b0d,5de384e85a1154e5,2023,401520348,UTEP,attribution_only,dip_restore,0.0,corroborated,corroborated
6b371fbe65b24ce9,00103ad646f577e7,2021,401310734,Nevada,attribution_only,dip_restore,0.0,corroborated,corroborated
6b3b37485c9d692e,fc63ed09efaa8ae1,2024,401643758,Boise State,attribution_only,dip_restore,0.0,corroborated,corroborated
6b75371503d3a756,90ce0b4d6e3ae616,2025,401778321,North Texas,points_recovery,incomplete_stream,49.0,game_unusable,cfbd_matches_neither
6b782cc01448d4f0,29b62fe68b58b06a,2022,401403880,Alabama,points_recovery,incomplete_stream,7.0,game_unusable,cfbd_matches_neither
6b84f5e7e02bd9b0,941332d430f78b84,2017,400941851,Connecticut,points_recovery,dip_restore,6.0,corroborated,corroborated
6b86d9b76505224c,0a5c8891efbb2b88,2019,401114241,North Texas,attribution_only,other,0.0,game_unusable,cfbd_matches_neither
6b9e006f5ae06a35,b60cf3878978f92a,2021,401282243,Florida Atlantic,points_reduction,other,-1.0,game_unusable,cfbd_supports_baseline
6bbf1addd80d74a9,b0b6935293bbfd6c,2024,401628445,Texas,attribution_only,dip_restore,0.0,corroborated,corroborated
6bc19d4a935bedee,6a66f7af176d803d,2022,401403927,Auburn,attribution_only,dip_restore,0.0,corroborated,corroborated
6be09864eb658668,4167a1229f7966d3,2022,401403987,California,attribution_only,dip_restore,0.0,corroborated,corroborated
6c2dc82f95adf8c2,db8bf31d76931d78,2016,400869018,Alabama,attribution_only,dip_restore,0.0,corroborated,corroborated
6c3f94bfd831a3a5,2b28797eaf5b08ae,2015,400763495,BYU,points_recovery,dip_restore,6.0,corroborated,corroborated
6c4129d1403405ce,e7e48a54e3117cf9,2021,401282183,Florida Atlantic,points_recovery,incomplete_stream,37.0,game_unusable,cfbd_matches_neither
6c7a2abde7ece37b,d712abaf2344c4bd,2023,401520268,Syracuse,attribution_only,dip_restore,0.0,corroborated,corroborated
6c8b2a17e851f4d1,e6ccdc7ace093099,2021,401287909,Kansas State,points_recovery,incomplete_stream,20.0,game_unusable,cfbd_matches_neither
6c9020c96499d446,66309fbfd00a7438,2023,401525896,Kansas State,points_recovery,incomplete_stream,24.0,game_unusable,cfbd_matches_neither
6ca2b3dedef3ad62,b4bc77fb226c7d6b,2018,401021660,South Alabama,attribution_only,dip_restore,0.0,game_unusable,corroborated
6cb25908dd7fa687,cb967e86bbf0e351,2025,401754522,Miami,attribution_only,dip_restore,0.0,game_unusable,cfbd_matches_neither
6cb49c101a4d8673,9e125df13a432726,2022,401426531,UTEP,attribution_only,dip_restore,0.0,game_unusable,corroborated
6cbdeddbd43c540f,59c2fbae659d9656,2022,401404028,Arizona State,attribution_only,dip_restore,0.0,corroborated,corroborated
6cd0d4b5a95c34cc,9ee46598b713175a,2017,400934570,Army,attribution_only,dip_restore,0.0,game_unusable,corroborated
6cd6f8d4b34af782,bb188f48e8e0019a,2025,401762510,South Florida,attribution_only,dip_restore,0.0,game_unusable,cfbd_matches_neither
6cd96241b4ff23e2,47b0c3fcbabcbbf6,2021,401282156,UT San Antonio,attribution_only,dip_restore,0.0,corroborated,corroborated
6ce5a4dcfccb6c44,1daf63f7b5854bc2,2021,401282726,Indiana,attribution_only,category_possession_reassignment,0.0,game_unusable,cfbd_matches_neither
6cf46a060d2a9a4a,cc631e9da2de0f25,2023,401531924,Marshall,attribution_only,restoration_gt8,0.0,game_unusable,cfbd_matches_neither
6d113f6e95a01ee0,feae25c06b7e60c2,2017,400935278,Oregon,attribution_only,dip_restore,0.0,corroborated,corroborated
6d17b7f62a58e713,b3c77891a7a704eb,2021,401282196,Charlotte,points_recovery,dip_restore,2.0,game_unusable,cfbd_matches_neither
6d24848030437beb,b18cc63608d29ae9,2017,400938623,Florida Atlantic,attribution_only,dip_restore,0.0,game_unusable,cfbd_matches_neither
6d28f7a67343de5f,bcf92fa0aa1d5d12,2025,401752858,Northwestern,attribution_only,dip_restore,0.0,corroborated,corroborated
6d3172d48d3fd2cd,02ccfb6bebc10115,2023,401520319,LSU,attribution_only,dip_restore,0.0,game_unusable,cfbd_matches_neither
6d421cf6ea0d83cb,1610aba7d6b3d300,2017,400935267,Boise State,attribution_only,dip_restore,0.0,corroborated,corroborated
6d47ef88880544e1,832ca77f4abcc89c,2016,400869327,Bowling Green,attribution_only,dip_restore,0.0,corroborated,corroborated
6d513088918d7b66,b5bd3f2d4706c4b4,2022,401403901,Florida,attribution_only,dip_restore,0.0,game_unusable,cfbd_matches_neither
6d58af3948f5c003,29a7d03f51eaaf12,2017,400941832,South Florida,attribution_only,dip_restore,0.0,game_unusable,corroborated
6d67fcb3af746020,890f3e1889a797d5,2023,401525836,Houston,points_recovery,dip_restore,1.0,game_unusable,cfbd_matches_neither
6d80268ba315de99,f26d5295c3f805c4,2016,400869817,Nicholls,attribution_only,dip_restore,0.0,game_unusable,cfbd_matches_neither
6da5c297989c132e,fc69670835264a4a,2019,401112488,Miami,attribution_only,dip_restore,0.0,game_unusable,corroborated
6dbca63436b13a14,5ea858ea72c38dc8,2021,401282633,Syracuse,attribution_only,dip_restore,0.0,corroborated,corroborated
6dd9e00577d2a7f2,d2d4b7e7f207566d,2021,401309834,Weber State,attribution_only,dip_restore,0.0,indistinguishable_at_drive_level,indistinguishable_at_drive_level
6dda838e8a366728,b18bd80de2d81919,2021,401310729,UNLV,attribution_only,dip_restore,0.0,game_unusable,cfbd_matches_neither
6ded68037f9f371d,368885f17f0f5fa1,2022,401426360,Appalachian State,attribution_only,dip_restore,0.0,game_unusable,cfbd_matches_neither
6e26e82bff36a138,30c6378a0ab0bcc9,2022,401405097,Michigan,attribution_only,dip_restore,0.0,game_unusable,cfbd_matches_neither
6e2d0f67e4623c7f,a7876edf3a26d6fd,2025,401756850,Arizona State,attribution_only,dip_restore,0.0,corroborated,corroborated
6e37239a88e38be8,af9586a01103c43c,2019,401117861,Prairie View A&M,points_recovery,dip_restore,7.0,game_unusable,corroborated
6e49bd2c6e355ea4,4ecbe97e7133457e,2023,401524007,Colorado,attribution_only,dip_restore,0.0,corroborated,corroborated
6e70f230e6b9789a,9eab0f41c72acec8,2022,401425418,Arkansas State,attribution_only,dip_restore,0.0,game_unusable,corroborated
6e77dc9df16925e7,c9edaf26f38c2b47,2023,401525895,Texas,attribution_only,other,0.0,game_unusable,cfbd_matches_neither
6e9dfeffd23d050e,d85d655a0b5fcb4d,2022,401403861,Mississippi State,attribution_only,dip_restore,0.0,corroborated,corroborated
6ef22f422f71b12f,e9fdd1cbc1477397,2021,401309631,Louisiana,points_recovery,restoration_gt8,1.0,game_unusable,corroborated
6ef6a756694f5c73,36399d3cca3b52db,2024,401643740,Boise State,attribution_only,dip_restore,0.0,game_unusable,corroborated
6ef76a300c977d66,54c55474ecaa7c2e,2025,401761620,Texas State,attribution_only,final_cap,0.0,game_unusable,cfbd_matches_neither
6ef8faa4424226c1,7a6615d7c792ef69,2023,401525900,Oklahoma,attribution_only,dip_restore,0.0,game_unusable,cfbd_matches_neither
6f0404fbb2c76b2b,9d38567dea2c73ba,2025,401762459,East Carolina,attribution_only,dip_restore,0.0,game_unusable,cfbd_matches_neither
6f2d51b08ce8d080,da85f69f5ac8dbd1,2024,401628509,Purdue,attribution_only,dip_restore,0.0,corroborated,corroborated
6f90f021e9941efb,011a185cd50cd418,2021,401309578,Buffalo,attribution_only,dip_restore,0.0,game_unusable,cfbd_matches_neither
6fa383b6347d0fa2,1ed4aaae1898f648,2022,401415266,Hawai_i,attribution_only,dip_restore,0.0,corroborated,corroborated
6fb822c6908fac22,d971885a2e4aa4cf,2022,401426550,McNeese,points_recovery,incomplete_stream,10.0,game_unusable,cfbd_matches_neither
6fb8d52323e06e86,b504b75f4cd073ee,2022,401404048,Colorado,attribution_only,dip_restore,0.0,corroborated,corroborated
6fc04b6fcaa0e622,dea94d41e6fd4c31,2021,401282682,North Carolina,attribution_only,dip_restore,0.0,corroborated,corroborated
6fc4f3d07954d515,4b790c4ca5645580,2021,401282790,Miami (OH),attribution_only,dip_restore,0.0,corroborated,corroborated
6fc8bc1c25b7b0bf,a7c430b03021a401,2022,401405072,Georgia Southern,attribution_only,dip_restore,0.0,corroborated,corroborated
6fd136ef4e05d75b,fdfd2270977241f9,2016,400869533,Tulsa,attribution_only,dip_restore,0.0,game_unusable,cfbd_matches_neither
70085bba45959110,42eaa7717df70b8b,2025,401762461,North Texas,points_recovery,incomplete_stream,17.0,game_unusable,cfbd_matches_neither
701151422521ef1b,7d6a5ac1b9978531,2024,401628401,Auburn,attribution_only,dip_restore,0.0,corroborated,corroborated
7016c4872ba52d57,a0efa4086ef4b459,2021,401282763,Wisconsin,attribution_only,dip_restore,0.0,game_unusable,cfbd_matches_neither
7017178da7c2d88d,0dcdc81bd5aa3efa,2015,400787464,Appalachian State,attribution_only,dip_restore,0.0,corroborated,corroborated
70646ec5fa4dfe6b,4b3e89e944f16fc9,2024,401628352,Auburn,attribution_only,dip_restore,0.0,corroborated,corroborated
70684905fde65079,31475e8ed6eb8112,2025,401754569,Boston College,attribution_only,dip_restore,0.0,game_unusable,cfbd_matches_neither
709ed2f6cfda7aed,e7ad73bd5ccb03fd,2022,401426558,UNLV,attribution_only,dip_restore,0.0,game_unusable,cfbd_supports_baseline
70beacda70ce7e96,bf4b48875de34a35,2021,401282217,Old Dominion,points_recovery,incomplete_stream,14.0,game_unusable,cfbd_matches_neither
70c40ecf874711de,0349e0495d724b33,2025,401760412,Wyoming,attribution_only,dip_restore,0.0,game_unusable,cfbd_supports_baseline
70d636f9967b4317,9df1a7095f75b900,2021,401387250,California,points_recovery,incomplete_stream,21.0,game_unusable,cfbd_matches_neither
70dba8c5e5dba773,f4f882c0dc07fe16,2024,401644727,Lafayette,attribution_only,dip_restore,0.0,game_unusable,cfbd_matches_neither
70e2a41fa5aa8e59,76f7cd60f24d088a,2021,401309886,Arizona,attribution_only,dip_restore,0.0,corroborated,corroborated
7101e06bc4214f2f,c981542c4dcd1c03,2021,401301031,UCF,attribution_only,dip_restore,0.0,game_unusable,cfbd_matches_neither
7107070d9110ee48,cbd69d2368a52b1d,2019,401114184,Colorado State,attribution_only,dip_restore,0.0,game_unusable,corroborated
710d762c029fee60,8d223d25330e7e53,2018,401032081,Missouri,attribution_only,dip_restore,0.0,game_unusable,cfbd_matches_neither
711dc40c76a29b7c,24451a2fe5d4d73c,2024,401628506,Oregon,attribution_only,dip_restore,0.0,corroborated,corroborated
71365fcff39142bf,c8f21a73dde73e78,2022,401404006,Utah,attribution_only,dip_restore,0.0,corroborated,corroborated
7137d5830e7e941e,aed69cedec459acf,2025,401757287,Delaware,points_reduction,category_possession_reassignment,-4.0,game_unusable,corroborated
7137f1f00da4b30c,1c91bcbc77abf063,2025,401757267,Louisiana Monroe,attribution_only,dip_restore,0.0,corroborated,corroborated
713af8aa7b7320a2,3e059e2eca10be82,2024,401635606,Syracuse,attribution_only,dip_restore,0.0,corroborated,corroborated
71761dc109d5114d,c9eac18d9f7a2b90,2017,400941831,SMU,attribution_only,dip_restore,0.0,corroborated,corroborated
7182a95f2a3266e0,7ac2d2b5c62b43c5,2022,401411108,Boston College,points_recovery,incomplete_stream,10.0,game_unusable,cfbd_matches_neither
718d158bb3814366,f70e27eccf8e4a25,2015,400756961,Virginia Tech,attribution_only,dip_restore,0.0,game_unusable,corroborated
7192adc61497cc9a,874feccb7c0495d5,2022,401403883,South Florida,attribution_only,dip_restore,0.0,game_unusable,cfbd_matches_neither
71a5e3c9ea2cd04d,ea4ba619ff22b0b6,2023,401532604,New Mexico,attribution_only,dip_restore,0.0,game_unusable,cfbd_matches_neither
71b92f1f666a3dff,fd626749c834e922,2021,401282137,Kentucky,attribution_only,dip_restore,0.0,corroborated,corroborated
71c788772b55b716,f9085499d93c6a95,2025,401756906,UCF,attribution_only,final_cap,0.0,game_unusable,cfbd_matches_neither
71d3881d95c73a24,a6036bd3bcf7ff94,2021,401282128,Mississippi State,attribution_only,dip_restore,0.0,corroborated,corroborated
71e24d53aa89e522,f9407a559c2d7fcc,2018,401012797,Oregon,points_recovery,incomplete_stream,41.0,game_unusable,cfbd_matches_neither
71e355e953441f25,7aee531af8499e60,2021,401282732,Indiana,attribution_only,dip_restore,0.0,corroborated,corroborated
71ef88e634d2ae22,d0d3fe6b0115d116,2023,401520336,Illinois,attribution_only,dip_restore,0.0,game_unusable,cfbd_matches_neither
71f3dff376b87114,ff7cf54a4396f949,2025,401761622,Georgia Southern,attribution_only,dip_restore,0.0,corroborated,corroborated
71ff9bb2fea10dfa,1e978314607ee450,2021,401301044,Tulsa,points_recovery,dip_restore,7.0,game_unusable,cfbd_matches_neither
72277f8bbbe13401,3389937af110c1ca,2024,401677093,Texas A&M,attribution_only,final_cap,0.0,game_unusable,indistinguishable_at_drive_level
725172b4bb65a5f2,02d41680c9952116,2017,400953391,San Diego State,attribution_only,dip_restore,0.0,game_unusable,cfbd_matches_neither
726f847736cb94df,bfc90657718c7126,2017,400935280,UCLA,attribution_only,dip_restore,0.0,corroborated,corroborated
72925bd249e9eb33,9e14f80a684d26ff,2022,401416590,Eastern Michigan,attribution_only,dip_restore,0.0,corroborated,corroborated
72abc18df7e9c16c,bec7f1e7f492383a,2022,401404091,Texas Tech,attribution_only,dip_restore,0.0,corroborated,corroborated
72d22259816c3432,aeb53ed9563cf6b4,2024,401635557,SMU,attribution_only,dip_restore,0.0,game_unusable,corroborated
72dcaf10d62119c9,917ac192688269e7,2021,401282728,Rutgers,attribution_only,dip_restore,0.0,corroborated,corroborated
72e804cb7636226f,eec5233a24abda3f,2024,401640979,Florida International,attribution_only,dip_restore,0.0,game_unusable,cfbd_matches_neither
72ea6eaec0c89e44,0311b34cc6c5e4a5,2024,401645379,Navy,attribution_only,final_cap,0.0,game_unusable,cfbd_matches_neither
730282dd1b1f60d8,579db7e0e0680f7d,2025,401756907,Oklahoma State,attribution_only,dip_restore,0.0,game_unusable,cfbd_matches_neither
7308a8b1ebc7a10b,9427087f9c56f709,2024,401635583,Wake Forest,attribution_only,dip_restore,0.0,game_unusable,corroborated
73106dc6700731da,02a9188d40cdc00e,2023,401525890,West Virginia,attribution_only,dip_restore,0.0,game_unusable,corroborated
7329f26631b29704,8ab7616416bc969f,2025,401752780,Arkansas,points_recovery,dip_restore,3.0,game_unusable,cfbd_supports_baseline
7330279d50caa6c4,ee7a4fa3abd14726,2022,401405126,Ohio State,attribution_only,dip_restore,0.0,corroborated,corroborated
734a5c527bcadc92,2de755683a41ba0f,2024,401640988,Middle Tennessee,attribution_only,dip_restore,0.0,game_unusable,corroborated
73601615313fbc44,b755aa7054bdb056,2025,401762495,Temple,attribution_only,dip_restore,0.0,game_unusable,indistinguishable_at_drive_level
736a404935918536,5efa605cda80c6af,2022,401416597,Central Michigan,attribution_only,dip_restore,0.0,corroborated,corroborated
736a57627992ec96,d0cd2e72d5a70a3a,2022,401411130,Syracuse,attribution_only,dip_restore,0.0,corroborated,corroborated
73752356b68581fd,9d881a2d8bd95c12,2025,401762794,Saint Francis,attribution_only,dip_restore,0.0,game_unusable,corroborated
738efca74dcf9c2e,972d31cc54b4d68b,2024,401643765,Fresno State,points_recovery,incomplete_stream,14.0,corroborated,corroborated
739fe96d849a06cd,9db3847d4fa83555,2016,400869844,Louisiana,attribution_only,dip_restore,0.0,game_unusable,cfbd_matches_neither
73e5fa2d45cce34f,1e924e6a87c76c94,2023,401520364,Missouri,attribution_only,final_cap,0.0,game_unusable,cfbd_matches_neither
7412d4443dc5f09a,ea4229fa0e3f4878,2024,401643700,Georgia Southern,attribution_only,dip_restore,0.0,corroborated,corroborated
741843d4175f9eb4,583f27f7169309c5,2023,401520441,Clemson,attribution_only,dip_restore,0.0,corroborated,corroborated
741b5a215b672c93,9e3242293bd077ed,2021,401309882,California,attribution_only,dip_restore,0.0,game_unusable,corroborated
743001bbc728b70b,299479e0e4d9a967,2023,401532399,Akron,attribution_only,dip_restore,0.0,game_unusable,corroborated
744f4e202ae996bc,8154661c49380e29,2021,401287903,Oklahoma State,attribution_only,dip_restore,0.0,game_unusable,cfbd_matches_neither
7459915feebcf052,6d39f115a5e61fa5,2021,401309614,Coastal Carolina,attribution_only,dip_restore,0.0,corroborated,corroborated
748b48807756bff8,e21ec6c44012bdbd,2016,400876098,Miami,attribution_only,dip_restore,0.0,corroborated,corroborated
74a6e9bb02f565e9,7bd440c723735cf6,2016,400869327,Akron,attribution_only,dip_restore,0.0,corroborated,corroborated
74b82a6517222a7b,a884722233e90558,2024,401644727,Buffalo,attribution_only,dip_restore,0.0,game_unusable,corroborated
74dec4e3d4b9e0da,c81d9bbe7fb79763,2025,401752817,Northwestern,attribution_only,other,0.0,game_unusable,cfbd_matches_neither
751c956812d4e286,e42eb1581ac156b4,2024,401635624,NC State,attribution_only,dip_restore,0.0,game_unusable,corroborated
7525de8758cddcb0,f8075a5c104a1923,2025,401760399,San Diego State,attribution_only,category_possession_reassignment,0.0,game_unusable,corroborated
7537c43037a736df,59b5789f204203da,2022,401404022,USC,attribution_only,dip_restore,0.0,corroborated,corroborated
758c05e2cb2ce19a,4ed5905ea92fddfe,2023,401525464,Northern Illinois,points_recovery,dip_restore,6.0,game_unusable,indistinguishable_at_drive_level
758ddda884802fe4,6186420b8ddd4baa,2024,401645332,UAB,attribution_only,dip_restore,0.0,corroborated,corroborated
75b2547b31422fd1,243df66b85e18a69,2024,401643748,Nevada,attribution_only,dip_restore,0.0,game_unusable,corroborated
75c64f82aaae142b,b6aafe43198eabc0,2025,401757302,Kennesaw State,attribution_only,dip_restore,0.0,game_unusable,cfbd_matches_neither
75c735d0114926ed,6e9abda084c475e9,2025,401752696,Alabama,attribution_only,dip_restore,0.0,game_unusable,corroborated
75e2064e0d1bfa27,03cc9db01fbe5a0f,2024,401643717,Oregon State,attribution_only,dip_restore,0.0,corroborated,corroborated
761af609060f4e59,46d80262ce91c4e9,2022,401415658,Tulane,attribution_only,dip_restore,0.0,corroborated,corroborated
761d5eb59307e842,206c4e2b5aae1a81,2024,401634181,Missouri State,points_recovery,dip_restore,6.0,game_unusable,cfbd_matches_neither
761e2f6ea85497ba,54053a45912c1160,2024,401628558,Purdue,attribution_only,dip_restore,0.0,game_unusable,cfbd_matches_neither
762b266bfe12f1d0,ce3f92ab37e1ab40,2021,401309582,Northern Illinois,attribution_only,dip_restore,0.0,corroborated,corroborated
763f0abd8f369034,2932e64b57312039,2015,400763512,Michigan State,attribution_only,dip_restore,0.0,corroborated,corroborated
764b3b54dccaf72e,e8f75e932517b92e,2021,401282248,Old Dominion,attribution_only,dip_restore,0.0,game_unusable,cfbd_matches_neither
7654215cbc336bc2,fb6e69d6198d5ff4,2025,401761656,Appalachian State,attribution_only,dip_restore,0.0,game_unusable,cfbd_matches_neither
76696972a421bfd8,10305ead502d5648,2025,401754546,Georgia Tech,points_recovery,incomplete_stream,30.0,game_unusable,cfbd_matches_neither
767f636e7910bc30,bbc1d9f8bcaa8166,2021,401309633,Arkansas State,points_reduction,category_possession_reassignment,-1.0,game_unusable,cfbd_supports_baseline
76b1ede5180cb527,05e10b48d1feee2c,2023,401525542,Georgia Tech,points_reduction,category_possession_reassignment,-7.0,game_unusable,cfbd_supports_baseline
76eae5b681e0d6aa,051cda06cfbc6e30,2024,401636874,Baylor,attribution_only,dip_restore,0.0,game_unusable,cfbd_matches_neither
771403a1de83ad6b,fee7845c69abc021,2025,401761660,Georgia State,attribution_only,dip_restore,0.0,game_unusable,cfbd_matches_neither
771ba9a1fcd231af,c624910f3089188d,2025,401756886,UCF,attribution_only,dip_restore,0.0,game_unusable,corroborated
771e9f52de27b143,c2596eeecd2192ca,2016,400869348,New Mexico State,attribution_only,dip_restore,0.0,corroborated,corroborated
77317d373c6f8c3e,46370b02c9e17f45,2021,401310738,New Mexico State,attribution_only,dip_restore,0.0,corroborated,corroborated
7739fde1815d2342,6399236ecca317b5,2025,401757259,Delaware,attribution_only,dip_restore,0.0,corroborated,corroborated
7754b3015977f37a,cff271d7f8be8694,2022,401405093,Northwestern,attribution_only,dip_restore,0.0,game_unusable,corroborated
77921b94f88e1f1a,0afb210f298d53cf,2023,401520383,Illinois,attribution_only,dip_restore,0.0,game_unusable,corroborated
77a6390c11344841,04366e7a9645fce2,2015,400787242,Hawai_i,attribution_only,dip_restore,0.0,game_unusable,corroborated
77af219b8c43adeb,be1832f0e051b1b1,2023,401520393,Michigan State,attribution_only,dip_restore,0.0,corroborated,corroborated
77b1e2e744dc260e,136cd278bb75b51e,2017,400985387,Florida International,attribution_only,dip_restore,0.0,corroborated,corroborated
77d4268bb67e1126,c4df7fd258ea1a90,2022,401413216,Jacksonville State,attribution_only,dip_restore,0.0,game_unusable,cfbd_matches_neither
77ea8905958e1442,4fd3aa6dae428647,2023,401539482,Boise State,attribution_only,dip_restore,0.0,corroborated,corroborated
77f53e84d9db21fe,37d54c90b48fb826,2022,401416629,Bowling Green,attribution_only,dip_restore,0.0,corroborated,corroborated
78073f0442625f8e,3caba4c94e6c7f8e,2025,401761607,Appalachian State,attribution_only,dip_restore,0.0,corroborated,corroborated
7818e044d8c61c22,42d89e1c1a234be4,2023,401520276,Sam Houston State,attribution_only,dip_restore,0.0,game_unusable,cfbd_matches_neither
7840433133d7e8d6,fdd89bd485e86828,2023,401531379,Louisiana,attribution_only,dip_restore,0.0,corroborated,corroborated
784678097dd3cbdd,a46d6b6990a3fb38,2025,401762831,Buffalo,points_recovery,incomplete_stream,31.0,game_unusable,cfbd_matches_neither
784f97a0bdd04668,6e74f04b9a6ada55,2021,401287899,Tulsa,points_recovery,incomplete_stream,6.0,game_unusable,cfbd_matches_neither
78515d49302d3f72,fbdac80271d44f44,2016,400869567,Tulsa,attribution_only,dip_restore,0.0,corroborated,corroborated
7864f99f20cb8a5d,2e3b6bf32f442941,2021,401287917,Baylor,attribution_only,dip_restore,0.0,game_unusable,corroborated
786942ab5b7c55be,d928b50aea585550,2021,401309909,Arizona State,attribution_only,dip_restore,0.0,corroborated,corroborated
7874a71386540427,90c01c51a9004afc,2017,400934543,Kansas State,points_recovery,dip_restore,7.0,game_unusable,cfbd_matches_neither
7889b2404e054c8c,f86f6a6f6a88106a,2015,400763455,Iowa State,attribution_only,dip_restore,0.0,corroborated,corroborated
78e5f11b706b07e7,2adf2fc3e8611837,2023,401525836,TCU,attribution_only,dip_restore,0.0,game_unusable,corroborated
78ed4f88bad32c05,667fdc558ea9ad26,2017,400935235,Nebraska,attribution_only,dip_restore,0.0,game_unusable,corroborated
78f43a6ae6cc38ea,ef0b2a34b6614c3e,2023,401520431,Illinois,attribution_only,dip_restore,0.0,corroborated,corroborated
7912ae9cfc7064d6,a19462f634648137,2025,401761588,Louisiana Monroe,attribution_only,dip_restore,0.0,corroborated,corroborated
7919dbe4b5f4a002,80b45c0406a0e3fe,2018,401019472,Elon,attribution_only,dip_restore,0.0,corroborated,corroborated
7922735d0b0b2891,b01644304c9c606e,2021,401282256,Old Dominion,attribution_only,dip_restore,0.0,corroborated,corroborated
79432f7e48b64eb9,b5b685886ba5fdba,2021,401282182,Texas State,points_recovery,incomplete_stream,23.0,game_unusable,cfbd_matches_neither
7946870f9ffafdab,654a2fefab89d114,2025,401761628,Arkansas State,attribution_only,final_cap,0.0,game_unusable,cfbd_matches_neither
79582e2d8209f61e,c0328655d2b97559,2025,401762867,Toledo,attribution_only,dip_restore,0.0,game_unusable,cfbd_matches_neither
7979bd48e72ee906,b7339e73629cede3,2015,400756993,NC State,attribution_only,dip_restore,0.0,game_unusable,corroborated
79a1c93408841dd7,ae9d0619c44d5dae,2023,401531339,Temple,attribution_only,dip_restore,0.0,game_unusable,cfbd_matches_neither
79a9c18aa4e6ed33,cfecd07b271871fe,2022,401415619,Cincinnati,points_reduction,category_possession_reassignment,-21.0,game_unusable,corroborated
79b53b1c587c3dc3,ef3c8958c1261d4d,2017,400945252,Howard,attribution_only,dip_restore,0.0,game_unusable,corroborated
79b8f0340413899d,15bed1ccc93ddfa5,2023,401525868,Baylor,attribution_only,restoration_gt8,0.0,game_unusable,corroborated
79cdd7d66f9628b0,5df439f0d79f3bf8,2022,401426582,Western Kentucky,attribution_only,dip_restore,0.0,corroborated,corroborated
79e5670fb1f0103a,0fdfa094f8c568ef,2022,401426543,Hawai_i,attribution_only,dip_restore,0.0,corroborated,corroborated
79e7389942967230,cde399512fc4b552,2015,400787353,Akron,attribution_only,dip_restore,0.0,corroborated,corroborated
79ea30a63021d8f3,45d2fa2dddf2b979,2022,401426589,Florida Atlantic,attribution_only,dip_restore,0.0,corroborated,corroborated
79eb9455810ea88c,fcc5861edba66f92,2018,401035252,Arkansas State,attribution_only,dip_restore,0.0,game_unusable,cfbd_matches_neither
79f00473dfe2e78b,3e4690861d6e40e9,2021,401331169,Liberty,attribution_only,dip_restore,0.0,corroborated,corroborated
79f4039b3ef02409,c21daed3dcf3b608,2021,401387250,USC,attribution_only,dip_restore,0.0,game_unusable,corroborated
7a03cc19a458efa2,4d6c55a420762d1c,2023,401531396,UT San Antonio,attribution_only,dip_restore,0.0,corroborated,corroborated
7a18520129dd8d43,ff8607d5724170fe,2018,401013168,Syracuse,attribution_only,dip_restore,0.0,game_unusable,corroborated
7a21edd534342633,5d830303c3a55bdd,2022,401426340,Louisiana Monroe,points_recovery,incomplete_stream,7.0,game_unusable,cfbd_matches_neither
7a7b1a5a5c09ef62,f651853667a8b11a,2025,401752855,UCLA,attribution_only,dip_restore,0.0,game_unusable,cfbd_matches_neither
7a893daa97699a56,5f89ab2c88b75527,2023,401532409,Western Michigan,attribution_only,dip_restore,0.0,game_unusable,cfbd_matches_neither
7a9088c6b1cf1686,8b240ee0ffabb4ce,2021,401309556,Maine,attribution_only,dip_restore,0.0,corroborated,corroborated
7aa3a6b2d2a15b8f,76dbfb575fadd7bb,2019,401121943,Appalachian State,attribution_only,dip_restore,0.0,corroborated,corroborated
7aafc669f15a561b,3edfe8f9b867d037,2024,401628556,Iowa,attribution_only,dip_restore,0.0,corroborated,corroborated
7ab7c9a436cdfee0,f9cb4c09565006ae,2025,401752802,Michigan State,points_recovery,dip_restore,7.0,game_unusable,cfbd_supports_baseline
7ac31cb5fb60e9ec,25c772f32fe49a2d,2022,401426533,Florida International,points_recovery,incomplete_stream,13.0,game_unusable,cfbd_matches_neither
7ac3fb335093ab35,5b704bd8e68db65d,2025,401762861,Eastern Michigan,attribution_only,dip_restore,0.0,indistinguishable_at_drive_level,indistinguishable_at_drive_level
7aefe7826017f106,6b5fff05807bee7f,2022,401405119,Ohio State,attribution_only,dip_restore,0.0,corroborated,corroborated
7af1df476b494766,cabb207fa8d49664,2025,401762458,Navy,attribution_only,dip_restore,0.0,corroborated,corroborated
7afbf6f7708de1cb,038b09b56b0362ad,2022,401426548,Middle Tennessee,attribution_only,dip_restore,0.0,game_unusable,cfbd_supports_baseline
7b2bc6a9c5b1cfe2,0346a074ebf66e8e,2025,401752674,Missouri,attribution_only,dip_restore,0.0,game_unusable,corroborated
7b39d0c4ef74d190,eb38da490fd7b9f4,2021,401309616,Coastal Carolina,attribution_only,dip_restore,0.0,corroborated,corroborated
7b5e64cc3ff57c85,56c3e1958566319f,2025,401769072,Indiana,attribution_only,dip_restore,0.0,indistinguishable_at_drive_level,indistinguishable_at_drive_level
7ba7e13133f22afc,9e1b22a75671064c,2017,400944852,Texas State,attribution_only,dip_restore,0.0,corroborated,corroborated
7bb0baa1a529dd60,e5d007fca0502cd6,2022,401403959,Georgia,attribution_only,dip_restore,0.0,corroborated,corroborated
7bbf21925b36e71d,c8ae639c7f5f82c0,2024,401643723,Boise State,attribution_only,dip_restore,0.0,game_unusable,cfbd_matches_neither
7bcf0b3ab4be3da7,1a8d95a989b31c43,2017,400934567,Army,attribution_only,dip_restore,0.0,corroborated,corroborated
7bf6a69ea3a43bbf,2167bc52946adad8,2021,401309649,Georgia State,attribution_only,dip_restore,0.0,corroborated,corroborated
7bfc015ce33f5c9d,1bd64b8f1791cc04,2024,401644757,Akron,attribution_only,dip_restore,0.0,game_unusable,corroborated
7bffec5aa9008894,53fe231f9198b731,2023,401520195,Kansas,points_reduction,category_possession_reassignment,-7.0,game_unusable,corroborated
7c27d76e331f43f2,485371ff96407571,2021,401282203,Southern Mississippi,attribution_only,dip_restore,0.0,corroborated,corroborated
7c332ba385412081,02d9266dac4bcda2,2021,401282200,East Carolina,attribution_only,dip_restore,0.0,game_unusable,cfbd_supports_baseline
7c3b4a8eec3f21ab,09a41a6c20eaf747,2022,401415219,Duquesne,attribution_only,dip_restore,0.0,game_unusable,cfbd_matches_neither
7c4a5649e26f37c2,27edfc22298267ea,2025,401756967,TCU,attribution_only,dip_restore,0.0,game_unusable,cfbd_matches_neither
7c61dd5fa5977497,d6e4eaa44f16b4fa,2023,401532418,Northern Illinois,attribution_only,dip_restore,0.0,game_unusable,corroborated
7c90140e08c35b8b,12eb9691cf727d96,2021,401301036,UCF,attribution_only,category_possession_reassignment,0.0,game_unusable,cfbd_matches_neither
7c989ad43e6e60c3,045ba6699a7d3a1a,2021,401309891,Oregon State,points_recovery,restoration_gt8,1.0,game_unusable,corroborated
7ca721fb0709d177,e35b5e1f4ba2ff4a,2021,401282137,Kentucky,attribution_only,dip_restore,0.0,corroborated,corroborated
7cb85413391abb67,5dcac7ecf19d04cc,2023,401520170,Purdue,attribution_only,dip_restore,0.0,game_unusable,cfbd_matches_neither
7cbac1faf3625d53,0e135764adac23cb,2021,401309555,Ball State,attribution_only,dip_restore,0.0,corroborated,corroborated
7cbe1b68ef051fa0,f837fe28a0101333,2025,401756913,Texas Tech,points_recovery,incomplete_stream,20.0,game_unusable,cfbd_matches_neither
7cda8514fc0def36,9cf14e20e4b81dec,2016,400869519,Temple,attribution_only,dip_restore,0.0,corroborated,corroborated
7ce947393ea60234,8a4f36f004910f2d,2021,401282243,Florida Atlantic,points_recovery,category_possession_reassignment,1.0,game_unusable,corroborated
7d13f7bdc7d8f924,2a18a6bd7b4c08ae,2024,401628527,Northwestern,attribution_only,dip_restore,0.0,game_unusable,cfbd_supports_baseline
7d26749ab36a83d2,c35cb8618a786bc1,2021,401282181,Charlotte,points_recovery,incomplete_stream,12.0,game_unusable,cfbd_matches_neither
7d5acde782e095ec,f086ee27df660ce3,2017,400945297,Hawai_i,attribution_only,dip_restore,0.0,game_unusable,corroborated
7d8031729200061c,51290917eb4b2c57,2021,401309634,Coastal Carolina,attribution_only,dip_restore,0.0,corroborated,corroborated
7d85a51e5d8acf01,78809f171736e62a,2022,401426357,Arkansas State,points_recovery,incomplete_stream,15.0,game_unusable,cfbd_matches_neither
7d925e2dfb4614ce,4780c913a845fdb5,2022,401404157,Liberty,attribution_only,dip_restore,0.0,game_unusable,corroborated
7db01531259c970d,80a9a33eef41edef,2024,401636942,Houston,attribution_only,dip_restore,0.0,corroborated,corroborated
7db6f5d978291c5b,7c4baa8a8ccfbf5a,2021,401282639,Duke,attribution_only,dip_restore,0.0,corroborated,corroborated
7dbeafa767458c71,de367d814f0d578c,2022,401403974,Washington State,points_recovery,incomplete_stream,24.0,corroborated,corroborated
7dd34986071ce15c,c90709f97212594f,2019,401112489,Virginia Tech,points_recovery,restoration_gt8,10.0,game_unusable,cfbd_matches_neither
7dddcb76ef1b6879,dfa8ddd461c601d2,2017,400937503,Virginia Tech,attribution_only,dip_restore,0.0,corroborated,corroborated
7de73968f12bf864,e4fca4439e0f395a,2022,401416620,Northern Illinois,attribution_only,dip_restore,0.0,game_unusable,corroborated
7dffdf743fc687f0,de5bcebb85b39a9a,2018,401014998,Southern Mississippi,points_recovery,incomplete_stream,40.0,game_unusable,cfbd_matches_neither
7e12a7cff3bbf084,3a276d1cb01fe6c6,2024,401643766,Utah State,attribution_only,dip_restore,0.0,game_unusable,cfbd_matches_neither
7e17b5d0803edf15,bdbeb39e1b6ddae0,2022,401404051,Washington,points_recovery,dip_restore,1.0,game_unusable,corroborated
7e35cd12c0677964,a0d4eac700d0aaba,2023,401532578,Cal Poly,attribution_only,dip_restore,0.0,corroborated,corroborated
7e40baeef32e487a,e7942abc7f0835be,2022,401404083,Oklahoma State,attribution_only,dip_restore,0.0,game_unusable,corroborated
7e4edac7a67f7f7b,fa20c2fa3c446392,2022,401404018,Arizona State,attribution_only,dip_restore,0.0,corroborated,corroborated
7e4f0e9506be0be1,d8a6be9f54ee2b6b,2021,401301017,Tulane,attribution_only,dip_restore,0.0,corroborated,corroborated
7e574381efd9b170,c918399883d79c1f,2022,401426596,UTEP,attribution_only,dip_restore,0.0,game_unusable,cfbd_matches_neither
7e7a5e6eddc43d36,1efc9d20bba9cce8,2022,401415614,Lafayette,attribution_only,dip_restore,0.0,game_unusable,cfbd_matches_neither
7e8948ac98c83d22,8e5d40b3d4dda84c,2025,401760368,Utah State,attribution_only,dip_restore,0.0,game_unusable,cfbd_supports_baseline
7e8a41b3fb28f2b8,c04bd26f4dfac310,2022,401403967,Arizona,attribution_only,dip_restore,0.0,corroborated,corroborated
7ea77d5967675ed9,9e05c5d52856ad6b,2022,401404148,Syracuse,attribution_only,dip_restore,0.0,game_unusable,corroborated
7eab67b5abd89177,5a85521a9864c22c,2021,401310701,Utah State,points_recovery,incomplete_stream,40.0,game_unusable,cfbd_matches_neither
7ed08ef2731ec067,984091b8feebaeb9,2022,401415648,Temple,attribution_only,dip_restore,0.0,corroborated,corroborated
7ef34ff9012f404e,54fed0cf60be6d4a,2021,401301046,Cincinnati,attribution_only,dip_restore,0.0,corroborated,corroborated
7f1b2ae76c4618ec,1acbd6bfaa5ac763,2023,401525900,Oklahoma,attribution_only,other,0.0,game_unusable,cfbd_matches_neither
7f30bc27dccc37c0,2f340154241cc4b0,2025,401760409,Nevada,attribution_only,dip_restore,0.0,game_unusable,indistinguishable_at_drive_level
7f38283991267dfd,0a3247f342a2ccf1,2022,401411164,Wake Forest,attribution_only,dip_restore,0.0,corroborated,corroborated
7f62d3d3214cb0ba,6eac49b13ce14393,2017,400959397,Washington State,attribution_only,dip_restore,0.0,corroborated,corroborated
7fc8bc6c06c62582,0eb92f115425e500,2021,401309909,Arizona,attribution_only,dip_restore,0.0,corroborated,corroborated
7fdb2c17f2b7189c,fb3510fb77871d8e,2021,401282825,Wisconsin,attribution_only,dip_restore,0.0,corroborated,corroborated
7fdfa0fd3cd59387,b2032e0acaf9a99c,2016,400869558,East Carolina,attribution_only,dip_restore,0.0,corroborated,corroborated
7ff18bc2379cb118,a58c21194cde51f8,2021,401309869,Washington State,attribution_only,dip_restore,0.0,corroborated,corroborated
7ff266202c3c9e88,315df7d0d7c1f8d9,2017,400935290,USC,attribution_only,dip_restore,0.0,game_unusable,corroborated
8006bcf0ce37be52,88dba54969516411,2022,401426335,Arkansas State,points_recovery,incomplete_stream,7.0,game_unusable,cfbd_matches_neither
8007b2e5cc430164,7cf11214bcd686d4,2024,401635602,North Carolina,attribution_only,dip_restore,0.0,game_unusable,cfbd_matches_neither
800d5e66e274673e,d857200e7f75083a,2021,401282189,Houston,points_recovery,dip_restore,13.0,game_unusable,corroborated
800d6395ef23eac3,e93090944b2b46ec,2022,401426582,UT San Antonio,attribution_only,dip_restore,0.0,corroborated,corroborated
8015937ed0b1d9fc,7d3cbcdaf800bd8b,2024,401643706,Colorado State,attribution_only,dip_restore,0.0,corroborated,corroborated
804111e4d52efbca,2b1d79d859f0010f,2025,401757224,UNLV,attribution_only,dip_restore,0.0,game_unusable,cfbd_matches_neither
80741a81d554a023,a1da80bd4e485992,2017,400941831,Tulsa,attribution_only,dip_restore,0.0,corroborated,corroborated
809ed158bfab8174,c8d9b59cdba0faea,2017,400945009,Ohio,attribution_only,dip_restore,0.0,corroborated,corroborated
80b68af69b5b293f,944906a9f92aa28b,2025,401761632,Marshall,points_recovery,incomplete_stream,40.0,game_unusable,cfbd_matches_neither
80db9fca15dc86f0,454c8588d0be3d97,2015,400763645,Marshall,attribution_only,incomplete_stream,0.0,game_unusable,cfbd_matches_neither
81293a038fb2c31b,9f60c66d16850d29,2024,401643702,San Diego State,attribution_only,dip_restore,0.0,game_unusable,cfbd_matches_neither
81465d3214a6cf50,ceb3ea5aa8984e75,2025,401762522,South Florida,attribution_only,dip_restore,0.0,corroborated,corroborated
8155c3ebade7aaca,9fc7d8ada4f8d4cc,2022,401413216,Tulsa,attribution_only,dip_restore,0.0,game_unusable,cfbd_matches_neither
8159b014e0e8cd7d,1de1f711b89a4d1e,2021,401282703,Virginia,attribution_only,dip_restore,0.0,corroborated,corroborated
81628f9f54b59eab,c848ea2fb9b36880,2022,401403941,South Carolina,attribution_only,dip_restore,0.0,corroborated,corroborated
8163ec8816a902c0,5673da2b36200d44,2023,401525896,Kansas,attribution_only,dip_restore,0.0,game_unusable,corroborated
817c6fa401c9d9a3,cf7dec1a05428824,2021,401282092,LSU,attribution_only,dip_restore,0.0,game_unusable,cfbd_matches_neither
817e7540c1051682,7f7a752df2226703,2025,401760357,San Diego State,attribution_only,dip_restore,0.0,game_unusable,cfbd_matches_neither
818891d6376f534d,f50e878e394bd732,2021,401310716,San Diego State,attribution_only,dip_restore,0.0,cfbd_matches_neither,cfbd_matches_neither
819904075d210ef3,11d4db6190b33273,2021,401282076,Mississippi State,attribution_only,dip_restore,0.0,corroborated,corroborated
81c25573637850d0,acd64f6e6295bc2e,2021,401282724,Indiana,attribution_only,dip_restore,0.0,corroborated,corroborated
81c32bd1fc370a14,de78858068f439c2,2018,401012797,Oregon State,points_recovery,incomplete_stream,15.0,game_unusable,cfbd_matches_neither
81d05e0b84a7457f,5fc65bdffe036b02,2024,401635594,California,attribution_only,dip_restore,0.0,corroborated,corroborated
82121af467b1c503,611c45c84fbc3f4f,2025,401761589,Charlotte,attribution_only,dip_restore,0.0,game_unusable,cfbd_supports_baseline
8217ddd461c2d15a,8f74b4c968f6cc09,2024,401641001,Kennesaw State,attribution_only,dip_restore,0.0,game_unusable,cfbd_matches_neither
8222bce811a4fbdb,ef3296e1bebc5464,2025,401762476,Army,attribution_only,dip_restore,0.0,corroborated,corroborated
823cff272212694e,66e2e19e5fcbd2ab,2022,401415251,San Jose State,points_recovery,restoration_gt8,8.0,game_unusable,cfbd_matches_neither
823d2c99e6c8c038,c5cab97857994c31,2025,401761649,Old Dominion,attribution_only,dip_restore,0.0,game_unusable,corroborated
824c23ac74565238,fdce1dc068787dd4,2022,401426535,William & Mary,points_recovery,incomplete_stream,21.0,game_unusable,cfbd_matches_neither
825692b0167a4799,61a9dcecac4645ed,2023,401520256,Indiana,attribution_only,dip_restore,0.0,corroborated,corroborated
8274065ac56dd142,b29ddb47fe1b38bd,2021,401282824,Wisconsin,attribution_only,dip_restore,0.0,corroborated,corroborated
827bdac2b06dc289,2e802539e6b7a13f,2025,401760397,Boise State,points_recovery,dip_restore,3.0,game_unusable,cfbd_matches_neither
82976f012d1d6898,4e2402d94d234c05,2022,401416645,Central Michigan,points_recovery,incomplete_stream,10.0,game_unusable,cfbd_supports_baseline
829add4864f7bb3e,56c1767785cbdc2b,2021,401309578,Buffalo,attribution_only,category_possession_reassignment,0.0,game_unusable,cfbd_matches_neither
82b505d193e35c37,a59b09677426bca6,2023,401532393,Western Michigan,attribution_only,dip_restore,0.0,game_unusable,corroborated
82b6a7994e8087f4,302f4109b1039905,2016,400869677,Nebraska,attribution_only,dip_restore,0.0,corroborated,corroborated
82bf8b3d3d37385d,9b7009a4601eabaa,2023,401532447,Miami (OH),attribution_only,dip_restore,0.0,corroborated,corroborated
82f1f6b32a6e21f5,31a8161d844ab4fe,2023,401520175,Army,attribution_only,dip_restore,0.0,corroborated,corroborated
82f33aa8206987c4,9f139c90022b50f2,2022,401425418,Arkansas State,attribution_only,dip_restore,0.0,game_unusable,cfbd_matches_neither
8319660350174443,12023bd313c2afbd,2021,401309891,Colorado,attribution_only,category_possession_reassignment,0.0,game_unusable,cfbd_matches_neither
832eed43994abb15,cbee2f0246a9fabc,2016,400869430,Troy,attribution_only,dip_restore,0.0,corroborated,corroborated
833b7774245fac7a,615ecbbdba84db4e,2021,401282246,Rice,attribution_only,dip_restore,0.0,game_unusable,corroborated
8367c912849af72b,fbdcf2dfd76df491,2016,400869276,North Dakota,points_recovery,dip_restore,6.0,corroborated,corroborated
8373c06c0b500087,b74a97e9d8fe0fb6,2025,401762795,Eastern Michigan,points_recovery,incomplete_stream,13.0,game_unusable,cfbd_matches_neither
8436831140916e30,2486b93bb7d47c64,2021,401282620,Miami,attribution_only,dip_restore,0.0,game_unusable,corroborated
8439b2fe34e8a665,1a3ec5b70985de97,2023,401520400,UMass,attribution_only,dip_restore,0.0,game_unusable,corroborated
845c20fe0b327e4b,0505ae0f13a3fa55,2021,401282632,Pittsburgh,attribution_only,dip_restore,0.0,game_unusable,cfbd_matches_neither
8469b3e137e0d45d,cfd18a33f95900aa,2023,401525830,Oklahoma,attribution_only,dip_restore,0.0,game_unusable,corroborated
846e7a0fe184d950,842e3ca8fa6f529b,2019,401112078,Baylor,points_recovery,dip_restore,6.0,game_unusable,cfbd_matches_neither
848a6ba19ec46783,d940def6e9b110e0,2025,401752833,Rutgers,attribution_only,dip_restore,0.0,game_unusable,corroborated
84af739313ed58f5,c8f16e0b39ad6406,2021,401309884,Oregon,attribution_only,other,0.0,game_unusable,cfbd_matches_neither
84b7553fbcf33445,e5e5aed8f33b23ef,2024,401628341,Nicholls,points_recovery,incomplete_stream,21.0,game_unusable,cfbd_matches_neither
84bbd429e888b9de,3e854e326a98a4ba,2025,401754528,Louisville,attribution_only,dip_restore,0.0,corroborated,corroborated
84f4d6a398682514,c100452aaae6ec05,2021,401309873,Washington State,attribution_only,dip_restore,0.0,corroborated,corroborated
853382b6135965bc,f0ede01331656223,2021,401310253,Army,attribution_only,final_cap,0.0,game_unusable,cfbd_matches_neither
8542f0749a648589,d714cf5fd9ea785b,2019,401112201,Maryland,attribution_only,other,0.0,game_unusable,cfbd_matches_neither
855bd7a2af790b08,d0dcdac80daea47a,2022,401426565,Western Kentucky,attribution_only,dip_restore,0.0,game_unusable,cfbd_matches_neither
8561434d5a81fa6e,5e0a7c3302c6adae,2016,400869313,Toledo,attribution_only,dip_restore,0.0,corroborated,corroborated
8580fa5a6aa8b45b,4860463d6a4c43a6,2016,400868912,UTEP,attribution_only,dip_restore,0.0,game_unusable,cfbd_matches_neither
85833a7c48b75be3,cf520ae07107c57d,2025,401760403,Hawai_i,attribution_only,dip_restore,0.0,game_unusable,cfbd_matches_neither
8594fa0ba92d107b,b7bcf91f55b5c462,2023,401532409,Ball State,points_recovery,dip_restore,7.0,game_unusable,cfbd_matches_neither
85a42521515f6837,5deda1bb5e605f0b,2025,401757170,Connecticut,attribution_only,dip_restore,0.0,game_unusable,cfbd_supports_baseline
85aa7b5ebabfd1be,62c0c136f9436f5d,2025,401778329,Duke,attribution_only,category_possession_reassignment,0.0,corroborated,corroborated
85ab1de09ad11196,8862900c54c582cd,2021,401309640,Georgia Southern,attribution_only,dip_restore,0.0,corroborated,corroborated
85b84f5497888389,c3971e58d6a45274,2024,401643760,Hawai_i,attribution_only,dip_restore,0.0,game_unusable,cfbd_supports_baseline
85bc246186f7391c,985842ef183d3443,2021,401282224,Florida International,attribution_only,dip_restore,0.0,corroborated,corroborated
85e4e8186266d19c,d1fb718ea6ce3287,2023,401532593,Colorado State,attribution_only,dip_restore,0.0,corroborated,corroborated
85e904aaf071d63b,6ed796d15486609d,2018,401013365,UMass,points_recovery,incomplete_stream,24.0,game_unusable,cfbd_matches_neither
85f430131c34bfa7,60d2a53151e4dee0,2021,401309628,Appalachian State,attribution_only,dip_restore,0.0,game_unusable,corroborated
85fcb4adc58e51f8,bb03e3446e5ad6f9,2021,401301003,Memphis,attribution_only,dip_restore,0.0,corroborated,corroborated
860e8880e1262986,859ac8768262ac1c,2016,400869064,Tennessee,attribution_only,dip_restore,0.0,game_unusable,corroborated
8648412f2420e226,3159ce1eb63ce8b3,2022,401426539,SMU,attribution_only,dip_restore,0.0,corroborated,corroborated
867d0426d793d1eb,1ac4974a0a14c780,2024,401643827,Louisiana,attribution_only,dip_restore,0.0,corroborated,corroborated
8688e4c6868cc5cc,2c2d39acd5c8ff16,2015,400603893,LSU,attribution_only,dip_restore,0.0,game_unusable,cfbd_matches_neither
869289fcd81a0b32,d077e407ffa1646b,2022,401416630,Eastern Michigan,attribution_only,dip_restore,0.0,corroborated,corroborated
869e40f21fbdaeb4,4e1ccf4a151eb811,2018,401012743,San Jose State,attribution_only,other,0.0,game_unusable,cfbd_matches_neither
86a15eb950b68b34,c122e15c7e3bf263,2021,401287929,Baylor,attribution_only,category_possession_reassignment,0.0,game_unusable,cfbd_matches_neither
86abd3eca97dd461,5368cd29496689a5,2025,401778328,Iowa,attribution_only,category_possession_reassignment,0.0,game_unusable,cfbd_matches_neither
86e04b9d3963f9eb,fa6405f41bc355a2,2017,400945284,Boise State,attribution_only,dip_restore,0.0,corroborated,corroborated
8706195d5c41ffdb,4f22022c5c559845,2019,401112258,Penn State,attribution_only,dip_restore,0.0,corroborated,corroborated
870f578aab28ec02,186211db2444ed52,2022,401404094,Kansas,points_recovery,incomplete_stream,28.0,game_unusable,cfbd_matches_neither
8725b6ff82f3c2b2,b8e158a3aaacf7be,2023,401520240,Ohio State,attribution_only,dip_restore,0.0,corroborated,corroborated
874017e9092b2af7,340240bfdc5fc422,2021,401282196,Georgia State,attribution_only,dip_restore,0.0,game_unusable,corroborated
87469254ed3d38ea,aee4623f1e36d67f,2025,401762818,Ball State,attribution_only,dip_restore,0.0,corroborated,corroborated
874c9fc9af106d33,cd4af47345212e67,2025,401752861,Illinois,attribution_only,dip_restore,0.0,corroborated,corroborated
876144dbbcae5762,deb0b911c69aa837,2021,401301006,South Florida,attribution_only,dip_restore,0.0,corroborated,corroborated
87725a2f767bdfd5,f7faf2cd4178efbb,2019,401112161,Michigan State,attribution_only,dip_restore,0.0,corroborated,corroborated
8794dced8dbbed2a,76bf68cadf7360c9,2017,400935402,Rutgers,attribution_only,dip_restore,0.0,game_unusable,corroborated
87a4528fada35e45,49988363a7a08650,2017,400937451,Syracuse,attribution_only,other,0.0,game_unusable,cfbd_matches_neither
87c1ac3b8e3a527c,fa2ae62278aae60e,2015,400787302,Ohio,points_recovery,incomplete_stream,14.0,game_unusable,cfbd_matches_neither
87cef9b1730a3a8e,67ad98e15fdf7d2a,2025,401756907,Baylor,attribution_only,dip_restore,0.0,game_unusable,cfbd_matches_neither
87f106e5c33508b4,427f14a344089c18,2024,401636908,Utah,attribution_only,final_cap,0.0,game_unusable,cfbd_matches_neither
87f1c4a63fa1f845,0ef396712b333b36,2022,401404059,Texas,attribution_only,dip_restore,0.0,corroborated,corroborated
87f237289bd8dd5f,54ff0c8227cccdfc,2022,401404055,Murray State,attribution_only,dip_restore,0.0,corroborated,corroborated
87f6d870467026fa,c3e6ff33b2457c7a,2024,401640993,Liberty,attribution_only,dip_restore,0.0,game_unusable,corroborated
8806f19eebda1f18,068cf0989e2f6681,2025,401761616,Arkansas State,points_reduction,final_cap,-3.0,game_unusable,cfbd_matches_neither
880e58e3479b908c,f9e514f2b7f671eb,2024,401644774,Ball State,attribution_only,category_possession_reassignment,0.0,game_unusable,cfbd_matches_neither
881a1346a077203d,2f324246af2a601e,2022,401426365,South Alabama,attribution_only,dip_restore,0.0,corroborated,corroborated
883b21b1d783d0db,85012683eeec0426,2025,401760368,Air Force,attribution_only,dip_restore,0.0,game_unusable,cfbd_matches_neither
885deffdf53ac9b7,667179beb12d6dae,2021,401282795,Northwestern,attribution_only,category_possession_reassignment,0.0,game_unusable,cfbd_matches_neither
886c4f4521cebf53,9632ff089448d668,2023,401524003,Stanford,points_recovery,incomplete_stream,10.0,game_unusable,cfbd_matches_neither
88b19ca1cc9234c5,8945f5e99f495212,2023,401520309,Connecticut,attribution_only,dip_restore,0.0,corroborated,corroborated
88b48d8877d9caf7,73e8cd17d019b4f7,2024,401628543,Oregon,attribution_only,dip_restore,0.0,corroborated,corroborated
88b80de865eb10f0,57990baac2be9402,2025,401752700,Ole Miss,attribution_only,dip_restore,0.0,corroborated,corroborated
88dfaf07f7731ca3,d25d72a5f76b864e,2023,401520145,Jacksonville State,attribution_only,dip_restore,0.0,corroborated,corroborated
88e116b8074a928c,c81ab0be7977a6dd,2023,401525540,Boston College,attribution_only,dip_restore,0.0,game_unusable,cfbd_supports_baseline
88e54a6f982847ec,dfb880d8b994504e,2017,400944888,New Mexico State,attribution_only,dip_restore,0.0,game_unusable,corroborated
88eb56a4a41bbd8d,7475912f12a124e4,2021,401308841,Miami (OH),attribution_only,dip_restore,0.0,corroborated,corroborated
88ed87cdb7b80ee7,e6ad95321f5a8755,2022,401405146,Indiana,attribution_only,other,0.0,game_unusable,cfbd_matches_neither
890773d4afbe3d50,0b84ce0a0e3b8ae1,2022,401404122,Oklahoma,points_recovery,incomplete_stream,47.0,game_unusable,cfbd_matches_neither
890a563d516f88e2,9f882f7f82975c23,2025,401757224,UNLV,attribution_only,dip_restore,0.0,game_unusable,cfbd_supports_baseline
890d8aad21b8182f,9bf513e1f1e11e2d,2015,400757064,UCLA,attribution_only,dip_restore,0.0,corroborated,corroborated
891674bc727e7b4a,c699f9e1603038b7,2023,401525831,Rice,points_recovery,incomplete_stream,36.0,game_unusable,cfbd_matches_neither
891cb7ae4dbca537,5a6f912a91aa2e55,2024,401645340,East Carolina,attribution_only,final_cap,0.0,game_unusable,cfbd_matches_neither
891d392879033a58,35b75e3549ca70e7,2023,401520440,Sam Houston State,attribution_only,dip_restore,0.0,corroborated,corroborated
892fdd764888f2cf,cf1a7d1e9dab0a90,2021,401282658,NC State,attribution_only,dip_restore,0.0,corroborated,corroborated
8941e70acf6f68c9,2deb1ff00a390892,2022,401404164,UMass,points_recovery,incomplete_stream,24.0,game_unusable,cfbd_matches_neither
8980116315c773ad,f981a2f4f2c0c3df,2017,400985387,Florida International,attribution_only,dip_restore,0.0,corroborated,corroborated
898e084ccc83b4ce,180f3d2cb4d017bc,2025,401756911,Baylor,attribution_only,dip_restore,0.0,corroborated,corroborated
89cd74f623257847,f93f670b2339f6e5,2023,401520267,South Carolina,attribution_only,dip_restore,0.0,corroborated,corroborated
89e38a5ef6973ac4,5c98b245d73b5073,2016,400869342,Florida International,attribution_only,dip_restore,0.0,game_unusable,cfbd_matches_neither
89fb9fd96d2293e0,f72a1b559fda8e75,2022,401403867,LSU,attribution_only,final_cap,0.0,game_unusable,indistinguishable_at_drive_level
8a0a5310b9f79624,c2f4236a19d12481,2021,401282686,Boston College,points_recovery,incomplete_stream,34.0,game_unusable,cfbd_matches_neither
8a10c5d5e0f21706,7e7f68c69160f919,2024,401645381,North Texas,attribution_only,dip_restore,0.0,game_unusable,cfbd_matches_neither
8a5567f99f4f7d9f,024385e08fb1646b,2021,401309559,Ball State,attribution_only,dip_restore,0.0,game_unusable,corroborated
8a56fad2758863a3,a8628b4801ddd024,2019,401112251,Ohio State,attribution_only,dip_restore,0.0,corroborated,corroborated
8a6bbb8b8fa05b04,b5d161d948365524,2018,401019472,South Florida,attribution_only,dip_restore,0.0,corroborated,corroborated
8a941aaa6724cc1e,492b1a9f76d54637,2022,401414781,Temple,attribution_only,dip_restore,0.0,corroborated,corroborated
8a97f61daf4faac5,5d86fc017a4bb270,2023,401531911,Louisiana,attribution_only,dip_restore,0.0,game_unusable,cfbd_matches_neither
8a9ab5ac3a7b47de,e47f63d7ebc6b1a2,2022,401426344,Louisiana Monroe,points_recovery,other,1.0,game_unusable,corroborated
8ab1771faf101d7d,fa4cbe9b45a9deda,2025,401754553,Florida State,attribution_only,dip_restore,0.0,corroborated,corroborated
8ad089404d87ffcf,6aa3a14dfb27eb82,2025,401760370,Hawai_i,attribution_only,dip_restore,0.0,corroborated,corroborated
8ad900b743f9c6bd,c0d8dc258ab98a0e,2021,401282147,Florida,attribution_only,dip_restore,0.0,corroborated,corroborated
8afe4bef56601d2d,21924f3851b79b83,2022,401415024,East Carolina,attribution_only,dip_restore,0.0,game_unusable,corroborated
8b07f8894974e0e2,e4abc316b4f9a938,2025,401756940,Kansas,attribution_only,dip_restore,0.0,game_unusable,cfbd_supports_baseline
8b21023d39a419dd,e146d4319f5761fa,2024,401643770,Utah State,attribution_only,dip_restore,0.0,game_unusable,cfbd_matches_neither
8b3ab738b2a1fd8a,45d61147670ffb62,2016,400869133,Oregon,attribution_only,dip_restore,0.0,corroborated,corroborated
8b4e804a77cccf37,da86d07dec08dbb9,2015,400763449,Kansas State,attribution_only,dip_restore,0.0,corroborated,corroborated
8b72cfaeb424206a,d6ae83c08ce6cc16,2021,401287893,Texas State,attribution_only,dip_restore,0.0,game_unusable,cfbd_matches_neither
8b84cb362f036326,385cc753476d0a4c,2023,401520375,Ohio State,attribution_only,dip_restore,0.0,corroborated,corroborated
8bbb58662dd2e366,760959f1d4b40d3a,2017,400935262,Colorado,attribution_only,dip_restore,0.0,corroborated,corroborated
8bc2e064ced6f9ac,889d74c6d4c08628,2017,400944868,Georgia Southern,attribution_only,dip_restore,0.0,corroborated,corroborated
8bd866aedea41223,bb6ccbcd792f7bff,2018,401019514,Cincinnati,points_recovery,incomplete_stream,9.0,game_unusable,cfbd_matches_neither
8be4a1fe58f4b7d7,df6904dfc359f0ef,2025,401761598,Memphis,points_recovery,dip_restore,14.0,game_unusable,cfbd_matches_neither
8c09a17bd92b6ca5,f5f6897744e7a64e,2025,401762795,Long Island University,points_recovery,incomplete_stream,14.0,game_unusable,cfbd_matches_neither
8c18ca97998609fb,2c5275ff97498317,2021,401301035,Temple,attribution_only,dip_restore,0.0,game_unusable,corroborated
8c1fe08f419103ae,ee71fc4b4864093a,2025,401757257,Louisiana Tech,attribution_only,dip_restore,0.0,corroborated,corroborated
8c2a0d50465fa068,7043c61d45588912,2025,401752854,Penn State,points_recovery,incomplete_stream,24.0,game_unusable,cfbd_matches_neither
8c31c4e3da50b1ca,a6174dc13b2c6690,2016,400876108,Clemson,attribution_only,dip_restore,0.0,corroborated,corroborated
8c4e0bac27dc5ae7,d86e2603e7c352f1,2016,400869470,North Carolina,attribution_only,dip_restore,0.0,corroborated,corroborated
8cbb7540e70fe2e4,afb7e39b88e2aa5e,2015,400763611,Incarnate Word,attribution_only,final_cap,0.0,game_unusable,cfbd_matches_neither
8cd3e8b45d046bff,4e0eae22fa51bbd4,2017,400941853,Temple,attribution_only,dip_restore,0.0,game_unusable,corroborated
8cd7540f1efdca47,b255559cf7036d5e,2024,401628469,Boise State,attribution_only,dip_restore,0.0,game_unusable,corroborated
8cfc5f33e94cccde,f6ce0541d85f4cf5,2024,401636934,Oklahoma State,attribution_only,dip_restore,0.0,corroborated,corroborated
8d01a28d6104fe56,54cc9f2e9d69901a,2025,401761667,Texas State,attribution_only,dip_restore,0.0,game_unusable,corroborated
8d15318f42197fdf,6fd3751a4db57eee,2025,401752763,Missouri,attribution_only,dip_restore,0.0,game_unusable,indistinguishable_at_drive_level
8d17b31aa22a6ae3,021597dc2020a417,2025,401757261,Arkansas State,points_recovery,dip_restore,7.0,game_unusable,cfbd_supports_baseline
8d1af5d693885bde,3bb12817cba34c1a,2024,401628514,UCLA,attribution_only,dip_restore,0.0,corroborated,corroborated
8d2193cc0e082fa9,802236104e32d984,2021,401282189,Houston,attribution_only,dip_restore,0.0,game_unusable,corroborated
8d35409250c90b89,d3438b295b235c4c,2023,401551766,Kentucky,points_recovery,incomplete_stream,28.0,game_unusable,cfbd_matches_neither
8d3f906886ee40a9,6cd47f11a1dff8db,2022,401411103,North Carolina,attribution_only,dip_restore,0.0,game_unusable,cfbd_matches_neither
8d4b664a0afb0d59,432cb0312aadbcf3,2025,401756884,Rice,attribution_only,dip_restore,0.0,game_unusable,cfbd_matches_neither
8d52530a5f839cfd,8f38a9bf51a256ca,2025,401769071,Oregon,attribution_only,dip_restore,0.0,indistinguishable_at_drive_level,indistinguishable_at_drive_level
8d659490d0b7a845,8005805df508dcd6,2023,401532406,Western Michigan,attribution_only,dip_restore,0.0,game_unusable,cfbd_matches_neither
8d6a9f439ae60818,4b0a6488dd0c7890,2025,401769074,Indiana,attribution_only,restoration_gt8,0.0,game_unusable,cfbd_matches_neither
8d94effefeabc687,50592ef6c23b7681,2021,401282656,Virginia Tech,attribution_only,dip_restore,0.0,corroborated,corroborated
8db250d7dfcaa5de,4ece92c5deaf06cf,2022,401415657,UCF,attribution_only,dip_restore,0.0,corroborated,corroborated
8db575298c1cebe7,2c50f9629e12d8b1,2025,401760411,New Mexico,attribution_only,dip_restore,0.0,game_unusable,cfbd_supports_baseline
8dbb8b0ad79b66fb,ecef4fd4f3af80c9,2024,401632072,UTEP,attribution_only,dip_restore,0.0,corroborated,corroborated
8df468bf009f0a89,6a78272ae8d60b5b,2023,401551770,Maryland,attribution_only,dip_restore,0.0,corroborated,corroborated
8e0b26dc0ca6c24a,3b24ef6b48b36f69,2025,401752791,Tennessee,attribution_only,dip_restore,0.0,game_unusable,cfbd_matches_neither
8e0f944df62b90e9,a45b717167f6eba9,2022,401415234,Wyoming,attribution_only,dip_restore,0.0,corroborated,corroborated
8e1bfc8de707549b,0dce2cc5de166dca,2024,401628983,Notre Dame,attribution_only,dip_restore,0.0,corroborated,corroborated
8e27c822fd20d33f,f08fbd551bda5877,2024,401643780,Louisiana Monroe,attribution_only,other,0.0,game_unusable,cfbd_matches_neither
8e443a16c8a348bf,094f4c92e4a0f6a6,2024,401636930,Arizona State,attribution_only,dip_restore,0.0,corroborated,corroborated
8e6b1bf76fd6e6cf,f73eea0cac39e402,2022,401416612,Western Michigan,points_recovery,incomplete_stream,44.0,game_unusable,cfbd_matches_neither
8e88589c52dce411,92ff12922e639f72,2019,401117553,San Jose State,attribution_only,dip_restore,0.0,game_unusable,corroborated
8e9152521bca48cd,89a0581d3831ac5f,2018,401020765,Central Michigan,attribution_only,dip_restore,0.0,corroborated,corroborated
8e91a691aef92e6d,ccbee10b1162c9dd,2021,401310736,Wyoming,attribution_only,dip_restore,0.0,game_unusable,corroborated
8e94c7d1f7a9cb7a,fb116cdc6bad948e,2023,401532591,Fresno State,attribution_only,dip_restore,0.0,game_unusable,cfbd_matches_neither
8e9512ea544ac9cf,d5347b6d4f1a83aa,2022,401416649,Bowling Green,attribution_only,dip_restore,0.0,corroborated,corroborated
8eafbe99e8ca21ae,b316478c2a3cba59,2016,400868923,BYU,attribution_only,dip_restore,0.0,corroborated,corroborated
8eb79bcfd50b7101,f639d49490a07f90,2025,401760409,Utah State,attribution_only,dip_restore,0.0,game_unusable,cfbd_matches_neither
8ebb39e9faee458b,44fb162298c4c491,2024,401644770,Central Michigan,attribution_only,dip_restore,0.0,game_unusable,corroborated
8ec6180a4b794ed0,7b511232238054b0,2017,400944986,Kent State,attribution_only,dip_restore,0.0,corroborated,corroborated
8f3c980f889e464b,243a6d92cc56f1c2,2016,400869661,Indiana,attribution_only,dip_restore,0.0,corroborated,corroborated
8f47a658f7581004,4b3dd8365a0485f0,2021,401309547,Northern Illinois,attribution_only,dip_restore,0.0,game_unusable,corroborated
8f49b6dabe46ab6e,ca5065dfb196cd92,2024,401636608,New Mexico,attribution_only,dip_restore,0.0,corroborated,corroborated
8f58f18665a631ab,c0ebe5526ab18cfb,2021,401310733,San Diego State,attribution_only,category_possession_reassignment,0.0,game_unusable,cfbd_matches_neither
8f5a302c5422a9d9,dcd07be6c0992f86,2022,401403859,Miami (OH),points_recovery,incomplete_stream,3.0,game_unusable,cfbd_matches_neither
8f6af96c0fd584c2,917bbacf455f3aff,2022,401416602,Central Michigan,attribution_only,dip_restore,0.0,corroborated,corroborated
8f75a3780c2c7861,ac3c5e64c6d7f14e,2021,401287933,Iowa State,attribution_only,dip_restore,0.0,corroborated,corroborated
8f7f3750a1fe46b0,78b03aaa67112424,2017,400941799,South Florida,attribution_only,dip_restore,0.0,game_unusable,corroborated
8f86ec47144c9ff9,de1cc716198d2ba8,2022,401426355,James Madison,attribution_only,final_cap,0.0,game_unusable,cfbd_matches_neither
8fbab26f3a182ad3,de8f3e3fbeebd74b,2016,400869029,Alabama,attribution_only,dip_restore,0.0,game_unusable,corroborated
8fead319a08e1cfb,3c9d3a447a63c985,2025,401752951,Virginia,attribution_only,dip_restore,0.0,corroborated,corroborated
9002369f521f1283,c0dfcf32dfaeddc9,2022,401415215,Utah State,attribution_only,final_cap,0.0,game_unusable,cfbd_matches_neither
902a8ae096a3c16b,06df68c8c6daa675,2021,401287907,Baylor,points_recovery,incomplete_stream,3.0,game_unusable,cfbd_matches_neither
902a935b72cceb56,012a557c9b9f3086,2024,401677093,USC,attribution_only,dip_restore,0.0,game_unusable,corroborated
903a4b8acd09db38,0c4b30828e055b4f,2021,401309560,Ohio,points_recovery,incomplete_stream,33.0,game_unusable,cfbd_matches_neither
906b97a876f16c15,26208a77339e6d21,2017,400933896,Mississippi State,attribution_only,dip_restore,0.0,game_unusable,corroborated
907e966e6230d44d,6e9606679cd5f070,2023,401539481,Toledo,attribution_only,dip_restore,0.0,corroborated,corroborated
9081cb17bc9302a6,7b9ab5ec00549c1f,2024,401644774,Bowling Green,attribution_only,dip_restore,0.0,game_unusable,cfbd_matches_neither
9100d64c48eb70a0,64557becab9434b3,2016,400869853,Idaho,points_recovery,incomplete_stream,38.0,game_unusable,cfbd_matches_neither
911473861006fe5f,9daf37d90c8e26fa,2023,401531919,Arkansas State,attribution_only,dip_restore,0.0,corroborated,corroborated
916233a4684992d7,3bc0ad7e8cbaefb0,2023,401531927,Troy,attribution_only,dip_restore,0.0,corroborated,corroborated
91709473f3ecfa30,881b9863b7abd495,2024,401640987,Kennesaw State,attribution_only,dip_restore,0.0,corroborated,corroborated
918ea4a09489459b,0b4d3300ce4856df,2021,401282812,Purdue,attribution_only,dip_restore,0.0,corroborated,corroborated
919c702710e8da37,584d8d84bd4fb66d,2025,401769075,Miami,attribution_only,dip_restore,0.0,game_unusable,cfbd_matches_neither
91b3d2ddddce975d,16765004104c9027,2025,401762830,Ball State,attribution_only,dip_restore,0.0,corroborated,corroborated
91d6242a46e18b7b,c59451f996e9f3c5,2021,401282116,Auburn,attribution_only,dip_restore,0.0,corroborated,corroborated
91d9f0be7f471399,398f1e49c76e24a3,2024,401643744,San Diego State,attribution_only,dip_restore,0.0,game_unusable,corroborated
92018b1af7ab54da,2e8be1f14353e4f7,2025,401754637,Clemson,attribution_only,dip_restore,0.0,corroborated,corroborated
922a8b1e8f2784c0,706b7cec7f8b741e,2023,401520167,North Carolina,attribution_only,dip_restore,0.0,game_unusable,corroborated
92464bc7aa2c20b1,9f29898f498f2313,2016,400869413,North Texas,attribution_only,dip_restore,0.0,corroborated,corroborated
927703afc6d4b175,b6ceebd3937cee30,2021,401282651,Wake Forest,attribution_only,dip_restore,0.0,corroborated,corroborated
9285f6e4efa926fd,77fab1952f8c4661,2024,401628334,LSU,attribution_only,dip_restore,0.0,corroborated,corroborated
92930051b2ca50a3,0d54f3948794f6bb,2024,401636875,Iowa State,attribution_only,dip_restore,0.0,corroborated,corroborated
92b36ad4c18e321a,e393960073c09bf6,2016,400869369,Southern Mississippi,attribution_only,dip_restore,0.0,game_unusable,corroborated
92b749cf3a4d4fdd,ac78e28706bb1e1e,2015,400852730,USC,attribution_only,dip_restore,0.0,corroborated,corroborated
92dab6763b539556,a8b6994a477cc419,2022,401426371,Coastal Carolina,attribution_only,dip_restore,0.0,corroborated,corroborated
92df5deb8456401a,cdc78b0fe3674847,2017,400944842,Louisiana,attribution_only,dip_restore,0.0,cfbd_matches_neither,cfbd_matches_neither
9307d12068859093,de332214b7825313,2023,401531347,Tulane,attribution_only,dip_restore,0.0,corroborated,corroborated
932df2fe691d879e,c5902c93bdac61db,2022,401404001,Stanford,attribution_only,dip_restore,0.0,corroborated,corroborated
932e080a537caf7d,39268db5dabe9f9f,2021,401282783,Youngstown State,attribution_only,dip_restore,0.0,corroborated,corroborated
934c438bad1f6e96,40000c6410e8fbd2,2021,401301029,South Florida,attribution_only,dip_restore,0.0,corroborated,corroborated
934d33f2f58714d3,7bf5f7f0abfd1fb4,2024,401628569,Oregon,attribution_only,dip_restore,0.0,corroborated,corroborated
935450dd529aba56,30ce90a28ee62eba,2022,401404104,Oklahoma,points_recovery,incomplete_stream,28.0,game_unusable,cfbd_matches_neither
935f83d60c0f524e,c117f9d9831278a2,2018,401012749,Stanford,attribution_only,final_cap,0.0,game_unusable,cfbd_matches_neither
9367720a9e4e0b5d,c46f2f9db9d1164e,2023,401525827,UCF,attribution_only,restoration_gt8,0.0,game_unusable,corroborated
93811c08387e537d,04d36826217b4732,2018,401012683,Wyoming,attribution_only,dip_restore,0.0,corroborated,corroborated
9386b34c7b019387,68a56e273d71285c,2025,401752869,Iowa,attribution_only,dip_restore,0.0,corroborated,corroborated
9398e0229bd2e5ea,bc8f550e3be5ec55,2021,401282726,Maryland,points_recovery,dip_restore,1.0,game_unusable,corroborated
93999d2046ca2fd8,f651d47d7f987ae9,2017,400935386,Michigan,attribution_only,other,0.0,game_unusable,cfbd_matches_neither
93a8025d893b7c7a,43aa67647a9701e6,2021,401309594,Northern Illinois,attribution_only,dip_restore,0.0,corroborated,corroborated
93b8571cb50e1068,5312b69b4d063198,2022,401405115,Michigan,attribution_only,dip_restore,0.0,game_unusable,cfbd_supports_baseline
93ba6904829f773d,520af96f614a3796,2025,401752900,Ohio State,attribution_only,dip_restore,0.0,game_unusable,cfbd_matches_neither
93c72969e395e12f,8a2f729acacf2340,2015,400787482,Appalachian State,attribution_only,dip_restore,0.0,game_unusable,corroborated
93ece6de4e3b7666,93c07aee7ef92b77,2024,401643765,Colorado State,attribution_only,dip_restore,0.0,corroborated,corroborated
93f44b3d2029751f,af9952d865e8c231,2022,401403991,South Alabama,points_recovery,restoration_gt8,3.0,game_unusable,cfbd_matches_neither
93f4b20b3da46b3f,46edb14bfd5eb898,2021,401309850,Stony Brook,attribution_only,dip_restore,0.0,corroborated,corroborated
93f747c499e81beb,81e9319bcc23b59c,2021,401282242,Marshall,points_recovery,incomplete_stream,21.0,game_unusable,cfbd_matches_neither
93fde3fa68c6fff9,018b11b0e4e05560,2015,400787470,Idaho,attribution_only,dip_restore,0.0,corroborated,corroborated
944238c4601e2d40,25c3cb6608a0ab79,2025,401754516,Hawai_i,attribution_only,dip_restore,0.0,game_unusable,cfbd_matches_neither
9464c31024005b16,a3b3941af91624ee,2023,401520273,UNLV,attribution_only,dip_restore,0.0,game_unusable,cfbd_matches_neither
947be5f69ac79416,b048833fc0ec2ae5,2022,401405142,Wisconsin,attribution_only,dip_restore,0.0,corroborated,corroborated
949db183be7834ee,f03e9a1f78613993,2015,400757072,Oregon,attribution_only,dip_restore,0.0,corroborated,corroborated
94b1495e0e75aba6,8fe198141511f6ae,2023,401525529,Miami,attribution_only,dip_restore,0.0,game_unusable,corroborated
94df43b18ffc88fd,e8370c3277d330d6,2021,401309589,Toledo,attribution_only,dip_restore,0.0,game_unusable,cfbd_matches_neither
94fa4741405a4b3d,b43905ccab5f84eb,2018,401022521,Prairie View A&M,attribution_only,dip_restore,0.0,game_unusable,cfbd_matches_neither
9500d9e3d307c19c,694c63536b0f5d7a,2021,401282068,Colorado State,attribution_only,dip_restore,0.0,game_unusable,cfbd_matches_neither
95180911d61ff51b,8cf26042d2e20672,2023,401520376,Jacksonville State,attribution_only,dip_restore,0.0,corroborated,corroborated
9518fa5e9f8f7fc9,a8ebb9cedb51d488,2024,401636868,Texas Tech,points_recovery,incomplete_stream,49.0,game_unusable,cfbd_matches_neither
953c55a8731ec19d,d8e8b5b30d4a9fbe,2017,400934557,Texas Tech,attribution_only,dip_restore,0.0,corroborated,corroborated
9549eb55f1158621,12227d2860388112,2024,401628369,Oklahoma,attribution_only,dip_restore,0.0,game_unusable,cfbd_matches_neither
955be388d689df6b,03094646fb596208,2016,400869060,Austin Peay,attribution_only,dip_restore,0.0,game_unusable,corroborated
958b7f5b7dfc810a,3a496305431e5fa4,2016,400869100,Arizona State,attribution_only,dip_restore,0.0,game_unusable,cfbd_supports_baseline
95900cce2fd11bc6,84c4cca6896d2be2,2021,401287930,TCU,points_recovery,dip_restore,5.0,game_unusable,cfbd_matches_neither
95b7f8f71e7a7025,066fc621ca864329,2024,401635552,Clemson,points_recovery,incomplete_stream,59.0,game_unusable,cfbd_matches_neither
95bd7a920f4b5c8b,9d2f352a09049813,2015,400760498,Army,attribution_only,dip_restore,0.0,game_unusable,corroborated
95be52167f5c3239,2fa2b385fa6b8390,2023,401520234,Murray State,attribution_only,dip_restore,0.0,corroborated,corroborated
95c6605ee41c986c,33a5e65b25021188,2018,401014973,Fordham,attribution_only,dip_restore,0.0,corroborated,corroborated
95da8a23ad5864f3,59444cca5155b34b,2022,401416568,Akron,points_recovery,incomplete_stream,23.0,game_unusable,cfbd_matches_neither
95ef7c554212434e,423919c79157e680,2023,401551751,Jacksonville State,attribution_only,dip_restore,0.0,corroborated,corroborated
95f15bc0881079fd,3ba8f2c9177eeffb,2023,401520348,Sam Houston State,attribution_only,dip_restore,0.0,corroborated,corroborated
9658ca8757c8078f,d22ca94c3d26417d,2021,401309613,Georgia Southern,attribution_only,dip_restore,0.0,corroborated,corroborated
9664900a7093134a,b63fd2b822cbff4a,2024,401632072,Southern Utah,attribution_only,dip_restore,0.0,corroborated,corroborated
966cbeb3579253ca,4087ab7fa3df648d,2019,401112262,Nevada,attribution_only,dip_restore,0.0,corroborated,corroborated
966f2f3c4c278a83,fd04d8822b01df37,2016,400869167,Arizona,attribution_only,dip_restore,0.0,corroborated,corroborated
966fe0e39c968565,7c4044e8b5d3fce0,2022,401405070,Virginia,attribution_only,final_cap,0.0,game_unusable,cfbd_matches_neither
967716d7f81db41d,9c81e7f08377a8d5,2025,401778327,TCU,attribution_only,category_possession_reassignment,0.0,game_unusable,cfbd_matches_neither
96788602f7ae5077,32f1d62e94949ab7,2023,401525849,SMU,attribution_only,dip_restore,0.0,corroborated,corroborated
96858c10443317e5,d96e1fe67eaee994,2021,401286304,Maine,attribution_only,dip_restore,0.0,game_unusable,cfbd_matches_neither
969781aac935e355,9ffa3422d28193d6,2024,401628422,Murray State,attribution_only,dip_restore,0.0,corroborated,corroborated
96a8a330b4bbee49,5bef7364b9fb99e1,2019,401114319,New Mexico State,attribution_only,dip_restore,0.0,corroborated,corroborated
96b8b82075953c38,499d98cc415f36c6,2021,401310711,Boise State,attribution_only,dip_restore,0.0,corroborated,corroborated
96c1d2398f45ec2a,72273588ff80a9b2,2018,401015008,Old Dominion,attribution_only,dip_restore,0.0,game_unusable,corroborated
96c38ec729b349db,2a310d02fca73dab,2023,401531381,UT San Antonio,attribution_only,dip_restore,0.0,corroborated,corroborated
96cbed6575b74921,38ce7de04d048343,2025,401752816,Michigan State,attribution_only,restoration_gt8,0.0,game_unusable,cfbd_matches_neither
96cdcf7760539064,ff4c2150669d0f8e,2022,401411164,North Carolina,attribution_only,dip_restore,0.0,corroborated,corroborated
96d7767062082d3f,0fb12f7609904ed4,2021,401309873,Stanford,attribution_only,dip_restore,0.0,corroborated,corroborated
9703f81997bd3d78,3299dc79e38ff0b6,2021,401282246,North Texas,points_recovery,incomplete_stream,24.0,game_unusable,corroborated
970841698b59b230,b9aff40083c19dc3,2022,401405139,Ohio State,attribution_only,dip_restore,0.0,corroborated,corroborated
9713adad48e9ad08,816b763a6b7ed2e2,2025,401752682,Arkansas State,attribution_only,dip_restore,0.0,game_unusable,cfbd_matches_neither
9719cfb481107729,be5ef2222d356c26,2022,401405138,Michigan State,attribution_only,dip_restore,0.0,corroborated,corroborated
9721f903616baa64,47901de1418a8a52,2015,400756912,Florida Atlantic,attribution_only,dip_restore,0.0,game_unusable,corroborated
972ac943adfb3c3f,2b9a6dfc089ac43e,2025,401762470,South Carolina State,attribution_only,dip_restore,0.0,corroborated,corroborated
9730d850780526a9,b01126db43675e63,2023,401524041,USC,attribution_only,dip_restore,0.0,game_unusable,cfbd_matches_neither
97326bef43164915,b94ccd35a4453787,2021,401309851,Oregon State,attribution_only,dip_restore,0.0,corroborated,corroborated
973d13905c30a318,812ab92c1f51c5b9,2017,400945004,Western Michigan,points_recovery,dip_restore,3.0,game_unusable,cfbd_matches_neither
97500f936bc2aab0,bad2ad1dc76d839c,2015,400603934,South Carolina,attribution_only,dip_restore,0.0,corroborated,corroborated
977f38dd9fa0689d,ac0ee414f1743a85,2016,400868956,Notre Dame,attribution_only,dip_restore,0.0,game_unusable,corroborated
9794ada6c23ae3a7,340acd5be7493ded,2024,401635595,Duke,attribution_only,dip_restore,0.0,corroborated,corroborated
97a4ebe4d8bd7ee1,52782238203c7b8a,2021,401282792,Bowling Green,attribution_only,dip_restore,0.0,corroborated,corroborated
97f8ff88cf945b49,6bd0314b3ffd5e6f,2021,401301003,Memphis,attribution_only,dip_restore,0.0,corroborated,corroborated
97ff8662aede6b2c,da2cc0e45006a605,2021,401309540,Ball State,attribution_only,dip_restore,0.0,corroborated,corroborated
98078e2dc2640164,3662295e307bf1e2,2024,401645372,East Carolina,attribution_only,dip_restore,0.0,corroborated,corroborated
98201eb7c9cf0e04,f8e1923e29dd5873,2015,400764898,Memphis,attribution_only,dip_restore,0.0,corroborated,corroborated
98275107557751e6,5dabf1e856c924f7,2022,401411097,Bethune-Cookman,attribution_only,dip_restore,0.0,game_unusable,corroborated
983237dccb2e3082,7e4d500dfb907886,2015,400764860,Navy,attribution_only,dip_restore,0.0,game_unusable,corroborated
98bd5f13074d487a,c7159b2042ccf11d,2024,401635518,Syracuse,attribution_only,dip_restore,0.0,corroborated,corroborated
998107e4a2d5d264,49bd816e34bbe208,2015,400787364,Central Michigan,attribution_only,dip_restore,0.0,corroborated,corroborated
9989ef0737377dc5,4678641cb859d2e2,2021,401309603,Nicholls,attribution_only,dip_restore,0.0,corroborated,corroborated
998a7667c12624f9,3a6f699e2d7c6832,2016,400869699,Iowa,attribution_only,dip_restore,0.0,corroborated,corroborated
9993a7adbf2050dd,8dbc24b91a8a8cee,2022,401403973,Kent State,attribution_only,dip_restore,0.0,corroborated,corroborated
99945faee0dd8394,7c6d2452adbe8076,2023,401524057,Washington State,attribution_only,dip_restore,0.0,game_unusable,cfbd_matches_neither
999955f2f853bd78,03ec01d1e9a845b8,2017,400944853,Appalachian State,attribution_only,dip_restore,0.0,indistinguishable_at_drive_level,indistinguishable_at_drive_level
99b5a639429ac971,c67b05a9c7af3505,2025,401752743,Kentucky,points_recovery,incomplete_stream,13.0,game_unusable,cfbd_matches_neither
99c3574a5ce96b92,0df12c9d567699ae,2021,401310704,Air Force,attribution_only,dip_restore,0.0,game_unusable,cfbd_matches_neither
99d8281fb9dca759,20e8231d6c4cdfc4,2025,401762830,Ohio,attribution_only,dip_restore,0.0,corroborated,corroborated
99e2d49468e229ce,e738fb24b4ac1ca2,2018,401020783,Toledo,attribution_only,dip_restore,0.0,corroborated,corroborated
99f5fb052e981c14,4a7ccc5e79cc6405,2025,401762875,Ball State,attribution_only,dip_restore,0.0,cfbd_supports_baseline,cfbd_supports_baseline
99f64bb06f44a3e4,dd9b2c558a8f8bc6,2015,400603884,Tennessee,attribution_only,dip_restore,0.0,cfbd_matches_neither,cfbd_matches_neither
99f7cb18d17cbd49,ce2a42f2f01a2022,2024,401635572,North Carolina,attribution_only,dip_restore,0.0,corroborated,corroborated
99fcd862e7beb101,2d85505b71302795,2025,401762860,Miami (OH),attribution_only,dip_restore,0.0,game_unusable,cfbd_matches_neither
9a085dd9c33e8faa,6e87bde218b8604c,2019,401112489,Virginia Tech,points_reduction,incomplete_stream,-1.0,game_unusable,cfbd_matches_neither
9a10be62e5a19660,b496ac9b2a1bf8c9,2025,401762456,UMass,attribution_only,dip_restore,0.0,corroborated,corroborated
9a1812c03ae404ce,7524dd511d9eaf0a,2025,401756853,Iowa State,attribution_only,dip_restore,0.0,corroborated,corroborated
9a28930a9224d733,b462756c0b28de8d,2023,401531412,Appalachian State,attribution_only,dip_restore,0.0,game_unusable,cfbd_matches_neither
9a3036c1f01de7aa,ada88271aaef6b0b,2024,401645377,UAB,attribution_only,dip_restore,0.0,corroborated,corroborated
9a3c343ac412ab90,73ae662a7e294d7b,2021,401282783,Michigan State,attribution_only,restoration_gt8,0.0,corroborated,corroborated
9a3d1751b72027f9,f3535cd88034345b,2025,401752784,Auburn,attribution_only,dip_restore,0.0,game_unusable,cfbd_matches_neither
9a5c186b7b54b52f,2ec2b72a2a4c3fea,2022,401415263,Fresno State,attribution_only,dip_restore,0.0,corroborated,corroborated
9a7813fc1e464329,6360cb7ca04f55b6,2025,401752760,Kentucky,attribution_only,dip_restore,0.0,game_unusable,cfbd_matches_neither
9aca7684ec399866,9f3164b21e84403d,2021,401309553,Colorado State,attribution_only,dip_restore,0.0,corroborated,corroborated
9ae96d540d8ba810,5e1223ff51d2de44,2024,401640982,Liberty,attribution_only,dip_restore,0.0,game_unusable,corroborated
9af69ac7271b81bd,a02e5098a3ee58d9,2023,401532596,San Jose State,attribution_only,dip_restore,0.0,corroborated,corroborated
9b0706dac5a2547f,d7c1cd2ecb326320,2023,401520195,Illinois,attribution_only,dip_restore,0.0,game_unusable,corroborated
9b2458a6680bbd7c,84a7222c039a9826,2025,401762473,Rice,attribution_only,dip_restore,0.0,corroborated,corroborated
9b4f990d2b13b96c,e9c69b852c4c12c6,2018,401032068,Minnesota,attribution_only,dip_restore,0.0,corroborated,corroborated
9b56a45477eb3fbe,fee84a72625a2a0b,2022,401415245,San Diego State,attribution_only,dip_restore,0.0,game_unusable,corroborated
9b8f7ed39415f2ab,08e9085ef27f296b,2023,401520269,UT San Antonio,attribution_only,dip_restore,0.0,game_unusable,corroborated
9b988e32804e90ac,b78407a78264acb3,2017,400933897,Missouri,attribution_only,dip_restore,0.0,game_unusable,cfbd_matches_neither
9ba9e158f1379d25,443a0430067ebdb3,2024,401628359,South Carolina,attribution_only,dip_restore,0.0,game_unusable,corroborated
9bf248a5a1da7c80,eb8f257406206c36,2025,401752823,UNLV,attribution_only,dip_restore,0.0,corroborated,corroborated
9bf4b379cc311cff,902060dfcf1e7f13,2021,401331162,Cincinnati,attribution_only,dip_restore,0.0,corroborated,corroborated
9c43a6c133252e22,cea7c776dbfa9b4e,2022,401416598,Louisiana,attribution_only,dip_restore,0.0,game_unusable,corroborated
9c4e3a9ea3c2ecc6,71342b1b3d75468a,2024,401628514,Minnesota,attribution_only,dip_restore,0.0,corroborated,corroborated
9c58bc69f29db33b,ddc457e9cab54bbb,2021,401310704,Utah State,attribution_only,dip_restore,0.0,game_unusable,corroborated
9c7a41cc90e4b41f,3b821a248d7fca1d,2018,401022535,New Mexico,attribution_only,dip_restore,0.0,cfbd_matches_neither,cfbd_matches_neither
9ca44443c0d0f065,51514250d97e0ae0,2023,401524035,Oregon,attribution_only,dip_restore,0.0,game_unusable,corroborated
9ca44ee2a7627312,7d3d7bc8ee0c76db,2023,401523991,California,attribution_only,dip_restore,0.0,corroborated,corroborated
9ca7149218f3c9e8,103a2d14a0a60c18,2023,401520312,Liberty,attribution_only,dip_restore,0.0,corroborated,corroborated
9cba7ad0e9103883,787d06e64ae548ab,2024,401644690,Miami (OH),attribution_only,dip_restore,0.0,corroborated,corroborated
9ccc1169363de4ed,f39e980a317f9600,2024,401643760,Utah State,attribution_only,final_cap,0.0,game_unusable,indistinguishable_at_drive_level
9ce0677f053062b9,a08a3847aa3d6c8c,2022,401411113,Virginia,attribution_only,dip_restore,0.0,game_unusable,cfbd_matches_neither
9cf9a913c03e8bba,1b325ee31ac83287,2015,400603838,Texas A&M,attribution_only,dip_restore,0.0,game_unusable,corroborated
9cffbe3528d6482d,b4828cfbca2b95d3,2022,401415641,SMU,attribution_only,dip_restore,0.0,corroborated,corroborated
9d233bfbd2bc9382,d9d2cb7117de8e23,2025,401757305,Florida International,attribution_only,dip_restore,0.0,game_unusable,cfbd_matches_neither
9d2649bc35c0246d,83a69baf1f4f41d1,2023,401524027,California,attribution_only,dip_restore,0.0,corroborated,corroborated
9d27de14ea67beed,f37f5cc958027c28,2021,401282078,Tennessee,attribution_only,dip_restore,0.0,corroborated,corroborated
9d28f209216a1f48,060a17b38cf6d61a,2025,401754588,North Carolina,attribution_only,dip_restore,0.0,game_unusable,cfbd_matches_neither
9d3976e9514fe190,b78823d502ce3b4c,2025,401752678,UT San Antonio,attribution_only,final_cap,0.0,game_unusable,indistinguishable_at_drive_level
9d4e5f84017ed46e,5c5ac6bec9a406ca,2021,401309579,Ball State,points_recovery,incomplete_stream,31.0,game_unusable,cfbd_matches_neither
9d732d323c344cc2,1f7cf20dba3930f0,2025,401756966,Oklahoma State,attribution_only,dip_restore,0.0,game_unusable,cfbd_matches_neither
9d870b177511e2d8,f6b6dd99ed6a1682,2022,401416627,Miami (OH),attribution_only,dip_restore,0.0,game_unusable,cfbd_matches_neither
9db14880e465184e,d4a53a439008470b,2025,401756915,Kansas,attribution_only,dip_restore,0.0,corroborated,corroborated
9dc357cd54f087fa,04822f79fa9b9c8d,2021,401282269,Florida International,attribution_only,dip_restore,0.0,corroborated,corroborated
9dff11616b967e9e,1c0523407d78d7c8,2025,401760391,San Jose State,attribution_only,dip_restore,0.0,game_unusable,cfbd_matches_neither
9e00a4a6fa629f44,544ac5f50dec6a08,2018,401012874,Maryland,attribution_only,dip_restore,0.0,game_unusable,corroborated
9e04c9b3d95377bf,c35ae643fe01f152,2025,401757235,Kennesaw State,attribution_only,dip_restore,0.0,game_unusable,corroborated
9e1b63a00c7dc942,cb407ff3528d1d5d,2022,401426340,Arkansas State,attribution_only,restoration_gt8,0.0,game_unusable,corroborated
9e1cb54f3ec82761,6181a76cd7358c96,2021,401282671,Georgia Tech,attribution_only,category_possession_reassignment,0.0,game_unusable,cfbd_matches_neither
9e42e522ada2ad63,1542c2e5c81d373f,2017,400986609,Austin Peay,attribution_only,dip_restore,0.0,game_unusable,corroborated
9e52f4d29c0bdf8e,2ab55dcab61c5156,2024,401628374,Alabama,points_recovery,incomplete_stream,41.0,game_unusable,cfbd_matches_neither
9e5c5c4b41952119,9088b83dd87897b3,2018,401079833,East Carolina,attribution_only,dip_restore,0.0,game_unusable,corroborated
9e5dcb77cb588f04,65dcd96c5046780e,2022,401404003,USC,attribution_only,dip_restore,0.0,corroborated,corroborated
9e604d63f37206c2,d2cfde0cf103ada1,2018,401012759,California,attribution_only,dip_restore,0.0,corroborated,corroborated
9e79e845a796bca7,43cc4e291b8e4e50,2016,400869697,Maryland,attribution_only,dip_restore,0.0,corroborated,corroborated
9e80cf2d1266ae54,591a84a6b9dd227f,2025,401752722,Kentucky,attribution_only,dip_restore,0.0,corroborated,corroborated
9e8f4bdbb0db41cd,25e078627382341b,2017,400937493,Syracuse,attribution_only,dip_restore,0.0,corroborated,corroborated
9e9440b8e4818726,bcfd002057519001,2021,401310723,San Jose State,attribution_only,final_cap,0.0,game_unusable,indistinguishable_at_drive_level
9ea315511821aa60,5c74e37282ffaefd,2022,401405096,Cincinnati,attribution_only,dip_restore,0.0,corroborated,corroborated
9eb0da147be7145f,9d411265c24dc862,2022,401415241,Boise State,attribution_only,dip_restore,0.0,corroborated,corroborated
9eb227f5e760178f,6d5dcd18c7986f6c,2024,401635620,Boston College,attribution_only,dip_restore,0.0,game_unusable,corroborated
9f2ac2610ad38524,e2b484b8222fb2ff,2021,401309612,Appalachian State,attribution_only,dip_restore,0.0,corroborated,corroborated
9f598698d73f764e,aa31e25eb352ed3c,2025,401756953,UCF,attribution_only,dip_restore,0.0,game_unusable,cfbd_matches_neither
9f5c01bff8b25ff2,3ed576ca0e413c2a,2025,401754621,East Texas A&M,attribution_only,dip_restore,0.0,game_unusable,cfbd_matches_neither
9f5ce2b7183e93bc,fed7df1b2debaafc,2025,401760412,Fresno State,attribution_only,dip_restore,0.0,game_unusable,cfbd_supports_baseline
9f6609c7aaea0b66,6ec95fcb323b595e,2023,401525824,Texas,points_reduction,restoration_gt8,-3.0,game_unusable,cfbd_matches_neither
9f6870f356d755d2,93bb7a21c4670d1d,2025,401762838,Akron,attribution_only,dip_restore,0.0,game_unusable,corroborated
9f78cc013ae41604,06db53f0c2259909,2023,401531418,Florida Atlantic,attribution_only,dip_restore,0.0,game_unusable,cfbd_matches_neither
9f7bec3300765744,ac65a99d0245dd5d,2023,401525542,Georgia Tech,points_recovery,dip_restore,14.0,game_unusable,cfbd_supports_baseline
9f950102392bca74,79b6f9631bd97c41,2021,401282184,Louisiana Tech,points_recovery,restoration_gt8,2.0,game_unusable,cfbd_matches_neither
9faa2b21068d6b3a,3b8070f69bde2510,2021,401282652,Duke,attribution_only,dip_restore,0.0,corroborated,corroborated
9fc339b8c1665a15,961fe628e3b73e07,2025,401757260,Jacksonville State,attribution_only,dip_restore,0.0,corroborated,corroborated
9fcc8f3f515cb1e1,9a338f4088e2ca2f,2025,401752905,Northwestern,attribution_only,dip_restore,0.0,game_unusable,indistinguishable_at_drive_level
9fcdecc10d08b8a1,7a7c7aa4aee67eee,2022,401416631,Akron,attribution_only,dip_restore,0.0,corroborated,corroborated
9ff6ff137d181845,ecd39690d2dfdda8,2022,401415024,Old Dominion,attribution_only,dip_restore,0.0,game_unusable,corroborated
a0026b9644a35979,0bc5803ebd371e11,2016,400869024,Arkansas,attribution_only,dip_restore,0.0,game_unusable,cfbd_matches_neither
a0111610be3622c2,11f633e0c3768755,2023,401523989,Arizona,attribution_only,dip_restore,0.0,corroborated,corroborated
a01152986bb14b9d,82f8afeb04fea973,2024,401628456,Oregon,attribution_only,dip_restore,0.0,corroborated,corroborated
a021869651015692,242599f3e8c52652,2025,401761621,Troy,points_recovery,incomplete_stream,31.0,game_unusable,cfbd_matches_neither
a0379c67bfeed63e,7b556e4e6c213996,2024,401628368,Missouri,points_recovery,incomplete_stream,30.0,game_unusable,cfbd_matches_neither
a04d7a7139f09543,ab70b67362eb5102,2023,401551769,Penn State,attribution_only,dip_restore,0.0,corroborated,corroborated
a06ff40ebedf5dc8,7af96298156ad2fb,2023,401520171,Rutgers,attribution_only,dip_restore,0.0,game_unusable,cfbd_matches_neither
a0828506a59cdaa0,e73a80d71db667e1,2021,401310729,San Jose State,attribution_only,dip_restore,0.0,game_unusable,corroborated
a0a4844db44f27df,3c74f5665f1e8db2,2023,401532452,Ohio,attribution_only,category_possession_reassignment,0.0,game_unusable,corroborated
a0a493096e45414e,50758dd12e28684c,2025,401762463,UAB,attribution_only,dip_restore,0.0,game_unusable,corroborated
a0b3c75f6f0c680c,c299dc6a977ed451,2016,400868953,Notre Dame,attribution_only,dip_restore,0.0,corroborated,corroborated
a0c98630a55d2ab2,ce4d4fc9d23201f9,2024,401640980,Florida International,attribution_only,dip_restore,0.0,corroborated,corroborated
a0e3cdf4a5ee3365,9e8c993bd73af8d9,2022,401404126,North Carolina,attribution_only,dip_restore,0.0,corroborated,corroborated
a0ea4bcc6ff035aa,2edb698bfb44568b,2025,401752865,Ohio State,attribution_only,dip_restore,0.0,corroborated,corroborated
a0f0a4e4d619ca25,76a357057a57f0bd,2021,401282241,Western Kentucky,attribution_only,dip_restore,0.0,corroborated,corroborated
a0f247846dcce05f,499fb310dd931aeb,2022,401403873,LSU,points_recovery,incomplete_stream,14.0,game_unusable,cfbd_matches_neither
a112a85f9fdcd253,c74f7b609e87bd5b,2022,401403853,Vanderbilt,attribution_only,dip_restore,0.0,corroborated,corroborated
a11a352983ebe220,b55d870119498c74,2018,401019476,Tulsa,attribution_only,dip_restore,0.0,game_unusable,corroborated
a11da852f5af702b,7d6d27d6d092fca0,2023,401531901,Arkansas State,attribution_only,dip_restore,0.0,corroborated,corroborated
a12e441bb92f4752,731969e5ae68a60f,2023,401532433,Central Michigan,attribution_only,dip_restore,0.0,game_unusable,corroborated
a1823dc1c0318f62,3752ae8eb042eec4,2025,401756967,TCU,attribution_only,other,0.0,game_unusable,cfbd_matches_neither
a195ff01c99446e7,e23598f990756129,2021,401282268,Old Dominion,attribution_only,dip_restore,0.0,corroborated,corroborated
a19ec9f3f8a24458,f1725e76faa102f9,2018,401020677,Kent State,attribution_only,category_possession_reassignment,0.0,game_unusable,cfbd_supports_baseline
a1d139bf4ab47dda,faf4a0caaa1aea9e,2021,401331229,South Carolina,attribution_only,dip_restore,0.0,corroborated,corroborated
a1d666f4d0eda0b9,d7b7fb0dba8b6570,2018,401013348,Purdue,attribution_only,dip_restore,0.0,corroborated,corroborated
a1eda2b954ff6ad3,d5e37d47c8c8d743,2025,401756850,Arizona State,attribution_only,dip_restore,0.0,corroborated,corroborated
a235675605df56cf,27fa8a7ffeae84be,2021,401282245,Southern Mississippi,attribution_only,dip_restore,0.0,corroborated,corroborated
a23f73ddee3f1d2d,507412c9f8888bad,2022,401405151,Purdue,points_recovery,other,1.0,game_unusable,corroborated
a24c8346bdc67afa,37ad5cd33aab28e6,2022,401426572,UT San Antonio,attribution_only,dip_restore,0.0,corroborated,corroborated
a26ed87c6a5d9780,5c2142faed0f01ab,2022,401416590,Eastern Michigan,attribution_only,dip_restore,0.0,corroborated,corroborated
a272871be3f088cb,6507946b0dfdb3fc,2025,401761589,Appalachian State,attribution_only,dip_restore,0.0,game_unusable,cfbd_matches_neither
a275e916477f8a66,3a47204f6a5e55f7,2021,401309882,California,attribution_only,final_cap,0.0,game_unusable,cfbd_matches_neither
a288a6c646e4ca87,cc10f7345e21f2a6,2023,401532615,Utah State,attribution_only,dip_restore,0.0,corroborated,corroborated
a296f75548b9e18b,417b1099408c81a3,2019,401112262,Nevada,attribution_only,dip_restore,0.0,corroborated,corroborated
a29c28e4af940bfa,1efe04bbbcb5cb8c,2025,401757293,Delaware,attribution_only,dip_restore,0.0,game_unusable,cfbd_matches_neither
a29e6ebe822beaa7,a9f77466833135d5,2023,401525816,UCF,attribution_only,dip_restore,0.0,game_unusable,corroborated
a2dbf191285daa23,08477cfc76a09d36,2015,400787292,New Mexico,attribution_only,dip_restore,0.0,game_unusable,cfbd_matches_neither
a2f2f0b8af2b2ad4,65f543dcdad9189f,2023,401531884,Texas State,attribution_only,dip_restore,0.0,game_unusable,corroborated
a31728bc4328e1ad,ec17d7e723b279a3,2023,401520273,UNLV,attribution_only,dip_restore,0.0,game_unusable,cfbd_matches_neither
a324c90ecfdbddae,f4fd385316f54443,2015,400787330,Toledo,attribution_only,category_possession_reassignment,0.0,corroborated,corroborated
a33faeacae1c3f44,29a1a534e0d12745,2025,401752713,South Carolina,points_recovery,incomplete_stream,20.0,game_unusable,cfbd_matches_neither
a342d4bc9478a39e,ba16125941287073,2022,401404069,Iowa State,attribution_only,dip_restore,0.0,game_unusable,cfbd_matches_neither
a349d785c9487ad3,a73629430ceb7cb6,2025,401762489,Temple,points_recovery,restoration_gt8,7.0,game_unusable,cfbd_matches_neither
a354a1ca1714c320,7452c1f2f09b821c,2023,401520366,Louisiana Tech,attribution_only,dip_restore,0.0,corroborated,corroborated
a3686c720d9d6c65,e2ce7f68f451aea9,2025,401752847,USC,attribution_only,dip_restore,0.0,corroborated,corroborated
a379202be9de404f,5377c8edf42f5fa7,2024,401644767,Ohio,attribution_only,dip_restore,0.0,corroborated,corroborated
a380e6ddd5b37251,441cc51c79e0f4b1,2023,401520325,Florida,attribution_only,dip_restore,0.0,corroborated,corroborated
a38c8f78b8d8087c,7c9f9b5e504fae30,2022,401411103,Georgia State,attribution_only,dip_restore,0.0,game_unusable,corroborated
a3c1d298ea900a5b,4fb41b909deb3a53,2018,401012851,Indiana,attribution_only,dip_restore,0.0,corroborated,corroborated
a3cbf66875fea5cd,6ac39128fa27b61f,2016,400869820,New Mexico State,attribution_only,dip_restore,0.0,game_unusable,cfbd_matches_neither
a3e8bee55ff9cc1d,2b657e18f9cfc974,2025,401760397,Boise State,points_reduction,dip_restore,-3.0,game_unusable,cfbd_matches_neither
a3ff277c13938c72,2dcf2b9f34d66154,2024,401628486,Indiana,attribution_only,final_cap,0.0,game_unusable,cfbd_matches_neither
a40db9c52631c9aa,09d902274be86165,2023,401520331,Florida International,points_recovery,dip_restore,20.0,game_unusable,corroborated
a41b5194448d84a7,cc24daa2b7518c54,2025,401752829,Illinois,attribution_only,dip_restore,0.0,game_unusable,corroborated
a42023cc517dd82e,9e8c8cb09241e81b,2024,401645329,Memphis,attribution_only,category_possession_reassignment,0.0,game_unusable,cfbd_matches_neither
a430749b9cd0daf0,79a64fb1ee4eb38c,2024,401628443,Missouri,attribution_only,dip_restore,0.0,corroborated,corroborated
a4316156aa6124db,85586b28603b0532,2024,401645344,Rice,attribution_only,dip_restore,0.0,corroborated,corroborated
a43900bfe154243e,f9e6e2724977a323,2023,401520336,Wisconsin,attribution_only,dip_restore,0.0,game_unusable,cfbd_supports_baseline
a4510f7e2c29e66f,36f63fffe21b4105,2025,401754606,Wake Forest,attribution_only,category_possession_reassignment,0.0,corroborated,corroborated
a45abe46c717037e,285b2d6f3934fc78,2023,401524029,Colorado,attribution_only,dip_restore,0.0,game_unusable,corroborated
a4897367ce85efc3,a34fa688d9fcdc1b,2023,401524061,Stanford,attribution_only,other,0.0,game_unusable,cfbd_matches_neither
a4dc71651e5311bc,2bd2492c6218c77d,2025,401762794,Buffalo,attribution_only,dip_restore,0.0,game_unusable,cfbd_supports_baseline
a4f9996a07a41f9f,beae065e627c6118,2025,401762816,UMass,points_recovery,incomplete_stream,26.0,game_unusable,cfbd_matches_neither
a500f765efd0da30,47ff712ca0b0ca29,2018,401013177,Georgia Tech,points_recovery,dip_restore,3.0,game_unusable,cfbd_matches_neither
a50c66dab231467b,b0977943854e52a4,2024,401641020,Kennesaw State,attribution_only,dip_restore,0.0,game_unusable,corroborated
a5128bbebaf6a9ec,ac0e70689507ea1f,2023,401525847,BYU,attribution_only,dip_restore,0.0,game_unusable,cfbd_matches_neither
a51ae23355d9a17b,6ac9f8d8e778eb4e,2023,401531902,Louisiana,attribution_only,dip_restore,0.0,corroborated,corroborated
a51d7a090915c4c8,66a4a5da3af244b1,2024,401644742,Western Michigan,attribution_only,dip_restore,0.0,game_unusable,cfbd_matches_neither
a523694921a238c6,03628208d6758348,2025,401756966,Iowa State,attribution_only,dip_restore,0.0,game_unusable,cfbd_matches_neither
a56d3ce300b345a9,c8956c325e033880,2016,400869365,Middle Tennessee,attribution_only,dip_restore,0.0,game_unusable,corroborated
a57218d7a27d2196,f49e8d08b324bb10,2025,401752681,Alabama,attribution_only,dip_restore,0.0,corroborated,corroborated
a59100e8e337415f,279bbb31422cfed1,2015,400764861,South Florida,attribution_only,dip_restore,0.0,game_unusable,cfbd_matches_neither
a59d93834150592d,61f2af11e05b820f,2016,400869367,Rice,attribution_only,dip_restore,0.0,corroborated,corroborated
a5c8c8c22e6954c0,f7403b12c336e4ad,2024,401643767,UNLV,attribution_only,dip_restore,0.0,game_unusable,cfbd_supports_baseline
a5cdfc39581815ac,5cc89415e29aead9,2024,401645345,UAB,attribution_only,dip_restore,0.0,game_unusable,cfbd_matches_neither
a5cfc8798abc8354,0c874d124b89bc14,2021,401282267,UT San Antonio,attribution_only,dip_restore,0.0,corroborated,corroborated
a5db63e73cf19579,ed6de6ce7654e991,2021,401282756,Iowa,attribution_only,dip_restore,0.0,corroborated,corroborated
a5f805cb27132db1,ec6a593524f4c26e,2018,401013097,Holy Cross,attribution_only,dip_restore,0.0,game_unusable,corroborated
a5fcc3070a03eab5,1bb4731c294d7c87,2015,400787460,Troy,attribution_only,dip_restore,0.0,corroborated,corroborated
a61051ab04abbaf0,5bcfd1a90d52ce81,2022,401426355,Marshall,attribution_only,dip_restore,0.0,game_unusable,cfbd_matches_neither
a614677266d481fa,a0c2b289dcd2590c,2025,401752824,Oregon,attribution_only,dip_restore,0.0,corroborated,corroborated
a63d48eb5459144b,1bd9894f21571bad,2017,400944890,Central Michigan,attribution_only,dip_restore,0.0,game_unusable,cfbd_matches_neither
a691b6eeb20efc7e,1c51a704ae613d05,2023,401525825,Texas Tech,points_recovery,incomplete_stream,19.0,game_unusable,cfbd_matches_neither
a69fe9b8158d62e1,928c959e83adf763,2025,401762837,Kent State,attribution_only,other,0.0,game_unusable,cfbd_matches_neither
a6afe9fb45f9cb95,c7a064e597981746,2021,401282128,Mississippi State,attribution_only,dip_restore,0.0,corroborated,corroborated
a6b7a5a006260454,3d02f2ddca14b960,2025,401760386,UNLV,attribution_only,dip_restore,0.0,game_unusable,corroborated
a6c5f46354a930b5,0b6aae79bcffb8e8,2021,401309591,Ball State,points_recovery,incomplete_stream,17.0,game_unusable,cfbd_matches_neither
a6ed88175b76a70f,14e6e631f18fe500,2023,401525905,Oklahoma State,points_reduction,incomplete_stream,-13.0,game_unusable,cfbd_matches_neither
a700726c75f84223,b8b080f4d2d119ff,2024,401643761,New Mexico,attribution_only,dip_restore,0.0,corroborated,corroborated
a70cb6c1f42f6167,da58fbaed805e886,2024,401644741,Ball State,attribution_only,dip_restore,0.0,corroborated,corroborated
a70daf1c2fcbdf31,46bda1490b3dcebc,2018,401019518,Cincinnati,attribution_only,dip_restore,0.0,corroborated,corroborated
a71835b86074ad36,b9f7f491631f44ac,2025,401762456,Temple,attribution_only,dip_restore,0.0,corroborated,corroborated
a7212f9db4ee1f8e,4649a37855fa3999,2024,401645326,Rice,points_recovery,incomplete_stream,69.0,game_unusable,cfbd_matches_neither
a72abc54aee6acc7,45a6af0b462285fe,2025,401760406,Air Force,attribution_only,dip_restore,0.0,game_unusable,cfbd_matches_neither
a75cd2619d5633c4,36ca9a973877e404,2025,401761594,Texas State,attribution_only,dip_restore,0.0,game_unusable,cfbd_matches_neither
a76aae2df5a0e197,41f9554b3e26c459,2023,401525503,West Virginia,attribution_only,dip_restore,0.0,corroborated,corroborated
a76fe19b1aa20d21,b05e9cf9159504ae,2022,401415272,UNLV,points_recovery,incomplete_stream,10.0,game_unusable,cfbd_matches_neither
a779d8bcd392885a,d5ea4be7cefeb0bb,2025,401752847,Michigan State,attribution_only,dip_restore,0.0,corroborated,corroborated
a79fedb198008e44,f6bd6de240202761,2015,400763555,Purdue,attribution_only,dip_restore,0.0,corroborated,corroborated
a7a18db58f76a495,6b034559cbd467af,2022,401404165,Liberty,attribution_only,dip_restore,0.0,game_unusable,cfbd_matches_neither
a7ad9e0663ecc463,ba7687594d445e2f,2024,401628336,Oklahoma State,attribution_only,dip_restore,0.0,game_unusable,corroborated
a7c36d4da74011ee,f98d229f4bdb22fb,2016,400869639,Rutgers,attribution_only,dip_restore,0.0,game_unusable,corroborated
a7cca2a3cff941c0,38280058b326d907,2023,401531898,Southern Mississippi,attribution_only,dip_restore,0.0,corroborated,corroborated
a7e2cc75a063176c,93b37a642dca39ce,2022,401415627,Tulsa,attribution_only,dip_restore,0.0,corroborated,corroborated
a7ec0124ede023bb,1783da169f92ae5d,2025,401760371,UNLV,attribution_only,restoration_gt8,0.0,game_unusable,indistinguishable_at_drive_level
a7ed4aed5cddcfb0,48f0dd129f793217,2025,401752823,UNLV,attribution_only,dip_restore,0.0,corroborated,corroborated
a802a7b6885405e6,c6ac3271a62e09f5,2023,401531892,South Alabama,attribution_only,dip_restore,0.0,corroborated,corroborated
a825e4401e2749bd,20941a36aa3737bf,2019,401114155,Arizona State,attribution_only,dip_restore,0.0,game_unusable,corroborated
a84ba03b49064bbe,e3cc14f36fdd0d60,2025,401777324,Tulane,attribution_only,dip_restore,0.0,game_unusable,cfbd_matches_neither
a84f8522c0d8cc7b,9713af9d95b88667,2023,401525858,Baylor,attribution_only,dip_restore,0.0,game_unusable,cfbd_matches_neither
a8545882e9eaec60,6ed66b4103812fd7,2023,401532446,Central Michigan,attribution_only,dip_restore,0.0,corroborated,corroborated
a86d7bfc79eaeb61,dd7dd5c82630f697,2018,401019482,Cincinnati,attribution_only,dip_restore,0.0,corroborated,corroborated
a874f640445161d4,65350f9d760c9c66,2024,401628393,Florida,attribution_only,dip_restore,0.0,game_unusable,cfbd_matches_neither
a87db43f3b11f2ce,dd9ff17999b80b6b,2023,401531896,Coastal Carolina,attribution_only,dip_restore,0.0,corroborated,corroborated
a87e54346edc7ee7,de51a27e72a79d93,2016,400869568,Houston,attribution_only,dip_restore,0.0,corroborated,corroborated
a898b841524c37d7,b91ebb4a03e73f70,2016,400869633,Howard,attribution_only,final_cap,0.0,game_unusable,cfbd_matches_neither
a8a19a0212fefc46,734e55c133f3460d,2023,401532409,Ball State,points_reduction,category_possession_reassignment,-7.0,game_unusable,cfbd_supports_baseline
a8a6ca1f0755c66a,a7bc63855e189d71,2022,401415637,East Carolina,points_recovery,incomplete_stream,27.0,game_unusable,cfbd_matches_neither
a8b473852faa65ab,ed134b810c9e2047,2025,401760366,Idaho State,points_reduction,category_possession_reassignment,-6.0,game_unusable,cfbd_matches_neither
a8d7fe3118e758d8,3d1a42c2cccf8a81,2024,401636869,Tulsa,attribution_only,dip_restore,0.0,corroborated,corroborated
a8d8f881c0808592,278e5f3d1235fc6f,2015,400763645,Marshall,attribution_only,restoration_gt8,0.0,game_unusable,corroborated
a8f42209767531d7,825ae203a094df48,2025,401757175,Florida Atlantic,attribution_only,dip_restore,0.0,game_unusable,indistinguishable_at_drive_level
a8f8eb74ed43f140,ad5e3c0dc3e3e16c,2022,401415256,Air Force,attribution_only,dip_restore,0.0,corroborated,corroborated
a8fe02116c4c4dc6,859821adefb082f8,2024,401643716,Wyoming,attribution_only,dip_restore,0.0,game_unusable,corroborated
a8fedb40ea33015e,7084f5502d7e8720,2018,401032061,Toledo,attribution_only,dip_restore,0.0,game_unusable,corroborated
a9059ab37752a870,3f9e0ce4bd7f93e3,2025,401778302,Boise State,attribution_only,final_cap,0.0,game_unusable,cfbd_matches_neither
a922063fe2a798c4,6cd5f2ef2f52e221,2024,401635533,Northwestern,attribution_only,dip_restore,0.0,corroborated,corroborated
a961e4ffedb875e8,de3058cfe182199c,2018,401012744,Oregon State,attribution_only,dip_restore,0.0,game_unusable,cfbd_supports_baseline
a96237eb879487a1,e90f581f992c62a5,2021,401282612,Pittsburgh,attribution_only,dip_restore,0.0,game_unusable,corroborated
a972599d4ec2c75a,b005669ac78eedc9,2022,401404067,Tarleton State,points_recovery,incomplete_stream,17.0,game_unusable,cfbd_matches_neither
a98e3168ea9fcaff,91539d152fcfe9b2,2025,401754636,SMU,attribution_only,dip_restore,0.0,corroborated,corroborated
a9d67457c48e67e0,3232edf5fe0783fb,2024,401628455,Ohio State,attribution_only,dip_restore,0.0,corroborated,corroborated
a9f39098fb615de1,ea9176936eaac5b8,2018,401015038,Florida International,attribution_only,dip_restore,0.0,game_unusable,cfbd_matches_neither
aa0037bfbebf0bc0,9b4906687f3417ef,2022,401411114,Wofford,points_recovery,incomplete_stream,7.0,game_unusable,cfbd_matches_neither
aa16b74de21432de,2d0408d180d95b8a,2025,401752938,Oregon State,attribution_only,dip_restore,0.0,game_unusable,corroborated
aa37bf4f04d223d2,d276298aa24edd86,2017,400933938,Vanderbilt,attribution_only,dip_restore,0.0,corroborated,corroborated
aa73d581ce72022a,242b13c05cd8438c,2025,401762475,South Florida,attribution_only,dip_restore,0.0,corroborated,corroborated
aa8b878f5a970a65,d5d5ce23f7a39d40,2025,401752850,USC,attribution_only,dip_restore,0.0,corroborated,corroborated
aac31e4782451164,8d337621bd43d6d2,2021,401301054,Navy,attribution_only,dip_restore,0.0,corroborated,corroborated
aaf1c85eeb141ad3,366db87b297788f3,2021,401309575,Buffalo,points_recovery,incomplete_stream,21.0,game_unusable,cfbd_matches_neither
ab222d87bb03fdb5,60d3f7274f6e43c1,2025,401754562,Notre Dame,attribution_only,dip_restore,0.0,corroborated,corroborated
ab2c1d3799551256,13d0352e8ca8e617,2025,401756894,Abilene Christian,attribution_only,dip_restore,0.0,game_unusable,cfbd_matches_neither
ab35d363503d6368,fd5a1c1be7e12309,2021,401286295,Liberty,attribution_only,dip_restore,0.0,game_unusable,cfbd_supports_baseline
ab4bbf92fc0c3abb,fc65d73ea778474a,2025,401752772,Texas A&M,attribution_only,category_possession_reassignment,0.0,game_unusable,corroborated
ab873f39d94045d7,130cb6cae929b3bf,2025,401762501,Memphis,attribution_only,dip_restore,0.0,indistinguishable_at_drive_level,indistinguishable_at_drive_level
abbf60188f5eed34,20bddcbdf4357102,2023,401520289,Purdue,attribution_only,dip_restore,0.0,corroborated,corroborated
abd81ebde86f5a83,b4c57141ea5a22f7,2025,401762510,Navy,attribution_only,dip_restore,0.0,game_unusable,cfbd_matches_neither
abf1b0f91602fd20,02e7661e19cc5215,2024,401628338,Samford,attribution_only,dip_restore,0.0,corroborated,corroborated
abf588e1338ade81,31f034b7942d230f,2024,401645356,Tulane,attribution_only,dip_restore,0.0,corroborated,corroborated
abf77136a6e95a2c,5bb3bf8c4bfbffb1,2019,401112116,UCLA,attribution_only,dip_restore,0.0,corroborated,corroborated
ac17da24815dc5e0,2f4a05f6b20b2b6e,2025,401761590,James Madison,attribution_only,dip_restore,0.0,game_unusable,corroborated
ac198c5d6052ed25,9e6206cb8ebc9a29,2024,401636944,Iowa State,attribution_only,dip_restore,0.0,corroborated,corroborated
ac30e8b0cec0e985,f88aaf535b4670e7,2021,401301007,Charleston Southern,attribution_only,dip_restore,0.0,corroborated,corroborated
ac420d3ae9172460,417978f7bf6659ba,2016,400868985,LSU,attribution_only,dip_restore,0.0,game_unusable,corroborated
ac49b4148af9984d,c71b6ca7ec591f27,2022,401405089,Rutgers,attribution_only,dip_restore,0.0,corroborated,corroborated
ac69b39262670e48,01c32da14ef1217e,2022,401426614,Middle Tennessee,attribution_only,dip_restore,0.0,corroborated,corroborated
ac737a1ed864a807,296cf6e294d2f0a0,2017,400938664,UT San Antonio,attribution_only,dip_restore,0.0,corroborated,corroborated
ac77279caae486af,c55c49b27592ea3d,2025,401754637,Troy,attribution_only,dip_restore,0.0,corroborated,corroborated
ac8402b3dc99c55c,604778e9e1ce1a8f,2022,401426547,Stephen F. Austin,points_recovery,incomplete_stream,16.0,game_unusable,cfbd_matches_neither
ac8af7be42738614,ca71341b32513ef8,2023,401525837,Kansas,attribution_only,dip_restore,0.0,game_unusable,cfbd_supports_baseline
acbb25c5926eda2e,fa1a4932d6695caa,2025,401756931,Iowa State,attribution_only,dip_restore,0.0,game_unusable,cfbd_matches_neither
acc3bd5ac1b0d228,a42a7ab6594bcbd6,2019,401117538,Colorado State,attribution_only,dip_restore,0.0,game_unusable,corroborated
acc5291461b05efb,df6731042a90700a,2021,401301034,Houston,attribution_only,dip_restore,0.0,game_unusable,cfbd_matches_neither
ace0c2605952b9be,36a3dd670315d875,2025,401752816,Boston College,attribution_only,restoration_gt8,0.0,game_unusable,cfbd_matches_neither
ace5bbb90fdddbb5,2a225ee180afc5a0,2025,401761602,Jackson State,attribution_only,dip_restore,0.0,corroborated,corroborated
ace714e7a4bdf04c,93e6bdf05298ebd0,2025,401754596,North Carolina,attribution_only,dip_restore,0.0,indistinguishable_at_drive_level,indistinguishable_at_drive_level
acf6da1fd77797b8,a46e2fa73c1dc12d,2025,401761634,South Alabama,attribution_only,category_possession_reassignment,0.0,corroborated,corroborated
acfea4f4692f87dc,7f2b83d623275d25,2023,401524031,Notre Dame,attribution_only,dip_restore,0.0,game_unusable,cfbd_matches_neither
ad1589cf926f0680,ebc3780d65046de7,2021,401309602,Troy,attribution_only,dip_restore,0.0,corroborated,corroborated
ad252dda6b5f1223,9ff6586616b6013e,2021,401282694,Miami,attribution_only,dip_restore,0.0,corroborated,corroborated
ad34bd0383cbcf4c,25cff5869417667f,2025,401752674,Missouri,attribution_only,dip_restore,0.0,game_unusable,corroborated
ad358fd3ffa1b395,f9f3a53c345beb9b,2015,400763433,TCU,attribution_only,dip_restore,0.0,corroborated,corroborated
ad9747518a41bffb,c1bc411198af0a30,2021,401286297,Liberty,attribution_only,dip_restore,0.0,corroborated,corroborated
ada2e2cced885302,1cbc4fbda7a45863,2022,401403880,Louisiana Monroe,attribution_only,final_cap,0.0,game_unusable,cfbd_matches_neither
adb3fd20587a604e,9694d2b597272d64,2017,400935308,California,attribution_only,dip_restore,0.0,corroborated,corroborated
adbfeffe44c0c11d,2d2e2fc1a89e1e4c,2025,401752884,Rutgers,attribution_only,dip_restore,0.0,game_unusable,cfbd_matches_neither
ae2ff2ce76491671,324e624b306b49d3,2017,400934577,North Carolina,attribution_only,dip_restore,0.0,corroborated,corroborated
ae4069ca4371d2e7,8eb7bb804523ca62,2025,401756923,Arizona State,attribution_only,dip_restore,0.0,corroborated,corroborated
ae60bb97f926cd10,feeeb0c7447f60d8,2022,401416611,Kent State,points_recovery,dip_restore,24.0,game_unusable,corroborated
ae6d5104f2fc2508,ef6a18bc4094a30b,2015,400763496,Rutgers,points_recovery,other,1.0,game_unusable,corroborated
ae9ffb67182e62a7,08a74f20eedab6e8,2023,401525851,BYU,attribution_only,dip_restore,0.0,corroborated,corroborated
aea7304fb10010b2,2b5e296943241e8a,2025,401752820,Wisconsin,attribution_only,dip_restore,0.0,game_unusable,cfbd_matches_neither
aebed5a12b9f19df,2044e7c8ad85aba7,2024,401628571,USC,attribution_only,dip_restore,0.0,game_unusable,cfbd_matches_neither
aecaee3371fe9396,b89ec5dadb5aabb6,2023,401520160,Liberty,attribution_only,dip_restore,0.0,corroborated,corroborated
aed17d9eb6085b37,9e250e1a2a2cf36b,2025,401756890,Iowa State,attribution_only,dip_restore,0.0,game_unusable,cfbd_matches_neither
aedb76a4ed6bf7ef,05c9eb5990635834,2025,401760410,Boise State,attribution_only,dip_restore,0.0,cfbd_supports_baseline,cfbd_supports_baseline
aee2d7c069807084,eb2c6a16a2df9445,2017,400941799,South Florida,attribution_only,dip_restore,0.0,game_unusable,indistinguishable_at_drive_level
aef66745762a71e1,f76c60d6c6fc9520,2018,401020684,Maine,attribution_only,final_cap,0.0,game_unusable,indistinguishable_at_drive_level
aefd0dd8fbd8cf08,92d053b740174109,2022,401404033,Colorado,attribution_only,dip_restore,0.0,corroborated,corroborated
af08153ce25479fc,85c20b7e9349d2c8,2017,400944831,Appalachian State,attribution_only,dip_restore,0.0,corroborated,corroborated
af1454462a8dd8c4,fd8c8ed237029376,2024,401636880,BYU,attribution_only,dip_restore,0.0,corroborated,corroborated
af632050ff9234be,2eda0fa8e5f0d904,2022,401416651,Western Michigan,attribution_only,dip_restore,0.0,corroborated,corroborated
af6bda358cfdde1d,c27b6eeee1eb8021,2024,401643738,Wyoming,attribution_only,dip_restore,0.0,corroborated,corroborated
af6c9f9e4e6f203c,c8f2c07d93a069b7,2023,401525875,Kansas State,attribution_only,dip_restore,0.0,game_unusable,cfbd_matches_neither
af75b08ca3c55912,a26b598abd6e758d,2023,401524064,Arizona,attribution_only,dip_restore,0.0,corroborated,corroborated
af809caf86239a40,c0d7901b8ee4fe19,2025,401760397,Nevada,attribution_only,dip_restore,0.0,game_unusable,cfbd_supports_baseline
afbe10366e4f84d1,8c3814c11c682953,2021,401282660,Virginia,attribution_only,dip_restore,0.0,corroborated,corroborated
afbfd9f740fac4d2,647b330fb272d4ea,2025,401752803,Tulane,attribution_only,dip_restore,0.0,corroborated,corroborated
afd183de936f736f,b523db3421d51fa2,2022,401405100,Michigan,attribution_only,dip_restore,0.0,corroborated,corroborated
afd5f670e6f21989,2385d16a2cfd0ca3,2022,401404048,Colorado,attribution_only,dip_restore,0.0,corroborated,corroborated
b0191007fd24ed66,3a8fed083941c038,2024,401628497,Minnesota,attribution_only,dip_restore,0.0,game_unusable,indistinguishable_at_drive_level
b026ad2f93136d5e,42c955c7c5f5af96,2023,401531847,Texas State,attribution_only,dip_restore,0.0,corroborated,corroborated
b0626f22818c91c9,6f96e66c45adedcd,2022,401415619,Cincinnati,points_recovery,dip_restore,21.0,game_unusable,cfbd_matches_neither
b09d52387a9eb2de,887f5feb9dd1122d,2025,401752889,Ohio State,attribution_only,dip_restore,0.0,game_unusable,cfbd_supports_baseline
b0b2955d226ea0e2,aeb3349dfde396f0,2022,401411175,Miami,attribution_only,dip_restore,0.0,corroborated,corroborated
b0c0b03abcfe388d,bbfcbbe545630147,2023,401525823,Oklahoma State,points_recovery,restoration_gt8,3.0,game_unusable,cfbd_supports_baseline
b0e2b5b0e934a2cd,000487b47e74ba4a,2016,400869264,Ohio,points_recovery,incomplete_stream,16.0,game_unusable,cfbd_matches_neither
b0f4b60428e14a5a,ba342ffc984476dd,2022,401405151,Purdue,attribution_only,dip_restore,0.0,game_unusable,corroborated
b1063f19a68564fc,11c510c71b29d3ef,2021,401282655,Wake Forest,attribution_only,dip_restore,0.0,corroborated,corroborated
b1215a26e88051d8,ea0d446bf795cb78,2021,401287917,West Virginia,points_recovery,dip_restore,7.0,game_unusable,corroborated
b122ee25238c4dd1,8d5f9647a1827f59,2025,401760388,Fresno State,attribution_only,dip_restore,0.0,corroborated,corroborated
b13ce7c2de53f42f,5b849f68c88c3ebb,2018,401012806,Illinois,attribution_only,dip_restore,0.0,corroborated,corroborated
b13d64db810eebc1,06c4e649a8b445f3,2016,400869539,Temple,attribution_only,dip_restore,0.0,corroborated,corroborated
b14f8cdad5c90291,fdd876207b5bcc82,2021,401287894,Tulane,attribution_only,dip_restore,0.0,game_unusable,corroborated
b16807400038c197,d77f7682e4d12e36,2018,401012324,Auburn,attribution_only,dip_restore,0.0,corroborated,corroborated
b173b3ff3c0a070b,cd95ab8fc3b43532,2022,401426548,Colorado State,attribution_only,dip_restore,0.0,game_unusable,corroborated
b1789081dcf02a49,d69a582683a84bd7,2023,401520228,Kentucky,attribution_only,dip_restore,0.0,corroborated,corroborated
b18579444ef3f0b3,fdc5ac31e16e27e3,2023,401531872,Utah State,attribution_only,dip_restore,0.0,corroborated,corroborated
b18ffc0324a46c70,3ed60145589c1178,2019,401117889,SMU,attribution_only,dip_restore,0.0,corroborated,corroborated
b1a7bfb49167fc18,219fc9167c40d98e,2023,401525450,UMass,attribution_only,dip_restore,0.0,game_unusable,corroborated
b1c0e92414ed16fc,957c0df50f51f158,2025,401761598,Georgia State,points_recovery,incomplete_stream,16.0,game_unusable,cfbd_matches_neither
b1cb8a2338efaa0a,0b02026bf48675ac,2025,401757292,Middle Tennessee,points_recovery,dip_restore,7.0,game_unusable,cfbd_matches_neither
b1f6363a202022a2,2cf8c382bd397b3b,2024,401645333,Rice,attribution_only,dip_restore,0.0,corroborated,corroborated
b1fc77c7a33ca7f6,cbfb5ad8ac2842ba,2021,401282177,Southern Mississippi,attribution_only,incomplete_stream,0.0,game_unusable,cfbd_matches_neither
b207edbc5822d3a8,3d654a306388aa05,2021,401282195,North Texas,attribution_only,dip_restore,0.0,corroborated,corroborated
b210594e2e99b10d,047c1ea9d5b07c65,2024,401636877,Texas Tech,attribution_only,dip_restore,0.0,corroborated,corroborated
b22071e881894e3c,9baba419659e8040,2017,400933915,Ole Miss,attribution_only,dip_restore,0.0,corroborated,corroborated
b220b63bbdedee23,3d5fde355c533da0,2021,401282663,Florida State,attribution_only,dip_restore,0.0,corroborated,corroborated
b2383d180fcdcc4f,efbc17d273d971bf,2022,401426359,Louisiana,attribution_only,other,0.0,game_unusable,cfbd_matches_neither
b28a53dfd280f356,d618a8a5af486931,2022,401403991,UCLA,attribution_only,dip_restore,0.0,game_unusable,cfbd_matches_neither
b2bb69e9a6983b13,45cb33036440296f,2021,401300995,UCF,attribution_only,dip_restore,0.0,game_unusable,corroborated
b2c0d43fa340ad05,37761266e294c8ab,2024,401645344,Rice,attribution_only,dip_restore,0.0,corroborated,corroborated
b2ddebcf5b8723f5,10e7bb878491bd19,2021,401309596,Ohio,attribution_only,dip_restore,0.0,corroborated,corroborated
b31c79c44e5e77ac,34a2bee688e9003e,2023,401520165,Missouri,attribution_only,dip_restore,0.0,corroborated,corroborated
b32cf0b5f6550bcf,72508e40631a7f02,2021,401309605,Arkansas State,attribution_only,dip_restore,0.0,corroborated,corroborated
b3349e26bbab7746,4e8bf29f457b65da,2021,401309912,BYU,attribution_only,dip_restore,0.0,corroborated,corroborated
b33591f90b21ab06,82becc30a0a5807b,2023,401525854,Kansas,attribution_only,dip_restore,0.0,game_unusable,cfbd_matches_neither
b352238b6282fd41,858d036687be3d21,2018,401022555,Nevada,attribution_only,dip_restore,0.0,corroborated,corroborated
b3545819a2e6a163,753c33c62ebbbc8f,2021,401309560,Akron,points_recovery,incomplete_stream,16.0,game_unusable,cfbd_matches_neither
b3577d0880c22561,7b1573e1f1274222,2025,401760375,San Jose State,attribution_only,dip_restore,0.0,corroborated,corroborated
b36183216f2393e8,3ddf1892704a424c,2019,401112108,Oklahoma State,attribution_only,dip_restore,0.0,indistinguishable_at_drive_level,indistinguishable_at_drive_level
b37f236faeebdc25,54c5d8622a26f8fd,2018,401012320,Florida,attribution_only,dip_restore,0.0,game_unusable,corroborated
b380ad0da873bc3d,be0a7da145c97087,2022,401405066,Maryland,attribution_only,dip_restore,0.0,game_unusable,cfbd_matches_neither
b382aae3589c7870,7d469a749de46345,2022,401415246,Boise State,attribution_only,dip_restore,0.0,corroborated,corroborated
b39a2a73b1e1f52e,2111e3e5d9257fb4,2025,401752763,Texas A&M,attribution_only,dip_restore,0.0,game_unusable,cfbd_matches_neither
b3a0f035ed70bf97,861f82c943fd3135,2024,401629040,UMass,attribution_only,dip_restore,0.0,corroborated,corroborated
b3ad1a36c5222d4d,dad46552b1eb738b,2023,401520147,Vanderbilt,points_recovery,incomplete_stream,16.0,game_unusable,cfbd_matches_neither
b3ad8a158c61a022,5224e1a02eb36537,2024,401643744,Washington State,points_reduction,dip_restore,-7.0,game_unusable,corroborated
b3d11485883da158,e1ecc34893c392dd,2024,401628560,Nebraska,attribution_only,dip_restore,0.0,corroborated,corroborated
b3d58a651b16e08a,615463bc5d2f4ad2,2023,401531388,Norfolk State,attribution_only,final_cap,0.0,game_unusable,cfbd_matches_neither
b3de760e104b8cb1,fc08adecda761015,2021,401310700,New Mexico State,attribution_only,dip_restore,0.0,game_unusable,cfbd_matches_neither
b403267423de42ec,0830b9889517d84a,2022,401403915,Ole Miss,attribution_only,dip_restore,0.0,corroborated,corroborated
b406524382e704fc,e5fcafabfdf46329,2021,401287947,Texas,attribution_only,dip_restore,0.0,corroborated,corroborated
b410214b5806d5d1,fa46b85c9cf747ab,2023,401532595,San Diego State,attribution_only,dip_restore,0.0,game_unusable,cfbd_matches_neither
b416501b45e5dc73,4d86dffaca48b272,2025,401752937,Fresno State,points_reduction,dip_restore,-6.0,game_unusable,cfbd_matches_neither
b41e45b28f522c45,e870d4c5974e21b4,2023,401531870,Wyoming,points_recovery,incomplete_stream,8.0,game_unusable,cfbd_supports_baseline
b4545b6ad5e40101,0e27d02db253c169,2021,401282783,Michigan State,points_recovery,incomplete_stream,21.0,corroborated,corroborated
b45784e3db7547dc,41a9e9e618af1eca,2025,401754544,Boston College,attribution_only,dip_restore,0.0,game_unusable,cfbd_matches_neither
b46dda93d8dc52d4,7d1659ca3268eae0,2018,401012356,Texas A&M,points_recovery,dip_restore,8.0,cfbd_matches_neither,cfbd_matches_neither
b47da636d3fa6be9,10076ad44f0120d1,2022,401426544,Florida International,attribution_only,dip_restore,0.0,corroborated,corroborated
b48111a02aa21dfc,132d52b9ca1c71d7,2025,401756942,Utah,attribution_only,dip_restore,0.0,cfbd_supports_baseline,cfbd_supports_baseline
b4872ab86557ac7c,f83b260f4c0df1cd,2025,401760367,Northern Iowa,attribution_only,dip_restore,0.0,game_unusable,cfbd_matches_neither
b494ea36fca4ee1b,f98819348284cf84,2021,401282112,Arkansas,points_recovery,incomplete_stream,45.0,game_unusable,cfbd_matches_neither
b4aa2ae1550d491a,12cc3cecfbb74ba0,2025,401754530,California,points_recovery,dip_restore,7.0,game_unusable,cfbd_matches_neither
b4afde3bc5290b45,f064bb213157ed12,2023,401532418,Northern Illinois,attribution_only,dip_restore,0.0,game_unusable,cfbd_matches_neither
b4b276cbe69a1ee7,7d3068bfffaf4890,2022,401411142,Clemson,attribution_only,dip_restore,0.0,corroborated,corroborated
b4ccf552342541c4,cf152eeefc3bf14e,2023,401531345,Tulsa,attribution_only,dip_restore,0.0,corroborated,corroborated
b4e7033ac39fd903,b2dd4fbf7e47f164,2023,401532406,Toledo,attribution_only,dip_restore,0.0,game_unusable,corroborated
b4f11c9f54cca34c,7e5f980969c68868,2023,401532426,Eastern Michigan,points_reduction,dip_restore,-3.0,game_unusable,cfbd_matches_neither
b518ea0252c94e25,4f860506ab744c97,2018,401022534,Boise State,attribution_only,dip_restore,0.0,corroborated,corroborated
b519fa86f741085a,069d5c612b39ccf5,2021,401309863,Washington State,attribution_only,other,0.0,game_unusable,cfbd_matches_neither
b549ea9ebab978a2,f43263057f1c3ac9,2024,401643807,Southern Mississippi,attribution_only,dip_restore,0.0,corroborated,corroborated
b55164fe463a57db,2038efcc7e1b467f,2022,401403988,Minnesota,attribution_only,dip_restore,0.0,corroborated,corroborated
b5541fda5357e043,d157583645727b28,2021,401282795,Minnesota,points_recovery,other,1.0,game_unusable,corroborated
b55a3b632d42038d,350714ac4c96f7c1,2025,401754525,SMU,points_recovery,incomplete_stream,35.0,game_unusable,cfbd_matches_neither
b5726550bb70b90e,a322db9922cb427b,2025,401760416,Colorado State,attribution_only,dip_restore,0.0,corroborated,corroborated
b57b8569fff27575,692754f23ce3f789,2025,401760376,UNLV,attribution_only,restoration_gt8,0.0,game_unusable,cfbd_matches_neither
b610dc0b366e9db5,9caabef84b478ba7,2025,401762847,Central Michigan,attribution_only,dip_restore,0.0,indistinguishable_at_drive_level,indistinguishable_at_drive_level
b62619eff6614bf3,a8f3ce1c5b1b1673,2025,401761630,Georgia Southern,attribution_only,dip_restore,0.0,corroborated,corroborated
b63f3daf4caed985,0f3562360b24c608,2023,401524041,USC,attribution_only,dip_restore,0.0,game_unusable,cfbd_matches_neither
b67c8ad52f5780b3,e242f0ef6c373bb8,2023,401532604,New Mexico,attribution_only,dip_restore,0.0,game_unusable,corroborated
b687f9fe16444910,2cbd47e434bdc341,2016,400869817,Nicholls,points_recovery,dip_restore,6.0,game_unusable,cfbd_matches_neither
b6c2460c40b5f0c0,302b41afa9444a7f,2023,401520385,James Madison,attribution_only,dip_restore,0.0,corroborated,corroborated
b6cfbc14a3e03bd0,39b9ddd068658b00,2024,401635614,Clemson,attribution_only,dip_restore,0.0,corroborated,corroborated
b6ebbeff316dbb83,54cd989fbbe0d5f1,2021,401282763,Wisconsin,points_recovery,other,1.0,game_unusable,corroborated
b6f129bb8c86f32d,1c7eb6e6cac2ba87,2025,401762844,Buffalo,attribution_only,dip_restore,0.0,game_unusable,cfbd_supports_baseline
b6f51caaae6ff69d,62e45442496460da,2025,401756884,Houston,attribution_only,restoration_gt8,0.0,game_unusable,cfbd_matches_neither
b6fd982034cdb0d8,4ae7736dbd24627f,2025,401761635,Old Dominion,attribution_only,dip_restore,0.0,game_unusable,cfbd_matches_neither
b7117df586b99df4,0ddd11730aaebe9b,2024,401641020,Western Kentucky,attribution_only,dip_restore,0.0,game_unusable,corroborated
b714d17dd9bc9553,102fe4959027c112,2023,401525832,TCU,attribution_only,dip_restore,0.0,game_unusable,cfbd_matches_neither
b7206f62ddce4158,f7adbb1d8de94cb7,2025,401754529,Pittsburgh,attribution_only,category_possession_reassignment,0.0,game_unusable,cfbd_matches_neither
b72238b45c3dd391,9a1374196d82b85b,2022,401426559,Rice,points_recovery,incomplete_stream,33.0,game_unusable,cfbd_matches_neither
b72638e4670f2567,176a2998fdbebac4,2022,401426335,Arkansas State,points_recovery,restoration_gt8,2.0,game_unusable,cfbd_supports_baseline
b7476a9386ea35bf,cf2bb01f7d99b6b5,2021,401282216,Marshall,attribution_only,dip_restore,0.0,game_unusable,corroborated
b75ad2aa000c8c18,5da7d370bcb45b80,2022,401426554,Georgia State,attribution_only,dip_restore,0.0,game_unusable,cfbd_matches_neither
b7639eeefcfe6e75,74df0dab679157e9,2022,401426535,Charlotte,points_recovery,incomplete_stream,24.0,game_unusable,cfbd_matches_neither
b76f28228ec4a342,57eabd5fd172349b,2025,401761615,Louisiana,attribution_only,dip_restore,0.0,game_unusable,cfbd_matches_neither
b771ecb572862201,8f120e7e16f00b28,2023,401532407,Fresno State,attribution_only,final_cap,0.0,game_unusable,cfbd_matches_neither
b7b7adaa0b37c1d4,cc08b5af4b131a63,2025,401762854,Northern Illinois,attribution_only,dip_restore,0.0,game_unusable,corroborated
b7e88e369f8ca3ea,ea3fc787f6930704,2022,401411157,Georgia Tech,points_recovery,incomplete_stream,16.0,game_unusable,cfbd_matches_neither
b7f1d4fdf44e598b,e00084b01cee8b18,2022,401403915,Ole Miss,attribution_only,dip_restore,0.0,corroborated,corroborated
b8029633f540966f,1ce57e11f485c240,2021,401300998,SMU,attribution_only,category_possession_reassignment,0.0,game_unusable,corroborated
b81459857badb6bd,26e88dd266db3850,2019,401110802,Mississippi State,attribution_only,dip_restore,0.0,game_unusable,corroborated
b81d03b3dde5df88,b20146e8559e240b,2023,401532619,Boise State,attribution_only,category_possession_reassignment,0.0,game_unusable,corroborated
b831c50f58d7296d,0e014c7a7b1f1600,2025,401754552,Clemson,attribution_only,dip_restore,0.0,corroborated,corroborated
b85e44239439652c,853c320a17a28362,2015,400763559,Rutgers,attribution_only,dip_restore,0.0,game_unusable,corroborated
b863af6ef9f56600,aab82422ec03166e,2023,401520288,LSU,attribution_only,dip_restore,0.0,corroborated,corroborated
b8884b20f8d35f03,04ca81ba25488795,2021,401287930,Kansas State,points_recovery,incomplete_stream,14.0,game_unusable,cfbd_matches_neither
b8a24bc2afa7a363,fe5b6cd8b8557734,2018,401015020,Florida International,attribution_only,other,0.0,game_unusable,cfbd_matches_neither
b8a3b292b6a45d99,045ff62fca546d81,2022,401403952,Missouri,attribution_only,dip_restore,0.0,corroborated,corroborated
b8d1b9587ad1ae28,a82e12298ca3c03f,2024,401628539,Penn State,attribution_only,dip_restore,0.0,corroborated,corroborated
b8e992ba56b87329,01def0cf8e8e330a,2021,401282058,Auburn,attribution_only,dip_restore,0.0,corroborated,corroborated
b8edf8dde821a338,1548c4a72d262fa0,2021,401282726,Maryland,points_reduction,category_possession_reassignment,-1.0,game_unusable,cfbd_matches_neither
b8f8e108ab423652,d2b21bdc8ec0ab1f,2022,401403992,USC,points_recovery,incomplete_stream,45.0,game_unusable,cfbd_matches_neither
b8f9559db5d645a6,24bed8822b42bad0,2022,401416634,Central Michigan,attribution_only,dip_restore,0.0,corroborated,corroborated
b903774eedbfa083,8ff5634e4e084192,2025,401757226,Western Kentucky,points_reduction,category_possession_reassignment,-3.0,game_unusable,cfbd_supports_baseline
b90a0058c2579099,ee7aab83c4e3cf09,2025,401752879,UCLA,attribution_only,dip_restore,0.0,game_unusable,cfbd_matches_neither
b929b0e9953d1557,4ce9f18c6105ce3f,2024,401628477,Troy,attribution_only,dip_restore,0.0,corroborated,corroborated
b931523d6304df37,2e0c74fc5f8bc2b7,2023,401520433,Texas A&M,attribution_only,dip_restore,0.0,game_unusable,corroborated
b931854dc26f9abd,1a4801277dfe1e12,2023,401520222,Buffalo,attribution_only,dip_restore,0.0,game_unusable,cfbd_matches_neither
b951d4bcc00049a3,9ff69120d02a6727,2017,400941836,SMU,attribution_only,dip_restore,0.0,corroborated,corroborated
b959a98054ebaeca,a47f2346f53a7990,2017,400941829,Tulane,attribution_only,dip_restore,0.0,corroborated,corroborated
b968386de6d8dc7c,4b716b50dc0b2487,2025,401752794,Rutgers,points_recovery,incomplete_stream,24.0,game_unusable,cfbd_matches_neither
b96ec9530209fa59,b41220ad1bcb065b,2021,401310253,Army,attribution_only,dip_restore,0.0,game_unusable,cfbd_matches_neither
b96f78ac17826c77,71dc7c37c310a6bb,2025,401757264,Marshall,attribution_only,dip_restore,0.0,game_unusable,cfbd_matches_neither
b9752d39a5a78c76,fd6fb81bf28cd6ef,2019,401114294,Middle Tennessee,attribution_only,dip_restore,0.0,game_unusable,corroborated
b9a79cebbb078178,b974507a193cc98f,2025,401762818,New Hampshire,attribution_only,dip_restore,0.0,corroborated,corroborated
b9ebf92fd1ca0a00,51d31ccbfcb0c5d0,2023,401532418,Akron,attribution_only,dip_restore,0.0,game_unusable,cfbd_matches_neither
b9f8d359ce068100,dda82fcdefa89044,2025,401760376,Miami (OH),attribution_only,restoration_gt8,0.0,game_unusable,cfbd_matches_neither
ba20f49dbdae3008,7e425f8a922d538f,2016,400868912,Army,attribution_only,dip_restore,0.0,game_unusable,cfbd_matches_neither
ba3632e43d31ad9a,b9b117d856a8a1e7,2022,401411128,North Carolina,attribution_only,dip_restore,0.0,corroborated,corroborated
ba3970f58a89a4fe,90d3fc512b8f3f00,2024,401643715,Temple,attribution_only,dip_restore,0.0,corroborated,corroborated
ba4490e76571d54f,f20d44a7e6f89865,2017,400935306,USC,attribution_only,dip_restore,0.0,corroborated,corroborated
ba663ed139d6cbd9,d817e22eddc4b681,2017,400938893,UMass,attribution_only,dip_restore,0.0,game_unusable,corroborated
ba66a9c38c598a27,84f7f26247ef1e68,2016,400869178,Northern Illinois,attribution_only,dip_restore,0.0,game_unusable,cfbd_matches_neither
ba6f78a7299b379c,c8b5f343c69f8c44,2021,401282238,UAB,attribution_only,dip_restore,0.0,corroborated,corroborated
ba77b409e5125a58,c65f331fdae9db38,2024,401636914,Iowa State,attribution_only,dip_restore,0.0,corroborated,corroborated
babb40747f6234e8,6784f7faadaf63a2,2021,401282093,Missouri,points_recovery,incomplete_stream,8.0,game_unusable,cfbd_matches_neither
babd31c08ce4e93c,e0400ee5e64d998d,2025,401757268,Nevada,attribution_only,dip_restore,0.0,corroborated,corroborated
baca0087905ae75e,73620edd6dfa9a1f,2016,400869420,North Texas,attribution_only,restoration_gt8,0.0,game_unusable,cfbd_matches_neither
bad456eb11dea09a,4fae4bca65451fb1,2015,400756952,South Florida,attribution_only,dip_restore,0.0,game_unusable,corroborated
baeb3b0dc94e2654,34cb20168fc7202c,2017,400938630,Louisiana Tech,attribution_only,dip_restore,0.0,corroborated,corroborated
baf2522c22fea9ee,84d5a05bc3af9734,2023,401531384,Navy,attribution_only,dip_restore,0.0,corroborated,corroborated
bb12e2687ee26183,3d3afd87f99e0579,2018,401012862,Iowa,attribution_only,category_possession_reassignment,0.0,game_unusable,corroborated
bb1a2095b8ed920c,758f59b3a05d3929,2021,401282211,UAB,attribution_only,dip_restore,0.0,corroborated,corroborated
bb3a651e7a6c82cc,dfbb733c7b59f964,2025,401757267,Louisiana Monroe,attribution_only,dip_restore,0.0,corroborated,corroborated
bb5092cd22cca857,04e44ec840d0bc5c,2021,401310756,Hawai_i,attribution_only,dip_restore,0.0,corroborated,corroborated
bb6502e51ed2be97,21cbe271d65e72c8,2022,401426552,UTEP,points_recovery,incomplete_stream,17.0,game_unusable,cfbd_matches_neither
bb70a3941d7b1a15,ae580ddd99353b40,2015,400756889,Washington State,attribution_only,dip_restore,0.0,corroborated,corroborated
bb734d16d8ea7808,25c13e0acd5b34ea,2025,401762481,South Florida,attribution_only,dip_restore,0.0,corroborated,corroborated
bb81ccdc506a2892,34d7ad875b5c80bc,2021,401309585,Toledo,attribution_only,dip_restore,0.0,corroborated,corroborated
bb94bcef82df3c22,3d9bffa770ee9934,2024,401628509,Wisconsin,attribution_only,dip_restore,0.0,corroborated,corroborated
bbd98b810da7d98e,128155e9e6ce0f08,2025,401757222,Austin Peay,attribution_only,dip_restore,0.0,game_unusable,cfbd_matches_neither
bc449f87fb4bb3b7,840bc4ee1fcbc867,2022,401403863,South Carolina,attribution_only,dip_restore,0.0,game_unusable,cfbd_matches_neither
bc8ebaebe20db19e,af242bdd508830fc,2021,401282217,UTEP,points_recovery,incomplete_stream,26.0,game_unusable,cfbd_matches_neither
bc901258d21adc35,935622cfebb391c5,2023,401532451,Toledo,attribution_only,dip_restore,0.0,game_unusable,cfbd_matches_neither
bcb31473d8c2c64b,23e04629f093be2d,2021,401301031,UCF,points_reduction,dip_restore,-1.0,game_unusable,cfbd_matches_neither
bcb771c29d9650ee,e6806a7581d921d3,2022,401426543,Western Kentucky,attribution_only,dip_restore,0.0,corroborated,corroborated
bcc6d8022f670ef1,8e8d5e2371e0325d,2025,401754582,Stanford,points_recovery,dip_restore,1.0,game_unusable,cfbd_matches_neither
bce0c4942039ffc0,6c069f3027c423cd,2019,401112239,Colorado,attribution_only,dip_restore,0.0,game_unusable,cfbd_matches_neither
bd1e83f0ba3bf482,89ec6c941a1d578f,2019,401112212,Tulsa,attribution_only,dip_restore,0.0,corroborated,corroborated
bd50f951e11ef51e,8e8d1cd08ae139c5,2023,401532572,UNLV,attribution_only,restoration_gt8,0.0,game_unusable,cfbd_matches_neither
bd519d3fb1afa09c,d31fccb8dc617e1b,2017,400935321,Oregon,attribution_only,dip_restore,0.0,corroborated,corroborated
bd67c896e862e1fe,d5157fbae979aab7,2021,401282209,Old Dominion,attribution_only,dip_restore,0.0,corroborated,corroborated
bd7e9a2a7a237201,c3f6c957aff1a2ba,2024,401628581,Wake Forest,points_recovery,restoration_gt8,1.0,game_unusable,corroborated
bda566f5d0091d2e,c111e578d3415433,2015,400763457,Texas Tech,attribution_only,dip_restore,0.0,game_unusable,corroborated
bda88761ca20ffc5,a54807db32805797,2021,401287950,West Virginia,attribution_only,dip_restore,0.0,indistinguishable_at_drive_level,indistinguishable_at_drive_level
bdd333984f6c71f2,09e82aef3644d42f,2025,401754521,SMU,attribution_only,dip_restore,0.0,game_unusable,corroborated
bdf44ac5006e2d27,4471d7833c9d3091,2021,401282072,South Carolina,attribution_only,dip_restore,0.0,corroborated,corroborated
bdf89bf761035021,c58b7f580a9e84fd,2024,401635564,Northern Illinois,attribution_only,dip_restore,0.0,corroborated,corroborated
be1b92f61595e2b3,62de1d245ef8537f,2021,401310733,San Diego State,points_recovery,other,1.0,game_unusable,corroborated
be251d41115488f6,c37f5f39e02e628e,2025,401778328,Vanderbilt,points_recovery,incomplete_stream,27.0,game_unusable,cfbd_matches_neither
be35242e80426b02,a64243c92ff25dd1,2016,400869821,Texas State,attribution_only,dip_restore,0.0,game_unusable,cfbd_matches_neither
be444ae49ba7719a,c920d397a28bbdd0,2025,401757310,Delaware,attribution_only,dip_restore,0.0,game_unusable,cfbd_matches_neither
be5299d1aa7fda98,738351f1b1ad04e6,2025,401752924,Indiana,attribution_only,dip_restore,0.0,corroborated,corroborated
be5f6280f7b81685,e93981ebb1ae449d,2024,401628370,South Carolina,attribution_only,dip_restore,0.0,corroborated,corroborated
be61b0d0d08ec622,9ea7b4106d0006a0,2022,401416627,Western Michigan,points_recovery,incomplete_stream,16.0,game_unusable,cfbd_matches_neither
be6b1aa1c7f27652,60c25bd9718719f6,2025,401752802,Michigan State,points_reduction,category_possession_reassignment,-7.0,game_unusable,cfbd_supports_baseline
be82eec5d6ffa78f,318af453ab5afb82,2025,401752866,Northwestern,attribution_only,dip_restore,0.0,game_unusable,cfbd_supports_baseline
be8efb72accb3ec4,4b870968d39e8f9a,2022,401426587,Western Kentucky,attribution_only,final_cap,0.0,game_unusable,cfbd_matches_neither
be90893d93c00422,c58c033675b52ecd,2024,401628524,UCLA,attribution_only,dip_restore,0.0,corroborated,corroborated
be92276e41459149,cda7566a74da9b8a,2022,401411104,Georgia Tech,attribution_only,dip_restore,0.0,game_unusable,cfbd_matches_neither
bea011438c0bb81c,f5db495e1d4b686c,2015,400763658,Rice,attribution_only,dip_restore,0.0,corroborated,corroborated
beae318d89933fc0,42f1f188e699f3ff,2023,401524004,Tulsa,attribution_only,dip_restore,0.0,corroborated,corroborated
beb7f72b93b0849f,b5fb513a7a69c84a,2018,401013372,Eastern Michigan,attribution_only,category_possession_reassignment,0.0,corroborated,corroborated
bec5fa0d6e36065c,6e430d0f7945e459,2025,401756936,UCF,attribution_only,dip_restore,0.0,game_unusable,cfbd_matches_neither
bed3d163bddff627,3e2351532fe4178a,2022,401411125,Clemson,attribution_only,dip_restore,0.0,corroborated,corroborated
bedd040fd4c5267b,697e01f710a614b8,2024,401635567,Boston College,attribution_only,dip_restore,0.0,corroborated,corroborated
bf129c787ef6c856,8d1cdbe5e826a4f9,2019,401112479,Clemson,attribution_only,dip_restore,0.0,corroborated,corroborated
bf1916992f09f58a,2bf727d595a29886,2015,400757046,Arizona,attribution_only,dip_restore,0.0,corroborated,corroborated
bf1d8a697cb996b7,aa4276fdf13a724f,2024,401628347,Michigan,attribution_only,dip_restore,0.0,corroborated,corroborated
bf23b7b304fd1daf,15ed85f9e6cdf4bc,2022,401405109,Maryland,points_recovery,dip_restore,2.0,game_unusable,cfbd_matches_neither
bf2fe5c4b3a6b49c,a903385c801eb508,2024,401634206,Colorado,attribution_only,dip_restore,0.0,game_unusable,cfbd_matches_neither
bf3f554bb96a72fa,c99bdeae8167ebfc,2021,401301010,Wagner,attribution_only,dip_restore,0.0,game_unusable,cfbd_matches_neither
bf42a43ef1cf9139,b23e2dd1ef42b1d6,2023,401520383,Illinois,attribution_only,dip_restore,0.0,game_unusable,corroborated
bf4ed5b44f23df7d,71b354116b5be018,2025,401752820,Wisconsin,attribution_only,dip_restore,0.0,game_unusable,cfbd_matches_neither
bf52eed1b2970513,a9adffbce7f0e036,2023,401539484,Troy,attribution_only,dip_restore,0.0,corroborated,corroborated
bf86b83d2a893177,2419940294fb715a,2024,401628423,Missouri,attribution_only,dip_restore,0.0,game_unusable,corroborated
bf8a65799f0d3d42,602e4accd384bcbf,2025,401761635,Appalachian State,attribution_only,dip_restore,0.0,game_unusable,cfbd_matches_neither
bf9cb8ae55f99e2c,d54c1cfeefe1b127,2017,400945261,Wyoming,attribution_only,dip_restore,0.0,game_unusable,cfbd_matches_neither
bfc063be124dc777,7c154c3ec02a7b0f,2025,401752915,Wisconsin,attribution_only,restoration_gt8,0.0,game_unusable,cfbd_matches_neither
bfe16650d0128081,ca3dfcd7d4a42e81,2017,400937485,NC State,attribution_only,category_possession_reassignment,0.0,game_unusable,cfbd_matches_neither
bfe957b6ac1bff79,3d5dcf1ac6cf8b4d,2025,401756956,Arizona State,attribution_only,dip_restore,0.0,game_unusable,cfbd_supports_baseline
c0698440c82f146c,0a93f74ee8e5094a,2022,401426530,Florida Atlantic,points_recovery,incomplete_stream,12.0,game_unusable,cfbd_matches_neither
c08eb89eb9db1c34,b06d75afc65aac8f,2023,401525504,Wake Forest,attribution_only,dip_restore,0.0,corroborated,corroborated
c0ad6a20cfea40db,f884a78ebe8fc55a,2024,401645373,Rice,attribution_only,dip_restore,0.0,corroborated,corroborated
c0b83b5873bf2cca,3218c02ead17cac7,2022,401411110,Maine,attribution_only,dip_restore,0.0,game_unusable,cfbd_matches_neither
c0bbcff3ec27aeae,4a8662e3968e9862,2022,401404065,Kansas,points_recovery,incomplete_stream,7.0,game_unusable,cfbd_matches_neither
c0bc71166369de84,08b95c6a3769fd32,2017,400938606,Charlotte,attribution_only,dip_restore,0.0,game_unusable,corroborated
c0d17370a8464f91,3c19be31376a6e9d,2023,401520374,Ole Miss,attribution_only,dip_restore,0.0,corroborated,corroborated
c0db0b43e38684cc,3996fc7a658c7c31,2024,401643799,Appalachian State,attribution_only,dip_restore,0.0,corroborated,corroborated
c0dc9e467d19c6bf,7065c0420bc4111f,2025,401760365,Sacramento State,attribution_only,dip_restore,0.0,game_unusable,corroborated
c0e18fe1f253f6e4,06c746b8e528c839,2025,401761591,Arkansas State,attribution_only,restoration_gt8,0.0,game_unusable,corroborated
c13a5c4191f32bc7,1dc243284a53ecd8,2022,401416650,Central Michigan,attribution_only,dip_restore,0.0,corroborated,corroborated
c13fb21a4633c52a,d6192e661f06aadb,2024,401654845,Illinois,attribution_only,dip_restore,0.0,corroborated,corroborated
c1455af2576ee46f,2ac089fce1b88bdc,2023,401539475,Washington,attribution_only,dip_restore,0.0,corroborated,corroborated
c15dee0cd2e4333c,b239b0f4d40f6ebb,2025,401752880,Washington,attribution_only,dip_restore,0.0,game_unusable,cfbd_matches_neither
c176f11ad34f3eda,4b15e4215db5d906,2017,400941839,Houston,attribution_only,dip_restore,0.0,game_unusable,cfbd_matches_neither
c177b798c9b4b8f2,5924605230fe7c6b,2022,401426553,Army,attribution_only,incomplete_stream,0.0,game_unusable,cfbd_matches_neither
c17df825a41fba5f,85bfd37fdbadf958,2025,401752715,Tennessee,attribution_only,dip_restore,0.0,game_unusable,corroborated
c1816845a16ba4d6,5859f8283bca3cf3,2025,401757293,Liberty,attribution_only,dip_restore,0.0,game_unusable,cfbd_supports_baseline
c197948634aefff9,b93e38189ed73827,2021,401309553,Colorado State,attribution_only,dip_restore,0.0,corroborated,corroborated
c1983c2302670d74,9f0428b4f8ebd8a6,2022,401411168,Georgia Tech,attribution_only,dip_restore,0.0,corroborated,corroborated
c19dd8cd9614cf49,db93a8b5047ee230,2021,401309647,Arkansas State,attribution_only,dip_restore,0.0,game_unusable,cfbd_supports_baseline
c1adf3c9d0d43edf,58e636b488e7b006,2023,401525519,Georgia Tech,attribution_only,dip_restore,0.0,corroborated,corroborated
c1b202d95ee0b38b,01fc473366006e13,2024,401643810,Georgia State,attribution_only,dip_restore,0.0,corroborated,corroborated
c1b9137607de7d21,0e213d8c39899e37,2017,400944841,Idaho,attribution_only,dip_restore,0.0,game_unusable,corroborated
c1c748d959a3902e,86979571169241d8,2023,401520220,BYU,attribution_only,dip_restore,0.0,corroborated,corroborated
c1ceb0114bbf4dac,f41efa94f2f4b21b,2024,401643858,Delaware State,attribution_only,dip_restore,0.0,corroborated,corroborated
c1ef28a864e19e44,59bac45d89d08616,2025,401756896,Arizona State,attribution_only,dip_restore,0.0,corroborated,corroborated
c1f0cbb0558b27e5,46764c4d4523cf27,2022,401403983,Washington,attribution_only,dip_restore,0.0,corroborated,corroborated
c201f06a7f2027e4,b8a0e6c3fb69847a,2022,401426592,UAB,attribution_only,dip_restore,0.0,corroborated,corroborated
c2037f7c5ffd9d64,6a1fea44a8471015,2025,401752862,Rutgers,attribution_only,dip_restore,0.0,corroborated,corroborated
c20e91aed466ac2e,f43677510f6f8140,2018,401032078,Oklahoma,attribution_only,dip_restore,0.0,corroborated,corroborated
c212ddeb1b0bbde7,1d99237518b8824b,2025,401761647,Southern Mississippi,attribution_only,dip_restore,0.0,game_unusable,cfbd_matches_neither
c2498d3b73f5c691,b0448f98db1176c1,2025,401752901,Indiana,attribution_only,dip_restore,0.0,game_unusable,cfbd_matches_neither
c249e349ad2c0e65,0b27d4b49f66c01b,2022,401404002,Colorado,points_recovery,incomplete_stream,20.0,game_unusable,cfbd_matches_neither
c24c2068045056de,a154d51aa771c681,2018,401022510,Colorado State,attribution_only,dip_restore,0.0,corroborated,corroborated
c255a138207915f8,f9ff05ac87b3a214,2022,401403991,South Alabama,points_recovery,incomplete_stream,15.0,game_unusable,cfbd_matches_neither
c290875d6e154257,d6334e27086b284a,2022,401416604,Buffalo,attribution_only,dip_restore,0.0,game_unusable,corroborated
c2cf288f994e5ea5,6fff79b9bd47bc7b,2018,401013151,Florida State,attribution_only,dip_restore,0.0,corroborated,corroborated
c2e0645cccada7ba,da95e2ceef295e74,2024,401628983,Navy,attribution_only,dip_restore,0.0,corroborated,corroborated
c2f2622d1085b28b,14bd253ed9483562,2022,401415659,South Florida,attribution_only,dip_restore,0.0,game_unusable,corroborated
c2f5bf8802cdb69a,c6595a6fa53cd997,2017,400945277,San Jose State,attribution_only,dip_restore,0.0,cfbd_matches_neither,cfbd_matches_neither
c306161af816e0a1,42baa149a9528c09,2017,400945276,Wyoming,attribution_only,dip_restore,0.0,corroborated,corroborated
c30c6dd1033e219a,91e3055cd7e06e09,2024,401636364,Bethune-Cookman,attribution_only,dip_restore,0.0,game_unusable,cfbd_matches_neither
c31db49fbcc7ec1a,f5f8298c54d768cc,2024,401645368,South Florida,attribution_only,dip_restore,0.0,corroborated,corroborated
c325202b2538e4e2,bb2646d8d9d33092,2019,401117908,East Carolina,attribution_only,dip_restore,0.0,corroborated,corroborated
c32956d97e58178d,85152bd98c61c45d,2023,401520340,Michigan,attribution_only,dip_restore,0.0,corroborated,corroborated
c33da669da60973d,9a875eb8bee1b4a3,2022,401404161,Liberty,attribution_only,dip_restore,0.0,corroborated,corroborated
c365ca7460acb8f2,fd8b344e9e557c47,2021,401310697,Montana State,attribution_only,dip_restore,0.0,game_unusable,cfbd_matches_neither
c370f38bf3d2f680,39d11ea5b53a6950,2021,401331231,Michigan State,attribution_only,dip_restore,0.0,corroborated,corroborated
c372242a79a1f5e5,2ae96c38942ec01b,2021,401287902,Long Island University,attribution_only,final_cap,0.0,game_unusable,cfbd_matches_neither
c391b4bb61f70bde,ea379079f3cfbcd3,2023,401531401,South Florida,attribution_only,dip_restore,0.0,corroborated,corroborated
c3974a2c1f8fc443,61b7d5c09c414f37,2022,401403999,Washington State,attribution_only,dip_restore,0.0,game_unusable,cfbd_matches_neither
c3cc831b8b2a5d5a,e2eab0fe5e319b08,2021,401327913,Nebraska,points_recovery,incomplete_stream,7.0,game_unusable,cfbd_matches_neither
c3e51ee69600794d,e5aae70fa919d586,2021,401309609,Texas State,attribution_only,dip_restore,0.0,corroborated,corroborated
c3e7193d3cc514ec,974deca912716ae0,2025,401752937,Fresno State,points_recovery,dip_restore,6.0,game_unusable,cfbd_matches_neither
c410b243a97719cb,37564978ae7349ee,2025,401754547,Pittsburgh,attribution_only,dip_restore,0.0,corroborated,corroborated
c426cf2e70b73abe,87cebf5ff424394c,2015,400787330,Toledo,attribution_only,dip_restore,0.0,corroborated,corroborated
c42ddb0554ac7759,02329ad911dc390c,2016,400869280,Eastern Michigan,attribution_only,dip_restore,0.0,game_unusable,corroborated
c440a340b04e12f1,ba006cb2870ef055,2025,401754597,Pittsburgh,points_recovery,incomplete_stream,6.0,game_unusable,cfbd_matches_neither
c44d97080db12fb0,51a88e20c0b0c9d9,2024,401628352,New Mexico,attribution_only,dip_restore,0.0,corroborated,corroborated
c4739f06f7f5f5ad,2f307c052aaf68f6,2017,400941799,Illinois,attribution_only,dip_restore,0.0,game_unusable,cfbd_supports_baseline
c48272938741729a,d59d9923d9b13d4c,2016,400869319,Kent State,attribution_only,dip_restore,0.0,game_unusable,cfbd_supports_baseline
c4bf41ed0168694f,fae963677b3b5126,2025,401762849,Bowling Green,attribution_only,dip_restore,0.0,cfbd_supports_baseline,cfbd_supports_baseline
c4db48d6dee6665b,f5fe596897f41d57,2021,401282272,Marshall,points_recovery,incomplete_stream,21.0,game_unusable,cfbd_matches_neither
c4dbb37cd4f34945,090efed76d7b6d81,2025,401754590,Connecticut,attribution_only,dip_restore,0.0,game_unusable,cfbd_matches_neither
c4ec1dd169944ee0,bbf0cdd1fcb02baf,2022,401411157,Virginia Tech,points_recovery,incomplete_stream,7.0,game_unusable,cfbd_matches_neither
c4eefab2334a41f7,0669570f51094305,2016,400869826,Arkansas State,attribution_only,dip_restore,0.0,corroborated,corroborated
c4f29cdcc2f7249a,610edaac9cc1f784,2017,400935328,Arizona State,attribution_only,dip_restore,0.0,corroborated,corroborated
c519d6e5e783dc3b,3c465933a59fedf9,2025,401754530,California,points_reduction,category_possession_reassignment,-7.0,game_unusable,corroborated
c51a51a5ecbe1a42,263abe9859540afb,2024,401645338,Tulane,attribution_only,dip_restore,0.0,corroborated,corroborated
c536cd4db03ea2ab,6bad7ee73a58eb94,2023,401525832,TCU,attribution_only,dip_restore,0.0,game_unusable,corroborated
c5781ee5753ec343,c6547a910101a64a,2021,401282178,Bethune-Cookman,attribution_only,dip_restore,0.0,game_unusable,corroborated
c591df2c29b18fd8,c6ef1f22d72d4c8d,2025,401766898,Florida International,attribution_only,dip_restore,0.0,corroborated,corroborated
c5c97c55692633f1,45905775040fec26,2016,400868928,BYU,attribution_only,dip_restore,0.0,corroborated,corroborated
c5cd24e2059656d7,57f184a0e6e2284f,2024,401643803,James Madison,attribution_only,dip_restore,0.0,corroborated,corroborated
c5d1b94ded17b760,607d2eab0d2438af,2022,401404041,California,attribution_only,dip_restore,0.0,corroborated,corroborated
c5e000d1c371a8b9,be668d3e2f3370f9,2025,401757172,Rice,attribution_only,dip_restore,0.0,indistinguishable_at_drive_level,indistinguishable_at_drive_level
c5ec55d90139978e,7730f0c431829623,2022,401416653,Kent State,points_recovery,incomplete_stream,21.0,game_unusable,cfbd_matches_neither
c5f45cea7ee0ea34,bd53a7cb776d75e9,2015,400763411,Oklahoma State,attribution_only,other,0.0,game_unusable,cfbd_matches_neither
c61180b703eafa48,cf924eeb7a8d7c4a,2019,401112472,Notre Dame,attribution_only,dip_restore,0.0,corroborated,corroborated
c61a1133d0ae451b,33e0599cad212edc,2022,401415231,Utah State,attribution_only,dip_restore,0.0,corroborated,corroborated
c61b2d411c8742d2,b8beaaea765c4715,2022,401415237,UNLV,points_recovery,incomplete_stream,7.0,game_unusable,cfbd_matches_neither
c645d58f78c1aa9a,e25b0da34c9240ba,2021,401282626,Louisville,attribution_only,dip_restore,0.0,corroborated,corroborated
c671b8a08755c27c,a62612d0987c99de,2024,401644749,Western Michigan,attribution_only,dip_restore,0.0,game_unusable,cfbd_matches_neither
c67aa061ca144a22,ce25f8de07a8424c,2025,401762831,Eastern Michigan,points_recovery,incomplete_stream,30.0,game_unusable,cfbd_matches_neither
c6a7cbce6bfb38a1,641d549f81b43d0e,2021,401281944,Auburn,points_recovery,incomplete_stream,40.0,game_unusable,corroborated
c6c58e074cc3a784,15bb433e325b34c2,2023,401532572,Bryant,points_recovery,dip_restore,7.0,game_unusable,cfbd_matches_neither
c6d5ff643d111292,c05ab8acc0b07112,2024,401677085,Coastal Carolina,attribution_only,incomplete_stream,0.0,game_unusable,cfbd_matches_neither
c6f08a36b95be016,c42012255b8c8952,2022,401404005,Stanford,attribution_only,dip_restore,0.0,corroborated,corroborated
c6f487c1f3424f8c,9650052e227252a2,2021,401282143,South Alabama,attribution_only,dip_restore,0.0,game_unusable,cfbd_matches_neither
c70bb8ff4d5d7255,01b7debd0884b3ac,2024,401677098,East Carolina,attribution_only,dip_restore,0.0,game_unusable,corroborated
c70edeeb9dad9f1a,656c0278d6dfe0df,2018,401021683,Coastal Carolina,attribution_only,category_possession_reassignment,0.0,game_unusable,cfbd_matches_neither
c71d672939f630cd,980b19768f65ef20,2025,401757167,Central Connecticut,attribution_only,dip_restore,0.0,corroborated,corroborated
c7292d0eb869e7d8,8dab6d622a541568,2022,401405126,Ohio State,attribution_only,dip_restore,0.0,corroborated,corroborated
c73ecb0ab6631de3,74829f17d798fdc4,2024,401635575,Pittsburgh,attribution_only,dip_restore,0.0,game_unusable,cfbd_matches_neither
c752031607d2c72d,5ed463ca602cf935,2025,401762794,Buffalo,attribution_only,dip_restore,0.0,game_unusable,corroborated
c753bc4a51e362bf,fbb9ca9b7324239f,2025,401752800,Utah,attribution_only,other,0.0,game_unusable,cfbd_supports_baseline
c75eafd136d53849,bb79f2c6a329c6db,2025,401752876,Oregon,attribution_only,dip_restore,0.0,corroborated,corroborated
c76b4b837ef3dd03,08bfabc357d5380f,2018,401019492,South Florida,attribution_only,dip_restore,0.0,corroborated,corroborated
c77dac185f028f8a,b5b242fc28751c63,2019,401114325,UAB,attribution_only,dip_restore,0.0,game_unusable,corroborated
c7a61be108698070,0f10c63cf4870b4e,2015,400787305,Delaware State,attribution_only,dip_restore,0.0,game_unusable,corroborated
c7bc8a5c34625fcd,e371c8f2f6e3bc5d,2025,401757235,Kennesaw State,attribution_only,dip_restore,0.0,game_unusable,corroborated
c7d09b421b61038a,8f3c8ab88404f44d,2017,400933930,Ole Miss,attribution_only,dip_restore,0.0,corroborated,corroborated
c7ec9f6bf9964fe8,bcf0b6ad23d60662,2025,401754569,Connecticut,attribution_only,dip_restore,0.0,game_unusable,cfbd_supports_baseline
c829f2e0e457f715,addfc8305b681b7a,2025,401754586,Florida State,attribution_only,dip_restore,0.0,indistinguishable_at_drive_level,indistinguishable_at_drive_level
c82beab31286d4b1,8891defe17fbcc09,2022,401426553,Army,attribution_only,incomplete_stream,0.0,game_unusable,cfbd_matches_neither
c8315ad9243ad595,96c9c93ea6a0bb30,2021,401282246,Rice,attribution_only,dip_restore,0.0,game_unusable,corroborated
c84956a25a4790bd,ee1d17df8c1a7d59,2025,401762871,Kent State,attribution_only,dip_restore,0.0,game_unusable,cfbd_matches_neither
c850fe15aab49e03,6540efa7de0bda2e,2023,401520356,Northwestern,attribution_only,dip_restore,0.0,corroborated,corroborated
c85f06ba74469f61,ff9aa04171725596,2024,401636609,Arizona State,attribution_only,dip_restore,0.0,game_unusable,corroborated
c882f467007e4b49,d2fd8d8f536197c6,2023,401525858,Texas Tech,attribution_only,dip_restore,0.0,game_unusable,cfbd_matches_neither
c8872d0a0ed91103,0d668c45a316b131,2022,401411171,Syracuse,attribution_only,dip_restore,0.0,corroborated,corroborated
c89b10cd4a2592b5,b7242204e12e0f5e,2018,401012775,Arizona,attribution_only,dip_restore,0.0,corroborated,corroborated
c8a2616fe14d4048,d9f235df65432be3,2022,401403996,Arizona,attribution_only,dip_restore,0.0,corroborated,corroborated
c8b451ba81bed3a0,e294fe11caacb333,2021,401309578,Bowling Green,points_recovery,incomplete_stream,54.0,game_unusable,cfbd_matches_neither
c8cbca69eda69e5f,75531db83e8989f0,2025,401752840,California,points_recovery,restoration_gt8,3.0,game_unusable,corroborated
c8d3bb1febedee2c,227de629639425ad,2019,401114341,Fresno State,attribution_only,dip_restore,0.0,game_unusable,corroborated
c8da51e8a8d40007,cdfeae3aa55e07e5,2019,401112266,Liberty,attribution_only,dip_restore,0.0,game_unusable,corroborated
c8e66f79a253cc2d,196bf348fff6f4cc,2022,401404065,West Virginia,points_recovery,incomplete_stream,21.0,game_unusable,cfbd_matches_neither
c8fa269cf8b342c2,b03fa15aac1bade2,2024,401643720,Fresno State,attribution_only,dip_restore,0.0,game_unusable,corroborated
c93132bb9d0fe7c5,6c840397852901be,2017,400935359,Indiana,attribution_only,dip_restore,0.0,game_unusable,corroborated
c946c8ba1d5f6472,cb227b9cbf681fd5,2019,401110822,Texas A&M,attribution_only,dip_restore,0.0,corroborated,corroborated
c951024ed556e471,e54df777d19e68b2,2024,401635563,Florida State,attribution_only,dip_restore,0.0,game_unusable,cfbd_matches_neither
c98d0ca826f24243,7838212c3960fc1f,2021,401309579,Akron,points_recovery,incomplete_stream,25.0,game_unusable,cfbd_matches_neither
c9901dc0f37f5fb6,7543f0ca70c2785c,2018,401022510,Hawai_i,attribution_only,dip_restore,0.0,corroborated,corroborated
c991d42f9ad1df0d,dafb45d779066c24,2024,401628438,Florida State,points_recovery,incomplete_stream,8.0,game_unusable,corroborated
c9b3ea9efd74188d,684ab4ef098e8417,2024,401640979,Central Michigan,attribution_only,final_cap,0.0,game_unusable,cfbd_matches_neither
c9bdf7cfac9050d9,746ba788423ecc84,2023,401525516,Virginia Tech,attribution_only,dip_restore,0.0,game_unusable,cfbd_matches_neither
c9c8b5133e74ed11,837b65f59975fbe7,2022,401404051,Washington,points_reduction,other,-1.0,game_unusable,cfbd_supports_baseline
c9ceba20529bfd8d,204c9f462d16120a,2016,400869133,Washington,attribution_only,dip_restore,0.0,corroborated,corroborated
c9cfbdfd102c5c3d,158effc15df3ff16,2024,401628339,Georgia,attribution_only,dip_restore,0.0,corroborated,corroborated
c9d4bbf751ff4ccb,fa0e327cb2fcd6ee,2023,401531440,SMU,attribution_only,dip_restore,0.0,corroborated,corroborated
c9f78b2b07293dcb,e6e43f2c3699f423,2023,401525545,North Carolina,points_recovery,incomplete_stream,7.0,game_unusable,cfbd_supports_baseline
c9f99ce6cd38bb73,1180e2ccafd3c217,2016,400869104,Oregon,attribution_only,dip_restore,0.0,corroborated,corroborated
ca0a232d6fc42677,482c2fa9d977304b,2016,400869292,Northern Illinois,attribution_only,dip_restore,0.0,corroborated,corroborated
ca33cc253002b895,37e6b11a74b89b75,2024,401677091,Vanderbilt,attribution_only,dip_restore,0.0,corroborated,corroborated
ca493cdfce76ab22,08d5002723a7650e,2025,401757313,Kennesaw State,attribution_only,dip_restore,0.0,game_unusable,indistinguishable_at_drive_level
ca5a8200a504268d,917192676de2bc45,2022,401403935,Auburn,attribution_only,dip_restore,0.0,corroborated,corroborated
ca83512ded0ee67a,fda781f640f8ce4f,2021,401282270,Florida Atlantic,points_recovery,incomplete_stream,17.0,game_unusable,cfbd_matches_neither
ca95af7b85c9ed55,208c38cff993d98d,2025,401762472,Memphis,attribution_only,dip_restore,0.0,game_unusable,cfbd_supports_baseline
ca998a3f8af83bc9,62954048285057fc,2021,401282190,Southern Mississippi,attribution_only,restoration_gt8,0.0,game_unusable,corroborated
caa45e21d7540933,307ddca933204737,2022,401403853,Vanderbilt,attribution_only,dip_restore,0.0,corroborated,corroborated
cad116489271f27d,16b5370cde0136b8,2022,401404111,Kansas,points_recovery,incomplete_stream,28.0,game_unusable,cfbd_matches_neither
caf94151f8247306,182f2e34aa61b346,2023,401520395,Purdue,attribution_only,dip_restore,0.0,corroborated,corroborated
cb00f95a3a1f9a8a,d98c908fdf1053a5,2015,400852738,Ole Miss,attribution_only,dip_restore,0.0,corroborated,corroborated
cb1f48a1d050a723,81aa88fbc5e57f36,2024,401628412,Kentucky,attribution_only,dip_restore,0.0,corroborated,corroborated
cb3d8b24932dffd8,6351eaf867cba4f3,2015,400763460,Kansas State,attribution_only,dip_restore,0.0,game_unusable,corroborated
cb542a955c353e0c,9f3e4f826c6350f9,2022,401405083,Northwestern,attribution_only,dip_restore,0.0,game_unusable,cfbd_matches_neither
cb63697da5e08abd,44c34497918e91d8,2023,401532400,Bowling Green,attribution_only,dip_restore,0.0,corroborated,corroborated
cbc6f62c3003b1b9,e18cd2bdc410ebf3,2022,401426547,Louisiana Tech,points_recovery,incomplete_stream,45.0,game_unusable,cfbd_matches_neither
cbdd66bdfb34d8a8,0c31be73188bbc4b,2023,401520294,Middle Tennessee,attribution_only,dip_restore,0.0,corroborated,corroborated
cc20c73036d2a263,120f2c83073739a9,2023,401532431,Eastern Michigan,attribution_only,dip_restore,0.0,corroborated,corroborated
cc27d5097ca92753,de4bfb5c5427c64d,2023,401531437,North Texas,attribution_only,dip_restore,0.0,corroborated,corroborated
cc42da399f2d6884,606067c7a7ebc412,2016,400869281,Middle Tennessee,attribution_only,dip_restore,0.0,game_unusable,corroborated
cc5c1e14e07da7c1,6dd100d445c1decc,2024,401643704,Idaho State,attribution_only,dip_restore,0.0,game_unusable,cfbd_matches_neither
cc7d2bd7fecfb34e,14bac5e5439cb47e,2022,401426604,Florida International,attribution_only,dip_restore,0.0,game_unusable,corroborated
cc7db8c2f6ac481d,1774359564cbf296,2024,401628328,Oklahoma,attribution_only,dip_restore,0.0,corroborated,corroborated
cc845e9f1b4914f1,1579d3e0e52cfb29,2021,401282701,Duke,points_recovery,incomplete_stream,7.0,game_unusable,cfbd_matches_neither
cc86b964e1a2dc9b,1eff74987f6b4822,2025,401778333,Navy,attribution_only,dip_restore,0.0,game_unusable,corroborated
ccab502612a4c310,f8d36331615f9331,2015,400603835,Ole Miss,attribution_only,dip_restore,0.0,game_unusable,cfbd_supports_baseline
ccb4a2837a53f6eb,684c2b041d470f94,2021,401282224,Charlotte,attribution_only,dip_restore,0.0,corroborated,corroborated
ccc9f0fc0e26100a,a8077bab48990917,2023,401520389,LSU,attribution_only,dip_restore,0.0,corroborated,corroborated
cced8f8617328123,d51e13419f2641f4,2019,401112078,Texas Tech,points_recovery,dip_restore,10.0,game_unusable,cfbd_matches_neither
cd18e4b9561531cc,d295a472541c727a,2023,401525842,Oklahoma,attribution_only,dip_restore,0.0,corroborated,corroborated
cd2feec5b77f06cb,a89dba2c92664335,2025,401754531,Wake Forest,attribution_only,dip_restore,0.0,cfbd_matches_neither,cfbd_matches_neither
cd4dbfc8107bde44,17decb9ad229a449,2025,401752695,Vanderbilt,attribution_only,dip_restore,0.0,corroborated,corroborated
cdad91258d96794d,24bbd2a226f72d48,2023,401531881,Old Dominion,attribution_only,dip_restore,0.0,corroborated,corroborated
cdb3a789f030b6e4,b5646d43f69579f2,2022,401415652,SMU,attribution_only,dip_restore,0.0,game_unusable,corroborated
cdb5599f36fbac1d,8fdd7dfc812d2a3b,2023,401520355,Nebraska,attribution_only,dip_restore,0.0,corroborated,corroborated
cdb55d8b52dafb2d,ef7c91485d075dde,2022,401405079,Ohio State,attribution_only,dip_restore,0.0,corroborated,corroborated
cdbdc4d61a136347,84f87d4dd77b7a3f,2021,401331172,Old Dominion,attribution_only,dip_restore,0.0,game_unusable,corroborated
cdc551ab24300ce2,f691d43dc9453bb3,2024,401628359,LSU,points_recovery,incomplete_stream,20.0,game_unusable,corroborated
cdc58d20cee16aef,65f1faca9e807ae7,2025,401752783,Missouri,attribution_only,category_possession_reassignment,0.0,corroborated,corroborated
cde1652ddac44725,827eb4ca192101e1,2024,401643815,Old Dominion,attribution_only,dip_restore,0.0,corroborated,corroborated
ce0302f4a5fc7cd6,1a64e1b14860a608,2024,401643711,New Mexico,attribution_only,dip_restore,0.0,corroborated,corroborated
ce06ac35297899cf,3519f55f0b6e7b9c,2024,401643809,South Alabama,attribution_only,category_possession_reassignment,0.0,game_unusable,cfbd_matches_neither
ce24b749b9fce18e,05eb1b901f024a9a,2019,401117214,BYU,attribution_only,final_cap,0.0,game_unusable,cfbd_matches_neither
ce59c327531dad7b,6b0d60f265689d50,2025,401757303,Middle Tennessee,attribution_only,dip_restore,0.0,game_unusable,cfbd_matches_neither
ce63783e2e2306d1,d045106d6d093ec3,2022,401404070,Nebraska,attribution_only,dip_restore,0.0,game_unusable,cfbd_matches_neither
ce7419861e772483,00beb11fa62b8ccb,2022,401405117,Purdue,attribution_only,dip_restore,0.0,corroborated,corroborated
ce887ba91a8771ce,0463627f2389f992,2021,401282768,Penn State,attribution_only,dip_restore,0.0,game_unusable,cfbd_matches_neither
ceb5945b0c512d33,d1c3a4bec6ef3ae4,2021,401309860,Oregon State,attribution_only,dip_restore,0.0,corroborated,corroborated
cef558988316c193,76f2e385d5fae371,2024,401628572,Washington State,attribution_only,dip_restore,0.0,corroborated,corroborated
cef7f959b1cbb958,b75a0a7c3adbd07a,2025,401752816,Michigan State,points_recovery,incomplete_stream,23.0,game_unusable,cfbd_matches_neither
cf063640e5f84bf8,382e8706a54962df,2021,401282229,Middle Tennessee,attribution_only,dip_restore,0.0,game_unusable,corroborated
cf5b11c432f34024,73dbe497aeb28c9a,2022,401404062,BYU,attribution_only,dip_restore,0.0,corroborated,corroborated
cf7439d20934c069,387c1dcf2098a19c,2022,401415215,Weber State,attribution_only,final_cap,0.0,game_unusable,indistinguishable_at_drive_level
cf9f60694adeeaed,d20380a2e776fd19,2025,401756914,TCU,attribution_only,dip_restore,0.0,corroborated,corroborated
cfb9509c0f3bd5c0,7030d4d53bf183fc,2025,401760357,San Diego State,attribution_only,dip_restore,0.0,game_unusable,corroborated
cfc140699c0b615f,6d57e15c87193ec8,2025,401762508,Memphis,attribution_only,dip_restore,0.0,game_unusable,cfbd_matches_neither
cfdb67acbeaf9628,c5635aac5bc42aa4,2022,401404130,Notre Dame,attribution_only,dip_restore,0.0,game_unusable,cfbd_matches_neither
d0188c4eeb7ea149,714395db4ef1b534,2024,401645377,Charlotte,attribution_only,dip_restore,0.0,corroborated,corroborated
d025058fccc92beb,1f4ea136a051a9c2,2018,401022539,UNLV,attribution_only,dip_restore,0.0,corroborated,corroborated
d02f91d246f461ab,cd4975537835ee7f,2015,400763589,Louisiana Tech,points_recovery,incomplete_stream,62.0,game_unusable,cfbd_matches_neither
d035f2c8d0303099,7d8b3f4b8dfc3892,2025,401762462,Temple,attribution_only,dip_restore,0.0,corroborated,corroborated
d04170291fdd6cb5,cac262bc7a0444cb,2021,401309834,Utah,attribution_only,dip_restore,0.0,corroborated,corroborated
d05184e12f533de1,0dea654af6eb0f15,2023,401551758,Virginia Tech,attribution_only,dip_restore,0.0,corroborated,corroborated
d067042d006420d3,457a682e670d16ff,2025,401760411,Colorado State,attribution_only,dip_restore,0.0,game_unusable,cfbd_matches_neither
d077a0758e77ef0d,3317e77058924fc6,2023,401520167,South Carolina,attribution_only,incomplete_stream,0.0,game_unusable,cfbd_matches_neither
d079d594afbc8fa6,5fb4c498b808307e,2025,401752716,Georgia State,attribution_only,dip_restore,0.0,corroborated,corroborated
d07e64eb429799b8,b1a3d00eed70be3d,2023,401525905,BYU,attribution_only,dip_restore,0.0,game_unusable,corroborated
d0815c122689351a,fd507aaea923b4f4,2023,401532426,Northern Illinois,points_recovery,dip_restore,3.0,game_unusable,cfbd_supports_baseline
d0a2f3e985641eb8,d81bd32b5e746c72,2024,401636942,BYU,attribution_only,dip_restore,0.0,corroborated,corroborated
d0bc11e923df188a,8d9b672b4afe2946,2024,401636877,Texas Tech,attribution_only,dip_restore,0.0,corroborated,corroborated
d0e8667f59a3c5e2,9ff36b4897b22a4a,2024,401645373,UAB,attribution_only,dip_restore,0.0,corroborated,corroborated
d0f80130cfcec5b6,f37f42642378ff2c,2025,401761640,Marshall,attribution_only,dip_restore,0.0,game_unusable,cfbd_matches_neither
d0f815b8b7f44f2f,b7f2c5fdfcf20bc5,2024,401643830,Troy,attribution_only,dip_restore,0.0,cfbd_supports_baseline,cfbd_supports_baseline
d102eba091075304,9e6a9e43c5669173,2024,401644686,Ohio,attribution_only,dip_restore,0.0,corroborated,corroborated
d103e26491d3218b,29e7c3fcd22a6b2a,2023,401531385,Temple,attribution_only,dip_restore,0.0,corroborated,corroborated
d10d8266a372e76c,56c3c3a026dd35ef,2023,401532428,Ohio,attribution_only,dip_restore,0.0,corroborated,corroborated
d11ae8c83cf92cfc,00be1384dc94b2fe,2023,401520256,Akron,attribution_only,category_possession_reassignment,0.0,indistinguishable_at_drive_level,indistinguishable_at_drive_level
d1212f27e154dbf1,18b00184cdf7baa2,2021,401331160,Northern Illinois,attribution_only,dip_restore,0.0,corroborated,corroborated
d131bda68b83674d,18e6adf4fdbadd0d,2023,401532452,Ohio,attribution_only,final_cap,0.0,game_unusable,indistinguishable_at_drive_level
d14ec04570662a6e,0ca4366918a41616,2025,401757226,Western Kentucky,points_recovery,dip_restore,3.0,game_unusable,cfbd_supports_baseline
d16221f22e7c2f6a,2f964b37438d40cd,2024,401643775,South Alabama,attribution_only,dip_restore,0.0,corroborated,corroborated
d1632da506b72428,386288a20dc0bf54,2017,400935304,Stanford,attribution_only,dip_restore,0.0,corroborated,corroborated
d17857640284bf06,0515d9acddd106c4,2021,401308842,Kent State,attribution_only,dip_restore,0.0,game_unusable,corroborated
d1c712866d485f0d,f773cc0ca1f4e85e,2019,401112265,Boston College,attribution_only,dip_restore,0.0,corroborated,corroborated
d1cd82b8badf6333,caaba91c7ea3df94,2015,400787243,South Alabama,points_recovery,incomplete_stream,10.0,game_unusable,cfbd_matches_neither
d1ce31e6aa61f184,7d8d1825535e2f6a,2015,400763496,Rutgers,points_reduction,other,-1.0,game_unusable,cfbd_supports_baseline
d1d9162dd0352173,3c3b67c28cfa2b38,2015,400757015,UCLA,attribution_only,dip_restore,0.0,corroborated,corroborated
d1fa08e53116b85d,ba50c5c63016f259,2023,401525527,Wake Forest,attribution_only,dip_restore,0.0,game_unusable,cfbd_matches_neither
d206d6181614edc7,e8e5678bcf7bfae5,2021,401331213,Kent State,attribution_only,dip_restore,0.0,corroborated,corroborated
d21a8308c91248c8,e99e3b6f83cd7443,2022,401404066,Kent State,attribution_only,dip_restore,0.0,game_unusable,corroborated
d22b3ce255590134,6e25c99d4ab52a0e,2022,401403863,South Carolina,attribution_only,dip_restore,0.0,game_unusable,corroborated
d238bbd8fbca7aeb,36568a4cf7143d07,2024,401677094,Connecticut,attribution_only,dip_restore,0.0,game_unusable,corroborated
d23dd3a81f23eff7,d2f78e8732b67ad8,2024,401644749,Western Michigan,attribution_only,dip_restore,0.0,game_unusable,cfbd_matches_neither
d24f711dd94833f1,4124e17d1544ff20,2024,401637159,Portland State,attribution_only,dip_restore,0.0,corroborated,corroborated
d264abb169b82a2e,cfc10f09a80807d6,2022,401405134,Illinois,attribution_only,dip_restore,0.0,corroborated,corroborated
d26df62a56b32025,54bc182a1e2b3303,2025,401757233,Florida Atlantic,attribution_only,dip_restore,0.0,corroborated,corroborated
d2784c5ceaa87941,cc695b2e70a5d433,2022,401426383,James Madison,attribution_only,other,0.0,game_unusable,cfbd_matches_neither
d27c01986cd7ec0e,dedaff41e243dc72,2023,401525828,BYU,attribution_only,dip_restore,0.0,corroborated,corroborated
d2bd8964ba4a645d,2e161f35dad49492,2025,401752855,Penn State,attribution_only,dip_restore,0.0,game_unusable,indistinguishable_at_drive_level
d2e62be6078f7d1b,78ab97127849a568,2015,400763543,Nebraska,attribution_only,dip_restore,0.0,corroborated,corroborated
d2f7d11ef9f25171,1294dea9c0f87c30,2025,401752716,Vanderbilt,attribution_only,dip_restore,0.0,corroborated,corroborated
d302ca0da4adf610,20349e21425a5ad8,2025,401761591,Southeast Missouri State,points_reduction,category_possession_reassignment,-7.0,game_unusable,cfbd_supports_baseline
d307640b46e2990c,2d2e92bc548f7b53,2022,401426349,Georgia Southern,attribution_only,dip_restore,0.0,corroborated,corroborated
d360ee314cd82ad2,0794cd9025ece95b,2021,401309633,Appalachian State,points_recovery,other,1.0,game_unusable,corroborated
d375a8f1dce7fe85,adb9fe91abc9016a,2024,401628361,Texas,attribution_only,dip_restore,0.0,corroborated,corroborated
d3814aee36ca263d,ee0cf074eb7aa721,2025,401754558,Clemson,points_reduction,other,-3.0,game_unusable,cfbd_supports_baseline
d3a7c3cd9ab326f4,16316f43f55b6501,2025,401761597,Coastal Carolina,attribution_only,dip_restore,0.0,corroborated,corroborated
d3e84981654ac7a8,ecebc0ac49f23e4b,2021,401310253,Air Force,attribution_only,other,0.0,game_unusable,cfbd_matches_neither
d3efa63ace02dba9,81481c23f6ff7ebc,2023,401531878,Coastal Carolina,attribution_only,dip_restore,0.0,corroborated,corroborated
d3f009b20bd90768,9d315220f650e9ac,2024,401645347,Navy,attribution_only,dip_restore,0.0,corroborated,corroborated
d40e1685e51e4b8f,017105784b7ee783,2018,401013166,Syracuse,attribution_only,dip_restore,0.0,corroborated,corroborated
d427d4f7529df79b,42f0cc7d48bac45f,2021,401309858,Stanford,points_recovery,dip_restore,7.0,game_unusable,corroborated
d44c47903f9d170d,5d15ede337e35622,2024,401628568,Minnesota,attribution_only,dip_restore,0.0,corroborated,corroborated
d44ed3be12d0200b,8ff1256cf2c6a9a9,2025,401757230,Hawai_i,attribution_only,dip_restore,0.0,corroborated,corroborated
d46190555e20c750,bf5aee3f2d320b37,2017,400934558,Iowa State,attribution_only,dip_restore,0.0,corroborated,corroborated
d4994bedfbc2c0f5,b22213911ba81f35,2021,401282178,UTEP,attribution_only,dip_restore,0.0,game_unusable,corroborated
d4b5573a47f03cdd,739401c84b204af7,2024,401644769,Kent State,attribution_only,dip_restore,0.0,corroborated,corroborated
d51776f331706b23,e85534e903b26454,2021,401282681,Georgia Tech,attribution_only,dip_restore,0.0,game_unusable,cfbd_matches_neither
d52a06836fa841e1,4c70dafd1a31e1ce,2025,401762508,Memphis,attribution_only,dip_restore,0.0,game_unusable,corroborated
d52d02d11d084221,99f6e9f620a90b48,2024,401629041,Buffalo,points_recovery,incomplete_stream,27.0,game_unusable,cfbd_matches_neither
d52fa5097fda33dc,6af25fd1eaf423c0,2025,401752791,Vanderbilt,attribution_only,restoration_gt8,0.0,game_unusable,cfbd_matches_neither
d53b1fb50bb14581,9d061c72ffc58b13,2025,401754615,SMU,attribution_only,dip_restore,0.0,corroborated,corroborated
d54535574552c0b5,c0684084a037b95d,2015,400603920,Tennessee,attribution_only,dip_restore,0.0,game_unusable,corroborated
d5476b3c4ab1b5cf,30df18c20e9308a1,2024,401628551,Oregon,attribution_only,dip_restore,0.0,corroborated,corroborated
d5520ec38f52793b,0a8c13d1f71055d2,2023,401524058,Utah,attribution_only,dip_restore,0.0,corroborated,corroborated
d554f7d7ae520051,d579c7cc1a4d8851,2021,401282793,Purdue,attribution_only,dip_restore,0.0,corroborated,corroborated
d5694268473c6375,ab88d4f87301efab,2024,401644687,Miami (OH),attribution_only,dip_restore,0.0,corroborated,corroborated
d572b7f18d73e232,c3e67665486aade9,2021,401282149,Kentucky,attribution_only,dip_restore,0.0,corroborated,corroborated
d5863ba8c8ee9350,1f7e8cb2daa8a31b,2022,401404021,Oregon,attribution_only,dip_restore,0.0,game_unusable,cfbd_matches_neither
d5977ffa08f75da5,3388eea9f4bcbde4,2023,401520189,North Texas,attribution_only,dip_restore,0.0,game_unusable,cfbd_supports_baseline
d5aca9dd54aae589,9e9afdd3d9548dd0,2023,401551757,Kansas,attribution_only,dip_restore,0.0,corroborated,corroborated
d5b702cf94c1eb02,dab258a2f8b1684d,2022,401403941,Florida,attribution_only,dip_restore,0.0,corroborated,corroborated
d5cb9d680034cdae,b4fc6a2362fc6226,2015,400756886,Eastern Washington,attribution_only,dip_restore,0.0,corroborated,corroborated
d5ec81483ca86970,2b8aa2eca2a00ef3,2024,401677093,Texas A&M,attribution_only,dip_restore,0.0,game_unusable,corroborated
d60c66b1025ad610,ea73c12a5293c56e,2023,401532608,Fresno State,attribution_only,dip_restore,0.0,game_unusable,cfbd_matches_neither
d613ab1892b114dd,f0ba3676c65ea128,2017,400935299,Stanford,attribution_only,dip_restore,0.0,corroborated,corroborated
d6256afe19f17a42,10e610d04e6be520,2021,401282663,Florida State,attribution_only,dip_restore,0.0,corroborated,corroborated
d63757fbe1001e2e,8b7f10dea50a7236,2023,401520349,UMass,attribution_only,dip_restore,0.0,corroborated,corroborated
d638edd8cd86aa07,0a553e268d901fa3,2023,401525546,Louisville,points_recovery,incomplete_stream,14.0,game_unusable,cfbd_matches_neither
d656a0551f984977,314338165625fa3d,2022,401404086,Oklahoma,attribution_only,dip_restore,0.0,corroborated,corroborated
d6853eec57fb10c7,edd78fd827d2c87c,2025,401761667,Texas State,attribution_only,dip_restore,0.0,game_unusable,cfbd_matches_neither
d6b3d1b3b119efdf,76ac56c56ba1b943,2016,400869123,Boise State,attribution_only,dip_restore,0.0,game_unusable,corroborated
d6c7d3e3860f3f11,88c324c097340ec5,2021,401309897,Arizona State,attribution_only,dip_restore,0.0,corroborated,corroborated
d6f4b574d116e354,e19335b90b280d36,2016,400869307,Northern Illinois,points_recovery,dip_restore,7.0,game_unusable,corroborated
d6f4e4468626a2cc,eef9d59c926dd3ec,2021,401310701,North Dakota,points_recovery,incomplete_stream,9.0,game_unusable,cfbd_matches_neither
d6fcf85ca35c5364,9af0c9eae9258749,2021,401287947,West Virginia,attribution_only,dip_restore,0.0,corroborated,corroborated
d705b8f72b220ad4,5da485d4deae8268,2021,401282667,Georgia Tech,attribution_only,dip_restore,0.0,game_unusable,cfbd_matches_neither
d713620c9068b3a7,d3ef3a6b986f530c,2021,401282252,North Texas,attribution_only,category_possession_reassignment,0.0,corroborated,corroborated
d71812893469accd,920a8fedbb3c3d51,2018,401019511,Connecticut,attribution_only,dip_restore,0.0,game_unusable,cfbd_matches_neither
d72faef749027eae,ad2e8575a5479092,2021,401310743,Fresno State,attribution_only,dip_restore,0.0,corroborated,corroborated
d73436679c8debd0,00f00377f69b893b,2015,400757061,Oregon,attribution_only,dip_restore,0.0,game_unusable,corroborated
d738fc711f244fbb,df22d465ef0ede0a,2021,401282058,Auburn,attribution_only,dip_restore,0.0,corroborated,corroborated
d7762f191e424c57,f2d3c9d1ca8e15bd,2021,401319455,South Carolina State,attribution_only,final_cap,0.0,game_unusable,indistinguishable_at_drive_level
d785d4875e937bdf,1f1f8c3703700d72,2023,401525881,Cincinnati,attribution_only,dip_restore,0.0,corroborated,corroborated
d78c22f1e2055b21,7be70df30322e931,2016,400869366,Marshall,attribution_only,dip_restore,0.0,game_unusable,corroborated
d796c14f010ec83a,d5378bd244bc77c4,2021,401309633,Arkansas State,points_recovery,other,1.0,game_unusable,corroborated
d799619347e29913,df57bb781d099148,2025,401756890,Arkansas State,attribution_only,final_cap,0.0,game_unusable,cfbd_matches_neither
d7a546120cbd1b4e,bbbfffda4484fb5a,2025,401752730,Mississippi State,attribution_only,dip_restore,0.0,game_unusable,indistinguishable_at_drive_level
d7cffc66af51c05f,9f8b49a48a4ef987,2021,401308834,Miami (OH),attribution_only,dip_restore,0.0,game_unusable,cfbd_matches_neither
d7d6289ed95261d9,8012940f4d71ecdb,2025,401760384,New Mexico,attribution_only,dip_restore,0.0,corroborated,corroborated
d7d8adc51d435031,6138f1eb8a3b8892,2024,401645358,UAB,attribution_only,dip_restore,0.0,corroborated,corroborated
d7e5bf1afa86515e,1ed7f8a84e4c11d5,2021,401309647,Texas State,attribution_only,dip_restore,0.0,game_unusable,cfbd_supports_baseline
d82fd7473d91462c,5565ea76716a5a0d,2025,401757228,Missouri State,attribution_only,dip_restore,0.0,game_unusable,cfbd_matches_neither
d84681c700a73470,50f10678f03fed9d,2022,401426546,Florida Atlantic,points_recovery,incomplete_stream,35.0,game_unusable,cfbd_matches_neither
d85ad45177edbcf4,03cc054967bea88f,2021,401287893,Texas State,attribution_only,final_cap,0.0,game_unusable,cfbd_matches_neither
d86637dfc22b79b1,5a58419196aa7406,2021,401282732,Minnesota,attribution_only,dip_restore,0.0,corroborated,corroborated
d8680606ffdd618e,0414b41bda1d96e6,2022,401426332,Gardner-Webb,attribution_only,dip_restore,0.0,game_unusable,corroborated
d86b74e8c7f71626,7be8f04ad54afa8a,2018,401014981,Appalachian State,attribution_only,dip_restore,0.0,game_unusable,cfbd_matches_neither
d8acce6190e14918,a0bbe9d31268e854,2024,401628531,Penn State,attribution_only,dip_restore,0.0,game_unusable,cfbd_matches_neither
d8b1c5ea32050d64,8cb7a4ea7f6da6d0,2023,401531422,Florida A&M,attribution_only,dip_restore,0.0,corroborated,corroborated
d8c90a4190b13b84,ab43d945b1861701,2023,401520162,Michigan,attribution_only,dip_restore,0.0,corroborated,corroborated
d8d1b292493cc669,d7694d43c1e5bce2,2021,401282702,Pittsburgh,attribution_only,dip_restore,0.0,corroborated,corroborated
d8f3fb55ab77ef33,bbf18b78f5b9a452,2021,401282816,Ball State,attribution_only,category_possession_reassignment,0.0,game_unusable,cfbd_matches_neither
d8fbfafbb14bdf56,05c1b5fe2cfafc47,2021,401286187,Fresno State,attribution_only,dip_restore,0.0,corroborated,corroborated
d92f2941346eff1a,15a52f91c7ba904d,2017,400945269,San Jose State,attribution_only,dip_restore,0.0,corroborated,corroborated
d933612417f90038,2bd05c161ccb4b1b,2022,401405095,Ohio State,attribution_only,dip_restore,0.0,corroborated,corroborated
d94d9e5f309a00d0,11cca182be0bae09,2021,401301030,Tulsa,attribution_only,dip_restore,0.0,game_unusable,corroborated
d96beb49af3ef95b,7d31248c0794357b,2022,401404066,Oklahoma,points_recovery,incomplete_stream,14.0,game_unusable,cfbd_matches_neither
d977ba511b1572b0,26ae2b533f6b66c0,2025,401762491,North Texas,attribution_only,dip_restore,0.0,corroborated,corroborated
d9a0ebe6de16827a,a588f702979ca518,2024,401640989,New Mexico State,attribution_only,dip_restore,0.0,game_unusable,corroborated
d9a8c30470a2466e,1a90045195de55cf,2021,401282731,Indiana,attribution_only,dip_restore,0.0,corroborated,corroborated
d9b3592aa3bfa0a0,d4d56c1976649fda,2024,401628481,Minnesota,points_recovery,incomplete_stream,21.0,corroborated,corroborated
d9c36c760c7c0d14,1c9939f442e8793b,2025,401760371,UNLV,points_recovery,restoration_gt8,4.0,game_unusable,cfbd_matches_neither
d9dc74549bcee7e1,bcd3fe9f6469ec30,2023,401531847,Jackson State,attribution_only,dip_restore,0.0,corroborated,corroborated
d9e58d816c3cc8ae,0e8e4514ddbfcae5,2016,400868981,TCU,attribution_only,dip_restore,0.0,corroborated,corroborated
d9fc42612fd73721,bc11424f020766cb,2021,401327913,Fordham,attribution_only,dip_restore,0.0,game_unusable,cfbd_matches_neither
da0077246492c101,c5f8653da485b03b,2017,400941811,Temple,attribution_only,category_possession_reassignment,0.0,game_unusable,cfbd_matches_neither
da0302d659bea797,a1c98d09b4baa6c7,2025,401762793,Holy Cross,attribution_only,dip_restore,0.0,corroborated,corroborated
da12d19c892a1804,fd72d79c7ccedfcc,2015,400763596,Old Dominion,attribution_only,dip_restore,0.0,corroborated,corroborated
da29365bf4a91bc6,98989ad3ab4e419d,2025,401752775,Tennessee,attribution_only,dip_restore,0.0,indistinguishable_at_drive_level,indistinguishable_at_drive_level
da29f192c71a1544,53ae5e6ce0974abf,2023,401520218,Western Kentucky,points_reduction,category_possession_reassignment,-7.0,game_unusable,cfbd_supports_baseline
da54c71fddc460df,a6603a9b54ee1e73,2015,400603893,Florida,attribution_only,dip_restore,0.0,game_unusable,cfbd_matches_neither
da5a4b30daac48b8,af00e23cef35f22b,2021,401309585,Toledo,attribution_only,dip_restore,0.0,corroborated,corroborated
da5e4891bd3f9bc3,ae80b09c98c0f4ff,2024,401645344,UT San Antonio,attribution_only,dip_restore,0.0,corroborated,corroborated
da5f347713787ef8,b18d8035e64ec2a3,2024,401634767,Miami,attribution_only,dip_restore,0.0,corroborated,corroborated
da6dcc2d93d1bc4d,25cc4770d0a01f86,2018,401013101,Louisville,attribution_only,dip_restore,0.0,corroborated,corroborated
da6e113b06db035f,683c1b19bb16aa89,2021,401282249,Florida Atlantic,points_recovery,incomplete_stream,13.0,game_unusable,cfbd_matches_neither
da87607b453a837d,ff5efc565c53887a,2023,401525890,Oklahoma,attribution_only,dip_restore,0.0,game_unusable,cfbd_matches_neither
da8845b1ca1caa4e,48a0c10737a34421,2025,401754541,Florida State,attribution_only,dip_restore,0.0,corroborated,corroborated
da9281d514ea0bb5,ed5649b318029d07,2021,401309882,Oregon State,attribution_only,final_cap,0.0,game_unusable,cfbd_matches_neither
daa0ca52a3ff5d59,bdf53fd015d48b62,2017,400945286,UNLV,attribution_only,dip_restore,0.0,game_unusable,corroborated
daa0f11cabad8e71,ec05998e59c7d02b,2021,401282182,Florida International,attribution_only,dip_restore,0.0,game_unusable,cfbd_matches_neither
dab99b7fcf74ce32,afbada44567a9928,2023,401532581,Utah State,attribution_only,dip_restore,0.0,corroborated,corroborated
dac5e8153a96ae00,018fcbcdd0167324,2023,401520293,Missouri,attribution_only,dip_restore,0.0,corroborated,corroborated
dae33a98bb4e6691,0475509f1db0325e,2025,401752816,Boston College,points_recovery,restoration_gt8,10.0,game_unusable,cfbd_matches_neither
dae4ef1194200f9f,b1bff912c88564e6,2024,401641023,Middle Tennessee,attribution_only,dip_restore,0.0,corroborated,corroborated
daec1adaff6066ee,8495b427de619427,2021,401282634,Boston College,attribution_only,dip_restore,0.0,corroborated,corroborated
daf15b525c823d86,05fce2ea902d7142,2025,401762816,Bryant,points_recovery,dip_restore,3.0,game_unusable,cfbd_matches_neither
daf4ee5d31f15edc,9b5f4d306a91e62b,2016,400869113,Nebraska,attribution_only,dip_restore,0.0,game_unusable,corroborated
db0ac61aed69e4de,44b9e1bc5554b075,2025,401752886,Oregon,attribution_only,dip_restore,0.0,indistinguishable_at_drive_level,indistinguishable_at_drive_level
db1283cf01c19a1b,f086a55976bf6b6a,2015,400763595,Ohio,attribution_only,dip_restore,0.0,corroborated,corroborated
db40d81371ad0004,2077efd1934139d1,2025,401754534,Tulane,attribution_only,dip_restore,0.0,corroborated,corroborated
db4334509c5f2d1f,dcedf9fa073d9aa1,2024,401635571,SMU,attribution_only,dip_restore,0.0,corroborated,corroborated
db64875628d6c805,562d7294d3773b00,2023,401520420,Abilene Christian,attribution_only,category_possession_reassignment,0.0,game_unusable,cfbd_matches_neither
db99cbfb2970cf57,0f6bbb82f810b20c,2023,401520270,Texas A&M,attribution_only,dip_restore,0.0,game_unusable,cfbd_matches_neither
db9e6e4994719a14,93c5afeaeff09df9,2023,401532444,Northern Illinois,attribution_only,dip_restore,0.0,corroborated,corroborated
dbad9ff69bd87038,82a20c424506156a,2015,400756961,Virginia Tech,attribution_only,other,0.0,game_unusable,cfbd_matches_neither
dbb2672bf0b09515,322f1dc6a4587ed6,2025,401761639,Texas State,attribution_only,dip_restore,0.0,indistinguishable_at_drive_level,indistinguishable_at_drive_level
dbcab78bbbf292dc,987d5ee2258ab355,2024,401641017,San Jose State,points_reduction,dip_restore,-1.0,game_unusable,cfbd_supports_baseline
dc3e7128447acda1,3708b15bd06d55aa,2021,401300997,Nicholls,attribution_only,dip_restore,0.0,corroborated,corroborated
dc5ba6a6a1de5499,a4c8fdf60eb6b805,2024,401636898,BYU,attribution_only,dip_restore,0.0,game_unusable,cfbd_matches_neither
dc5f1859082a6d36,da6b9c4ae1953df5,2025,401757225,UTEP,attribution_only,dip_restore,0.0,game_unusable,cfbd_supports_baseline
dc6a981455ae1ab0,f22252c849bab98d,2016,400869281,Bowling Green,points_recovery,incomplete_stream,21.0,game_unusable,corroborated
dc7979ab113055e7,fb2e44bf1e214b8c,2021,401282646,Virginia,attribution_only,dip_restore,0.0,corroborated,corroborated
dc8b71a625cc94b6,d20ccd6d5b627954,2021,401282820,Purdue,attribution_only,dip_restore,0.0,corroborated,corroborated
dc8f15ce78c4f370,5368895232ba69e5,2025,401762847,UMass,attribution_only,dip_restore,0.0,indistinguishable_at_drive_level,indistinguishable_at_drive_level
dc941887d5f1b5cc,122e3138103baeaf,2024,401644690,Northern Illinois,attribution_only,dip_restore,0.0,corroborated,corroborated
dc9e975c9b5f0395,fc37699c16ac91e5,2015,400787277,Hawai_i,attribution_only,incomplete_stream,0.0,game_unusable,cfbd_matches_neither
dcdb9344f3e22a7d,8dae513780b16211,2021,401287923,TCU,attribution_only,dip_restore,0.0,game_unusable,cfbd_supports_baseline
dcede7513b7a9e9f,bccc0ae4187945dc,2017,400933936,LSU,attribution_only,category_possession_reassignment,0.0,corroborated,corroborated
dd1771c7caddadd9,5e77e182c990c24c,2024,401643824,Coastal Carolina,attribution_only,dip_restore,0.0,corroborated,corroborated
dd1f23f5477f7ec9,9de6b53c0b9fa8b9,2021,401309557,Texas State,attribution_only,dip_restore,0.0,corroborated,corroborated
dd325cee27d1bb34,6ba378e5dc46bf60,2022,401426611,UT San Antonio,attribution_only,dip_restore,0.0,corroborated,corroborated
dd4935ec1e3ddcf5,62d9984e9fa2dc77,2016,400869287,Memphis,attribution_only,dip_restore,0.0,corroborated,corroborated
dd54abbc798485a5,43b102dc683ea78e,2022,401416650,Eastern Michigan,attribution_only,dip_restore,0.0,corroborated,corroborated
ddaeebea4bd8ff28,25fa0d9e1143b291,2023,401532431,Western Michigan,attribution_only,dip_restore,0.0,corroborated,corroborated
ddba5010b551cb63,11c18b5a112be80f,2022,401414780,UMass,attribution_only,dip_restore,0.0,game_unusable,cfbd_matches_neither
ddbf8143ef03f713,d4297815ca258ed1,2025,401752790,Clemson,attribution_only,category_possession_reassignment,0.0,game_unusable,cfbd_matches_neither
ddecdbb13b7b14c1,5e95a9ced0c52176,2022,401411147,Georgia Tech,attribution_only,dip_restore,0.0,corroborated,corroborated
ddef6ec33d3ae899,cb926ca1ce8e3996,2016,400869319,Central Michigan,attribution_only,dip_restore,0.0,game_unusable,corroborated
de0e3dbbb301a7ff,448f05d1a8f1b9cd,2017,400941849,UCF,attribution_only,dip_restore,0.0,game_unusable,corroborated
de11cd7033450870,45d093bb0179fc1b,2023,401532617,Colorado State,attribution_only,dip_restore,0.0,game_unusable,corroborated
de1bed9a29e8bd9e,e20a733313802f51,2025,401754582,Pittsburgh,attribution_only,dip_restore,0.0,game_unusable,cfbd_matches_neither
de21f9cbad90496a,50b02f8074c8bb97,2021,401282681,Miami,attribution_only,dip_restore,0.0,game_unusable,corroborated
de3aeaaa1a2f1c79,3b7e5cfa2464211b,2017,400937517,Georgia Tech,attribution_only,dip_restore,0.0,corroborated,corroborated
de3ca2139afb88f2,0751efd5203a1a4c,2019,401117553,San Jose State,attribution_only,other,0.0,game_unusable,cfbd_matches_neither
de53ed2b59dc2250,377f52385ac80038,2024,401635624,North Carolina,attribution_only,dip_restore,0.0,game_unusable,cfbd_matches_neither
de6d61d2fb9a3117,27b80d25358f599e,2022,401411175,Pittsburgh,attribution_only,dip_restore,0.0,corroborated,corroborated
de7dc259e6eccb71,673be2dbbedc9776,2025,401754532,Syracuse,attribution_only,dip_restore,0.0,corroborated,corroborated
de8f6cd16e3a118e,9bd09a14f877ed75,2021,401282271,Louisiana Tech,points_reduction,category_possession_reassignment,-7.0,game_unusable,cfbd_supports_baseline
de92cf66ff4dcdda,49681b31c682bd6d,2023,401532440,Eastern Michigan,attribution_only,final_cap,0.0,game_unusable,indistinguishable_at_drive_level
deb87285692b1cd3,fe1064b1ee9c7ab7,2019,401114196,Oregon,attribution_only,dip_restore,0.0,corroborated,corroborated
dec9307791a875dc,1910e92538d63d64,2021,401282201,Old Dominion,attribution_only,dip_restore,0.0,corroborated,corroborated
ded79c112c0978f4,d242454305d27998,2022,401403960,Louisville,points_recovery,dip_restore,2.0,game_unusable,cfbd_matches_neither
dee93340569cff9a,d8f3c39d336ca074,2021,401309574,Eastern Michigan,points_recovery,incomplete_stream,18.0,game_unusable,corroborated
def6eb4f959bd547,b295a5c5595d5c8a,2025,401752699,Florida,attribution_only,dip_restore,0.0,corroborated,corroborated
df0c2d3bdf5422ba,d772e7df7c2d498a,2017,400933894,Auburn,points_recovery,dip_restore,7.0,game_unusable,cfbd_supports_baseline
df2788b69c12ad39,4c7f8904f3b36737,2025,401761616,Arkansas State,points_recovery,dip_restore,3.0,game_unusable,cfbd_supports_baseline
df2ab887a069ba04,139fd156569042f7,2023,401520430,Georgia,attribution_only,dip_restore,0.0,corroborated,corroborated
df5b57d8592a57bc,84fd6e8e753ff017,2022,401411151,Boston College,attribution_only,dip_restore,0.0,corroborated,corroborated
df693e30747cfc19,0bb5894fe15236af,2025,401752903,Penn State,attribution_only,category_possession_reassignment,0.0,corroborated,corroborated
df9969397b741998,27d048f139f205e2,2025,401757294,New Mexico State,attribution_only,dip_restore,0.0,game_unusable,cfbd_matches_neither
df99d738d58e3386,a001850f30424bbb,2024,401628512,Iowa,attribution_only,dip_restore,0.0,corroborated,corroborated
dfac263efa607f4f,749e427df3967375,2025,401752725,Vanderbilt,attribution_only,dip_restore,0.0,corroborated,corroborated
dfac5eb91df0bb62,555b6ecfe4164c70,2021,401282753,Indiana,attribution_only,category_possession_reassignment,0.0,game_unusable,cfbd_matches_neither
dfcc2deb48e95275,5a274e600561885f,2023,401525467,Old Dominion,points_recovery,incomplete_stream,17.0,game_unusable,cfbd_matches_neither
dfd1c6d653bf7419,eecee50df237c5cc,2022,401426373,Appalachian State,attribution_only,dip_restore,0.0,game_unusable,cfbd_matches_neither
e0009c9b727dc6ce,77c42a307d658e39,2021,401309908,Oregon,attribution_only,dip_restore,0.0,corroborated,corroborated
e0085accc71a0550,f35bf575e1f8c733,2019,401112455,Furman,attribution_only,dip_restore,0.0,corroborated,corroborated
e01209d394c37f50,a5f40836c19fe2aa,2021,401282184,SE Louisiana,points_recovery,incomplete_stream,36.0,game_unusable,cfbd_matches_neither
e012cd476274a4e8,708671ac869a2c4f,2021,401287912,Iowa State,attribution_only,dip_restore,0.0,corroborated,corroborated
e01c48a8ddcb7f13,cc0b5de035d69873,2022,401416598,Eastern Michigan,attribution_only,dip_restore,0.0,game_unusable,cfbd_matches_neither
e03d91a47441fbb4,42b618cec9d9c455,2024,401635532,Clemson,attribution_only,dip_restore,0.0,corroborated,corroborated
e05ed3d415fc600e,758418e4c03946af,2025,401752918,Minnesota,attribution_only,dip_restore,0.0,game_unusable,cfbd_matches_neither
e061093d5541fe92,557645994335424c,2019,401119274,Buffalo,attribution_only,dip_restore,0.0,game_unusable,cfbd_matches_neither
e0666ab8430d9af3,778ef955187b8d39,2024,401644754,Bowling Green,attribution_only,category_possession_reassignment,0.0,game_unusable,cfbd_matches_neither
e0689ec29e571bd6,63c15192b4ae30b4,2025,401757269,Jacksonville State,attribution_only,dip_restore,0.0,corroborated,corroborated
e069b5584162ec55,421e0acd05f8bd7e,2024,401645342,UAB,attribution_only,dip_restore,0.0,game_unusable,cfbd_matches_neither
e07845cd1a9d5433,da35c7df5533e6e4,2025,401752867,Nebraska,attribution_only,dip_restore,0.0,corroborated,corroborated
e07d2e8615991680,aed8eb0846c641a8,2025,401756895,Utah,attribution_only,dip_restore,0.0,corroborated,corroborated
e09cb3721b74fbe4,752aba1ef39ca96b,2019,401112154,Michigan State,attribution_only,dip_restore,0.0,game_unusable,corroborated
e0b8d2e0c9e3a944,2b403ec02619d649,2025,401752898,Iowa,attribution_only,category_possession_reassignment,0.0,game_unusable,cfbd_matches_neither
e0bd77d326bbb394,c7407049533dde98,2022,401404046,UCLA,attribution_only,final_cap,0.0,game_unusable,indistinguishable_at_drive_level
e0c05478b357e473,f855e951e397ccb5,2021,401310756,Hawai_i,attribution_only,dip_restore,0.0,corroborated,corroborated
e0cda974bf7bbcb9,469f70f0f8f2db80,2023,401531423,Rice,attribution_only,final_cap,0.0,game_unusable,cfbd_matches_neither
e0d277ee673f9c1a,f22e2a55beb55695,2019,401114292,UT San Antonio,attribution_only,dip_restore,0.0,game_unusable,cfbd_matches_neither
e0e69f9951c66f4d,1cb4e71678c7b8b9,2022,401426584,Florida International,attribution_only,dip_restore,0.0,corroborated,corroborated
e0e8f481e3e42cb5,aa78610904c4f0f6,2022,401404059,Texas,attribution_only,dip_restore,0.0,corroborated,corroborated
e0ed493399ff83d9,eb0d8730685cca63,2017,400934539,Oklahoma,attribution_only,dip_restore,0.0,game_unusable,corroborated
e116c295eecbce5f,f6e06f7f8fc66eeb,2021,401309840,Utah State,attribution_only,dip_restore,0.0,game_unusable,corroborated
e11d2be4f1c19b85,37aed31d14ec71a3,2015,400603908,Arkansas,points_recovery,dip_restore,8.0,cfbd_matches_neither,cfbd_matches_neither
e153c79b8774e63a,c9624f9718b530e1,2021,401282221,UAB,attribution_only,dip_restore,0.0,corroborated,corroborated
e15cb624c1567757,130e422f1073f9d2,2025,401754575,Syracuse,attribution_only,dip_restore,0.0,game_unusable,cfbd_matches_neither
e16c7d3549d90875,4daa79f335bc7444,2022,401415245,Nevada,attribution_only,final_cap,0.0,game_unusable,cfbd_matches_neither
e18b0c031d61f851,473fd43e44f5efd5,2023,401525874,Kansas,points_reduction,category_possession_reassignment,-12.0,game_unusable,cfbd_matches_neither
e1aed7e003ab7202,cd5f361abe4a6bef,2021,401310731,Hawai_i,attribution_only,category_possession_reassignment,0.0,game_unusable,cfbd_matches_neither
e1b98aa328db1660,7c13ee4b7594e9c4,2015,400852729,Louisville,attribution_only,dip_restore,0.0,corroborated,corroborated
e1ce8a5d8a2172e9,cd43fd1992bc9613,2016,400928102,Air Force,attribution_only,dip_restore,0.0,corroborated,corroborated
e1e0fd695710d7d5,c16257233c576210,2024,401636882,Kansas,attribution_only,dip_restore,0.0,corroborated,corroborated
e206f467c61f47de,c8673cd84e3da09b,2018,401016406,McNeese,attribution_only,dip_restore,0.0,corroborated,corroborated
e216c6a157f63b6a,52c97df1bd17c7e3,2024,401641014,Louisiana Tech,attribution_only,dip_restore,0.0,corroborated,corroborated
e21c0024d2ff820b,f86bed944fb010bb,2022,401405118,Maryland,attribution_only,dip_restore,0.0,corroborated,corroborated
e21ec65c602cccd1,14a504110f0c5215,2015,400787419,Troy,attribution_only,dip_restore,0.0,corroborated,corroborated
e226eb4cec489fef,526dd97d3167c5ac,2022,401411126,Duke,points_recovery,incomplete_stream,38.0,game_unusable,cfbd_matches_neither
e24bc02e552905b6,4ab14b20325c13fa,2023,401520256,Indiana,attribution_only,category_possession_reassignment,0.0,indistinguishable_at_drive_level,indistinguishable_at_drive_level
e264f10330ed02c4,bffe56bece12fc2b,2022,401426345,Texas State,attribution_only,dip_restore,0.0,corroborated,corroborated
e27fdf6fd59df314,76bb9ae8524960e9,2024,401636938,Colorado,attribution_only,dip_restore,0.0,corroborated,corroborated
e29ca1c57957fffd,83f50f4eb84a3acb,2021,401287895,Baylor,points_recovery,dip_restore,7.0,game_unusable,cfbd_supports_baseline
e2b6766541ae4348,0cb5cdfe891a2e28,2025,401752919,USC,attribution_only,dip_restore,0.0,indistinguishable_at_drive_level,indistinguishable_at_drive_level
e2e8ba3d59ec8dc1,7a01e116f4cd167b,2022,401405083,Northwestern,attribution_only,dip_restore,0.0,game_unusable,corroborated
e2fb18f5c3454cd0,442de0abbfd64239,2021,401282725,Cincinnati,attribution_only,dip_restore,0.0,game_unusable,corroborated
e306f98319bf5fe1,dda13718b938709b,2024,401628476,Indiana,attribution_only,dip_restore,0.0,corroborated,corroborated
e34019ca84fc7e39,f1c19756e9d193d0,2019,401119278,Western Michigan,attribution_only,dip_restore,0.0,corroborated,corroborated
e34d13e81740887c,4a9d120f8ae640a1,2024,401628551,Wisconsin,attribution_only,dip_restore,0.0,corroborated,corroborated
e38e80ca0c51a23d,e25ef50f6d7def6c,2017,400934539,Oklahoma,attribution_only,dip_restore,0.0,game_unusable,cfbd_matches_neither
e3c3a0a7fb497999,48e0aa88123a9d42,2025,401752670,Toledo,attribution_only,dip_restore,0.0,corroborated,corroborated
e3c5a41a3187f75d,1cf359dc4f2b0475,2017,400933897,Missouri,attribution_only,dip_restore,0.0,game_unusable,corroborated
e3d1c9ac8132fc2a,808193d1d8682ad5,2024,401635570,Georgia Tech,attribution_only,dip_restore,0.0,corroborated,corroborated
e3ddbafe9c8d465d,e7a18bf0e7c717cd,2024,401643707,Sacramento State,attribution_only,dip_restore,0.0,corroborated,corroborated
e3e43aecf6ebef11,41fe9d78057eb3ae,2024,401645380,Florida Atlantic,attribution_only,dip_restore,0.0,corroborated,corroborated
e40c1e5b26bc787d,c94321f6fd30a122,2016,400869428,Liberty,attribution_only,incomplete_stream,0.0,game_unusable,cfbd_matches_neither
e434b969566d4bfe,160b2dad3fe797b2,2022,401404124,Ohio State,attribution_only,dip_restore,0.0,corroborated,corroborated
e4375d5fd0dc0c06,b9995d6a1cc898d0,2022,401404022,Arizona,attribution_only,dip_restore,0.0,corroborated,corroborated
e43d09e484d68280,49c00b8d8b6d2a9b,2023,401531383,UAB,attribution_only,dip_restore,0.0,corroborated,corroborated
e4452de3f4a25b74,86a03317d1abb292,2025,401762829,Central Michigan,attribution_only,final_cap,0.0,game_unusable,cfbd_matches_neither
e46b2b3ed2962de9,cea76ca762db18d7,2023,401531380,UAB,attribution_only,dip_restore,0.0,corroborated,corroborated
e46c643c255d87de,5fa551f858b4a982,2024,401628561,UCLA,attribution_only,dip_restore,0.0,game_unusable,cfbd_matches_neither
e47196b8d6377a4a,65407896b3a3e11b,2023,401520264,Northwestern,attribution_only,restoration_gt8,0.0,game_unusable,cfbd_supports_baseline
e48a54966693f325,a4314839b6a8aaeb,2024,401636380,Louisiana,attribution_only,dip_restore,0.0,corroborated,corroborated
e4a893d37b998189,9c607e954dc28f8f,2018,401021683,Appalachian State,attribution_only,dip_restore,0.0,game_unusable,indistinguishable_at_drive_level
e4b223f1cf386eb1,48ded58b5ea490bb,2022,401416610,Miami (OH),points_recovery,incomplete_stream,20.0,game_unusable,cfbd_matches_neither
e4bcaa45000da42b,1e551d2209169635,2025,401752730,Texas A&M,attribution_only,final_cap,0.0,game_unusable,indistinguishable_at_drive_level
e4c1401cb0f77f94,e4e2c0588f999246,2021,401301002,Murray State,attribution_only,dip_restore,0.0,game_unusable,corroborated
e4d9a2ae70221fbd,2fd6f45721f3b234,2019,401117533,Wyoming,attribution_only,dip_restore,0.0,corroborated,corroborated
e4f4ef90c1231cc3,f1de83ecb76caa8f,2021,401282194,Middle Tennessee,points_recovery,dip_restore,13.0,game_unusable,corroborated
e503b65ff4914515,89a051b02d678fe4,2018,401013328,New Mexico State,attribution_only,dip_restore,0.0,game_unusable,corroborated
e515e3708175cbe5,eb92efa2dfb4199e,2021,401310751,UNLV,attribution_only,dip_restore,0.0,corroborated,corroborated
e55a84206e86cf83,dded1a3eb8b83bac,2025,401757258,Middle Tennessee,attribution_only,dip_restore,0.0,corroborated,corroborated
e5642de2c17ca139,aef85633006e0bdd,2025,401752794,Ohio,attribution_only,dip_restore,0.0,game_unusable,cfbd_supports_baseline
e56ba52661a27069,998aaaff4e26d968,2022,401405089,Rutgers,attribution_only,dip_restore,0.0,corroborated,corroborated
e571a2a357bae93c,a5dce513454cf7c8,2022,401426602,UAB,attribution_only,dip_restore,0.0,game_unusable,corroborated
e59e5cb4b5eeeaed,277ba9a3ecc73488,2022,401426593,Charlotte,points_recovery,incomplete_stream,30.0,game_unusable,cfbd_matches_neither
e59fd032f8847a7c,4b21deef7a484276,2022,401426339,Gardner-Webb,attribution_only,dip_restore,0.0,corroborated,corroborated
e5dae81f083cf1a3,233aac144923deaa,2021,401309591,Central Michigan,points_recovery,incomplete_stream,11.0,game_unusable,cfbd_matches_neither
e5eaf45644c06552,a2be05b3fded472e,2022,401404049,Stanford,attribution_only,dip_restore,0.0,game_unusable,cfbd_matches_neither
e604614eebb21420,8a0e931fd912d926,2025,401762792,Kent State,points_recovery,dip_restore,7.0,game_unusable,cfbd_matches_neither
e642cbaec0fd3532,b64dfbf2b2ba1bdb,2024,401673470,Marshall,attribution_only,dip_restore,0.0,corroborated,corroborated
e666d7fd0ce90efc,04a1b3d30138c3bc,2022,401426601,Rice,attribution_only,dip_restore,0.0,corroborated,corroborated
e673c015df2921e2,663050ed3c75de0e,2021,401309610,Louisiana,attribution_only,dip_restore,0.0,corroborated,corroborated
e698df7dd196f338,d790100dd74bec76,2023,401551767,Iowa State,attribution_only,incomplete_stream,0.0,game_unusable,cfbd_matches_neither
e6ac7e42345b37fc,c98b1d6b111ab016,2017,400944987,San Diego State,attribution_only,dip_restore,0.0,game_unusable,corroborated
e6bfdd3a7c725729,8675a28db704a347,2021,401282701,Miami,points_recovery,incomplete_stream,44.0,game_unusable,cfbd_matches_neither
e6eb4889eb7d5115,d1276a08dee4de84,2021,401282801,Purdue,attribution_only,category_possession_reassignment,0.0,game_unusable,cfbd_matches_neither
e70afafb07c15207,7d64d456b55b28a1,2021,401309554,Western Michigan,attribution_only,dip_restore,0.0,corroborated,corroborated
e71e2080c0657ec6,e9b1993f5e317456,2023,401525520,North Carolina,attribution_only,dip_restore,0.0,game_unusable,cfbd_matches_neither
e724db9ea7070dfe,0040bac52d18ebb0,2024,401643753,UNLV,attribution_only,dip_restore,0.0,game_unusable,cfbd_matches_neither
e737c3d5d84f39f3,75d2c19f19aefcfa,2018,401014998,Rice,points_recovery,incomplete_stream,22.0,game_unusable,cfbd_matches_neither
e753be4d49dbced5,0ab8e032e25bf513,2022,401426345,Texas State,attribution_only,dip_restore,0.0,corroborated,corroborated
e753ff2b6dfb02ca,788c6d7a2eb9ced1,2021,401282270,Middle Tennessee,points_recovery,incomplete_stream,25.0,game_unusable,corroborated
e75fe90e38281349,c0d01abc9cd7e3f5,2022,401426560,Georgia Southern,attribution_only,dip_restore,0.0,game_unusable,cfbd_matches_neither
e7681b7ff7849c37,0dc9d524622cb8bc,2023,401532424,Ohio,attribution_only,dip_restore,0.0,corroborated,corroborated
e77755e5c7b4415d,a94169b0dfa198be,2021,401309618,Georgia State,attribution_only,dip_restore,0.0,corroborated,corroborated
e7795bf30774221e,1eb992d33bd8ad9f,2025,401752814,USC,attribution_only,dip_restore,0.0,corroborated,corroborated
e77a1905f723980f,5af9bacc715425ae,2021,401309549,Ball State,attribution_only,dip_restore,0.0,corroborated,corroborated
e790f747139c7bb4,326abad5c2fb3c88,2022,401405111,Rutgers,attribution_only,dip_restore,0.0,corroborated,corroborated
e79c338f7222cfcd,fe692fba92fe5a56,2025,401757278,Middle Tennessee,attribution_only,final_cap,0.0,game_unusable,cfbd_matches_neither
e7d740f2e36baf8d,231c9591978192a1,2018,401012302,Georgia,attribution_only,dip_restore,0.0,cfbd_matches_neither,cfbd_matches_neither
e7d7953edd274da4,2d1dfc42ee05ea1e,2022,401404096,Baylor,attribution_only,dip_restore,0.0,game_unusable,corroborated
e7f68e4a6ddeabd6,0f37fbf5ff120644,2024,401643836,Appalachian State,attribution_only,dip_restore,0.0,corroborated,corroborated
e7ffe17811332279,241aacc013418e4b,2021,401309633,Appalachian State,points_recovery,dip_restore,1.0,game_unusable,cfbd_matches_neither
e800a14d11f90aaa,d5954f1ea4e73157,2025,401761615,Marshall,points_recovery,incomplete_stream,51.0,game_unusable,cfbd_matches_neither
e822b5f878a4977f,8fd4950c1adf4309,2023,401520264,Minnesota,attribution_only,restoration_gt8,0.0,game_unusable,cfbd_matches_neither
e83c6506ce7d2383,363e71937f03ffe7,2025,401762484,Navy,attribution_only,final_cap,0.0,game_unusable,cfbd_matches_neither
e83faa5a5ebc81d2,18ef23e37ab87743,2023,401532408,Miami (OH),attribution_only,dip_restore,0.0,game_unusable,cfbd_matches_neither
e8660fa6d592396f,8976ce667ff63abf,2021,401309871,USC,attribution_only,dip_restore,0.0,game_unusable,cfbd_matches_neither
e87f97d89b122e8c,9470f075ea48d82c,2024,401643846,James Madison,points_recovery,category_possession_reassignment,3.0,game_unusable,cfbd_matches_neither
e88481d8f79683d4,9105932f8896d19b,2017,400934556,Baylor,attribution_only,dip_restore,0.0,corroborated,corroborated
e886b02bcc344e82,af6a6f5e2346d7a0,2025,401752937,Oregon State,points_recovery,dip_restore,6.0,game_unusable,cfbd_matches_neither
e88fbf39c78afa59,84f125c00b190559,2024,401640959,Notre Dame,attribution_only,dip_restore,0.0,corroborated,corroborated
e89fe232b722a9b3,6de7d6b7d18f5fff,2023,401531905,Appalachian State,attribution_only,dip_restore,0.0,game_unusable,cfbd_matches_neither
e8a988313ab8a0da,5e6a2cc97f849947,2022,401411148,Louisville,attribution_only,dip_restore,0.0,corroborated,corroborated
e8b06c93ac98ddfc,9e139e9dfb8663d5,2019,401183793,New Mexico,attribution_only,dip_restore,0.0,corroborated,corroborated
e8b6b0e96a858f65,6a61da2c9f130075,2025,401754622,Georgia Tech,attribution_only,dip_restore,0.0,game_unusable,cfbd_matches_neither
e8dfbff7f2877d1c,4466303c9e1af123,2021,401282632,Western Michigan,attribution_only,dip_restore,0.0,game_unusable,corroborated
e8f85f62448df12a,8e5022f7b7d72ee7,2021,401282660,Virginia,attribution_only,dip_restore,0.0,corroborated,corroborated
e9002bb0b3e86905,da0fc874776aa64c,2023,401520346,Liberty,attribution_only,dip_restore,0.0,corroborated,corroborated
e9115bfe993dc060,bd6ff033c6c4e61f,2022,401403931,Ole Miss,attribution_only,dip_restore,0.0,game_unusable,cfbd_matches_neither
e91d92cadc0f6e9c,0ca82c5dcf36c2d5,2021,401309865,Oregon State,attribution_only,dip_restore,0.0,corroborated,corroborated
e927397a38847091,96744cf1c2c571a7,2025,401752779,South Carolina,attribution_only,dip_restore,0.0,indistinguishable_at_drive_level,indistinguishable_at_drive_level
e954e2cb787ba5b8,6e482dc465d63063,2021,401282121,Arkansas,points_recovery,other,2.0,game_unusable,corroborated
e96f099c2e59edec,8d7bb0493272a493,2022,401405065,Wisconsin,attribution_only,dip_restore,0.0,corroborated,corroborated
e97e7092b8ba4493,631cb1fa3696001d,2023,401551741,Arkansas State,attribution_only,dip_restore,0.0,corroborated,corroborated
e9aefd696bf878dd,8cde900d16e5f074,2019,401112130,TCU,attribution_only,dip_restore,0.0,corroborated,corroborated
e9c0a2929387802b,dbbbdaa2f4e623db,2023,401525839,South Alabama,attribution_only,dip_restore,0.0,corroborated,corroborated
e9d5aa0357ce1182,16ea405d8b7b594c,2022,401404130,Notre Dame,attribution_only,dip_restore,0.0,game_unusable,corroborated
e9d5b213e0c4b1fc,1c517f40872be8f9,2016,400869525,Houston,points_recovery,incomplete_stream,21.0,game_unusable,cfbd_matches_neither
e9ed56b3aee014be,fae28ac92f6707a2,2024,401643833,Old Dominion,attribution_only,dip_restore,0.0,corroborated,corroborated
e9f083dadfb4f44a,0045d0f2efb4d7cd,2023,401523998,Oklahoma State,attribution_only,dip_restore,0.0,corroborated,corroborated
ea023abb3577cb73,f76ec0c529b9ad16,2023,401520231,Maryland,attribution_only,dip_restore,0.0,game_unusable,cfbd_matches_neither
ea40b1f73dbdc1b6,d66c326af301511b,2023,401520276,Jacksonville State,attribution_only,dip_restore,0.0,game_unusable,corroborated
ea7e81efde05fd38,991b1a40c5330a9c,2022,401404117,Kansas State,attribution_only,dip_restore,0.0,corroborated,corroborated
ea9526375fa25758,08927908ae382f92,2021,401282216,Marshall,attribution_only,dip_restore,0.0,game_unusable,corroborated
ea99f3328f3abfea,d464f0201c34d67f,2025,401757297,Jacksonville State,points_reduction,category_possession_reassignment,-3.0,game_unusable,corroborated
eab6c30df9cc57a4,9ab61272bc657c90,2022,401415626,East Carolina,attribution_only,other,0.0,game_unusable,cfbd_matches_neither
eabc2fabe72dc2c0,bb43910da7a20c2a,2022,401415225,Western Michigan,attribution_only,incomplete_stream,0.0,game_unusable,cfbd_matches_neither
eac0a807bae9fb47,e9a4a15fa44bd3aa,2023,401525902,Baylor,attribution_only,dip_restore,0.0,game_unusable,cfbd_matches_neither
eac342e5a50eeb81,b256a14fcc5ed64c,2022,401404033,USC,attribution_only,dip_restore,0.0,corroborated,corroborated
eace45b0d10f55ae,2135b54a318288b4,2015,400787296,Nevada,attribution_only,dip_restore,0.0,game_unusable,cfbd_matches_neither
ead6eeaac876f723,821d8407ef38f2df,2021,401282064,NC State,attribution_only,dip_restore,0.0,game_unusable,cfbd_matches_neither
ead98d7449aa78d0,8ae0a7df53e9a18f,2018,401019530,SMU,attribution_only,dip_restore,0.0,corroborated,corroborated
eadf3b5c15f1a477,f6b8efcf535419e5,2024,401628558,Michigan State,attribution_only,dip_restore,0.0,game_unusable,cfbd_matches_neither
eae0b163c263dbe7,21665a02ee4157af,2024,401643746,Air Force,attribution_only,dip_restore,0.0,game_unusable,corroborated
eae71a3761685c51,5421f344cd2de4a9,2023,401520193,Indiana State,attribution_only,dip_restore,0.0,corroborated,corroborated
eaef4a19bfa564b7,7ea8681c54101daf,2021,401309851,Oregon State,attribution_only,dip_restore,0.0,corroborated,corroborated
eb1696eccfcacf7c,a4b64e0b10022cd7,2022,401404094,Oklahoma,points_recovery,incomplete_stream,7.0,game_unusable,cfbd_matches_neither
eb248514cec8925e,b9eb1c8d54b96c64,2016,400869375,Southern Mississippi,attribution_only,dip_restore,0.0,corroborated,corroborated
eb49553b10776702,929c743f4010dd46,2021,401309867,USC,attribution_only,dip_restore,0.0,corroborated,corroborated
eb5a077352f4bf82,20fb9475501455a9,2024,401643721,Central Michigan,attribution_only,dip_restore,0.0,corroborated,corroborated
eb5d12dcb1bce0e5,5c4ec9ff32e71dbe,2021,401309753,Ohio,attribution_only,dip_restore,0.0,game_unusable,cfbd_matches_neither
eb7135519d6217bc,38764cb18fe94c38,2017,400953399,Missouri,attribution_only,dip_restore,0.0,corroborated,corroborated
eb9c94ab68ac652b,36a211a8e38b57a6,2022,401416652,Northern Illinois,attribution_only,dip_restore,0.0,corroborated,corroborated
ebb5a4acc4941105,ac02757af4f08e4b,2021,401282137,New Mexico State,attribution_only,dip_restore,0.0,corroborated,corroborated
ebb8084d5db010b1,987d69f7279f8486,2022,401426576,Middle Tennessee,attribution_only,dip_restore,0.0,corroborated,corroborated
ebdd7f5e41e34327,ddc0bc1a65c1da99,2022,401426564,South Carolina,attribution_only,dip_restore,0.0,game_unusable,cfbd_matches_neither
ebff93de1e2987b6,e2fdfc2461a214fb,2025,401754614,Stanford,attribution_only,dip_restore,0.0,game_unusable,cfbd_supports_baseline
ec283cf916e43a6d,c036c68af42437e1,2025,401762512,Army,points_recovery,incomplete_stream,18.0,game_unusable,cfbd_matches_neither
ec2f2dca13625ddf,3cd0b0ee2fd76e68,2019,401121945,Louisiana,attribution_only,dip_restore,0.0,game_unusable,cfbd_supports_baseline
ec2fdf4d1041479d,b2087f16bce63505,2023,401532433,Northern Illinois,attribution_only,restoration_gt8,0.0,game_unusable,corroborated
ec3f4386f3509be9,171654fb463a3f9d,2022,401404134,Coastal Carolina,attribution_only,dip_restore,0.0,corroborated,corroborated
ec4af0e11e6f28d3,dc2d16a404fb3d01,2023,401525825,Wyoming,points_recovery,incomplete_stream,22.0,game_unusable,cfbd_matches_neither
ec59f0945b2c93ac,a9583ade03a9d424,2021,401309581,Western Michigan,attribution_only,dip_restore,0.0,corroborated,corroborated
ec610ee4a4ee5645,8bcd20cc92a6288e,2023,401520403,Coastal Carolina,attribution_only,dip_restore,0.0,corroborated,corroborated
eca0b9b80ef0dda2,cd972cb49ef53a5c,2023,401531912,Coastal Carolina,attribution_only,dip_restore,0.0,corroborated,corroborated
ecad38dba41ef2d4,42cf905a6c1fdd32,2025,401757170,Buffalo,attribution_only,dip_restore,0.0,game_unusable,cfbd_matches_neither
ecc40c4dbedc5de3,11071282733239c3,2021,401310733,Fresno State,points_reduction,other,-1.0,game_unusable,cfbd_supports_baseline
eccc6f8444c3e430,155c71071ef90990,2022,401404148,Syracuse,attribution_only,dip_restore,0.0,game_unusable,cfbd_supports_baseline
ecd6571be4a754ee,9c28624fad74c73f,2022,401403926,UT Martin,attribution_only,dip_restore,0.0,corroborated,corroborated
ece84c56a28ed38c,e9621e6497d18176,2021,401309906,Colorado,attribution_only,incomplete_stream,0.0,game_unusable,cfbd_matches_neither
ecec41562f3cb907,d0684d4dd96198a6,2021,401287929,Texas,attribution_only,dip_restore,0.0,game_unusable,cfbd_matches_neither
ecf592e37d0f995b,c36089138f51473b,2017,400935394,Ohio State,attribution_only,dip_restore,0.0,game_unusable,corroborated
ecf77abd677a757e,2143cd703e0ba253,2025,401752862,Washington,attribution_only,dip_restore,0.0,corroborated,corroborated
ed0d63e80b85737d,d1503f8b073ff60c,2022,401404126,Notre Dame,attribution_only,dip_restore,0.0,corroborated,corroborated
ed1af20f513bbe18,b21c6d0969a9f511,2024,401635612,Boston College,attribution_only,dip_restore,0.0,game_unusable,cfbd_matches_neither
ed1b883011af7c52,9245ce0eff2a736f,2022,401411149,Pittsburgh,attribution_only,dip_restore,0.0,corroborated,corroborated
ed1e62358cb04aa7,3ec37472b8ef618c,2024,401643801,James Madison,attribution_only,dip_restore,0.0,corroborated,corroborated
ed2a353421da37b1,f0b59cb55b5ee12f,2022,401403878,Texas A&M,attribution_only,dip_restore,0.0,game_unusable,cfbd_matches_neither
ed35e9b1b4f878d4,4ab2da8105936f74,2023,401524026,Colorado,attribution_only,dip_restore,0.0,corroborated,corroborated
ed38d31b43e9ffc1,f63ee0fc21b96f93,2022,401426546,SE Louisiana,points_recovery,incomplete_stream,9.0,game_unusable,cfbd_matches_neither
ed4634c940726717,8db4b06429946f67,2025,401754575,North Carolina,points_recovery,incomplete_stream,24.0,game_unusable,cfbd_matches_neither
ed4b880a5707e427,2023c0f1386cfc58,2021,401309862,Arizona State,attribution_only,dip_restore,0.0,corroborated,corroborated
ed6ca336df0c1b8c,7ede1502e7919780,2023,401525526,North Carolina,attribution_only,dip_restore,0.0,corroborated,corroborated
ed700610d75d36cf,ffb6cf0a2a8a5ed8,2021,401309849,Sacramento State,attribution_only,dip_restore,0.0,game_unusable,cfbd_matches_neither
ed7644d3299ddbd0,19488f583fee782d,2024,401643703,Utah State,attribution_only,dip_restore,0.0,corroborated,corroborated
ed88a2035621e614,d66f9b7d5c1d4aa6,2017,400944990,Central Michigan,attribution_only,dip_restore,0.0,game_unusable,corroborated
ed8f9879b955ab96,38220b3fe7a9f19e,2025,401761622,Georgia Southern,attribution_only,dip_restore,0.0,corroborated,corroborated
eda82924e0da2cbb,437367639d4fe9af,2025,401752821,UC Davis,attribution_only,dip_restore,0.0,corroborated,corroborated
edba7723b735857f,f354175a5616519c,2021,401310749,Colorado State,attribution_only,dip_restore,0.0,corroborated,corroborated
edd5a23b984980fe,bebee4972ce2b6bb,2023,401525510,Pittsburgh,attribution_only,final_cap,0.0,game_unusable,cfbd_matches_neither
eddb14dc8f6f7981,8f8ded5f0bd34a55,2015,400763509,Indiana,attribution_only,dip_restore,0.0,corroborated,corroborated
ee070dddfd5a4712,367d6b3a8296c2bf,2022,401411173,Boston College,attribution_only,dip_restore,0.0,corroborated,corroborated
ee0b01e00ae09e31,89941df6e20bc138,2025,401752683,Auburn,attribution_only,dip_restore,0.0,corroborated,corroborated
ee14304fd5dee868,6759f9f461028bc3,2022,401415659,Tulsa,attribution_only,dip_restore,0.0,game_unusable,corroborated
ee5213085c74873a,e3455596ef24880a,2018,401013078,TCU,attribution_only,dip_restore,0.0,game_unusable,corroborated
ee537d5d304d698c,3217245f061ea040,2021,401309904,UCLA,attribution_only,restoration_gt8,0.0,game_unusable,corroborated
ee6b519ca73e59a0,811d70aa5d8a902d,2024,401635572,North Carolina,attribution_only,dip_restore,0.0,corroborated,corroborated
ee73a54ed824d615,955ab7d626c5033f,2021,401309621,Georgia Southern,attribution_only,dip_restore,0.0,corroborated,corroborated
ee7c9588e89099d3,5e8ca74a242dab4f,2021,401282218,Southern Mississippi,points_recovery,incomplete_stream,5.0,game_unusable,cfbd_matches_neither
ee8709f829bf2530,f749205cbe45486b,2021,401282686,Georgia Tech,points_recovery,incomplete_stream,30.0,game_unusable,cfbd_matches_neither
ee8a8fc2600b7760,32a07f18515846c7,2022,401415213,Portland State,attribution_only,dip_restore,0.0,game_unusable,corroborated
ee8fda3b9fa43680,a96650b2b4c2e127,2016,400869412,Florida Atlantic,attribution_only,dip_restore,0.0,corroborated,corroborated
ee918c120e8cd189,072adca5efbbec57,2025,401757291,Florida International,attribution_only,dip_restore,0.0,game_unusable,cfbd_matches_neither
ee95766f01219a77,a7d49a32ee69afb1,2021,401310757,Fresno State,attribution_only,dip_restore,0.0,game_unusable,cfbd_matches_neither
eea656b52e783205,4769319645c64a09,2024,401628402,Oklahoma,attribution_only,category_possession_reassignment,0.0,game_unusable,cfbd_matches_neither
eeafb4152fba2bf5,299821a28bfb056d,2025,401752797,Maryland,attribution_only,final_cap,0.0,game_unusable,cfbd_matches_neither
eec09b2ce7929c95,a495c18a4575686e,2023,401525890,Oklahoma,attribution_only,dip_restore,0.0,game_unusable,cfbd_matches_neither
eec7702d676f7b84,368c91a751f985b4,2018,401022538,Boise State,attribution_only,dip_restore,0.0,game_unusable,corroborated
eecb850fd0ddbb78,07ebad56149392b5,2019,401117859,Bucknell,attribution_only,dip_restore,0.0,game_unusable,corroborated
eee4c7af94ca2da3,e096ef7c5d740237,2025,401757229,Tulsa,attribution_only,dip_restore,0.0,game_unusable,cfbd_matches_neither
eef15e3eee70d3bb,b4bfc1e6b33bf904,2023,401524052,Colorado,attribution_only,dip_restore,0.0,corroborated,corroborated
eef3526f5ad8c594,fb024826c1850400,2024,401644727,Buffalo,attribution_only,dip_restore,0.0,game_unusable,cfbd_matches_neither
ef46323266d4dad1,bc05a28a1d30228a,2023,401531337,Tulsa,attribution_only,dip_restore,0.0,corroborated,corroborated
ef59fdbdd61887d1,482e5ce39b5d3a3b,2018,401020760,Bowling Green,attribution_only,dip_restore,0.0,game_unusable,cfbd_matches_neither
ef660a4b3ea9f0d6,963e746abc3739ee,2021,401310746,Nevada,attribution_only,dip_restore,0.0,corroborated,corroborated
ef8c4b05d3a02e0f,d1f11935aa65e190,2016,400876041,Louisiana,attribution_only,dip_restore,0.0,corroborated,corroborated
efa919e06b8c5241,d9f6f77801958bc3,2017,400934527,Iowa State,attribution_only,dip_restore,0.0,corroborated,corroborated
efb53a61ecdd07ec,2bf4edf19de6b29c,2021,401281945,Florida,attribution_only,dip_restore,0.0,corroborated,corroborated
efc3e598ac6fab88,c0d12b6f4a57d944,2016,400869264,Texas State,attribution_only,dip_restore,0.0,game_unusable,cfbd_matches_neither
efc8ebd6b5afb601,12a7fde7efa733c7,2022,401405089,Temple,attribution_only,dip_restore,0.0,corroborated,corroborated
efdf6f9669b75c07,bdf576b92ed49dcd,2025,401762794,Buffalo,attribution_only,dip_restore,0.0,game_unusable,cfbd_supports_baseline
efe5ed549b6b6288,f22d78964f63491c,2022,401403879,Vanderbilt,attribution_only,dip_restore,0.0,corroborated,corroborated
efe8948033048acc,8b70841f85bc1fb4,2024,401640982,Liberty,attribution_only,final_cap,0.0,game_unusable,indistinguishable_at_drive_level
f0333efd3e6f37dc,a45e6c5fb5c7feee,2019,401117855,Connecticut,attribution_only,dip_restore,0.0,corroborated,corroborated
f03c2b707638b799,083e79bbca1627f6,2024,401641041,Sam Houston State,attribution_only,dip_restore,0.0,corroborated,corroborated
f06cbf2158133b2d,e56481b992b3044f,2025,401756919,Kansas State,attribution_only,dip_restore,0.0,corroborated,corroborated
f070a4df77dfa786,fecdcbb80e2895df,2021,401310701,North Dakota,attribution_only,restoration_gt8,0.0,game_unusable,corroborated
f070b3256b5153f6,ee5c7246abb237d2,2025,401752939,Oregon State,points_recovery,incomplete_stream,24.0,game_unusable,cfbd_matches_neither
f0782a61f9f963d7,3737ef0689c0dfff,2023,401520331,Sam Houston State,points_recovery,dip_restore,20.0,game_unusable,corroborated
f09cddcc1aeffdc3,4ca1504020bdfda6,2017,400944885,Troy,attribution_only,dip_restore,0.0,game_unusable,cfbd_matches_neither
f0aa68695b4522c9,47ff902c7b9dd65d,2017,400945298,San Jose State,attribution_only,dip_restore,0.0,game_unusable,cfbd_matches_neither
f0aef74f450bf14b,bbe9d21a4083ba83,2025,401762493,Florida Atlantic,attribution_only,category_possession_reassignment,0.0,corroborated,corroborated
f0cb48b441925399,ddf2e4042ae5c8db,2025,401754536,Old Dominion,attribution_only,dip_restore,0.0,corroborated,corroborated
f0d01accf270553b,4b623616e9dc6893,2017,400935365,Illinois,attribution_only,dip_restore,0.0,corroborated,corroborated
f0e49f34068a8075,eb30b09d04fef6d1,2021,401287929,Baylor,attribution_only,dip_restore,0.0,game_unusable,cfbd_matches_neither
f118ed5e9a49e602,7d913b3fb5d3dfd7,2021,401282272,Western Kentucky,points_recovery,incomplete_stream,36.0,game_unusable,cfbd_matches_neither
f1236eeac6b26092,8d70e7d48b3ea86c,2024,401628335,South Florida,attribution_only,dip_restore,0.0,corroborated,corroborated
f12885de6984aa2d,5c1ea8a82ec38339,2025,401762829,Central Michigan,attribution_only,dip_restore,0.0,game_unusable,cfbd_supports_baseline
f15eef1d3342bd03,3c636143a2e2d17c,2022,401426578,Troy,attribution_only,dip_restore,0.0,game_unusable,corroborated
f19132ce416633af,98bd7389ec56d9d8,2015,400603867,Kentucky,attribution_only,final_cap,0.0,game_unusable,cfbd_matches_neither
f197b8519101d569,1cfa60b2cc7ece23,2019,401112452,Georgia Tech,attribution_only,dip_restore,0.0,game_unusable,cfbd_matches_neither
f1e9e56458967ef1,c3c8a06b9a4de00d,2021,401282682,North Carolina,attribution_only,dip_restore,0.0,corroborated,corroborated
f2107edcefae5bbe,1207f43657bc161e,2025,401762471,East Carolina,attribution_only,dip_restore,0.0,game_unusable,cfbd_matches_neither
f211449cbd1fdf07,f713701121323811,2023,401531370,Tulane,attribution_only,dip_restore,0.0,corroborated,corroborated
f224c1d5c8e0bd58,ff1d96f43fc55d6a,2025,401760392,Air Force,attribution_only,dip_restore,0.0,game_unusable,cfbd_supports_baseline
f22e5538ebf6b177,60d5384b58ddca2e,2021,401282181,Gardner-Webb,points_recovery,incomplete_stream,10.0,game_unusable,cfbd_matches_neither
f237ed88a93dc589,fb941bbaeac607ce,2023,401520366,Louisiana Tech,attribution_only,dip_restore,0.0,corroborated,corroborated
f24765a6c5c01ec5,78aad69279710c0e,2015,400787296,San Diego State,attribution_only,dip_restore,0.0,game_unusable,corroborated
f248b3f50adb6b69,96bcb08c5318c757,2019,401117855,Wagner,attribution_only,dip_restore,0.0,corroborated,corroborated
f25ae693c6991006,ba979647b7cef545,2022,401411169,Duke,attribution_only,dip_restore,0.0,corroborated,corroborated
f26dfc0875f6a75e,36f0381d2dff4de3,2017,400938648,UTEP,attribution_only,dip_restore,0.0,corroborated,corroborated
f278165fb26439f7,f567c23cfb08de03,2025,401752863,Michigan State,attribution_only,dip_restore,0.0,game_unusable,cfbd_supports_baseline
f27afa3f4e5d9ac1,d73025cd98ba0e18,2024,401643833,James Madison,attribution_only,dip_restore,0.0,corroborated,corroborated
f27f2fe29ba4c564,526c06ee5e7b031b,2025,401754618,Syracuse,attribution_only,dip_restore,0.0,game_unusable,corroborated
f28ceeec665f2db8,be85d3fb27a048a4,2018,401012318,Alabama,attribution_only,dip_restore,0.0,corroborated,corroborated
f2ba2e516bee2795,3f61244edb65b9b3,2022,401426558,UNLV,attribution_only,dip_restore,0.0,game_unusable,cfbd_supports_baseline
f2bd4e735a2ef249,f784b1776196c772,2016,400869217,Hawai_i,attribution_only,dip_restore,0.0,corroborated,corroborated
f2bdd1870dd88330,d240645ed4212dc9,2025,401761654,Texas State,attribution_only,category_possession_reassignment,0.0,corroborated,corroborated
f2bfff25f3d13ebe,a19503384273d933,2025,401752785,Florida State,attribution_only,dip_restore,0.0,corroborated,corroborated
f2d33f3bd2304d8a,7c7916e77f5f4d35,2021,401282721,Iowa,attribution_only,dip_restore,0.0,game_unusable,cfbd_matches_neither
f2d83b6141c65b77,5df9b80966aa33d7,2015,400763571,Indiana,attribution_only,category_possession_reassignment,0.0,corroborated,corroborated
f306d0dea6e17330,ab2a1314926c82db,2021,401287941,Kansas,attribution_only,dip_restore,0.0,game_unusable,corroborated
f311e6426b98f247,77dc3fd09beb8e8b,2022,401403906,Mississippi State,attribution_only,dip_restore,0.0,corroborated,corroborated
f34a438343498f80,b446e403fd4d562b,2019,401114247,Appalachian State,attribution_only,dip_restore,0.0,game_unusable,corroborated
f34edbf0dfe30eef,2c5a40042313c04b,2025,401756918,Iowa State,attribution_only,dip_restore,0.0,corroborated,corroborated
f34ef5a464a22c1d,b0e184e5e6c7ac37,2022,401403906,Mississippi State,attribution_only,dip_restore,0.0,corroborated,corroborated
f35b7b865e2e6966,f706c39de1268639,2015,400787302,Idaho,attribution_only,restoration_gt8,0.0,game_unusable,cfbd_matches_neither
f362122bb8197a2d,c4ec041ac1048841,2015,400763558,Wisconsin,attribution_only,dip_restore,0.0,game_unusable,corroborated
f3682f1437698dcb,c53a1c7212854972,2016,400869375,Rice,attribution_only,dip_restore,0.0,corroborated,corroborated
f36d463ca9fdc935,1cd0bf90d6f9c5d8,2021,401309589,Toledo,attribution_only,dip_restore,0.0,game_unusable,corroborated
f37dce5e7dc607f0,13b74f4fc4ab8458,2024,401643778,East Carolina,attribution_only,dip_restore,0.0,corroborated,corroborated
f38d9a9faf421914,680a44bfd1d439e1,2025,401762472,Florida Atlantic,points_recovery,dip_restore,7.0,game_unusable,cfbd_supports_baseline
f39e66769a2835fb,5c7fc50992d462d5,2022,401405117,Wisconsin,attribution_only,dip_restore,0.0,corroborated,corroborated
f3d2b26cf6e3efd8,3aa8958a2b64100b,2023,401532588,Wyoming,attribution_only,restoration_gt8,0.0,game_unusable,corroborated
f3d813206c703402,6504d495415efeec,2023,401525874,Oklahoma,attribution_only,dip_restore,0.0,game_unusable,corroborated
f409fcaec0e21d30,3d0921fcffdf8f74,2023,401532405,Ohio,attribution_only,dip_restore,0.0,corroborated,corroborated
f4164a7685398848,6b541f3844c6fe8b,2021,401282178,Bethune-Cookman,attribution_only,dip_restore,0.0,game_unusable,corroborated
f42bb179fddba6ff,4a65aaf578c93d9d,2022,401404092,West Virginia,attribution_only,dip_restore,0.0,game_unusable,cfbd_matches_neither
f44ddae235314d03,7ff703c1407a5e8e,2023,401526835,UMass,attribution_only,dip_restore,0.0,corroborated,corroborated
f461216c1c8e2954,607d5ddfa42ef9c3,2024,401634771,Boston College,attribution_only,dip_restore,0.0,game_unusable,cfbd_matches_neither
f468d4ef8e052408,cfbda6c729dd5bc4,2018,401015054,UT San Antonio,attribution_only,dip_restore,0.0,corroborated,corroborated
f46e72ba3ff7dc38,6f615ae752de6783,2019,401114165,Arizona,attribution_only,dip_restore,0.0,game_unusable,corroborated
f4aa08001be135e9,b4a8376f78d94f9f,2024,401635516,Stanford,attribution_only,dip_restore,0.0,corroborated,corroborated
f4cf89cfa12316d4,14fa451cd29b261e,2025,401761590,Weber State,attribution_only,dip_restore,0.0,game_unusable,cfbd_matches_neither
f4d2f99d72bbf062,ff31642cb45eb12f,2017,400934524,Texas,points_recovery,dip_restore,6.0,game_unusable,cfbd_matches_neither
f4e4c7cac722bfd0,74b83364a45fe176,2021,401282121,Mississippi State,attribution_only,other,0.0,game_unusable,cfbd_matches_neither
f4f8c5a95ffeb2a5,4ae34d45324394b5,2025,401752753,Arkansas,attribution_only,dip_restore,0.0,game_unusable,cfbd_matches_neither
f4fee25e5464df6b,b991ae1e8da77407,2022,401403885,LSU,attribution_only,dip_restore,0.0,corroborated,corroborated
f525cb3c1ce0282b,4444d2696ac820eb,2015,400787442,Idaho,points_recovery,restoration_gt8,7.0,game_unusable,cfbd_supports_baseline
f536892ee270b5bc,f72de0da267b15ec,2021,401282671,Virginia Tech,attribution_only,dip_restore,0.0,game_unusable,cfbd_matches_neither
f53cc7532c28d86d,13fe0617dd17d919,2024,401628984,Notre Dame,attribution_only,dip_restore,0.0,corroborated,corroborated
f544056d3486d5af,d6d0665e79393345,2018,401021693,Louisiana Monroe,attribution_only,dip_restore,0.0,corroborated,corroborated
f54eba7db9bf31eb,d1ca036b4401a851,2022,401405144,Ohio State,attribution_only,dip_restore,0.0,corroborated,corroborated
f56b1c3a6551b6b1,58943ae51a321290,2025,401761636,Arkansas State,attribution_only,dip_restore,0.0,game_unusable,cfbd_matches_neither
f56c938530e3a4dc,359734c8d661f945,2024,401643766,San Diego State,attribution_only,dip_restore,0.0,game_unusable,cfbd_matches_neither
f59b783c0af5044f,0f6a931cec86bd86,2025,401756956,Arizona State,attribution_only,dip_restore,0.0,game_unusable,indistinguishable_at_drive_level
f5b75f9bb040131e,bba042d42cc6c1a7,2016,400869337,Eastern Michigan,attribution_only,dip_restore,0.0,corroborated,corroborated
f5bb5541fea4ab6b,b5e32b372b6e55ee,2019,401121967,South Alabama,attribution_only,dip_restore,0.0,corroborated,corroborated
f5bc9ae3a924398a,1a0bbfbd15c5d09d,2025,401762838,Ball State,attribution_only,dip_restore,0.0,game_unusable,corroborated
f5c2cb6ea410f9cb,7c3497e3071fab47,2021,401282680,Clemson,attribution_only,category_possession_reassignment,0.0,game_unusable,cfbd_matches_neither
f5c88f27be72ef3f,a85cc4238824bbd8,2024,401628323,Georgia,attribution_only,dip_restore,0.0,corroborated,corroborated
f5d9fffb775303ec,b8ebac1db15ced5e,2022,401416603,Long Island University,points_recovery,incomplete_stream,10.0,game_unusable,cfbd_matches_neither
f5fc96f52046d9c8,d4ea89c780b49f8c,2021,401309875,Colorado,attribution_only,dip_restore,0.0,game_unusable,cfbd_matches_neither
f602603be20a2ba8,7b857b3b9fa455b0,2023,401520387,Louisiana Tech,attribution_only,dip_restore,0.0,corroborated,corroborated
f608b07396637dbb,1ffb81f82519f6bb,2024,401643713,Nevada,attribution_only,dip_restore,0.0,corroborated,corroborated
f6327d908c1c8684,2afc67afd834df7d,2024,401636904,Kansas State,attribution_only,dip_restore,0.0,corroborated,corroborated
f67c35bfd1f87222,889a7cb28888f2a2,2023,401520367,Maryland,attribution_only,dip_restore,0.0,corroborated,corroborated
f68bed720fbae7b5,aebd0e5f71a3880b,2021,401287909,Oklahoma State,points_recovery,incomplete_stream,31.0,game_unusable,cfbd_matches_neither
f6b1e1198611f433,b50484a2695df3b2,2017,400934534,Oklahoma,attribution_only,dip_restore,0.0,corroborated,corroborated
f6b59c30aeaa10c5,e68c6abc813ec6a9,2025,401754587,Syracuse,attribution_only,dip_restore,0.0,game_unusable,indistinguishable_at_drive_level
f6bb700ee1acf87d,427f8760a1e579f9,2021,401310709,San Diego State,attribution_only,dip_restore,0.0,corroborated,corroborated
f6ce3bfec25cff7d,9367d2859f3b9b02,2017,400944888,South Alabama,attribution_only,dip_restore,0.0,game_unusable,cfbd_matches_neither
f6ec2a6d2c819b7d,c6a8d2446e54751f,2023,401531403,Charlotte,points_recovery,dip_restore,1.0,game_unusable,cfbd_matches_neither
f6f04a33a9158b27,b70caf61ad47ba45,2023,401525875,Kansas State,attribution_only,dip_restore,0.0,game_unusable,corroborated
f6f89680cb491cbb,f8591aef819d3f5d,2024,401634181,Ball State,attribution_only,dip_restore,0.0,game_unusable,cfbd_supports_baseline
f70ea75911bed96c,f5c7cef97a006852,2023,401525844,Texas,attribution_only,dip_restore,0.0,game_unusable,cfbd_matches_neither
f7344d4f8214e18d,e9bbf57ebfbb77e5,2025,401761617,South Alabama,attribution_only,dip_restore,0.0,corroborated,corroborated
f7397d687eb53cfc,e39296ee0a4f85ad,2022,401416613,Central Michigan,attribution_only,dip_restore,0.0,game_unusable,cfbd_matches_neither
f73fe8ac9b66f9fc,2dc0672dd92dc394,2023,401526833,Miami (OH),points_recovery,incomplete_stream,34.0,game_unusable,cfbd_matches_neither
f7454c4c74f59e08,2180a07318a1c167,2025,401752780,Arkansas,points_reduction,category_possession_reassignment,-3.0,game_unusable,cfbd_supports_baseline
f7640bb630442165,7a849592f5d0b121,2022,401416603,Kent State,points_recovery,incomplete_stream,7.0,game_unusable,cfbd_matches_neither
f76a05d26df2eb94,b53072df296ae6ce,2025,401754372,California,attribution_only,final_cap,0.0,game_unusable,cfbd_matches_neither
f7845b777c6321a0,19af3e4c2586ff1c,2022,401426353,Georgia State,attribution_only,dip_restore,0.0,game_unusable,cfbd_matches_neither
f78a93107faf0a0b,74ef1dd2823a960f,2021,401287899,Oklahoma State,points_recovery,incomplete_stream,7.0,game_unusable,cfbd_matches_neither
f7b4159048db4e97,a78b1eaff813f200,2025,401778315,Florida International,attribution_only,dip_restore,0.0,cfbd_supports_baseline,cfbd_supports_baseline
f7ea84d6f02efb41,9f970c31c9aee40b,2024,401628625,Monmouth,attribution_only,dip_restore,0.0,corroborated,corroborated
f7f926d5b3ea5305,1c924f721d78f0a3,2017,400941788,Holy Cross,attribution_only,dip_restore,0.0,game_unusable,corroborated
f7fab6c167c6022d,fede64550dabf4c2,2022,401415220,Air Force,points_recovery,incomplete_stream,48.0,game_unusable,cfbd_matches_neither
f7fb427ae7f6b9fa,e3fee2870172806a,2023,401525822,Oklahoma,attribution_only,dip_restore,0.0,corroborated,corroborated
f81246e78e43161f,2d2c7967ce1f39c3,2024,401677084,Florida,attribution_only,dip_restore,0.0,corroborated,corroborated
f81cebf837936349,f0a922956c5b1929,2025,401752757,Oklahoma,attribution_only,dip_restore,0.0,game_unusable,cfbd_supports_baseline
f866046542ee6649,81b9c58700e0537d,2021,401282103,Texas A&M,attribution_only,dip_restore,0.0,game_unusable,cfbd_supports_baseline
f871c19a47fa5efa,40a02767eb6052bb,2021,401287938,Oklahoma,attribution_only,dip_restore,0.0,game_unusable,cfbd_matches_neither
f87425f6a382a98a,61b03c6f65a1f06d,2023,401531423,South Florida,attribution_only,dip_restore,0.0,game_unusable,cfbd_matches_neither
f89a975e2b9b30f0,d2054191ebbd69e7,2021,401282790,Minnesota,attribution_only,dip_restore,0.0,corroborated,corroborated
f8b1404b9af1b8db,a5dc5e90fddacf62,2024,401628460,Washington,attribution_only,dip_restore,0.0,corroborated,corroborated
f8b1f474b0b0f283,f8d067e743089cfd,2019,401117917,Tulane,attribution_only,dip_restore,0.0,corroborated,corroborated
f8bc705fa8c6ecbb,24c489cb3d9ba012,2025,401757289,Kennesaw State,attribution_only,dip_restore,0.0,game_unusable,cfbd_matches_neither
f8e19b81e67bceb6,92b2266f3aeb3acc,2023,401520409,Georgia State,attribution_only,dip_restore,0.0,corroborated,corroborated
f8e4ff3ff2a1524c,66f65e583c4b1104,2021,401282268,Old Dominion,attribution_only,dip_restore,0.0,corroborated,corroborated
f8e676218a986d7f,ea2727eba73fb434,2022,401415664,Temple,attribution_only,dip_restore,0.0,game_unusable,corroborated
f914fc49f3bd68af,31955dda2d8791a5,2023,401532579,Utah State,points_recovery,other,5.0,game_unusable,corroborated
f93658fa346be189,f8e4fab48ddc13a5,2023,401520399,New Mexico State,attribution_only,dip_restore,0.0,corroborated,corroborated
f940d33a887023df,e1ee9a3c8125e2fd,2021,401282183,Georgia Southern,attribution_only,dip_restore,0.0,game_unusable,cfbd_matches_neither
f9450ecfa5045627,47b7ca96b1220fa7,2024,401643756,Washington State,attribution_only,dip_restore,0.0,corroborated,corroborated
f955a4aceba1e629,927f6a2c4a9fcfbd,2021,401282064,Mississippi State,attribution_only,dip_restore,0.0,game_unusable,cfbd_matches_neither
f95ff91b71cf75ad,3626c6530b779b55,2015,400756934,Louisville,attribution_only,dip_restore,0.0,game_unusable,corroborated
f965abafd6b7f055,eae7fe85856e81d4,2024,401628336,Arkansas,attribution_only,dip_restore,0.0,game_unusable,cfbd_matches_neither
f96c6f707ebf05bc,96b578a0827f4eac,2025,401762835,Bowling Green,attribution_only,dip_restore,0.0,corroborated,corroborated
f9876680477b1c65,7416779f8b895f66,2024,401643816,Appalachian State,attribution_only,dip_restore,0.0,corroborated,corroborated
f9889895fb91a6f6,3b5d86c029ff39f2,2025,401760386,UNLV,attribution_only,dip_restore,0.0,game_unusable,corroborated
f98a52b59b0add0f,956fb08deab1ec32,2022,401415632,Navy,points_recovery,incomplete_stream,19.0,game_unusable,cfbd_matches_neither
f9905be6f68fe0e5,4e56bc5df8ce7771,2019,401114343,Central Michigan,attribution_only,dip_restore,0.0,game_unusable,corroborated
f996b19b5326158f,0580c1380818b81f,2023,401532409,Western Michigan,points_recovery,dip_restore,7.0,game_unusable,cfbd_matches_neither
f9b5cf96a494f90a,ad548e917d793896,2023,401520412,Southern Mississippi,attribution_only,final_cap,0.0,game_unusable,cfbd_matches_neither
f9c71182a2376eac,a1588039bf7cc6b5,2022,401426382,Georgia Southern,attribution_only,category_possession_reassignment,0.0,game_unusable,cfbd_matches_neither
f9d1d1ccaffc79bd,39e7e6d5052df16c,2023,401532405,Ohio,attribution_only,dip_restore,0.0,corroborated,corroborated
f9d8c70c69b9eff1,5792701ca4c1e402,2024,401636862,Houston,attribution_only,dip_restore,0.0,corroborated,corroborated
f9dc0e2ebfb51974,4d41ff19bb838bba,2016,400869298,Western Michigan,attribution_only,dip_restore,0.0,game_unusable,cfbd_supports_baseline
f9f55a50531265da,c63bf561eb8f460b,2025,401761636,Georgia Southern,attribution_only,dip_restore,0.0,game_unusable,cfbd_matches_neither
f9fc58170d841f8b,e191fb69cf2dbc7e,2022,401416641,Kent State,attribution_only,dip_restore,0.0,corroborated,corroborated
fa0585d6dbf3b3ac,560584b41609f5e0,2025,401754523,TCU,attribution_only,dip_restore,0.0,corroborated,corroborated
fa221d965b01f597,dba120d65da35899,2025,401757313,Liberty,attribution_only,dip_restore,0.0,game_unusable,cfbd_matches_neither
fa2d424d6382fdbd,f706b6f3c861ad2f,2016,400869094,Stanford,attribution_only,dip_restore,0.0,game_unusable,cfbd_matches_neither
fa40161ab4c084e7,287105569df65e71,2022,401426348,Old Dominion,attribution_only,dip_restore,0.0,game_unusable,cfbd_matches_neither
fa579b74c141b64f,c8676d5e3c1bcde7,2022,401415652,Houston,attribution_only,dip_restore,0.0,game_unusable,cfbd_matches_neither
fa5dd84b36c71a8d,e2914f021578bb91,2023,401525823,Central Arkansas,points_reduction,category_possession_reassignment,-6.0,game_unusable,cfbd_supports_baseline
fa643770dae10fa3,af6a2382297f2d4e,2025,401757261,Arkansas State,points_reduction,category_possession_reassignment,-7.0,game_unusable,cfbd_supports_baseline
fa6e6ec40f99c2ee,0bd32cd74500782c,2017,400938653,Rice,attribution_only,dip_restore,0.0,corroborated,corroborated
fa7a7d4172f86737,ee7c8a529665feca,2018,401020768,Central Michigan,attribution_only,dip_restore,0.0,corroborated,corroborated
fa7e8209a099a875,bf71bfd4a15b2cea,2022,401404073,West Virginia,points_recovery,incomplete_stream,64.0,game_unusable,cfbd_matches_neither
fa95d28e2c1e9986,08ebfde6c1ca0b6f,2015,400787442,Idaho,attribution_only,restoration_gt8,0.0,game_unusable,corroborated
faa94eb30e20b467,0ccf280c20353fbc,2023,401531875,Buffalo,attribution_only,dip_restore,0.0,corroborated,corroborated
fadcdfe505e613aa,5f68b3468584955e,2016,400869375,Southern Mississippi,attribution_only,dip_restore,0.0,corroborated,corroborated
faee1b90b3facb1c,864cd5d5d4ad3856,2021,401282763,Iowa,attribution_only,category_possession_reassignment,0.0,game_unusable,cfbd_matches_neither
fb04f0cb7d8b8816,6fa9f0f7b27d25d7,2022,401403964,Tennessee,attribution_only,dip_restore,0.0,corroborated,corroborated
fb13e391ce64ea6b,732a28095cd6469e,2016,400868953,Miami,attribution_only,dip_restore,0.0,corroborated,corroborated
fb17747e3134577a,8df1e760ee280745,2024,401628446,Vanderbilt,attribution_only,dip_restore,0.0,game_unusable,cfbd_matches_neither
fb24c4254580bc22,11ad3e7671142e1c,2023,401531440,SMU,attribution_only,dip_restore,0.0,corroborated,corroborated
fb48cd2bbf5e6085,a219f6449708ed0a,2016,400869687,Wisconsin,attribution_only,dip_restore,0.0,corroborated,corroborated
fb5ef5a4440d09ea,9cf22a775f2b6253,2022,401404111,Texas Tech,points_recovery,incomplete_stream,43.0,game_unusable,cfbd_matches_neither
fb743a074695b79a,976016a4e6e130b3,2024,401641041,Texas State,attribution_only,dip_restore,0.0,corroborated,corroborated
fb7446ab8e5222df,6536c6fb4956987f,2015,400764869,Temple,attribution_only,dip_restore,0.0,cfbd_matches_neither,cfbd_matches_neither
fb85d96bd97e23fc,f6c286a24e003970,2023,401520195,Kansas,points_recovery,dip_restore,7.0,game_unusable,corroborated
fb9c1b64e4ca8f9d,29af3967365a030a,2022,401411115,Pittsburgh,attribution_only,dip_restore,0.0,game_unusable,cfbd_matches_neither
fbabab5ac7e4afc9,fb833b0938bc4b21,2025,401760404,UNLV,attribution_only,dip_restore,0.0,game_unusable,indistinguishable_at_drive_level
fbaf5bf7578eca8c,49552f0f7a46f2ee,2025,401779843,Oregon,attribution_only,dip_restore,0.0,game_unusable,cfbd_matches_neither
fbd15d9a93ef0603,2ee563b959f758af,2023,401520217,Wisconsin,attribution_only,dip_restore,0.0,game_unusable,cfbd_matches_neither
fbddd78efe197d62,e9d7364cc1de84be,2021,401282670,Florida State,attribution_only,dip_restore,0.0,corroborated,corroborated
fc02f340d7a33a8a,933b958885208fa1,2021,401282232,Western Kentucky,attribution_only,dip_restore,0.0,corroborated,corroborated
fc2e780cf3eeeaa8,00edc931fc79cd14,2023,401531897,Georgia State,attribution_only,dip_restore,0.0,corroborated,corroborated
fc4524abb6e91167,5bd02f003db06b91,2021,401282665,Miami,attribution_only,dip_restore,0.0,game_unusable,cfbd_matches_neither
fcac3cde9ec24ead,fbcbab6372526af5,2024,401636888,Arizona State,attribution_only,dip_restore,0.0,corroborated,corroborated
fcb669fba23f9374,0e7e40bad62e3a9d,2021,401281952,Tennessee,attribution_only,dip_restore,0.0,corroborated,corroborated
fcd8f14b09199baa,96e2bf428adf21cc,2023,401525836,Houston,attribution_only,dip_restore,0.0,game_unusable,cfbd_matches_neither
fce43a9adc51d317,67bb5513ec7816c8,2024,401628337,Auburn,attribution_only,final_cap,0.0,game_unusable,cfbd_matches_neither
fd09e60a620c7ac4,2c1454822c205a89,2025,401761622,Southern Mississippi,attribution_only,dip_restore,0.0,corroborated,corroborated
fd34f449f9cc9948,cf6c172fbfdeb124,2024,401645329,Navy,attribution_only,dip_restore,0.0,game_unusable,corroborated
fd8156f550a6bc25,f8e7894090c616dd,2025,401762467,UT San Antonio,attribution_only,dip_restore,0.0,corroborated,corroborated
fd91904badfcacbb,5673f195311dafb0,2024,401643744,Washington State,points_recovery,dip_restore,7.0,game_unusable,corroborated
fdbf4a44dcf478da,2e3f6aa41f477577,2021,401282759,Iowa,attribution_only,dip_restore,0.0,corroborated,corroborated
fdcebcab685e36e4,51c84e781143045d,2021,401282795,Minnesota,points_recovery,other,1.0,game_unusable,cfbd_matches_neither
fddc88705b4739e6,59fa3ca4b154e080,2021,401282182,Florida International,attribution_only,dip_restore,0.0,game_unusable,corroborated
fddf96107b127971,f210a8ca94727655,2022,401416652,Akron,attribution_only,dip_restore,0.0,corroborated,corroborated
fdef0c99a4059068,c758417be2f3a924,2022,401426563,Western Kentucky,attribution_only,restoration_gt8,0.0,game_unusable,corroborated
fdf2f65b860c60dd,1b39ab86483ea164,2023,401525847,Kansas,attribution_only,dip_restore,0.0,game_unusable,cfbd_matches_neither
fe1064c518e0ec7c,326950d29d919d6a,2025,401752687,LSU,attribution_only,other,0.0,game_unusable,cfbd_matches_neither
fe16e608fbb3fe54,0ee59a96b3a9b011,2023,401551739,Troy,attribution_only,dip_restore,0.0,corroborated,corroborated
fe1da6f2c1c7bb06,ea166ab84c90ac81,2024,401645340,Charlotte,attribution_only,dip_restore,0.0,game_unusable,corroborated
fe27cbc47bdadfea,ab06db8c97a084c3,2021,401309904,UCLA,attribution_only,restoration_gt8,0.0,game_unusable,corroborated
fe320a1f7e491173,56f31b4f79e0f46b,2021,401287929,Baylor,attribution_only,category_possession_reassignment,0.0,game_unusable,cfbd_matches_neither
fe32c80d06b36088,b47114cd45754de2,2022,401404029,California,attribution_only,dip_restore,0.0,corroborated,corroborated
fe38c080072e6524,cc229685968afa90,2022,401416610,Buffalo,points_recovery,incomplete_stream,24.0,game_unusable,cfbd_matches_neither
fe47c60f7fafd03b,b9ed6175d3ed0f77,2024,401628565,Maryland,attribution_only,dip_restore,0.0,corroborated,corroborated
fe480882fa35704c,59681bf38b3addff,2021,401282199,SMU,attribution_only,dip_restore,0.0,corroborated,corroborated
fe5c90a75d385ba9,2a107f3173c3f17e,2025,401756878,West Virginia,attribution_only,dip_restore,0.0,corroborated,corroborated
fe66ba6d2a35a845,c54d180b15356fb3,2025,401757287,Delaware,points_recovery,other,4.0,game_unusable,corroborated
fe6d42bafa7eeefa,127cbef1ee45a914,2025,401760387,Boise State,attribution_only,dip_restore,0.0,game_unusable,corroborated
fe81a2c5e28f804b,725732d3cf78ae79,2022,401426573,Charlotte,attribution_only,dip_restore,0.0,corroborated,corroborated
fe836d1a711d585d,02db931c78f8d72c,2015,400757049,Oregon,attribution_only,dip_restore,0.0,game_unusable,cfbd_matches_neither
fe96da3b1965355f,59b8b73fffdeb551,2016,400868952,Stanford,attribution_only,dip_restore,0.0,corroborated,corroborated
fea163ee6db6ed92,a81c4a43848c96c9,2021,401282795,Minnesota,points_reduction,other,-1.0,game_unusable,cfbd_supports_baseline
fea2342a00edbd57,5e752ca33076a5f0,2017,400935369,Ohio State,attribution_only,dip_restore,0.0,corroborated,corroborated
feba64efb3aa1eb7,0c829a30ff6630e2,2016,400869181,Cal Poly,attribution_only,dip_restore,0.0,game_unusable,corroborated
feecdcb654be96aa,67148dc3acd0176f,2024,401677182,Arizona State,attribution_only,dip_restore,0.0,game_unusable,corroborated
fef4d68684d2aaa9,dea76a039a9264d8,2021,401287890,Oklahoma State,attribution_only,dip_restore,0.0,corroborated,corroborated
ff171a53e822cfdc,eab49be4dd9f8160,2021,401282115,Mississippi State,attribution_only,dip_restore,0.0,game_unusable,cfbd_matches_neither
ff3c154300a5a431,3075deec2fc102a3,2022,401411108,Virginia Tech,points_recovery,incomplete_stream,27.0,game_unusable,cfbd_matches_neither
ff448cc079259963,f1b1b7bc8a93037e,2025,401778308,Washington State,attribution_only,dip_restore,0.0,game_unusable,cfbd_matches_neither
ff57fe2c361e65f7,009a2092b7c06d62,2025,401754536,Old Dominion,attribution_only,dip_restore,0.0,corroborated,corroborated
ff70d92b4c7ce4af,2f27c9cd89ee6279,2025,401752722,South Carolina,attribution_only,dip_restore,0.0,corroborated,corroborated
ff887a129938cdb7,1f72daa53f3fba35,2023,401532409,Western Michigan,points_reduction,category_possession_reassignment,-7.0,game_unusable,cfbd_supports_baseline
ffa8321a629856f6,9e3b9d27bee977cb,2021,401282259,Western Kentucky,attribution_only,restoration_gt8,0.0,game_unusable,cfbd_matches_neither
ffcf64b47a438223,7ff7159e05691800,2022,401403938,South Carolina,attribution_only,dip_restore,0.0,corroborated,corroborated
ffda1cca127d6777,440208b0ce80c491,2017,400938893,Appalachian State,attribution_only,dip_restore,0.0,game_unusable,corroborated
ffe49ddf09be0d50,d38c012011903302,2025,401760361,Georgia Southern,attribution_only,dip_restore,0.0,corroborated,corroborated
