season_0,as_of_week_0,team,role,metric,value_0,n_0,games_0,rank_0,cohort_size_0,season_n,as_of_week_n,value_n,n_n,games_n,rank_n,cohort_size_n,dv,dr
2026,5,Air Force,offense,ppa_per_play,0.26331265736792747,139,2,24.0,138,2026,5,0.26331265736792747,139,2,24.0,138,0.0,0.0
2026,5,Air Force,offense,epa_pass,0.41163002220683725,28,2,21.0,138,2026,5,0.41163002220683725,28,2,21.0,138,0.0,0.0
2026,5,Air Force,offense,epa_rush,0.22589926803919347,111,2,17.0,138,2026,5,0.22589926803919347,111,2,17.0,138,0.0,0.0
2026,5,Air Force,offense,early_down_epa,0.04034416497801632,103,2,73.0,138,2026,5,0.04034416497801632,103,2,73.0,138,0.0,0.0
2026,5,Akron,offense,ppa_per_play,-0.10637352574425955,152,3,128.0,138,2026,5,-0.10779183942084967,150,3,128.0,138,-0.0014183136765901216,0.0
2026,5,Akron,offense,epa_pass,-0.1264163146852495,89,3,126.0,138,2026,5,-0.12785286371576368,88,3,126.0,138,-0.0014365490305141837,0.0
2026,5,Akron,offense,epa_rush,-0.07805910962127374,63,3,113.0,138,2026,5,-0.07931812751839107,62,3,113.0,138,-0.001259017897117326,0.0
2026,5,Akron,offense,early_down_epa,-0.07993027662734067,117,3,115.0,138,2026,5,-0.08061933073619706,116,3,115.0,138,-0.0006890541088563906,0.0
2026,5,Alabama,offense,ppa_per_play,0.32134931582451115,244,4,12.0,138,2026,5,0.3267051377549196,240,4,12.0,138,0.005355821930408455,0.0
2026,5,Alabama,offense,epa_pass,0.4509429043046422,114,4,16.0,138,2026,5,0.4589954561672251,112,4,16.0,138,0.008052551862582913,0.0
2026,5,Alabama,offense,epa_rush,0.21432780398711113,129,4,18.0,138,2026,5,0.21770304499478219,127,4,18.0,138,0.0033752410076710593,0.0
2026,5,Alabama,offense,early_down_epa,0.2052968007599724,198,4,22.0,138,2026,5,0.20845521307935663,195,4,22.0,138,0.0031584123193842406,0.0
2026,5,App State,offense,ppa_per_play,0.1476141412260024,209,3,61.0,138,2026,5,0.1490403648127271,207,3,61.0,138,0.0014262235867247008,0.0
2026,5,App State,offense,epa_pass,0.394079687384184,113,3,27.0,138,2026,5,0.39759825602154286,112,3,25.0,138,0.0035185686373588876,-2.0
2026,5,App State,offense,epa_rush,-0.14249634539769054,96,3,124.0,138,2026,5,-0.14399630692819257,95,3,124.0,138,-0.0014999615305020253,0.0
2026,5,App State,offense,early_down_epa,0.1217019768786693,159,3,46.0,138,2026,5,0.12325232053317463,157,3,45.0,138,0.0015503436545053345,-1.0
2026,5,Arizona,offense,ppa_per_play,0.2493713150959866,191,3,26.0,138,2026,5,0.2493713150959866,191,3,27.0,138,0.0,1.0
2026,5,Arizona,offense,epa_pass,0.35799133547296247,110,3,33.0,138,2026,5,0.35799133547296247,110,3,33.0,138,0.0,0.0
2026,5,Arizona,offense,epa_rush,0.10186264544824153,81,3,59.0,138,2026,5,0.10186264544824153,81,3,59.0,138,0.0,0.0
2026,5,Arizona,offense,early_down_epa,0.1572595770911362,150,3,36.0,138,2026,5,0.1572595770911362,150,3,36.0,138,0.0,0.0
2026,5,Arizona State,offense,ppa_per_play,-0.10178037953328221,124,2,127.0,138,2026,5,-0.10178037953328221,124,2,127.0,138,0.0,0.0
2026,5,Arizona State,offense,epa_pass,0.0009176767747029176,55,2,106.0,138,2026,5,0.0009176767747029176,55,2,106.0,138,0.0,0.0
2026,5,Arizona State,offense,epa_rush,-0.18364114905413995,69,2,132.0,138,2026,5,-0.18364114905413995,69,2,132.0,138,0.0,0.0
2026,5,Arizona State,offense,early_down_epa,-0.1606545286516993,93,2,130.0,138,2026,5,-0.1606545286516993,93,2,130.0,138,0.0,0.0
2026,5,Arkansas,offense,ppa_per_play,-0.02459316083541849,169,3,114.0,138,2026,5,-0.02473954869753408,168,3,114.0,138,-0.00014638786211558855,0.0
2026,5,Arkansas,offense,epa_pass,-0.0038509725603492096,102,3,107.0,138,2026,5,-0.0038509725603492096,102,3,107.0,138,0.0,0.0
2026,5,Arkansas,offense,epa_rush,-0.056170820597464276,67,3,109.0,138,2026,5,-0.057021893636819795,66,3,109.0,138,-0.0008510730393555196,0.0
2026,5,Arkansas,offense,early_down_epa,-0.11431165174618678,129,3,126.0,138,2026,5,-0.11520471152545385,128,3,126.0,138,-0.0008930597792670691,0.0
2026,5,Arkansas State,offense,ppa_per_play,0.06366611493187971,174,3,84.0,138,2026,5,0.06366611493187971,174,3,84.0,138,0.0,0.0
2026,5,Arkansas State,offense,epa_pass,0.017010303310927594,90,3,101.0,138,2026,5,0.017010303310927594,90,3,101.0,138,0.0,0.0
2026,5,Arkansas State,offense,epa_rush,0.11365448452575692,84,3,55.0,138,2026,5,0.11365448452575692,84,3,56.0,138,0.0,1.0
2026,5,Arkansas State,offense,early_down_epa,0.03424958449680414,134,3,74.0,138,2026,5,0.03424958449680414,134,3,74.0,138,0.0,0.0
2026,5,Army,offense,ppa_per_play,0.21263651913467477,126,2,39.0,138,2026,5,0.21433761128775217,125,2,39.0,138,0.0017010921530773992,0.0
2026,5,Army,offense,epa_pass,0.5844564838910358,17,2,5.0,138,2026,5,0.5844564838910358,17,2,5.0,138,0.0,0.0
2026,5,Army,offense,epa_rush,0.15464624940203134,109,2,39.0,138,2026,5,0.15607815911871684,108,2,39.0,138,0.0014319097166854977,0.0
2026,5,Army,offense,early_down_epa,0.15421684547740291,99,2,38.0,138,2026,5,0.15579048675778456,98,2,38.0,138,0.001573641280381649,0.0
2026,5,Auburn,offense,ppa_per_play,0.1271803790151676,266,4,67.0,138,2026,5,0.12766030497371547,265,4,67.0,138,0.0004799259585478721,0.0
2026,5,Auburn,offense,epa_pass,0.09894903841533342,139,4,77.0,138,2026,5,0.09966606043283584,138,4,77.0,138,0.0007170220175024139,0.0
2026,5,Auburn,offense,epa_rush,0.15055463004627453,126,4,40.0,138,2026,5,0.15055463004627453,126,4,41.0,138,0.0,1.0
2026,5,Auburn,offense,early_down_epa,-0.030724585724785567,200,4,101.0,138,2026,5,-0.0308789806279252,199,4,100.0,138,-0.0001543949031396312,-1.0
2026,5,BYU,offense,ppa_per_play,0.3766309989667077,114,2,6.0,138,2026,5,0.3766309989667077,114,2,6.0,138,0.0,0.0
2026,5,BYU,offense,epa_pass,0.30058565783894825,44,2,41.0,138,2026,5,0.30058565783894825,44,2,41.0,138,0.0,0.0
2026,5,BYU,offense,epa_rush,0.42443092767558516,70,2,2.0,138,2026,5,0.42443092767558516,70,2,2.0,138,0.0,0.0
2026,5,BYU,offense,early_down_epa,0.3612256583599418,94,2,5.0,138,2026,5,0.3612256583599418,94,2,5.0,138,0.0,0.0
2026,5,Ball State,offense,ppa_per_play,-0.03215353248673657,139,3,116.0,138,2026,5,-0.03215353248673657,139,3,116.0,138,0.0,0.0
2026,5,Ball State,offense,epa_pass,-0.026027196325764324,73,3,113.0,138,2026,5,-0.026027196325764324,73,3,113.0,138,0.0,0.0
2026,5,Ball State,offense,epa_rush,-0.01432871872194129,65,3,100.0,138,2026,5,-0.01432871872194129,65,3,100.0,138,0.0,0.0
2026,5,Ball State,offense,early_down_epa,-0.09699426188294032,104,3,120.0,138,2026,5,-0.09699426188294032,104,3,120.0,138,0.0,0.0
2026,5,Baylor,offense,ppa_per_play,0.040414086125932364,240,3,92.0,138,2026,5,0.04075370029505785,238,3,92.0,138,0.0003396141691254864,0.0
2026,5,Baylor,offense,epa_pass,0.14762610022605321,120,3,70.0,138,2026,5,0.14886665569013766,119,3,70.0,138,0.0012405554640844418,0.0
2026,5,Baylor,offense,epa_rush,-0.0667979279741885,120,3,111.0,138,2026,5,-0.06735925510002201,119,3,111.0,138,-0.0005613271258335106,0.0
2026,5,Baylor,offense,early_down_epa,0.004243730664969875,179,3,86.0,138,2026,5,0.004267571848480942,178,3,86.0,138,2.3841183511066726e-05,0.0
2026,5,Boise State,offense,ppa_per_play,0.27189978428487854,202,3,20.0,138,2026,5,0.27325251953007695,201,3,20.0,138,0.001352735245198411,0.0
2026,5,Boise State,offense,epa_pass,0.28803970771809073,82,3,44.0,138,2026,5,0.28803970771809073,82,3,44.0,138,0.0,0.0
2026,5,Boise State,offense,epa_rush,0.2608708366055169,120,3,13.0,138,2026,5,0.26306302850976493,119,3,12.0,138,0.00219219190424802,-1.0
2026,5,Boise State,offense,early_down_epa,0.19700279109799268,155,3,25.0,138,2026,5,0.19828203000122638,154,3,24.0,138,0.0012792389032336982,-1.0
2026,5,Boston College,offense,ppa_per_play,0.007695580720197014,194,3,105.0,138,2026,5,0.007735454195431196,193,3,105.0,138,3.987347523418203e-05,0.0
2026,5,Boston College,offense,epa_pass,-0.03726669199285319,93,3,114.0,138,2026,5,-0.037671764731905914,92,3,114.0,138,-0.0004050727390527212,0.0
2026,5,Boston College,offense,epa_rush,0.04909648529756008,101,3,74.0,138,2026,5,0.04909648529756008,101,3,74.0,138,0.0,0.0
2026,5,Boston College,offense,early_down_epa,-0.02828767246875423,149,3,97.0,138,2026,5,-0.02847880539084042,148,3,97.0,138,-0.00019113292208618876,0.0
2026,5,Bowling Green,offense,ppa_per_play,-0.2369367597783557,117,3,136.0,138,2026,5,-0.23897931805230704,116,3,136.0,138,-0.0020425582739513337,0.0
2026,5,Bowling Green,offense,epa_pass,-0.21330525743619075,58,3,135.0,138,2026,5,-0.21330525743619075,58,3,135.0,138,0.0,0.0
2026,5,Bowling Green,offense,epa_rush,-0.2601677281825178,59,3,135.0,138,2026,5,-0.2646533786684233,58,3,135.0,138,-0.00448565048590549,0.0
2026,5,Bowling Green,offense,early_down_epa,-0.22383624391365284,86,3,136.0,138,2026,5,-0.22646961148910758,85,3,136.0,138,-0.002633367575454737,0.0
2026,5,Buffalo,offense,ppa_per_play,-0.08884113057810702,108,2,126.0,138,2026,5,-0.08967142151808934,107,2,126.0,138,-0.0008302909399823116,0.0
2026,5,Buffalo,offense,epa_pass,-0.03907254405341114,65,2,115.0,138,2026,5,-0.03907254405341114,65,2,115.0,138,0.0,0.0
2026,5,Buffalo,offense,epa_rush,-0.14654355526427207,42,2,126.0,138,2026,5,-0.15011778831949824,41,2,127.0,138,-0.003574233055226167,1.0
2026,5,Buffalo,offense,early_down_epa,-0.22391865818807793,76,2,137.0,138,2026,5,-0.2269042402972523,75,2,137.0,138,-0.0029855821091743784,0.0
2026,5,California,offense,ppa_per_play,-0.1264792690391014,203,3,129.0,138,2026,5,-0.12710540403434445,202,3,129.0,138,-0.000626134995243055,0.0
2026,5,California,offense,epa_pass,-0.13919758033409677,114,3,129.0,138,2026,5,-0.13919758033409677,114,3,129.0,138,0.0,0.0
2026,5,California,offense,epa_rush,-0.1101883983915792,89,3,118.0,138,2026,5,-0.11144053928239263,88,3,118.0,138,-0.0012521408908134218,0.0
2026,5,California,offense,early_down_epa,-0.10950815026805906,152,3,125.0,138,2026,5,-0.11023336980625814,151,3,125.0,138,-0.0007252195381990817,0.0
2026,5,Central Michigan,offense,ppa_per_play,0.08526100464326343,124,3,78.0,138,2026,5,0.0866587260308579,122,3,78.0,138,0.001397721387594475,0.0
2026,5,Central Michigan,offense,epa_pass,-0.16088852840301468,37,3,130.0,138,2026,5,-0.16088852840301468,37,3,130.0,138,0.0,0.0
2026,5,Central Michigan,offense,epa_rush,0.18994528881237022,87,3,25.0,138,2026,5,0.19441458972560247,85,3,21.0,138,0.004469300913232249,-4.0
2026,5,Central Michigan,offense,early_down_epa,-0.028406964517972706,92,3,98.0,138,2026,5,-0.028406964517972706,92,3,96.0,138,0.0,-2.0
2026,5,Charlotte,offense,ppa_per_play,-0.2681751969026843,149,3,138.0,138,2026,5,-0.2681751969026843,149,3,138.0,138,0.0,0.0
2026,5,Charlotte,offense,epa_pass,-0.12838432296006116,86,3,127.0,138,2026,5,-0.12838432296006116,86,3,127.0,138,0.0,0.0
2026,5,Charlotte,offense,epa_rush,-0.4590008343481698,63,3,138.0,138,2026,5,-0.4590008343481698,63,3,138.0,138,0.0,0.0
2026,5,Charlotte,offense,early_down_epa,-0.09522954678678132,111,3,118.0,138,2026,5,-0.09522954678678132,111,3,118.0,138,0.0,0.0
2026,5,Cincinnati,offense,ppa_per_play,0.27647203402616033,190,3,18.0,138,2026,5,0.280907414251179,187,3,18.0,138,0.004435380225018659,0.0
2026,5,Cincinnati,offense,epa_pass,0.3346041255185082,76,3,35.0,138,2026,5,0.3346041255185082,76,3,35.0,138,0.0,0.0
2026,5,Cincinnati,offense,epa_rush,0.23982099934127302,113,3,16.0,138,2026,5,0.2441420984285032,111,3,16.0,138,0.00432109908723019,0.0
2026,5,Cincinnati,offense,early_down_epa,0.17904737859334421,148,3,27.0,138,2026,5,0.18275180711596511,145,3,27.0,138,0.0037044285226209006,0.0
2026,5,Clemson,offense,ppa_per_play,0.020324328222502,234,4,102.0,138,2026,5,0.02049953794855805,232,4,102.0,138,0.00017520972605605117,0.0
2026,5,Clemson,offense,epa_pass,-0.05800152831774571,110,4,118.0,138,2026,5,-0.05800152831774571,110,4,118.0,138,0.0,0.0
2026,5,Clemson,offense,epa_rush,0.0898069428953024,124,4,63.0,138,2026,5,0.09127918786079915,122,4,63.0,138,0.0014722449654967495,0.0
2026,5,Clemson,offense,early_down_epa,-0.004083122801583269,181,4,91.0,138,2026,5,-0.004128744285399842,179,4,91.0,138,-4.562148381657277e-05,0.0
2026,5,Coastal Carolina,offense,ppa_per_play,0.10970049496854274,189,3,73.0,138,2026,5,0.10970049496854274,189,3,73.0,138,0.0,0.0
2026,5,Coastal Carolina,offense,epa_pass,0.20425437945499603,104,3,59.0,138,2026,5,0.20425437945499603,104,3,59.0,138,0.0,0.0
2026,5,Coastal Carolina,offense,epa_rush,-0.005988963697235468,85,3,96.0,138,2026,5,-0.005988963697235468,85,3,96.0,138,0.0,0.0
2026,5,Coastal Carolina,offense,early_down_epa,0.03418954286485051,147,3,75.0,138,2026,5,0.03418954286485051,147,3,75.0,138,0.0,0.0
2026,5,Colorado,offense,ppa_per_play,-0.08162754604028508,209,3,123.0,138,2026,5,-0.0832202786459492,205,3,123.0,138,-0.0015927326056641294,0.0
2026,5,Colorado,offense,epa_pass,-0.017397688446484413,99,3,112.0,138,2026,5,-0.01775640367218512,97,3,112.0,138,-0.00035871522570070716,0.0
2026,5,Colorado,offense,epa_rush,-0.13751970618097648,109,3,123.0,138,2026,5,-0.14009016797875173,107,3,123.0,138,-0.0025704617977752586,0.0
2026,5,Colorado,offense,early_down_epa,-0.028057169862422467,159,3,96.0,138,2026,5,-0.02859673082131521,156,3,98.0,138,-0.0005395609588927444,2.0
2026,5,Colorado State,offense,ppa_per_play,0.20849748970138662,206,3,41.0,138,2026,5,0.20849748970138662,206,3,41.0,138,0.0,0.0
2026,5,Colorado State,offense,epa_pass,0.22311570761905078,121,3,54.0,138,2026,5,0.22311570761905078,121,3,54.0,138,0.0,0.0
2026,5,Colorado State,offense,epa_rush,0.1876880265480059,85,3,26.0,138,2026,5,0.1876880265480059,85,3,26.0,138,0.0,0.0
2026,5,Colorado State,offense,early_down_epa,-0.030210771236944257,151,3,99.0,138,2026,5,-0.030210771236944257,151,3,99.0,138,0.0,0.0
2026,5,Delaware,offense,ppa_per_play,-0.003679177484241336,170,3,106.0,138,2026,5,-0.0037009477652131784,169,3,106.0,138,-2.177028097184253e-05,0.0
2026,5,Delaware,offense,epa_pass,0.014101030963721516,91,3,102.0,138,2026,5,0.014101030963721516,91,3,102.0,138,0.0,0.0
2026,5,Delaware,offense,epa_rush,-0.02403679724108808,78,3,102.0,138,2026,5,-0.02434896343902428,77,3,102.0,138,-0.0003121661979362013,0.0
2026,5,Delaware,offense,early_down_epa,-0.05315234981895722,129,3,109.0,138,2026,5,-0.05315234981895722,129,3,109.0,138,0.0,0.0
2026,5,Duke,offense,ppa_per_play,0.21905913493023593,196,3,36.0,138,2026,5,0.22018251510936535,195,3,36.0,138,0.001123380179129413,0.0
2026,5,Duke,offense,epa_pass,0.2891670765134059,72,3,43.0,138,2026,5,0.2932398522389468,71,3,43.0,138,0.004072775725540878,0.0
2026,5,Duke,offense,epa_rush,0.17835129788194368,124,3,31.0,138,2026,5,0.17835129788194368,124,3,31.0,138,0.0,0.0
2026,5,Duke,offense,early_down_epa,0.17816483432314092,152,3,28.0,138,2026,5,0.17816483432314092,152,3,28.0,138,0.0,0.0
2026,5,East Carolina,offense,ppa_per_play,-0.025880818979041872,174,3,115.0,138,2026,5,-0.026334868434814526,171,3,115.0,138,-0.00045404945577265376,0.0
2026,5,East Carolina,offense,epa_pass,0.008806723467146876,79,3,103.0,138,2026,5,0.009035469531228612,77,3,103.0,138,0.0002287460640817366,0.0
2026,5,East Carolina,offense,epa_rush,0.023599808008549408,93,3,87.0,138,2026,5,0.02385632766081625,92,3,87.0,138,0.0002565196522668414,0.0
2026,5,East Carolina,offense,early_down_epa,0.02428625189727014,137,3,79.0,138,2026,5,0.0244648272788677,136,3,79.0,138,0.00017857538159756284,0.0
2026,5,Eastern Michigan,offense,ppa_per_play,-0.04288726553305079,229,4,119.0,138,2026,5,-0.04288726553305079,229,4,119.0,138,0.0,0.0
2026,5,Eastern Michigan,offense,epa_pass,-0.05829165527457215,132,4,119.0,138,2026,5,-0.05829165527457215,132,4,119.0,138,0.0,0.0
2026,5,Eastern Michigan,offense,epa_rush,0.06611303534176928,95,4,71.0,138,2026,5,0.06611303534176928,95,4,71.0,138,0.0,0.0
2026,5,Eastern Michigan,offense,early_down_epa,-0.09551544297114754,172,4,119.0,138,2026,5,-0.09551544297114754,172,4,119.0,138,0.0,0.0
2026,5,Florida,offense,ppa_per_play,0.3975919627578266,201,3,4.0,138,2026,5,0.3975919627578266,201,3,4.0,138,0.0,0.0
2026,5,Florida,offense,epa_pass,0.5025707480251419,69,3,9.0,138,2026,5,0.5025707480251419,69,3,9.0,138,0.0,0.0
2026,5,Florida,offense,epa_rush,0.34271668864082094,132,3,4.0,138,2026,5,0.34271668864082094,132,3,4.0,138,0.0,0.0
2026,5,Florida,offense,early_down_epa,0.27933963860578004,161,3,13.0,138,2026,5,0.27933963860578004,161,3,13.0,138,0.0,0.0
2026,5,Florida Atlantic,offense,ppa_per_play,0.15513263162071284,290,4,60.0,138,2026,5,0.1567542270731942,287,4,60.0,138,0.0016215954524813614,0.0
2026,5,Florida Atlantic,offense,epa_pass,0.21280305095216576,153,4,58.0,138,2026,5,0.21420307102421943,152,4,58.0,138,0.0014000200720536704,0.0
2026,5,Florida Atlantic,offense,epa_rush,0.10726363146561856,134,4,57.0,138,2026,5,0.10807012493528485,133,4,57.0,138,0.0008064934696662973,0.0
2026,5,Florida Atlantic,offense,early_down_epa,0.0835415065689902,210,4,53.0,138,2026,5,0.08434479028599973,208,4,53.0,138,0.0008032837170095231,0.0
2026,5,Florida International,offense,ppa_per_play,-0.016227816411292957,233,3,112.0,138,2026,5,-0.016439483581875032,230,3,112.0,138,-0.00021166717058207496,0.0
2026,5,Florida International,offense,epa_pass,0.09673409856119601,133,3,79.0,138,2026,5,0.09746693264120507,132,3,79.0,138,0.0007328340800090566,0.0
2026,5,Florida International,offense,epa_rush,-0.16646716332470327,100,3,131.0,138,2026,5,-0.1698644523721462,98,3,131.0,138,-0.0033972890474429362,0.0
2026,5,Florida International,offense,early_down_epa,-0.036245155226828425,165,3,104.0,138,2026,5,-0.036689881057832496,163,3,104.0,138,-0.0004447258310040711,0.0
2026,5,Florida State,offense,ppa_per_play,0.19120066283043358,197,3,47.0,138,2026,5,0.19120066283043358,197,3,47.0,138,0.0,0.0
2026,5,Florida State,offense,epa_pass,0.19899595299149023,86,3,62.0,138,2026,5,0.19899595299149023,86,3,62.0,138,0.0,0.0
2026,5,Florida State,offense,epa_rush,0.1851610686515969,111,3,29.0,138,2026,5,0.1851610686515969,111,3,29.0,138,0.0,0.0
2026,5,Florida State,offense,early_down_epa,0.009530355702394095,148,3,84.0,138,2026,5,0.009530355702394095,148,3,84.0,138,0.0,0.0
2026,5,Fresno State,offense,ppa_per_play,0.14579395678964385,211,4,62.0,138,2026,5,0.14718911427088446,209,4,62.0,138,0.001395157481240611,0.0
2026,5,Fresno State,offense,epa_pass,0.40009554763314215,100,4,24.0,138,2026,5,0.40009554763314215,100,4,24.0,138,0.0,0.0
2026,5,Fresno State,offense,epa_rush,-0.05060579461457812,109,4,107.0,138,2026,5,-0.05155169731765435,107,4,107.0,138,-0.0009459027030762276,0.0
2026,5,Fresno State,offense,early_down_epa,0.14434606797180022,164,4,39.0,138,2026,5,0.14523162667101375,163,4,39.0,138,0.0008855586992135289,0.0
2026,5,Georgia,offense,ppa_per_play,0.2946192656506743,126,3,16.0,138,2026,5,0.29697621977587974,125,3,16.0,138,0.002356954125205424,0.0
2026,5,Georgia,offense,epa_pass,0.40701184733819606,54,3,22.0,138,2026,5,0.40701184733819606,54,3,22.0,138,0.0,0.0
2026,5,Georgia,offense,epa_rush,0.21032482938503297,72,3,19.0,138,2026,5,0.21328715092566716,71,3,19.0,138,0.002962321540634194,0.0
2026,5,Georgia,offense,early_down_epa,0.1726166146294738,99,3,31.0,138,2026,5,0.1726166146294738,99,3,31.0,138,0.0,0.0
2026,5,Georgia Southern,offense,ppa_per_play,0.10328524562220211,203,3,76.0,138,2026,5,0.10328524562220211,203,3,76.0,138,0.0,0.0
2026,5,Georgia Southern,offense,epa_pass,0.14152950860017285,126,3,71.0,138,2026,5,0.14152950860017285,126,3,71.0,138,0.0,0.0
2026,5,Georgia Southern,offense,epa_rush,0.040703724385522715,77,3,78.0,138,2026,5,0.040703724385522715,77,3,78.0,138,0.0,0.0
2026,5,Georgia Southern,offense,early_down_epa,0.0006927881071885517,151,3,90.0,138,2026,5,0.0006927881071885517,151,3,90.0,138,0.0,0.0
2026,5,Georgia State,offense,ppa_per_play,0.16063478311665888,212,3,57.0,138,2026,5,0.16294054555374007,209,3,57.0,138,0.0023057624370811935,0.0
2026,5,Georgia State,offense,epa_pass,0.26316735961682114,95,3,45.0,138,2026,5,0.26596701237870224,94,3,45.0,138,0.0027996527618810996,0.0
2026,5,Georgia State,offense,epa_rush,0.07738183638575792,117,3,66.0,138,2026,5,0.07872760745333633,115,3,66.0,138,0.0013457710675784107,0.0
2026,5,Georgia State,offense,early_down_epa,0.042239662818215847,163,3,72.0,138,2026,5,0.042239662818215847,163,3,72.0,138,0.0,0.0
2026,5,Georgia Tech,offense,ppa_per_play,0.06600713127650704,195,3,83.0,138,2026,5,0.06634737422123131,194,3,83.0,138,0.0003402429447242755,0.0
2026,5,Georgia Tech,offense,epa_pass,0.03831430028319166,110,3,98.0,138,2026,5,0.0386658076252393,109,3,98.0,138,0.0003515073420476411,0.0
2026,5,Georgia Tech,offense,epa_rush,0.10184491256197402,85,3,60.0,138,2026,5,0.10184491256197402,85,3,60.0,138,0.0,0.0
2026,5,Georgia Tech,offense,early_down_epa,0.03337433183615,152,3,76.0,138,2026,5,0.03337433183615,152,3,76.0,138,0.0,0.0
2026,5,Hawai'i,offense,ppa_per_play,0.04958481443580789,293,4,88.0,138,2026,5,0.04958481443580789,293,4,88.0,138,0.0,0.0
2026,5,Hawai'i,offense,epa_pass,0.09025355431549217,194,4,81.0,138,2026,5,0.09025355431549217,194,4,82.0,138,0.0,1.0
2026,5,Hawai'i,offense,epa_rush,0.06699784990539463,96,4,70.0,138,2026,5,0.06699784990539463,96,4,70.0,138,0.0,0.0
2026,5,Hawai'i,offense,early_down_epa,-0.03940426811274502,216,4,105.0,138,2026,5,-0.03940426811274502,216,4,105.0,138,0.0,0.0
2026,5,Houston,offense,ppa_per_play,0.3407532649447813,210,3,11.0,138,2026,5,0.3407532649447813,210,3,11.0,138,0.0,0.0
2026,5,Houston,offense,epa_pass,0.5305458695070738,94,3,8.0,138,2026,5,0.5305458695070738,94,3,8.0,138,0.0,0.0
2026,5,Houston,offense,epa_rush,0.18695580952361326,116,3,27.0,138,2026,5,0.18695580952361326,116,3,27.0,138,0.0,0.0
2026,5,Houston,offense,early_down_epa,0.20201015485048443,172,3,23.0,138,2026,5,0.20201015485048443,172,3,23.0,138,0.0,0.0
2026,5,Illinois,offense,ppa_per_play,0.2155641136752253,182,3,37.0,138,2026,5,0.2155641136752253,182,3,38.0,138,0.0,1.0
2026,5,Illinois,offense,epa_pass,0.24282259403641857,94,3,51.0,138,2026,5,0.24282259403641857,94,3,51.0,138,0.0,0.0
2026,5,Illinois,offense,epa_rush,0.18644710056213254,88,3,28.0,138,2026,5,0.18644710056213254,88,3,28.0,138,0.0,0.0
2026,5,Illinois,offense,early_down_epa,0.30123947987287164,142,3,9.0,138,2026,5,0.30123947987287164,142,3,9.0,138,0.0,0.0
2026,5,Indiana,offense,ppa_per_play,0.36032856730293994,163,3,8.0,138,2026,5,0.36255281771839026,162,3,8.0,138,0.002224250415450324,0.0
2026,5,Indiana,offense,epa_pass,0.6732717189385758,70,3,2.0,138,2026,5,0.6830292800826132,69,3,2.0,138,0.009757561144037363,0.0
2026,5,Indiana,offense,epa_rush,0.12477995854493452,93,3,54.0,138,2026,5,0.12477995854493452,93,3,54.0,138,0.0,0.0
2026,5,Indiana,offense,early_down_epa,0.28304077631980407,125,3,11.0,138,2026,5,0.28304077631980407,125,3,12.0,138,0.0,1.0
2026,5,Iowa,offense,ppa_per_play,0.07586492975550846,181,3,82.0,138,2026,5,0.07586492975550846,181,3,82.0,138,0.0,0.0
2026,5,Iowa,offense,epa_pass,0.1300933889563986,102,3,74.0,138,2026,5,0.1300933889563986,102,3,74.0,138,0.0,0.0
2026,5,Iowa,offense,epa_rush,0.0058484381290427444,79,3,93.0,138,2026,5,0.0058484381290427444,79,3,93.0,138,0.0,0.0
2026,5,Iowa,offense,early_down_epa,0.07031987346057514,139,3,58.0,138,2026,5,0.07031987346057514,139,3,58.0,138,0.0,0.0
2026,5,Iowa State,offense,ppa_per_play,0.07936912549325835,168,3,80.0,138,2026,5,0.0803253800172735,166,3,80.0,138,0.0009562545240151543,0.0
2026,5,Iowa State,offense,epa_pass,0.09874373768688698,76,3,78.0,138,2026,5,0.10141248735410009,74,3,76.0,138,0.002668749667213116,-2.0
2026,5,Iowa State,offense,epa_rush,0.06336401107243467,92,3,72.0,138,2026,5,0.06336401107243467,92,3,72.0,138,0.0,0.0
2026,5,Iowa State,offense,early_down_epa,0.09898665190911085,131,3,52.0,138,2026,5,0.10052132868289552,129,3,52.0,138,0.001534676773784674,0.0
2026,5,Jacksonville State,offense,ppa_per_play,0.1348749303940297,232,4,64.0,138,2026,5,0.1354588045515796,231,4,65.0,138,0.0005838741575499018,1.0
2026,5,Jacksonville State,offense,epa_pass,0.19123781971304837,104,4,64.0,138,2026,5,0.19123781971304837,104,4,64.0,138,0.0,0.0
2026,5,Jacksonville State,offense,epa_rush,0.14239377796668062,127,4,44.0,138,2026,5,0.14352388731562257,126,4,44.0,138,0.001130109348941949,0.0
2026,5,Jacksonville State,offense,early_down_epa,0.018109177360966764,180,4,82.0,138,2026,5,0.018210345949575515,179,4,82.0,138,0.00010116858860875072,0.0
2026,5,James Madison,offense,ppa_per_play,0.19126797059851935,203,3,46.0,138,2026,5,0.19221484174009618,202,3,46.0,138,0.0009468711415768216,0.0
2026,5,James Madison,offense,epa_pass,0.303475686794451,92,3,40.0,138,2026,5,0.303475686794451,92,3,40.0,138,0.0,0.0
2026,5,James Madison,offense,epa_rush,0.09826698059828771,111,3,61.0,138,2026,5,0.09916031678554486,110,3,61.0,138,0.0008933361872571488,0.0
2026,5,James Madison,offense,early_down_epa,0.10551972760018175,157,3,51.0,138,2026,5,0.10619613611043931,156,3,51.0,138,0.0006764085102575618,0.0
2026,5,Kansas,offense,ppa_per_play,-0.05620854281100003,141,2,121.0,138,2026,5,-0.05743046765471742,138,2,121.0,138,-0.0012219248437173869,0.0
2026,5,Kansas,offense,epa_pass,-0.050641698718879684,68,2,117.0,138,2026,5,-0.050641698718879684,68,2,117.0,138,0.0,0.0
2026,5,Kansas,offense,epa_rush,-0.06139409621187924,73,2,110.0,138,2026,5,-0.06402527176381691,70,2,110.0,138,-0.0026311755519376687,0.0
2026,5,Kansas,offense,early_down_epa,-0.06410035979349572,102,2,111.0,138,2026,5,-0.0653823669893656,100,2,111.0,138,-0.0012820071958698775,0.0
2026,5,Kansas State,offense,ppa_per_play,0.23729224430269033,206,3,32.0,138,2026,5,0.23961863885467755,204,3,30.0,138,0.0023263945519872153,-2.0
2026,5,Kansas State,offense,epa_pass,0.18006398780389932,108,3,66.0,138,2026,5,0.1817468288114124,107,3,66.0,138,0.0016828410075130917,0.0
2026,5,Kansas State,offense,epa_rush,0.3003601188115621,98,3,7.0,138,2026,5,0.3034566148817844,97,3,6.0,138,0.0030964960702222766,-1.0
2026,5,Kansas State,offense,early_down_epa,0.06233044190739451,158,3,63.0,138,2026,5,0.06312955013697649,156,3,63.0,138,0.0007991082295819851,0.0
2026,5,Kennesaw State,offense,ppa_per_play,0.06293081752248955,164,3,85.0,138,2026,5,0.06331689615759685,163,3,85.0,138,0.0003860786351072981,0.0
2026,5,Kennesaw State,offense,epa_pass,0.046694828578581635,84,3,94.0,138,2026,5,0.046694828578581635,84,3,94.0,138,0.0,0.0
2026,5,Kennesaw State,offense,epa_rush,0.07997860591359289,80,3,64.0,138,2026,5,0.08099099333022067,79,3,64.0,138,0.0010123874166277774,0.0
2026,5,Kennesaw State,offense,early_down_epa,0.12522354426495394,131,3,43.0,138,2026,5,0.12618680229776127,130,3,43.0,138,0.0009632580328073348,0.0
2026,5,Kent State,offense,ppa_per_play,-0.008310343140216909,127,3,108.0,138,2026,5,-0.008310343140216909,127,3,108.0,138,0.0,0.0
2026,5,Kent State,offense,epa_pass,0.153656808905695,59,3,68.0,138,2026,5,0.153656808905695,59,3,69.0,138,0.0,1.0
2026,5,Kent State,offense,epa_rush,-0.14884066623887574,68,3,127.0,138,2026,5,-0.14884066623887574,68,3,126.0,138,0.0,-1.0
2026,5,Kent State,offense,early_down_epa,-0.14496029860845083,91,3,128.0,138,2026,5,-0.14496029860845083,91,3,128.0,138,0.0,0.0
2026,5,Kentucky,offense,ppa_per_play,0.13347353963005323,184,3,66.0,138,2026,5,0.13494028182379006,182,3,66.0,138,0.0014667421937368252,0.0
2026,5,Kentucky,offense,epa_pass,0.06463585485537861,81,3,91.0,138,2026,5,0.06463585485537861,81,3,92.0,138,0.0,1.0
2026,5,Kentucky,offense,epa_rush,0.18219533789423487,101,3,30.0,138,2026,5,0.18401729127317729,100,3,30.0,138,0.0018219533789424203,0.0
2026,5,Kentucky,offense,early_down_epa,0.32573205314529974,143,3,7.0,138,2026,5,0.3280259408435061,142,3,7.0,138,0.002293887698206376,0.0
2026,5,LSU,offense,ppa_per_play,0.19204794997492514,259,4,45.0,138,2026,5,0.19429851188869376,256,4,45.0,138,0.0022505619137686284,0.0
2026,5,LSU,offense,epa_pass,0.2476867912383241,120,4,48.0,138,2026,5,0.25188487244575336,118,4,47.0,138,0.004198081207429261,-1.0
2026,5,LSU,offense,epa_rush,0.14401441794896916,139,4,43.0,138,2026,5,0.1450580006877298,138,4,43.0,138,0.001043582738760651,0.0
2026,5,LSU,offense,early_down_epa,0.07337898802101224,206,4,57.0,138,2026,5,0.0740983898643555,204,4,57.0,138,0.0007194018433432647,0.0
2026,5,Liberty,offense,ppa_per_play,0.24370712816989198,186,3,28.0,138,2026,5,0.24502446399783734,185,3,28.0,138,0.001317335827945354,0.0
2026,5,Liberty,offense,epa_pass,0.4791130330610758,72,3,12.0,138,2026,5,0.4791130330610758,72,3,12.0,138,0.0,0.0
2026,5,Liberty,offense,epa_rush,0.09502971455440759,114,3,62.0,138,2026,5,0.09587068547966782,113,3,62.0,138,0.000840970925260226,0.0
2026,5,Liberty,offense,early_down_epa,0.16531923661983453,144,3,34.0,138,2026,5,0.16647531519759562,143,3,34.0,138,0.0011560785777610938,0.0
2026,5,Louisiana,offense,ppa_per_play,0.11753228280278218,201,3,70.0,138,2026,5,0.11871351177567446,199,3,70.0,138,0.001181228972892287,0.0
2026,5,Louisiana,offense,epa_pass,0.2439137172730604,75,3,50.0,138,2026,5,0.2439137172730604,75,3,50.0,138,0.0,0.0
2026,5,Louisiana,offense,epa_rush,0.11263175589392199,125,3,56.0,138,2026,5,0.11446316655886378,123,3,55.0,138,0.0018314106649417877,-1.0
2026,5,Louisiana,offense,early_down_epa,0.11607627731189102,156,3,47.0,138,2026,5,0.1175837614328247,154,3,47.0,138,0.0015074841209336831,0.0
2026,5,Louisiana Tech,offense,ppa_per_play,-0.2529164593666699,126,2,137.0,138,2026,5,-0.25699575709839034,124,2,137.0,138,-0.004079297731720444,0.0
2026,5,Louisiana Tech,offense,epa_pass,-0.18097759418633055,71,2,133.0,138,2026,5,-0.18622332155405033,69,2,134.0,138,-0.005245727367719777,1.0
2026,5,Louisiana Tech,offense,epa_rush,-0.3457829944176534,55,2,137.0,138,2026,5,-0.3457829944176534,55,2,137.0,138,0.0,0.0
2026,5,Louisiana Tech,offense,early_down_epa,-0.22512781397204648,91,2,138.0,138,2026,5,-0.23018686597141824,89,2,138.0,138,-0.005059051999371761,0.0
2026,5,Louisville,offense,ppa_per_play,0.22805657980997676,202,3,34.0,138,2026,5,0.22805657980997676,202,3,34.0,138,0.0,0.0
2026,5,Louisville,offense,epa_pass,0.32752838842505194,94,3,37.0,138,2026,5,0.32752838842505194,94,3,37.0,138,0.0,0.0
2026,5,Louisville,offense,epa_rush,0.1476039810443904,107,3,42.0,138,2026,5,0.1476039810443904,107,3,42.0,138,0.0,0.0
2026,5,Louisville,offense,early_down_epa,0.1982186231873801,159,3,24.0,138,2026,5,0.1982186231873801,159,3,25.0,138,0.0,1.0
2026,5,Marshall,offense,ppa_per_play,0.12648530129446037,174,3,68.0,138,2026,5,0.1272164302036769,173,3,68.0,138,0.000731128909216533,0.0
2026,5,Marshall,offense,epa_pass,0.35869923914041413,72,3,32.0,138,2026,5,0.35869923914041413,72,3,32.0,138,0.0,0.0
2026,5,Marshall,offense,epa_rush,0.037584548628922645,101,3,80.0,138,2026,5,0.03796039411521186,100,3,80.0,138,0.0003758454862892169,0.0
2026,5,Marshall,offense,early_down_epa,0.019079635797035626,138,3,81.0,138,2026,5,0.01921890321161252,137,3,81.0,138,0.0001392674145768956,0.0
2026,5,Maryland,offense,ppa_per_play,0.04211570474744216,197,3,90.0,138,2026,5,0.04233058079207197,196,3,90.0,138,0.00021487604462980953,0.0
2026,5,Maryland,offense,epa_pass,0.087525398361115,122,3,84.0,138,2026,5,0.08824874876079362,121,3,84.0,138,0.0007233503996786211,0.0
2026,5,Maryland,offense,epa_rush,-0.03175073019746559,75,3,103.0,138,2026,5,-0.03175073019746559,75,3,103.0,138,0.0,0.0
2026,5,Maryland,offense,early_down_epa,0.0013069517961958137,153,3,88.0,138,2026,5,0.0013155501632760376,152,3,88.0,138,8.598367080223926e-06,0.0
2026,5,Massachusetts,offense,ppa_per_play,0.34227688033680087,106,2,10.0,138,2026,5,0.34227688033680087,106,2,10.0,138,0.0,0.0
2026,5,Massachusetts,offense,epa_pass,0.47655887814969605,40,2,13.0,138,2026,5,0.47655887814969605,40,2,13.0,138,0.0,0.0
2026,5,Massachusetts,offense,epa_rush,0.2608938513592887,66,2,12.0,138,2026,5,0.2608938513592887,66,2,14.0,138,0.0,2.0
2026,5,Massachusetts,offense,early_down_epa,0.24074450359057525,87,2,17.0,138,2026,5,0.24074450359057525,87,2,19.0,138,0.0,2.0
2026,5,Memphis,offense,ppa_per_play,0.30179380093126756,174,3,14.0,138,2026,5,0.3035382737690206,173,3,14.0,138,0.0017444728377530305,0.0
2026,5,Memphis,offense,epa_pass,0.4912578163972584,70,3,11.0,138,2026,5,0.4912578163972584,70,3,11.0,138,0.0,0.0
2026,5,Memphis,offense,epa_rush,0.17426994436761972,104,3,33.0,138,2026,5,0.17596188557507236,103,3,33.0,138,0.0016919412074526408,0.0
2026,5,Memphis,offense,early_down_epa,0.3082190175362812,144,3,8.0,138,2026,5,0.3103743952812902,143,3,8.0,138,0.0021553777450089573,0.0
2026,5,Miami,offense,ppa_per_play,0.48738282331628996,164,3,1.0,138,2026,5,0.49339989520908367,162,3,1.0,138,0.006017071892793713,0.0
2026,5,Miami,offense,epa_pass,0.765465742853137,90,3,1.0,138,2026,5,0.7740664815368801,89,3,1.0,138,0.008600738683743114,0.0
2026,5,Miami,offense,epa_rush,0.14917386712282754,74,3,41.0,138,2026,5,0.1512173447546471,73,3,40.0,138,0.002043477631819557,-1.0
2026,5,Miami,offense,early_down_epa,0.3757267215497307,137,3,2.0,138,2026,5,0.38129304335046743,135,3,2.0,138,0.00556632180073674,0.0
2026,5,Miami (OH),offense,ppa_per_play,0.22429290207212163,158,3,35.0,138,2026,5,0.2257215192827721,157,3,35.0,138,0.0014286172106504624,0.0
2026,5,Miami (OH),offense,epa_pass,0.44427468373277806,93,3,18.0,138,2026,5,0.44910375638204736,92,3,18.0,138,0.004829072649269295,0.0
2026,5,Miami (OH),offense,epa_rush,-0.09045026245774065,65,3,115.0,138,2026,5,-0.09045026245774065,65,3,115.0,138,0.0,0.0
2026,5,Miami (OH),offense,early_down_epa,0.08143190625168002,119,3,55.0,138,2026,5,0.082122007152118,118,3,55.0,138,0.0006901009004379732,0.0
2026,5,Michigan,offense,ppa_per_play,0.17904090750831805,233,4,52.0,138,2026,5,0.1805910452356628,231,4,52.0,138,0.001550137727344747,0.0
2026,5,Michigan,offense,epa_pass,0.37075677644880656,98,4,29.0,138,2026,5,0.37075677644880656,98,4,29.0,138,0.0,0.0
2026,5,Michigan,offense,epa_rush,0.03986938783300041,135,4,79.0,138,2026,5,0.04046892749966208,133,4,79.0,138,0.0005995396666616665,0.0
2026,5,Michigan,offense,early_down_epa,0.12170694468689465,182,4,45.0,138,2026,5,0.12305924407230456,180,4,46.0,138,0.0013522993854099136,1.0
2026,5,Michigan State,offense,ppa_per_play,0.007779264986301077,249,4,104.0,138,2026,5,0.007779264986301077,249,4,104.0,138,0.0,0.0
2026,5,Michigan State,offense,epa_pass,0.07825659562581509,116,4,86.0,138,2026,5,0.07825659562581509,116,4,86.0,138,0.0,0.0
2026,5,Michigan State,offense,epa_rush,-0.05368968504515473,133,4,108.0,138,2026,5,-0.05368968504515473,133,4,108.0,138,0.0,0.0
2026,5,Michigan State,offense,early_down_epa,-0.06779861694669308,192,4,113.0,138,2026,5,-0.06779861694669308,192,4,113.0,138,0.0,0.0
2026,5,Middle Tennessee,offense,ppa_per_play,0.1595727010582823,193,3,59.0,138,2026,5,0.1595727010582823,193,3,59.0,138,0.0,0.0
2026,5,Middle Tennessee,offense,epa_pass,0.22069020820694324,109,3,55.0,138,2026,5,0.22069020820694324,109,3,56.0,138,0.0,1.0
2026,5,Middle Tennessee,offense,epa_rush,0.06969877332316123,83,3,68.0,138,2026,5,0.06969877332316123,83,3,68.0,138,0.0,0.0
2026,5,Middle Tennessee,offense,early_down_epa,0.053412904180348664,148,3,68.0,138,2026,5,0.053412904180348664,148,3,69.0,138,0.0,1.0
2026,5,Minnesota,offense,ppa_per_play,0.034105962813607144,173,3,98.0,138,2026,5,0.034105962813607144,173,3,98.0,138,0.0,0.0
2026,5,Minnesota,offense,epa_pass,0.1402209088678405,111,3,72.0,138,2026,5,0.1402209088678405,111,3,72.0,138,0.0,0.0
2026,5,Minnesota,offense,epa_rush,-0.15587402125122995,62,3,130.0,138,2026,5,-0.15587402125122995,62,3,129.0,138,0.0,-1.0
2026,5,Minnesota,offense,early_down_epa,-0.024058086702898444,131,3,95.0,138,2026,5,-0.024058086702898444,131,3,95.0,138,0.0,0.0
2026,5,Mississippi State,offense,ppa_per_play,0.3800463160985102,256,4,5.0,138,2026,5,0.38153669380870037,255,4,5.0,138,0.0014903777101901716,0.0
2026,5,Mississippi State,offense,epa_pass,0.46011373960999014,126,4,15.0,138,2026,5,0.46379464952687005,125,4,15.0,138,0.0036809099168799153,0.0
2026,5,Mississippi State,offense,epa_rush,0.30244250561815256,130,4,6.0,138,2026,5,0.30244250561815256,130,4,7.0,138,0.0,1.0
2026,5,Mississippi State,offense,early_down_epa,0.2817907835016535,209,4,12.0,138,2026,5,0.28314554688387295,208,4,11.0,138,0.0013547633822194594,-1.0
2026,5,Missouri,offense,ppa_per_play,0.16929722996085764,194,3,55.0,138,2026,5,0.17017441768086214,193,3,55.0,138,0.000877187720004502,0.0
2026,5,Missouri,offense,epa_pass,0.3647267635810706,92,3,30.0,138,2026,5,0.36873474999404937,91,3,30.0,138,0.004007986412978781,0.0
2026,5,Missouri,offense,epa_rush,-0.0023961872141770486,101,3,95.0,138,2026,5,-0.0023961872141770486,101,3,95.0,138,0.0,0.0
2026,5,Missouri,offense,early_down_epa,0.12309996828556934,147,3,44.0,138,2026,5,0.12394311875327872,146,3,44.0,138,0.000843150467709386,0.0
2026,5,Missouri State,offense,ppa_per_play,0.015114304736108702,154,3,103.0,138,2026,5,0.015213091041573477,153,3,103.0,138,9.878630546477501e-05,0.0
2026,5,Missouri State,offense,epa_pass,0.13099726460953737,83,3,73.0,138,2026,5,0.13099726460953737,83,3,73.0,138,0.0,0.0
2026,5,Missouri State,offense,epa_rush,-0.12035450751029386,71,3,119.0,138,2026,5,-0.12207385761758377,70,3,119.0,138,-0.0017193501072899076,0.0
2026,5,Missouri State,offense,early_down_epa,0.025765317270624043,114,3,78.0,138,2026,5,0.025765317270624043,114,3,78.0,138,0.0,0.0
2026,5,NC State,offense,ppa_per_play,0.041250567955123066,209,3,91.0,138,2026,5,0.04164912416724986,207,3,91.0,138,0.0003985562121267966,0.0
2026,5,NC State,offense,epa_pass,0.06927972624245057,101,3,88.0,138,2026,5,0.06997252350487508,100,3,88.0,138,0.0006927972624245077,0.0
2026,5,NC State,offense,epa_rush,0.060888853078063736,105,3,73.0,138,2026,5,0.06147432281919896,104,3,73.0,138,0.0005854697411352208,0.0
2026,5,NC State,offense,early_down_epa,-0.10401095864201751,155,3,123.0,138,2026,5,-0.10468635447735529,154,3,123.0,138,-0.0006753958353377804,0.0
2026,5,Navy,offense,ppa_per_play,0.045177206397935106,128,2,89.0,138,2026,5,0.045177206397935106,128,2,89.0,138,0.0,0.0
2026,5,Navy,offense,epa_pass,-0.2134738282546011,40,2,136.0,138,2026,5,-0.2134738282546011,40,2,136.0,138,0.0,0.0
2026,5,Navy,offense,epa_rush,0.16274585851272427,88,2,35.0,138,2026,5,0.16274585851272427,88,2,36.0,138,0.0,1.0
2026,5,Navy,offense,early_down_epa,-0.06744406843579175,96,2,112.0,138,2026,5,-0.06744406843579175,96,2,112.0,138,0.0,0.0
2026,5,Nebraska,offense,ppa_per_play,0.4002969252692742,180,3,3.0,138,2026,5,0.40253322094116956,179,3,2.0,138,0.002236295671895372,-1.0
2026,5,Nebraska,offense,epa_pass,0.46061111864648513,79,3,14.0,138,2026,5,0.46651638939836315,78,3,14.0,138,0.005905270751878022,0.0
2026,5,Nebraska,offense,epa_rush,0.350297519438201,100,3,3.0,138,2026,5,0.350297519438201,100,3,3.0,138,0.0,0.0
2026,5,Nebraska,offense,early_down_epa,0.3490276705855805,142,3,6.0,138,2026,5,0.3515030441358328,141,3,6.0,138,0.002475373550252291,0.0
2026,5,Nevada,offense,ppa_per_play,0.1985244333255427,162,3,44.0,138,2026,5,0.20100598874211198,160,3,44.0,138,0.0024815554165692755,0.0
2026,5,Nevada,offense,epa_pass,0.05783524442151239,74,3,93.0,138,2026,5,0.05783524442151239,74,3,93.0,138,0.0,0.0
2026,5,Nevada,offense,epa_rush,0.320472989787885,87,3,5.0,138,2026,5,0.3241994199016976,86,3,5.0,138,0.0037264301138125733,0.0
2026,5,Nevada,offense,early_down_epa,0.061155523996362725,124,3,65.0,138,2026,5,0.061155523996362725,124,3,65.0,138,0.0,0.0
2026,5,New Mexico,offense,ppa_per_play,0.16061649123189484,163,3,58.0,138,2026,5,0.162611727147819,161,3,58.0,138,0.001995235915924154,0.0
2026,5,New Mexico,offense,epa_pass,-0.01672664215854488,65,3,111.0,138,2026,5,-0.01698799594227214,64,3,111.0,138,-0.00026135378372726253,0.0
2026,5,New Mexico,offense,epa_rush,0.27824203888881915,98,3,10.0,138,2026,5,0.28111051351653893,97,3,10.0,138,0.002868474627719775,0.0
2026,5,New Mexico,offense,early_down_epa,-0.008057666716606494,125,3,93.0,138,2026,5,-0.00818868568760823,123,3,93.0,138,-0.00013101897100173572,0.0
2026,5,New Mexico State,offense,ppa_per_play,0.03588667327107989,181,3,96.0,138,2026,5,0.03588667327107989,181,3,96.0,138,0.0,0.0
2026,5,New Mexico State,offense,epa_pass,0.09152981545225801,108,3,80.0,138,2026,5,0.09152981545225801,108,3,80.0,138,0.0,0.0
2026,5,New Mexico State,offense,epa_rush,-0.046434687764087684,73,3,105.0,138,2026,5,-0.046434687764087684,73,3,105.0,138,0.0,0.0
2026,5,New Mexico State,offense,early_down_epa,-0.2064127512807226,137,3,133.0,138,2026,5,-0.2064127512807226,137,3,133.0,138,0.0,0.0
2026,5,North Carolina,offense,ppa_per_play,-0.0068191291636793255,126,2,107.0,138,2026,5,-0.006873682196988753,125,2,107.0,138,-5.455303330942785e-05,0.0
2026,5,North Carolina,offense,epa_pass,-0.01271621370332457,63,2,110.0,138,2026,5,-0.01271621370332457,63,2,110.0,138,0.0,0.0
2026,5,North Carolina,offense,epa_rush,-0.0009220446240340107,63,2,94.0,138,2026,5,-0.0009369163115184302,62,2,94.0,138,-1.4871687484419504e-05,0.0
2026,5,North Carolina,offense,early_down_epa,-0.08186580148530663,98,2,116.0,138,2026,5,-0.0827097788202067,97,2,116.0,138,-0.0008439773349000756,0.0
2026,5,North Dakota State,offense,ppa_per_play,0.12628549758019145,187,3,69.0,138,2026,5,0.12696445186825697,186,3,69.0,138,0.0006789542880655253,0.0
2026,5,North Dakota State,offense,epa_pass,0.31268077310300363,73,3,39.0,138,2026,5,0.31268077310300363,73,3,39.0,138,0.0,0.0
2026,5,North Dakota State,offense,epa_rush,0.006927119394531006,114,3,92.0,138,2026,5,0.006988421336075535,113,3,92.0,138,6.130194154452956e-05,0.0
2026,5,North Dakota State,offense,early_down_epa,0.07018605072129495,141,3,59.0,138,2026,5,0.07018605072129495,141,3,59.0,138,0.0,0.0
2026,5,North Texas,offense,ppa_per_play,0.27149976434239836,190,3,21.0,138,2026,5,0.27293627103204066,189,3,21.0,138,0.0014365066896422918,0.0
2026,5,North Texas,offense,epa_pass,0.3892310278813713,105,3,28.0,138,2026,5,0.3892310278813713,105,3,28.0,138,0.0,0.0
2026,5,North Texas,offense,epa_rush,0.12606702702954933,85,3,53.0,138,2026,5,0.12756782497037727,84,3,52.0,138,0.0015007979408279415,-1.0
2026,5,North Texas,offense,early_down_epa,0.16752736776668603,147,3,33.0,138,2026,5,0.1686748154911154,146,3,33.0,138,0.0011474477244293735,0.0
2026,5,Northern Illinois,offense,ppa_per_play,-0.08355454435284326,156,3,125.0,138,2026,5,-0.08409360592931323,155,3,124.0,138,-0.0005390615764699624,-1.0
2026,5,Northern Illinois,offense,epa_pass,-0.0773010344723421,98,3,122.0,138,2026,5,-0.07809795235350026,97,3,122.0,138,-0.0007969178811581545,0.0
2026,5,Northern Illinois,offense,epa_rush,-0.09412081966817284,58,3,116.0,138,2026,5,-0.09412081966817284,58,3,116.0,138,0.0,0.0
2026,5,Northern Illinois,offense,early_down_epa,-0.09780619238200627,116,3,121.0,138,2026,5,-0.09865668101141502,115,3,121.0,138,-0.0008504886294087438,0.0
2026,5,Northwestern,offense,ppa_per_play,0.2656980699682186,112,2,22.0,138,2026,5,0.2656980699682186,112,2,23.0,138,0.0,1.0
2026,5,Northwestern,offense,epa_pass,0.6100587655455777,53,2,3.0,138,2026,5,0.6100587655455777,53,2,3.0,138,0.0,0.0
2026,5,Northwestern,offense,epa_rush,-0.008212080492631776,57,2,98.0,138,2026,5,-0.008212080492631776,57,2,98.0,138,0.0,0.0
2026,5,Northwestern,offense,early_down_epa,0.1693863042122969,90,2,32.0,138,2026,5,0.1693863042122969,90,2,32.0,138,0.0,0.0
2026,5,Notre Dame,offense,ppa_per_play,0.36008805685666634,194,4,9.0,138,2026,5,0.36008805685666634,194,4,9.0,138,0.0,0.0
2026,5,Notre Dame,offense,epa_pass,0.5627044068737815,89,4,6.0,138,2026,5,0.5627044068737815,89,4,6.0,138,0.0,0.0
2026,5,Notre Dame,offense,epa_rush,0.19077237863836993,104,4,23.0,138,2026,5,0.19077237863836993,104,4,25.0,138,0.0,2.0
2026,5,Notre Dame,offense,early_down_epa,0.36536654193941276,161,4,4.0,138,2026,5,0.36536654193941276,161,4,4.0,138,0.0,0.0
2026,5,Ohio,offense,ppa_per_play,0.1726265009300546,182,3,53.0,138,2026,5,0.17454457316261077,180,3,53.0,138,0.0019180722325561617,0.0
2026,5,Ohio,offense,epa_pass,0.0818227910670769,89,3,85.0,138,2026,5,0.08275259551102096,88,3,85.0,138,0.0009298044439440545,0.0
2026,5,Ohio,offense,epa_rush,0.25952467488494707,93,3,14.0,138,2026,5,0.2623455952641313,92,3,13.0,138,0.002820920379184244,-1.0
2026,5,Ohio,offense,early_down_epa,0.0631123642853905,139,3,62.0,138,2026,5,0.06356970025847299,138,3,62.0,138,0.00045733597308249274,0.0
2026,5,Ohio State,offense,ppa_per_play,0.4015708639195598,218,4,2.0,138,2026,5,0.4015708639195598,218,4,3.0,138,0.0,1.0
2026,5,Ohio State,offense,epa_pass,0.6005608369143188,119,4,4.0,138,2026,5,0.6005608369143188,119,4,4.0,138,0.0,0.0
2026,5,Ohio State,offense,epa_rush,0.16238089638040476,99,4,36.0,138,2026,5,0.16238089638040476,99,4,37.0,138,0.0,1.0
2026,5,Ohio State,offense,early_down_epa,0.3873311948289429,176,4,1.0,138,2026,5,0.3873311948289429,176,4,1.0,138,0.0,0.0
2026,5,Oklahoma,offense,ppa_per_play,-0.05814134950056514,209,4,122.0,138,2026,5,-0.05814134950056514,209,4,122.0,138,0.0,0.0
2026,5,Oklahoma,offense,epa_pass,0.19917601078373373,107,4,61.0,138,2026,5,0.19917601078373373,107,4,61.0,138,0.0,0.0
2026,5,Oklahoma,offense,epa_rush,-0.21790302458950972,101,4,133.0,138,2026,5,-0.21790302458950972,101,4,133.0,138,0.0,0.0
2026,5,Oklahoma,offense,early_down_epa,0.05102508346042385,164,4,70.0,138,2026,5,0.05102508346042385,164,4,70.0,138,0.0,0.0
2026,5,Oklahoma State,offense,ppa_per_play,0.03593854368237137,240,3,95.0,138,2026,5,0.03608891415802983,239,3,95.0,138,0.0001503704756584609,0.0
2026,5,Oklahoma State,offense,epa_pass,0.04533269775756021,121,3,95.0,138,2026,5,0.04533269775756021,121,3,95.0,138,0.0,0.0
2026,5,Oklahoma State,offense,epa_rush,0.026386504664742357,119,3,86.0,138,2026,5,0.02661011911105374,118,3,86.0,138,0.00022361444631138414,0.0
2026,5,Oklahoma State,offense,early_down_epa,0.17393141038437962,187,3,29.0,138,2026,5,0.17393141038437962,187,3,29.0,138,0.0,0.0
2026,5,Old Dominion,offense,ppa_per_play,-0.1505769927051912,177,3,131.0,138,2026,5,-0.15317314775183247,174,3,131.0,138,-0.002596155046641263,0.0
2026,5,Old Dominion,offense,epa_pass,-0.17771149824475832,88,3,132.0,138,2026,5,-0.17771149824475832,88,3,131.0,138,0.0,-1.0
2026,5,Old Dominion,offense,epa_rush,-0.12374736925033832,89,3,121.0,138,2026,5,-0.12806413794511756,86,3,122.0,138,-0.004316768694779247,1.0
2026,5,Old Dominion,offense,early_down_epa,-0.21675956014457953,131,3,135.0,138,2026,5,-0.2201201734801544,129,3,135.0,138,-0.003360613335574858,0.0
2026,5,Ole Miss,offense,ppa_per_play,0.2651193020288897,262,4,23.0,138,2026,5,0.26613508479528397,261,4,22.0,138,0.0010157827663942465,-1.0
2026,5,Ole Miss,offense,epa_pass,0.3613485484364159,151,4,31.0,138,2026,5,0.3637575387593253,150,4,31.0,138,0.002408990322909421,0.0
2026,5,Ole Miss,offense,epa_rush,0.1342128497087415,111,4,48.0,138,2026,5,0.1342128497087415,111,4,48.0,138,0.0,0.0
2026,5,Ole Miss,offense,early_down_epa,0.25329595422414497,211,4,16.0,138,2026,5,0.25329595422414497,211,4,16.0,138,0.0,0.0
2026,5,Oregon,offense,ppa_per_play,0.1872537620674397,192,3,50.0,138,2026,5,0.18823414825627446,191,3,49.0,138,0.0009803861888347531,-1.0
2026,5,Oregon,offense,epa_pass,0.2927074764597172,108,3,42.0,138,2026,5,0.2954430603518641,107,3,42.0,138,0.002735583892146898,0.0
2026,5,Oregon,offense,epa_rush,0.04490444057595545,83,3,76.0,138,2026,5,0.04490444057595545,83,3,76.0,138,0.0,0.0
2026,5,Oregon,offense,early_down_epa,0.2118864502366755,145,3,21.0,138,2026,5,0.21335788391887464,144,3,21.0,138,0.0014714336821991525,0.0
2026,5,Oregon State,offense,ppa_per_play,0.17246571276072453,201,3,54.0,138,2026,5,0.17246571276072453,201,3,54.0,138,0.0,0.0
2026,5,Oregon State,offense,epa_pass,0.25087592641552503,140,3,47.0,138,2026,5,0.25087592641552503,140,3,48.0,138,0.0,1.0
2026,5,Oregon State,offense,epa_rush,-0.007492154643735787,61,3,97.0,138,2026,5,-0.007492154643735787,61,3,97.0,138,0.0,0.0
2026,5,Oregon State,offense,early_down_epa,0.22750301176620505,154,3,20.0,138,2026,5,0.22750301176620505,154,3,20.0,138,0.0,0.0
2026,5,Penn State,offense,ppa_per_play,0.23818614926229598,213,4,30.0,138,2026,5,0.23930966883428795,212,4,32.0,138,0.001123519571991971,2.0
2026,5,Penn State,offense,epa_pass,0.4373077230477264,101,4,19.0,138,2026,5,0.4373077230477264,101,4,19.0,138,0.0,0.0
2026,5,Penn State,offense,epa_rush,0.045036990749358526,111,4,75.0,138,2026,5,0.04544641793798904,110,4,75.0,138,0.00040942718863051786,0.0
2026,5,Penn State,offense,early_down_epa,0.15488642010772402,165,4,37.0,138,2026,5,0.15583084949862477,164,4,37.0,138,0.0009444293909007528,0.0
2026,5,Pittsburgh,offense,ppa_per_play,0.1891411718263939,187,3,48.0,138,2026,5,0.19015805984696593,186,3,48.0,138,0.0010168880205720376,0.0
2026,5,Pittsburgh,offense,epa_pass,0.254800611150143,91,3,46.0,138,2026,5,0.2576317290518113,90,3,46.0,138,0.0028311179016682897,0.0
2026,5,Pittsburgh,offense,epa_rush,0.12690149496742342,96,3,52.0,138,2026,5,0.12690149496742342,96,3,53.0,138,0.0,1.0
2026,5,Pittsburgh,offense,early_down_epa,0.08303751611057208,147,3,54.0,138,2026,5,0.08360626622091846,146,3,54.0,138,0.0005687501103463777,0.0
2026,5,Purdue,offense,ppa_per_play,0.23353393288418753,164,3,33.0,138,2026,5,0.23641706785806638,162,3,33.0,138,0.002883134973878848,0.0
2026,5,Purdue,offense,epa_pass,0.39598293403611234,91,3,25.0,138,2026,5,0.39598293403611234,91,3,26.0,138,0.0,1.0
2026,5,Purdue,offense,epa_rush,0.031029013640007097,73,3,84.0,138,2026,5,0.03190307036226082,71,3,84.0,138,0.0008740567222537202,0.0
2026,5,Purdue,offense,early_down_epa,0.13426099059631397,128,3,41.0,138,2026,5,0.13639211743117607,126,3,41.0,138,0.002131126834862107,0.0
2026,5,Rice,offense,ppa_per_play,0.02120029573924026,154,3,101.0,138,2026,5,0.021479246998967128,152,3,101.0,138,0.000278951259726868,0.0
2026,5,Rice,offense,epa_pass,-0.09672073180272123,44,3,123.0,138,2026,5,-0.09672073180272123,44,3,123.0,138,0.0,0.0
2026,5,Rice,offense,epa_rush,0.13522782203117212,109,3,46.0,138,2026,5,0.13775544487287628,107,3,46.0,138,0.002527622841704158,0.0
2026,5,Rice,offense,early_down_epa,0.07596512542102186,120,3,56.0,138,2026,5,0.07660348781951788,119,3,56.0,138,0.0006383623984960174,0.0
2026,5,Rutgers,offense,ppa_per_play,0.025400862538514125,199,3,100.0,138,2026,5,0.025400862538514125,199,3,100.0,138,0.0,0.0
2026,5,Rutgers,offense,epa_pass,0.12969487720254183,109,3,75.0,138,2026,5,0.12969487720254183,109,3,75.0,138,0.0,0.0
2026,5,Rutgers,offense,epa_rush,-0.10091077744347499,90,3,117.0,138,2026,5,-0.10091077744347499,90,3,117.0,138,0.0,0.0
2026,5,Rutgers,offense,early_down_epa,-0.085078547162244,151,3,117.0,138,2026,5,-0.085078547162244,151,3,117.0,138,0.0,0.0
2026,5,SMU,offense,ppa_per_play,0.18691204495791067,225,3,51.0,138,2026,5,0.18774647373004422,224,3,51.0,138,0.0008344287721335497,0.0
2026,5,SMU,offense,epa_pass,0.35472587920624565,113,3,34.0,138,2026,5,0.3578930745563014,112,3,34.0,138,0.0031671953500557737,0.0
2026,5,SMU,offense,epa_rush,0.017599872903786947,112,3,89.0,138,2026,5,0.017599872903786947,112,3,89.0,138,0.0,0.0
2026,5,SMU,offense,early_down_epa,0.05510305707788018,179,3,67.0,138,2026,5,0.05541262481427276,178,3,67.0,138,0.0003095677363925825,0.0
2026,5,Sacramento State,offense,ppa_per_play,-0.17200334511309573,218,4,133.0,138,2026,5,-0.17200334511309573,218,4,133.0,138,0.0,0.0
2026,5,Sacramento State,offense,epa_pass,-0.12147451352225525,141,4,125.0,138,2026,5,-0.12147451352225525,141,4,125.0,138,0.0,0.0
2026,5,Sacramento State,offense,epa_rush,-0.15025438975782407,76,4,128.0,138,2026,5,-0.15025438975782407,76,4,128.0,138,0.0,0.0
2026,5,Sacramento State,offense,early_down_epa,-0.19596793441531818,166,4,132.0,138,2026,5,-0.19596793441531818,166,4,132.0,138,0.0,0.0
2026,5,Sam Houston,offense,ppa_per_play,-0.011673683177943055,191,3,109.0,138,2026,5,-0.011797214216863106,189,3,109.0,138,-0.00012353103892005085,0.0
2026,5,Sam Houston,offense,epa_pass,0.06854145494645857,122,3,89.0,138,2026,5,0.06854145494645857,122,3,90.0,138,0.0,1.0
2026,5,Sam Houston,offense,epa_rush,-0.15350334768775475,69,3,129.0,138,2026,5,-0.15808553717097126,67,3,130.0,138,-0.004582189483216509,1.0
2026,5,Sam Houston,offense,early_down_epa,-0.0506446465383901,145,3,107.0,138,2026,5,-0.0506446465383901,145,3,107.0,138,0.0,0.0
2026,5,San Diego State,offense,ppa_per_play,-0.14425645823735728,189,3,130.0,138,2026,5,-0.14579930805807773,187,3,130.0,138,-0.0015428498207204489,0.0
2026,5,San Diego State,offense,epa_pass,-0.24839092587021516,89,3,137.0,138,2026,5,-0.24839092587021516,89,3,137.0,138,0.0,0.0
2026,5,San Diego State,offense,epa_rush,-0.048829601769635744,99,3,106.0,138,2026,5,-0.04983639768241174,97,3,106.0,138,-0.0010067959127759984,0.0
2026,5,San Diego State,offense,early_down_epa,-0.20651377456579192,142,3,134.0,138,2026,5,-0.2094639713453032,140,3,134.0,138,-0.002950196779511277,0.0
2026,5,San José State,offense,ppa_per_play,0.03598661097809699,192,3,93.0,138,2026,5,0.036365417409445384,190,3,93.0,138,0.00037880643134839687,0.0
2026,5,San José State,offense,epa_pass,0.151665641995779,111,3,69.0,138,2026,5,0.15444849781221537,109,3,68.0,138,0.0027828558164363637,-1.0
2026,5,San José State,offense,epa_rush,-0.12253650560168952,81,3,120.0,138,2026,5,-0.12253650560168952,81,3,120.0,138,0.0,0.0
2026,5,San José State,offense,early_down_epa,-0.030681758772130124,144,3,100.0,138,2026,5,-0.031113896219624952,142,3,101.0,138,-0.0004321374474948285,1.0
2026,5,South Alabama,offense,ppa_per_play,0.21414681977305836,217,3,38.0,138,2026,5,0.21613888321280772,215,3,37.0,138,0.001992063439749364,-1.0
2026,5,South Alabama,offense,epa_pass,0.24469059961236275,98,3,49.0,138,2026,5,0.24469059961236275,98,3,49.0,138,0.0,0.0
2026,5,South Alabama,offense,epa_rush,0.190594755328323,118,3,24.0,138,2026,5,0.1922237703311292,117,3,24.0,138,0.0016290150028061834,0.0
2026,5,South Alabama,offense,early_down_epa,0.16039775189680544,161,3,35.0,138,2026,5,0.16140023784616048,160,3,35.0,138,0.0010024859493550364,0.0
2026,5,South Carolina,offense,ppa_per_play,0.20371723714408593,186,3,42.0,138,2026,5,0.20371723714408593,186,3,42.0,138,0.0,0.0
2026,5,South Carolina,offense,epa_pass,0.2319887918336518,95,3,52.0,138,2026,5,0.2319887918336518,95,3,52.0,138,0.0,0.0
2026,5,South Carolina,offense,epa_rush,0.16843555119891454,90,3,34.0,138,2026,5,0.16843555119891454,90,3,34.0,138,0.0,0.0
2026,5,South Carolina,offense,early_down_epa,0.030016796772310474,142,3,77.0,138,2026,5,0.030016796772310474,142,3,77.0,138,0.0,0.0
2026,5,South Florida,offense,ppa_per_play,0.08457169186966354,163,3,79.0,138,2026,5,0.08457169186966354,163,3,79.0,138,0.0,0.0
2026,5,South Florida,offense,epa_pass,0.09941458657355498,63,3,76.0,138,2026,5,0.09941458657355498,63,3,78.0,138,0.0,2.0
2026,5,South Florida,offense,epa_rush,0.07522066820621201,100,3,67.0,138,2026,5,0.07522066820621201,100,3,67.0,138,0.0,0.0
2026,5,South Florida,offense,early_down_epa,0.009316309363407858,127,3,85.0,138,2026,5,0.009316309363407858,127,3,85.0,138,0.0,0.0
2026,5,Southern Miss,offense,ppa_per_play,-0.02223765444346146,159,3,113.0,138,2026,5,-0.022378399091837812,158,3,113.0,138,-0.0001407446483763508,0.0
2026,5,Southern Miss,offense,epa_pass,0.007981350529340504,95,3,104.0,138,2026,5,0.00806625851369518,94,3,104.0,138,8.490798435467628e-05,0.0
2026,5,Southern Miss,offense,epa_rush,-0.040298391015625185,63,3,104.0,138,2026,5,-0.040298391015625185,63,3,104.0,138,0.0,0.0
2026,5,Southern Miss,offense,early_down_epa,-0.03186235523440562,123,3,102.0,138,2026,5,-0.03186235523440562,123,3,102.0,138,0.0,0.0
2026,5,Stanford,offense,ppa_per_play,0.2017591103563529,227,4,43.0,138,2026,5,0.20265184978270845,226,4,43.0,138,0.0008927394263555377,0.0
2026,5,Stanford,offense,epa_pass,0.32877486296681,129,4,36.0,138,2026,5,0.32877486296681,129,4,36.0,138,0.0,0.0
2026,5,Stanford,offense,epa_rush,0.03456490538952665,98,4,82.0,138,2026,5,0.03492124462034651,97,4,82.0,138,0.0003563392308198604,0.0
2026,5,Stanford,offense,early_down_epa,0.1124756358334297,174,4,49.0,138,2026,5,0.11312578401743796,173,4,49.0,138,0.0006501481840082562,0.0
2026,5,Syracuse,offense,ppa_per_play,-0.08336569180404671,158,2,124.0,138,2026,5,-0.08553103444830767,154,2,125.0,138,-0.0021653426442609647,1.0
2026,5,Syracuse,offense,epa_pass,-0.17369421913403635,89,2,131.0,138,2026,5,-0.18186806474034395,85,2,132.0,138,-0.0081738456063076,1.0
2026,5,Syracuse,offense,epa_rush,0.03314501736072254,69,2,83.0,138,2026,5,0.03314501736072254,69,2,83.0,138,0.0,0.0
2026,5,Syracuse,offense,early_down_epa,-0.10519169711084642,124,2,124.0,138,2026,5,-0.10869808701454131,120,2,124.0,138,-0.0035063899036948953,0.0
2026,5,TCU,offense,ppa_per_play,0.03350106659165464,205,3,99.0,138,2026,5,0.033665287506319606,204,3,99.0,138,0.0001642209146649684,0.0
2026,5,TCU,offense,epa_pass,0.21758208716728716,105,3,57.0,138,2026,5,0.21758208716728716,105,3,57.0,138,0.0,0.0
2026,5,TCU,offense,epa_rush,-0.14323289408207532,99,3,125.0,138,2026,5,-0.14469445422576996,98,3,125.0,138,-0.0014615601436946402,0.0
2026,5,TCU,offense,early_down_epa,-0.05858966334567608,149,3,110.0,138,2026,5,-0.05898553944936308,148,3,110.0,138,-0.0003958761036869998,0.0
2026,5,Temple,offense,ppa_per_play,0.24367433381863798,177,3,29.0,138,2026,5,0.24367433381863798,177,3,29.0,138,0.0,0.0
2026,5,Temple,offense,epa_pass,0.18907934184678563,68,3,65.0,138,2026,5,0.18907934184678563,68,3,65.0,138,0.0,0.0
2026,5,Temple,offense,epa_rush,0.2777335948652982,109,3,11.0,138,2026,5,0.2777335948652982,109,3,11.0,138,0.0,0.0
2026,5,Temple,offense,early_down_epa,0.1929828120716246,136,3,26.0,138,2026,5,0.1929828120716246,136,3,26.0,138,0.0,0.0
2026,5,Tennessee,offense,ppa_per_play,0.16644778096613938,199,3,56.0,138,2026,5,0.16728842632455423,198,3,56.0,138,0.0008406453584148543,0.0
2026,5,Tennessee,offense,epa_pass,-0.009862420712470139,85,3,109.0,138,2026,5,-0.009862420712470139,85,3,109.0,138,0.0,0.0
2026,5,Tennessee,offense,epa_rush,0.297907141866857,114,3,8.0,138,2026,5,0.3005434882550593,113,3,8.0,138,0.0026363463882022597,0.0
2026,5,Tennessee,offense,early_down_epa,0.12903866852600787,154,3,42.0,138,2026,5,0.12903866852600787,154,3,42.0,138,0.0,0.0
2026,5,Texas,offense,ppa_per_play,0.1055080343735264,268,4,74.0,138,2026,5,0.10590319555095534,267,4,74.0,138,0.00039516117742893764,0.0
2026,5,Texas,offense,epa_pass,0.2039581017862711,125,4,60.0,138,2026,5,0.2039581017862711,125,4,60.0,138,0.0,0.0
2026,5,Texas,offense,epa_rush,0.01945028313860972,143,4,88.0,138,2026,5,0.019587256963529507,142,4,88.0,138,0.0001369738249197873,0.0
2026,5,Texas,offense,early_down_epa,-0.014154654991553385,205,4,94.0,138,2026,5,-0.014224040555237471,204,4,94.0,138,-6.938556368408545e-05,0.0
2026,5,Texas A&M,offense,ppa_per_play,0.03594712795333027,253,4,94.0,138,2026,5,0.03608977528647837,252,4,94.0,138,0.00014264733314810207,0.0
2026,5,Texas A&M,offense,epa_pass,0.043237823542318504,130,4,96.0,138,2026,5,0.043237823542318504,130,4,96.0,138,0.0,0.0
2026,5,Texas A&M,offense,epa_rush,0.028473002554845493,122,4,85.0,138,2026,5,0.028473002554845493,122,4,85.0,138,0.0,0.0
2026,5,Texas A&M,offense,early_down_epa,-0.004850886896574316,188,4,92.0,138,2026,5,-0.004850886896574316,188,4,92.0,138,0.0,0.0
2026,5,Texas State,offense,ppa_per_play,0.29952558603020424,189,3,15.0,138,2026,5,0.30111880723249257,188,3,15.0,138,0.0015932212022883308,0.0
2026,5,Texas State,offense,epa_pass,0.4951606878962296,70,3,10.0,138,2026,5,0.4951606878962296,70,3,10.0,138,0.0,0.0
2026,5,Texas State,offense,epa_rush,0.19188769469658903,118,3,21.0,138,2026,5,0.19352776046322653,117,3,22.0,138,0.0016400657666374996,1.0
2026,5,Texas State,offense,early_down_epa,0.2913206611868013,153,3,10.0,138,2026,5,0.2932372444840829,152,3,10.0,138,0.0019165832972816155,0.0
2026,5,Texas Tech,offense,ppa_per_play,0.23812388510323781,187,3,31.0,138,2026,5,0.23940412104465308,186,3,31.0,138,0.0012802359414152698,0.0
2026,5,Texas Tech,offense,epa_pass,0.21992566376302475,89,3,56.0,138,2026,5,0.22242481903305913,88,3,55.0,138,0.0024991552700343866,-1.0
2026,5,Texas Tech,offense,epa_rush,0.2546508412183293,98,3,15.0,138,2026,5,0.2546508412183293,98,3,15.0,138,0.0,0.0
2026,5,Texas Tech,offense,early_down_epa,0.053227363185398585,151,3,69.0,138,2026,5,0.05358221227330124,150,3,68.0,138,0.00035484908790265474,-1.0
2026,5,Toledo,offense,ppa_per_play,0.24779342323038422,177,3,27.0,138,2026,5,0.2506253480673029,175,3,26.0,138,0.0028319248369186867,-1.0
2026,5,Toledo,offense,epa_pass,0.4491244443982007,95,3,17.0,138,2026,5,0.45390236401945816,94,3,17.0,138,0.004777919621257454,0.0
2026,5,Toledo,offense,epa_rush,0.014544069438401792,82,3,91.0,138,2026,5,0.014723625851221566,81,3,91.0,138,0.000179556412819774,0.0
2026,5,Toledo,offense,early_down_epa,0.3677279270127127,137,3,3.0,138,2026,5,0.37317574815364174,135,3,3.0,138,0.0054478211409290656,0.0
2026,5,Troy,offense,ppa_per_play,-0.01439239367059725,220,3,110.0,138,2026,5,-0.014524433979501827,218,3,110.0,138,-0.0001320403089045772,0.0
2026,5,Troy,offense,epa_pass,-0.006380303836979321,110,3,108.0,138,2026,5,-0.0064388387345662955,109,3,108.0,138,-5.853489758697421e-05,0.0
2026,5,Troy,offense,epa_rush,-0.02240448350421517,110,3,101.0,138,2026,5,-0.022610029224437327,109,3,101.0,138,-0.00020554572022215764,0.0
2026,5,Troy,offense,early_down_epa,-0.04357528651358111,171,3,106.0,138,2026,5,-0.04409097037764715,169,3,106.0,138,-0.0005156838640660369,0.0
2026,5,Tulane,offense,ppa_per_play,0.09175513640129669,241,4,77.0,138,2026,5,0.09213744946963541,240,4,77.0,138,0.0003823130683387188,0.0
2026,5,Tulane,offense,epa_pass,0.01952398674462438,116,4,100.0,138,2026,5,0.01969376054240373,115,4,100.0,138,0.00016977379777935106,0.0
2026,5,Tulane,offense,epa_rush,0.16098785512318525,124,4,37.0,138,2026,5,0.16098785512318525,124,4,38.0,138,0.0,1.0
2026,5,Tulane,offense,early_down_epa,0.013625204582088091,179,4,83.0,138,2026,5,0.013701750675245886,178,4,83.0,138,7.654609315779423e-05,0.0
2026,5,Tulsa,offense,ppa_per_play,0.059654553302869964,177,3,86.0,138,2026,5,0.060336319626331326,175,3,86.0,138,0.0006817663234613622,0.0
2026,5,Tulsa,offense,epa_pass,-0.03959304599690072,89,3,116.0,138,2026,5,-0.03959304599690072,89,3,116.0,138,0.0,0.0
2026,5,Tulsa,offense,epa_rush,0.16002996623104718,88,3,38.0,138,2026,5,0.16375159335269937,86,3,35.0,138,0.0037216271216521934,-3.0
2026,5,Tulsa,offense,early_down_epa,-0.03619978053900994,129,3,103.0,138,2026,5,-0.03648259132447097,128,3,103.0,138,-0.00028281078546103094,0.0
2026,5,UAB,offense,ppa_per_play,0.03556670518248882,248,4,97.0,138,2026,5,0.03571069994031266,247,4,97.0,138,0.00014399475782383986,0.0
2026,5,UAB,offense,epa_pass,-0.06301767506855298,100,4,120.0,138,2026,5,-0.06301767506855298,100,4,120.0,138,0.0,0.0
2026,5,UAB,offense,epa_rush,0.13856531344904302,147,4,45.0,138,2026,5,0.13951439093842,146,4,45.0,138,0.000949077489376976,0.0
2026,5,UAB,offense,early_down_epa,0.019616362663369122,182,4,80.0,138,2026,5,0.019724740357641875,181,4,80.0,138,0.00010837769427275365,0.0
2026,5,UCF,offense,ppa_per_play,-0.016171422423820483,165,3,111.0,138,2026,5,-0.016369844784848948,163,3,111.0,138,-0.00019842236102846425,0.0
2026,5,UCF,offense,epa_pass,0.07735449055380866,71,3,87.0,138,2026,5,0.07735449055380866,71,3,87.0,138,0.0,0.0
2026,5,UCF,offense,epa_rush,-0.06764917879694177,93,3,112.0,138,2026,5,-0.06913597393533612,91,3,112.0,138,-0.0014867951383943506,0.0
2026,5,UCF,offense,early_down_epa,0.042589365269809096,125,3,71.0,138,2026,5,0.04293282789295271,124,3,71.0,138,0.0003434626231436158,0.0
2026,5,UCLA,offense,ppa_per_play,0.2794751762883251,250,4,17.0,138,2026,5,0.2817290083551664,248,4,17.0,138,0.0022538320668413214,0.0
2026,5,UCLA,offense,epa_pass,0.06420372778647104,104,4,92.0,138,2026,5,0.06546262440973515,102,4,91.0,138,0.0012588966232641025,-1.0
2026,5,UCLA,offense,epa_rush,0.43281922179649507,146,4,1.0,138,2026,5,0.43281922179649507,146,4,1.0,138,0.0,0.0
2026,5,UCLA,offense,early_down_epa,0.23894222819871627,201,4,19.0,138,2026,5,0.2413436576278491,199,4,18.0,138,0.002401429429132823,-1.0
2026,5,UConn,offense,ppa_per_play,0.13464374551221212,170,3,65.0,138,2026,5,0.13624664724450036,168,3,64.0,138,0.0016029017322882477,-1.0
2026,5,UConn,offense,epa_pass,0.19859098208932266,80,3,63.0,138,2026,5,0.19859098208932266,80,3,63.0,138,0.0,0.0
2026,5,UConn,offense,epa_rush,0.07780175744366942,90,3,65.0,138,2026,5,0.0795699792037528,88,3,65.0,138,0.0017682217600833855,0.0
2026,5,UConn,offense,early_down_epa,0.05597895493195753,131,3,66.0,138,2026,5,0.056409562277587956,130,3,66.0,138,0.0004306073456304266,0.0
2026,5,UL Monroe,offense,ppa_per_play,-0.03412801525489501,138,3,117.0,138,2026,5,-0.03437712485529569,137,3,117.0,138,-0.0002491096004006779,0.0
2026,5,UL Monroe,offense,epa_pass,-0.06544515990144849,62,3,121.0,138,2026,5,-0.06544515990144849,62,3,121.0,138,0.0,0.0
2026,5,UL Monroe,offense,epa_rush,-0.008579818306390844,76,3,99.0,138,2026,5,-0.008694215883809408,75,3,99.0,138,-0.00011439757741856307,0.0
2026,5,UL Monroe,offense,early_down_epa,-0.05100663722595851,102,3,108.0,138,2026,5,-0.051511653436116536,101,3,108.0,138,-0.0005050162101580269,0.0
2026,5,UNLV,offense,ppa_per_play,0.1051313477583091,253,4,75.0,138,2026,5,0.1051313477583091,253,4,75.0,138,0.0,0.0
2026,5,UNLV,offense,epa_pass,0.1742298984828167,120,4,67.0,138,2026,5,0.1742298984828167,120,4,67.0,138,0.0,0.0
2026,5,UNLV,offense,epa_rush,0.04278679071364054,133,4,77.0,138,2026,5,0.04278679071364054,133,4,77.0,138,0.0,0.0
2026,5,UNLV,offense,early_down_epa,0.11077014129279202,188,4,50.0,138,2026,5,0.11077014129279202,188,4,50.0,138,0.0,0.0
2026,5,USC,offense,ppa_per_play,0.3060040597071368,343,5,13.0,138,2026,5,0.30779880492536044,341,5,13.0,138,0.0017947452182236479,0.0
2026,5,USC,offense,epa_pass,0.5434653345734312,172,5,7.0,138,2026,5,0.5466434944247378,171,5,7.0,138,0.00317815985130665,0.0
2026,5,USC,offense,epa_rush,0.06715412241472372,171,5,69.0,138,2026,5,0.0675491466642221,170,5,69.0,138,0.0003950242494983741,0.0
2026,5,USC,offense,early_down_epa,0.24037245360282508,277,5,18.0,138,2026,5,0.2421206169017547,275,5,17.0,138,0.001748163298929628,-1.0
2026,5,UTEP,offense,ppa_per_play,-0.1876912935179731,134,3,134.0,138,2026,5,-0.18910250625119093,133,3,134.0,138,-0.0014112127332178426,0.0
2026,5,UTEP,offense,epa_pass,-0.13219759891537403,58,3,128.0,138,2026,5,-0.13451685503669636,57,3,128.0,138,-0.002319256121322333,0.0
2026,5,UTEP,offense,epa_rush,-0.23004174466206181,76,3,134.0,138,2026,5,-0.23004174466206181,76,3,134.0,138,0.0,0.0
2026,5,UTEP,offense,early_down_epa,-0.13090075561867698,100,3,127.0,138,2026,5,-0.13222298547341108,99,3,127.0,138,-0.0013222298547340972,0.0
2026,5,UTSA,offense,ppa_per_play,0.20946011102332607,192,3,40.0,138,2026,5,0.21055676081925973,191,3,40.0,138,0.0010966497959336574,0.0
2026,5,UTSA,offense,epa_pass,0.22687076526970956,98,3,53.0,138,2026,5,0.22687076526970956,98,3,53.0,138,0.0,0.0
2026,5,UTSA,offense,epa_rush,0.19130857787284122,94,3,22.0,138,2026,5,0.1933656593553449,93,3,23.0,138,0.0020570814825036643,1.0
2026,5,UTSA,offense,early_down_epa,0.11527263339558916,144,3,48.0,138,2026,5,0.11607873572702684,143,3,48.0,138,0.0008061023314376858,0.0
2026,5,Utah,offense,ppa_per_play,0.36092451522746727,161,3,7.0,138,2026,5,0.36318029344763897,160,3,7.0,138,0.0022557782201717003,0.0
2026,5,Utah,offense,epa_pass,0.4209823422563756,85,3,20.0,138,2026,5,0.4209823422563756,85,3,20.0,138,0.0,0.0
2026,5,Utah,offense,epa_rush,0.29375457710303027,76,3,9.0,138,2026,5,0.2976713047977373,75,3,9.0,138,0.003916727694707023,0.0
2026,5,Utah,offense,early_down_epa,0.2676996329987384,129,3,14.0,138,2026,5,0.2676996329987384,129,3,14.0,138,0.0,0.0
2026,5,Utah State,offense,ppa_per_play,-0.037619865323901186,163,3,118.0,138,2026,5,-0.03785208671478944,162,3,118.0,138,-0.000232221390888257,0.0
2026,5,Utah State,offense,epa_pass,0.006096324797374827,89,3,105.0,138,2026,5,0.006165601215526794,88,3,105.0,138,6.92764181519671e-05,0.0
2026,5,Utah State,offense,epa_rush,-0.09019744533462498,74,3,114.0,138,2026,5,-0.09019744533462498,74,3,114.0,138,0.0,0.0
2026,5,Utah State,offense,early_down_epa,-0.1767335681924458,123,3,131.0,138,2026,5,-0.1767335681924458,123,3,131.0,138,0.0,0.0
2026,5,Vanderbilt,offense,ppa_per_play,0.11101469109766343,202,3,72.0,138,2026,5,0.11156700299367171,201,3,72.0,138,0.0005523118960082812,0.0
2026,5,Vanderbilt,offense,epa_pass,0.08944542974712226,105,3,83.0,138,2026,5,0.08944542974712226,105,3,83.0,138,0.0,0.0
2026,5,Vanderbilt,offense,epa_rush,0.1343628606008266,97,3,47.0,138,2026,5,0.13576247373208522,96,3,47.0,138,0.001399613131258609,0.0
2026,5,Vanderbilt,offense,early_down_epa,0.0012358700807642525,146,3,89.0,138,2026,5,0.0012443933227005563,145,3,89.0,138,8.523241936303754e-06,0.0
2026,5,Virginia,offense,ppa_per_play,0.2736869623590971,206,3,19.0,138,2026,5,0.2736869623590971,206,3,19.0,138,0.0,0.0
2026,5,Virginia,offense,epa_pass,0.40382475663277356,88,3,23.0,138,2026,5,0.40382475663277356,88,3,23.0,138,0.0,0.0
2026,5,Virginia,offense,epa_rush,0.17663504798550778,118,3,32.0,138,2026,5,0.17663504798550778,118,3,32.0,138,0.0,0.0
2026,5,Virginia,offense,early_down_epa,0.17386043613627125,155,3,30.0,138,2026,5,0.17386043613627125,155,3,30.0,138,0.0,0.0
2026,5,Virginia Tech,offense,ppa_per_play,0.18790120755392542,234,3,49.0,138,2026,5,0.18790120755392542,234,3,50.0,138,0.0,1.0
2026,5,Virginia Tech,offense,epa_pass,0.3268204431175516,122,3,38.0,138,2026,5,0.3268204431175516,122,3,38.0,138,0.0,0.0
2026,5,Virginia Tech,offense,epa_rush,0.03657846881497553,112,3,81.0,138,2026,5,0.03657846881497553,112,3,81.0,138,0.0,0.0
2026,5,Virginia Tech,offense,early_down_epa,0.06910912987722767,176,3,60.0,138,2026,5,0.06910912987722767,176,3,60.0,138,0.0,0.0
2026,5,Wake Forest,offense,ppa_per_play,0.26065837411700726,238,4,25.0,138,2026,5,0.2617581984803702,237,4,25.0,138,0.0010998243633629223,0.0
2026,5,Wake Forest,offense,epa_pass,0.39540758042021334,125,4,26.0,138,2026,5,0.39540758042021334,125,4,27.0,138,0.0,1.0
2026,5,Wake Forest,offense,epa_rush,0.12781248898247471,112,4,51.0,138,2026,5,0.12896395284718168,111,4,51.0,138,0.0011514638647069642,0.0
2026,5,Wake Forest,offense,early_down_epa,0.25693336346297607,186,4,15.0,138,2026,5,0.2583221924546678,185,4,15.0,138,0.0013888289916917373,0.0
2026,5,Washington,offense,ppa_per_play,0.05925859930804258,192,3,87.0,138,2026,5,0.05988237403760094,190,3,87.0,138,0.0006237747295583587,0.0
2026,5,Washington,offense,epa_pass,0.08975453238193794,112,3,82.0,138,2026,5,0.09056313177276622,111,3,81.0,138,0.0008085993908282796,-1.0
2026,5,Washington,offense,epa_rush,0.01656429300458907,80,3,90.0,138,2026,5,0.01677396759958387,79,3,90.0,138,0.00020967459499479993,0.0
2026,5,Washington,offense,early_down_epa,0.06152576654194355,148,3,64.0,138,2026,5,0.061944309171480555,147,3,64.0,138,0.00041854262953700677,0.0
2026,5,Washington State,offense,ppa_per_play,-0.1575976210104681,163,3,132.0,138,2026,5,-0.1575976210104681,163,3,132.0,138,0.0,0.0
2026,5,Washington State,offense,epa_pass,-0.18604261977794592,88,3,134.0,138,2026,5,-0.18604261977794592,88,3,133.0,138,0.0,-1.0
2026,5,Washington State,offense,epa_rush,-0.12422215578996086,75,3,122.0,138,2026,5,-0.12422215578996086,75,3,121.0,138,0.0,-1.0
2026,5,Washington State,offense,early_down_epa,-0.09982997544110504,124,3,122.0,138,2026,5,-0.09982997544110504,124,3,122.0,138,0.0,0.0
2026,5,West Virginia,offense,ppa_per_play,0.11516185217437007,231,3,71.0,138,2026,5,0.11616763254270515,229,3,71.0,138,0.0010057803683350824,0.0
2026,5,West Virginia,offense,epa_pass,0.06781260599096002,59,3,90.0,138,2026,5,0.06898178885287319,58,3,89.0,138,0.0011691828619131706,-1.0
2026,5,West Virginia,offense,epa_rush,0.13140374476053976,172,3,49.0,138,2026,5,0.1321721877123558,171,3,49.0,138,0.0007684429518160507,0.0
2026,5,West Virginia,offense,early_down_epa,0.06709931327882761,175,3,61.0,138,2026,5,0.06787502788320712,173,3,61.0,138,0.0007757146043795154,0.0
2026,5,Western Kentucky,offense,ppa_per_play,-0.19586089287949973,158,3,135.0,138,2026,5,-0.19710841449019714,157,3,135.0,138,-0.0012475216106974107,0.0
2026,5,Western Kentucky,offense,epa_pass,-0.10706357227441529,81,3,124.0,138,2026,5,-0.10706357227441529,81,3,124.0,138,0.0,0.0
2026,5,Western Kentucky,offense,epa_rush,-0.2978596104044681,75,3,136.0,138,2026,5,-0.2978596104044681,75,3,136.0,138,0.0,0.0
2026,5,Western Kentucky,offense,early_down_epa,-0.15515794026793062,114,3,129.0,138,2026,5,-0.15653101938534592,113,3,129.0,138,-0.001373079117415299,0.0
2026,5,Western Michigan,offense,ppa_per_play,-0.05249464149714096,171,3,120.0,138,2026,5,-0.05249464149714096,171,3,120.0,138,0.0,0.0
2026,5,Western Michigan,offense,epa_pass,-0.2996231469791605,67,3,138.0,138,2026,5,-0.2996231469791605,67,3,138.0,138,0.0,0.0
2026,5,Western Michigan,offense,epa_rush,0.10671314568839083,104,3,58.0,138,2026,5,0.10671314568839083,104,3,58.0,138,0.0,0.0
2026,5,Western Michigan,offense,early_down_epa,-0.07652144039310875,125,3,114.0,138,2026,5,-0.07652144039310875,125,3,114.0,138,0.0,0.0
2026,5,Wisconsin,offense,ppa_per_play,0.07591872179063502,170,3,81.0,138,2026,5,0.07636794499649677,169,3,81.0,138,0.0004492232058617429,0.0
2026,5,Wisconsin,offense,epa_pass,0.029180655180099224,91,3,99.0,138,2026,5,0.029504884682100316,90,3,99.0,138,0.00032422950200109227,0.0
2026,5,Wisconsin,offense,epa_rush,0.12975624155720153,79,3,50.0,138,2026,5,0.12975624155720153,79,3,50.0,138,0.0,0.0
2026,5,Wisconsin,offense,early_down_epa,0.0019462286330447498,128,3,87.0,138,2026,5,0.001961553267950607,127,3,87.0,138,1.532463490585721e-05,0.0
2026,5,Wyoming,offense,ppa_per_play,0.13814781505803614,172,3,63.0,138,2026,5,0.13895569701743984,171,3,63.0,138,0.0008078819594037057,0.0
2026,5,Wyoming,offense,epa_pass,0.04175612412178782,76,3,97.0,138,2026,5,0.04231287244341165,75,3,97.0,138,0.0005567483216238275,0.0
2026,5,Wyoming,offense,epa_rush,0.21019356556520652,95,3,20.0,138,2026,5,0.21019356556520652,95,3,20.0,138,0.0,0.0
2026,5,Wyoming,offense,early_down_epa,0.14059587535785975,136,3,40.0,138,2026,5,0.1416373262864365,135,3,40.0,138,0.0010414509285767426,0.0
2026,5,Air Force,defense,ppa_per_play,0.15254797543227533,120,2,85.0,138,2026,5,0.15254797543227533,120,2,85.0,138,0.0,0.0
2026,5,Air Force,defense,epa_pass,0.045790024395713114,57,2,35.0,138,2026,5,0.045790024395713114,57,2,35.0,138,0.0,0.0
2026,5,Air Force,defense,epa_rush,0.2491385025605936,63,2,121.0,138,2026,5,0.2491385025605936,63,2,121.0,138,0.0,0.0
2026,5,Air Force,defense,early_down_epa,0.05996690535006935,90,2,64.0,138,2026,5,0.05996690535006935,90,2,64.0,138,0.0,0.0
2026,5,Akron,defense,ppa_per_play,0.3803240378313389,159,3,133.0,138,2026,5,0.3803240378313389,159,3,133.0,138,0.0,0.0
2026,5,Akron,defense,epa_pass,0.5290325083346193,92,3,130.0,138,2026,5,0.5290325083346193,92,3,130.0,138,0.0,0.0
2026,5,Akron,defense,epa_rush,0.17612733206564035,67,3,104.0,138,2026,5,0.17612733206564035,67,3,102.0,138,0.0,-2.0
2026,5,Akron,defense,early_down_epa,0.21212827289699127,120,3,117.0,138,2026,5,0.21212827289699127,120,3,117.0,138,0.0,0.0
2026,5,Alabama,defense,ppa_per_play,-0.0738234792836166,226,4,15.0,138,2026,5,-0.07415158363598821,225,4,15.0,138,-0.00032810435237161373,0.0
2026,5,Alabama,defense,epa_pass,-0.041176423795891315,113,4,21.0,138,2026,5,-0.041176423795891315,113,4,21.0,138,0.0,0.0
2026,5,Alabama,defense,epa_rush,-0.12405763297444353,110,4,17.0,138,2026,5,-0.12405763297444353,110,4,17.0,138,0.0,0.0
2026,5,Alabama,defense,early_down_epa,-0.10097024457896824,166,4,21.0,138,2026,5,-0.10097024457896824,166,4,21.0,138,0.0,0.0
2026,5,App State,defense,ppa_per_play,0.13985012952663511,212,3,79.0,138,2026,5,0.1418575476538117,209,3,81.0,138,0.0020074181271765856,2.0
2026,5,App State,defense,epa_pass,0.10944895650362402,107,3,58.0,138,2026,5,0.11153369853226448,105,3,58.0,138,0.0020847420286404655,0.0
2026,5,App State,defense,epa_rush,0.15589249125495017,103,3,97.0,138,2026,5,0.15742084901235165,102,3,97.0,138,0.0015283577574014828,0.0
2026,5,App State,defense,early_down_epa,0.12946369350876846,164,3,94.0,138,2026,5,0.1302579492971658,163,3,94.0,138,0.0007942557883973411,0.0
2026,5,Arizona,defense,ppa_per_play,0.13063220012008386,177,3,74.0,138,2026,5,0.13063220012008386,177,3,74.0,138,0.0,0.0
2026,5,Arizona,defense,epa_pass,0.13374183398680783,104,3,65.0,138,2026,5,0.13374183398680783,104,3,65.0,138,0.0,0.0
2026,5,Arizona,defense,epa_rush,0.12620203680310726,73,3,87.0,138,2026,5,0.12620203680310726,73,3,87.0,138,0.0,0.0
2026,5,Arizona,defense,early_down_epa,0.04687357122251428,136,3,60.0,138,2026,5,0.04687357122251428,136,3,60.0,138,0.0,0.0
2026,5,Arizona State,defense,ppa_per_play,0.048554566669391896,129,2,44.0,138,2026,5,0.04931920551457917,127,2,44.0,138,0.0007646388451872724,0.0
2026,5,Arizona State,defense,epa_pass,0.12128255791647032,61,2,60.0,138,2026,5,0.12128255791647032,61,2,60.0,138,0.0,0.0
2026,5,Arizona State,defense,epa_rush,-0.016686719596369595,68,2,37.0,138,2026,5,-0.017192377765956578,66,2,37.0,138,-0.0005056581695869825,0.0
2026,5,Arizona State,defense,early_down_epa,0.0637078350426292,97,2,65.0,138,2026,5,0.06504905262247403,95,2,65.0,138,0.0013412175798448306,0.0
2026,5,Arkansas,defense,ppa_per_play,0.269634668941103,143,3,112.0,138,2026,5,0.27153350463787135,142,3,112.0,138,0.0018988356967683528,0.0
2026,5,Arkansas,defense,epa_pass,0.25638401163512253,66,3,93.0,138,2026,5,0.25638401163512253,66,3,92.0,138,0.0,-1.0
2026,5,Arkansas,defense,epa_rush,0.28099237520337195,77,3,125.0,138,2026,5,0.28468964329815316,76,3,125.0,138,0.003697268094781214,0.0
2026,5,Arkansas,defense,early_down_epa,0.1254164710576778,113,3,92.0,138,2026,5,0.12653626097783569,112,3,92.0,138,0.0011197899201578765,0.0
2026,5,Arkansas State,defense,ppa_per_play,0.25067344281158244,193,3,106.0,138,2026,5,0.25067344281158244,193,3,106.0,138,0.0,0.0
2026,5,Arkansas State,defense,epa_pass,0.47412851162286235,70,3,124.0,138,2026,5,0.47412851162286235,70,3,124.0,138,0.0,0.0
2026,5,Arkansas State,defense,epa_rush,0.1235038914555695,123,3,86.0,138,2026,5,0.1235038914555695,123,3,86.0,138,0.0,0.0
2026,5,Arkansas State,defense,early_down_epa,0.1712771134946981,152,3,107.0,138,2026,5,0.1712771134946981,152,3,107.0,138,0.0,0.0
2026,5,Army,defense,ppa_per_play,0.36130632368080984,107,2,132.0,138,2026,5,0.36130632368080984,107,2,132.0,138,0.0,0.0
2026,5,Army,defense,epa_pass,0.4141333109747655,51,2,115.0,138,2026,5,0.4141333109747655,51,2,115.0,138,0.0,0.0
2026,5,Army,defense,epa_rush,0.31319603168095744,56,2,131.0,138,2026,5,0.31319603168095744,56,2,131.0,138,0.0,0.0
2026,5,Army,defense,early_down_epa,0.37149715157656615,84,2,137.0,138,2026,5,0.37149715157656615,84,2,137.0,138,0.0,0.0
2026,5,Auburn,defense,ppa_per_play,0.047153258645567166,291,4,43.0,138,2026,5,0.047153258645567166,291,4,43.0,138,0.0,0.0
2026,5,Auburn,defense,epa_pass,0.12517374545953242,146,4,62.0,138,2026,5,0.12517374545953242,146,4,62.0,138,0.0,0.0
2026,5,Auburn,defense,epa_rush,-0.01943438783623855,144,4,36.0,138,2026,5,-0.01943438783623855,144,4,36.0,138,0.0,0.0
2026,5,Auburn,defense,early_down_epa,-0.06426717908185113,212,4,26.0,138,2026,5,-0.06426717908185113,212,4,26.0,138,0.0,0.0
2026,5,BYU,defense,ppa_per_play,0.038910372799171596,123,2,42.0,138,2026,5,0.038910372799171596,123,2,42.0,138,0.0,0.0
2026,5,BYU,defense,epa_pass,-0.004785136795284773,74,2,29.0,138,2026,5,-0.004785136795284773,74,2,29.0,138,0.0,0.0
2026,5,BYU,defense,epa_rush,0.10489950973773833,49,2,78.0,138,2026,5,0.10489950973773833,49,2,78.0,138,0.0,0.0
2026,5,BYU,defense,early_down_epa,-0.0498985959784217,95,2,30.0,138,2026,5,-0.0498985959784217,95,2,30.0,138,0.0,0.0
2026,5,Ball State,defense,ppa_per_play,0.430450263612008,170,3,136.0,138,2026,5,0.43299730659196073,169,3,136.0,138,0.0025470429799527294,0.0
2026,5,Ball State,defense,epa_pass,0.7042746486869059,77,3,136.0,138,2026,5,0.7042746486869059,77,3,136.0,138,0.0,0.0
2026,5,Ball State,defense,epa_rush,0.20373545016289907,93,3,114.0,138,2026,5,0.20594996592553927,92,3,114.0,138,0.0022145157626402012,0.0
2026,5,Ball State,defense,early_down_epa,0.2182598099015422,134,3,118.0,138,2026,5,0.21990086110380944,133,3,118.0,138,0.0016410512022672352,0.0
2026,5,Baylor,defense,ppa_per_play,-0.06777034736756703,234,3,19.0,138,2026,5,-0.06865048174896402,231,3,18.0,138,-0.0008801343813969881,-1.0
2026,5,Baylor,defense,epa_pass,0.02086001581759304,130,3,32.0,138,2026,5,0.02135277209674878,127,3,32.0,138,0.0004927562791557406,0.0
2026,5,Baylor,defense,epa_rush,-0.19103149934728575,103,3,7.0,138,2026,5,-0.19103149934728575,103,3,7.0,138,0.0,0.0
2026,5,Baylor,defense,early_down_epa,-0.08738035516921172,178,3,23.0,138,2026,5,-0.08887830411496965,175,3,23.0,138,-0.0014979489457579293,0.0
2026,5,Boise State,defense,ppa_per_play,0.0752624545567397,157,3,51.0,138,2026,5,0.07623358300263311,155,3,51.0,138,0.0009711284458934072,0.0
2026,5,Boise State,defense,epa_pass,0.07311796739220558,91,3,45.0,138,2026,5,0.07393038925211896,90,3,45.0,138,0.0008124218599133842,0.0
2026,5,Boise State,defense,epa_rush,0.07821924746541549,66,3,70.0,138,2026,5,0.07942262050334495,65,3,70.0,138,0.0012033730379294588,0.0
2026,5,Boise State,defense,early_down_epa,0.3458446180918494,121,3,135.0,138,2026,5,0.35165713268162824,119,3,135.0,138,0.005812514589778828,0.0
2026,5,Boston College,defense,ppa_per_play,0.01650790875532397,207,3,38.0,138,2026,5,0.016588044234718748,206,3,38.0,138,8.013547939477589e-05,0.0
2026,5,Boston College,defense,epa_pass,-0.033169266224007406,83,3,24.0,138,2026,5,-0.033169266224007406,83,3,24.0,138,0.0,0.0
2026,5,Boston College,defense,epa_rush,0.04975956620116674,124,3,62.0,138,2026,5,0.050164115519875416,123,3,62.0,138,0.0004045493187086746,0.0
2026,5,Boston College,defense,early_down_epa,0.11546779945400834,160,3,85.0,138,2026,5,0.1161940120291908,159,3,85.0,138,0.0007262125751824611,0.0
2026,5,Bowling Green,defense,ppa_per_play,0.2943822480127194,133,3,121.0,138,2026,5,0.29661241655827036,132,3,122.0,138,0.00223016854555097,1.0
2026,5,Bowling Green,defense,epa_pass,0.10851236056460964,50,3,57.0,138,2026,5,0.11072689853531589,49,3,57.0,138,0.002214537970706254,0.0
2026,5,Bowling Green,defense,epa_rush,0.4063520597284483,83,3,136.0,138,2026,5,0.4063520597284483,83,3,136.0,138,0.0,0.0
2026,5,Bowling Green,defense,early_down_epa,0.32471770235921465,109,3,133.0,138,2026,5,0.32772434775142945,108,3,133.0,138,0.0030066453922147907,0.0
2026,5,Buffalo,defense,ppa_per_play,0.2533922879105536,120,2,107.0,138,2026,5,0.2576870724514105,118,2,108.0,138,0.004294784540856855,1.0
2026,5,Buffalo,defense,epa_pass,0.5260805303626352,58,2,129.0,138,2026,5,0.5260805303626352,58,2,129.0,138,0.0,0.0
2026,5,Buffalo,defense,epa_rush,-0.0017031647059098456,62,2,40.0,138,2026,5,-0.001759936862773507,60,2,40.0,138,-5.6772156863661456e-05,0.0
2026,5,Buffalo,defense,early_down_epa,0.22050390448330584,94,2,119.0,138,2026,5,0.22529746762424735,92,2,119.0,138,0.004793563140941509,0.0
2026,5,California,defense,ppa_per_play,0.09724878275934772,205,3,62.0,138,2026,5,0.09918408191873769,201,3,62.0,138,0.0019352991593899749,0.0
2026,5,California,defense,epa_pass,-0.09730378946392065,100,3,14.0,138,2026,5,-0.10031318501435124,97,3,14.0,138,-0.003009395550430588,0.0
2026,5,California,defense,epa_rush,0.2825369467815081,105,3,126.0,138,2026,5,0.2852536481928688,104,3,126.0,138,0.0027167014113607113,0.0
2026,5,California,defense,early_down_epa,0.008437682589861098,158,3,43.0,138,2026,5,0.008656843176610713,154,3,43.0,138,0.0002191605867496154,0.0
2026,5,Central Michigan,defense,ppa_per_play,0.30148366212617833,162,3,124.0,138,2026,5,0.3052522079027556,160,3,124.0,138,0.003768545776577259,0.0
2026,5,Central Michigan,defense,epa_pass,0.2517631594810829,82,3,91.0,138,2026,5,0.25805723846811,80,3,93.0,138,0.0062940789870271074,2.0
2026,5,Central Michigan,defense,epa_rush,0.34906587542987816,79,3,134.0,138,2026,5,0.34906587542987816,79,3,134.0,138,0.0,0.0
2026,5,Central Michigan,defense,early_down_epa,0.1905100753620348,130,3,113.0,138,2026,5,0.1934867952895666,128,3,113.0,138,0.002976719927531818,0.0
2026,5,Charlotte,defense,ppa_per_play,0.11892981927383428,203,3,71.0,138,2026,5,0.11951858075538788,202,3,71.0,138,0.0005887614815535958,0.0
2026,5,Charlotte,defense,epa_pass,0.31153075077860387,105,3,99.0,138,2026,5,0.3145262387668597,104,3,98.0,138,0.0029954879882558294,-1.0
2026,5,Charlotte,defense,epa_rush,0.0018611744298507424,97,3,42.0,138,2026,5,0.0018611744298507424,97,3,42.0,138,0.0,0.0
2026,5,Charlotte,defense,early_down_epa,0.17275419793797198,165,3,108.0,138,2026,5,0.17380757719369133,164,3,108.0,138,0.0010533792557193555,0.0
2026,5,Cincinnati,defense,ppa_per_play,0.1642104042653019,208,3,87.0,138,2026,5,0.1658046800348679,206,3,87.0,138,0.0015942757695660004,0.0
2026,5,Cincinnati,defense,epa_pass,0.2011192190295216,116,3,79.0,138,2026,5,0.20464762638091671,114,3,81.0,138,0.0035284073513951186,2.0
2026,5,Cincinnati,defense,epa_rush,0.11767320304085105,92,3,84.0,138,2026,5,0.11767320304085105,92,3,84.0,138,0.0,0.0
2026,5,Cincinnati,defense,early_down_epa,0.07840501557223864,162,3,73.0,138,2026,5,0.0793850782668916,160,3,73.0,138,0.000980062694652964,0.0
2026,5,Clemson,defense,ppa_per_play,-0.010070860444310685,253,4,28.0,138,2026,5,-0.010151106344265337,251,4,28.0,138,-8.024589995465209e-05,0.0
2026,5,Clemson,defense,epa_pass,-0.18293336253229078,140,4,2.0,138,2026,5,-0.18293336253229078,140,4,2.0,138,0.0,0.0
2026,5,Clemson,defense,epa_rush,0.2040950713461072,113,4,115.0,138,2026,5,0.20777246001901004,111,4,115.0,138,0.003677388672902848,0.0
2026,5,Clemson,defense,early_down_epa,0.007343886526011782,195,4,42.0,138,2026,5,0.007419988977058531,193,4,42.0,138,7.61024510467492e-05,0.0
2026,5,Coastal Carolina,defense,ppa_per_play,0.18804143033012247,202,3,92.0,138,2026,5,0.18897695983425242,201,3,91.0,138,0.0009355295041299505,-1.0
2026,5,Coastal Carolina,defense,epa_pass,0.5482778040377873,68,3,131.0,138,2026,5,0.5482778040377873,68,3,131.0,138,0.0,0.0
2026,5,Coastal Carolina,defense,epa_rush,0.005234912329217915,134,3,45.0,138,2026,5,0.005274272572294734,133,3,45.0,138,3.9360243076819526e-05,0.0
2026,5,Coastal Carolina,defense,early_down_epa,0.16655155014124512,159,3,106.0,138,2026,5,0.16655155014124512,159,3,106.0,138,0.0,0.0
2026,5,Colorado,defense,ppa_per_play,0.07711519740141227,183,3,52.0,138,2026,5,0.07796729903015713,181,3,52.0,138,0.0008521016287448557,0.0
2026,5,Colorado,defense,epa_pass,0.3122561592288791,86,3,100.0,138,2026,5,0.3196908296867096,84,3,100.0,138,0.007434670457830472,0.0
2026,5,Colorado,defense,epa_rush,-0.13136029452809445,97,3,15.0,138,2026,5,-0.13136029452809445,97,3,15.0,138,0.0,0.0
2026,5,Colorado,defense,early_down_epa,0.043621301858773345,142,3,59.0,138,2026,5,0.04393067279394195,141,3,59.0,138,0.00030937093516860553,0.0
2026,5,Colorado State,defense,ppa_per_play,0.2680500841100651,183,3,111.0,138,2026,5,0.26952288677001046,182,3,111.0,138,0.0014728026599453714,0.0
2026,5,Colorado State,defense,epa_pass,0.2241350559551114,68,3,86.0,138,2026,5,0.2241350559551114,68,3,85.0,138,0.0,-1.0
2026,5,Colorado State,defense,epa_rush,0.2940172311929941,115,3,129.0,138,2026,5,0.29659632971223093,114,3,129.0,138,0.002579098519236822,0.0
2026,5,Colorado State,defense,early_down_epa,0.29267726343464423,149,3,131.0,138,2026,5,0.29465481251190534,148,3,131.0,138,0.0019775490772611093,0.0
2026,5,Delaware,defense,ppa_per_play,0.2107273036089583,198,3,99.0,138,2026,5,0.2107273036089583,198,3,99.0,138,0.0,0.0
2026,5,Delaware,defense,epa_pass,0.34165330599499644,103,3,105.0,138,2026,5,0.34165330599499644,103,3,105.0,138,0.0,0.0
2026,5,Delaware,defense,epa_rush,0.06877595365356967,95,3,66.0,138,2026,5,0.06877595365356967,95,3,65.0,138,0.0,-1.0
2026,5,Delaware,defense,early_down_epa,0.1080024004742796,151,3,81.0,138,2026,5,0.1080024004742796,151,3,81.0,138,0.0,0.0
2026,5,Duke,defense,ppa_per_play,-0.04205544172407452,166,3,22.0,138,2026,5,-0.04205544172407452,166,3,22.0,138,0.0,0.0
2026,5,Duke,defense,epa_pass,0.034607761766876584,95,3,34.0,138,2026,5,0.034607761766876584,95,3,34.0,138,0.0,0.0
2026,5,Duke,defense,epa_rush,-0.14463296752182597,71,3,13.0,138,2026,5,-0.14463296752182597,71,3,13.0,138,0.0,0.0
2026,5,Duke,defense,early_down_epa,0.018112416742989447,125,3,51.0,138,2026,5,0.018112416742989447,125,3,51.0,138,0.0,0.0
2026,5,East Carolina,defense,ppa_per_play,0.06882775916868104,197,3,50.0,138,2026,5,0.06989210595994931,194,3,50.0,138,0.001064346791268267,0.0
2026,5,East Carolina,defense,epa_pass,0.12726544610398594,77,3,63.0,138,2026,5,0.12726544610398594,77,3,63.0,138,0.0,0.0
2026,5,East Carolina,defense,epa_rush,0.03133024338519373,120,3,54.0,138,2026,5,0.03213358295917307,117,3,54.0,138,0.0008033395739793364,0.0
2026,5,East Carolina,defense,early_down_epa,-0.04126543850685755,155,3,31.0,138,2026,5,-0.04180485600367922,153,3,31.0,138,-0.0005394174968216675,0.0
2026,5,Eastern Michigan,defense,ppa_per_play,0.1518690381348643,250,4,84.0,138,2026,5,0.1518690381348643,250,4,84.0,138,0.0,0.0
2026,5,Eastern Michigan,defense,epa_pass,0.20274471146602438,141,4,81.0,138,2026,5,0.20274471146602438,141,4,79.0,138,0.0,-2.0
2026,5,Eastern Michigan,defense,epa_rush,0.08605738731198741,109,4,73.0,138,2026,5,0.08605738731198741,109,4,72.0,138,0.0,-1.0
2026,5,Eastern Michigan,defense,early_down_epa,0.03916602326433361,188,4,58.0,138,2026,5,0.03916602326433361,188,4,58.0,138,0.0,0.0
2026,5,Florida,defense,ppa_per_play,0.09295821258586415,193,3,60.0,138,2026,5,0.09295821258586415,193,3,58.0,138,0.0,-2.0
2026,5,Florida,defense,epa_pass,0.11190723783324084,116,3,59.0,138,2026,5,0.11190723783324084,116,3,59.0,138,0.0,0.0
2026,5,Florida,defense,epa_rush,0.06441162909630971,77,3,64.0,138,2026,5,0.06441162909630971,77,3,64.0,138,0.0,0.0
2026,5,Florida,defense,early_down_epa,0.01154143299288321,143,3,45.0,138,2026,5,0.01154143299288321,143,3,45.0,138,0.0,0.0
2026,5,Florida Atlantic,defense,ppa_per_play,0.16971016514796974,229,4,89.0,138,2026,5,0.1704545079775661,228,4,89.0,138,0.000744342829596345,0.0
2026,5,Florida Atlantic,defense,epa_pass,0.1558072755114329,113,4,70.0,138,2026,5,0.15719841189992784,112,4,70.0,138,0.0013911363884949457,0.0
2026,5,Florida Atlantic,defense,epa_rush,0.18325349729390647,116,4,105.0,138,2026,5,0.18325349729390647,116,4,105.0,138,0.0,0.0
2026,5,Florida Atlantic,defense,early_down_epa,0.06970098667996001,170,4,68.0,138,2026,5,0.06970098667996001,170,4,68.0,138,0.0,0.0
2026,5,Florida International,defense,ppa_per_play,0.0020468950938600885,192,3,34.0,138,2026,5,0.002057611822100194,191,3,34.0,138,1.0716728240105396e-05,0.0
2026,5,Florida International,defense,epa_pass,0.10351418812706327,102,3,55.0,138,2026,5,0.10351418812706327,102,3,55.0,138,0.0,0.0
2026,5,Florida International,defense,epa_rush,-0.11294937034377019,90,3,18.0,138,2026,5,-0.11421846439257659,89,3,18.0,138,-0.0012690940488064018,0.0
2026,5,Florida International,defense,early_down_epa,-0.07053509800243737,139,3,25.0,138,2026,5,-0.07053509800243737,139,3,25.0,138,0.0,0.0
2026,5,Florida State,defense,ppa_per_play,0.31128024021969136,201,3,125.0,138,2026,5,0.3159966074957474,198,3,125.0,138,0.0047163672760560105,0.0
2026,5,Florida State,defense,epa_pass,0.4263614307363282,113,3,118.0,138,2026,5,0.4340436186775232,111,3,118.0,138,0.007682187941195018,0.0
2026,5,Florida State,defense,epa_rush,0.16350552966991913,88,3,101.0,138,2026,5,0.1653849035741711,87,3,101.0,138,0.0018793739042519686,0.0
2026,5,Florida State,defense,early_down_epa,0.05522385702236433,153,3,63.0,138,2026,5,0.0559552988372301,151,3,63.0,138,0.0007314418148657714,0.0
2026,5,Fresno State,defense,ppa_per_play,0.001683753883539801,228,4,32.0,138,2026,5,0.0016911713015289437,227,4,32.0,138,7.417417989142661e-06,0.0
2026,5,Fresno State,defense,epa_pass,0.052839714805906685,111,4,39.0,138,2026,5,0.05332007584959671,110,4,39.0,138,0.0004803610436900224,0.0
2026,5,Fresno State,defense,epa_rush,-0.04684882442742362,117,4,32.0,138,2026,5,-0.04684882442742362,117,4,32.0,138,0.0,0.0
2026,5,Fresno State,defense,early_down_epa,0.03053550611442404,176,4,54.0,138,2026,5,0.030709994720792184,175,4,54.0,138,0.00017448860636814362,0.0
2026,5,Georgia,defense,ppa_per_play,-0.2956488576308191,126,3,1.0,138,2026,5,-0.2956488576308191,126,3,1.0,138,0.0,0.0
2026,5,Georgia,defense,epa_pass,-0.025853680381803173,72,3,26.0,138,2026,5,-0.025853680381803173,72,3,26.0,138,0.0,0.0
2026,5,Georgia,defense,epa_rush,-0.45160606335955195,53,3,1.0,138,2026,5,-0.45160606335955195,53,3,1.0,138,0.0,0.0
2026,5,Georgia,defense,early_down_epa,-0.19528987206518858,95,3,4.0,138,2026,5,-0.19528987206518858,95,3,4.0,138,0.0,0.0
2026,5,Georgia Southern,defense,ppa_per_play,0.24182030277221064,186,3,103.0,138,2026,5,0.24312743954395236,185,3,103.0,138,0.0013071367717417126,0.0
2026,5,Georgia Southern,defense,epa_pass,0.4099497116580523,83,3,114.0,138,2026,5,0.4099497116580523,83,3,114.0,138,0.0,0.0
2026,5,Georgia Southern,defense,epa_rush,0.10633738104866831,103,3,80.0,138,2026,5,0.10737990439228273,102,3,80.0,138,0.0010425233436144182,0.0
2026,5,Georgia Southern,defense,early_down_epa,0.15556920648696748,149,3,103.0,138,2026,5,0.15662034977404157,148,3,103.0,138,0.001051143287074091,0.0
2026,5,Georgia State,defense,ppa_per_play,0.05850582632744076,186,3,45.0,138,2026,5,0.05914175922230424,184,3,45.0,138,0.0006359328948634807,0.0
2026,5,Georgia State,defense,epa_pass,-0.05501846872117568,100,3,19.0,138,2026,5,-0.055574210829470366,99,3,19.0,138,-0.0005557421082946837,0.0
2026,5,Georgia State,defense,epa_rush,0.190510820570018,86,3,109.0,138,2026,5,0.19275212434142996,85,3,111.0,138,0.002241303771411962,2.0
2026,5,Georgia State,defense,early_down_epa,0.12311171254168986,147,3,90.0,138,2026,5,0.12480980512847178,145,3,91.0,138,0.0016980925867819269,1.0
2026,5,Georgia Tech,defense,ppa_per_play,0.22201984504790961,214,3,100.0,138,2026,5,0.22411437188798425,212,3,101.0,138,0.002094526840074634,1.0
2026,5,Georgia Tech,defense,epa_pass,0.42184812116805365,87,3,117.0,138,2026,5,0.4267533318793101,86,3,117.0,138,0.004905210711256436,0.0
2026,5,Georgia Tech,defense,epa_rush,0.08856824040573953,126,3,74.0,138,2026,5,0.08927678632898545,125,3,74.0,138,0.0007085459232459151,0.0
2026,5,Georgia Tech,defense,early_down_epa,0.06858257283110622,162,3,67.0,138,2026,5,0.06943985499149505,160,3,67.0,138,0.0008572821603888281,0.0
2026,5,Hawai'i,defense,ppa_per_play,0.19660081714933916,260,4,97.0,138,2026,5,0.19660081714933916,260,4,97.0,138,0.0,0.0
2026,5,Hawai'i,defense,epa_pass,0.12967417782166438,115,4,64.0,138,2026,5,0.12967417782166438,115,4,64.0,138,0.0,0.0
2026,5,Hawai'i,defense,epa_rush,0.249680565581633,145,4,122.0,138,2026,5,0.249680565581633,145,4,122.0,138,0.0,0.0
2026,5,Hawai'i,defense,early_down_epa,0.1126173289451931,203,4,84.0,138,2026,5,0.1126173289451931,203,4,84.0,138,0.0,0.0
2026,5,Houston,defense,ppa_per_play,0.19565598558409578,198,3,96.0,138,2026,5,0.19565598558409578,198,3,96.0,138,0.0,0.0
2026,5,Houston,defense,epa_pass,0.32612533093967777,122,3,103.0,138,2026,5,0.32612533093967777,122,3,101.0,138,0.0,-2.0
2026,5,Houston,defense,epa_rush,-0.013781647749864777,76,3,38.0,138,2026,5,-0.013781647749864777,76,3,38.0,138,0.0,0.0
2026,5,Houston,defense,early_down_epa,0.10105339439470049,150,3,78.0,138,2026,5,0.10105339439470049,150,3,78.0,138,0.0,0.0
2026,5,Illinois,defense,ppa_per_play,0.3449702746996847,192,3,129.0,138,2026,5,0.3449702746996847,192,3,128.0,138,0.0,-1.0
2026,5,Illinois,defense,epa_pass,0.4955313989701959,84,3,127.0,138,2026,5,0.4955313989701959,84,3,126.0,138,0.0,-1.0
2026,5,Illinois,defense,epa_rush,0.22786717804484274,108,3,120.0,138,2026,5,0.22786717804484274,108,3,120.0,138,0.0,0.0
2026,5,Illinois,defense,early_down_epa,0.26924086680518494,147,3,129.0,138,2026,5,0.26924086680518494,147,3,129.0,138,0.0,0.0
2026,5,Indiana,defense,ppa_per_play,0.03382810833826531,169,3,40.0,138,2026,5,0.03382810833826531,169,3,40.0,138,0.0,0.0
2026,5,Indiana,defense,epa_pass,0.16338693636287938,89,3,72.0,138,2026,5,0.16338693636287938,89,3,72.0,138,0.0,0.0
2026,5,Indiana,defense,epa_rush,-0.08809407710826091,77,3,24.0,138,2026,5,-0.08809407710826091,77,3,25.0,138,0.0,1.0
2026,5,Indiana,defense,early_down_epa,0.0035547172338482114,126,3,41.0,138,2026,5,0.0035547172338482114,126,3,41.0,138,0.0,0.0
2026,5,Iowa,defense,ppa_per_play,-0.01799118070550236,153,3,24.0,138,2026,5,-0.01799118070550236,153,3,24.0,138,0.0,0.0
2026,5,Iowa,defense,epa_pass,0.23626534194927362,64,3,88.0,138,2026,5,0.23626534194927362,64,3,88.0,138,0.0,0.0
2026,5,Iowa,defense,epa_rush,-0.2008273318280379,89,3,6.0,138,2026,5,-0.2008273318280379,89,3,6.0,138,0.0,0.0
2026,5,Iowa,defense,early_down_epa,0.017365571273533675,117,3,50.0,138,2026,5,0.017365571273533675,117,3,50.0,138,0.0,0.0
2026,5,Iowa State,defense,ppa_per_play,0.08294345518323513,154,3,54.0,138,2026,5,0.08348556926940007,153,3,54.0,138,0.0005421140861649326,0.0
2026,5,Iowa State,defense,epa_pass,0.16577801260129799,77,3,73.0,138,2026,5,0.16577801260129799,77,3,73.0,138,0.0,0.0
2026,5,Iowa State,defense,epa_rush,0.0001088977651722837,77,3,41.0,138,2026,5,0.00011033063050349796,76,3,41.0,138,1.4328653312142587e-06,0.0
2026,5,Iowa State,defense,early_down_epa,0.07574921362188217,119,3,72.0,138,2026,5,0.07639115611020321,118,3,72.0,138,0.0006419424883210428,0.0
2026,5,Jacksonville State,defense,ppa_per_play,0.1407190165962719,257,4,80.0,138,2026,5,0.1412687002548511,256,4,79.0,138,0.0005496836585792142,-1.0
2026,5,Jacksonville State,defense,epa_pass,0.13561481817608906,110,4,67.0,138,2026,5,0.13561481817608906,110,4,66.0,138,0.0,-1.0
2026,5,Jacksonville State,defense,epa_rush,0.1389716222054986,146,4,91.0,138,2026,5,0.13993004718622618,145,4,91.0,138,0.000958424980727568,0.0
2026,5,Jacksonville State,defense,early_down_epa,0.015544272110423394,194,4,48.0,138,2026,5,0.015544272110423394,194,4,48.0,138,0.0,0.0
2026,5,James Madison,defense,ppa_per_play,-0.10440644869597501,211,3,7.0,138,2026,5,-0.10440644869597501,211,3,7.0,138,0.0,0.0
2026,5,James Madison,defense,epa_pass,-0.12272683388762338,113,3,8.0,138,2026,5,-0.12272683388762338,113,3,8.0,138,0.0,0.0
2026,5,James Madison,defense,epa_rush,-0.08328192291376812,98,3,26.0,138,2026,5,-0.08328192291376812,98,3,26.0,138,0.0,0.0
2026,5,James Madison,defense,early_down_epa,-0.12637315760885023,153,3,13.0,138,2026,5,-0.12637315760885023,153,3,14.0,138,0.0,1.0
2026,5,Kansas,defense,ppa_per_play,0.09050048203788925,137,2,57.0,138,2026,5,0.09050048203788925,137,2,56.0,138,0.0,-1.0
2026,5,Kansas,defense,epa_pass,0.32935505400688847,54,2,104.0,138,2026,5,0.32935505400688847,54,2,104.0,138,0.0,0.0
2026,5,Kansas,defense,epa_rush,-0.05996856278976739,82,2,28.0,138,2026,5,-0.05996856278976739,82,2,28.0,138,0.0,0.0
2026,5,Kansas,defense,early_down_epa,0.0151166563511112,100,2,47.0,138,2026,5,0.0151166563511112,100,2,47.0,138,0.0,0.0
2026,5,Kansas State,defense,ppa_per_play,0.09246080897363744,148,3,58.0,138,2026,5,0.09372739539793384,146,3,59.0,138,0.0012665864242964037,1.0
2026,5,Kansas State,defense,epa_pass,-0.024578786366898434,64,3,27.0,138,2026,5,-0.024578786366898434,64,3,27.0,138,0.0,0.0
2026,5,Kansas State,defense,epa_rush,0.18745769122583827,82,3,107.0,138,2026,5,0.18977198371010787,81,3,106.0,138,0.0023142924842695922,-1.0
2026,5,Kansas State,defense,early_down_epa,0.05024277948510615,111,3,61.0,138,2026,5,0.0511646653472182,109,3,61.0,138,0.0009218858621120457,0.0
2026,5,Kennesaw State,defense,ppa_per_play,0.2844758481709152,186,3,116.0,138,2026,5,0.2844758481709152,186,3,116.0,138,0.0,0.0
2026,5,Kennesaw State,defense,epa_pass,0.4024039602277262,77,3,112.0,138,2026,5,0.4024039602277262,77,3,112.0,138,0.0,0.0
2026,5,Kennesaw State,defense,epa_rush,0.20116883323170015,109,3,113.0,138,2026,5,0.20116883323170015,109,3,113.0,138,0.0,0.0
2026,5,Kennesaw State,defense,early_down_epa,0.2516718000895766,150,3,122.0,138,2026,5,0.2516718000895766,150,3,122.0,138,0.0,0.0
2026,5,Kent State,defense,ppa_per_play,0.3191766737946786,135,3,126.0,138,2026,5,0.3191766737946786,135,3,126.0,138,0.0,0.0
2026,5,Kent State,defense,epa_pass,0.48574004301049306,72,3,125.0,138,2026,5,0.48574004301049306,72,3,125.0,138,0.0,0.0
2026,5,Kent State,defense,epa_rush,0.15731543278186302,62,3,98.0,138,2026,5,0.15731543278186302,62,3,96.0,138,0.0,-2.0
2026,5,Kent State,defense,early_down_epa,0.2596437229698824,106,3,126.0,138,2026,5,0.2596437229698824,106,3,126.0,138,0.0,0.0
2026,5,Kentucky,defense,ppa_per_play,-0.0013549077304734253,218,3,31.0,138,2026,5,-0.0013738134197358452,215,3,31.0,138,-1.8905689262419976e-05,0.0
2026,5,Kentucky,defense,epa_pass,-0.12048421049443361,120,3,9.0,138,2026,5,-0.12048421049443361,120,3,9.0,138,0.0,0.0
2026,5,Kentucky,defense,epa_rush,0.15426333456223612,96,3,94.0,138,2026,5,0.15754553316994324,94,3,98.0,138,0.003282198607707121,4.0
2026,5,Kentucky,defense,early_down_epa,-0.018545435315316446,164,3,37.0,138,2026,5,-0.018774391306863578,162,3,37.0,138,-0.00022895599154713203,0.0
2026,5,LSU,defense,ppa_per_play,-0.16996604811270322,196,4,3.0,138,2026,5,-0.16996604811270322,196,4,3.0,138,0.0,0.0
2026,5,LSU,defense,epa_pass,-0.11202534562774182,118,4,11.0,138,2026,5,-0.11202534562774182,118,4,11.0,138,0.0,0.0
2026,5,LSU,defense,epa_rush,-0.2576199313591833,78,4,3.0,138,2026,5,-0.2576199313591833,78,4,3.0,138,0.0,0.0
2026,5,LSU,defense,early_down_epa,-0.1770304779591394,143,4,5.0,138,2026,5,-0.1770304779591394,143,4,5.0,138,0.0,0.0
2026,5,Liberty,defense,ppa_per_play,0.11176089614876202,162,3,68.0,138,2026,5,0.11176089614876202,162,3,67.0,138,0.0,-1.0
2026,5,Liberty,defense,epa_pass,0.056907315823266566,77,3,41.0,138,2026,5,0.056907315823266566,77,3,41.0,138,0.0,0.0
2026,5,Liberty,defense,epa_rush,0.16145178656126968,85,3,100.0,138,2026,5,0.16145178656126968,85,3,100.0,138,0.0,0.0
2026,5,Liberty,defense,early_down_epa,0.020073879835203073,125,3,52.0,138,2026,5,0.020073879835203073,125,3,52.0,138,0.0,0.0
2026,5,Louisiana,defense,ppa_per_play,-0.09174161149428577,174,3,10.0,138,2026,5,-0.09174161149428577,174,3,10.0,138,0.0,0.0
2026,5,Louisiana,defense,epa_pass,0.10423668840126342,91,3,56.0,138,2026,5,0.10423668840126342,91,3,56.0,138,0.0,0.0
2026,5,Louisiana,defense,epa_rush,-0.2463632726783402,82,3,5.0,138,2026,5,-0.2463632726783402,82,3,5.0,138,0.0,0.0
2026,5,Louisiana,defense,early_down_epa,-0.028087057969109736,129,3,32.0,138,2026,5,-0.028087057969109736,129,3,32.0,138,0.0,0.0
2026,5,Louisiana Tech,defense,ppa_per_play,0.06693094468159698,151,2,49.0,138,2026,5,0.06737715097947429,150,2,48.0,138,0.0004462062978773107,-1.0
2026,5,Louisiana Tech,defense,epa_pass,0.08875750670531668,69,2,49.0,138,2026,5,0.08875750670531668,69,2,49.0,138,0.0,0.0
2026,5,Louisiana Tech,defense,epa_rush,0.04856469127139389,82,2,61.0,138,2026,5,0.04916425536116416,81,2,61.0,138,0.0005995640897702714,0.0
2026,5,Louisiana Tech,defense,early_down_epa,0.06769568852322366,119,2,66.0,138,2026,5,0.06769568852322366,119,2,66.0,138,0.0,0.0
2026,5,Louisville,defense,ppa_per_play,0.15794142125399127,219,3,86.0,138,2026,5,0.15939710255587136,217,3,86.0,138,0.0014556813018800907,0.0
2026,5,Louisville,defense,epa_pass,0.32318632993817187,96,3,101.0,138,2026,5,0.3265882913059421,95,3,102.0,138,0.003401961367770212,1.0
2026,5,Louisville,defense,epa_rush,0.02896978520780148,123,3,52.0,138,2026,5,0.029207242463603122,122,3,52.0,138,0.0002374572558016437,0.0
2026,5,Louisville,defense,early_down_epa,0.17304654446952503,171,3,109.0,138,2026,5,0.1740644653193458,170,3,109.0,138,0.0010179208498207748,0.0
2026,5,Marshall,defense,ppa_per_play,0.3535692241642542,177,3,131.0,138,2026,5,0.35557814021064205,176,3,131.0,138,0.0020089160463878653,0.0
2026,5,Marshall,defense,epa_pass,0.5669476434997858,100,3,134.0,138,2026,5,0.5669476434997858,100,3,134.0,138,0.0,0.0
2026,5,Marshall,defense,epa_rush,0.07645439385836907,77,3,67.0,138,2026,5,0.07746037272492655,76,3,67.0,138,0.0010059788665574831,0.0
2026,5,Marshall,defense,early_down_epa,0.2692172767057692,142,3,128.0,138,2026,5,0.2692172767057692,142,3,128.0,138,0.0,0.0
2026,5,Maryland,defense,ppa_per_play,0.12803884931201692,177,3,73.0,138,2026,5,0.128766342774017,176,3,73.0,138,0.0007274934620000728,0.0
2026,5,Maryland,defense,epa_pass,0.2585526444530176,86,3,94.0,138,2026,5,0.2615944402701119,85,3,94.0,138,0.003041795817094295,0.0
2026,5,Maryland,defense,epa_rush,0.00469614181612608,91,3,44.0,138,2026,5,0.00469614181612608,91,3,44.0,138,0.0,0.0
2026,5,Maryland,defense,early_down_epa,0.08091322323832008,136,3,76.0,138,2026,5,0.08151258044749284,135,3,76.0,138,0.0005993572091727573,0.0
2026,5,Massachusetts,defense,ppa_per_play,-0.06434445096132752,119,2,20.0,138,2026,5,-0.06434445096132752,119,2,20.0,138,0.0,0.0
2026,5,Massachusetts,defense,epa_pass,0.09229248153702237,76,2,50.0,138,2026,5,0.09229248153702237,76,2,50.0,138,0.0,0.0
2026,5,Massachusetts,defense,epa_rush,-0.3411911223537598,43,2,2.0,138,2026,5,-0.3411911223537598,43,2,2.0,138,0.0,0.0
2026,5,Massachusetts,defense,early_down_epa,-0.206198888228282,93,2,2.0,138,2026,5,-0.206198888228282,93,2,2.0,138,0.0,0.0
2026,5,Memphis,defense,ppa_per_play,0.1946100871103304,212,3,95.0,138,2026,5,0.1946100871103304,212,3,94.0,138,0.0,-1.0
2026,5,Memphis,defense,epa_pass,0.049534467363122996,105,3,38.0,138,2026,5,0.049534467363122996,105,3,38.0,138,0.0,0.0
2026,5,Memphis,defense,epa_rush,0.33697401303048724,107,3,132.0,138,2026,5,0.33697401303048724,107,3,132.0,138,0.0,0.0
2026,5,Memphis,defense,early_down_epa,0.20010287555130724,165,3,114.0,138,2026,5,0.20010287555130724,165,3,114.0,138,0.0,0.0
2026,5,Miami,defense,ppa_per_play,0.06663230854619281,136,3,48.0,138,2026,5,0.06762682061404644,134,3,49.0,138,0.0009945120678536284,1.0
2026,5,Miami,defense,epa_pass,0.1466378497174409,96,3,69.0,138,2026,5,0.1466378497174409,96,3,69.0,138,0.0,0.0
2026,5,Miami,defense,epa_rush,-0.08489708543271784,39,3,25.0,138,2026,5,-0.08948611707772962,37,3,24.0,138,-0.0045890316450117735,-1.0
2026,5,Miami,defense,early_down_epa,0.10923762833234454,102,3,82.0,138,2026,5,0.10923762833234454,102,3,82.0,138,0.0,0.0
2026,5,Miami (OH),defense,ppa_per_play,0.29139632361380635,192,3,119.0,138,2026,5,0.29446365333605695,190,3,120.0,138,0.0030673297222506,1.0
2026,5,Miami (OH),defense,epa_pass,0.37276826230788657,113,3,108.0,138,2026,5,0.37609655036420697,112,3,110.0,138,0.0033282880563204054,2.0
2026,5,Miami (OH),defense,epa_rush,0.17500355054505876,79,3,103.0,138,2026,5,0.177247185808457,78,3,103.0,138,0.0022436352633982415,0.0
2026,5,Miami (OH),defense,early_down_epa,0.14092862135771014,150,3,98.0,138,2026,5,0.14283306218686842,148,3,99.0,138,0.001904440829158277,1.0
2026,5,Michigan,defense,ppa_per_play,-0.08069570104072482,219,4,13.0,138,2026,5,-0.08069570104072482,219,4,13.0,138,0.0,0.0
2026,5,Michigan,defense,epa_pass,-0.030593868007647098,107,4,25.0,138,2026,5,-0.030593868007647098,107,4,25.0,138,0.0,0.0
2026,5,Michigan,defense,epa_rush,-0.12856084509911156,112,4,16.0,138,2026,5,-0.12856084509911156,112,4,16.0,138,0.0,0.0
2026,5,Michigan,defense,early_down_epa,-0.12599471285061314,164,4,15.0,138,2026,5,-0.12599471285061314,164,4,15.0,138,0.0,0.0
2026,5,Michigan State,defense,ppa_per_play,0.1379474742164302,224,4,78.0,138,2026,5,0.1379474742164302,224,4,78.0,138,0.0,0.0
2026,5,Michigan State,defense,epa_pass,0.2293584777387582,100,4,87.0,138,2026,5,0.2293584777387582,100,4,87.0,138,0.0,0.0
2026,5,Michigan State,defense,epa_rush,0.059585123731931595,123,4,63.0,138,2026,5,0.059585123731931595,123,4,63.0,138,0.0,0.0
2026,5,Michigan State,defense,early_down_epa,0.17582022610386666,173,4,110.0,138,2026,5,0.17582022610386666,173,4,110.0,138,0.0,0.0
2026,5,Middle Tennessee,defense,ppa_per_play,0.09590456917998756,186,3,61.0,138,2026,5,0.09694701014933525,184,3,61.0,138,0.001042440969347691,0.0
2026,5,Middle Tennessee,defense,epa_pass,0.17070399537290679,75,3,74.0,138,2026,5,0.17070399537290679,75,3,74.0,138,0.0,0.0
2026,5,Middle Tennessee,defense,epa_rush,0.11604947173306948,109,3,82.0,138,2026,5,0.11712400387874605,108,3,82.0,138,0.001074532145676571,0.0
2026,5,Middle Tennessee,defense,early_down_epa,-0.019031041535908035,147,3,35.0,138,2026,5,-0.019031041535908035,147,3,35.0,138,0.0,0.0
2026,5,Minnesota,defense,ppa_per_play,0.1325157817763714,171,3,76.0,138,2026,5,0.1340840158802338,169,3,77.0,138,0.0015682341038623926,1.0
2026,5,Minnesota,defense,epa_pass,0.08295152159586991,90,3,47.0,138,2026,5,0.0838835611643628,89,3,47.0,138,0.0009320395684928873,0.0
2026,5,Minnesota,defense,epa_rush,0.18758718197692864,81,3,108.0,138,2026,5,0.18993202175164026,80,3,107.0,138,0.0023448397747116156,-1.0
2026,5,Minnesota,defense,early_down_epa,0.12113318544469835,137,3,89.0,138,2026,5,0.12202387063179175,136,3,89.0,138,0.0008906851870933985,0.0
2026,5,Mississippi State,defense,ppa_per_play,0.026751579175070095,248,4,39.0,138,2026,5,0.026751579175070095,248,4,39.0,138,0.0,0.0
2026,5,Mississippi State,defense,epa_pass,0.04917908277423495,150,4,37.0,138,2026,5,0.04917908277423495,150,4,37.0,138,0.0,0.0
2026,5,Mississippi State,defense,epa_rush,-0.007576232456304695,98,4,39.0,138,2026,5,-0.007576232456304695,98,4,39.0,138,0.0,0.0
2026,5,Mississippi State,defense,early_down_epa,-0.061950132133925605,184,4,27.0,138,2026,5,-0.061950132133925605,184,4,27.0,138,0.0,0.0
2026,5,Missouri,defense,ppa_per_play,0.016028495420179742,217,3,37.0,138,2026,5,0.01625319395410747,214,3,37.0,138,0.0002246985339277273,0.0
2026,5,Missouri,defense,epa_pass,0.0868034165161122,109,3,48.0,138,2026,5,0.08842591028276849,107,3,48.0,138,0.0016224937666562828,0.0
2026,5,Missouri,defense,epa_rush,-0.05540174901923362,108,3,30.0,138,2026,5,-0.055919522374553554,107,3,30.0,138,-0.0005177733553199323,0.0
2026,5,Missouri,defense,early_down_epa,-0.08633355673341171,161,3,24.0,138,2026,5,-0.08741951342188231,159,3,24.0,138,-0.001085956688470599,0.0
2026,5,Missouri State,defense,ppa_per_play,0.26089529113527393,217,3,110.0,138,2026,5,0.2645527017586656,214,3,110.0,138,0.0036574106233916437,0.0
2026,5,Missouri State,defense,epa_pass,0.46061097478248875,95,3,123.0,138,2026,5,0.46551109153549397,94,3,123.0,138,0.004900116753005224,0.0
2026,5,Missouri State,defense,epa_rush,0.10624988076047935,121,3,79.0,138,2026,5,0.10713529643348332,120,3,79.0,138,0.0008854156730039725,0.0
2026,5,Missouri State,defense,early_down_epa,0.1370248622932461,174,3,96.0,138,2026,5,0.13861817464549314,172,3,96.0,138,0.0015933123522470505,0.0
2026,5,NC State,defense,ppa_per_play,0.2905230028983526,187,3,118.0,138,2026,5,0.29208495452683836,186,3,118.0,138,0.0015619516284857693,0.0
2026,5,NC State,defense,epa_pass,0.3731964657546239,86,3,109.0,138,2026,5,0.3731964657546239,86,3,108.0,138,0.0,-1.0
2026,5,NC State,defense,epa_rush,0.22012777709994327,101,3,117.0,138,2026,5,0.2223290548709427,100,3,117.0,138,0.0022012777709994324,0.0
2026,5,NC State,defense,early_down_epa,0.26700770981770644,138,3,127.0,138,2026,5,0.2689566712032372,137,3,127.0,138,0.0019489613855307453,0.0
2026,5,Navy,defense,ppa_per_play,0.18658344780816855,133,2,91.0,138,2026,5,0.18943205006478184,131,2,92.0,138,0.002848602256613292,1.0
2026,5,Navy,defense,epa_pass,0.43766486827053963,60,2,119.0,138,2026,5,0.44508291688529455,59,2,121.0,138,0.007418048614754924,2.0
2026,5,Navy,defense,epa_rush,0.007134810061736812,70,2,48.0,138,2026,5,0.007134810061736812,70,2,48.0,138,0.0,0.0
2026,5,Navy,defense,early_down_epa,0.14251304254184993,103,2,99.0,138,2026,5,0.14533508298822326,101,2,100.0,138,0.002822040446373325,1.0
2026,5,Nebraska,defense,ppa_per_play,-0.11112370856448141,143,3,5.0,138,2026,5,-0.11112370856448141,143,3,5.0,138,0.0,0.0
2026,5,Nebraska,defense,epa_pass,-0.15610500139203812,74,3,5.0,138,2026,5,-0.15610500139203812,74,3,5.0,138,0.0,0.0
2026,5,Nebraska,defense,epa_rush,-0.06288290176391335,69,3,27.0,138,2026,5,-0.06288290176391335,69,3,27.0,138,0.0,0.0
2026,5,Nebraska,defense,early_down_epa,-0.11915415658459838,114,3,17.0,138,2026,5,-0.11915415658459838,114,3,17.0,138,0.0,0.0
2026,5,Nevada,defense,ppa_per_play,0.14849270298434583,209,3,83.0,138,2026,5,0.1492066102102321,208,3,83.0,138,0.0007139072258862678,0.0
2026,5,Nevada,defense,epa_pass,0.18413304340741413,80,3,77.0,138,2026,5,0.18413304340741413,80,3,77.0,138,0.0,0.0
2026,5,Nevada,defense,epa_rush,0.1273775894619933,128,3,88.0,138,2026,5,0.1273775894619933,128,3,88.0,138,0.0,0.0
2026,5,Nevada,defense,early_down_epa,0.009270735392042487,154,3,44.0,138,2026,5,0.009331328433820542,153,3,44.0,138,6.0593041778054385e-05,0.0
2026,5,New Mexico,defense,ppa_per_play,-0.07093883742934179,133,3,17.0,138,2026,5,-0.07093883742934179,133,3,17.0,138,0.0,0.0
2026,5,New Mexico,defense,epa_pass,-0.0006267477007745913,68,3,30.0,138,2026,5,-0.0006267477007745913,68,3,30.0,138,0.0,0.0
2026,5,New Mexico,defense,epa_rush,-0.1444961005299967,65,3,14.0,138,2026,5,-0.1444961005299967,65,3,14.0,138,0.0,0.0
2026,5,New Mexico,defense,early_down_epa,-0.19884632272835204,97,3,3.0,138,2026,5,-0.19884632272835204,97,3,3.0,138,0.0,0.0
2026,5,New Mexico State,defense,ppa_per_play,0.2751769595909901,188,3,114.0,138,2026,5,0.2766484941342574,187,3,114.0,138,0.0014715345432673166,0.0
2026,5,New Mexico State,defense,epa_pass,0.3254592069693464,92,3,102.0,138,2026,5,0.32903568177120734,91,3,103.0,138,0.0035764748018609627,1.0
2026,5,New Mexico State,defense,epa_rush,0.22698980585339848,96,3,119.0,138,2026,5,0.22698980585339848,96,3,119.0,138,0.0,0.0
2026,5,New Mexico State,defense,early_down_epa,0.12034810365968834,146,3,88.0,138,2026,5,0.1211780905814793,145,3,88.0,138,0.0008299869217909539,0.0
2026,5,North Carolina,defense,ppa_per_play,0.08589982033925053,137,2,55.0,138,2026,5,0.08653143666527442,136,2,55.0,138,0.00063161632602389,0.0
2026,5,North Carolina,defense,epa_pass,0.04690486001694935,67,2,36.0,138,2026,5,0.04690486001694935,67,2,36.0,138,0.0,0.0
2026,5,North Carolina,defense,epa_rush,0.15107237322452474,69,2,93.0,138,2026,5,0.1532940257719442,68,2,93.0,138,0.0022216525474194615,0.0
2026,5,North Carolina,defense,early_down_epa,0.11988008196850591,101,2,87.0,138,2026,5,0.12107888278819096,100,2,87.0,138,0.001198800819685042,0.0
2026,5,North Dakota State,defense,ppa_per_play,-0.10210050285191363,180,3,9.0,138,2026,5,-0.10210050285191363,180,3,9.0,138,0.0,0.0
2026,5,North Dakota State,defense,epa_pass,0.008658132334728973,78,3,31.0,138,2026,5,0.008658132334728973,78,3,31.0,138,0.0,0.0
2026,5,North Dakota State,defense,epa_rush,-0.034221764285204785,100,3,34.0,138,2026,5,-0.034221764285204785,100,3,34.0,138,0.0,0.0
2026,5,North Dakota State,defense,early_down_epa,-0.16202049590963225,137,3,8.0,138,2026,5,-0.16202049590963225,137,3,8.0,138,0.0,0.0
2026,5,North Texas,defense,ppa_per_play,0.32489159156087694,173,3,127.0,138,2026,5,0.32869149321655966,171,3,127.0,138,0.0037999016556827248,0.0
2026,5,North Texas,defense,epa_pass,0.9141722463609162,66,3,138.0,138,2026,5,0.928236434766469,65,3,138.0,138,0.014064188405552791,0.0
2026,5,North Texas,defense,epa_rush,-0.03858993382980162,107,3,33.0,138,2026,5,-0.03895398980932806,106,3,33.0,138,-0.0003640559795264342,0.0
2026,5,North Texas,defense,early_down_epa,0.2520570223797783,135,3,123.0,138,2026,5,0.2539380449348513,134,3,123.0,138,0.0018810225550729975,0.0
2026,5,Northern Illinois,defense,ppa_per_play,0.27815941822189083,177,3,115.0,138,2026,5,0.28133838300156955,175,3,115.0,138,0.003178964779678717,0.0
2026,5,Northern Illinois,defense,epa_pass,0.3704787700528671,94,3,107.0,138,2026,5,0.3704787700528671,94,3,107.0,138,0.0,0.0
2026,5,Northern Illinois,defense,epa_rush,0.17360497156994165,83,3,102.0,138,2026,5,0.17789151407784143,81,3,104.0,138,0.004286542507899782,2.0
2026,5,Northern Illinois,defense,early_down_epa,0.14252430609875777,138,3,100.0,138,2026,5,0.14252430609875777,138,3,98.0,138,0.0,-2.0
2026,5,Northwestern,defense,ppa_per_play,0.10479773735550632,121,2,64.0,138,2026,5,0.10655904386568286,119,2,64.0,138,0.001761306510176544,0.0
2026,5,Northwestern,defense,epa_pass,0.07101981832235436,54,2,44.0,138,2026,5,0.07101981832235436,54,2,44.0,138,0.0,0.0
2026,5,Northwestern,defense,epa_rush,0.1320217318001362,67,2,89.0,138,2026,5,0.13608393893244813,65,2,90.0,138,0.0040622071323119235,1.0
2026,5,Northwestern,defense,early_down_epa,0.1342193556421123,91,2,95.0,138,2026,5,0.13571068181591353,90,2,95.0,138,0.0014913261738012384,0.0
2026,5,Notre Dame,defense,ppa_per_play,-0.19249404168587098,163,4,2.0,138,2026,5,-0.19368227651109235,162,4,2.0,138,-0.0011882348252213737,0.0
2026,5,Notre Dame,defense,epa_pass,-0.13953595584640516,75,4,6.0,138,2026,5,-0.14142157687135662,74,4,6.0,138,-0.0018856210249514616,0.0
2026,5,Notre Dame,defense,epa_rush,-0.15737996836875345,87,4,10.0,138,2026,5,-0.15737996836875345,87,4,10.0,138,0.0,0.0
2026,5,Notre Dame,defense,early_down_epa,-0.3085627222613076,119,4,1.0,138,2026,5,-0.31117766058555596,118,4,1.0,138,-0.0026149383242483615,0.0
2026,5,Ohio,defense,ppa_per_play,0.385038103255282,206,3,134.0,138,2026,5,0.385038103255282,206,3,134.0,138,0.0,0.0
2026,5,Ohio,defense,epa_pass,0.5641043777320389,79,3,132.0,138,2026,5,0.5641043777320389,79,3,132.0,138,0.0,0.0
2026,5,Ohio,defense,epa_rush,0.2736504207067481,127,3,124.0,138,2026,5,0.2736504207067481,127,3,124.0,138,0.0,0.0
2026,5,Ohio,defense,early_down_epa,0.2256930403973027,159,3,120.0,138,2026,5,0.2256930403973027,159,3,120.0,138,0.0,0.0
2026,5,Ohio State,defense,ppa_per_play,-0.025311165326614562,214,4,23.0,138,2026,5,-0.02542999708871135,213,4,23.0,138,-0.00011883176209678825,0.0
2026,5,Ohio State,defense,epa_pass,-0.11554139213519644,118,4,10.0,138,2026,5,-0.11554139213519644,118,4,10.0,138,0.0,0.0
2026,5,Ohio State,defense,epa_rush,0.08559682179226735,96,4,72.0,138,2026,5,0.08649784096902806,95,4,73.0,138,0.0009010191767607062,1.0
2026,5,Ohio State,defense,early_down_epa,-0.026896502001967335,159,4,33.0,138,2026,5,-0.027066733027296196,158,4,33.0,138,-0.0001702310253288604,0.0
2026,5,Oklahoma,defense,ppa_per_play,-0.12117130689800057,195,4,4.0,138,2026,5,-0.12242696810937878,193,4,4.0,138,-0.0012556612113782117,0.0
2026,5,Oklahoma,defense,epa_pass,-0.1564850974322365,81,4,4.0,138,2026,5,-0.1564850974322365,81,4,4.0,138,0.0,0.0
2026,5,Oklahoma,defense,epa_rush,-0.09607992941314866,114,4,22.0,138,2026,5,-0.09779564243838347,112,4,22.0,138,-0.001715713025234808,0.0
2026,5,Oklahoma,defense,early_down_epa,-0.1675983928885563,144,4,6.0,138,2026,5,-0.16995893363346556,142,4,6.0,138,-0.0023605407449092675,0.0
2026,5,Oklahoma State,defense,ppa_per_play,0.0016989671609211369,205,3,33.0,138,2026,5,0.0017157057536395716,203,3,33.0,138,1.6738592718434746e-05,0.0
2026,5,Oklahoma State,defense,epa_pass,-0.13529798432369416,83,3,7.0,138,2026,5,-0.1369479597422758,82,3,7.0,138,-0.0016499754185816395,0.0
2026,5,Oklahoma State,defense,epa_rush,0.09490181120373321,122,3,77.0,138,2026,5,0.09568612369302028,121,3,77.0,138,0.0007843124892870645,0.0
2026,5,Oklahoma State,defense,early_down_epa,0.07418092084983678,154,3,70.0,138,2026,5,0.07515698559786095,152,3,71.0,138,0.0009760647480241691,1.0
2026,5,Old Dominion,defense,ppa_per_play,0.06256611819840613,229,3,47.0,138,2026,5,0.06311736153055067,227,3,47.0,138,0.0005512433321445409,0.0
2026,5,Old Dominion,defense,epa_pass,0.19124324859293607,110,3,78.0,138,2026,5,0.19299777380938501,109,3,78.0,138,0.0017545252164489489,0.0
2026,5,Old Dominion,defense,epa_rush,0.005851790797136966,117,3,46.0,138,2026,5,0.005902237269526085,116,3,46.0,138,5.044647238911914e-05,0.0
2026,5,Old Dominion,defense,early_down_epa,-0.10936042281993967,171,3,20.0,138,2026,5,-0.11000371942476285,170,3,20.0,138,-0.0006432966048231792,0.0
2026,5,Ole Miss,defense,ppa_per_play,0.24049781425359493,259,4,102.0,138,2026,5,0.24236939257463452,257,4,102.0,138,0.0018715783210395964,0.0
2026,5,Ole Miss,defense,epa_pass,0.3106857060121977,106,4,98.0,138,2026,5,0.31666043112781683,104,4,99.0,138,0.0059747251156191394,1.0
2026,5,Ole Miss,defense,epa_rush,0.19187090885221003,153,4,110.0,138,2026,5,0.19187090885221003,153,4,109.0,138,0.0,-1.0
2026,5,Ole Miss,defense,early_down_epa,0.1874834180278263,200,4,112.0,138,2026,5,0.18842554575660939,199,4,112.0,138,0.0009421277287830765,0.0
2026,5,Oregon,defense,ppa_per_play,0.09255433255320566,227,3,59.0,138,2026,5,0.09379389950704324,224,3,60.0,138,0.0012395669538375759,1.0
2026,5,Oregon,defense,epa_pass,0.06825908706695395,121,3,43.0,138,2026,5,0.06882791279251191,120,3,43.0,138,0.000568825725557956,0.0
2026,5,Oregon,defense,epa_rush,0.12028758447619109,106,3,85.0,138,2026,5,0.12260080725457939,104,3,85.0,138,0.002313222778388302,0.0
2026,5,Oregon,defense,early_down_epa,0.1532055169035205,172,3,101.0,138,2026,5,0.15500793474944424,170,3,102.0,138,0.0018024178459237483,1.0
2026,5,Oregon State,defense,ppa_per_play,0.10692632015781892,211,3,66.0,138,2026,5,0.1074354931109514,210,3,66.0,138,0.0005091729531324779,0.0
2026,5,Oregon State,defense,epa_pass,0.2031012176631468,95,3,82.0,138,2026,5,0.20526186891488238,94,3,82.0,138,0.0021606512517355903,0.0
2026,5,Oregon State,defense,epa_rush,0.028162395476731467,116,3,51.0,138,2026,5,0.028162395476731467,116,3,51.0,138,0.0,0.0
2026,5,Oregon State,defense,early_down_epa,-0.015521946806381946,164,3,38.0,138,2026,5,-0.015617173473905767,163,3,38.0,138,-9.522666752382128e-05,0.0
2026,5,Penn State,defense,ppa_per_play,-0.07142491162266448,202,4,16.0,138,2026,5,-0.07178025944168272,201,4,16.0,138,-0.0003553478190182341,0.0
2026,5,Penn State,defense,epa_pass,-0.22848137308918526,107,4,1.0,138,2026,5,-0.22848137308918526,107,4,1.0,138,0.0,0.0
2026,5,Penn State,defense,epa_rush,0.11616991692158511,94,4,83.0,138,2026,5,0.11741905581321506,93,4,83.0,138,0.0012491388916299473,0.0
2026,5,Penn State,defense,early_down_epa,-0.12441806344350535,151,4,16.0,138,2026,5,-0.12524751719979538,150,4,16.0,138,-0.0008294537562900245,0.0
2026,5,Pittsburgh,defense,ppa_per_play,-0.07854285025681225,166,3,14.0,138,2026,5,-0.07950068989409043,164,3,14.0,138,-0.0009578396372781767,0.0
2026,5,Pittsburgh,defense,epa_pass,-0.040160130205180194,99,3,22.0,138,2026,5,-0.040569927452171826,98,3,22.0,138,-0.00040979724699163195,0.0
2026,5,Pittsburgh,defense,epa_rush,-0.108987581078527,66,3,20.0,138,2026,5,-0.11066431309511972,65,3,20.0,138,-0.0016767320165927135,0.0
2026,5,Pittsburgh,defense,early_down_epa,-0.12613712803944246,123,3,14.0,138,2026,5,-0.12717103892501166,122,3,13.0,138,-0.0010339108855692003,-1.0
2026,5,Purdue,defense,ppa_per_play,0.4542236738781595,176,3,137.0,138,2026,5,0.4542236738781595,176,3,137.0,138,0.0,0.0
2026,5,Purdue,defense,epa_pass,0.5139302706028192,75,3,128.0,138,2026,5,0.5139302706028192,75,3,128.0,138,0.0,0.0
2026,5,Purdue,defense,epa_rush,0.409887092151927,101,3,137.0,138,2026,5,0.409887092151927,101,3,137.0,138,0.0,0.0
2026,5,Purdue,defense,early_down_epa,0.3436954241903106,147,3,134.0,138,2026,5,0.3436954241903106,147,3,134.0,138,0.0,0.0
2026,5,Rice,defense,ppa_per_play,0.29571445128327545,160,3,122.0,138,2026,5,0.29571445128327545,160,3,121.0,138,0.0,-1.0
2026,5,Rice,defense,epa_pass,0.2877007029669387,72,3,96.0,138,2026,5,0.2877007029669387,72,3,96.0,138,0.0,0.0
2026,5,Rice,defense,epa_rush,0.30227115445118735,88,3,130.0,138,2026,5,0.30227115445118735,88,3,130.0,138,0.0,0.0
2026,5,Rice,defense,early_down_epa,0.2296380694025254,125,3,121.0,138,2026,5,0.2296380694025254,125,3,121.0,138,0.0,0.0
2026,5,Rutgers,defense,ppa_per_play,0.2484285239306455,188,3,105.0,138,2026,5,0.24975701871102332,187,3,105.0,138,0.0013284947803778313,0.0
2026,5,Rutgers,defense,epa_pass,0.3738632363124207,86,3,110.0,138,2026,5,0.3738632363124207,86,3,109.0,138,0.0,-1.0
2026,5,Rutgers,defense,epa_rush,0.14266984486365866,102,3,92.0,138,2026,5,0.14408241758508103,101,3,92.0,138,0.0014125727214223671,0.0
2026,5,Rutgers,defense,early_down_epa,0.1380612872160821,151,3,97.0,138,2026,5,0.13898169579752265,150,3,97.0,138,0.000920408581440546,0.0
2026,5,SMU,defense,ppa_per_play,0.14179876056148832,189,3,81.0,138,2026,5,0.14179876056148832,189,3,80.0,138,0.0,-1.0
2026,5,SMU,defense,epa_pass,0.15932299093897956,89,3,71.0,138,2026,5,0.15932299093897956,89,3,71.0,138,0.0,0.0
2026,5,SMU,defense,epa_rush,0.1326675243903177,99,3,90.0,138,2026,5,0.1326675243903177,99,3,89.0,138,0.0,-1.0
2026,5,SMU,defense,early_down_epa,0.15351421504714374,141,3,102.0,138,2026,5,0.15351421504714374,141,3,101.0,138,0.0,-1.0
2026,5,Sacramento State,defense,ppa_per_play,0.19748422985192912,216,4,98.0,138,2026,5,0.19748422985192912,216,4,98.0,138,0.0,0.0
2026,5,Sacramento State,defense,epa_pass,0.4449868852579446,107,4,121.0,138,2026,5,0.4449868852579446,107,4,120.0,138,0.0,-1.0
2026,5,Sacramento State,defense,epa_rush,0.029209751664498018,108,4,53.0,138,2026,5,0.029209751664498018,108,4,53.0,138,0.0,0.0
2026,5,Sacramento State,defense,early_down_epa,0.1790453146120428,173,4,111.0,138,2026,5,0.1790453146120428,173,4,111.0,138,0.0,0.0
2026,5,Sam Houston,defense,ppa_per_play,0.11122274740915766,192,3,67.0,138,2026,5,0.1123935131713593,190,3,68.0,138,0.0011707657622016393,1.0
2026,5,Sam Houston,defense,epa_pass,-0.08671278893168695,92,3,15.0,138,2026,5,-0.08766567672214504,91,3,15.0,138,-0.0009528877904580874,0.0
2026,5,Sam Houston,defense,epa_rush,0.2933234408427347,100,3,128.0,138,2026,5,0.29628630388155025,99,3,128.0,138,0.002962863038815544,0.0
2026,5,Sam Houston,defense,early_down_epa,0.05111516873031275,147,3,62.0,138,2026,5,0.05146527262572584,146,3,62.0,138,0.00035010389541308834,0.0
2026,5,San Diego State,defense,ppa_per_play,0.16512133717763416,203,3,88.0,138,2026,5,0.16676433555751113,201,3,88.0,138,0.0016429983798769698,0.0
2026,5,San Diego State,defense,epa_pass,0.3614698511934016,77,3,106.0,138,2026,5,0.36622603344594634,76,3,106.0,138,0.004756182252544761,0.0
2026,5,San Diego State,defense,epa_rush,0.04513057861244297,126,3,58.0,138,2026,5,0.045491623241342496,125,3,58.0,138,0.00036104462889952754,0.0
2026,5,San Diego State,defense,early_down_epa,0.20854795849739477,161,3,116.0,138,2026,5,0.21117120325836827,159,3,116.0,138,0.0026232447609735032,0.0
2026,5,San José State,defense,ppa_per_play,0.09043074762782881,211,3,56.0,138,2026,5,0.09086137023558037,210,3,57.0,138,0.0004306226077515629,1.0
2026,5,San José State,defense,epa_pass,0.09994703066889918,111,3,53.0,138,2026,5,0.09994703066889918,111,3,53.0,138,0.0,0.0
2026,5,San José State,defense,epa_rush,0.07986767345224059,100,3,71.0,138,2026,5,0.08067441762852585,99,3,71.0,138,0.0008067441762852623,0.0
2026,5,San José State,defense,early_down_epa,0.07964723950350769,160,3,75.0,138,2026,5,0.08014816553812094,159,3,75.0,138,0.0005009260346132555,0.0
2026,5,South Alabama,defense,ppa_per_play,0.34489376963734725,179,3,128.0,138,2026,5,0.34879087437901224,177,3,129.0,138,0.0038971047416649918,1.0
2026,5,South Alabama,defense,epa_pass,0.1804491005082769,85,3,75.0,138,2026,5,0.1825973040857564,84,3,75.0,138,0.002148203577479496,0.0
2026,5,South Alabama,defense,epa_rush,0.4935937364029959,94,3,138.0,138,2026,5,0.4989011959342111,93,3,138.0,138,0.005307459531215197,0.0
2026,5,South Alabama,defense,early_down_epa,0.3496416197780886,143,3,136.0,138,2026,5,0.3521038847061033,142,3,136.0,138,0.0024622649280147124,0.0
2026,5,South Carolina,defense,ppa_per_play,0.298171261451867,147,3,123.0,138,2026,5,0.298171261451867,147,3,123.0,138,0.0,0.0
2026,5,South Carolina,defense,epa_pass,0.5649994040793436,76,3,133.0,138,2026,5,0.5649994040793436,76,3,133.0,138,0.0,0.0
2026,5,South Carolina,defense,epa_rush,0.012552404554849779,71,3,50.0,138,2026,5,0.012552404554849779,71,3,50.0,138,0.0,0.0
2026,5,South Carolina,defense,early_down_epa,0.16433897518916518,116,3,105.0,138,2026,5,0.16433897518916518,116,3,105.0,138,0.0,0.0
2026,5,South Florida,defense,ppa_per_play,-0.06804951232604751,198,3,18.0,138,2026,5,-0.06804951232604751,198,3,19.0,138,0.0,1.0
2026,5,South Florida,defense,epa_pass,0.060959726452148005,93,3,42.0,138,2026,5,0.060959726452148005,93,3,42.0,138,0.0,0.0
2026,5,South Florida,defense,epa_rush,-0.18231483810102067,105,3,8.0,138,2026,5,-0.18231483810102067,105,3,8.0,138,0.0,0.0
2026,5,South Florida,defense,early_down_epa,-0.025504456253093635,144,3,34.0,138,2026,5,-0.025504456253093635,144,3,34.0,138,0.0,0.0
2026,5,Southern Miss,defense,ppa_per_play,0.25682552800754155,202,3,109.0,138,2026,5,0.2606972696357959,199,3,109.0,138,0.003871741628254377,0.0
2026,5,Southern Miss,defense,epa_pass,0.20694541754494547,85,3,83.0,138,2026,5,0.21193205411229352,83,3,83.0,138,0.004986636567348046,0.0
2026,5,Southern Miss,defense,epa_rush,0.29306321509575245,117,3,127.0,138,2026,5,0.2955896221224399,116,3,127.0,138,0.0025264070266874383,0.0
2026,5,Southern Miss,defense,early_down_epa,0.0703665136525531,156,3,69.0,138,2026,5,0.07128036447920959,154,3,69.0,138,0.0009138508266564871,0.0
2026,5,Stanford,defense,ppa_per_play,0.29213254575461733,260,4,120.0,138,2026,5,0.2932604706417008,259,4,119.0,138,0.0011279248870834646,-1.0
2026,5,Stanford,defense,epa_pass,0.3889792907552012,144,4,111.0,138,2026,5,0.3916994256555873,143,4,111.0,138,0.002720134900386084,0.0
2026,5,Stanford,defense,epa_rush,0.25259129075623404,114,4,123.0,138,2026,5,0.25259129075623404,114,4,123.0,138,0.0,0.0
2026,5,Stanford,defense,early_down_epa,0.20461749959409398,205,4,115.0,138,2026,5,0.20461749959409398,205,4,115.0,138,0.0,0.0
2026,5,Syracuse,defense,ppa_per_play,0.012530025721333226,120,2,36.0,138,2026,5,0.012530025721333226,120,2,36.0,138,0.0,0.0
2026,5,Syracuse,defense,epa_pass,-0.16730672977832034,60,2,3.0,138,2026,5,-0.16730672977832034,60,2,3.0,138,0.0,0.0
2026,5,Syracuse,defense,epa_rush,0.19236678122098683,60,2,111.0,138,2026,5,0.19236678122098683,60,2,110.0,138,0.0,-1.0
2026,5,Syracuse,defense,early_down_epa,0.001100700770498823,96,2,40.0,138,2026,5,0.001100700770498823,96,2,40.0,138,0.0,0.0
2026,5,TCU,defense,ppa_per_play,-0.08718820711499206,165,3,11.0,138,2026,5,-0.08718820711499206,165,3,11.0,138,0.0,0.0
2026,5,TCU,defense,epa_pass,0.10336882796347681,77,3,54.0,138,2026,5,0.10336882796347681,77,3,54.0,138,0.0,0.0
2026,5,TCU,defense,epa_rush,-0.2539256128086523,88,3,4.0,138,2026,5,-0.2539256128086523,88,3,4.0,138,0.0,0.0
2026,5,TCU,defense,early_down_epa,-0.01879056656608284,125,3,36.0,138,2026,5,-0.01879056656608284,125,3,36.0,138,0.0,0.0
2026,5,Temple,defense,ppa_per_play,0.28606547828761153,203,3,117.0,138,2026,5,0.2918155381526892,199,3,117.0,138,0.00575005986507765,0.0
2026,5,Temple,defense,epa_pass,0.414778040985679,83,3,116.0,138,2026,5,0.41983630977818737,82,3,116.0,138,0.005058268792508369,0.0
2026,5,Temple,defense,epa_rush,0.18553152015717564,119,3,106.0,138,2026,5,0.19032974912675776,116,3,108.0,138,0.0047982289695821245,2.0
2026,5,Temple,defense,early_down_epa,0.2846070149644324,159,3,130.0,138,2026,5,0.29195171212480486,155,3,130.0,138,0.007344697160372449,0.0
2026,5,Tennessee,defense,ppa_per_play,-0.006558943691056091,172,3,29.0,138,2026,5,-0.006597300086910221,171,3,29.0,138,-3.8356395854129664e-05,0.0
2026,5,Tennessee,defense,epa_pass,-0.07887224998672224,92,3,16.0,138,2026,5,-0.07887224998672224,92,3,16.0,138,0.0,0.0
2026,5,Tennessee,defense,epa_rush,0.07660135854895991,80,3,68.0,138,2026,5,0.07757099599894675,79,3,68.0,138,0.0009696374499868349,0.0
2026,5,Tennessee,defense,early_down_epa,-0.05531561747585524,137,3,28.0,138,2026,5,-0.05572234995729536,136,3,28.0,138,-0.00040673248144011687,0.0
2026,5,Texas,defense,ppa_per_play,-0.047449072834702656,226,4,21.0,138,2026,5,-0.04765995760285692,225,4,21.0,138,-0.00021088476815426388,0.0
2026,5,Texas,defense,epa_pass,-0.03805051331133727,118,4,23.0,138,2026,5,-0.03805051331133727,118,4,23.0,138,0.0,0.0
2026,5,Texas,defense,epa_rush,-0.051774481520374,107,4,31.0,138,2026,5,-0.05226292002528319,106,4,31.0,138,-0.0004884385049091916,0.0
2026,5,Texas,defense,early_down_epa,-0.09951573587516255,170,4,22.0,138,2026,5,-0.09951573587516255,170,4,22.0,138,0.0,0.0
2026,5,Texas A&M,defense,ppa_per_play,0.13264216259612768,184,4,77.0,138,2026,5,0.13336698315676224,183,4,76.0,138,0.0007248205606345537,-1.0
2026,5,Texas A&M,defense,epa_pass,0.44244110362213784,87,4,120.0,138,2026,5,0.44244110362213784,87,4,119.0,138,0.0,-1.0
2026,5,Texas A&M,defense,epa_rush,-0.14521874327256182,97,4,12.0,138,2026,5,-0.14673143851498435,96,4,12.0,138,-0.0015126952424225348,0.0
2026,5,Texas A&M,defense,early_down_epa,0.09216063351566003,146,4,77.0,138,2026,5,0.0927962240916301,145,4,77.0,138,0.0006355905759700686,0.0
2026,5,Texas State,defense,ppa_per_play,0.27339992394959084,210,3,113.0,138,2026,5,0.27470805755700517,209,3,113.0,138,0.0013081336074143302,0.0
2026,5,Texas State,defense,epa_pass,0.4040072556165701,126,3,113.0,138,2026,5,0.4040072556165701,126,3,113.0,138,0.0,0.0
2026,5,Texas State,defense,epa_rush,0.07748892644912204,84,3,69.0,138,2026,5,0.07842252797260542,83,3,69.0,138,0.0009336015234833739,0.0
2026,5,Texas State,defense,early_down_epa,0.11587003432450634,157,3,86.0,138,2026,5,0.11661279095479166,156,3,86.0,138,0.0007427566302853211,0.0
2026,5,Texas Tech,defense,ppa_per_play,0.10145834967686301,203,3,63.0,138,2026,5,0.10246788549454323,201,3,63.0,138,0.001009535817680221,0.0
2026,5,Texas Tech,defense,epa_pass,0.12165352537879297,128,3,61.0,138,2026,5,0.12165352537879297,128,3,61.0,138,0.0,0.0
2026,5,Texas Tech,defense,epa_rush,0.0669919164789026,75,3,65.0,138,2026,5,0.06882731145092733,73,3,66.0,138,0.0018353949720247287,1.0
2026,5,Texas Tech,defense,early_down_epa,0.03103186616697619,155,3,55.0,138,2026,5,0.03103186616697619,155,3,55.0,138,0.0,0.0
2026,5,Toledo,defense,ppa_per_play,0.08209955410410798,209,3,53.0,138,2026,5,0.08249426349883926,208,3,53.0,138,0.0003947093947312824,0.0
2026,5,Toledo,defense,epa_pass,0.2562177833047629,94,3,92.0,138,2026,5,0.2562177833047629,94,3,91.0,138,0.0,-1.0
2026,5,Toledo,defense,epa_rush,-0.05791330871641842,114,3,29.0,138,2026,5,-0.058425815873200886,113,3,29.0,138,-0.0005125071567824643,0.0
2026,5,Toledo,defense,early_down_epa,-0.051187763946243546,159,3,29.0,138,2026,5,-0.05151173713577673,158,3,29.0,138,-0.000323973189533186,0.0
2026,5,Troy,defense,ppa_per_play,0.10597904535206429,177,3,65.0,138,2026,5,0.10658119901883739,176,3,65.0,138,0.0006021536667731031,0.0
2026,5,Troy,defense,epa_pass,0.18180127776494398,99,3,76.0,138,2026,5,0.18365639284417815,98,3,76.0,138,0.0018551150792341653,0.0
2026,5,Troy,defense,epa_rush,0.009743134981870814,78,3,49.0,138,2026,5,0.009743134981870814,78,3,49.0,138,0.0,0.0
2026,5,Troy,defense,early_down_epa,0.016190892301084774,138,3,49.0,138,2026,5,0.016309073996713122,137,3,49.0,138,0.00011818169562834852,0.0
2026,5,Tulane,defense,ppa_per_play,0.1945377052079671,277,4,94.0,138,2026,5,0.19524255196596702,276,4,95.0,138,0.0007048467579999218,1.0
2026,5,Tulane,defense,epa_pass,0.3003557110638774,122,4,97.0,138,2026,5,0.3003557110638774,122,4,97.0,138,0.0,0.0
2026,5,Tulane,defense,epa_rush,0.11124869414718616,155,4,81.0,138,2026,5,0.11197108826502498,154,4,81.0,138,0.0007223941178388232,0.0
2026,5,Tulane,defense,early_down_epa,0.1096636987384881,206,4,83.0,138,2026,5,0.11019864361038315,205,4,83.0,138,0.0005349448718950517,0.0
2026,5,Tulsa,defense,ppa_per_play,-0.010324901121725991,224,3,27.0,138,2026,5,-0.010371201126756161,223,3,27.0,138,-4.6300005030169844e-05,0.0
2026,5,Tulsa,defense,epa_pass,0.09391998217814307,127,3,52.0,138,2026,5,0.09391998217814307,127,3,51.0,138,0.0,-1.0
2026,5,Tulsa,defense,epa_rush,-0.14681046997825561,97,3,11.0,138,2026,5,-0.14833974570719574,96,3,11.0,138,-0.001529275728940127,0.0
2026,5,Tulsa,defense,early_down_epa,0.03134249387207075,170,3,56.0,138,2026,5,0.03152795241569248,169,3,56.0,138,0.00018545854362173042,0.0
2026,5,UAB,defense,ppa_per_play,0.05951891150384756,249,4,46.0,138,2026,5,0.060244751888040814,246,4,46.0,138,0.000725840384193252,0.0
2026,5,UAB,defense,epa_pass,-0.010751772061777605,77,4,28.0,138,2026,5,-0.010751772061777605,77,4,28.0,138,0.0,0.0
2026,5,UAB,defense,epa_rush,0.09097729891404022,172,4,75.0,138,2026,5,0.09259228055156753,169,4,75.0,138,0.0016149816375273102,0.0
2026,5,UAB,defense,early_down_epa,0.025323020000223274,189,4,53.0,138,2026,5,0.02573145580667851,186,4,53.0,138,0.0004084358064552346,0.0
2026,5,UCF,defense,ppa_per_play,0.005344002516782612,223,3,35.0,138,2026,5,0.00539236453050916,221,3,35.0,138,4.8362013726548254e-05,0.0
2026,5,UCF,defense,epa_pass,0.09327647164481324,123,3,51.0,138,2026,5,0.09404103288780358,122,3,52.0,138,0.0007645612429903331,1.0
2026,5,UCF,defense,epa_rush,-0.10281293451069506,100,3,21.0,138,2026,5,-0.10385144900070209,99,3,21.0,138,-0.0010385144900070253,0.0
2026,5,UCF,defense,early_down_epa,-0.1131818949501999,165,3,19.0,138,2026,5,-0.1138720284559938,164,3,19.0,138,-0.0006901335057939023,0.0
2026,5,UCLA,defense,ppa_per_play,-0.1021810729694451,256,4,8.0,138,2026,5,-0.10380299476261089,252,4,8.0,138,-0.0016219217931657814,0.0
2026,5,UCLA,defense,epa_pass,-0.11154240656811538,133,4,12.0,138,2026,5,-0.11154240656811538,133,4,12.0,138,0.0,0.0
2026,5,UCLA,defense,epa_rush,-0.09205865533836262,123,4,23.0,138,2026,5,-0.09515306392116475,119,4,23.0,138,-0.003094408582802133,0.0
2026,5,UCLA,defense,early_down_epa,-0.12887821156688525,194,4,10.0,138,2026,5,-0.1315914370735565,190,4,10.0,138,-0.0027132255066712463,0.0
2026,5,UConn,defense,ppa_per_play,0.11635288364000458,191,3,70.0,138,2026,5,0.11758413108593056,189,3,70.0,138,0.0012312474459259815,0.0
2026,5,UConn,defense,epa_pass,0.22122254998304391,108,3,85.0,138,2026,5,0.22539656036008252,106,3,86.0,138,0.0041740103770386006,1.0
2026,5,UConn,defense,epa_rush,-0.020104031601540603,83,3,35.0,138,2026,5,-0.020104031601540603,83,3,35.0,138,0.0,0.0
2026,5,UConn,defense,early_down_epa,0.03510846335415837,146,3,57.0,138,2026,5,0.035350590687635325,145,3,57.0,138,0.00024212733347695609,0.0
2026,5,UL Monroe,defense,ppa_per_play,0.3492831443384885,196,3,130.0,138,2026,5,0.35107433995048076,195,3,130.0,138,0.0017911956119922579,0.0
2026,5,UL Monroe,defense,epa_pass,0.28765475165581184,89,3,95.0,138,2026,5,0.28765475165581184,89,3,95.0,138,0.0,0.0
2026,5,UL Monroe,defense,epa_rush,0.4005441438595934,107,3,135.0,138,2026,5,0.4043228621978915,106,3,135.0,138,0.0037787183382980705,0.0
2026,5,UL Monroe,defense,early_down_epa,0.25693567533419864,150,3,124.0,138,2026,5,0.25866007583979733,149,3,125.0,138,0.0017244005055986888,1.0
2026,5,UNLV,defense,ppa_per_play,0.1151792353952395,238,4,69.0,138,2026,5,0.1151792353952395,238,4,69.0,138,0.0,0.0
2026,5,UNLV,defense,epa_pass,0.07738467709216648,122,4,46.0,138,2026,5,0.07738467709216648,122,4,46.0,138,0.0,0.0
2026,5,UNLV,defense,epa_rush,0.1611338852043062,115,4,99.0,138,2026,5,0.1611338852043062,115,4,99.0,138,0.0,0.0
2026,5,UNLV,defense,early_down_epa,0.07457091972458565,183,4,71.0,138,2026,5,0.07457091972458565,183,4,70.0,138,0.0,-1.0
2026,5,USC,defense,ppa_per_play,0.2551021277605539,264,5,108.0,138,2026,5,0.25704947224727565,262,5,107.0,138,0.001947344486721736,-1.0
2026,5,USC,defense,epa_pass,0.49341367067960346,132,5,126.0,138,2026,5,0.4971801872496767,131,5,127.0,138,0.003766516570073264,1.0
2026,5,USC,defense,epa_rush,0.041349683529412734,129,5,57.0,138,2026,5,0.041672727931986286,128,5,57.0,138,0.0003230444025735524,0.0
2026,5,USC,defense,early_down_epa,0.15820953012885153,206,5,104.0,138,2026,5,0.15898128393435815,205,5,104.0,138,0.0007717538055066198,0.0
2026,5,UTEP,defense,ppa_per_play,0.40063048298776033,152,3,135.0,138,2026,5,0.4032836649943018,151,3,135.0,138,0.0026531820065414657,0.0
2026,5,UTEP,defense,epa_pass,0.5891050894755178,76,3,135.0,138,2026,5,0.5891050894755178,76,3,135.0,138,0.0,0.0
2026,5,UTEP,defense,epa_rush,0.2121558765000028,76,3,116.0,138,2026,5,0.21498462152000286,75,3,116.0,138,0.002828745020000051,0.0
2026,5,UTEP,defense,early_down_epa,0.30624339418734586,126,3,132.0,138,2026,5,0.30869334134084464,125,3,132.0,138,0.002449947153498777,0.0
2026,5,UTSA,defense,ppa_per_play,0.171672669511767,239,3,90.0,138,2026,5,0.171672669511767,239,3,90.0,138,0.0,0.0
2026,5,UTSA,defense,epa_pass,0.14365160671499674,111,3,68.0,138,2026,5,0.14365160671499674,111,3,68.0,138,0.0,0.0
2026,5,UTSA,defense,epa_rush,0.19597218490584115,128,3,112.0,138,2026,5,0.19597218490584115,128,3,112.0,138,0.0,0.0
2026,5,UTSA,defense,early_down_epa,0.12378837955945078,180,3,91.0,138,2026,5,0.12378837955945078,180,3,90.0,138,0.0,-1.0
2026,5,Utah,defense,ppa_per_play,-0.08509710895188004,177,3,12.0,138,2026,5,-0.08656430048553314,174,3,12.0,138,-0.0014671915336531005,0.0
2026,5,Utah,defense,epa_pass,-0.06707583454285415,105,3,18.0,138,2026,5,-0.06904865320587925,102,3,18.0,138,-0.0019728186630250943,0.0
2026,5,Utah,defense,epa_rush,-0.11137813413170947,72,3,19.0,138,2026,5,-0.11137813413170947,72,3,19.0,138,0.0,0.0
2026,5,Utah,defense,early_down_epa,-0.15776211595005174,131,3,9.0,138,2026,5,-0.16020804022834711,129,3,9.0,138,-0.002445924278295375,0.0
2026,5,Utah State,defense,ppa_per_play,0.034260460056399905,211,3,41.0,138,2026,5,0.03458831134880562,209,3,41.0,138,0.00032785129240571476,0.0
2026,5,Utah State,defense,epa_pass,0.02529260868718929,126,3,33.0,138,2026,5,0.02529260868718929,126,3,33.0,138,0.0,0.0
2026,5,Utah State,defense,epa_rush,0.04755398090958266,85,3,60.0,138,2026,5,0.04869985996764489,83,3,60.0,138,0.001145879058062231,0.0
2026,5,Utah State,defense,early_down_epa,0.0010729696458682215,166,3,39.0,138,2026,5,0.001079472492206817,165,3,39.0,138,6.50284633859537e-06,0.0
2026,5,Vanderbilt,defense,ppa_per_play,-0.0038830681569342294,204,3,30.0,138,2026,5,-0.0038830681569342294,204,3,30.0,138,0.0,0.0
2026,5,Vanderbilt,defense,epa_pass,0.05394742536418189,102,3,40.0,138,2026,5,0.05394742536418189,102,3,40.0,138,0.0,0.0
2026,5,Vanderbilt,defense,epa_rush,0.00388476249616164,100,3,43.0,138,2026,5,0.00388476249616164,100,3,43.0,138,0.0,0.0
2026,5,Vanderbilt,defense,early_down_epa,-0.12761039782073424,151,3,12.0,138,2026,5,-0.12761039782073424,151,3,12.0,138,0.0,0.0
2026,5,Virginia,defense,ppa_per_play,-0.011055095386497344,157,3,25.0,138,2026,5,-0.011055095386497344,157,3,25.0,138,0.0,0.0
2026,5,Virginia,defense,epa_pass,-0.07860525468976297,68,3,17.0,138,2026,5,-0.07860525468976297,68,3,17.0,138,0.0,0.0
2026,5,Virginia,defense,epa_rush,0.0405562622834135,89,3,56.0,138,2026,5,0.0405562622834135,89,3,56.0,138,0.0,0.0
2026,5,Virginia,defense,early_down_epa,-0.16210736165671044,117,3,7.0,138,2026,5,-0.16210736165671044,117,3,7.0,138,0.0,0.0
2026,5,Virginia Tech,defense,ppa_per_play,0.1222658126440107,171,3,72.0,138,2026,5,0.12371274533802269,169,3,72.0,138,0.0014469326940119986,0.0
2026,5,Virginia Tech,defense,epa_pass,0.2011361594377996,91,3,80.0,138,2026,5,0.20337100565377517,90,3,80.0,138,0.0022348462159755556,0.0
2026,5,Virginia Tech,defense,epa_rush,0.03255079316607581,80,3,55.0,138,2026,5,0.03296282852260843,79,3,55.0,138,0.00041203535653262097,0.0
2026,5,Virginia Tech,defense,early_down_epa,0.01194864507290589,131,3,46.0,138,2026,5,0.01213389538411372,129,3,46.0,138,0.00018525031120783,0.0
2026,5,Wake Forest,defense,ppa_per_play,0.13089328280638973,258,4,75.0,138,2026,5,0.13140259519085043,257,4,75.0,138,0.0005093123844606973,0.0
2026,5,Wake Forest,defense,epa_pass,0.23695134649019858,139,4,89.0,138,2026,5,0.23695134649019858,139,4,89.0,138,0.0,0.0
2026,5,Wake Forest,defense,epa_rush,0.0070103344698399924,119,4,47.0,138,2026,5,0.007069744083991182,118,4,47.0,138,5.9409614151189824e-05,0.0
2026,5,Wake Forest,defense,early_down_epa,0.10210783149633704,204,4,80.0,138,2026,5,0.10261082574016135,203,4,79.0,138,0.0005029942438243146,-1.0
2026,5,Washington,defense,ppa_per_play,-0.10834646999718292,176,3,6.0,138,2026,5,-0.10834646999718292,176,3,6.0,138,0.0,0.0
2026,5,Washington,defense,epa_pass,-0.04386548037633752,90,3,20.0,138,2026,5,-0.04386548037633752,90,3,20.0,138,0.0,0.0
2026,5,Washington,defense,epa_rush,-0.17582657541434665,86,3,9.0,138,2026,5,-0.17582657541434665,86,3,9.0,138,0.0,0.0
2026,5,Washington,defense,early_down_epa,-0.11564637764508416,136,3,18.0,138,2026,5,-0.11564637764508416,136,3,18.0,138,0.0,0.0
2026,5,Washington State,defense,ppa_per_play,0.14445453869478214,199,3,82.0,138,2026,5,0.14592108223483072,197,3,82.0,138,0.001466543540048576,0.0
2026,5,Washington State,defense,epa_pass,0.1349940153024461,104,3,66.0,138,2026,5,0.13630463681023688,103,3,67.0,138,0.0013106215077907934,1.0
2026,5,Washington State,defense,epa_rush,0.1548113221979711,95,3,96.0,138,2026,5,0.15645825115752407,94,3,94.0,138,0.0016469289595529568,-2.0
2026,5,Washington State,defense,early_down_epa,0.10210468473488013,155,3,79.0,138,2026,5,0.10276770216822348,154,3,80.0,138,0.0006630174333433492,1.0
2026,5,West Virginia,defense,ppa_per_play,0.24430510613784995,202,3,104.0,138,2026,5,0.24430510613784995,202,3,104.0,138,0.0,0.0
2026,5,West Virginia,defense,epa_pass,0.45094811986315325,99,3,122.0,138,2026,5,0.45094811986315325,99,3,122.0,138,0.0,0.0
2026,5,West Virginia,defense,epa_rush,0.04568706381935441,103,3,59.0,138,2026,5,0.04568706381935441,103,3,59.0,138,0.0,0.0
2026,5,West Virginia,defense,early_down_epa,0.2577848397029438,161,3,125.0,138,2026,5,0.2577848397029438,161,3,124.0,138,0.0,-1.0
2026,5,Western Kentucky,defense,ppa_per_play,0.5059603464038717,127,3,138.0,138,2026,5,0.5099759047086644,126,3,138.0,138,0.004015558304792721,0.0
2026,5,Western Kentucky,defense,epa_pass,0.7197367475964737,56,3,137.0,138,2026,5,0.7197367475964737,56,3,137.0,138,0.0,0.0
2026,5,Western Kentucky,defense,epa_rush,0.3373479736322419,71,3,133.0,138,2026,5,0.3421672303984168,70,3,133.0,138,0.004819256766174895,0.0
2026,5,Western Kentucky,defense,early_down_epa,0.45445316382352435,102,3,138.0,138,2026,5,0.45445316382352435,102,3,138.0,138,0.0,0.0
2026,5,Western Michigan,defense,ppa_per_play,0.19042947187500828,172,3,93.0,138,2026,5,0.19266981860294952,170,3,93.0,138,0.0022403467279412392,0.0
2026,5,Western Michigan,defense,epa_pass,0.24988779782096732,65,3,90.0,138,2026,5,0.24988779782096732,65,3,90.0,138,0.0,0.0
2026,5,Western Michigan,defense,epa_rush,0.1543099280760612,107,3,95.0,138,2026,5,0.1572491648013195,105,3,95.0,138,0.0029392367252583096,0.0
2026,5,Western Michigan,defense,early_down_epa,0.07953124122597258,136,3,74.0,138,2026,5,0.08012036153135013,135,3,74.0,138,0.0005891203053775551,0.0
2026,5,Wisconsin,defense,ppa_per_play,-0.01081995497001515,169,3,26.0,138,2026,5,-0.01081995497001515,169,3,26.0,138,0.0,0.0
2026,5,Wisconsin,defense,epa_pass,-0.11144214017990269,83,3,13.0,138,2026,5,-0.11144214017990269,83,3,13.0,138,0.0,0.0
2026,5,Wisconsin,defense,epa_rush,0.09262891927270404,84,3,76.0,138,2026,5,0.09262891927270404,84,3,76.0,138,0.0,0.0
2026,5,Wisconsin,defense,early_down_epa,-0.12812843564003426,130,3,11.0,138,2026,5,-0.12812843564003426,130,3,11.0,138,0.0,0.0
2026,5,Wyoming,defense,ppa_per_play,0.22242361567268926,199,3,101.0,138,2026,5,0.22242361567268926,199,3,100.0,138,0.0,-1.0
2026,5,Wyoming,defense,epa_pass,0.22018829785772454,87,3,84.0,138,2026,5,0.22018829785772454,87,3,84.0,138,0.0,0.0
2026,5,Wyoming,defense,epa_rush,0.22415997861824222,112,3,118.0,138,2026,5,0.22415997861824222,112,3,118.0,138,0.0,0.0
2026,5,Wyoming,defense,early_down_epa,0.12693379328562374,148,3,93.0,138,2026,5,0.12693379328562374,148,3,93.0,138,0.0,0.0
