game_id,season,week,hl,ps,pt,tl,neutral_site,home_points,away_points,home_team,away_team,venue,season_type,margin,err_act,mkt,err_mkt,mkt_err
401856766,2026,0,-6.5,14.620995265529066,54.68807434662467,47.5,True,10.0,15.0,TCU,North Carolina,Aviva Stadium,regular,-5.0,19.620995265529068,6.5,8.120995265529066,11.5
401858202,2026,0,-3.0,6.048736700513959,54.39194748143909,53.5,False,34.0,8.0,Virginia,NC State,Scott Stadium,regular,26.0,-19.95126329948604,3.0,3.0487367005139587,-23.0
401864494,2026,0,-35.5,23.72149201242043,56.32733221322461,59.5,False,42.0,26.0,USC,San José State,Los Angeles Memorial Coliseum,regular,16.0,7.7214920124204305,35.5,-11.77850798757957,19.5
401864577,2026,0,-7.0,3.34558267306146,54.265191995139155,48.0,False,33.0,7.0,North Dakota State,Jacksonville State,Fargodome,regular,26.0,-22.65441732693854,7.0,-3.65441732693854,-19.0
401866408,2026,0,-8.5,10.58450580268152,54.18120520572898,52.5,False,28.0,17.0,Eastern Michigan,Sacramento State,Rynearson Stadium,regular,11.0,-0.4154941973184805,8.5,2.0845058026815195,-2.5
401856776,2026,1,-6.5,9.641960594544456,55.30112356885746,51.0,False,13.0,14.0,Georgia Tech,Colorado,Bobby Dodd Stadium,regular,-1.0,10.641960594544456,6.5,3.1419605945444555,7.5
401858204,2026,1,-24.5,16.155951020472187,53.414240795104405,48.5,False,38.0,16.0,Wake Forest,Akron,Allegacy Federal Credit Union Stadium,regular,22.0,-5.8440489795278125,24.5,-8.344048979527813,2.5
401858423,2026,1,-29.0,24.441341544970506,56.66708719288785,51.5,False,21.0,37.0,Rutgers,Massachusetts,SHI Stadium,regular,-16.0,40.441341544970506,29.0,-4.558658455029494,45.0
401856687,2026,3,2.5,-5.565115323491586,54.778749729993216,53.5,False,39.0,44.0,Auburn,Florida,Jordan-Hare Stadium,regular,-5.0,-0.565115323491586,-2.5,-3.065115323491586,2.5
401856688,2026,3,2.5,-0.7372153731087843,56.17833861608491,58.5,False,32.0,24.0,Ole Miss,LSU,Vaught-Hemingway Stadium,regular,8.0,-8.737215373108784,-2.5,1.7627846268912157,-10.5
401856689,2026,3,-27.5,15.73450860655566,53.76506792642469,50.5,False,27.0,17.0,Missouri,Troy,Memorial Stadium,regular,10.0,5.734508606555661,27.5,-11.76549139344434,17.5
401856690,2026,3,-23.5,-2.5641849732253315,52.79847152669537,48.5,False,14.0,6.0,Oklahoma,New Mexico,"Memorial Stadium (Norman, OK)",regular,8.0,-10.56418497322533,23.5,-26.06418497322533,15.5
401856795,2026,3,20.5,1.846465189592049,54.32743409223122,52.5,False,23.0,41.0,Colorado State,BYU,Canvas Stadium,regular,-18.0,19.84646518959205,-20.5,22.34646518959205,-2.5
401856796,2026,3,-3.5,5.170261235083682,53.159041732109856,47.5,False,41.0,7.0,Northwestern,Colorado,Lanny and Sharon Martin Stadium,regular,34.0,-28.829738764916318,3.5,1.6702612350836823,-30.5
401856800,2026,3,-21.0,7.183627571940182,52.459462443026055,50.5,False,44.0,30.0,UCF,Georgia State,FBC Mortgage Stadium,regular,14.0,-6.816372428059818,21.0,-13.816372428059818,7.0
401861963,2026,3,3.5,2.3747461454470677,54.66766159863351,55.5,False,20.0,48.0,Southern Miss,UConn,M. M. Roberts Stadium,regular,-28.0,30.37474614544707,-3.5,5.874746145447068,24.5
401862773,2026,3,11.5,-14.8637255503758,51.33860438396296,45.5,False,21.0,28.0,Rice,Western Michigan,Rice Stadium,regular,-7.0,-7.863725550375801,-11.5,-3.3637255503758006,-4.5
401756846,2025,1,-3.0,5.616499873260528,60.91417054952412,51.0,True,21.0,24.0,Kansas State,Iowa State,Aviva Stadium,regular,-3.0,8.616499873260528,3.0,2.616499873260528,6.0
401756847,2025,1,-14.0,24.393141213216484,51.69205525654196,50.5,False,31.0,7.0,Kansas,Fresno State,Memorial Stadium,regular,24.0,0.39314121321648443,14.0,10.393141213216484,-10.0
401757218,2025,1,-9.5,-1.6067579789873283,60.66077867932199,60.5,False,41.0,24.0,Western Kentucky,Sam Houston,Houchens Industries-L.T. Smith Stadium,regular,17.0,-18.60675797898733,9.5,-11.106757978987329,-7.5
401754516,2025,1,-1.5,15.027236175349724,64.20603212602225,50.5,False,23.0,20.0,Hawai'i,Stanford,Clarence T.C. Ching Athletics Complex,regular,3.0,12.027236175349724,1.5,13.527236175349724,-1.5
401762522,2025,1,5.5,-11.276155715491427,66.58330540828344,62.0,False,34.0,7.0,South Florida,Boise State,Raymond James Stadium,regular,27.0,-38.27615571549143,-5.5,-5.776155715491427,-32.5
401752794,2025,1,-15.5,-8.371113837724412,53.64593502124836,52.0,False,34.0,31.0,Rutgers,Ohio,SHI Stadium,regular,3.0,-11.371113837724412,15.5,-23.871113837724412,12.5
401754373,2025,1,-13.5,-0.1402616477763345,61.185857454047635,61.0,False,24.0,17.0,NC State,East Carolina,Carter-Finley Stadium,regular,7.0,-7.1402616477763345,13.5,-13.640261647776335,6.5
401756848,2025,1,-20.5,-2.675260082805803,57.94315304996725,52.5,False,17.0,10.0,UCF,Jacksonville State,FBC Mortgage Stadium,regular,7.0,-9.675260082805803,20.5,-23.175260082805803,13.5
401762789,2025,1,5.0,10.177924634327448,51.69089948106212,48.0,False,0.0,10.0,Akron,Wyoming,InfoCision Stadium,regular,-10.0,20.177924634327447,-5.0,15.177924634327448,5.0
401752793,2025,1,-16.5,11.140686343683395,50.32013767059399,43.0,False,23.0,10.0,Minnesota,Buffalo,Huntington Bank Stadium,regular,13.0,-1.8593136563166048,16.5,-5.359313656316605,3.5
401752796,2025,1,6.0,2.3576516699477477,48.951846402594114,50.5,True,17.0,20.0,Cincinnati,Nebraska,GEHA Field at Arrowhead Stadium,regular,-3.0,5.357651669947748,-6.0,8.357651669947748,-3.0
401762791,2025,1,-18.0,2.887747028360601,51.167851508262665,41.0,False,17.0,0.0,Wisconsin,Miami (OH),Camp Randall Stadium,regular,17.0,-14.1122529716394,18.0,-15.1122529716394,1.0
401752802,2025,1,-21.5,17.42513838065475,53.40955610045409,50.0,False,23.0,6.0,Michigan State,Western Michigan,Spartan Stadium,regular,17.0,0.42513838065475085,21.5,-4.074861619345249,4.5
401754374,2025,1,-18.5,12.17384075635606,64.5632507543686,51.5,False,10.0,9.0,Wake Forest,Kennesaw State,Allegacy Federal Credit Union Stadium,regular,1.0,11.17384075635606,18.5,-6.326159243643939,17.5
401761589,2025,1,8.5,11.540710768213415,64.31492289760922,51.25,True,11.0,34.0,Charlotte,App State,Bank of America Stadium,regular,-23.0,34.540710768213415,-8.5,20.040710768213415,14.5
401856664,2026,1,-41.5,20.226313995228807,53.73873839508395,51.5,False,51.0,0.0,Oklahoma,UTEP,"Memorial Stadium (Norman, OK)",regular,51.0,-30.773686004771193,41.5,-21.273686004771193,-9.5
401858206,2026,1,24.5,-9.69023966852299,52.51588701148662,48.5,False,6.0,45.0,Stanford,Miami,Stanford Stadium,regular,-39.0,29.30976033147701,-24.5,14.80976033147701,14.5
401858424,2026,1,-27.5,18.562029204336447,55.83373935172067,54.5,False,42.0,23.0,Illinois,UAB,"Memorial Stadium (Champaign, IL)",regular,19.0,-0.4379707956635528,27.5,-8.937970795663553,8.5
401858429,2026,1,-9.5,2.6874277088594773,53.89175156454779,46.5,False,30.0,20.0,Michigan State,Toledo,Spartan Stadium,regular,10.0,-7.312572291140523,9.5,-6.812572291140523,-0.5
401858430,2026,1,-23.5,8.971950808499379,54.85957461768011,46.0,False,49.0,21.0,Nebraska,Ohio,"Memorial Stadium (Lincoln, NE)",regular,28.0,-19.02804919150062,23.5,-14.528049191500621,-4.5
401864495,2026,1,-3.0,19.1183084634534,55.13187427356352,56.5,False,21.0,27.0,Eastern Michigan,San José State,Rynearson Stadium,regular,-6.0,25.1183084634534,3.0,16.1183084634534,9.0
401752667,2025,1,1.0,11.14342789809006,54.634582065992014,56.5,False,24.0,38.0,Baylor,Auburn,McLane Stadium,regular,-14.0,25.14342789809006,-1.0,12.14342789809006,13.0
401754375,2025,1,3.5,8.446039548206635,52.14050206318332,50.5,False,20.0,27.0,Colorado,Georgia Tech,Folsom Field,regular,-7.0,15.446039548206635,-3.5,11.946039548206635,3.5
401757224,2025,1,9.0,-5.531639112797338,57.17149862050873,60.5,True,21.0,38.0,Sam Houston,UNLV,BBVA Compass Stadium,regular,-17.0,11.468360887202662,-9.0,3.468360887202662,8.0
401760358,2025,1,-14.5,14.363911295368895,55.63465444980691,51.5,False,14.0,16.0,San José State,Central Michigan,CEFCU Stadium,regular,-2.0,16.363911295368894,14.5,-0.13608870463110456,16.5
401752673,2025,1,14.5,10.00813959434128,60.81624841324844,59.5,False,17.0,34.0,Southern Miss,Mississippi State,M. M. Roberts Stadium,regular,-17.0,27.00813959434128,-14.5,24.50813959434128,2.5
401752676,2025,1,-13.5,17.840178837767503,54.353202145231904,51.5,True,45.0,26.0,Tennessee,Syracuse,Mercedes-Benz Stadium,regular,19.0,-1.1598211622324968,13.5,4.340178837767503,-5.5
401752677,2025,1,-2.0,12.597420059472803,42.029850277837625,46.5,False,14.0,7.0,Ohio State,Texas,Ohio Stadium,regular,7.0,5.597420059472803,2.0,10.597420059472803,-5.0
401752797,2025,1,-13.5,13.152306378283187,61.094610693411475,59.5,False,39.0,7.0,Maryland,Florida Atlantic,SECU Stadium,regular,32.0,-18.847693621716815,13.5,-0.34769362171681273,-18.5
401752801,2025,1,-16.5,2.581551641479824,58.10096057421677,48.5,False,31.0,0.0,Purdue,Ball State,Ross-Ade Stadium,regular,31.0,-28.418448358520177,16.5,-13.918448358520177,-14.5
401752803,2025,1,-6.5,35.45817699734934,60.65403156335254,46.0,False,23.0,3.0,Tulane,Northwestern,Yulman Stadium,regular,20.0,15.45817699734934,6.5,28.95817699734934,-13.5
401752670,2025,1,-10.0,-1.9855809398858248,52.825071140746054,48.5,False,24.0,16.0,Kentucky,Toledo,Kroger Field,regular,8.0,-9.985580939885825,10.0,-11.985580939885825,2.0
401752806,2025,1,-23.5,18.454339164040476,58.23680632212787,53.5,False,27.0,14.0,Indiana,Old Dominion,"Memorial Stadium (Bloomington, IN)",regular,13.0,5.454339164040476,23.5,-5.045660835959524,10.5
401752665,2025,1,13.5,-11.670603830003705,47.573740544963464,47.0,False,31.0,17.0,Florida State,Alabama,Doak Campbell Stadium,regular,14.0,-25.670603830003706,-13.5,1.8293961699962953,-27.5
401752669,2025,1,-38.5,12.02191864867362,64.87401635765607,51.5,False,45.0,7.0,Georgia,Marshall,Sanford Stadium,regular,38.0,-25.97808135132638,38.5,-26.47808135132638,0.5
401752807,2025,1,-43.5,26.48392664613271,43.67195236763813,54.5,False,46.0,11.0,Penn State,Nevada,Beaver Stadium,regular,35.0,-8.516073353867291,43.5,-17.01607335386729,8.5
401762456,2025,1,2.5,4.410576621827099,66.60557314849862,48.5,False,10.0,42.0,Massachusetts,Temple,Warren McGuirk Alumni Stadium,regular,-32.0,36.4105766218271,-2.5,6.910576621827099,29.5
401754616,2025,1,-13.5,10.841358983556145,61.00575374108522,55.0,False,48.0,7.0,Virginia,Coastal Carolina,Scott Stadium,regular,41.0,-30.158641016443855,13.5,-2.6586410164438554,-27.5
401752678,2025,1,-23.5,6.281836370160715,65.77544595917033,58.5,False,42.0,24.0,Texas A&M,UTSA,Kyle Field,regular,18.0,-11.718163629839285,23.5,-17.218163629839285,5.5
401752671,2025,1,-5.5,3.5698699784843253,59.19365820398371,55.5,False,10.0,17.0,Clemson,LSU,"Memorial Stadium (Clemson, SC)",regular,-7.0,10.569869978484325,5.5,-1.9301300215156747,12.5
401752798,2025,1,-36.5,19.11526374626544,49.72966186157924,60.0,False,73.0,13.0,USC,Missouri State,Los Angeles Memorial Coliseum,regular,60.0,-40.88473625373456,36.5,-17.38473625373456,-23.5
401752808,2025,1,-34.5,13.593728113659186,58.04952662488415,49.5,False,34.0,17.0,Michigan,New Mexico,Michigan Stadium,regular,17.0,-3.4062718863408143,34.5,-20.906271886340814,17.5
401757225,2025,1,-4.5,20.166087604169256,56.531625407645016,58.5,False,28.0,16.0,Utah State,UTEP,Maverik Stadium,regular,12.0,8.166087604169256,4.5,15.666087604169256,-7.5
401752672,2025,1,-33.5,31.300266786723917,57.70943315634457,61.5,False,63.0,7.0,Ole Miss,Georgia State,Vaught-Hemingway Stadium,regular,56.0,-24.699733213276083,33.5,-2.199733213276083,-22.5
401761592,2025,1,-9.5,28.976697634889423,57.9544842629951,48.5,False,12.0,14.0,Louisiana,Rice,Cajun Field,regular,-2.0,30.976697634889423,9.5,19.476697634889423,11.5
401761594,2025,1,-14.0,31.343495247895888,62.99882772523172,56.5,False,52.0,27.0,Texas State,Eastern Michigan,Bobcat Stadium (TX),regular,25.0,6.343495247895888,14.0,17.343495247895888,-11.0
401760361,2025,1,-2.0,7.901184533223555,48.201731274606416,51.5,False,42.0,14.0,Fresno State,Georgia Southern,Valley Children's Stadium,regular,28.0,-20.098815466776443,2.0,5.901184533223555,-26.0
401752936,2025,1,2.5,-7.170848984114086,47.842054524322776,48.5,False,15.0,34.0,Oregon State,California,Reser Stadium,regular,-19.0,11.829151015885914,-2.5,-4.670848984114086,16.5
401756849,2025,1,-15.5,-0.4722832908986945,66.11459217928419,55.5,False,40.0,6.0,Arizona,Hawai'i,Arizona Stadium,regular,34.0,-34.472283290898694,15.5,-15.972283290898694,-18.5
401752800,2025,1,6.5,-1.764354776502188,50.99134438319489,49.0,False,10.0,43.0,UCLA,Utah,Rose Bowl,regular,-33.0,31.235645223497812,-6.5,4.735645223497812,26.5
401752805,2025,1,-22.5,10.097930691531468,52.90960693471064,52.0,False,38.0,21.0,Washington,Colorado State,Husky Stadium,regular,17.0,-6.902069308468532,22.5,-12.402069308468532,5.5
401752680,2025,1,-7.5,0.6724809178254247,43.44624848267689,51.5,True,24.0,11.0,South Carolina,Virginia Tech,Mercedes-Benz Stadium,regular,13.0,-12.327519082174575,7.5,-6.827519082174575,-5.5
401754522,2025,1,2.5,9.369930423247355,57.41237702652451,50.5,False,27.0,24.0,Miami,Notre Dame,Hard Rock Stadium,regular,3.0,6.3699304232473555,-2.5,11.869930423247355,-5.5
401754523,2025,1,3.5,-3.496225551333904,55.51362983142453,55.0,False,14.0,48.0,North Carolina,TCU,Kenan Stadium,regular,-34.0,30.503774448666096,-3.5,0.0037744486660962195,30.5
401754528,2025,2,-15.25,15.72878666407897,53.57593967368125,56.75,False,28.0,14.0,Louisville,James Madison,L&N Federal Credit Union Stadium,regular,14.0,1.7287866640789709,15.25,0.47878666407897086,1.25
401752826,2025,2,-16.75,0.4981979538061871,52.833799693421106,44.5,False,20.0,9.0,Maryland,Northern Illinois,SECU Stadium,regular,11.0,-10.501802046193813,16.75,-16.251802046193813,5.75
401752693,2025,2,-36.75,17.13982387522925,53.21223249559939,52.5,False,38.0,7.0,Texas,San José State,DKR-Texas Memorial Stadium,regular,31.0,-13.86017612477075,36.75,-19.61017612477075,5.75
401752811,2025,2,-41.75,36.44111175903104,37.31235176656027,53.5,False,34.0,0.0,Penn State,Florida International,Beaver Stadium,regular,34.0,2.4411117590310383,41.75,-5.308888240968962,7.75
401752812,2025,2,-35.5,28.08992127548901,57.74690707658341,51.5,False,56.0,9.0,Indiana,Kennesaw State,"Memorial Stadium (Bloomington, IN)",regular,47.0,-18.91007872451099,35.5,-7.4100787245109885,-11.5
401752822,2025,2,-3.0,3.73426735806372,54.006686478555835,43.25,False,16.0,13.0,Iowa State,Iowa,Jack Trice Stadium,regular,3.0,0.73426735806372,3.0,0.73426735806372,0.0
401752825,2025,2,2.5,4.74646303416305,54.800833726149406,49.25,False,19.0,45.0,Duke,Illinois,Wallace Wade Stadium,regular,-26.0,30.74646303416305,-2.5,7.24646303416305,23.5
401754524,2025,2,-2.75,7.346337994531,55.590242210446654,52.75,False,35.0,31.0,NC State,Virginia,Carter-Finley Stadium,regular,4.0,3.346337994531,2.75,4.596337994531,-1.25
401754525,2025,2,-2.75,-1.3242897537602722,56.763348164786066,65.5,False,45.0,48.0,SMU,Baylor,Gerald J. Ford Stadium,regular,-3.0,1.6757102462397278,2.75,-4.074289753760272,5.75
401754529,2025,2,-21.5,7.070295097055281,54.874014962359894,48.5,False,45.0,17.0,Pittsburgh,Central Michigan,Acrisure Stadium,regular,28.0,-20.92970490294472,21.5,-14.429704902944719,-6.5
401754618,2025,2,-7.25,10.363645610989613,64.94315688029027,57.5,False,27.0,20.0,Syracuse,UConn,JMA Wireless Dome,regular,7.0,3.3636456109896127,7.25,3.1136456109896127,0.25
401756885,2025,2,-48.0,26.642899945788407,63.67787002932003,59.75,False,62.0,14.0,Texas Tech,Kent State,Jones AT&T Stadium,regular,48.0,-21.357100054211593,48.0,-21.357100054211593,0.0
401757227,2025,2,6.25,1.6698191423923283,63.680843293794034,50.5,False,34.0,24.0,Jacksonville State,Liberty,AmFirst Stadium,regular,10.0,-8.330180857607672,-6.25,7.9198191423923285,-16.25
401752694,2025,2,-34.5,25.119472942715596,63.00917303488512,57.5,False,44.0,22.0,Texas A&M,Utah State,Kyle Field,regular,22.0,3.1194729427155963,34.5,-9.380527057284404,12.5
401752686,2025,2,7.75,-10.417886825396849,50.58065020208063,51.5,False,23.0,30.0,Kentucky,Ole Miss,Kroger Field,regular,-7.0,-3.417886825396849,-7.75,-2.667886825396849,-0.75
401752689,2025,2,-6.5,-5.191272545689236,61.67871406933967,50.25,False,42.0,31.0,Missouri,Kansas,Memorial Stadium,regular,11.0,-16.191272545689237,6.5,-11.691272545689236,-4.5
401752818,2025,2,-15.5,-8.24587772079746,52.3441490384386,45.5,False,45.0,17.0,Rutgers,Miami (OH),SHI Stadium,regular,28.0,-36.24587772079746,15.5,-23.74587772079746,-12.5
401752824,2025,2,-28.5,35.135551388418975,62.081404153147794,55.5,False,69.0,3.0,Oregon,Oklahoma State,Autzen Stadium,regular,66.0,-30.864448611581025,28.5,6.635551388418975,-37.5
401752937,2025,2,-1.25,-4.640721477214149,49.317716817322655,45.0,False,27.0,36.0,Oregon State,Fresno State,Reser Stadium,regular,-9.0,4.359278522785851,1.25,-5.890721477214149,10.25
401754637,2025,2,-30.25,18.14877846663051,62.32339689976676,51.5,False,27.0,16.0,Clemson,Troy,"Memorial Stadium (Clemson, SC)",regular,11.0,7.14877846663051,30.25,-12.10122153336949,19.25
401756880,2025,2,-22.0,3.117122724777995,54.94788781280683,46.5,False,34.0,20.0,Cincinnati,Bowling Green,Nippert Stadium,regular,14.0,-10.882877275222004,22.0,-18.882877275222004,8.0
401756881,2025,2,-23.5,12.334084376180034,49.503306273209255,49.5,False,31.0,7.0,Colorado,Delaware,Folsom Field,regular,24.0,-11.665915623819966,23.5,-11.165915623819966,-0.5
401761603,2025,2,-4.5,6.048807647883514,65.02160553467252,64.5,False,36.0,43.0,UTSA,Texas State,Alamodome,regular,-7.0,13.048807647883514,4.5,1.548807647883514,11.5
401762458,2025,2,-21.5,15.004750082307456,53.01736126149397,58.75,False,38.0,24.0,Navy,UAB,Navy-Marine Corps Memorial Stadium,regular,14.0,1.0047500823074564,21.5,-6.495249917692544,7.5
401762461,2025,2,12.25,5.94543338520413,53.46546362256525,56.25,False,30.0,33.0,Western Michigan,North Texas,Waldo Stadium,regular,-3.0,8.94543338520413,-12.25,18.19543338520413,-9.25
401752820,2025,2,-28.5,19.667727603392684,56.10818838191568,45.0,False,42.0,10.0,Wisconsin,Middle Tennessee,Camp Randall Stadium,regular,32.0,-12.332272396607316,28.5,-8.832272396607316,-3.5
401756883,2025,2,3.5,21.821779610104628,61.146646512160075,58.5,False,17.0,10.0,Ohio,West Virginia,Peden Stadium,regular,7.0,14.821779610104628,-3.5,25.321779610104628,-10.5
401752684,2025,2,-18.5,4.187979116334215,59.88804573243766,58.25,False,16.0,18.0,Florida,South Florida,Ben Hill Griffin Stadium,regular,-2.0,6.187979116334215,18.5,-14.312020883665785,20.5
401752682,2025,2,-24.0,22.274544642726795,58.43206573118797,61.75,True,56.0,14.0,Arkansas,Arkansas State,War Memorial Stadium (AR),regular,42.0,-19.725455357273205,24.0,-1.725455357273205,-18.0
401757228,2025,2,-7.25,-0.3825490534197211,50.492960872801945,53.5,False,20.0,21.0,Marshall,Missouri State,Joan C. Edwards Stadium,regular,-1.0,0.6174509465802789,7.25,-7.632549053419721,8.25
401754527,2025,2,15.75,-23.137006348925333,62.68760360979959,49.5,False,3.0,20.0,Charlotte,North Carolina,Jerry Richardson Stadium,regular,-17.0,-6.137006348925333,-15.75,-7.387006348925333,1.25
401756882,2025,2,-16.75,-5.557311664890605,47.335443690136174,48.5,False,21.0,24.0,Kansas State,Army,Bill Snyder Family Stadium,regular,-3.0,-2.557311664890605,16.75,-22.307311664890605,19.75
401756884,2025,2,13.5,-3.2857210938972106,40.51842541346841,38.5,False,9.0,35.0,Rice,Houston,Rice Stadium,regular,-26.0,22.71427890610279,-13.5,10.21427890610279,12.5
401757232,2025,2,-8.0,10.242670415917653,53.41693240089093,57.0,False,45.0,21.0,Toledo,Western Kentucky,Glass Bowl,regular,24.0,-13.757329584082347,8.0,2.2426704159176527,-16.0
401761598,2025,2,15.0,-15.000228222633748,62.54113598922697,57.5,False,16.0,38.0,Georgia State,Memphis,Center Parc Stadium,regular,-22.0,6.999771777366252,-15.0,-0.00022822263374777663,7.0
401761601,2025,2,13.5,4.0159441162909,57.81319436827723,51.5,False,31.0,33.0,South Alabama,Tulane,Hancock Whitney Stadium,regular,-2.0,6.0159441162909,-13.5,17.5159441162909,-11.5
401752683,2025,2,-42.75,17.409979422339024,53.809373804156166,52.5,False,42.0,3.0,Auburn,Ball State,Jordan-Hare Stadium,regular,39.0,-21.590020577660976,42.75,-25.340020577660976,3.75
401752687,2025,2,-36.5,0.9855979796304116,51.941138120745705,49.5,False,23.0,7.0,LSU,Louisiana Tech,Tiger Stadium (LA),regular,16.0,-15.01440202036959,36.5,-35.51440202036959,20.5
401752688,2025,2,5.75,-19.736497924886088,55.619598135286175,58.5,False,24.0,20.0,Mississippi State,Arizona State,Davis Wade Stadium,regular,4.0,-23.736497924886088,-5.75,-13.986497924886088,-9.75
401752690,2025,2,-3.5,-1.9067207257941252,52.30948861212606,44.5,False,24.0,13.0,Oklahoma,Michigan,"Memorial Stadium (Norman, OK)",regular,11.0,-12.906720725794125,3.5,-5.406720725794125,-7.5
401752695,2025,2,-2.0,11.927127504145188,54.90459174208874,45.5,False,20.0,44.0,Virginia Tech,Vanderbilt,Lane Stadium,regular,-24.0,35.92712750414519,2.0,9.927127504145188,26.0
401752810,2025,2,-33.75,9.534330224032054,52.43403030202891,47.5,False,68.0,0.0,Nebraska,Akron,"Memorial Stadium (Lincoln, NE)",regular,68.0,-58.465669775967946,33.75,-24.215669775967946,-34.25
401752814,2025,2,-28.75,12.49470986030612,54.82364220166485,62.0,False,59.0,20.0,USC,Georgia Southern,Los Angeles Memorial Coliseum,regular,39.0,-26.50529013969388,28.75,-16.25529013969388,-10.25
401752816,2025,2,-3.5,5.7061870042597755,51.69368915533897,45.5,False,42.0,40.0,Michigan State,Boston College,Spartan Stadium,regular,2.0,3.7061870042597755,3.5,2.2061870042597755,1.5
401752681,2025,2,-34.25,20.68575667436868,50.61179761048103,50.25,False,73.0,0.0,Alabama,UL Monroe,Bryant-Denny Stadium,regular,73.0,-52.314243325631324,34.25,-13.56424332563132,-38.75
401752823,2025,2,2.5,31.85998857985117,51.924953572328086,54.5,False,30.0,23.0,UNLV,UCLA,Allegiant Stadium,regular,7.0,24.85998857985117,-2.5,34.35998857985117,-9.5
401757229,2025,2,3.25,14.927353721403971,69.29068786603337,53.0,False,21.0,14.0,New Mexico State,Tulsa,Aggie Memorial Stadium,regular,7.0,7.927353721403971,-3.25,18.17735372140397,-10.25
401752948,2025,2,-2.25,35.745613198438896,48.90012334321522,46.5,False,36.0,13.0,Washington State,San Diego State,Gesa Field,regular,23.0,12.745613198438896,2.25,33.495613198438896,-20.75
401754526,2025,2,-20.5,20.388672663333665,59.550150375561266,44.0,False,27.0,3.0,BYU,Stanford,LaVell Edwards Stadium,regular,24.0,-3.611327336666335,20.5,-0.11132733666633499,-3.5
401757230,2025,2,-7.25,-5.166404651176173,58.02102736549085,48.0,False,37.0,20.0,Hawai'i,Sam Houston,Clarence T.C. Ching Athletics Complex,regular,17.0,-22.166404651176173,7.25,-12.416404651176173,-9.75
401754531,2025,3,7.5,9.641102616995076,60.009857838656096,52.5,False,24.0,34.0,Wake Forest,NC State,Allegacy Federal Credit Union Stadium,regular,-10.0,19.641102616995077,-7.5,17.141102616995077,2.5
401756893,2025,3,-4.0,-3.1816381806896397,48.322580665724914,45.5,False,36.0,20.0,Houston,Colorado,TDECU Stadium,regular,16.0,-19.18163818068964,4.0,-7.18163818068964,-12.0
401756888,2025,3,1.5,-7.126493024559088,61.66336924166454,55.5,False,23.0,17.0,Arizona,Kansas State,Arizona Stadium,regular,6.0,-13.126493024559089,-1.5,-5.626493024559088,-7.5
401752837,2025,3,-15.5,-5.974875704598973,54.74863218279673,52.5,False,10.0,35.0,UCLA,New Mexico,Rose Bowl,regular,-25.0,19.025124295401028,15.5,-21.474875704598972,40.5
401752696,2025,3,-18.5,14.199754617821572,59.06181379964751,45.5,False,38.0,14.0,Alabama,Wisconsin,Bryant-Denny Stadium,regular,24.0,-9.800245382178428,18.5,-4.300245382178428,-5.5
401752703,2025,3,23.5,-12.400825223404642,59.05926836773582,51.0,False,3.0,42.0,Temple,Oklahoma,Lincoln Financial Field,regular,-39.0,26.59917477659536,-23.5,11.099174776595358,15.5
401752831,2025,3,25.5,-15.71302517594854,51.36397801994083,50.5,False,14.0,34.0,Northwestern,Oregon,Lanny and Sharon Martin Stadium,regular,-20.0,4.286974824051461,-25.5,9.78697482405146,-5.5
401752839,2025,3,-27.5,13.119954428256731,51.666860338588435,42.5,False,63.0,3.0,Michigan,Central Michigan,Michigan Stadium,regular,60.0,-46.88004557174327,27.5,-14.380045571743269,-32.5
401754623,2025,3,3.0,-2.3254663425134616,54.80800767003283,51.0,False,24.0,21.0,Georgia Tech,Clemson,Bobby Dodd Stadium,regular,3.0,-5.325466342513462,-3.0,0.6745336574865384,-6.0
401761608,2025,3,4.5,-4.286453826227635,58.30824297860772,51.5,False,7.0,28.0,Troy,Memphis,Veterans Memorial Stadium (AL),regular,-21.0,16.713546173772365,-4.5,0.2135461737723654,16.5
401762817,2025,3,24.0,-15.059206388459035,57.730778514854585,48.5,False,28.0,31.0,Kent State,Buffalo,Dix Stadium,regular,-3.0,-12.059206388459035,-24.0,8.940793611540965,-21.0
401752697,2025,3,-26.5,8.045590230669882,56.43446923198072,56.0,False,31.0,15.0,Auburn,South Alabama,Jordan-Hare Stadium,regular,16.0,-7.954409769330118,26.5,-18.45440976933012,10.5
401752702,2025,3,-27.5,5.848552157920517,56.48018370517094,47.5,False,52.0,10.0,Missouri,Louisiana,Memorial Stadium,regular,42.0,-36.151447842079484,27.5,-21.651447842079484,-14.5
401757168,2025,3,8.5,-1.5353897747674994,53.80016459864385,52.5,False,44.0,41.0,Delaware,UConn,Delaware Stadium,regular,3.0,-4.535389774767499,-8.5,6.964610225232501,-11.5
401752705,2025,3,3.5,-4.632959800274842,54.44764834403088,50.5,False,41.0,44.0,Tennessee,Georgia,Neyland Stadium,regular,-3.0,-1.6329598002748424,-3.5,-1.1329598002748424,-0.5
401752832,2025,3,20.5,-12.754293557784523,58.526467038663256,59.5,False,17.0,33.0,Purdue,USC,Ross-Ade Stadium,regular,-16.0,3.245706442215477,-20.5,7.745706442215477,-4.5
401752938,2025,3,-24.0,20.794932530121542,67.60965505785785,61.5,False,45.0,14.0,Texas Tech,Oregon State,Jones AT&T Stadium,regular,31.0,-10.205067469878458,24.0,-3.2050674698784576,-7.0
401752949,2025,3,-6.5,-2.734920431019555,51.431492807220806,57.5,False,59.0,10.0,North Texas,Washington State,DATCU Stadium,regular,49.0,-51.73492043101955,6.5,-9.234920431019555,-42.5
401754615,2025,3,28.5,-0.5397055170679019,56.52630682990822,60.5,False,10.0,28.0,Missouri State,SMU,Plaster Sports Complex,regular,-18.0,17.4602944829321,-28.5,27.9602944829321,-10.5
401754638,2025,3,7.0,-13.863916993064574,57.66275348510218,55.0,False,31.0,24.0,West Virginia,Pittsburgh,Milan Puskar Stadium,regular,7.0,-20.863916993064574,-7.0,-6.863916993064574,-14.0
401756890,2025,3,21.0,-7.3052310729177075,54.02927146395221,55.5,False,16.0,24.0,Arkansas State,Iowa State,Centennial Bank Stadium,regular,-8.0,0.6947689270822925,-21.0,13.694768927082293,-13.0
401752706,2025,3,-39.5,23.45095359833302,52.147561255356166,52.5,False,27.0,10.0,Texas,UTEP,DKR-Texas Memorial Stadium,regular,17.0,6.450953598333019,39.5,-16.04904640166698,22.5
401754535,2025,3,-17.5,15.193461965446105,63.05254972839032,56.5,False,49.0,12.0,Miami,South Florida,Hard Rock Stadium,regular,37.0,-21.806538034553895,17.5,-2.3065380345538955,-19.5
401757256,2025,3,6.0,3.842310405391291,58.251669046754934,51.5,False,23.0,13.0,Bowling Green,Liberty,Doyt L. Perry Stadium,regular,10.0,-6.1576895946087085,-6.0,9.842310405391292,-16.0
401757258,2025,3,-9.5,16.403545168815487,55.632575170822335,49.5,False,13.0,14.0,Nevada,Middle Tennessee,Mackay Stadium,regular,-1.0,17.403545168815487,9.5,6.903545168815487,10.5
401757233,2025,3,-2.0,1.535525989669989,57.22021670191971,56.5,False,38.0,28.0,Florida International,Florida Atlantic,Pitbull Stadium,regular,10.0,-8.464474010330012,2.0,-0.4644740103300109,-8.0
401752700,2025,3,-3.5,9.145765790427967,56.8648793394172,60.5,False,41.0,35.0,Ole Miss,Arkansas,Vaught-Hemingway Stadium,regular,6.0,3.1457657904279674,3.5,5.6457657904279674,-2.5
401752827,2025,3,-28.5,6.173960836748597,50.572142114072214,49.5,False,37.0,9.0,Ohio State,Ohio,Ohio Stadium,regular,28.0,-21.8260391632514,28.5,-22.3260391632514,0.5
401752829,2025,3,-27.5,10.302715932146988,54.64048381453655,50.5,False,38.0,0.0,Illinois,Western Michigan,"Memorial Stadium (Champaign, IL)",regular,38.0,-27.697284067853012,27.5,-17.197284067853012,-10.5
401754536,2025,3,-5.5,4.299467231464966,57.39748102344328,50.5,False,26.0,45.0,Virginia Tech,Old Dominion,Lane Stadium,regular,-19.0,23.299467231464966,5.5,-1.2005327685350338,24.5
401757234,2025,3,-3.0,-11.41344586167532,57.72375175136631,58.5,False,41.0,34.0,Georgia Southern,Jacksonville State,Allen E. Paulson Stadium,regular,7.0,-18.41344586167532,3.0,-14.41344586167532,-4.0
401761607,2025,3,3.0,-2.6687811742668366,60.91081721759821,56.5,False,38.0,22.0,Southern Miss,App State,M. M. Roberts Stadium,regular,16.0,-18.668781174266837,-3.0,0.3312188257331634,-19.0
401752698,2025,3,-26.5,16.781335029894617,58.65324220759858,49.5,False,48.0,23.0,Kentucky,Eastern Michigan,Kroger Field,regular,25.0,-8.218664970105383,26.5,-9.718664970105383,1.5
401752699,2025,3,-5.0,-2.5506768505226756,53.528129513605606,47.5,False,20.0,10.0,LSU,Florida,Tiger Stadium (LA),regular,10.0,-12.550676850522676,5.0,-7.550676850522676,-5.0
401752707,2025,3,-6.5,-9.5752998213401,52.2390712571852,49.5,False,40.0,41.0,Notre Dame,Texas A&M,Notre Dame Stadium,regular,-1.0,-8.5752998213401,6.5,-16.0752998213401,7.5
401752830,2025,3,-35.5,-1.5582564867375703,53.26927619835976,44.5,False,47.0,7.0,Iowa,Massachusetts,Kinnick Stadium,regular,40.0,-41.55825648673757,35.5,-37.05825648673757,-4.5
401757257,2025,3,-10.0,12.574422334516296,58.73053419987229,42.5,False,49.0,14.0,Louisiana Tech,New Mexico State,Joe Aillet Stadium,regular,35.0,-22.425577665483704,10.0,2.5744223345162958,-25.0
401761604,2025,3,7.0,-4.305032883543572,57.553101988836175,57.5,False,0.0,38.0,Coastal Carolina,East Carolina,Brooks Stadium (SC),regular,-38.0,33.694967116456425,-7.0,2.6949671164564277,31.0
401752704,2025,3,-3.0,-0.6281765692248937,46.620618474960686,48.5,False,7.0,31.0,South Carolina,Vanderbilt,Williams-Brice Stadium,regular,-24.0,23.371823430775105,3.0,-3.6281765692248937,27.0
401754534,2025,3,-1.5,9.093022165676134,51.9669316199781,52.5,False,34.0,27.0,Tulane,Duke,Yulman Stadium,regular,7.0,2.0930221656761336,1.5,7.593022165676134,-5.5
401756895,2025,3,24.5,-8.360426531209686,55.044235303931664,47.5,False,6.0,31.0,Wyoming,Utah,War Memorial Stadium,regular,-25.0,16.639573468790314,-24.5,16.139573468790314,0.5
401762465,2025,3,13.5,-17.125824062467274,48.441994361272656,52.5,False,23.0,42.0,Tulsa,Navy,Chapman Stadium,regular,-19.0,1.8741759375327263,-13.5,-3.6258240624672737,5.5
401762463,2025,3,-12.5,7.441656569076976,62.78274150930991,59.0,False,31.0,28.0,UAB,Akron,Protective Stadium,regular,3.0,4.441656569076976,12.5,-5.058343430923024,9.5
401760368,2025,3,4.0,0.1495195020120716,54.300064661368296,51.5,False,49.0,30.0,Utah State,Air Force,Maverik Stadium,regular,19.0,-18.850480497987927,-4.0,4.149519502012072,-23.0
401752840,2025,3,3.0,8.404850337253126,47.82400710569557,40.5,False,27.0,14.0,California,Minnesota,California Memorial Stadium,regular,13.0,-4.5951496627468735,-3.0,11.404850337253126,-16.0
401754533,2025,3,14.0,-10.874311011826707,59.80845770613891,44.5,False,30.0,20.0,Stanford,Boston College,Stanford Stadium,regular,10.0,-20.874311011826705,-14.0,3.1256889881732928,-24.0
401756889,2025,3,-18.5,-4.298728664786204,57.56858647517279,61.5,False,34.0,15.0,Arizona State,Texas State,Mountain America Stadium,regular,19.0,-23.298728664786204,18.5,-22.798728664786204,-0.5
401762468,2025,4,1.5,-6.0785281584114115,53.1036243553327,42.0,False,17.0,28.0,Charlotte,Rice,Jerry Richardson Stadium,regular,-11.0,4.9214718415885885,-1.5,-4.5785281584114115,9.5
401756900,2025,4,-10.0,6.565752341823147,62.24732897263742,54.5,False,12.0,19.0,Oklahoma State,Tulsa,Boone Pickens Stadium,regular,-7.0,13.565752341823147,10.0,-3.4342476581768526,17.0
401752844,2025,4,2.5,1.1981486353551434,52.18770574823185,46.5,False,28.0,38.0,Rutgers,Iowa,SHI Stadium,regular,-10.0,11.198148635355142,-2.5,3.6981486353551434,7.5
401752708,2025,4,7.0,6.728328877895215,54.51022720281738,59.5,False,32.0,31.0,Memphis,Arkansas,Simmons Bank Liberty Stadium,regular,1.0,5.728328877895215,-7.0,13.728328877895215,-8.0
401752845,2025,4,-10.5,-4.477786336206587,56.24795986683128,44.5,False,10.0,27.0,Wisconsin,Maryland,Camp Randall Stadium,regular,-17.0,12.522213663793412,10.5,-14.977786336206588,27.5
401754537,2025,4,-17.5,9.66633692202293,54.913266068023056,53.5,False,21.0,34.0,Clemson,Syracuse,"Memorial Stadium (Clemson, SC)",regular,-13.0,22.66633692202293,17.5,-7.83366307797707,30.5
401754636,2025,4,-6.5,3.5221378705224757,56.29481784445469,63.5,False,35.0,24.0,TCU,SMU,Amon G. Carter Stadium,regular,11.0,-7.477862129477524,6.5,-2.9778621294775243,-4.5
401754642,2025,4,-26.5,10.884521618518278,51.39070694639146,50.5,False,40.0,17.0,Louisville,Bowling Green,L&N Federal Credit Union Stadium,regular,23.0,-12.115478381481722,26.5,-15.615478381481722,3.5
401756901,2025,4,-3.5,10.18826675338032,56.427711543426014,58.5,False,10.0,34.0,Utah,Texas Tech,Rice-Eccles Stadium,regular,-24.0,34.18826675338032,3.5,6.68826675338032,27.5
401760376,2025,4,1.5,-8.217075205577135,54.54052880098127,49.5,False,38.0,41.0,Miami (OH),UNLV,Yager Stadium,regular,-3.0,-5.217075205577135,-1.5,-6.717075205577135,1.5
401762469,2025,4,2.5,4.3632265795317435,54.889942405293226,50.5,False,38.0,45.0,Army,North Texas,Michie Stadium,regular,-7.0,11.363226579531744,-2.5,6.8632265795317435,4.5
401752715,2025,4,-39.0,14.216943556065884,59.151518202742466,68.5,False,56.0,24.0,Tennessee,UAB,Neyland Stadium,regular,32.0,-17.783056443934115,39.0,-24.783056443934115,7.0
401752841,2025,4,-34.0,25.840344223497254,54.285931884427825,58.5,False,41.0,7.0,Oregon,Oregon State,Autzen Stadium,regular,34.0,-8.159655776502746,34.0,-8.159655776502746,0.0
401752711,2025,4,-12.5,8.552644807333337,55.574681890186994,61.5,False,45.0,10.0,Ole Miss,Tulane,Vaught-Hemingway Stadium,regular,35.0,-26.447355192666663,12.5,-3.947355192666663,-22.5
401752714,2025,4,-6.5,-0.5711224704632878,54.54648085350364,47.5,False,24.0,17.0,Oklahoma,Auburn,"Memorial Stadium (Norman, OK)",regular,7.0,-7.571122470463288,6.5,-7.071122470463288,-0.5
401752846,2025,4,1.5,1.2274940463201074,58.68487151895871,47.5,False,27.0,30.0,Nebraska,Michigan,"Memorial Stadium (Lincoln, NE)",regular,-3.0,4.227494046320107,-1.5,2.7274940463201074,1.5
401752848,2025,4,-24.5,16.784836947696917,55.88563311326422,51.5,False,56.0,30.0,Notre Dame,Purdue,Notre Dame Stadium,regular,26.0,-9.215163052303083,24.5,-7.715163052303083,-1.5
401754541,2025,4,-45.0,36.09417983911438,47.74653340011019,56.5,False,66.0,10.0,Florida State,Kent State,Doak Campbell Stadium,regular,56.0,-19.905820160885618,45.0,-8.905820160885618,-11.0
401754640,2025,4,-7.0,-1.1575731534952285,62.41937134747051,46.5,False,34.0,9.0,UCF,North Carolina,FBC Mortgage Stadium,regular,25.0,-26.15757315349523,7.0,-8.157573153495228,-18.0
401757169,2025,4,-21.0,20.10115763850117,55.32305921888123,53.5,False,31.0,25.0,UConn,Ball State,Pratt & Whitney Stadium,regular,6.0,14.10115763850117,21.0,-0.8988423614988292,15.0
401757262,2025,4,7.5,2.730206113610773,59.282182887732226,46.5,False,13.0,31.0,Liberty,James Madison,Williams Stadium (VA),regular,-18.0,20.730206113610773,-7.5,10.230206113610773,10.5
401761610,2025,4,2.5,-10.121181364634529,57.60750013837875,51.5,False,34.0,31.0,Eastern Michigan,Louisiana,Rynearson Stadium,regular,3.0,-13.121181364634529,-2.5,-7.621181364634529,-5.5
401761613,2025,4,-5.5,-1.0511630508500085,54.46848775757785,43.5,False,17.0,21.0,Buffalo,Troy,UB Stadium,regular,-4.0,2.9488369491499915,5.5,-6.5511630508500085,9.5
401762820,2025,4,13.0,-18.05347466453357,50.80306955832504,48.5,False,14.0,13.0,Western Michigan,Toledo,Waldo Stadium,regular,1.0,-19.05347466453357,-13.0,-5.053474664533571,-14.0
401754538,2025,4,-3.0,5.192019237798881,55.65338816067835,57.5,False,45.0,33.0,Duke,NC State,Wallace Wade Stadium,regular,12.0,-6.807980762201119,3.0,2.192019237798881,-9.0
401752712,2025,4,-24.0,-7.774300562794672,54.54612374778692,48.5,False,38.0,10.0,Mississippi State,Northern Illinois,Davis Wade Stadium,regular,28.0,-35.77430056279467,24.0,-31.77430056279467,-4.0
401754542,2025,4,-24.5,11.405457537743864,54.95126141905002,52.5,False,45.0,24.0,Georgia Tech,Temple,Bobby Dodd Stadium,regular,21.0,-9.594542462256136,24.5,-13.094542462256136,3.5
401756899,2025,4,-12.5,17.78963200778267,54.153651135196185,54.5,False,41.0,10.0,Kansas,West Virginia,Memorial Stadium,regular,31.0,-13.210367992217328,12.5,5.2896320077826715,-18.5
401757259,2025,4,-4.0,5.067054670694626,48.74942143848505,54.5,False,16.0,38.0,Florida International,Delaware,Pitbull Stadium,regular,-22.0,27.067054670694624,4.0,1.0670546706946258,26.0
401757261,2025,4,4.5,-3.3797994491997896,50.410893628306745,58.0,False,28.0,21.0,Kennesaw State,Arkansas State,Fifth Third Stadium,regular,7.0,-10.37979944919979,-4.5,1.1202005508002104,-11.5
401752713,2025,4,-10.0,-4.148574971651072,52.60460515636187,48.5,False,29.0,20.0,Missouri,South Carolina,Memorial Stadium,regular,9.0,-13.148574971651072,10.0,-14.148574971651072,1.0
401757264,2025,4,2.5,-9.093000511667768,52.750532948182986,46.5,False,28.0,42.0,Middle Tennessee,Marshall,"Johnny ""Red"" Floyd Stadium",regular,-14.0,4.906999488332232,-2.5,-6.593000511667768,11.5
401757268,2025,4,-7.5,2.0490542912994445,52.194668684840174,54.5,False,31.0,16.0,Western Kentucky,Nevada,Houchens Industries-L.T. Smith Stadium,regular,15.0,-12.950945708700555,7.5,-5.450945708700555,-7.5
401760372,2025,4,11.0,-0.8641760782991863,54.92479637838721,51.5,False,37.0,49.0,Air Force,Boise State,Falcon Stadium,regular,-12.0,11.135823921700814,-11.0,10.135823921700814,1.0
401761611,2025,4,-14.5,13.529751531579237,56.37113701631264,51.5,False,20.0,38.0,South Alabama,Coastal Carolina,Hancock Whitney Stadium,regular,-18.0,31.529751531579237,14.5,-0.9702484684207633,32.5
401752709,2025,4,-8.5,5.29153385244912,57.1107963738213,51.5,False,26.0,7.0,Miami,Florida,Hard Rock Stadium,regular,19.0,-13.70846614755088,8.5,-3.2084661475508804,-10.5
401752716,2025,4,-27.5,13.943121548285106,52.10932429189631,53.5,False,70.0,21.0,Vanderbilt,Georgia State,FirstBank Stadium,regular,49.0,-35.056878451714894,27.5,-13.556878451714894,-21.5
401752842,2025,4,21.0,1.0951175185095692,52.8160396701505,52.0,False,24.0,59.0,Washington State,Washington,Gesa Field,regular,-35.0,36.09511751850957,-21.0,22.095117518509568,14.0
401752843,2025,4,-7.0,14.088565354976115,57.652649625132575,51.0,False,63.0,10.0,Indiana,Illinois,"Memorial Stadium (Bloomington, IN)",regular,53.0,-38.91143464502389,7.0,7.088565354976115,-46.0
401754539,2025,4,-16.5,9.159932562388624,52.69771852948925,48.5,False,48.0,20.0,Virginia,Stanford,Scott Stadium,regular,28.0,-18.840067437611374,16.5,-7.340067437611376,-11.5
401756896,2025,4,-3.0,4.197967989422522,57.30194237491988,60.5,False,24.0,27.0,Baylor,Arizona State,McLane Stadium,regular,-3.0,7.197967989422522,3.0,1.197967989422522,6.0
401756898,2025,4,6.5,7.007005635013899,58.161942715237544,49.5,False,13.0,34.0,East Carolina,BYU,Dowdy-Ficklen Stadium,regular,-21.0,28.007005635013897,-6.5,13.507005635013899,14.5
401757263,2025,4,-3.0,10.926503774855746,50.683749855862295,51.5,False,30.0,20.0,Louisiana Tech,Southern Miss,Joe Aillet Stadium,regular,10.0,0.9265037748557461,3.0,7.926503774855746,-7.0
401752723,2025,4,-39.5,17.475899634125582,55.61756924532882,51.5,False,55.0,0.0,Texas,Sam Houston,DKR-Texas Memorial Stadium,regular,55.0,-37.52410036587442,39.5,-22.024100365874418,-15.5
401757267,2025,4,-5.5,11.785754188286074,56.725721244022715,47.0,False,25.0,31.0,UTEP,UL Monroe,Sun Bowl,regular,-6.0,17.785754188286074,5.5,6.285754188286074,11.5
401760373,2025,4,5.0,-6.695369198077688,64.61890152673536,58.5,False,16.0,17.0,Colorado State,UTSA,Canvas Stadium,regular,-1.0,-5.695369198077688,-5.0,-1.695369198077688,-4.0
401756897,2025,4,-12.5,15.587854361141565,55.48705147098698,45.5,False,37.0,20.0,Colorado,Wyoming,Folsom Field,regular,17.0,-1.4121456388584352,12.5,3.0878543611415648,-4.5
401754540,2025,4,14.0,-33.99618982463011,48.32453113711802,47.0,False,34.0,0.0,San Diego State,California,Snapdragon Stadium,regular,34.0,-67.99618982463011,-14.0,-19.996189824630108,-48.0
401752847,2025,4,-18.5,13.14365281615638,51.47722915908893,55.5,False,45.0,31.0,USC,Michigan State,Los Angeles Memorial Coliseum,regular,14.0,-0.8563471838436207,18.5,-5.356347183843621,4.5
401760374,2025,4,2.5,2.9010498912399107,53.311893712688935,47.5,False,21.0,23.0,Hawai'i,Fresno State,Clarence T.C. Ching Athletics Complex,regular,-2.0,4.901049891239911,-2.5,5.401049891239911,-0.5
401762471,2025,5,-3.5,7.575249182970504,48.13021894265737,52.5,False,28.0,6.0,East Carolina,Army,Dowdy-Ficklen Stadium,regular,22.0,-14.424750817029496,3.5,4.075249182970504,-18.5
401754543,2025,5,7.0,6.17813190207191,54.22031612841197,60.5,False,46.0,38.0,Virginia,Florida State,Scott Stadium,regular,8.0,-1.82186809792809,-7.0,13.178131902071911,-15.0
401756902,2025,5,-3.0,5.374339478284343,51.032629131046626,54.5,False,27.0,24.0,Arizona State,TCU,Mountain America Stadium,regular,3.0,2.3743394782843428,3.0,2.3743394782843428,0.0
401752939,2025,5,11.5,-12.416693202386108,52.44797023371179,48.5,False,24.0,27.0,Oregon State,Houston,Reser Stadium,regular,-3.0,-9.416693202386108,-11.5,-0.9166932023861083,-8.5
401752717,2025,5,5.5,0.8834226879444453,52.53478548063043,63.5,False,13.0,56.0,Arkansas,Notre Dame,Razorback Stadium,regular,-43.0,43.883422687944446,-5.5,6.383422687944446,37.5
401752849,2025,5,-3.5,4.763463429155026,50.847224531815385,51.5,False,31.0,28.0,Minnesota,Rutgers,Huntington Bank Stadium,regular,3.0,1.763463429155026,3.5,1.263463429155026,0.5
401752850,2025,5,6.5,-4.81414526791291,54.07021836392536,62.5,False,34.0,32.0,Illinois,USC,"Memorial Stadium (Champaign, IL)",regular,2.0,-6.81414526791291,-6.5,1.6858547320870896,-8.5
401754545,2025,5,4.0,7.24183692679246,57.5309730991597,59.5,False,3.0,38.0,Syracuse,Duke,JMA Wireless Dome,regular,-35.0,42.24183692679246,-4.0,11.241836926792459,31.0
401754546,2025,5,13.0,2.938559843453243,53.56856452300937,53.5,False,29.0,30.0,Wake Forest,Georgia Tech,Allegacy Federal Credit Union Stadium,regular,-1.0,3.938559843453243,-13.0,15.938559843453243,-12.0
401754547,2025,5,3.0,12.96708392262505,56.86631294165366,53.5,False,27.0,34.0,Pittsburgh,Louisville,Acrisure Stadium,regular,-7.0,19.96708392262505,-3.0,15.96708392262505,4.0
401756905,2025,5,-5.5,19.964853829668854,56.38018034281386,56.0,False,34.0,37.0,Kansas,Cincinnati,Memorial Stadium,regular,-3.0,22.964853829668854,5.5,14.464853829668854,8.5
401756906,2025,5,-6.0,-4.867735302754393,56.316687390602674,48.5,False,34.0,20.0,Kansas State,UCF,Bill Snyder Family Stadium,regular,14.0,-18.867735302754394,6.0,-10.867735302754394,-8.0
401761617,2025,5,-13.0,-2.2290484994360487,57.558272602082944,63.5,False,36.0,22.0,North Texas,South Alabama,DATCU Stadium,regular,14.0,-16.229048499436047,13.0,-15.229048499436049,-1.0
401762825,2025,5,-7.5,13.729073732459206,52.040896865678405,49.5,False,35.0,20.0,Ohio,Bowling Green,Peden Stadium,regular,15.0,-1.2709262675407942,7.5,6.229073732459206,-7.5
401752725,2025,5,-23.5,8.742588509857532,55.58126473989622,57.5,False,55.0,35.0,Vanderbilt,Utah State,FirstBank Stadium,regular,20.0,-11.257411490142468,23.5,-14.757411490142468,3.5
401762826,2025,5,-3.0,8.07824550151901,50.55540730310284,55.5,False,24.0,13.0,Central Michigan,Eastern Michigan,Kelly/Shorts Stadium,regular,11.0,-2.92175449848099,3.0,5.07824550151901,-8.0
401761614,2025,5,-15.0,12.942582609488396,54.85018211594211,54.5,False,35.0,10.0,James Madison,Georgia Southern,Bridgeforth Stadium,regular,25.0,-12.057417390511604,15.0,-2.0574173905116044,-10.0
401761616,2025,5,-1.5,2.24047343527743,52.23530299194024,55.5,False,28.0,16.0,UL Monroe,Arkansas State,Malone Stadium,regular,12.0,-9.75952656472257,1.5,0.7404734352774298,-10.5
401752719,2025,5,-2.5,8.730623719887827,54.892723552896456,58.0,False,24.0,19.0,Ole Miss,LSU,Vaught-Hemingway Stadium,regular,5.0,3.730623719887827,2.5,6.230623719887827,-2.5
401752724,2025,5,-6.5,20.21470299324154,56.98827941803665,51.5,False,16.0,10.0,Texas A&M,Auburn,Kyle Field,regular,6.0,14.214702993241541,6.5,13.714702993241541,0.5
401752851,2025,5,-6.0,2.1735939100624684,52.29382457513948,46.0,False,17.0,14.0,Northwestern,UCLA,Lanny and Sharon Martin Stadium,regular,3.0,-0.8264060899375316,6.0,-3.8264060899375316,3.0
401752852,2025,5,9.5,-16.38003847431062,50.446305393823295,52.5,False,6.0,24.0,Washington,Ohio State,Husky Stadium,regular,-18.0,1.61996152568938,-9.5,-6.88003847431062,8.5
401752853,2025,5,9.5,-21.40787320263165,54.660357350192506,47.5,False,15.0,20.0,Iowa,Indiana,Kinnick Stadium,regular,-5.0,-16.40787320263165,-9.5,-11.907873202631649,-4.5
401754544,2025,5,-6.0,-7.89889235279409,55.96716641093304,54.5,False,24.0,28.0,Boston College,California,"Alumni Stadium (Chestnut Hill, MA)",regular,-4.0,-3.89889235279409,6.0,-13.898892352794089,10.0
401756907,2025,5,21.0,-6.426707586536616,54.672804850680514,58.5,False,27.0,45.0,Oklahoma State,Baylor,Boone Pickens Stadium,regular,-18.0,11.573292413463385,-21.0,14.573292413463385,-3.0
401756908,2025,5,13.5,-10.558381372289173,56.171009677055295,46.5,False,14.0,48.0,West Virginia,Utah,Milan Puskar Stadium,regular,-34.0,23.441618627710827,-13.5,2.9416186277108274,20.5
401757170,2025,5,3.0,-7.035226876402478,54.27027202113766,51.5,False,17.0,20.0,Buffalo,UConn,UB Stadium,regular,-3.0,-4.035226876402478,-3.0,-4.035226876402478,0.0
401760380,2025,5,1.5,20.2890364824486,54.13557826045112,42.0,False,3.0,6.0,Northern Illinois,San Diego State,Huskie Stadium,regular,-3.0,23.2890364824486,-1.5,21.7890364824486,1.5
401762473,2025,5,-14.0,9.332667972448496,48.65243490895893,45.5,False,21.0,13.0,Navy,Rice,Navy-Marine Corps Memorial Stadium,regular,8.0,1.3326679724484958,14.0,-4.667332027551504,6.0
401762824,2025,5,-21.5,18.24034040281476,50.40523591448115,50.0,False,45.0,3.0,Toledo,Akron,Glass Bowl,regular,42.0,-23.75965959718524,21.5,-3.259659597185241,-20.5
401757274,2025,5,-16.5,7.377419948881494,60.330462771107065,53.5,False,38.0,20.0,New Mexico,New Mexico State,University Stadium (NM),regular,18.0,-10.622580051118506,16.5,-9.122580051118506,-1.5
401760378,2025,5,-7.0,16.64897058243767,56.644574055560746,52.5,False,35.0,44.0,Air Force,Hawai'i,Falcon Stadium,regular,-9.0,25.64897058243767,7.0,9.64897058243767,16.0
401762474,2025,5,14.5,-17.061342213405602,51.95096880773977,52.5,False,14.0,31.0,Tulsa,Tulane,Chapman Stadium,regular,-17.0,-0.06134221340560231,-14.5,-2.5613422134056023,2.5
401752720,2025,5,7.5,-23.16791008924463,52.109863123157666,63.5,False,34.0,41.0,Mississippi State,Tennessee,Davis Wade Stadium,regular,-7.0,-16.16791008924463,-7.5,-15.667910089244629,-0.5
401757270,2025,5,-7.0,8.517883297628401,55.61304013910625,54.5,False,24.0,16.0,Kennesaw State,Middle Tennessee,Fifth Third Stadium,regular,8.0,0.5178832976284014,7.0,1.5178832976284014,-1.0
401757271,2025,5,-14.5,4.331537562048111,56.98520874627683,53.5,False,21.0,7.0,Old Dominion,Liberty,S.B. Ballard Stadium,regular,14.0,-9.668462437951888,14.5,-10.168462437951888,0.5
401754548,2025,5,-10.0,1.4901201813632596,54.02050231067205,57.5,False,21.0,23.0,NC State,Virginia Tech,Carter-Finley Stadium,regular,-2.0,3.4901201813632596,10.0,-8.50987981863674,12.0
401756904,2025,5,-4.0,12.782831786342191,56.11405460420846,48.5,False,39.0,14.0,Iowa State,Arizona,Jack Trice Stadium,regular,25.0,-12.217168213657809,4.0,8.782831786342191,-21.0
401757269,2025,5,-4.5,-13.993647483625155,56.619768274950175,55.5,False,42.0,25.0,Southern Miss,Jacksonville State,M. M. Roberts Stadium,regular,17.0,-30.993647483625153,4.5,-18.493647483625153,-12.5
401757273,2025,5,3.5,2.420998305436406,55.58397466755303,59.5,False,22.0,27.0,Missouri State,Western Kentucky,Plaster Sports Complex,regular,-5.0,7.420998305436406,-3.5,5.920998305436406,1.5
401762472,2025,5,14.0,-7.1264892709967365,55.503016991469096,62.5,False,26.0,55.0,Florida Atlantic,Memphis,FAU Stadium,regular,-29.0,21.873510729003264,-14.0,6.8735107290032635,15.0
401752718,2025,5,-2.5,7.709520425193265,57.54964102258669,53.5,False,21.0,24.0,Georgia,Alabama,Sanford Stadium,regular,-3.0,10.709520425193265,2.5,5.209520425193265,5.5
401752721,2025,5,-44.5,14.163595486032117,50.19736139600816,57.0,False,42.0,6.0,Missouri,Massachusetts,Memorial Stadium,regular,36.0,-21.836404513967885,44.5,-30.336404513967885,8.5
401752854,2025,5,-4.0,4.99463870036235,55.35948290441991,53.0,False,24.0,30.0,Penn State,Oregon,Beaver Stadium,regular,-6.0,10.99463870036235,4.0,0.9946387003623496,10.0
401752950,2025,5,-4.5,-1.9122663948803875,55.474610808980344,48.5,False,3.0,20.0,Colorado State,Washington State,Canvas Stadium,regular,-17.0,15.087733605119613,4.5,-6.412266394880388,21.5
401754549,2025,5,-3.0,-4.822733038004194,55.77885438621579,49.5,False,30.0,29.0,Stanford,San José State,Stanford Stadium,regular,1.0,-5.822733038004194,3.0,-7.822733038004194,2.0
401760379,2025,5,-16.5,9.66187998483196,54.056003009649686,59.5,False,47.0,14.0,Boise State,App State,Albertsons Stadium,regular,33.0,-23.338120015168037,16.5,-6.838120015168039,-16.5
401752722,2025,5,-5.5,-2.220683179722048,49.80522319450342,46.5,False,35.0,13.0,South Carolina,Kentucky,Williams-Brice Stadium,regular,22.0,-24.220683179722048,5.5,-7.720683179722048,-16.5
401761615,2025,5,2.5,7.931724078915752,52.9302504659128,48.0,False,54.0,51.0,Louisiana,Marshall,Cajun Field,regular,3.0,4.931724078915752,-2.5,10.431724078915753,-5.5
401757272,2025,5,3.5,7.61430027038465,53.79537711962028,48.0,False,11.0,30.0,UTEP,Louisiana Tech,Sun Bowl,regular,-19.0,26.61430027038465,-3.5,11.11430027038465,15.5
401756903,2025,5,6.5,-1.894137296782409,54.633714955115465,48.5,False,21.0,24.0,Colorado,BYU,Folsom Field,regular,-3.0,1.105862703217591,-6.5,4.605862703217591,-3.5
401757275,2025,6,2.0,5.844543879953223,55.68008096742392,52.5,False,37.0,10.0,New Mexico State,Sam Houston,Aggie Memorial Stadium,regular,27.0,-21.15545612004678,-2.0,7.844543879953223,-29.0
401757276,2025,6,-2.5,2.420998305436406,55.17103109887581,63.0,False,24.0,27.0,Delaware,Western Kentucky,Delaware Stadium,regular,-3.0,5.420998305436406,2.5,-0.07900169456359407,5.5
401762475,2025,6,-28.0,19.53907261147024,57.30923916080481,54.5,False,54.0,26.0,South Florida,Charlotte,Raymond James Stadium,regular,28.0,-8.460927388529761,28.0,-8.460927388529761,0.0
401760384,2025,6,-2.0,10.220686530754664,57.38657110893836,58.5,False,35.0,28.0,San José State,New Mexico,CEFCU Stadium,regular,7.0,3.220686530754664,2.0,8.220686530754664,-5.0
401756909,2025,6,-19.5,17.72428520330464,54.965629407029326,46.5,False,38.0,24.0,BYU,West Virginia,LaVell Edwards Stadium,regular,14.0,3.724285203304639,19.5,-1.775714796695361,5.5
401760382,2025,6,-4.5,-21.329092963738827,53.08813408955583,40.5,False,45.0,24.0,San Diego State,Colorado State,Snapdragon Stadium,regular,21.0,-42.32909296373883,4.5,-25.829092963738827,-16.5
401752728,2025,6,-19.5,11.860274922463944,52.67853992645749,49.0,False,35.0,14.0,Georgia,Kentucky,Sanford Stadium,regular,21.0,-9.139725077536056,19.5,-7.639725077536056,-1.5
401752856,2025,6,-17.5,-3.102224567183785,51.14931918096342,42.5,False,24.0,10.0,Michigan,Wisconsin,Michigan Stadium,regular,14.0,-17.102224567183786,17.5,-20.602224567183786,3.5
401752861,2025,6,7.0,-6.089365037313608,54.45444191537126,54.5,False,27.0,43.0,Purdue,Illinois,Ross-Ade Stadium,regular,-16.0,9.910634962686391,-7.0,0.9106349626863919,9.0
401754550,2025,6,-6.5,9.260439548587916,57.96861338460816,54.5,False,48.0,7.0,Pittsburgh,Boston College,Acrisure Stadium,regular,41.0,-31.739560451412082,6.5,2.7604395485879163,-34.5
401754552,2025,6,15.5,2.0292815044477117,55.67422785584703,47.5,False,10.0,38.0,North Carolina,Clemson,Kenan Stadium,regular,-28.0,30.029281504447713,-15.5,17.529281504447713,12.5
401756911,2025,6,-4.5,7.159448171543951,56.34390668665989,60.0,False,35.0,34.0,Baylor,Kansas State,McLane Stadium,regular,1.0,6.159448171543951,4.5,2.659448171543951,3.5
401756912,2025,6,-1.5,-3.0046377835663867,59.86214070826636,55.5,False,38.0,30.0,Cincinnati,Iowa State,Nippert Stadium,regular,8.0,-11.004637783566388,1.5,-4.504637783566387,-6.5
401760381,2025,6,-13.5,12.864062272921924,48.55878102734201,51.0,False,34.0,31.0,Navy,Air Force,Navy-Marine Corps Memorial Stadium,regular,3.0,9.864062272921924,13.5,-0.6359377270780762,10.5
401762476,2025,6,6.5,-3.806404813313219,53.7445469020827,55.5,False,13.0,31.0,UAB,Army,Protective Stadium,regular,-18.0,14.193595186686782,-6.5,2.693595186686781,11.5
401762830,2025,6,14.0,-14.93354847399436,55.08965418371724,52.5,False,20.0,14.0,Ball State,Ohio,Scheumann Stadium,regular,6.0,-20.93354847399436,-14.0,-0.9335484739943603,-20.0
401754556,2025,6,-4.5,-0.8173484728526903,55.228754282152465,51.5,False,23.0,30.0,Virginia Tech,Wake Forest,Lane Stadium,regular,-7.0,6.18265152714731,4.5,-5.31734847285269,11.5
401762479,2025,6,6.5,-11.033045620490906,58.25270255003352,58.5,False,27.0,21.0,Temple,UTSA,Lincoln Financial Field,regular,6.0,-17.033045620490906,-6.5,-4.533045620490906,-12.5
401762832,2025,6,12.5,-2.4701719221844467,58.30665147988144,46.5,False,3.0,21.0,Massachusetts,Western Michigan,Warren McGuirk Alumni Stadium,regular,-18.0,15.529828077815553,-12.5,10.029828077815553,5.5
401756910,2025,6,-21.5,-0.850746615023593,56.317647333623384,56.5,False,41.0,13.0,Arizona,Oklahoma State,Arizona Stadium,regular,28.0,-28.850746615023592,21.5,-22.350746615023592,-6.5
401752726,2025,6,-13.5,4.304801543838349,55.07861411790984,57.5,False,30.0,14.0,Alabama,Vanderbilt,Bryant-Denny Stadium,regular,16.0,-11.695198456161652,13.5,-9.195198456161652,-2.5
401752727,2025,6,4.5,-5.755574942871925,55.18040285297205,42.5,False,29.0,21.0,Florida,Texas,Ben Hill Griffin Stadium,regular,8.0,-13.755574942871924,-4.5,-1.2555749428719247,-12.5
401752855,2025,6,24.5,-16.53844297109255,51.91645459017355,48.0,False,42.0,37.0,UCLA,Penn State,Rose Bowl,regular,5.0,-21.53844297109255,-24.5,7.96155702890745,-29.5
401752857,2025,6,5.5,5.028361270101984,54.025485038356535,52.5,False,20.0,24.0,Maryland,Washington,SECU Stadium,regular,-4.0,9.028361270101984,-5.5,10.528361270101984,-1.5
401752858,2025,6,-12.5,1.0889357831950457,51.38452185136406,43.5,False,42.0,7.0,Northwestern,UL Monroe,Lanny and Sharon Martin Stadium,regular,35.0,-33.91106421680495,12.5,-11.411064216804954,-22.5
401752940,2025,6,-2.0,6.34477763564717,54.308544240943334,53.5,False,27.0,23.0,App State,Oregon State,Kidd Brewer Stadium,regular,4.0,2.34477763564717,2.0,4.34477763564717,-2.0
401754554,2025,6,-6.5,15.278870086077784,52.36080376112152,60.0,False,27.0,30.0,Louisville,Virginia,L&N Federal Credit Union Stadium,regular,-3.0,18.278870086077784,6.5,8.778870086077784,9.5
401754555,2025,6,-17.5,2.9274824171141116,55.90350167521907,56.5,False,31.0,18.0,SMU,Syracuse,Gerald J. Ford Stadium,regular,13.0,-10.072517582885888,17.5,-14.572517582885888,4.5
401757165,2025,6,-21.5,3.140699881084878,55.305127208449306,63.5,False,28.0,7.0,Notre Dame,Boise State,Notre Dame Stadium,regular,21.0,-17.859300118915122,21.5,-18.359300118915122,0.5
401757171,2025,6,-7.0,10.806259608105076,56.00469654202722,52.0,False,51.0,10.0,UConn,Florida International,Pratt & Whitney Stadium,regular,41.0,-30.193740391894924,7.0,3.8062596081050764,-34.0
401761618,2025,6,19.5,-9.857492144979847,55.809320103923454,52.5,False,7.0,14.0,Georgia State,James Madison,Center Parc Stadium,regular,-7.0,-2.8574921449798474,-19.5,9.642507855020153,-12.5
401762829,2025,6,7.0,3.1847479608518934,51.13654927343978,47.5,False,28.0,22.0,Akron,Central Michigan,InfoCision Stadium,regular,6.0,-2.8152520391481066,-7.0,10.184747960851894,-13.0
401762831,2025,6,-9.5,1.288617689898511,52.68363627789673,53.5,False,31.0,30.0,Buffalo,Eastern Michigan,UB Stadium,regular,1.0,0.2886176898985111,9.5,-8.211382310101488,8.5
401762873,2025,6,4.5,-4.309141117218618,54.93350254455701,38.5,False,14.0,25.0,Northern Illinois,Miami (OH),Huskie Stadium,regular,-11.0,6.690858882781382,-4.5,0.19085888278138174,6.5
401752729,2025,6,-46.5,37.21232684729168,54.02176555943508,53.5,False,44.0,0.0,Oklahoma,Kent State,"Memorial Stadium (Norman, OK)",regular,44.0,-6.787673152708322,46.5,-9.287673152708322,2.5
401752860,2025,6,-12.5,3.94240079443965,55.2383233965384,48.5,False,38.0,27.0,Nebraska,Michigan State,"Memorial Stadium (Lincoln, NE)",regular,11.0,-7.05759920556035,12.5,-8.55759920556035,1.5
401761620,2025,6,14.0,-18.141574821149796,53.44991281065063,63.5,False,31.0,30.0,Arkansas State,Texas State,Centennial Bank Stadium,regular,1.0,-19.141574821149796,-14.0,-4.141574821149796,-15.0
401761619,2025,6,-18.5,13.3390120673824,56.79532184121745,53.5,False,47.0,7.0,Old Dominion,Coastal Carolina,S.B. Ballard Stadium,regular,40.0,-26.6609879326176,18.5,-5.1609879326176,-21.5
401756913,2025,6,13.0,1.4416891724870076,56.10009090483305,51.5,False,11.0,35.0,Houston,Texas Tech,TDECU Stadium,regular,-24.0,25.441689172487006,-13.0,14.441689172487008,11.0
401760385,2025,6,4.5,-21.166544659452555,52.028009423194575,51.0,False,17.0,31.0,Wyoming,UNLV,War Memorial Stadium,regular,-14.0,-7.166544659452555,-4.5,-16.666544659452555,9.5
401761621,2025,6,2.5,1.0032818972074469,52.64736740493837,46.5,False,31.0,24.0,Troy,South Alabama,Veterans Memorial Stadium (AL),regular,7.0,-5.996718102792553,-2.5,3.503281897207447,-9.5
401762477,2025,6,-4.5,-4.445553142492996,54.455062724421936,55.0,False,21.0,27.0,Rice,Florida Atlantic,Rice Stadium,regular,-6.0,1.5544468575070036,4.5,-8.945553142492997,10.5
401752730,2025,6,-17.5,1.8650598643528684,53.71703139860112,57.5,False,31.0,9.0,Texas A&M,Mississippi State,Kyle Field,regular,22.0,-20.13494013564713,17.5,-15.634940135647131,-4.5
401752859,2025,6,-23.5,17.73634639457501,54.93393207540064,42.5,False,42.0,3.0,Ohio State,Minnesota,Ohio Stadium,regular,39.0,-21.26365360542499,23.5,-5.763653605424992,-15.5
401754553,2025,6,3.5,-9.86847361449854,52.360940521068805,54.5,False,22.0,28.0,Florida State,Miami,Doak Campbell Stadium,regular,-6.0,-3.8684736144985408,-3.5,-6.368473614498541,2.5
401756914,2025,6,-13.5,3.164143074281259,50.3981626513966,57.0,False,35.0,21.0,TCU,Colorado,Amon G. Carter Stadium,regular,14.0,-10.83585692571874,13.5,-10.33585692571874,-0.5
401756915,2025,6,4.0,8.963215377339596,54.15154435178388,53.5,False,20.0,27.0,UCF,Kansas,FBC Mortgage Stadium,regular,-7.0,15.963215377339596,-4.0,12.963215377339596,3.0
401762478,2025,6,-21.0,2.643524008785245,53.27900517436627,54.5,False,45.0,7.0,Memphis,Tulsa,Simmons Bank Liberty Stadium,regular,38.0,-35.35647599121476,21.0,-18.356475991214754,-17.0
401754551,2025,6,3.5,2.342460359144255,53.92718430297083,54.5,False,21.0,45.0,California,Duke,California Memorial Stadium,regular,-24.0,26.342460359144255,-3.5,5.842460359144255,20.5
401760383,2025,6,-12.5,-2.8007068775210504,50.85275865627508,45.5,False,20.0,17.0,Fresno State,Nevada,Valley Children's Stadium,regular,3.0,-5.80070687752105,12.5,-15.300706877521051,9.5
401757278,2025,7,3.0,3.451627569570977,52.444820182247064,51.5,False,20.0,22.0,Middle Tennessee,Missouri State,"Johnny ""Red"" Floyd Stadium",regular,-2.0,5.451627569570977,-3.0,6.451627569570977,-1.0
401757277,2025,7,1.5,1.091244940118764,50.97311877820704,46.5,False,8.0,19.0,UTEP,Liberty,Sun Bowl,regular,-11.0,12.091244940118765,-1.5,2.591244940118764,9.5
401757280,2025,7,4.5,5.048035516231061,56.86575292285251,46.5,False,35.0,7.0,Kennesaw State,Louisiana Tech,Fifth Third Stadium,regular,28.0,-22.95196448376894,-4.5,9.54803551623106,-32.5
401762480,2025,7,-7.0,4.28423993577053,54.79422455265285,53.5,False,26.0,19.0,Tulane,East Carolina,Yulman Stadium,regular,7.0,-2.71576006422947,7.0,-2.71576006422947,0.0
401757279,2025,7,7.0,5.347475310388909,50.63151837599769,53.5,True,27.0,29.0,Sam Houston,Jacksonville State,BBVA Compass Stadium,regular,-2.0,7.347475310388909,-7.0,12.347475310388909,-5.0
401761622,2025,7,3.0,1.5251092550650356,54.912002982746806,60.0,False,35.0,38.0,Georgia Southern,Southern Miss,Allen E. Paulson Stadium,regular,-3.0,4.525109255065035,-3.0,4.525109255065035,0.0
401762481,2025,7,-2.5,3.660045039325861,55.114972436332735,68.5,False,36.0,63.0,North Texas,South Florida,DATCU Stadium,regular,-27.0,30.660045039325862,2.5,1.160045039325861,29.5
401752862,2025,7,-9.5,0.7678610001966686,51.78493469694255,62.5,False,38.0,19.0,Washington,Rutgers,Husky Stadium,regular,19.0,-18.232138999803333,9.5,-8.73213899980333,-9.5
401760388,2025,7,5.5,2.7933498660583544,54.32282384014244,47.5,False,49.0,21.0,Colorado State,Fresno State,Canvas Stadium,regular,28.0,-25.206650133941647,-5.5,8.293349866058355,-33.5
401752734,2025,7,3.0,1.475909190702283,55.666484794089634,50.5,False,24.0,27.0,Missouri,Alabama,Memorial Stadium,regular,-3.0,4.475909190702283,-3.0,4.475909190702283,0.0
401752863,2025,7,-7.0,0.4473210529305067,52.601972909288435,51.5,False,13.0,38.0,Michigan State,UCLA,Spartan Stadium,regular,-25.0,25.447321052930505,7.0,-6.552678947069493,32.0
401752865,2025,7,15.0,7.064973192260464,54.56244428200608,51.5,False,16.0,34.0,Illinois,Ohio State,"Memorial Stadium (Champaign, IL)",regular,-18.0,25.064973192260464,-15.0,22.064973192260464,3.0
401754559,2025,7,-10.5,3.54217811961592,53.00253975049406,57.0,False,31.0,34.0,Florida State,Pittsburgh,Doak Campbell Stadium,regular,-3.0,6.5421781196159206,10.5,-6.9578218803840794,13.5
401754561,2025,7,-19.5,0.0071162097461963,52.85467009327356,55.5,False,34.0,10.0,SMU,Stanford,Gerald J. Ford Stadium,regular,24.0,-23.992883790253803,19.5,-19.492883790253803,-4.5
401756917,2025,7,-10.5,2.852066614136094,53.18481390193124,55.5,False,20.0,11.0,Cincinnati,UCF,Nippert Stadium,regular,9.0,-6.147933385863906,10.5,-7.647933385863906,1.5
401756920,2025,7,14.5,-1.2231003342183482,50.71032107139333,47.5,False,17.0,39.0,Oklahoma State,Houston,Boone Pickens Stadium,regular,-22.0,20.776899665781652,-14.5,13.276899665781652,7.5
401761625,2025,7,-18.5,2.3351519905008353,51.768304135731896,45.0,False,24.0,14.0,James Madison,Louisiana,Bridgeforth Stadium,regular,10.0,-7.664848009499165,18.5,-16.164848009499163,8.5
401762483,2025,7,-17.5,3.6904412735887897,53.25446121292846,45.5,False,24.0,7.0,Army,Charlotte,Michie Stadium,regular,17.0,-13.309558726411211,17.5,-13.809558726411211,0.5
401762833,2025,7,11.5,5.134216943764873,54.897726054388094,47.5,False,7.0,20.0,Akron,Miami (OH),InfoCision Stadium,regular,-13.0,18.134216943764873,-11.5,16.634216943764873,1.5
401762835,2025,7,10.5,0.5408797002628591,51.23552182116663,45.5,False,28.0,23.0,Bowling Green,Toledo,Doyt L. Perry Stadium,regular,5.0,-4.45912029973714,-10.5,11.04087970026286,-15.5
401752733,2025,7,-33.0,4.047717711514436,54.57898696650184,58.5,False,24.0,21.0,Ole Miss,Washington State,Vaught-Hemingway Stadium,regular,3.0,1.0477177115144363,33.0,-28.952282288485563,30.0
401762836,2025,7,1.5,8.050917857398513,53.49647984712096,48.5,False,16.0,10.0,Eastern Michigan,Northern Illinois,Rynearson Stadium,regular,6.0,2.050917857398513,-1.5,9.550917857398513,-7.5
401762837,2025,7,-1.5,2.2300449201225825,50.52377705126994,49.5,False,42.0,6.0,Kent State,Massachusetts,Dix Stadium,regular,36.0,-33.76995507987742,1.5,0.7300449201225825,-34.5
401752736,2025,7,-2.5,5.299974705210323,56.56839863096269,44.5,True,23.0,6.0,Texas,Oklahoma,Cotton Bowl,regular,17.0,-11.700025294789677,2.5,2.7999747052103228,-14.5
401752866,2025,7,-20.5,4.547106119093173,53.76690757363845,46.5,False,21.0,22.0,Penn State,Northwestern,Beaver Stadium,regular,-1.0,5.547106119093173,20.5,-15.952893880906828,21.5
401752867,2025,7,7.0,7.046490520570817,55.41989435683377,47.5,False,31.0,34.0,Maryland,Nebraska,SECU Stadium,regular,-3.0,10.046490520570817,-7.0,14.046490520570817,-4.0
401752870,2025,7,-7.0,2.71340032262678,55.34611095109727,51.5,False,20.0,30.0,Oregon,Indiana,Autzen Stadium,regular,-10.0,12.71340032262678,7.0,-4.28659967737322,17.0
401754560,2025,7,-14.0,1.6311745219623814,51.258032335828645,55.5,False,35.0,20.0,Georgia Tech,Virginia Tech,Bobby Dodd Stadium,regular,15.0,-13.368825478037618,14.0,-12.368825478037618,-1.0
401754562,2025,7,-23.5,7.006384109445221,54.77158717294809,59.5,False,36.0,7.0,Notre Dame,NC State,Notre Dame Stadium,regular,29.0,-21.99361589055478,23.5,-16.49361589055478,-5.5
401754563,2025,7,1.5,8.87017772113921,54.56415968895323,47.5,False,14.0,39.0,Oregon State,Wake Forest,Reser Stadium,regular,-25.0,33.870177721139214,-1.5,10.37017772113921,23.5
401756918,2025,7,3.0,6.28853828603442,53.98024126184167,52.5,False,24.0,17.0,Colorado,Iowa State,Folsom Field,regular,7.0,-0.7114617139655799,-3.0,9.28853828603442,-10.0
401756919,2025,7,3.0,3.3368648876086113,54.205488373153514,54.5,False,41.0,28.0,Kansas State,TCU,Bill Snyder Family Stadium,regular,13.0,-9.66313511239139,-3.0,6.336864887608611,-16.0
401760386,2025,7,-7.0,-0.0496096079261989,50.69280059120457,65.5,False,51.0,48.0,UNLV,Air Force,Allegiant Stadium,regular,3.0,-3.049609607926199,7.0,-7.0496096079261985,4.0
401761624,2025,7,3.0,3.481900527163987,53.43906484292399,55.5,False,20.0,41.0,Georgia State,App State,Center Parc Stadium,regular,-21.0,24.481900527163987,-3.0,6.481900527163987,18.0
401761626,2025,7,14.5,2.723018632826782,54.37882326529379,57.5,False,48.0,24.0,Marshall,Old Dominion,Joan C. Edwards Stadium,regular,24.0,-21.276981367173217,-14.5,17.223018632826783,-38.5
401762834,2025,7,-9.5,5.674649707441369,53.75379882469976,43.0,False,42.0,0.0,Western Michigan,Ball State,Waldo Stadium,regular,42.0,-36.32535029255863,9.5,-3.825350292558631,-32.5
401762484,2025,7,10.0,2.210609604537003,52.10623762968869,52.5,False,31.0,32.0,Temple,Navy,Lincoln Financial Field,regular,-1.0,3.210609604537003,-10.0,12.210609604537003,-9.0
401752735,2025,7,-10.0,4.401968555822838,51.97854397599438,68.5,False,34.0,31.0,Tennessee,Arkansas,Neyland Stadium,regular,3.0,1.4019685558228376,10.0,-5.598031444177162,7.0
401762482,2025,7,-4.5,2.4195818133372984,53.6697359080677,66.0,False,53.0,33.0,Florida Atlantic,UAB,FAU Stadium,regular,20.0,-17.5804181866627,4.5,-2.0804181866627016,-15.5
401752737,2025,7,-7.0,4.844665234049462,53.95260118666146,48.0,False,34.0,17.0,Texas A&M,Florida,Kyle Field,regular,17.0,-12.155334765950538,7.0,-2.1553347659505384,-10.0
401752869,2025,7,5.0,3.8960075448889064,52.96442210953318,37.5,False,0.0,37.0,Wisconsin,Iowa,Camp Randall Stadium,regular,-37.0,40.8960075448889,-5.0,8.896007544888906,32.0
401760391,2025,7,1.5,-2.5680481372230703,51.67292030293381,49.5,False,35.0,28.0,Wyoming,San José State,War Memorial Stadium,regular,7.0,-9.56804813722307,-1.5,-1.0680481372230703,-8.5
401761623,2025,7,3.0,1.217840851081036,51.62717587834489,46.5,False,23.0,8.0,Coastal Carolina,UL Monroe,Brooks Stadium (SC),regular,15.0,-13.782159148918964,-3.0,4.217840851081036,-18.0
401752731,2025,7,4.5,1.9840438067964956,51.740732100495435,46.5,False,10.0,20.0,Auburn,Georgia,Jordan-Hare Stadium,regular,-10.0,11.984043806796496,-4.5,6.484043806796496,5.5
401752864,2025,7,-7.5,1.4621879928936352,53.18123248295283,49.5,False,27.0,20.0,Minnesota,Purdue,Huntington Bank Stadium,regular,7.0,-5.537812007106365,7.5,-6.037812007106365,0.5
401752868,2025,7,-3.0,7.1501224193448385,55.54210049909544,58.0,False,31.0,13.0,USC,Michigan,Los Angeles Memorial Coliseum,regular,18.0,-10.84987758065516,3.0,4.1501224193448385,-15.0
401754558,2025,7,14.0,-0.6376701257620461,52.646346645725615,54.5,False,10.0,41.0,Boston College,Clemson,"Alumni Stadium (Chestnut Hill, MA)",regular,-31.0,30.362329874237954,-14.0,13.362329874237954,17.0
401756921,2025,7,-13.5,3.8234728488102023,54.74551870175841,58.5,False,42.0,17.0,Texas Tech,Kansas,Jones AT&T Stadium,regular,25.0,-21.1765271511898,13.5,-9.676527151189799,-11.5
401762485,2025,7,-9.5,-1.859793290006925,52.90926453139505,48.5,False,61.0,13.0,UTSA,Rice,Alamodome,regular,48.0,-49.85979329000693,9.5,-11.359793290006925,-38.5
401752732,2025,7,-8.5,3.8833780441168626,55.18926603923734,44.5,False,20.0,10.0,LSU,South Carolina,Tiger Stadium (LA),regular,10.0,-6.116621955883137,8.5,-4.616621955883137,-1.5
401756916,2025,7,2.5,-1.5689123436526031,52.68101434241928,46.5,False,27.0,33.0,Arizona,BYU,Arizona Stadium,regular,-6.0,4.431087656347397,-2.5,0.9310876563473969,3.5
401761627,2025,7,-7.5,1.9613026371916928,53.70585489949897,53.5,False,41.0,48.0,Texas State,Troy,Bobcat Stadium (TX),regular,-7.0,8.961302637191693,7.5,-5.538697362808307,14.5
401760387,2025,7,-14.5,-3.7856934157040874,52.19082872783597,58.5,False,41.0,25.0,Boise State,New Mexico,Albertsons Stadium,regular,16.0,-19.78569341570409,14.5,-18.28569341570409,-1.5
401756922,2025,7,-9.5,2.112347759339501,54.0250880455664,44.5,False,42.0,10.0,Utah,Arizona State,Rice-Eccles Stadium,regular,32.0,-29.8876522406605,9.5,-7.387652240660499,-22.5
401760390,2025,7,6.5,0.5535639113911421,52.261657815327425,42.5,False,10.0,44.0,Nevada,San Diego State,Mackay Stadium,regular,-34.0,34.553563911391144,-6.5,7.053563911391143,27.5
401760389,2025,7,1.5,7.453396962293998,53.34191822060717,57.5,False,44.0,26.0,Hawai'i,Utah State,Clarence T.C. Ching Athletics Complex,regular,18.0,-10.546603037706003,-1.5,8.953396962293997,-19.5
401757282,2025,8,-10.5,1.5681935274008754,54.09696475277838,48.5,False,30.0,27.0,Liberty,New Mexico State,Williams Stadium (VA),regular,3.0,-1.4318064725991246,10.5,-8.931806472599124,7.5
401761628,2025,8,-8.5,2.9115839904523058,53.9872938180165,57.5,False,14.0,15.0,South Alabama,Arkansas State,Hancock Whitney Stadium,regular,-1.0,3.9115839904523058,8.5,-5.588416009547695,9.5
401757281,2025,8,-10.0,5.585500715257293,53.830036934646294,55.5,False,6.0,25.0,Western Kentucky,Florida International,Houchens Industries-L.T. Smith Stadium,regular,-19.0,24.585500715257293,10.0,-4.414499284742707,29.0
401757283,2025,8,3.0,2.376879358219206,52.629813737907824,55.5,False,38.0,25.0,Jacksonville State,Delaware,AmFirst Stadium,regular,13.0,-10.623120641780794,-3.0,5.376879358219206,-16.0
401757284,2025,8,3.5,4.949872221843624,53.296537928714976,46.5,True,17.0,35.0,Sam Houston,UTEP,BBVA Compass Stadium,regular,-18.0,22.949872221843624,-3.5,8.449872221843624,14.5
401762486,2025,8,-16.5,3.619172164845882,53.69686026957915,54.5,False,41.0,27.0,East Carolina,Tulsa,Dowdy-Ficklen Stadium,regular,14.0,-10.380827835154118,16.5,-12.880827835154118,2.5
401754564,2025,8,-10.5,5.032220080155363,55.95093938052472,49.5,False,21.0,24.0,Miami,Louisville,Hard Rock Stadium,regular,-3.0,8.032220080155362,10.5,-5.467779919844637,13.5
401752872,2025,8,7.0,4.121871057070074,53.91198734460052,47.5,False,24.0,6.0,Minnesota,Nebraska,Huntington Bank Stadium,regular,18.0,-13.878128942929926,-7.0,11.121871057070074,-25.0
401760396,2025,8,-3.0,-2.0382620240708587,53.14260434353233,63.5,False,30.0,25.0,Utah State,San José State,Maverik Stadium,regular,5.0,-7.038262024070859,3.0,-5.038262024070859,-2.0
401754371,2025,8,-7.5,2.1028786679825524,52.95317231149518,46.5,False,21.0,18.0,California,North Carolina,California Memorial Stadium,regular,3.0,-0.8971213320174476,7.5,-5.397121332017448,4.5
401752745,2025,8,-1.5,2.932875093210567,53.7692487164656,48.5,False,31.0,24.0,Vanderbilt,LSU,FirstBank Stadium,regular,7.0,-4.067124906789433,1.5,1.432875093210567,-5.5
401752873,2025,8,-4.0,3.666656347075139,53.26933190131026,50.5,False,24.0,7.0,Michigan,Washington,Michigan Stadium,regular,17.0,-13.33334365292486,4.0,-0.333343652924861,-13.0
401754566,2025,8,-3.5,3.1089624715434763,54.874793465638874,60.5,False,18.0,27.0,Duke,Georgia Tech,Wallace Wade Stadium,regular,-9.0,12.108962471543476,3.5,-0.39103752845652373,12.5
401754569,2025,8,2.5,4.222151128078915,53.421732924059846,58.5,False,23.0,38.0,Boston College,UConn,"Alumni Stadium (Chestnut Hill, MA)",regular,-15.0,19.222151128078913,-2.5,6.722151128078915,12.5
401756925,2025,8,2.0,5.812689648958202,53.67765853009524,47.5,False,31.0,28.0,Houston,Arizona,TDECU Stadium,regular,3.0,2.8126896489582016,-2.0,7.812689648958202,-5.0
401756927,2025,8,-3.5,2.6889618953923757,54.576356252327216,66.5,False,42.0,36.0,TCU,Baylor,Amon G. Carter Stadium,regular,6.0,-3.3110381046076243,3.5,-0.8110381046076243,-2.5
401762488,2025,8,-10.0,4.273846426832323,54.31761712673987,44.5,False,24.0,17.0,Tulane,Army,Yulman Stadium,regular,7.0,-2.726153573167677,10.0,-5.726153573167677,3.0
401762839,2025,8,-3.0,4.840056900641502,49.83623599605674,43.5,False,6.0,27.0,Bowling Green,Central Michigan,Doyt L. Perry Stadium,regular,-21.0,25.840056900641503,3.0,1.8400569006415024,24.0
401762841,2025,8,-12.5,2.9209500476581733,54.14152792502374,47.5,False,44.0,30.0,Miami (OH),Eastern Michigan,Yager Stadium,regular,14.0,-11.079049952341826,12.5,-9.579049952341826,-1.5
401752744,2025,8,4.5,2.462663798854316,54.17883050682133,43.0,False,7.0,26.0,South Carolina,Oklahoma,Williams-Brice Stadium,regular,-19.0,21.462663798854315,-4.5,6.962663798854316,14.5
401756928,2025,8,-6.5,-1.9075019488631488,51.414911286526625,46.5,False,45.0,13.0,UCF,West Virginia,FBC Mortgage Stadium,regular,32.0,-33.90750194886315,6.5,-8.40750194886315,-25.5
401762842,2025,8,-25.5,2.107523836595264,53.08858632286548,48.5,False,45.0,10.0,Toledo,Kent State,Glass Bowl,regular,35.0,-32.89247616340474,25.5,-23.392476163404737,-9.5
401762840,2025,8,16.5,4.398555816507431,51.828804374303736,47.5,False,21.0,28.0,Massachusetts,Buffalo,Warren McGuirk Alumni Stadium,regular,-7.0,11.398555816507432,-16.5,20.898555816507432,-9.5
401752874,2025,8,-3.5,2.334790348955889,54.53058881080862,47.0,False,19.0,0.0,Northwestern,Purdue,Lanny and Sharon Martin Stadium,regular,19.0,-16.665209651044112,3.5,-1.165209651044111,-15.5
401761633,2025,8,4.5,-1.4031598869455395,51.19611530613795,45.5,False,14.0,37.0,UL Monroe,Troy,Malone Stadium,regular,-23.0,21.596840113054462,-4.5,3.0968401130544603,18.5
401752739,2025,8,7.5,0.6928465252164844,53.44166294361505,57.5,False,42.0,45.0,Arkansas,Texas A&M,Razorback Stadium,regular,-3.0,3.6928465252164844,-7.5,8.192846525216485,-4.5
401752742,2025,8,-7.5,1.6588845183604009,54.025459597987734,56.5,False,43.0,35.0,Georgia,Ole Miss,Sanford Stadium,regular,8.0,-6.3411154816396,7.5,-5.8411154816396,-0.5
401752877,2025,8,24.5,1.2605843808487005,52.39428795059725,41.5,False,0.0,34.0,Wisconsin,Ohio State,Camp Randall Stadium,regular,-34.0,35.2605843808487,-24.5,25.7605843808487,9.5
401752878,2025,8,-26.5,2.4347680845913424,53.333152203169625,49.5,False,38.0,13.0,Indiana,Michigan State,"Memorial Stadium (Bloomington, IN)",regular,25.0,-22.565231915408656,26.5,-24.065231915408656,1.5
401754565,2025,8,-3.5,7.530248569846135,56.207604563798135,49.5,False,24.0,35.0,Clemson,SMU,"Memorial Stadium (Clemson, SC)",regular,-11.0,18.530248569846137,3.5,4.030248569846135,14.5
401760392,2025,8,-4.0,4.108529293297732,55.09741053353329,56.5,False,24.0,21.0,Air Force,Wyoming,Falcon Stadium,regular,3.0,1.1085292932977318,4.0,0.10852929329773175,1.0
401760393,2025,8,-13.0,1.4419623435011273,52.84986545803407,61.0,False,56.0,31.0,Boise State,UNLV,Albertsons Stadium,regular,25.0,-23.558037656498872,13.0,-11.558037656498872,-12.0
401761629,2025,8,-10.5,6.895567633300484,54.829064200221104,48.0,False,37.0,45.0,App State,Coastal Carolina,Kidd Brewer Stadium,regular,-8.0,14.895567633300484,10.5,-3.604432366699516,18.5
401761631,2025,8,-3.0,1.5595030048510807,53.72269189322879,47.5,False,63.0,27.0,James Madison,Old Dominion,Bridgeforth Stadium,regular,36.0,-34.44049699514892,3.0,-1.4404969951489193,-33.0
401761632,2025,8,3.0,2.397568075939301,52.64194760760444,65.5,False,40.0,37.0,Marshall,Texas State,Joan C. Edwards Stadium,regular,3.0,-0.6024319240606988,-3.0,5.397568075939301,-6.0
401762489,2025,8,9.5,4.742565130416482,52.43780984803957,47.5,False,14.0,49.0,Charlotte,Temple,Jerry Richardson Stadium,regular,-35.0,39.74256513041648,-9.5,14.242565130416482,25.5
401762491,2025,8,-4.0,7.758209568305358,55.72764709082741,64.0,False,55.0,17.0,North Texas,UTSA,DATCU Stadium,regular,38.0,-30.241790431694643,4.0,3.7582095683053582,-34.0
401762838,2025,8,2.0,-1.2647442050639013,51.948166632245005,44.0,False,42.0,28.0,Ball State,Akron,Scheumann Stadium,regular,14.0,-15.264744205063902,-2.0,0.7352557949360987,-16.0
401762843,2025,8,-10.5,5.567054265512732,51.78101574612146,41.5,False,48.0,21.0,Ohio,Northern Illinois,Peden Stadium,regular,27.0,-21.43294573448727,10.5,-4.932945734487268,-16.5
401756923,2025,8,8.0,4.057080331915088,53.86187997983922,52.5,False,26.0,22.0,Arizona State,Texas Tech,Mountain America Stadium,regular,4.0,0.05708033191508832,-8.0,12.057080331915088,-12.0
401762487,2025,8,23.5,2.0086196435111843,53.09280369480173,59.5,False,31.0,24.0,UAB,Memphis,Protective Stadium,regular,7.0,-4.991380356488816,-23.5,25.508619643511185,-30.5
401752741,2025,8,-9.5,2.434301412783044,54.32117529970696,51.0,False,23.0,21.0,Florida,Mississippi State,Ben Hill Griffin Stadium,regular,2.0,0.4343014127830438,9.5,-7.065698587216956,7.5
401761668,2025,8,4.5,2.128711982223167,52.7582779946714,54.5,False,10.0,22.0,Louisiana,Southern Miss,Cajun Field,regular,-12.0,14.128711982223166,-4.5,6.628711982223167,7.5
401752876,2025,8,17.5,5.379469166807281,53.33084132861269,62.0,False,10.0,56.0,Rutgers,Oregon,SHI Stadium,regular,-46.0,51.37946916680728,-17.5,22.879469166807283,28.5
401752951,2025,8,-16.5,1.27040628226642,53.14360493526799,56.5,False,22.0,20.0,Virginia,Washington State,Scott Stadium,regular,2.0,-0.7295937177335801,16.5,-15.22959371773358,14.5
401752743,2025,8,12.5,3.3291501921897177,52.78703614986508,45.5,False,13.0,16.0,Kentucky,Texas,Kroger Field,regular,-3.0,6.329150192189718,-12.5,15.829150192189719,-9.5
401752875,2025,8,-3.0,1.5840725150104549,52.592165078036075,41.5,False,25.0,24.0,Iowa,Penn State,Kinnick Stadium,regular,1.0,0.5840725150104549,3.0,-1.4159274849895451,2.0
401752879,2025,8,-4.0,4.771617459306098,55.80629331918831,52.5,False,20.0,17.0,UCLA,Maryland,Rose Bowl,regular,3.0,1.771617459306098,4.0,0.771617459306098,1.0
401760394,2025,8,-2.5,2.3649302731811748,55.254735182387506,53.5,False,19.0,31.0,Colorado State,Hawai'i,Canvas Stadium,regular,-12.0,14.364930273181175,2.5,-0.13506972681882523,14.5
401761630,2025,8,-6.5,2.259320238587559,53.64255462648227,58.5,False,41.0,24.0,Georgia Southern,Georgia State,Allen E. Paulson Stadium,regular,17.0,-14.74067976141244,6.5,-4.240679761412441,-10.5
401752738,2025,8,-8.5,2.8708144516308822,54.8903960730824,60.5,False,37.0,20.0,Alabama,Tennessee,Bryant-Denny Stadium,regular,17.0,-14.129185548369119,8.5,-5.629185548369118,-8.5
401752871,2025,8,-10.5,0.6499496908573374,54.32941572411548,60.5,False,34.0,24.0,Notre Dame,USC,Notre Dame Stadium,regular,10.0,-9.350050309142663,10.5,-9.850050309142663,0.5
401754568,2025,8,9.5,1.5148828587237468,52.2769034238571,54.5,False,13.0,30.0,Syracuse,Pittsburgh,JMA Wireless Dome,regular,-17.0,18.514882858723748,-9.5,11.014882858723746,7.5
401762490,2025,8,-20.5,4.439692030358677,54.5813042573615,72.5,False,48.0,13.0,South Florida,Florida Atlantic,Raymond James Stadium,regular,35.0,-30.560307969641322,20.5,-16.060307969641322,-14.5
401752740,2025,8,1.5,4.760274336060375,52.78244819438221,43.5,False,17.0,23.0,Auburn,Missouri,Jordan-Hare Stadium,regular,-6.0,10.760274336060375,-1.5,6.260274336060375,4.5
401756924,2025,8,4.0,5.465688563944477,54.7151441320419,49.5,False,24.0,21.0,BYU,Utah,LaVell Edwards Stadium,regular,3.0,2.465688563944477,-4.0,9.465688563944477,-7.0
401756926,2025,8,23.5,3.9995123647044646,52.648245361900315,57.5,False,17.0,49.0,Oklahoma State,Cincinnati,Boone Pickens Stadium,regular,-32.0,35.999512364704465,-23.5,27.499512364704465,8.5
401760395,2025,8,-14.0,4.24776050509175,54.45721884069192,49.5,False,24.0,22.0,New Mexico,Nevada,University Stadium (NM),regular,2.0,2.24776050509175,14.0,-9.752239494908249,12.0
401754567,2025,8,17.5,3.1479521168800035,52.09072553621995,55.5,False,20.0,13.0,Stanford,Florida State,Stanford Stadium,regular,7.0,-3.8520478831199965,-17.5,20.647952116880003,-24.5
401757285,2025,9,3.0,-0.3188954219623019,53.19980044807225,48.5,False,26.0,45.0,Florida International,Kennesaw State,Pitbull Stadium,regular,-19.0,18.681104578037697,-3.0,2.681104578037698,16.0
401757286,2025,9,-5.0,2.6368744772120416,52.87168013271238,49.5,False,27.0,28.0,Louisiana Tech,Western Kentucky,Joe Aillet Stadium,regular,-1.0,3.6368744772120416,5.0,-2.3631255227879584,6.0
401757287,2025,9,-8.5,0.8087327437351766,54.32748703107285,55.5,False,31.0,28.0,Delaware,Middle Tennessee,Delaware Stadium,regular,3.0,-2.1912672562648234,8.5,-7.691267256264823,5.5
401757288,2025,9,2.5,2.996229229995377,53.020752182514464,51.5,False,17.0,24.0,New Mexico State,Missouri State,Aggie Memorial Stadium,regular,-7.0,9.996229229995377,-2.5,5.496229229995377,4.5
401761634,2025,9,6.0,5.667318861843253,54.0746186918143,54.0,False,31.0,38.0,Georgia State,South Alabama,Center Parc Stadium,regular,-7.0,12.667318861843253,-6.0,11.667318861843253,1.0
401762492,2025,9,25.5,5.925658592168071,52.74267123439798,60.5,False,20.0,54.0,Charlotte,North Texas,Jerry Richardson Stadium,regular,-34.0,39.92565859216807,-25.5,31.42565859216807,8.5
401754372,2025,9,-6.0,2.66319014861244,53.45092711572913,50.5,False,42.0,34.0,Virginia Tech,California,Lane Stadium,regular,8.0,-5.33680985138756,6.0,-3.33680985138756,-2.0
401760397,2025,9,21.0,7.972356015249855,55.13251103433812,50.5,False,3.0,24.0,Nevada,Boise State,Mackay Stadium,regular,-21.0,28.972356015249854,-21.0,28.972356015249854,0.0
401752750,2025,9,-5.5,-2.596943775653844,52.92214556500676,52.5,False,26.0,34.0,Oklahoma,Ole Miss,"Memorial Stadium (Norman, OK)",regular,-8.0,5.403056224346156,5.5,-8.096943775653845,13.5
401752883,2025,9,-7.0,1.7074798463729286,53.31833780548985,44.5,False,28.0,21.0,Nebraska,Northwestern,"Memorial Stadium (Lincoln, NE)",regular,7.0,-5.292520153627072,7.0,-5.292520153627072,0.0
401752884,2025,9,-2.5,0.5774116789453609,51.142295013918826,60.5,False,24.0,27.0,Purdue,Rutgers,Ross-Ade Stadium,regular,-3.0,3.577411678945361,2.5,-1.922588321054639,5.5
401752885,2025,9,-27.5,5.072331444978657,55.57240824459408,53.5,False,56.0,6.0,Indiana,UCLA,"Memorial Stadium (Bloomington, IN)",regular,50.0,-44.92766855502134,27.5,-22.42766855502134,-22.5
401752942,2025,9,5.5,-1.5049123064416987,52.56631382715991,52.5,False,13.0,12.0,Wake Forest,SMU,Allegacy Federal Credit Union Stadium,regular,1.0,-2.5049123064416987,-5.5,3.9950876935583013,-6.5
401754571,2025,9,-17.5,7.341774998029417,54.08641838743271,52.5,False,41.0,16.0,Georgia Tech,Syracuse,Bobby Dodd Stadium,regular,25.0,-17.65822500197058,17.5,-10.158225001970582,-7.5
401754573,2025,9,11.5,-0.9001584772866194,52.5524652356176,50.5,False,16.0,17.0,North Carolina,Virginia,Kenan Stadium,regular,-1.0,0.09984152271338065,-11.5,10.59984152271338,-10.5
401756932,2025,9,-3.5,-0.7205085584752267,54.46946069607913,55.5,False,17.0,42.0,Kansas,Kansas State,Memorial Stadium,regular,-25.0,24.279491441524772,3.5,-4.220508558475227,28.5
401761635,2025,9,-13.5,2.7796785357932894,53.57101168533664,62.5,False,24.0,21.0,Old Dominion,App State,S.B. Ballard Stadium,regular,3.0,-0.22032146420671062,13.5,-10.72032146420671,10.5
401762494,2025,9,3.5,2.2817950991028755,53.66374975677669,58.5,False,34.0,31.0,Memphis,South Florida,Simmons Bank Liberty Stadium,regular,3.0,-0.7182049008971245,-3.5,5.781795099102876,-6.5
401762846,2025,9,7.5,3.685670332799104,53.4696226413645,47.5,False,24.0,21.0,Kent State,Bowling Green,Dix Stadium,regular,3.0,0.6856703327991038,-7.5,11.185670332799104,-10.5
401762848,2025,9,12.0,5.425014627308368,56.3812185104855,60.5,False,21.0,28.0,Eastern Michigan,Ohio,Rynearson Stadium,regular,-7.0,12.425014627308368,-12.0,17.425014627308368,-5.0
401752746,2025,9,-2.5,-2.141748925856952,52.80758742231563,56.0,False,24.0,33.0,Arkansas,Auburn,Razorback Stadium,regular,-9.0,6.858251074143048,2.5,-4.641748925856952,11.5
401762844,2025,9,-10.0,1.7937771059862235,55.600237034361655,48.5,False,16.0,24.0,Buffalo,Akron,UB Stadium,regular,-8.0,9.793777105986223,10.0,-8.206222894013777,18.0
401757172,2025,9,10.0,-0.2048713755716056,51.63309476797124,48.5,False,37.0,34.0,Rice,UConn,Rice Stadium,regular,3.0,-3.2048713755716056,-10.0,9.795128624428395,-13.0
401760400,2025,9,-3.0,5.684137946327134,53.04242317666661,61.0,False,33.0,14.0,New Mexico,Utah State,University Stadium (NM),regular,19.0,-13.315862053672866,3.0,2.6841379463271338,-16.0
401752751,2025,9,11.5,0.5982504295211011,53.88280591270919,47.5,False,22.0,29.0,South Carolina,Alabama,Williams-Brice Stadium,regular,-7.0,7.5982504295211015,-11.5,12.098250429521102,-4.5
401752752,2025,9,-3.0,2.3572950735217124,55.19780706395559,52.5,False,17.0,10.0,Vanderbilt,Missouri,FirstBank Stadium,regular,7.0,-4.642704926478288,3.0,-0.6427049264782876,-4.0
401752880,2025,9,-3.5,2.3281264488444178,53.432790421162935,54.5,False,42.0,25.0,Washington,Illinois,Husky Stadium,regular,17.0,-14.671873551155581,3.5,-1.1718735511555822,-13.5
401752882,2025,9,-7.5,1.754337084496456,53.483016191941886,39.5,False,41.0,3.0,Iowa,Minnesota,Kinnick Stadium,regular,38.0,-36.245662915503544,7.5,-5.745662915503544,-30.5
401752952,2025,9,1.5,3.381170124892166,54.20388873145129,44.5,False,28.0,7.0,Washington State,Toledo,Gesa Field,regular,21.0,-17.618829875107835,-1.5,4.881170124892166,-22.5
401754574,2025,9,-5.0,2.7213654363621793,53.66740642774221,52.5,False,53.0,34.0,Pittsburgh,NC State,Acrisure Stadium,regular,19.0,-16.27863456363782,5.0,-2.2786345636378207,-14.0
401756931,2025,9,-2.5,4.160748249505602,54.38966982454125,49.0,False,27.0,41.0,Iowa State,BYU,Jack Trice Stadium,regular,-14.0,18.160748249505602,2.5,1.6607482495056018,16.5
401760399,2025,9,3.0,2.069395647747034,54.409236079210416,46.0,False,0.0,23.0,Fresno State,San Diego State,Valley Children's Stadium,regular,-23.0,25.069395647747033,-3.0,5.069395647747034,20.0
401761637,2025,9,-14.0,4.946757498564886,52.34650133631784,48.5,False,49.0,21.0,Southern Miss,UL Monroe,M. M. Roberts Stadium,regular,28.0,-23.053242501435115,14.0,-9.053242501435115,-14.0
401762493,2025,9,-14.5,1.895868217209986,53.83457500435883,63.5,False,42.0,32.0,Navy,Florida Atlantic,Navy-Marine Corps Memorial Stadium,regular,10.0,-8.104131782790013,14.5,-12.604131782790013,4.5
401762495,2025,9,4.5,2.674976885655401,53.75176922420528,52.5,False,37.0,38.0,Tulsa,Temple,Chapman Stadium,regular,-1.0,3.674976885655401,-4.5,7.174976885655401,-3.5
401762845,2025,9,-6.5,2.811665398254621,51.661691892228816,42.0,False,21.0,7.0,Northern Illinois,Ball State,Huskie Stadium,regular,14.0,-11.188334601745378,6.5,-3.688334601745379,-7.5
401762847,2025,9,-16.5,2.0059513013764247,51.700798664487465,46.5,False,38.0,13.0,Central Michigan,Massachusetts,Kelly/Shorts Stadium,regular,25.0,-22.994048698623576,16.5,-14.494048698623576,-8.5
401762874,2025,9,-2.5,4.18349601286497,57.40199478225234,40.5,False,26.0,17.0,Miami (OH),Western Michigan,Yager Stadium,regular,9.0,-4.81650398713503,2.5,1.6834960128649703,-6.5
401756930,2025,9,-3.5,3.9329841635662746,55.73362902945741,68.5,False,41.0,20.0,Cincinnati,Baylor,Nippert Stadium,regular,21.0,-17.067015836433725,3.5,0.43298416356627456,-17.5
401756933,2025,9,-37.5,-2.792513245163227,51.221491052716594,56.5,False,42.0,0.0,Texas Tech,Oklahoma State,Jones AT&T Stadium,regular,42.0,-44.79251324516323,37.5,-40.29251324516323,-4.5
401752749,2025,9,8.5,3.408664717518862,53.17664308458635,48.5,False,38.0,45.0,Mississippi State,Texas,Davis Wade Stadium,regular,-7.0,10.408664717518862,-8.5,11.908664717518862,-1.5
401756935,2025,9,16.5,-0.7383502922102325,52.6011433507822,55.5,False,17.0,23.0,West Virginia,TCU,Milan Puskar Stadium,regular,-6.0,5.2616497077897675,-16.5,15.761649707789768,-10.5
401752886,2025,9,-31.5,-2.3222250544760623,51.09740361851235,45.0,False,21.0,7.0,Oregon,Wisconsin,Autzen Stadium,regular,14.0,-16.322225054476064,31.5,-33.822225054476064,17.5
401754572,2025,9,-28.5,0.5108367625923234,53.91111268821259,45.5,False,42.0,7.0,Miami,Stanford,Hard Rock Stadium,regular,35.0,-34.48916323740767,28.5,-27.989163237407677,-6.5
401761636,2025,9,1.0,-0.4568268915687561,52.77810483386993,59.5,False,34.0,24.0,Arkansas State,Georgia Southern,Centennial Bank Stadium,regular,10.0,-10.456826891568756,-1.0,0.5431731084312439,-11.0
401761638,2025,9,-7.0,3.486163463807655,55.36863493997342,47.5,False,35.0,23.0,Troy,Louisiana,Veterans Memorial Stadium (AL),regular,12.0,-8.513836536192345,7.0,-3.513836536192345,-5.0
401752748,2025,9,1.5,2.7382217428283484,54.0387050493196,50.5,False,25.0,49.0,LSU,Texas A&M,Tiger Stadium (LA),regular,-24.0,26.738221742828348,-1.5,4.238221742828348,22.5
401752881,2025,9,13.5,0.5113768418398679,53.02798022649988,47.5,False,20.0,31.0,Michigan State,Michigan,Spartan Stadium,regular,-11.0,11.511376841839867,-13.5,14.011376841839867,-2.5
401754570,2025,9,-25.5,0.0442093178060654,51.82561781931045,54.5,False,38.0,24.0,Louisville,Boston College,L&N Federal Credit Union Stadium,regular,14.0,-13.955790682193935,25.5,-25.455790682193935,11.5
401760398,2025,9,-5.5,2.659414360848989,53.4032509038789,46.5,False,28.0,0.0,Wyoming,Colorado State,War Memorial Stadium,regular,28.0,-25.340585639151012,5.5,-2.840585639151011,-22.5
401752747,2025,9,7.5,0.9704593865821736,51.98766173955975,55.0,False,34.0,56.0,Kentucky,Tennessee,Kroger Field,regular,-22.0,22.970459386582174,-7.5,8.470459386582174,14.5
401756929,2025,9,-7.5,-2.5777434135796913,52.54855947277808,47.0,False,16.0,24.0,Arizona State,Houston,Mountain America Stadium,regular,-8.0,5.422256586420309,7.5,-10.077743413579691,15.5
401756934,2025,9,-14.0,-0.8139416662036396,53.946936753326696,50.0,False,53.0,7.0,Utah,Colorado,Rice-Eccles Stadium,regular,46.0,-46.81394166620364,14.0,-14.81394166620364,-32.0
401757289,2025,10,-12.5,3.70975977308228,54.55481153657563,53.0,False,33.0,20.0,Kennesaw State,UTEP,Fifth Third Stadium,regular,13.0,-9.290240226917721,12.5,-8.790240226917721,-0.5
401761639,2025,10,7.5,4.527106095020628,53.48829417723145,55.5,False,20.0,52.0,Texas State,James Madison,Bobcat Stadium (TX),regular,-32.0,36.52710609502063,-7.5,12.027106095020628,24.5
401757292,2025,10,4.5,0.2401500962134859,52.372186054497895,54.0,False,21.0,24.0,Middle Tennessee,Jacksonville State,"Johnny ""Red"" Floyd Stadium",regular,-3.0,3.240150096213486,-4.5,4.740150096213486,-1.5
401757291,2025,10,-3.0,3.0605840197744776,53.46442829788018,50.0,False,28.0,21.0,Missouri State,Florida International,Plaster Sports Complex,regular,7.0,-3.9394159802255224,3.0,0.06058401977447758,-4.0
401761640,2025,10,7.0,-0.5920247043032196,54.574493653477454,55.5,False,44.0,27.0,Coastal Carolina,Marshall,Brooks Stadium (SC),regular,17.0,-17.59202470430322,-7.0,6.40797529569678,-24.0
401762443,2025,10,6.0,-6.207912468068645,52.80265916832816,54.5,False,48.0,26.0,UTSA,Tulane,Alamodome,regular,22.0,-28.207912468068645,-6.0,-0.2079124680686446,-28.0
401762497,2025,10,14.0,0.9926041799053852,52.59628806763222,48.5,False,14.0,38.0,Rice,Memphis,Rice Stadium,regular,-24.0,24.992604179905385,-14.0,14.992604179905385,10.0
401754575,2025,10,-1.5,4.570927393063565,53.358692170472736,45.5,False,10.0,27.0,Syracuse,North Carolina,JMA Wireless Dome,regular,-17.0,21.570927393063563,1.5,3.070927393063565,18.5
401757290,2025,10,-16.5,0.1146445109203098,52.435286043048,48.0,False,55.0,14.0,Louisiana Tech,Sam Houston,Joe Aillet Stadium,regular,41.0,-40.88535548907969,16.5,-16.38535548907969,-24.5
401752758,2025,10,-3.5,5.391166168968384,52.29575070586,48.5,False,34.0,31.0,Texas,Vanderbilt,DKR-Texas Memorial Stadium,regular,3.0,2.3911661689683843,3.5,1.8911661689683843,0.5
401752889,2025,10,-17.5,8.591704462213666,57.91921140188188,45.5,False,38.0,14.0,Ohio State,Penn State,Ohio Stadium,regular,24.0,-15.408295537786334,17.5,-8.908295537786334,-6.5
401752891,2025,10,-13.0,10.386226137423185,55.65975528864774,63.5,False,35.0,13.0,Illinois,Rutgers,"Memorial Stadium (Champaign, IL)",regular,22.0,-11.613773862576815,13.0,-2.6137738625768154,-9.0
401754577,2025,10,-4.0,2.0358282489058652,55.73936659162102,55.0,False,45.0,46.0,Clemson,Duke,"Memorial Stadium (Clemson, SC)",regular,-1.0,3.0358282489058652,4.0,-1.9641717510941348,5.0
401754581,2025,10,8.5,2.4609401643706557,54.64306260001519,50.5,False,26.0,20.0,SMU,Miami,Gerald J. Ford Stadium,regular,6.0,-3.5390598356293443,-8.5,10.960940164370655,-14.5
401756936,2025,10,-3.0,8.228660456179838,54.32859088607268,58.5,False,30.0,3.0,Baylor,UCF,McLane Stadium,regular,27.0,-18.77133954382016,3.0,5.228660456179838,-24.0
401756938,2025,10,-13.0,3.882967249011524,54.98115051789805,48.5,False,35.0,45.0,Houston,West Virginia,TDECU Stadium,regular,-10.0,13.882967249011525,13.0,-9.117032750988475,23.0
401757173,2025,10,-10.5,3.255761163526832,52.76786326826574,61.5,False,38.0,19.0,UConn,UAB,Pratt & Whitney Stadium,regular,19.0,-15.744238836473167,10.5,-7.244238836473167,-8.5
401760401,2025,10,1.5,-0.448694169273435,54.73261269035183,48.5,False,17.0,20.0,Air Force,Army,Falcon Stadium,regular,-3.0,2.551305830726565,-1.5,1.051305830726565,1.5
401762499,2025,10,-6.5,4.646458629518934,52.638114338037774,68.5,False,31.0,17.0,North Texas,Navy,DATCU Stadium,regular,14.0,-9.353541370481066,6.5,-1.8535413704810662,-7.5
401762849,2025,10,-2.5,2.641891478581894,54.57268009293063,44.5,False,3.0,28.0,Bowling Green,Buffalo,Doyt L. Perry Stadium,regular,-25.0,27.641891478581893,2.5,0.14189147858189388,27.5
401756939,2025,10,-7.5,2.3347358287816364,52.647845997454446,48.5,False,19.0,24.0,Iowa State,Arizona State,Jack Trice Stadium,regular,-5.0,7.334735828781636,7.5,-5.165264171218364,12.5
401762498,2025,10,5.5,9.536220635630324,56.30104070188661,58.5,False,14.0,45.0,Temple,East Carolina,Lincoln Financial Field,regular,-31.0,40.53622063563032,-5.5,15.036220635630324,25.5
401754580,2025,10,10.5,5.900667078396842,52.087981015959265,52.5,False,16.0,28.0,Virginia Tech,Louisville,Lane Stadium,regular,-12.0,17.900667078396843,-10.5,16.400667078396843,1.5
401760404,2025,10,-3.5,-3.7829787379216686,53.7495030595171,61.5,False,35.0,40.0,UNLV,New Mexico,Allegiant Stadium,regular,-5.0,1.2170212620783314,3.5,-7.282978737921669,8.5
401752755,2025,10,7.0,0.55988167044588,51.91735998424766,50.5,True,20.0,24.0,Florida,Georgia,EverBank Stadium,regular,-4.0,4.55988167044588,-7.0,7.55988167044588,-3.0
401752887,2025,10,21.0,0.4561156529079326,55.1846170481858,50.5,False,10.0,55.0,Maryland,Indiana,SECU Stadium,regular,-45.0,45.45611565290793,-21.0,21.456115652907933,24.0
401752888,2025,10,-4.5,0.3278537229046789,51.99629099544166,44.5,False,23.0,20.0,Minnesota,Michigan State,Huntington Bank Stadium,regular,3.0,-2.672146277095321,4.5,-4.1721462770953215,1.5
401754582,2025,10,13.5,8.688261212711208,55.289828527639656,51.5,False,20.0,35.0,Stanford,Pittsburgh,Stanford Stadium,regular,-15.0,23.688261212711208,-13.5,22.188261212711208,1.5
401754583,2025,10,31.0,0.7898671461061988,55.001619830167506,55.5,False,10.0,25.0,Boston College,Notre Dame,"Alumni Stadium (Chestnut Hill, MA)",regular,-15.0,15.789867146106198,-31.0,31.7898671461062,-16.0
401756941,2025,10,7.5,8.755306998263851,55.091383505583984,51.5,False,20.0,43.0,Kansas State,Texas Tech,Bill Snyder Family Stadium,regular,-23.0,31.75530699826385,-7.5,16.25530699826385,15.5
401757293,2025,10,-3.5,4.27831190824093,53.909724273368525,52.5,False,59.0,30.0,Liberty,Delaware,Williams Stadium (VA),regular,29.0,-24.72168809175907,3.5,0.77831190824093,-25.5
401757294,2025,10,-7.5,5.641595178035366,56.21954348258889,53.5,False,35.0,16.0,Western Kentucky,New Mexico State,Houchens Industries-L.T. Smith Stadium,regular,19.0,-13.358404821964633,7.5,-1.8584048219646343,-11.5
401760402,2025,10,-17.5,4.150453228860628,57.030936131229666,47.5,False,7.0,30.0,Boise State,Fresno State,Albertsons Stadium,regular,-23.0,27.150453228860627,17.5,-13.349546771139373,40.5
401761641,2025,10,16.5,3.701642253434951,54.380146461072734,55.5,False,6.0,31.0,UL Monroe,Old Dominion,Malone Stadium,regular,-25.0,28.70164225343495,-16.5,20.20164225343495,8.5
401761642,2025,10,-3.5,2.5645441130206192,54.33675895613744,52.5,False,22.0,31.0,South Alabama,Louisiana,Hancock Whitney Stadium,regular,-9.0,11.56454411302062,3.5,-0.9354558869793808,12.5
401754576,2025,10,6.5,5.988785902038382,57.30642578439283,52.5,False,21.0,31.0,California,Virginia,California Memorial Stadium,regular,-10.0,15.988785902038382,-6.5,12.488785902038382,3.5
401752753,2025,10,-5.5,5.063680946566318,53.31464633788655,66.5,False,35.0,38.0,Arkansas,Mississippi State,Razorback Stadium,regular,-3.0,8.063680946566318,5.5,-0.4363190534336816,8.5
401756940,2025,10,-24.5,1.2517925912184995,52.35460853704837,54.5,False,38.0,21.0,Kansas,Oklahoma State,Memorial Stadium,regular,17.0,-15.7482074087815,24.5,-23.2482074087815,7.5
401762850,2025,10,-5.5,2.8506593025087135,54.84484149707047,43.5,False,24.0,21.0,Western Michigan,Central Michigan,Waldo Stadium,regular,3.0,-0.14934069749128653,5.5,-2.6493406974912865,2.5
401752756,2025,10,-13.0,4.4932436102292455,55.74801371142553,55.5,False,30.0,14.0,Ole Miss,South Carolina,Vaught-Hemingway Stadium,regular,16.0,-11.506756389770754,13.0,-8.506756389770754,-3.0
401752890,2025,10,-21.0,4.791377138002357,53.01826254634977,48.5,False,21.0,16.0,Michigan,Purdue,Michigan Stadium,regular,5.0,-0.20862286199764313,21.0,-16.208622861997643,16.0
401756937,2025,10,3.5,3.4161093451427047,53.552907257991464,52.5,False,17.0,52.0,Colorado,Arizona,Folsom Field,regular,-35.0,38.41610934514271,-3.5,6.916109345142704,31.5
401760405,2025,10,-10.0,3.861807793764301,53.042869045430265,42.0,False,24.0,7.0,San Diego State,Wyoming,Snapdragon Stadium,regular,17.0,-13.138192206235699,10.0,-6.138192206235699,-7.0
401752754,2025,10,-11.5,-0.1167384843489505,51.53846045627686,44.5,False,3.0,10.0,Auburn,Kentucky,Jordan-Hare Stadium,regular,-7.0,6.88326151565105,11.5,-11.61673848434895,18.5
401752757,2025,10,-3.0,12.431024611970209,54.36253728967747,55.5,False,27.0,33.0,Tennessee,Oklahoma,Neyland Stadium,regular,-6.0,18.43102461197021,3.0,9.431024611970209,9.0
401752892,2025,10,4.5,3.0109553028085196,53.34937796797322,59.5,False,17.0,21.0,Nebraska,USC,"Memorial Stadium (Lincoln, NE)",regular,-4.0,7.01095530280852,-4.5,7.51095530280852,-0.5
401752943,2025,10,3.5,-1.8726230495442089,54.83945805974013,47.5,False,10.0,7.0,Oregon State,Washington State,Reser Stadium,regular,3.0,-4.872623049544209,-3.5,1.6273769504557911,-6.5
401754578,2025,10,-12.5,6.283522790995344,54.549917159798454,50.5,False,42.0,7.0,Florida State,Wake Forest,Doak Campbell Stadium,regular,35.0,-28.716477209004655,12.5,-6.216477209004656,-22.5
401754579,2025,10,4.5,-1.0188474261418872,52.476218126686526,58.5,False,48.0,36.0,NC State,Georgia Tech,Carter-Finley Stadium,regular,12.0,-13.018847426141887,-4.5,3.481152573858113,-16.5
401761643,2025,10,-7.5,4.843660816943171,54.74239524051424,52.5,False,10.0,23.0,Troy,Arkansas State,Veterans Memorial Stadium (AL),regular,-13.0,17.84366081694317,7.5,-2.6563391830568293,20.5
401756942,2025,10,-11.0,-1.0721477214849964,53.715727967212786,57.5,False,45.0,14.0,Utah,Cincinnati,Rice-Eccles Stadium,regular,31.0,-32.072147721484995,11.0,-12.072147721484995,-20.0
401760403,2025,10,-2.5,3.0118565625788403,54.43537550724338,55.5,False,45.0,38.0,San José State,Hawai'i,CEFCU Stadium,regular,7.0,-3.9881434374211597,2.5,0.5118565625788403,-4.5
401762851,2025,11,-12.5,3.1967209461591306,54.09994515586055,51.5,False,44.0,10.0,Akron,Massachusetts,InfoCision Stadium,regular,34.0,-30.803279053840868,12.5,-9.30327905384087,-21.5
401762852,2025,11,-2.5,5.564315182006553,54.420052034803675,50.5,False,24.0,20.0,Ohio,Miami (OH),Peden Stadium,regular,4.0,1.5643151820065526,2.5,3.0643151820065526,-1.5
401762853,2025,11,-3.0,2.027573896689365,52.26130042139082,48.5,False,17.0,13.0,Ball State,Kent State,Scheumann Stadium,regular,4.0,-1.9724261033106352,3.0,-0.9724261033106352,-1.0
401762854,2025,11,-15.5,3.6310793498117366,53.32095248464417,42.0,False,42.0,3.0,Toledo,Northern Illinois,Glass Bowl,regular,39.0,-35.368920650188265,15.5,-11.868920650188263,-23.5
401761644,2025,11,-4.5,2.4535596549461594,53.38969161667551,61.5,False,23.0,25.0,App State,Georgia Southern,Kidd Brewer Stadium,regular,-2.0,4.45355965494616,4.5,-2.0464403450538406,6.5
401762500,2025,11,-14.0,0.94112013223726,53.036698381194334,66.5,False,55.0,23.0,South Florida,UTSA,Raymond James Stadium,regular,32.0,-31.05887986776274,14.0,-13.058879867762741,-18.0
401756946,2025,11,-1.5,-1.8491253206422105,52.37115263419587,47.5,False,27.0,30.0,UCF,Houston,FBC Mortgage Stadium,regular,-3.0,1.1508746793577895,1.5,-3.3491253206422105,4.5
401752896,2025,11,-14.5,3.825892057128859,54.5511833835686,54.5,False,38.0,17.0,USC,Northwestern,Los Angeles Memorial Coliseum,regular,21.0,-17.174107942871142,14.5,-10.67410794287114,-6.5
401762501,2025,11,-3.0,4.16234882080742,56.10114739099274,53.5,False,32.0,38.0,Memphis,Tulane,Simmons Bank Liberty Stadium,regular,-6.0,10.16234882080742,3.0,1.16234882080742,9.0
401752762,2025,11,9.5,3.8027338985414976,54.00409184878139,56.5,False,21.0,41.0,Mississippi State,Georgia,Davis Wade Stadium,regular,-20.0,23.802733898541497,-9.5,13.302733898541497,10.5
401752893,2025,11,14.0,-0.578463050352203,56.88499399861961,50.5,False,24.0,27.0,Penn State,Indiana,Beaver Stadium,regular,-3.0,2.421536949647797,-14.0,13.421536949647797,-11.0
401754584,2025,11,10.5,-0.562202819526143,54.84964761728632,54.5,False,13.0,45.0,Boston College,SMU,"Alumni Stadium (Chestnut Hill, MA)",regular,-32.0,31.437797180473858,-10.5,9.937797180473858,21.5
401756945,2025,11,-13.5,5.579504337494901,56.853871228923786,50.25,False,29.0,7.0,Texas Tech,BYU,Jones AT&T Stadium,regular,22.0,-16.420495662505097,13.5,-7.920495662505099,-8.5
401756947,2025,11,-6.5,5.4902527034384585,55.21092010359726,51.5,False,29.0,22.0,West Virginia,Colorado,Milan Puskar Stadium,regular,7.0,-1.5097472965615415,6.5,-1.0097472965615415,-0.5
401761646,2025,11,13.5,-0.5169918403370279,53.35886068493447,53.5,False,23.0,35.0,Marshall,James Madison,Joan C. Edwards Stadium,regular,-12.0,11.483008159662973,-13.5,12.983008159662973,-1.5
401761647,2025,11,6.5,5.841253959427142,54.394844195815224,54.5,False,21.0,27.0,Arkansas State,Southern Miss,Centennial Bank Stadium,regular,-6.0,11.841253959427142,-6.5,12.341253959427142,-0.5
401762503,2025,11,-7.0,-0.3463891932341583,54.13379301012214,45.5,False,14.0,13.0,Army,Temple,Michie Stadium,regular,1.0,-1.3463891932341583,7.0,-7.346389193234158,6.0
401752897,2025,11,29.5,3.415588848157313,54.47128002846324,49.5,False,10.0,34.0,Purdue,Ohio State,Ross-Ade Stadium,regular,-24.0,27.415588848157313,-29.5,32.91558884815731,-5.5
401757299,2025,11,-7.5,4.272080103345415,53.721526448886685,51.5,False,17.0,21.0,Liberty,Missouri State,Williams Stadium (VA),regular,-4.0,8.272080103345415,7.5,-3.2279198966545852,11.5
401762855,2025,11,-3.0,6.78256337376704,55.6909592611295,49.5,False,27.0,21.0,Eastern Michigan,Bowling Green,Rynearson Stadium,regular,6.0,0.7825633737670401,3.0,3.78256337376704,-3.0
401762502,2025,11,-1.0,5.4994004966758805,49.95104191786691,51.5,False,24.0,17.0,Rice,UAB,Rice Stadium,regular,7.0,-1.5005995033241195,1.0,4.4994004966758805,-6.0
401752894,2025,11,-1.5,2.826888826441333,54.504105205349134,56.5,False,35.0,20.0,Rutgers,Maryland,SHI Stadium,regular,15.0,-12.173111173558667,1.5,1.326888826441333,-13.5
401757295,2025,11,5.5,5.59352621264449,57.79848049087242,56.5,False,25.0,24.0,Delaware,Louisiana Tech,Delaware Stadium,regular,1.0,4.59352621264449,-5.5,11.093526212644491,-6.5
401757296,2025,11,-1.5,3.722272853389087,55.247912031949454,50.5,False,30.0,56.0,Middle Tennessee,Florida International,"Johnny ""Red"" Floyd Stadium",regular,-26.0,29.722272853389086,1.5,2.222272853389087,27.5
401757297,2025,11,1.5,0.9170289665575736,52.10670614630965,46.5,False,27.0,30.0,UTEP,Jacksonville State,Sun Bowl,regular,-3.0,3.9170289665575737,-1.5,2.4170289665575737,1.5
401762504,2025,11,-28.0,1.805158650890658,55.06187202875968,56.5,False,48.0,22.0,East Carolina,Charlotte,Dowdy-Ficklen Stadium,regular,26.0,-24.194841349109343,28.0,-26.194841349109343,2.0
401762505,2025,11,-4.5,-1.2231211283468042,53.82593593731506,60.5,False,40.0,21.0,Florida Atlantic,Tulsa,FAU Stadium,regular,19.0,-20.223121128346804,4.5,-5.723121128346804,-14.5
401752763,2025,11,7.0,1.1271657130878356,55.061503688096266,48.5,False,17.0,38.0,Missouri,Texas A&M,Memorial Stadium,regular,-21.0,22.127165713087834,-7.0,8.127165713087836,14.0
401752898,2025,11,4.5,4.694852582489597,53.93516170943766,41.5,False,16.0,18.0,Iowa,Oregon,Kinnick Stadium,regular,-2.0,6.694852582489597,-4.5,9.194852582489597,-2.5
401754587,2025,11,-28.5,5.673473828943209,54.56404142757177,46.5,False,38.0,10.0,Miami,Syracuse,Hard Rock Stadium,regular,28.0,-22.32652617105679,28.5,-22.82652617105679,0.5
401754590,2025,11,7.5,1.799793151132382,54.51849293945114,63.0,False,37.0,34.0,UConn,Duke,Pratt & Whitney Stadium,regular,3.0,-1.200206848867618,-7.5,9.299793151132382,-10.5
401756943,2025,11,-5.5,-1.2461360717701075,52.99248789703349,56.5,False,24.0,20.0,Arizona,Kansas,Arizona Stadium,regular,4.0,-5.246136071770108,5.5,-6.746136071770108,1.5
401756944,2025,11,-7.5,5.536915482772871,53.68504463585913,58.5,False,17.0,20.0,TCU,Iowa State,Amon G. Carter Stadium,regular,-3.0,8.536915482772871,7.5,-1.963084517227129,10.5
401752764,2025,11,-6.0,1.771175635975962,55.38350846051183,46.5,False,45.0,38.0,Vanderbilt,Auburn,FirstBank Stadium,regular,7.0,-5.228824364024038,6.0,-4.228824364024038,-1.0
401757298,2025,11,11.5,2.735251486756922,53.28103157545343,52.5,False,21.0,24.0,New Mexico State,Kennesaw State,Aggie Memorial Stadium,regular,-3.0,5.735251486756923,-11.5,14.235251486756923,-8.5
401761645,2025,11,-7.0,-2.0660850779756954,53.44710076236388,56.5,False,40.0,27.0,Coastal Carolina,Georgia State,Brooks Stadium (SC),regular,13.0,-15.066085077975696,7.0,-9.066085077975696,-6.0
401752899,2025,11,10.5,-4.25505112278545,51.14244366367061,44.5,False,13.0,10.0,Wisconsin,Washington,Camp Randall Stadium,regular,3.0,-7.25505112278545,-10.5,6.24494887721455,-13.5
401754588,2025,11,-8.5,-1.2698023953195203,53.83030968216584,41.5,False,20.0,15.0,North Carolina,Stanford,Kenan Stadium,regular,5.0,-6.2698023953195205,8.5,-9.76980239531952,3.5
401761648,2025,11,3.5,4.410874764748111,52.73596272811868,63.5,False,42.0,39.0,Louisiana,Texas State,Cajun Field,regular,3.0,1.4108747647481108,-3.5,7.910874764748111,-6.5
401760406,2025,11,-6.0,4.327487106927764,53.680891124739595,67.5,False,16.0,26.0,San José State,Air Force,CEFCU Stadium,regular,-10.0,14.327487106927764,6.0,-1.672512893072236,16.0
401754585,2025,11,-18.5,-3.998012172484714,52.25245392997145,49.0,False,26.0,29.0,Louisville,California,L&N Federal Credit Union Stadium,regular,-3.0,-0.9980121724847142,18.5,-22.498012172484714,21.5
401754586,2025,11,-1.5,5.549585334385389,56.30685313577186,56.5,False,24.0,10.0,Clemson,Florida State,"Memorial Stadium (Clemson, SC)",regular,14.0,-8.45041466561461,1.5,4.049585334385389,-12.5
401754589,2025,11,-7.0,5.442892820142038,53.92724371943916,48.5,False,9.0,16.0,Virginia,Wake Forest,Scott Stadium,regular,-7.0,12.442892820142038,7.0,-1.5571071798579617,14.0
401752759,2025,11,-10.0,6.743680040004265,55.17053435494913,49.5,False,20.0,9.0,Alabama,LSU,Bryant-Denny Stadium,regular,11.0,-4.256319959995735,10.0,-3.256319959995735,-1.0
401752760,2025,11,4.5,4.560342793644333,52.132050652261405,44.5,False,38.0,7.0,Kentucky,Florida,Kroger Field,regular,31.0,-26.43965720635567,-4.5,9.060342793644333,-35.5
401757166,2025,11,-30.5,2.154879997863916,51.70938814084025,54.5,False,49.0,10.0,Notre Dame,Navy,Notre Dame Stadium,regular,39.0,-36.845120002136085,30.5,-28.345120002136085,-8.5
401760409,2025,11,-10.0,-0.2756600258546258,51.044763413680045,52.5,False,51.0,14.0,Utah State,Nevada,Maverik Stadium,regular,37.0,-37.27566002585463,10.0,-10.275660025854625,-27.0
401752895,2025,11,-2.0,1.5244253256271727,54.22810823280445,45.5,False,21.0,28.0,UCLA,Nebraska,Rose Bowl,regular,-7.0,8.524425325627172,2.0,-0.4755746743728273,9.0
401760407,2025,11,5.5,1.911048809853371,52.71067117655425,61.0,False,10.0,42.0,Colorado State,UNLV,Canvas Stadium,regular,-32.0,33.91104880985337,-5.5,7.411048809853371,26.5
401752944,2025,11,-21.0,1.0174928969463004,53.05103755629458,52.5,False,17.0,21.0,Oregon State,Sam Houston,Reser Stadium,regular,-4.0,5.0174928969463,21.0,-19.9825071030537,25.0
401760408,2025,11,6.5,9.045888165934674,59.43055056298401,48.0,False,38.0,6.0,Hawai'i,San Diego State,Clarence T.C. Ching Athletics Complex,regular,32.0,-22.954111834065326,-6.5,15.545888165934674,-38.5
401762856,2025,12,-7.5,5.660018689792006,54.77796401695158,49.5,False,35.0,42.0,Akron,Kent State,InfoCision Stadium,regular,-7.0,12.660018689792006,7.5,-1.8399813102079943,14.5
401762857,2025,12,-1.5,2.899255817670738,54.41652564298161,47.0,False,17.0,13.0,Western Michigan,Ohio,Waldo Stadium,regular,4.0,-1.100744182329262,1.5,1.399255817670738,-2.5
401762858,2025,12,-2.5,8.510994741375306,56.14169390832658,44.5,False,38.0,19.0,Central Michigan,Buffalo,Kelly/Shorts Stadium,regular,19.0,-10.489005258624694,2.5,6.010994741375306,-16.5
401762859,2025,12,9.5,0.8840832469553177,50.50162623452982,43.5,False,3.0,45.0,Massachusetts,Northern Illinois,Warren McGuirk Alumni Stadium,regular,-42.0,42.88408324695532,-9.5,10.384083246955317,32.5
401762860,2025,12,5.5,1.9501591632082889,56.01269969217313,44.5,False,3.0,24.0,Miami (OH),Toledo,Yager Stadium,regular,-21.0,22.95015916320829,-5.5,7.450159163208289,15.5
401761649,2025,12,-9.5,2.8879667742903052,54.630766061611624,53.5,False,33.0,0.0,Old Dominion,Troy,S.B. Ballard Stadium,regular,33.0,-30.112033225709695,9.5,-6.612033225709695,-23.5
401754591,2025,12,-1.5,0.4710374669762109,53.61804132379179,50.5,False,19.0,20.0,Louisville,Clemson,L&N Federal Credit Union Stadium,regular,-1.0,1.471037466976211,1.5,-1.028962533023789,2.5
401752904,2025,12,-26.5,-0.0176090726219948,53.34494121582957,46.0,False,42.0,13.0,Oregon,Minnesota,Autzen Stadium,regular,29.0,-29.017609072621994,26.5,-26.517609072621994,-2.5
401752772,2025,12,-16.5,2.1364309050811183,55.432705865260274,49.5,False,31.0,30.0,Texas A&M,South Carolina,Kyle Field,regular,1.0,1.1364309050811183,16.5,-14.363569094918882,15.5
401752901,2025,12,-28.0,7.746070564917171,55.39007075938563,43.5,False,31.0,7.0,Indiana,Wisconsin,"Memorial Stadium (Bloomington, IN)",regular,24.0,-16.253929435082828,28.0,-20.253929435082828,4.0
401752905,2025,12,10.0,-1.2638330772542092,53.58833525031409,42.0,True,22.0,24.0,Northwestern,Michigan,Wrigley Field,regular,-2.0,0.7361669227457908,-10.0,8.736166922745792,-8.0
401754597,2025,12,12.5,1.3363592771494135,52.64401892598486,55.0,False,15.0,37.0,Pittsburgh,Notre Dame,Acrisure Stadium,regular,-22.0,23.336359277149413,-12.5,13.836359277149413,9.5
401756951,2025,12,-6.0,1.4316264329918444,51.80983813024927,56.5,False,24.0,30.0,Cincinnati,Arizona,Nippert Stadium,regular,-6.0,7.431626432991845,6.0,-4.568373567008155,12.0
401756952,2025,12,19.5,3.373632476184475,53.86000704042882,50.5,False,6.0,14.0,Oklahoma State,Kansas State,Boone Pickens Stadium,regular,-8.0,11.373632476184476,-19.5,22.873632476184476,-11.5
401757174,2025,12,-7.5,5.2298174322071445,55.18186741322393,64.5,False,26.0,16.0,UConn,Air Force,Pratt & Whitney Stadium,regular,10.0,-4.7701825677928555,7.5,-2.2701825677928555,-2.5
401762507,2025,12,17.0,3.828153632610695,51.357147975002114,57.5,False,7.0,28.0,Charlotte,UTSA,Jerry Richardson Stadium,regular,-21.0,24.828153632610693,-17.0,20.828153632610693,4.0
401762510,2025,12,8.5,1.5462448514441005,54.48517150538676,62.5,False,41.0,38.0,Navy,South Florida,Navy-Marine Corps Memorial Stadium,regular,3.0,-1.4537551485558995,-8.5,10.0462448514441,-11.5
401762861,2025,12,2.5,0.7572109618126723,53.660594628978885,48.5,False,9.0,24.0,Ball State,Eastern Michigan,Scheumann Stadium,regular,-15.0,15.757210961812673,-2.5,3.2572109618126723,12.5
401752768,2025,12,-4.0,0.5686163328193579,53.0287550619371,58.5,False,23.0,22.0,LSU,Arkansas,Tiger Stadium (LA),regular,1.0,-0.43138366718064214,4.0,-3.431383667180642,3.0
401752945,2025,12,-1.5,5.1633110779732405,54.400324844634795,50.5,False,31.0,14.0,Tulsa,Oregon State,Chapman Stadium,regular,17.0,-11.83668892202676,1.5,3.6633110779732405,-15.5
401756948,2025,12,-10.0,-3.356289023155421,53.59275013886656,46.5,False,25.0,23.0,Arizona State,West Virginia,Mountain America Stadium,regular,2.0,-5.356289023155421,10.0,-13.356289023155421,8.0
401761651,2025,12,9.5,2.573365594957793,54.93889260512669,59.5,False,18.0,30.0,Georgia State,Marshall,Center Parc Stadium,regular,-12.0,14.573365594957792,-9.5,12.073365594957792,2.5
401762506,2025,12,17.5,-1.0106082274010446,54.28018240511857,69.0,False,24.0,53.0,UAB,North Texas,Protective Stadium,regular,-29.0,27.989391772598957,-17.5,16.489391772598957,11.5
401757304,2025,12,-6.5,4.0747764305617125,54.72913449746158,48.5,False,38.0,24.0,Missouri State,UTEP,Plaster Sports Complex,regular,14.0,-9.925223569438288,6.5,-2.4252235694382875,-7.5
401760411,2025,12,-15.5,5.736416408911667,54.37728166898713,53.5,False,20.0,17.0,New Mexico,Colorado State,University Stadium (NM),regular,3.0,2.7364164089116674,15.5,-9.763583591088333,12.5
401752765,2025,12,-6.5,5.536103272952251,56.45990630552426,45.5,False,21.0,23.0,Alabama,Oklahoma,Bryant-Denny Stadium,regular,-2.0,7.536103272952251,6.5,-0.9638967270477492,8.5
401752903,2025,12,7.0,1.8702289344051215,53.49758449990224,49.0,False,10.0,28.0,Michigan State,Penn State,Spartan Stadium,regular,-18.0,19.870228934405123,-7.0,8.870228934405121,11.0
401752906,2025,12,-16.5,7.841930794201345,53.81126030159283,51.5,False,24.0,6.0,Illinois,Maryland,"Memorial Stadium (Champaign, IL)",regular,18.0,-10.158069205798654,16.5,-8.658069205798654,-1.5
401752907,2025,12,-6.5,6.979179365072173,56.49620959215039,48.5,False,26.0,21.0,USC,Iowa,Los Angeles Memorial Coliseum,regular,5.0,1.9791793650721727,6.5,0.47917936507217274,1.5
401754592,2025,12,16.5,-1.3992104599534096,54.53651997324835,61.5,False,34.0,36.0,Boston College,Georgia Tech,"Alumni Stadium (Chestnut Hill, MA)",regular,-2.0,0.6007895400465904,-16.5,15.100789540046591,-14.5
401754593,2025,12,-5.5,5.3849725501187535,57.022367091771834,60.0,False,17.0,34.0,Duke,Virginia,Wallace Wade Stadium,regular,-17.0,22.384972550118754,5.5,-0.11502744988124647,22.5
401754595,2025,12,-16.5,0.1819714730781023,52.00375891396034,54.5,False,41.0,7.0,Miami,NC State,Hard Rock Stadium,regular,34.0,-33.8180285269219,16.5,-16.318028526921896,-17.5
401756953,2025,12,-24.5,1.3263110419707909,54.98034942751173,48.5,False,48.0,9.0,Texas Tech,UCF,Jones AT&T Stadium,regular,39.0,-37.67368895802921,24.5,-23.17368895802921,-14.5
401757303,2025,12,-13.5,0.4791979304065599,53.85510476255716,51.5,False,42.0,26.0,Western Kentucky,Middle Tennessee,Houchens Industries-L.T. Smith Stadium,regular,16.0,-15.52080206959344,13.5,-13.02080206959344,-2.5
401760413,2025,12,9.5,0.3935232694506201,49.42680426119129,49.5,False,55.0,10.0,Nevada,San José State,Mackay Stadium,regular,45.0,-44.60647673054938,-9.5,9.89352326945062,-54.5
401761652,2025,12,-21.0,3.05976763335798,54.76214113085588,53.5,False,58.0,10.0,James Madison,App State,Bridgeforth Stadium,regular,48.0,-44.94023236664202,21.0,-17.94023236664202,-27.0
401761653,2025,12,4.0,3.552088798776893,51.7264402228443,49.5,False,14.0,26.0,UL Monroe,South Alabama,Malone Stadium,regular,-12.0,15.552088798776893,-4.0,7.552088798776893,8.0
401761654,2025,12,-3.0,4.214025048215167,51.251993405116785,65.5,False,14.0,41.0,Southern Miss,Texas State,M. M. Roberts Stadium,regular,-27.0,31.214025048215166,3.0,1.2140250482151673,30.0
401762508,2025,12,-3.0,-1.6238879836669158,54.389728032162594,57.0,False,31.0,27.0,East Carolina,Memphis,Dowdy-Ficklen Stadium,regular,4.0,-5.623887983666916,3.0,-4.623887983666916,-1.0
401762509,2025,12,-16.5,9.148953412393162,57.125291453573105,60.5,False,35.0,24.0,Tulane,Florida Atlantic,Yulman Stadium,regular,11.0,-1.851046587606838,16.5,-7.351046587606838,5.5
401752771,2025,12,-41.5,8.513792322807703,54.283875118317155,60.0,False,42.0,9.0,Tennessee,New Mexico State,Neyland Stadium,regular,33.0,-24.486207677192297,41.5,-32.9862076771923,8.5
401754596,2025,12,-3.5,2.074111838106484,53.04956044652944,37.5,False,28.0,12.0,Wake Forest,North Carolina,Allegacy Federal Credit Union Stadium,regular,16.0,-13.925888161893516,3.5,-1.425888161893516,-12.5
401757301,2025,12,2.5,2.3207425815591685,54.139290803060206,51.5,False,34.0,27.0,Florida International,Liberty,Pitbull Stadium,regular,7.0,-4.679257418440832,-2.5,4.820742581559168,-9.5
401761650,2025,12,-3.0,6.707126364897578,54.22129077288135,59.5,False,45.0,40.0,Georgia Southern,Coastal Carolina,Allen E. Paulson Stadium,regular,5.0,1.7071263648975776,3.0,3.7071263648975776,-2.0
401752769,2025,12,-10.5,1.9498724953849136,54.504358489793546,53.5,False,34.0,24.0,Ole Miss,Florida,Vaught-Hemingway Stadium,regular,10.0,-8.050127504615087,10.5,-8.550127504615087,0.5
401752902,2025,12,-14.5,0.5503881605446783,53.58634960411558,51.5,False,49.0,13.0,Washington,Purdue,Husky Stadium,regular,36.0,-35.44961183945532,14.5,-13.949611839455322,-21.5
401756949,2025,12,9.5,10.03069952845544,56.31238837571663,60.5,False,28.0,55.0,Baylor,Utah,McLane Stadium,regular,-27.0,37.03069952845544,-9.5,19.53069952845544,17.5
401757300,2025,12,11.5,1.9653826914694523,52.68756952800053,56.5,True,26.0,23.0,Sam Houston,Delaware,BBVA Compass Stadium,regular,3.0,-1.0346173085305477,-11.5,13.465382691469452,-14.5
401760414,2025,12,-4.5,1.3779622679061183,56.630815945936064,68.5,False,29.0,26.0,UNLV,Utah State,Allegiant Stadium,regular,3.0,-1.6220377320938817,4.5,-3.1220377320938817,1.5
401752766,2025,12,-3.5,0.2544283821718536,53.94537390852808,50.5,False,35.0,10.0,Georgia,Texas,Sanford Stadium,regular,25.0,-24.745571617828148,3.5,-3.2455716178281464,-21.5
401752900,2025,12,-33.0,2.442022286765721,55.75375242385012,46.5,False,48.0,10.0,Ohio State,UCLA,Ohio Stadium,regular,38.0,-35.55797771323428,33.0,-30.55797771323428,-5.0
401754594,2025,12,-14.0,1.146221063998868,51.953084518685294,55.0,False,34.0,14.0,Florida State,Virginia Tech,Doak Campbell Stadium,regular,20.0,-18.85377893600113,14.0,-12.853778936001133,-6.0
401752770,2025,12,-7.5,-2.5378772618523433,53.90455562042247,50.5,False,49.0,27.0,Missouri,Mississippi State,Memorial Stadium,regular,22.0,-24.537877261852344,7.5,-10.037877261852344,-14.5
401757302,2025,12,3.5,3.241988393101667,54.760723288681746,56.0,False,35.0,26.0,Jacksonville State,Kennesaw State,AmFirst Stadium,regular,9.0,-5.758011606898333,-3.5,6.741988393101667,-12.5
401752953,2025,12,-10.0,3.0270829942900503,52.42916766857557,43.5,False,28.0,3.0,Washington State,Louisiana Tech,Gesa Field,regular,25.0,-21.97291700570995,10.0,-6.97291700570995,-15.0
401756950,2025,12,-3.0,-0.0379593005733194,55.38812025046479,51.5,False,44.0,13.0,BYU,TCU,LaVell Edwards Stadium,regular,31.0,-31.03795930057332,3.0,-3.0379593005733194,-28.0
401760410,2025,12,-2.0,2.507786566732822,51.6188867965293,41.5,False,17.0,7.0,San Diego State,Boise State,Snapdragon Stadium,regular,10.0,-7.492213433267178,2.0,0.5077865667328219,-8.0
401760412,2025,12,-3.0,3.5319536978217334,54.84895504774384,40.5,False,24.0,3.0,Fresno State,Wyoming,Valley Children's Stadium,regular,21.0,-17.468046302178266,3.0,0.5319536978217334,-18.0
401762862,2025,13,-2.5,-3.7548395184117096,52.753960480834714,47.5,False,16.0,19.0,Bowling Green,Akron,Doyt L. Perry Stadium,regular,-3.0,-0.7548395184117096,2.5,-6.25483951841171,5.5
401762863,2025,13,-33.5,-0.5215597219506565,53.6556506903677,53.5,False,42.0,14.0,Ohio,Massachusetts,Peden Stadium,regular,28.0,-28.521559721950656,33.5,-34.02155972195066,5.5
401762864,2025,13,7.0,4.110025474802078,53.9931449418466,39.5,False,19.0,35.0,Northern Illinois,Western Michigan,Huskie Stadium,regular,-16.0,20.11002547480208,-7.0,11.110025474802079,9.0
401762865,2025,13,2.5,3.67043912828328,50.74696519652105,38.5,False,20.0,37.0,Buffalo,Miami (OH),UB Stadium,regular,-17.0,20.67043912828328,-2.5,6.17043912828328,14.5
401762866,2025,13,7.5,4.243016646858798,58.43196706210316,50.5,False,16.0,28.0,Kent State,Central Michigan,Dix Stadium,regular,-12.0,16.2430166468588,-7.5,11.743016646858798,4.5
401761655,2025,13,-2.5,4.2973484296639715,54.055358319331965,54.5,False,30.0,34.0,Arkansas State,Louisiana,Centennial Bank Stadium,regular,-4.0,8.297348429663971,2.5,1.7973484296639715,6.5
401754598,2025,13,6.5,4.264966705531565,52.851548315794695,58.5,False,21.0,11.0,NC State,Florida State,Carter-Finley Stadium,regular,10.0,-5.735033294468435,-6.5,10.764966705531565,-16.5
401760418,2025,13,-2.5,1.8040374533297363,58.372875401326425,64.5,False,38.0,10.0,UNLV,Hawai'i,Allegiant Stadium,regular,28.0,-26.195962546670263,2.5,-0.6959625466702637,-25.5
401752778,2025,13,-4.5,5.746863817698352,54.00565120751399,42.5,False,17.0,6.0,Oklahoma,Missouri,"Memorial Stadium (Norman, OK)",regular,11.0,-5.253136182301648,4.5,1.246863817698352,-6.5
401752909,2025,13,-4.0,1.521376283807462,52.789689241232225,41.0,True,38.0,35.0,Northwestern,Minnesota,Wrigley Field,regular,3.0,-1.478623716192538,4.0,-2.478623716192538,1.0
401752912,2025,13,-28.5,7.544988869957193,57.533203853443425,54.5,False,42.0,9.0,Ohio State,Rutgers,Ohio Stadium,regular,33.0,-25.455011130042806,28.5,-20.955011130042806,-4.5
401754602,2025,13,-4.0,6.239115003448574,54.74788751086868,49.5,False,38.0,6.0,SMU,Louisville,Gerald J. Ford Stadium,regular,32.0,-25.760884996551425,4.0,2.239115003448574,-28.0
401754603,2025,13,17.5,2.7967290912854823,55.2595430116304,49.0,False,17.0,34.0,Virginia Tech,Miami,Lane Stadium,regular,-17.0,19.79672909128548,-17.5,20.29672909128548,-0.5
401754606,2025,13,-17.5,4.331057759177023,54.9783115507516,49.5,False,52.0,14.0,Wake Forest,Delaware,Allegacy Federal Credit Union Stadium,regular,38.0,-33.66894224082298,17.5,-13.168942240822977,-20.5
401756958,2025,13,-3.5,2.5421200834455413,54.29846502049108,55.5,False,38.0,14.0,Iowa State,Kansas,Jack Trice Stadium,regular,24.0,-21.457879916554457,3.5,-0.9578799165544587,-20.5
401762512,2025,13,-10.0,2.4893895165972664,53.71250374146378,43.5,False,25.0,26.0,Army,Tulsa,Michie Stadium,regular,-1.0,3.4893895165972664,10.0,-7.510610483402734,11.0
401752776,2025,13,-42.5,2.191078211794154,55.04860551732681,53.5,False,35.0,3.0,Georgia,Charlotte,Sanford Stadium,regular,32.0,-29.808921788205847,42.5,-40.30892178820584,10.5
401752954,2025,13,-15.5,5.444002119473071,56.2421293236213,44.5,False,24.0,20.0,James Madison,Washington State,Bridgeforth Stadium,regular,4.0,1.4440021194730708,15.5,-10.05599788052693,11.5
401756954,2025,13,-6.5,0.6974905606630619,54.40782633402575,61.5,False,41.0,17.0,Arizona,Baylor,Arizona Stadium,regular,24.0,-23.302509439336937,6.5,-5.802509439336938,-17.5
401761657,2025,13,10.0,3.4299847660035283,57.31042710120619,62.0,False,10.0,45.0,Georgia Southern,Old Dominion,Allen E. Paulson Stadium,regular,-35.0,38.42998476600353,-10.0,13.429984766003528,25.0
401757306,2025,13,-6.5,4.737193967995825,53.916110996119734,54.5,False,41.0,34.0,Kennesaw State,Missouri State,Fifth Third Stadium,regular,7.0,-2.2628060320041747,6.5,-1.7628060320041747,-0.5
401760419,2025,13,-6.5,-1.813796088743814,54.31844156684902,39.5,False,7.0,13.0,Wyoming,Nevada,War Memorial Stadium,regular,-6.0,4.186203911256186,6.5,-8.313796088743814,12.5
401762867,2025,13,-29.5,3.3535399303429103,55.059208525138736,45.5,False,38.0,9.0,Toledo,Ball State,Glass Bowl,regular,29.0,-25.64646006965709,29.5,-26.14646006965709,0.5
401761656,2025,13,4.0,3.409899828068135,55.02430861479296,56.5,False,26.0,24.0,App State,Marshall,Kidd Brewer Stadium,regular,2.0,1.4098998280681352,-4.0,7.409899828068135,-6.0
401757175,2025,13,6.0,1.3943791269723236,55.359886336110726,64.0,False,45.0,48.0,Florida Atlantic,UConn,FAU Stadium,regular,-3.0,4.394379126972323,-6.0,7.394379126972323,-3.0
401757307,2025,13,1.5,-1.5380976865158962,51.98925425640684,45.5,False,34.0,28.0,Louisiana Tech,Liberty,Joe Aillet Stadium,regular,6.0,-7.538097686515896,-1.5,-0.03809768651589618,-7.5
401757308,2025,13,-6.5,2.1494603857574592,54.65759237375527,53.5,False,31.0,17.0,Middle Tennessee,Sam Houston,"Johnny ""Red"" Floyd Stadium",regular,14.0,-11.85053961424254,6.5,-4.350539614242541,-7.5
401757309,2025,13,-4.0,1.040871720924596,53.996257556295205,44.5,False,31.0,34.0,UTEP,New Mexico State,Sun Bowl,regular,-3.0,4.040871720924596,4.0,-2.9591282790754043,7.0
401762511,2025,13,21.5,2.5247319241144166,53.70259140940317,68.5,False,18.0,48.0,UAB,South Florida,Protective Stadium,regular,-30.0,32.52473192411442,-21.5,24.024731924114416,8.5
401752780,2025,13,-8.5,7.003011131072088,54.842043634301945,58.0,False,52.0,37.0,Texas,Arkansas,DKR-Texas Memorial Stadium,regular,15.0,-7.996988868927912,8.5,-1.4969888689279118,-6.5
401752782,2025,13,-7.0,2.6491813500735013,56.64639471287752,53.5,False,45.0,17.0,Vanderbilt,Kentucky,FirstBank Stadium,regular,28.0,-25.3508186499265,7.0,-4.350818649926499,-21.0
401752911,2025,13,-11.0,1.3063066389599998,55.18566168226528,59.5,False,42.0,27.0,Oregon,USC,Autzen Stadium,regular,15.0,-13.693693361040001,11.0,-9.693693361040001,-4.0
401752913,2025,13,-17.5,3.175714172376169,54.151321755830274,43.0,False,20.0,17.0,Iowa,Michigan State,Kinnick Stadium,regular,3.0,0.17571417237616904,17.5,-14.32428582762383,14.5
401754600,2025,13,7.0,3.211146952685096,53.79760042634003,50.5,False,25.0,32.0,North Carolina,Duke,Kenan Stadium,regular,-7.0,10.211146952685096,-7.0,10.211146952685096,0.0
401754604,2025,13,-36.5,3.4570181405009843,53.62253879900392,51.0,False,70.0,7.0,Notre Dame,Syracuse,Notre Dame Stadium,regular,63.0,-59.542981859499015,36.5,-33.042981859499015,-26.5
401757305,2025,13,-2.5,3.3183600510349516,55.491273828831815,56.0,False,27.0,21.0,Florida International,Jacksonville State,Pitbull Stadium,regular,6.0,-2.6816399489650484,2.5,0.8183600510349516,-3.5
401761658,2025,13,2.5,-0.8155931271676629,54.181474115771664,53.5,False,42.0,35.0,South Alabama,Southern Miss,Hancock Whitney Stadium,regular,7.0,-7.815593127167663,-2.5,1.6844068728323371,-9.5
401762513,2025,13,2.0,5.1248010201241065,56.260600251514944,62.5,False,58.0,24.0,UTSA,East Carolina,Alamodome,regular,34.0,-28.875198979875893,-2.0,7.1248010201241065,-36.0
401762515,2025,13,7.5,1.5498867736183115,54.032726673931485,54.5,False,13.0,37.0,Temple,Tulane,Lincoln Financial Field,regular,-24.0,25.54988677361831,-7.5,9.049886773618312,16.5
401752914,2025,13,14.0,-0.0033141443137121,52.38191898038265,46.5,False,20.0,45.0,Maryland,Michigan,SECU Stadium,regular,-25.0,24.996685855686287,-14.0,13.996685855686287,11.0
401756957,2025,13,1.5,3.0761721783775244,52.54940236291836,55.5,False,14.0,17.0,Houston,TCU,TDECU Stadium,regular,-3.0,6.076172178377524,-1.5,4.576172178377524,1.5
401756959,2025,13,-13.5,3.8834709142130825,52.77709646365386,47.5,False,17.0,14.0,UCF,Oklahoma State,FBC Mortgage Stadium,regular,3.0,0.8834709142130825,13.5,-9.616529085786917,10.5
401756960,2025,13,-17.5,0.2675221077472898,55.679383470848656,52.5,False,51.0,47.0,Utah,Kansas State,Rice-Eccles Stadium,regular,4.0,-3.73247789225271,17.5,-17.23247789225271,13.5
401761660,2025,13,-9.5,0.7186294870959187,51.06018161958704,51.0,False,31.0,19.0,Troy,Georgia State,Veterans Memorial Stadium (AL),regular,12.0,-11.28137051290408,9.5,-8.78137051290408,-2.5
401752779,2025,13,-24.0,5.961807407832807,52.954200502355675,50.0,False,51.0,7.0,South Carolina,Coastal Carolina,Williams-Brice Stadium,regular,44.0,-38.03819259216719,24.0,-18.038192592167192,-20.0
401761659,2025,13,-20.5,5.058544393142045,54.75346006466033,59.5,False,31.0,14.0,Texas State,UL Monroe,Bobcat Stadium (TX),regular,17.0,-11.941455606857955,20.5,-15.441455606857955,3.5
401752908,2025,13,-7.0,-0.1068918489934991,55.45859741775707,45.5,False,37.0,10.0,Penn State,Nebraska,Beaver Stadium,regular,27.0,-27.1068918489935,7.0,-7.106891848993499,-20.0
401754601,2025,13,-2.5,7.91783997556521,58.25367282138362,61.5,False,28.0,42.0,Georgia Tech,Pittsburgh,Bobby Dodd Stadium,regular,-14.0,21.917839975565208,2.5,5.41783997556521,16.5
401760415,2025,13,3.5,3.078670989636815,54.27048110384112,53.5,False,3.0,20.0,Air Force,New Mexico,Falcon Stadium,regular,-17.0,20.078670989636816,-3.5,6.578670989636815,13.5
401760416,2025,13,-17.5,1.2879136415407246,55.502931791357234,45.5,False,49.0,21.0,Boise State,Colorado State,Albertsons Stadium,regular,28.0,-26.712086358459274,17.5,-16.212086358459274,-10.5
401752775,2025,13,3.5,1.1481836331385602,55.753338423686806,57.5,False,11.0,31.0,Florida,Tennessee,Ben Hill Griffin Stadium,regular,-20.0,21.14818363313856,-3.5,4.64818363313856,16.5
401752915,2025,13,8.5,1.6635353205705945,53.270908758841806,42.0,False,27.0,10.0,Wisconsin,Illinois,Camp Randall Stadium,regular,17.0,-15.336464679429405,-8.5,10.163535320570595,-25.5
401754599,2025,13,4.5,3.3904554578558095,55.10926556781377,47.5,False,31.0,10.0,Stanford,California,Stanford Stadium,regular,21.0,-17.609544542144192,-4.5,7.8904554578558095,-25.5
401762514,2025,13,18.5,1.7267871821101002,53.57924999869355,57.0,False,24.0,56.0,Rice,North Texas,Rice Stadium,regular,-32.0,33.7267871821101,-18.5,20.2267871821101,13.5
401752777,2025,13,-24.5,2.8806120599358915,54.64830220389177,52.5,False,13.0,10.0,LSU,Western Kentucky,Tiger Stadium (LA),regular,3.0,-0.11938794006410847,24.5,-21.619387940064108,21.5
401756955,2025,13,2.5,-0.4334368499849872,56.438502959069815,56.5,False,14.0,26.0,Cincinnati,BYU,Nippert Stadium,regular,-12.0,11.566563150015012,-2.5,2.066563150015013,9.5
401756956,2025,13,7.0,3.5649084186925366,54.5253389356989,47.5,False,17.0,42.0,Colorado,Arizona State,Folsom Field,regular,-25.0,28.564908418692536,-7.0,10.564908418692536,18.0
401752910,2025,13,10.5,5.330676312633778,55.73494520097617,51.5,False,14.0,48.0,UCLA,Washington,Rose Bowl,regular,-34.0,39.33067631263378,-10.5,15.830676312633777,23.5
401760417,2025,13,-1.5,-0.2937334427198168,53.96138654148923,50.5,False,17.0,28.0,Fresno State,Utah State,Valley Children's Stadium,regular,-11.0,10.706266557280184,1.5,-1.7937334427198168,12.5
401760420,2025,13,-10.0,-0.5663528622443526,50.46621923308094,51.5,False,25.0,3.0,San Diego State,San José State,Snapdragon Stadium,regular,22.0,-22.56635286224435,10.0,-10.566352862244353,-12.0
401762868,2025,14,14.0,3.045866814651694,54.64359085371889,44.5,False,14.0,45.0,Massachusetts,Bowling Green,Warren McGuirk Alumni Stadium,regular,-31.0,34.045866814651696,-14.0,17.045866814651696,17.0
401762869,2025,14,10.0,2.752995534665729,55.88288935868135,49.5,False,21.0,31.0,Eastern Michigan,Western Michigan,Rynearson Stadium,regular,-10.0,12.752995534665729,-10.0,12.752995534665729,0.0
401762516,2025,14,-3.5,5.167534459732397,52.98190170649106,57.5,False,17.0,28.0,Memphis,Navy,Simmons Bank Liberty Stadium,regular,-11.0,16.167534459732398,3.5,1.667534459732397,14.5
401752788,2025,14,7.5,3.3319534218140916,54.59747542744814,62.5,False,19.0,38.0,Mississippi State,Ole Miss,Davis Wade Stadium,regular,-19.0,22.33195342181409,-7.5,10.831953421814092,11.5
401752916,2025,14,5.5,3.222212656601088,55.32592589793637,38.5,False,16.0,40.0,Nebraska,Iowa,"Memorial Stadium (Lincoln, NE)",regular,-24.0,27.222212656601087,-5.5,8.722212656601087,18.5
401756964,2025,14,10.0,9.231129307711711,55.4746064639118,60.5,False,21.0,31.0,Kansas,Utah,Memorial Stadium,regular,-10.0,19.23112930771171,-10.0,19.23112930771171,0.0
401762870,2025,14,7.0,5.649186749330514,54.29042676836122,44.5,False,26.0,31.0,Buffalo,Ohio,UB Stadium,regular,-5.0,10.649186749330514,-7.0,12.649186749330514,-2.0
401762871,2025,14,-5.0,2.6488289524291444,53.58265460950905,44.5,False,31.0,35.0,Northern Illinois,Kent State,Huskie Stadium,regular,-4.0,6.648828952429144,5.0,-2.3511710475708556,9.0
401760421,2025,14,2.5,1.5598540643291616,53.94627687003267,47.5,False,21.0,42.0,Colorado State,Air Force,Canvas Stadium,regular,-21.0,22.559854064329162,-2.5,4.059854064329162,18.5
401752786,2025,14,16.5,3.355189665131552,56.591680009203515,59.5,True,9.0,16.0,Georgia Tech,Georgia,Mercedes-Benz Stadium,regular,-7.0,10.355189665131551,-16.5,19.85518966513155,-9.5
401760426,2025,14,1.5,5.375897947797188,55.14725374690204,41.5,False,23.0,17.0,New Mexico,San Diego State,University Stadium (NM),regular,6.0,-0.6241020522028116,-1.5,6.875897947797188,-7.5
401762442,2025,14,-20.5,6.0165925597141445,57.803653303437784,65.5,False,52.0,25.0,North Texas,Temple,DATCU Stadium,regular,27.0,-20.983407440285855,20.5,-14.483407440285855,-6.5
401760422,2025,14,1.5,-0.6564783919747144,55.714115864462016,54.5,False,24.0,25.0,Utah State,Boise State,Maverik Stadium,regular,-1.0,0.34352160802528564,-1.5,0.8435216080252856,-0.5
401752792,2025,14,2.5,8.178258401751782,58.230649061002794,54.5,False,27.0,17.0,Texas,Texas A&M,DKR-Texas Memorial Stadium,regular,10.0,-1.8217415982482184,-2.5,10.678258401751782,-12.5
401752924,2025,14,28.5,-0.0313456612863247,54.757318230538274,54.5,False,3.0,56.0,Purdue,Indiana,Ross-Ade Stadium,regular,-53.0,52.96865433871368,-28.5,28.468654338713677,24.5
401756961,2025,14,2.0,0.8086074315570619,54.16395464991712,48.5,False,7.0,23.0,Arizona State,Arizona,Mountain America Stadium,regular,-16.0,16.80860743155706,-2.0,2.808607431557062,14.0
401752787,2025,14,1.5,-4.160341113179642,52.578392098760226,45.5,False,41.0,0.0,Louisville,Kentucky,L&N Federal Credit Union Stadium,regular,41.0,-45.16034111317964,-1.5,-2.6603411131796424,-42.5
401752790,2025,14,-2.5,6.09542086381512,54.805907259781655,45.5,False,14.0,28.0,South Carolina,Clemson,Williams-Brice Stadium,regular,-14.0,20.09542086381512,2.5,3.5954208638151197,16.5
401752921,2025,14,9.5,5.976155954789778,55.614473356904725,43.0,False,9.0,27.0,Michigan,Ohio State,Michigan Stadium,regular,-18.0,23.97615595478978,-9.5,15.476155954789778,8.5
401754611,2025,14,6.5,1.1358721358821715,53.68703993741363,49.0,False,7.0,38.0,Pittsburgh,Miami,Acrisure Stadium,regular,-31.0,32.135872135882174,-6.5,7.635872135882171,24.5
401756962,2025,14,-2.5,0.4787002232917015,54.98937095570859,57.0,False,24.0,31.0,Baylor,Houston,McLane Stadium,regular,-7.0,7.4787002232917015,2.5,-2.0212997767082985,9.5
401756965,2025,14,-16.5,0.7521135614421457,54.21782856754987,49.5,False,24.0,14.0,Kansas State,Colorado,Bill Snyder Family Stadium,regular,10.0,-9.247886438557854,16.5,-15.747886438557854,6.5
401756966,2025,14,14.0,3.215316403520979,54.65533500449806,46.5,False,13.0,20.0,Oklahoma State,Iowa State,Boone Pickens Stadium,regular,-7.0,10.21531640352098,-14.0,17.21531640352098,-7.0
401756968,2025,14,24.5,4.891838480620456,55.03307620035381,53.5,False,0.0,49.0,West Virginia,Texas Tech,Milan Puskar Stadium,regular,-49.0,53.89183848062046,-24.5,29.391838480620457,24.5
401762519,2025,14,7.0,4.56459028118985,56.1711088851089,66.5,False,3.0,42.0,Florida Atlantic,East Carolina,FAU Stadium,regular,-39.0,43.56459028118985,-7.0,11.56459028118985,32.0
401762872,2025,14,11.5,6.867694425510795,57.80237173752536,46.5,False,3.0,21.0,Central Michigan,Toledo,Kelly/Shorts Stadium,regular,-18.0,24.867694425510795,-11.5,18.367694425510795,6.5
401762875,2025,14,-16.5,3.075562798005544,53.254476961869614,40.5,False,45.0,24.0,Miami (OH),Ball State,Yager Stadium,regular,21.0,-17.924437201994458,16.5,-13.424437201994456,-4.5
401756963,2025,14,-17.5,2.1066601523433963,55.60541778457303,46.5,False,41.0,21.0,BYU,UCF,LaVell Edwards Stadium,regular,20.0,-17.893339847656605,17.5,-15.393339847656604,-2.5
401757310,2025,14,-4.5,3.834001761650022,55.110006977016816,55.5,False,61.0,31.0,Delaware,UTEP,Delaware Stadium,regular,30.0,-26.165998238349978,4.5,-0.6659982383499781,-25.5
401757311,2025,14,10.5,4.438934188466478,54.31007420221961,50.5,True,16.0,56.0,Sam Houston,Florida International,BBVA Compass Stadium,regular,-40.0,44.438934188466476,-10.5,14.938934188466478,29.5
401761663,2025,14,-10.5,3.9389254604145343,53.88974687767717,62.5,False,19.0,24.0,Marshall,Georgia Southern,Joan C. Edwards Stadium,regular,-5.0,8.938925460414534,10.5,-6.561074539585466,15.5
401757312,2025,14,1.5,4.5990092440189585,55.93885636519655,56.5,False,37.0,34.0,Jacksonville State,Western Kentucky,AmFirst Stadium,regular,3.0,1.5990092440189585,-1.5,6.0990092440189585,-4.5
401757314,2025,14,-2.5,6.280328170907217,54.40535626149387,45.5,False,30.0,42.0,Missouri State,Louisiana Tech,Plaster Sports Complex,regular,-12.0,18.280328170907218,2.5,3.780328170907217,14.5
401761664,2025,14,-28.5,0.380920729222316,53.715207945546666,58.5,False,27.0,10.0,Old Dominion,Georgia State,S.B. Ballard Stadium,regular,17.0,-16.619079270777682,28.5,-28.119079270777682,11.5
401761661,2025,14,1.5,2.108437812445117,56.33857972839845,54.5,False,29.0,30.0,App State,Arkansas State,Kidd Brewer Stadium,regular,-1.0,3.108437812445117,-1.5,3.608437812445117,-0.5
401754608,2025,14,3.0,-4.000991017822035,51.58152925221171,54.0,False,12.0,34.0,Syracuse,Boston College,JMA Wireless Dome,regular,-22.0,17.999008982177966,-3.0,-1.0009910178220354,19.0
401757315,2025,14,-3.5,0.4826654352233821,54.384249323462605,52.0,False,24.0,31.0,New Mexico State,Middle Tennessee,Aggie Memorial Stadium,regular,-7.0,7.482665435223382,3.5,-3.017334564776618,10.5
401761665,2025,14,-11.0,3.2920863190519603,53.88716172353822,47.5,False,30.0,27.0,Louisiana,UL Monroe,Cajun Field,regular,3.0,0.29208631905196025,11.0,-7.70791368094804,8.0
401761667,2025,14,-9.5,2.977876399974992,55.08578563653606,62.5,False,49.0,26.0,Texas State,South Alabama,Bobcat Stadium (TX),regular,23.0,-20.022123600025008,9.5,-6.522123600025008,-13.5
401762517,2025,14,-9.5,-0.7584722810131765,53.217687429215154,56.5,False,24.0,31.0,Tulsa,UAB,Chapman Stadium,regular,-7.0,6.2415277189868235,9.5,-10.258472281013177,16.5
401752783,2025,14,4.5,4.114490516759806,54.73628688919499,54.5,False,17.0,31.0,Arkansas,Missouri,Razorback Stadium,regular,-14.0,18.114490516759805,-4.5,8.614490516759805,9.5
401752789,2025,14,-11.5,4.0990774410078075,55.005328836440576,36.5,False,17.0,13.0,Oklahoma,LSU,"Memorial Stadium (Norman, OK)",regular,4.0,0.09907744100780747,11.5,-7.4009225589921925,7.5
401752791,2025,14,-2.5,3.822507040546135,55.07491548270544,66.5,False,24.0,45.0,Tennessee,Vanderbilt,Neyland Stadium,regular,-21.0,24.822507040546135,2.5,1.3225070405461352,23.5
401752917,2025,14,6.5,0.432857760697884,55.495313731953594,51.5,False,14.0,26.0,Washington,Oregon,Husky Stadium,regular,-12.0,12.432857760697884,-6.5,6.932857760697884,5.5
401752918,2025,14,2.5,3.134670938418653,54.79443199290313,38.5,False,17.0,7.0,Minnesota,Wisconsin,Huntington Bank Stadium,regular,10.0,-6.865329061581347,-2.5,5.634670938418653,-12.5
401752920,2025,14,14.0,2.972696986209555,56.860174347580624,55.5,False,36.0,40.0,Rutgers,Penn State,SHI Stadium,regular,-4.0,6.972696986209555,-14.0,16.972696986209556,-10.0
401754610,2025,14,-2.5,4.48537587096916,54.60112309488885,53.5,False,49.0,32.0,Duke,Wake Forest,Wallace Wade Stadium,regular,17.0,-12.514624129030839,2.5,1.9853758709691602,-14.5
401756967,2025,14,-3.0,4.845746666093298,52.66247409327063,58.5,False,45.0,23.0,TCU,Cincinnati,Amon G. Carter Stadium,regular,22.0,-17.154253333906702,3.0,1.845746666093298,-19.0
401757313,2025,14,2.5,-0.0008300286409772,54.82612315978113,55.5,False,42.0,48.0,Liberty,Kennesaw State,Williams Stadium (VA),regular,-6.0,5.999169971359023,-2.5,2.4991699713590227,3.5
401761666,2025,14,-7.0,5.0485492725472225,55.70521607994516,50.5,False,18.0,28.0,Southern Miss,Troy,M. M. Roberts Stadium,regular,-10.0,15.048549272547223,7.0,-1.9514507274527775,17.0
401762441,2025,14,-8.5,5.244390220217166,54.59760351890425,50.5,False,24.0,27.0,UTSA,Army,Alamodome,regular,-3.0,8.244390220217166,8.5,-3.2556097797828336,11.5
401761662,2025,14,24.0,3.1172623810432087,55.05533280005592,54.5,False,10.0,59.0,Coastal Carolina,James Madison,Brooks Stadium (SC),regular,-49.0,52.11726238104321,-24.0,27.117262381043208,25.0
401752785,2025,14,1.5,4.135862826238604,53.3624070873768,49.0,False,40.0,21.0,Florida,Florida State,Ben Hill Griffin Stadium,regular,19.0,-14.864137173761396,-1.5,5.635862826238604,-20.5
401752946,2025,14,-14.0,3.013207703191896,55.56545422293224,42.5,False,32.0,8.0,Washington State,Oregon State,Gesa Field,regular,24.0,-20.986792296808105,14.0,-10.986792296808105,-10.0
401752923,2025,14,-4.0,0.5125589192761781,51.52074396544129,49.5,True,38.0,28.0,Michigan State,Maryland,Ford Field,regular,10.0,-9.487441080723823,4.0,-3.487441080723822,-6.0
401754613,2025,14,-8.5,-1.2227128413342627,51.22261566315001,52.5,False,27.0,7.0,Virginia,Virginia Tech,Scott Stadium,regular,20.0,-21.222712841334264,8.5,-9.722712841334262,-11.5
401762520,2025,14,-28.5,0.953377367764296,52.91330898882424,57.5,False,52.0,3.0,South Florida,Rice,Raymond James Stadium,regular,49.0,-48.0466226322357,28.5,-27.546622632235703,-20.5
401752784,2025,14,7.0,2.7424282821293904,55.589954515224086,48.5,False,20.0,27.0,Auburn,Alabama,Jordan-Hare Stadium,regular,-7.0,9.74242828212939,-7.0,9.74242828212939,0.0
401752919,2025,14,-21.5,6.735006151632006,54.30349275863564,59.0,False,29.0,10.0,USC,UCLA,Los Angeles Memorial Coliseum,regular,19.0,-12.264993848367993,21.5,-14.764993848367993,2.5
401752922,2025,14,-7.0,1.9859375598139264,53.29283941184671,44.5,False,20.0,13.0,Illinois,Northwestern,"Memorial Stadium (Champaign, IL)",regular,7.0,-5.014062440186073,7.0,-5.014062440186073,0.0
401754612,2025,14,-7.0,3.3667155015534256,53.96188591183521,49.0,False,42.0,19.0,NC State,North Carolina,Carter-Finley Stadium,regular,23.0,-19.633284498446574,7.0,-3.6332844984465744,-16.0
401762518,2025,14,-31.0,4.3433419894078495,54.4088199458084,52.5,False,27.0,0.0,Tulane,Charlotte,Yulman Stadium,regular,27.0,-22.65665801059215,31.0,-26.65665801059215,4.0
401754609,2025,14,13.5,4.84571886779774,54.88404040034694,53.5,False,38.0,35.0,California,SMU,California Memorial Stadium,regular,3.0,1.84571886779774,-13.5,18.34571886779774,-16.5
401760425,2025,14,7.5,0.5970464228018613,54.73714660000033,52.5,False,17.0,42.0,Nevada,UNLV,Mackay Stadium,regular,-25.0,25.59704642280186,-7.5,8.097046422801862,17.5
401754614,2025,14,32.5,8.97166685650253,56.5228720017122,49.5,False,20.0,49.0,Stanford,Notre Dame,Stanford Stadium,regular,-29.0,37.97166685650253,-32.5,41.47166685650253,-3.5
401760423,2025,14,3.5,7.973152834741187,52.58752246833772,45.5,False,14.0,41.0,San José State,Fresno State,CEFCU Stadium,regular,-27.0,34.973152834741185,-3.5,11.473152834741187,23.5
401760424,2025,14,-8.5,9.02260983279776,55.94076122762754,44.5,False,27.0,7.0,Hawai'i,Wyoming,Clarence T.C. Ching Athletics Complex,regular,20.0,-10.97739016720224,8.5,0.5226098327977606,-11.5
401777325,2025,15,3.0,2.8362467767255635,54.36653115075876,62.5,False,15.0,19.0,Jacksonville State,Kennesaw State,AmFirst Stadium,regular,-4.0,6.836246776725563,-3.0,5.836246776725563,1.0
401777352,2025,15,-24.5,2.533302835770187,55.40589388938229,47.5,False,31.0,14.0,James Madison,Troy,Bridgeforth Stadium,regular,17.0,-14.466697164229814,24.5,-21.966697164229814,7.5
401777324,2025,15,1.5,6.648750895262744,55.211627729793406,66.5,False,34.0,21.0,Tulane,North Texas,Yulman Stadium,regular,13.0,-6.351249104737256,-1.5,8.148750895262744,-14.5
401777326,2025,15,-6.0,2.0140574193969276,56.297847121955485,59.5,False,38.0,21.0,Boise State,UNLV,Albertsons Stadium,regular,17.0,-14.985942580603073,6.0,-3.9859425806030724,-11.0
401777327,2025,15,-12.5,0.2285793877679842,56.43388934840459,50.5,True,34.0,7.0,Texas Tech,BYU,AT&T Stadium,regular,27.0,-26.771420612232017,12.5,-12.271420612232015,-14.5
401777329,2025,15,-2.5,0.1078014639950009,56.417791094927914,44.25,True,23.0,13.0,Western Michigan,Miami (OH),Ford Field,regular,10.0,-9.892198536004999,2.5,-2.392198536004999,-7.5
401777351,2025,15,1.5,1.3135376645987296,55.19775669319145,48.5,True,7.0,28.0,Alabama,Georgia,Mercedes-Benz Stadium,regular,-21.0,22.31353766459873,-1.5,2.8135376645987296,19.5
401777328,2025,15,-3.5,-1.425097446946065,53.97223160434056,58.5,True,20.0,27.0,Virginia,Duke,Bank of America Stadium,regular,-7.0,5.574902553053935,3.5,-4.925097446946065,10.5
401777353,2025,15,-3.5,0.881963744020712,56.14062706990002,45.75,True,10.0,13.0,Ohio State,Indiana,Lucas Oil Stadium,regular,-3.0,3.881963744020712,3.5,-2.618036255979288,6.5
401762521,2025,16,-6.0,3.322577603817524,55.25498964208179,37.75,True,,,Navy,Army,M&T Bank Stadium,regular,,,6.0,-2.677422396182476,
401856674,2026,2,10.5,-11.202601766242209,55.245692983776536,49.0,False,17.0,45.0,Kentucky,Alabama,Kroger Field,regular,-28.0,16.79739823375779,-10.5,-0.7026017662422088,17.5
401856677,2026,2,1.5,-17.460701603602807,54.29239673972649,55.5,False,13.0,38.0,Minnesota,Mississippi State,Huntington Bank Stadium,regular,-25.0,7.539298396397193,-1.5,-15.960701603602807,23.5
401856790,2026,2,-7.0,23.156841612699793,56.63591102699114,57.5,False,12.0,7.0,Pittsburgh,UCF,Acrisure Stadium,regular,5.0,18.156841612699793,7.0,16.156841612699793,2.0
401856810,2026,2,-7.5,3.994032434479855,55.027558020428806,48.0,False,28.0,17.0,BYU,Arizona,LaVell Edwards Stadium,regular,11.0,-7.0059675655201445,7.5,-3.505967565520145,-3.5
401858216,2026,2,-3.0,7.637981808798276,53.65193071440612,56.5,False,18.0,21.0,Syracuse,California,JMA Wireless Dome,regular,-3.0,10.637981808798276,3.0,4.637981808798276,6.0
401858201,2026,0,-3.0,1.2692948544418243,53.60394179023994,49.5,False,37.0,27.0,Stanford,Hawai'i,Stanford Stadium,regular,10.0,-8.730705145558176,3.0,-1.7307051455581757,-7.0
401862693,2026,0,-3.0,5.299678758636179,55.354485329792354,57.5,False,21.0,27.0,UNLV,Memphis,Allegiant Stadium,regular,-6.0,11.29967875863618,3.0,2.299678758636179,9.0
401864570,2026,0,-29.5,16.942862559837092,55.09485533577812,53.0,False,34.0,17.0,Florida State,New Mexico State,Doak Campbell Stadium,regular,17.0,-0.05713744016290789,29.5,-12.557137440162908,12.5
401856636,2026,1,-7.0,7.345448108909141,54.498116562459046,59.5,True,17.0,16.0,Auburn,Baylor,Mercedes-Benz Stadium,regular,1.0,6.345448108909141,7.0,0.34544810890914057,6.0
401856667,2026,1,-29.5,9.580624061565644,55.147516220150266,60.0,False,59.0,7.0,Texas,Texas State,DKR-Texas Memorial Stadium,regular,52.0,-42.41937593843436,29.5,-19.919375938434356,-22.5
401856777,2026,1,-7.5,10.786994417065223,55.545768827626,49.5,False,34.0,15.0,Cincinnati,Boston College,Nippert Stadium,regular,19.0,-8.213005582934777,7.5,3.286994417065223,-11.5
401856821,2026,5,13.0,-7.63788857899711,50.99797729714446,50.0,False,,,Colorado,Texas Tech,Folsom Field,regular,,,-13.0,5.36211142100289,
401858249,2026,5,16.5,-12.61014365252062,53.32700275999203,47.5,False,,,Clemson,Miami,"Memorial Stadium (Clemson, SC)",regular,,,-16.5,3.8898563474793804,
401858478,2026,5,-9.5,12.546667553140374,56.12678286799702,58.5,False,,,USC,Washington,Los Angeles Memorial Coliseum,regular,,,9.5,3.0466675531403737,
401860898,2026,5,-20.5,16.031431659684372,53.85640959701705,51.5,False,,,Boise State,Utah State,Albertsons Stadium,regular,,,20.5,-4.4685683403156276,
401856668,2026,1,-40.5,18.055630007077895,55.728643539237126,53.5,False,50.0,0.0,Texas A&M,Missouri State,Kyle Field,regular,50.0,-31.944369992922105,40.5,-22.444369992922105,-9.5
401856772,2026,1,13.5,6.109338236296485,53.786133590538014,59.5,False,24.0,10.0,Tulsa,Oklahoma State,Chapman Stadium,regular,14.0,-7.890661763703515,-13.5,19.609338236296484,-27.5
401858209,2026,1,-7.5,7.259230181113679,55.922167778824786,51.0,False,17.0,3.0,Duke,Tulane,Wallace Wade Stadium,regular,14.0,-6.740769818886321,7.5,-0.24076981888632076,-6.5
401858426,2026,1,-31.0,19.24605185942069,54.23773958644587,44.5,False,40.0,0.0,Iowa,Northern Illinois,Kinnick Stadium,regular,40.0,-20.75394814057931,31.0,-11.753948140579311,-9.0
401858433,2026,1,-24.5,15.217452931086784,55.38628963120173,51.5,False,34.0,27.0,Oregon,Boise State,Autzen Stadium,regular,7.0,8.217452931086784,24.5,-9.282547068913216,17.5
401858434,2026,1,-24.0,18.299550953401933,55.402257806495555,52.0,False,45.0,0.0,Penn State,Marshall,Beaver Stadium,regular,45.0,-26.700449046598067,24.0,-5.700449046598067,-21.0
401860878,2026,1,-3.0,5.5279455979847905,53.71718858797352,46.5,False,35.0,13.0,Colorado State,Wyoming,Canvas Stadium,regular,22.0,-16.47205440201521,3.0,2.5279455979847905,-19.0
401856802,2026,3,-9.5,18.30260551018931,53.74616382547866,54.5,True,27.0,38.0,Virginia,West Virginia,Bank of America Stadium,regular,-11.0,29.30260551018931,9.5,8.80260551018931,20.5
401858232,2026,3,3.0,3.0652268588311693,55.27464009950191,54.5,False,26.0,35.0,Maryland,Virginia Tech,SECU Stadium,regular,-9.0,12.065226858831169,-3.0,6.065226858831169,6.0
401858453,2026,3,-29.5,10.106910396627514,56.24904362038572,53.5,False,27.0,10.0,Notre Dame,Michigan State,Notre Dame Stadium,regular,17.0,-6.893089603372486,29.5,-19.393089603372488,12.5
401860888,2026,3,7.0,1.529903772597189,53.19623701810532,51.5,False,10.0,26.0,San José State,Fresno State,CEFCU Stadium,regular,-16.0,17.529903772597187,-7.0,8.529903772597189,9.0
401860894,2026,4,-2.5,-4.4410110381027,50.58607794815812,52.5,False,21.0,10.0,Utah State,Troy,Maverik Stadium,regular,11.0,-15.441011038102701,2.5,-6.9410110381027,-8.5
401860895,2026,4,12.5,-4.3780031142110545,55.39292635029928,55.5,False,7.0,33.0,UTEP,Oregon State,Sun Bowl,regular,-26.0,21.621996885788946,-12.5,8.121996885788946,13.5
401860897,2026,4,7.5,4.376667291003125,53.3749910461691,47.5,False,7.0,32.0,Western Michigan,Boise State,Waldo Stadium,regular,-25.0,29.376667291003123,-7.5,11.876667291003125,17.5
401862695,2026,1,-11.0,12.26754774389142,54.01784413602408,52.0,False,42.0,24.0,Memphis,Arkansas State,Simmons Bank Liberty Stadium,regular,18.0,-5.73245225610858,11.0,1.26754774389142,-7.0
401858214,2026,2,-3.0,5.024998892541009,54.65413233115898,54.0,False,28.0,21.0,Boston College,Rutgers,"Alumni Stadium (Chestnut Hill, MA)",regular,7.0,-1.9750011074589908,3.0,2.024998892541009,-4.0
401856692,2026,3,-34.5,23.05585371413339,57.15154050732666,59.5,False,42.0,9.0,Tennessee,Kennesaw State,Neyland Stadium,regular,33.0,-9.944146285866609,34.5,-11.444146285866609,1.5
401861970,2026,4,-3.5,-2.072264222684568,55.97411572221402,49.5,False,24.0,21.0,Miami (OH),UConn,Yager Stadium,regular,3.0,-5.072264222684568,3.5,-5.572264222684568,0.5
401862780,2026,4,14.0,-7.18413688656215,52.979992913256424,51.5,False,7.0,34.0,Charlotte,Louisiana,Jerry Richardson Stadium,regular,-27.0,19.81586311343785,-14.0,6.81586311343785,13.0
401862782,2026,4,13.5,1.970941148794603,54.00784843211982,59.5,False,17.0,45.0,UL Monroe,Florida Atlantic,Malone Stadium,regular,-28.0,29.9709411487946,-13.5,15.470941148794603,14.5
401856707,2026,5,6.0,-3.2180009649544083,57.59252601235287,60.0,False,,,Mississippi State,Alabama,Davis Wade Stadium,regular,,,-6.0,2.7819990350455917,
401856807,2026,5,-18.5,12.8214003338208,53.74659836645752,49.5,False,,,Kansas,Middle Tennessee,Memorial Stadium,regular,,,18.5,-5.678599666179201,
401856819,2026,5,-12.0,1.562093206000103,55.52707905561164,51.5,False,,,Houston,UCF,TDECU Stadium,regular,,,12.0,-10.437906793999897,
401856822,2026,5,-3.5,11.824767176761934,55.069135706930815,52.5,False,,,Iowa State,West Virginia,Jack Trice Stadium,regular,,,3.5,8.324767176761934,
401858245,2026,5,-3.5,3.424583040151899,55.45523674693738,54.5,False,,,Virginia Tech,Pittsburgh,Lane Stadium,regular,,,3.5,-0.07541695984810115,
401858246,2026,5,-21.0,6.307435889637906,52.87007893074431,55.5,False,,,SMU,Boston College,Gerald J. Ford Stadium,regular,,,21.0,-14.692564110362094,
401858250,2026,5,21.0,-32.37703977721725,53.5732433535173,47.0,False,,,North Carolina,Notre Dame,Kenan Stadium,regular,,,-21.0,-11.377039777217249,
401858251,2026,5,-12.5,20.12363336750633,54.11749683514492,53.5,False,,,Wake Forest,Stanford,Allegacy Federal Credit Union Stadium,regular,,,12.5,7.623633367506329,
401858252,2026,5,6.5,3.925818927713969,53.49327321640865,50.5,False,,,UConn,Syracuse,Pratt & Whitney Stadium,regular,,,-6.5,10.42581892771397,
401858474,2026,5,5.5,-5.473641428974135,52.50174315894717,43.0,False,,,Minnesota,Michigan,Huntington Bank Stadium,regular,,,-5.5,0.02635857102586492,
401858476,2026,5,3.0,-0.5513609978354592,54.47773538560939,45.5,False,,,Northwestern,Penn State,Ryan Field,regular,,,-3.0,2.4486390021645406,
401862786,2026,5,-1.0,4.451921312724014,53.53133855603112,57.5,False,,,Tulsa,North Texas,Chapman Stadium,regular,,,1.0,3.4519213127240143,
401862791,2026,5,-3.0,8.996278292266759,55.50817726147912,45.5,False,,,Air Force,Navy,Falcon Stadium,regular,,,3.0,5.996278292266759,
401871049,2026,5,-2.5,7.582541919029981,54.13986096148652,57.5,False,,,New Mexico State,Western Kentucky,Aggie Memorial Stadium,regular,,,2.5,5.082541919029981,
401856682,2026,2,-1.5,-5.027429051798291,56.632675295871735,48.5,False,24.0,23.0,Texas,Ohio State,DKR-Texas Memorial Stadium,regular,1.0,-6.027429051798291,1.5,-6.527429051798291,0.5
401856783,2026,2,27.0,-14.531395589084957,52.95494487122351,54.0,False,24.0,35.0,Oregon State,Texas Tech,Reser Stadium,regular,-11.0,-3.5313955890849567,-27.0,12.468604410915043,-16.0
401856788,2026,2,-14.0,20.546590796901267,54.606346168245885,40.5,False,16.0,13.0,Iowa,Iowa State,Kinnick Stadium,regular,3.0,17.546590796901267,14.0,6.546590796901267,11.0
401858443,2026,2,-11.5,9.93404148114066,54.61382460673137,55.0,False,28.0,10.0,UCLA,San Diego State,Rose Bowl,regular,18.0,-8.06595851885934,11.5,-1.5659585188593397,-6.5
401862703,2026,2,5.0,-11.977084946304188,57.09072890740951,59.5,False,38.0,30.0,Florida Atlantic,Navy,FAU Stadium,regular,8.0,-19.97708494630419,-5.0,-6.977084946304188,-13.0
401858234,2026,4,-1.5,2.6157429952360367,52.791995795429415,50.5,False,10.0,24.0,California,Clemson,California Memorial Stadium,regular,-14.0,16.615742995236037,1.5,1.1157429952360367,15.5
401862778,2026,4,11.5,2.303986357044552,54.542283631912554,53.5,False,24.0,20.0,UAB,Navy,Protective Stadium,regular,4.0,-1.6960136429554482,-11.5,13.803986357044552,-15.5
401862779,2026,4,3.0,6.483421958250854,55.49948126814363,50.5,False,17.0,21.0,Temple,Army,Lincoln Financial Field,regular,-4.0,10.483421958250855,-3.0,9.483421958250855,1.0
401864509,2026,4,4.5,15.492422733753171,55.267152681219336,48.5,False,33.0,36.0,Nevada,Air Force,Mackay Stadium,regular,-3.0,18.492422733753173,-4.5,19.992422733753173,-1.5
401864572,2026,4,-14.0,5.000083675455272,53.332771834226435,55.5,False,41.0,31.0,NC State,App State,Carter-Finley Stadium,regular,10.0,-4.999916324544728,14.0,-8.999916324544728,4.0
401864579,2026,4,13.5,-15.640562926490318,52.1152911020814,49.5,False,18.0,42.0,New Mexico State,New Mexico,Aggie Memorial Stadium,regular,-24.0,8.359437073509682,-13.5,-2.1405629264903183,10.5
401866425,2026,4,-4.5,10.562869433547297,54.47638737066101,51.5,False,26.0,13.0,Kent State,Ball State,Dix Stadium,regular,13.0,-2.437130566452703,4.5,6.062869433547297,-8.5
401862707,2026,2,14.0,-2.2467899717202204,52.005235907614306,51.5,False,17.0,23.0,Sam Houston,Tulsa,Elliott T. Bowers Stadium,regular,-6.0,3.7532100282797796,-14.0,11.75321002827978,-8.0
401864575,2026,2,-9.5,9.574531862146184,52.08331326102886,49.5,False,28.0,24.0,Tulane,South Alabama,Yulman Stadium,regular,4.0,5.574531862146184,9.5,0.07453186214618412,5.5
401869955,2026,2,-9.5,13.675297251634245,54.67379345238693,54.5,False,17.0,31.0,Kennesaw State,Georgia State,Fifth Third Stadium,regular,-14.0,27.675297251634245,9.5,4.175297251634245,23.5
401871045,2026,2,-13.5,-5.5799428894706935,53.19189018200769,57.5,False,28.0,26.0,Marshall,Middle Tennessee,Joan C. Edwards Stadium,regular,2.0,-7.5799428894706935,13.5,-19.079942889470694,11.5
401866429,2026,4,6.5,-12.306492807935326,53.293295623856814,50.5,False,6.0,35.0,Sacramento State,Massachusetts,Hornet Stadium,regular,-29.0,16.693507192064672,-6.5,-5.806492807935326,22.5
401869931,2026,4,-5.5,3.99476804441124,52.6168364818844,54.5,False,17.0,14.0,Arkansas State,Kennesaw State,Centennial Bank Stadium,regular,3.0,0.9947680444112401,5.5,-1.5052319555887599,2.5
401869941,2026,4,1.5,4.719912051536099,52.8886907950928,52.5,False,17.0,34.0,Coastal Carolina,Liberty,Brooks Stadium (SC),regular,-17.0,21.7199120515361,-1.5,6.219912051536099,15.5
401856817,2026,5,-4.0,-5.275784316158667,53.39694384997972,49.5,False,,,Arizona State,Baylor,Mountain America Stadium,regular,,,4.0,-9.275784316158667,
401856820,2026,5,-7.0,4.000310608209977,56.423530747616375,55.5,False,,,Arizona,Cincinnati,Arizona Stadium,regular,,,7.0,-2.9996893917900227,
401860900,2026,5,4.5,-1.6126974167254375,53.40611186907427,59.5,False,,,San Diego State,Texas State,Snapdragon Stadium,regular,,,-4.5,2.8873025832745625,
401860921,2026,5,-2.5,-5.807787530857306,50.30635161604477,45.5,False,,,Washington State,Fresno State,Gesa Field,regular,,,2.5,-8.307787530857306,
401856634,2026,1,-28.0,10.948287420330807,54.99406856958581,52.5,False,48.0,10.0,Alabama,East Carolina,Bryant-Denny Stadium,regular,38.0,-27.051712579669193,28.0,-17.051712579669193,-10.0
401856665,2026,1,-35.5,17.213547113978606,54.41692153484858,53.5,False,57.0,0.0,South Carolina,Kent State,Williams-Brice Stadium,regular,57.0,-39.786452886021394,35.5,-18.286452886021394,-21.5
401856778,2026,1,-20.5,14.10972819867484,54.831336031799566,49.5,False,33.0,20.0,Houston,Oregon State,TDECU Stadium,regular,13.0,1.1097281986748406,20.5,-6.390271801325159,7.5
401856780,2026,1,-21.0,9.698859256165672,54.08932530194058,56.5,False,31.0,24.0,West Virginia,Coastal Carolina,Milan Puskar Stadium,regular,7.0,2.6988592561656723,21.0,-11.301140743834328,14.0
401858207,2026,1,-16.5,11.872950248066411,54.52966834619878,48.5,False,59.0,14.0,Pittsburgh,Miami (OH),Acrisure Stadium,regular,45.0,-33.12704975193359,16.5,-4.627049751933589,-28.5
401858425,2026,1,-40.0,13.027475109627488,56.90687834398604,55.5,False,52.0,16.0,Indiana,North Texas,"Memorial Stadium (Bloomington, IN)",regular,36.0,-22.97252489037251,40.0,-26.97252489037251,4.0
401858428,2026,1,-27.5,10.759287341811342,54.66259876944032,48.5,False,13.0,12.0,Michigan,Western Michigan,Michigan Stadium,regular,1.0,9.759287341811342,27.5,-16.740712658188656,26.5
401858432,2026,1,-50.5,30.10528169410367,54.66888803215958,56.5,False,56.0,3.0,Ohio State,Ball State,Ohio Stadium,regular,53.0,-22.89471830589633,50.5,-20.39471830589633,-2.5
401858436,2026,1,-21.5,20.76817886188593,56.6994076782211,51.5,False,39.0,0.0,USC,Fresno State,Los Angeles Memorial Coliseum,regular,39.0,-18.23182113811407,21.5,-0.7318211381140713,-17.5
401858437,2026,1,-23.0,8.71001275643553,54.9910816883773,50.5,False,24.0,10.0,Washington,Washington State,Husky Stadium,regular,14.0,-5.28998724356447,23.0,-14.28998724356447,9.0
401856686,2026,3,24.5,-37.53953808450885,56.18547226864069,54.5,False,17.0,45.0,Arkansas,Georgia,Razorback Stadium,regular,-28.0,-9.539538084508848,-24.5,-13.039538084508848,3.5
401856792,2026,3,-19.5,20.53052218692268,53.91789674103631,49.5,False,31.0,20.0,Kansas State,Tulane,Bill Snyder Family Stadium,regular,11.0,9.530522186922681,19.5,1.0305221869226813,8.5
401856798,2026,3,-22.5,25.449949011621595,53.12144490751489,45.5,False,55.0,7.0,Iowa State,Bowling Green,Jack Trice Stadium,regular,48.0,-22.550050988378405,22.5,2.9499490116215945,-25.5
401856811,2026,3,-8.5,5.8690599725889,53.83414737843548,,False,28.0,26.0,Texas Tech,Houston,Jones AT&T Stadium,regular,2.0,3.8690599725889,8.5,-2.6309400274111,6.5
401856812,2026,3,5.5,6.328745095330876,55.52307338346183,53.5,True,17.0,24.0,Kansas,Arizona State,Wembley Stadium,regular,-7.0,13.328745095330877,-5.5,11.828745095330877,1.5
401858225,2026,3,-10.5,16.407636505956262,53.882911635203826,51.5,False,27.0,13.0,Pittsburgh,Syracuse,Acrisure Stadium,regular,14.0,2.407636505956262,10.5,5.907636505956262,-3.5
401858226,2026,3,22.5,5.6104432823595545,54.326572331121575,55.5,False,20.0,33.0,Wake Forest,Miami,Allegacy Federal Credit Union Stadium,regular,-13.0,18.610443282359554,-22.5,28.110443282359554,-9.5
401858229,2026,3,-4.5,-1.4959326273078624,51.63456065190809,44.5,False,28.0,20.0,Clemson,North Carolina,"Memorial Stadium (Clemson, SC)",regular,8.0,-9.495932627307862,4.5,-5.995932627307862,-3.5
401858438,2026,1,-20.0,19.865430549557907,55.17932376544699,47.5,True,41.0,13.0,Notre Dame,Wisconsin,Lambeau Field,regular,28.0,-8.134569450442093,20.0,-0.13456945044209334,-8.0
401856694,2026,3,-15.5,31.243161121565873,57.66379624630917,48.5,False,21.0,31.0,Texas A&M,Kentucky,Kyle Field,regular,-10.0,41.243161121565876,15.5,15.743161121565873,25.5
401856695,2026,3,-4.0,21.79590295639748,55.679028986640645,53.5,False,35.0,31.0,Vanderbilt,NC State,FirstBank Stadium,regular,4.0,17.79590295639748,4.0,17.79590295639748,0.0
401856797,2026,3,-15.5,26.57883690730902,56.02723855388641,49.5,False,35.0,31.0,Cincinnati,Miami (OH),TQL Stadium,regular,4.0,22.57883690730902,15.5,11.078836907309022,11.5
401856801,2026,3,-27.5,31.545556635390614,55.64826334047278,57.5,False,33.0,0.0,Utah,Utah State,Rice-Eccles Stadium,regular,33.0,-1.4544433646093857,27.5,4.045556635390614,-5.5
401858230,2026,3,-1.5,-1.7033926095249567,54.04063494689244,59.5,False,41.0,31.0,Louisville,SMU,L&N Federal Credit Union Stadium,regular,10.0,-11.703392609524958,1.5,-3.2033926095249567,-8.5
401858450,2026,3,-36.5,35.8382933746375,53.25102957963058,49.5,False,52.0,17.0,Michigan,UTEP,Michigan Stadium,regular,35.0,0.8382933746375016,36.5,-0.6617066253624984,1.5
401858456,2026,3,-39.5,34.52904390673798,55.16141605295586,48.5,False,55.0,13.0,Penn State,Buffalo,Beaver Stadium,regular,42.0,-7.470956093262018,39.5,-4.970956093262018,-2.5
401858460,2026,3,-24.5,6.444503903702914,53.20525779834516,45.5,False,54.0,10.0,Wisconsin,Eastern Michigan,Camp Randall Stadium,regular,44.0,-37.555496096297084,24.5,-18.055496096297084,-19.5
401860889,2026,3,-3.0,-22.959496419808968,56.52532196909608,62.5,False,49.0,35.0,Texas State,North Texas,Bobcat Stadium (TX),regular,14.0,-36.95949641980897,3.0,-25.959496419808968,-11.0
401862699,2026,1,-14.0,16.17674120183532,55.4686628088227,52.0,False,19.0,9.0,South Florida,Florida International,Raymond James Stadium,regular,10.0,6.17674120183532,14.0,2.17674120183532,4.0
401864432,2026,1,1.5,1.3425301806222585,53.447027067325685,52.5,False,49.0,14.0,Nevada,Western Kentucky,Mackay Stadium,regular,35.0,-33.65746981937774,-1.5,2.8425301806222585,-36.5
401864497,2026,1,3.0,7.488130538542628,53.56437124591598,56.5,False,6.0,21.0,Hawai'i,UNLV,Clarence T.C. Ching Athletics Complex,regular,-15.0,22.488130538542627,-3.0,10.488130538542627,12.0
401864498,2026,1,-10.5,11.13308693441555,53.93862317061484,46.5,False,38.0,7.0,New Mexico,Central Michigan,University Stadium (NM),regular,31.0,-19.86691306558445,10.5,0.6330869344155499,-20.5
401869960,2026,1,-6.0,13.3726685389445,54.46742606956547,50.5,False,20.0,13.0,James Madison,Liberty,Bridgeforth Stadium,regular,7.0,6.372668538944501,6.0,7.372668538944501,-1.0
401870763,2026,1,-16.5,12.959913309782582,53.38614183705568,54.5,False,24.0,21.0,Troy,Sam Houston,Veterans Memorial Stadium (AL),regular,3.0,9.959913309782582,16.5,-3.540086690217418,13.5
401856673,2026,2,-40.5,31.32514537502164,55.40064785266951,55.5,False,70.0,20.0,Georgia,Western Kentucky,Sanford Stadium,regular,50.0,-18.67485462497836,40.5,-9.174854624978359,-9.5
401856679,2026,2,5.5,-16.155083649858998,52.977098331625605,43.5,False,17.0,10.0,Michigan,Oklahoma,Michigan Stadium,regular,7.0,-23.155083649858998,-5.5,-10.655083649858998,-12.5
401856683,2026,2,-14.0,25.789017975133415,55.7058383693712,50.0,False,48.0,20.0,Texas A&M,Arizona State,Kyle Field,regular,28.0,-2.210982024866585,14.0,11.789017975133415,-14.0
401856678,2026,2,5.5,1.6609553928555485,55.111835538469755,50.0,False,21.0,38.0,Kansas,Missouri,Memorial Stadium,regular,-17.0,18.66095539285555,-5.5,7.1609553928555485,11.5
401856681,2026,2,13.0,-0.8709080690115325,53.4004706872506,55.5,False,24.0,45.0,Georgia Tech,Tennessee,Bobby Dodd Stadium,regular,-21.0,20.129091930988466,-13.0,12.129091930988467,8.0
401856684,2026,2,-20.5,21.651761160669537,57.19395875299889,54.5,False,35.0,26.0,Vanderbilt,Delaware,FirstBank Stadium,regular,9.0,12.651761160669537,20.5,1.1517611606695368,11.5
401856781,2026,2,-18.5,11.231227967402114,53.74991442342915,48.5,False,34.0,7.0,Kansas State,Washington State,Bill Snyder Family Stadium,regular,27.0,-15.768772032597886,18.5,-7.2687720325978855,-8.5
401856782,2026,2,22.5,-13.619471637019476,52.06489687032532,57.5,False,39.0,31.0,Oklahoma State,Oregon,Boone Pickens Stadium,regular,8.0,-21.619471637019476,-22.5,8.880528362980524,-30.5
401858217,2026,2,-5.5,9.169063418304823,56.16309533854432,51.0,False,27.0,31.0,Illinois,Duke,"Memorial Stadium (Champaign, IL)",regular,-4.0,13.169063418304823,5.5,3.669063418304823,9.5
401858221,2026,2,-18.5,-1.800430574946711,53.981127006822454,50.0,False,44.0,21.0,Virginia Tech,Old Dominion,Lane Stadium,regular,23.0,-24.80043057494671,18.5,-20.30043057494671,-4.5
401858224,2026,2,3.0,-11.62067109750638,53.65011556892677,49.5,False,36.0,38.0,Purdue,Wake Forest,Ross-Ade Stadium,regular,-2.0,-9.62067109750638,-3.0,-8.62067109750638,-1.0
401858440,2026,2,-17.0,8.725382542415122,53.93713533513741,49.0,False,35.0,7.0,Michigan State,Eastern Michigan,Spartan Stadium,regular,28.0,-19.274617457584878,17.0,-8.274617457584878,-11.0
401858441,2026,2,-28.5,24.67781828926787,56.48652440755727,51.5,False,56.0,7.0,Nebraska,Bowling Green,"Memorial Stadium (Lincoln, NE)",regular,49.0,-24.32218171073213,28.5,-3.8221817107321314,-20.5
401858442,2026,2,24.0,-23.510388854524564,54.305663220063686,49.5,False,9.0,27.0,Temple,Penn State,Lincoln Financial Field,regular,-18.0,-5.510388854524564,-24.0,0.48961114547543616,-6.0
401858444,2026,2,12.5,5.4575540420535615,55.0251593660476,52.5,False,14.0,38.0,UConn,Maryland,Pratt & Whitney Stadium,regular,-24.0,29.457554042053562,-12.5,17.957554042053562,11.5
401858446,2026,2,-26.5,14.027511807071438,53.99971313181385,55.5,False,16.0,14.0,Washington,Utah State,Husky Stadium,regular,2.0,12.027511807071438,26.5,-12.472488192928562,24.5
401859184,2026,2,-44.5,33.08771011806847,56.666214374310016,55.5,False,52.0,0.0,Notre Dame,Rice,Notre Dame Stadium,regular,52.0,-18.912289881931528,44.5,-11.412289881931528,-7.5
401860881,2026,2,-8.5,-2.1456056980748457,53.42068038153501,54.5,False,38.0,20.0,Boise State,Memphis,Albertsons Stadium,regular,18.0,-20.145605698074846,8.5,-10.645605698074846,-9.5
401860884,2026,2,-1.5,-12.61617176984465,56.22916444080774,67.0,False,26.0,31.0,Texas State,UTSA,Bobcat Stadium (TX),regular,-5.0,-7.61617176984465,1.5,-14.11617176984465,6.5
401856702,2026,4,-8.5,8.598499836950483,55.978168862135945,53.5,False,35.0,6.0,LSU,Texas A&M,Tiger Stadium (LA),regular,29.0,-20.40150016304952,8.5,0.09849983695048259,-20.5
401856804,2026,4,13.5,-17.65250551989751,52.23711687500456,48.5,False,24.0,34.0,Washington State,Arizona,Gesa Field,regular,-10.0,-7.65250551989751,-13.5,-4.15250551989751,-3.5
401856814,2026,4,6.5,-9.905088000691311,55.13926753870662,52.5,False,31.0,26.0,Cincinnati,Kansas State,Nippert Stadium,regular,5.0,-14.905088000691311,-6.5,-3.405088000691311,-11.5
401856881,2026,4,-1.5,10.060531497061785,54.43887569204101,59.5,False,24.0,41.0,West Virginia,Oklahoma State,Milan Puskar Stadium,regular,-17.0,27.060531497061785,1.5,8.560531497061785,18.5
401862784,2026,4,-18.5,21.12066720328406,54.28476827992961,53.5,False,24.0,21.0,Tulane,Southern Miss,Yulman Stadium,regular,3.0,18.12066720328406,18.5,2.6206672032840608,15.5
401862702,2026,2,-3.5,-4.630374654309367,54.01982429053276,46.5,False,24.0,28.0,Army,South Florida,Michie Stadium,regular,-4.0,-0.6303746543093673,3.5,-8.130374654309367,7.5
401862705,2026,2,3.5,-4.334214956557025,55.712419104581954,57.0,False,44.0,6.0,North Texas,UNLV,DATCU Stadium,regular,38.0,-42.33421495655703,-3.5,-0.8342149565570249,-41.5
401862708,2026,2,-9.5,22.974970198433684,57.6673859161241,55.5,False,26.0,20.0,UAB,UL Monroe,Protective Stadium,regular,6.0,16.974970198433684,9.5,13.474970198433684,3.5
401864571,2026,2,-7.5,3.7627223430484817,55.26938379992585,56.5,False,24.0,27.0,East Carolina,App State,Dowdy-Ficklen Stadium,regular,-3.0,6.762722343048482,7.5,-3.7372776569515183,10.5
401866414,2026,2,-10.0,6.742151482222926,52.34643146681497,47.5,False,33.0,20.0,Florida International,Buffalo,Pitbull Stadium,regular,13.0,-6.257848517777074,10.0,-3.2578485177770737,-3.0
401866418,2026,2,-2.5,5.241867765466252,54.824605247275585,50.5,False,29.0,27.0,Ohio,Jacksonville State,Peden Stadium,regular,2.0,3.241867765466252,2.5,2.741867765466252,0.5
401856685,2026,3,-19.5,17.67549944223721,57.17791130627224,50.5,False,50.0,36.0,Alabama,Florida State,Bryant-Denny Stadium,regular,14.0,3.6754994422372107,19.5,-1.8245005577627893,5.5
401862774,2026,3,-4.5,15.229983592581874,53.16155696333065,52.5,False,49.0,48.0,Toledo,Temple,Glass Bowl,regular,1.0,14.229983592581874,4.5,10.729983592581874,3.5
401856696,2026,4,-11.5,4.26978079307748,57.5017853082316,53.5,False,49.0,18.0,Alabama,South Carolina,Bryant-Denny Stadium,regular,31.0,-26.73021920692252,11.5,-7.23021920692252,-19.5
401856700,2026,4,-14.0,16.792719459764964,56.083192280070605,45.5,False,41.0,13.0,Georgia,Oklahoma,Sanford Stadium,regular,28.0,-11.207280540235036,14.0,2.792719459764964,-14.0
401856704,2026,4,5.5,-1.6994571779279766,57.25644929523763,57.5,False,17.0,20.0,Tennessee,Texas,Neyland Stadium,regular,-3.0,1.3005428220720234,-5.5,3.8005428220720234,-2.5
401856699,2026,4,-2.5,-0.574115875037237,59.379605477276186,59.5,False,52.0,28.0,Florida,Ole Miss,Ben Hill Griffin Stadium,regular,24.0,-24.574115875037236,2.5,-3.0741158750372373,-21.5
401856805,2026,4,-37.5,13.48558226538171,53.82056846955701,54.5,False,49.0,14.0,Texas Tech,Sam Houston,Jones AT&T Stadium,regular,35.0,-21.51441773461829,37.5,-24.01441773461829,2.5
401856813,2026,4,-8.5,12.847915906926772,52.6957594552872,53.5,False,23.0,13.0,Baylor,Colorado,McLane Stadium,regular,10.0,2.8479159069267723,8.5,4.347915906926772,-1.5
401856691,2026,3,-3.5,-2.188036187783084,56.11840167431814,58.5,False,34.0,41.0,South Carolina,Mississippi State,Williams-Brice Stadium,regular,-7.0,4.811963812216916,3.5,-5.688036187783084,10.5
401856693,2026,3,-29.5,22.622018223365117,56.01175203693104,57.5,False,30.0,6.0,Texas,UTSA,DKR-Texas Memorial Stadium,regular,24.0,-1.3779817766348827,29.5,-6.877981776634883,5.5
401856793,2026,3,-35.5,24.59263504000693,54.45694584632025,49.5,False,42.0,17.0,Arizona,Northern Illinois,Arizona Stadium,regular,25.0,-0.4073649599930711,35.5,-10.907364959993071,10.5
401856799,2026,3,-20.5,15.489481838491592,52.9268949901239,57.5,False,31.0,7.0,TCU,Arkansas State,Amon G. Carter Stadium,regular,24.0,-8.510518161508408,20.5,-5.010518161508408,-3.5
401858231,2026,3,-10.0,22.257203660875213,53.86989820442433,50.5,False,35.0,7.0,Duke,Stanford,Wallace Wade Stadium,regular,28.0,-5.742796339124787,10.0,12.257203660875213,-18.0
401858449,2026,3,-44.5,59.80765035608746,59.585588650300494,59.5,False,38.0,0.0,Indiana,Western Kentucky,"Memorial Stadium (Bloomington, IN)",regular,38.0,21.807650356087457,44.5,15.307650356087457,6.5
401858451,2026,3,-26.5,17.021762445583416,54.19471677608224,49.5,False,41.0,7.0,Minnesota,Akron,Huntington Bank Stadium,regular,34.0,-16.978237554416584,26.5,-9.478237554416584,-7.5
401858462,2026,4,2.5,1.961990094543008,54.408321565970205,58.5,False,3.0,54.0,Maryland,UCLA,SECU Stadium,regular,-51.0,52.961990094543005,-2.5,4.461990094543008,48.5
401858454,2026,3,-51.5,48.59719236739788,55.880186510079426,58.5,False,59.0,3.0,Ohio State,Kent State,Ohio Stadium,regular,56.0,-7.402807632602119,51.5,-2.9028076326021193,-4.5
401858458,2026,3,-14.0,16.728855116343926,54.314040254262544,53.5,False,52.0,38.0,UCLA,Purdue,Rose Bowl,regular,14.0,2.728855116343926,14.0,2.728855116343926,0.0
401860887,2026,3,-1.5,-2.8742843622515952,51.10895359184765,46.5,False,13.0,26.0,San Diego State,James Madison,Snapdragon Stadium,regular,-13.0,10.125715637748405,1.5,-4.374284362251595,14.5
401862776,2026,3,-10.0,12.22283748825588,56.193085992216034,57.5,False,21.0,14.0,Louisiana,UAB,Cajun Field,regular,7.0,5.22283748825588,10.0,2.2228374882558803,3.0
401864443,2026,3,6.0,-13.943316989663227,53.258121402548824,49.5,False,27.0,20.0,Middle Tennessee,Nevada,"Johnny ""Red"" Floyd Stadium",regular,7.0,-20.943316989663227,-6.0,-7.943316989663227,-13.0
401864507,2026,3,27.5,-18.827986085954684,52.55974079856654,53.5,False,10.0,31.0,Sacramento State,North Dakota State,Hornet Stadium,regular,-21.0,2.1720139140453156,-27.5,8.672013914045316,-6.5
401864508,2026,3,-2.5,0.7075776311479445,52.336443415492056,39.5,False,24.0,10.0,Central Michigan,Wyoming,Kelly/Shorts Stadium,regular,14.0,-13.292422368852055,2.5,-1.7924223688520555,-11.5
401858467,2026,4,27.5,-24.641273910280972,55.30813648961218,56.5,False,10.0,49.0,Purdue,Notre Dame,Ross-Ade Stadium,regular,-39.0,14.358726089719028,-27.5,2.8587260897190276,11.5
401860896,2026,4,-11.5,9.342037254543104,53.45588657653009,57.5,False,59.0,45.0,UTSA,Colorado State,Alamodome,regular,14.0,-4.657962745456896,11.5,-2.1579627454568957,-2.5
401864510,2026,4,5.5,-1.0711999363644762,50.88310588286552,44.5,False,27.0,10.0,Wyoming,Hawai'i,War Memorial Stadium,regular,17.0,-18.071199936364476,-5.5,4.428800063635524,-22.5
401864511,2026,4,-8.5,27.151142172624105,56.90126500841842,54.5,False,35.0,14.0,Georgia State,Northern Illinois,Center Parc Stadium,regular,21.0,6.151142172624105,8.5,18.651142172624105,-12.5
401864512,2026,4,14.0,-5.123407478427364,50.60556321324339,49.5,False,10.0,38.0,Akron,UNLV,InfoCision Stadium,regular,-28.0,22.876592521572636,-14.0,8.876592521572636,14.0
401864576,2026,4,-19.5,5.217650968925085,55.46562937707652,55.5,False,45.0,21.0,Kentucky,South Alabama,Kroger Field,regular,24.0,-18.782349031074915,19.5,-14.282349031074915,-4.5
401856637,2026,1,-26.5,14.66863620646644,55.103653489136235,59.5,False,66.0,21.0,Florida,Florida Atlantic,Ben Hill Griffin Stadium,regular,45.0,-30.331363793533562,26.5,-11.83136379353356,-18.5
401856660,2026,1,-10.0,5.8034641845624275,53.61411464051301,50.5,False,51.0,10.0,LSU,Clemson,Tiger Stadium (LA),regular,41.0,-35.19653581543757,10.0,-4.1965358154375725,-31.0
401856661,2026,1,-7.0,10.439061469241604,55.60177739762304,55.5,True,41.0,38.0,Ole Miss,Louisville,Nissan Stadium,regular,3.0,7.439061469241604,7.0,3.4390614692416044,4.0
401856662,2026,1,-28.5,19.498585268844508,55.152378181614736,55.5,False,62.0,13.0,Mississippi State,UL Monroe,Davis Wade Stadium,regular,49.0,-29.501414731155492,28.5,-9.001414731155492,-20.5
401858210,2026,1,2.0,8.508341416804145,54.83785861149449,53.5,False,24.0,45.0,California,UCLA,California Memorial Stadium,regular,-21.0,29.508341416804143,-2.0,10.508341416804145,19.0
401858212,2026,1,3.0,12.156499327644154,55.448829796163466,52.5,False,24.0,27.0,Florida State,SMU,Doak Campbell Stadium,regular,-3.0,15.156499327644154,-3.0,15.156499327644154,0.0
401856698,2026,4,-9.5,8.851484460604846,54.982246890593515,52.5,False,21.0,15.0,Auburn,Vanderbilt,Jordan-Hare Stadium,regular,6.0,2.851484460604846,9.5,-0.648515539395154,3.5
401856806,2026,4,19.5,-6.240621054056674,52.721133938373185,55.5,False,28.0,42.0,Georgia Southern,Houston,Allen E. Paulson Stadium,regular,-14.0,7.759378945943326,-19.5,13.259378945943325,-5.5
401858239,2026,4,-21.0,15.67212621622718,53.88582284810039,54.5,False,42.0,3.0,Virginia,Delaware,Scott Stadium,regular,39.0,-23.32787378377282,21.0,-5.327873783772819,-18.0
401858461,2026,4,-22.5,13.97432683961258,55.24475754759345,47.5,False,29.0,23.0,Indiana,Northwestern,"Memorial Stadium (Bloomington, IN)",regular,6.0,7.97432683961258,22.5,-8.52567316038742,16.5
401858464,2026,4,4.5,-2.182664192168063,54.4992352232044,48.5,False,13.0,31.0,Michigan State,Nebraska,Spartan Stadium,regular,-18.0,15.817335807831936,-4.5,2.317335807831937,13.5
401858465,2026,4,-27.5,13.833248583449748,56.692138082567986,53.5,False,42.0,19.0,Ohio State,Illinois,Ohio Stadium,regular,23.0,-9.166751416550252,27.5,-13.666751416550252,4.5
401858466,2026,4,-9.5,24.034241059361086,54.204290128544,44.5,False,20.0,24.0,Penn State,Wisconsin,Beaver Stadium,regular,-4.0,28.034241059361086,9.5,14.534241059361086,13.5
401858470,2026,4,-9.5,8.467853160865182,52.91178159869767,45.5,False,24.0,27.0,Washington,Minnesota,Husky Stadium,regular,-3.0,11.467853160865182,9.5,-1.0321468391348176,12.5
401860893,2026,4,-1.5,14.548731649956837,54.30169899152386,48.5,False,41.0,16.0,Toledo,San Diego State,Glass Bowl,regular,25.0,-10.451268350043163,1.5,13.048731649956837,-23.5
401862785,2026,4,16.5,-18.563566275771414,54.241965262218464,51.5,False,6.0,14.0,Bowling Green,South Florida,Doyt L. Perry Stadium,regular,-8.0,-10.563566275771414,-16.5,-2.0635662757714144,-8.5
401856670,2026,2,-12.0,11.67948916772043,56.73439672318188,54.5,False,43.0,10.0,Utah,Arkansas,Rice-Eccles Stadium,regular,33.0,-21.32051083227957,12.0,-0.3205108322795702,-21.0
401856671,2026,2,-33.5,11.850431417123724,52.49075524257203,57.5,False,43.0,8.0,Auburn,Southern Miss,Jordan-Hare Stadium,regular,35.0,-23.149568582876277,33.5,-21.649568582876277,-1.5
401856676,2026,2,-47.5,25.600455139215057,56.195667251981455,61.5,False,41.0,9.0,Ole Miss,Charlotte,Vaught-Hemingway Stadium,regular,32.0,-6.399544860784943,47.5,-21.899544860784943,15.5
401858219,2026,2,-20.5,0.455255361048922,54.59873571014165,56.0,False,22.0,7.0,Clemson,Georgia Southern,"Memorial Stadium (Clemson, SC)",regular,15.0,-14.544744638951078,20.5,-20.044744638951077,5.5
401858445,2026,2,-30.5,30.383911589633797,57.04019601545731,59.5,False,49.0,30.0,USC,Louisiana,Los Angeles Memorial Coliseum,regular,19.0,11.383911589633797,30.5,-0.11608841036620277,11.5
401860883,2026,2,-18.0,8.357578371844554,50.84080177841676,45.0,False,49.0,3.0,Fresno State,Sacramento State,Valley Children's Stadium,regular,46.0,-37.64242162815545,18.0,-9.642421628155446,-28.0
401864502,2026,2,2.5,-5.5374805214814575,55.42942588357968,47.5,False,32.0,38.0,Air Force,North Dakota State,Falcon Stadium,regular,-6.0,0.46251947851854247,-2.5,-3.0374805214814575,3.5
401864578,2026,2,-8.0,12.79534902330283,52.421259886462856,50.5,False,29.0,19.0,Hawai'i,New Mexico State,Clarence T.C. Ching Athletics Complex,regular,10.0,2.7953490233028297,8.0,4.79534902330283,-2.0
401867796,2026,2,-35.0,26.32316816200611,54.87430744710167,56.0,False,45.0,14.0,LSU,Louisiana Tech,Tiger Stadium (LA),regular,31.0,-4.676831837993891,35.0,-8.676831837993891,4.0
401866422,2026,3,-14.5,19.32860421891277,53.86351402383095,53.5,False,51.0,15.0,Liberty,Ball State,Williams Stadium (VA),regular,36.0,-16.67139578108723,14.5,4.828604218912769,-21.5
401866423,2026,3,-4.5,9.661027657459096,57.03754871336928,53.5,False,41.0,36.0,South Alabama,Ohio,Hancock Whitney Stadium,regular,5.0,4.661027657459096,4.5,5.161027657459096,-0.5
401867804,2026,3,-17.5,12.495910756754984,52.52682991807359,54.5,False,36.0,19.0,Baylor,Louisiana Tech,McLane Stadium,regular,17.0,-4.504089243245016,17.5,-5.004089243245016,0.5
401869940,2026,3,-4.5,4.096306457208694,54.66578886908853,58.5,False,22.0,14.0,Delaware,Coastal Carolina,Delaware Stadium,regular,8.0,-3.9036935427913058,4.5,-0.40369354279130576,-3.5
401869948,2026,3,-3.5,13.016273664548502,53.705572855921815,53.5,False,31.0,27.0,Jacksonville State,Georgia Southern,AmFirst Stadium,regular,4.0,9.016273664548502,3.5,9.516273664548502,-0.5
401869961,2026,4,4.5,1.339671067115398,53.03230825797793,50.5,False,20.0,46.0,Old Dominion,James Madison,S.B. Ballard Stadium,regular,-26.0,27.339671067115397,-4.5,5.839671067115398,21.5
401871048,2026,4,-9.5,9.023458588535648,55.055947339173414,54.5,False,23.0,13.0,Jacksonville State,Middle Tennessee,AmFirst Stadium,regular,10.0,-0.9765414114643516,9.5,-0.4765414114643516,-0.5
401856705,2026,5,-23.5,29.592687662437054,58.01662450500585,50.5,False,,,Georgia,Vanderbilt,Sanford Stadium,regular,,,23.5,6.092687662437054,
401856708,2026,5,5.5,-13.026975497752892,55.25558629395238,57.0,False,,,Missouri,Florida,Memorial Stadium,regular,,,-5.5,-7.5269754977528915,
401856709,2026,5,-2.5,7.889074806579469,55.52906211494212,53.5,False,,,South Carolina,Kentucky,Williams-Brice Stadium,regular,,,2.5,5.389074806579469,
401856710,2026,5,-7.0,8.125333944571512,55.97551269627854,54.0,False,,,Tennessee,Auburn,Neyland Stadium,regular,,,7.0,1.125333944571512,
401858457,2026,3,24.5,-18.587802630555416,53.89200118871453,57.5,False,35.0,42.0,Rutgers,USC,SHI Stadium,regular,-7.0,-11.587802630555416,-24.5,5.912197369444584,-17.5
401862710,2026,3,-2.5,9.210672902665973,55.24223124981023,49.5,False,17.0,20.0,Old Dominion,East Carolina,S.B. Ballard Stadium,regular,-3.0,12.210672902665973,2.5,6.710672902665973,5.5
401862771,2026,3,-7.5,-3.761716683226288,54.82554558335844,62.5,False,16.0,10.0,Florida Atlantic,Florida International,FAU Stadium,regular,6.0,-9.761716683226288,7.5,-11.261716683226288,1.5
401864574,2026,3,-20.5,22.315122467754563,54.05015515734758,51.5,False,26.0,21.0,App State,Charlotte,Kidd Brewer Stadium,regular,5.0,17.315122467754563,20.5,1.8151224677545628,15.5
401871047,2026,3,4.0,6.849141038905703,53.92323293861331,51.5,False,24.0,30.0,Missouri State,Marshall,Plaster Sports Complex,regular,-6.0,12.849141038905703,-4.0,10.849141038905703,2.0
401856697,2026,4,-8.5,-11.04558271378716,51.79491654815417,52.5,False,34.0,6.0,Arkansas,Tulsa,Razorback Stadium,regular,28.0,-39.04558271378716,8.5,-19.545582713787162,-19.5
401856703,2026,4,-3.5,17.597273172678044,57.25371287926329,58.5,False,31.0,24.0,Mississippi State,Missouri,Davis Wade Stadium,regular,7.0,10.597273172678044,3.5,14.097273172678044,-3.5
401856815,2026,4,3.0,13.162127032277038,52.61670803499029,50.5,False,21.0,13.0,UCF,TCU,FBC Mortgage Stadium,regular,8.0,5.162127032277038,-3.0,16.162127032277038,-11.0
401856816,2026,4,10.5,-19.827431674822098,54.34239903162134,49.5,False,17.0,31.0,Iowa State,Utah,Jack Trice Stadium,regular,-14.0,-5.827431674822098,-10.5,-9.327431674822098,3.5
401858238,2026,4,-42.5,24.876526410296425,54.346053989207945,54.5,False,52.0,3.0,Miami,Central Michigan,Hard Rock Stadium,regular,49.0,-24.123473589703575,42.5,-17.623473589703575,-6.5
401858240,2026,4,4.5,-0.6742987748785296,54.46432866808617,47.5,False,34.0,27.0,Stanford,Georgia Tech,Stanford Stadium,regular,7.0,-7.67429877487853,-4.5,3.8257012251214704,-11.5
401858241,2026,4,-34.5,28.02831626371735,54.11396820360994,59.5,False,34.0,24.0,SMU,Missouri State,Gerald J. Ford Stadium,regular,10.0,18.02831626371735,34.5,-6.47168373628265,24.5
401858242,2026,4,14.0,-12.38149833576653,55.30257621544453,54.5,False,14.0,21.0,Boston College,Virginia Tech,"Alumni Stadium (Chestnut Hill, MA)",regular,-7.0,-5.38149833576653,-14.0,1.6185016642334702,-7.0
401858243,2026,4,-13.5,9.435716639891666,55.54530834041049,58.5,False,27.0,30.0,Louisville,Wake Forest,L&N Federal Credit Union Stadium,regular,-3.0,12.435716639891666,13.5,-4.064283360108334,16.5
401858463,2026,4,-5.5,4.176337127056126,51.709758093955415,38.5,False,19.0,20.0,Michigan,Iowa,Michigan Stadium,regular,-1.0,5.176337127056126,5.5,-1.3236628729438742,6.5
401858469,2026,4,1.5,13.36927816201462,57.38954254851565,62.5,False,27.0,41.0,USC,Oregon,Los Angeles Memorial Coliseum,regular,-14.0,27.36927816201462,-1.5,14.86927816201462,12.5
401860891,2026,4,-13.5,20.060970152851436,51.57875452832106,43.5,False,38.0,24.0,Fresno State,Rice,Valley Children's Stadium,regular,14.0,6.060970152851436,13.5,6.560970152851436,-0.5
401856711,2026,5,-14.0,7.294149290771411,54.94469463774372,50.5,False,,,Texas A&M,Arkansas,Kyle Field,regular,,,14.0,-6.705850709228589,
401856818,2026,5,6.5,-1.0077582487789294,51.19785153591508,47.5,False,,,TCU,BYU,Amon G. Carter Stadium,regular,,,-6.5,5.492241751221071,
401858247,2026,5,-2.5,5.124058576040607,53.11787825601488,53.5,False,,,UNLV,California,Allegiant Stadium,regular,,,2.5,2.624058576040607,
401858248,2026,5,4.0,-3.590401991152391,54.70524216649384,58.5,False,,,NC State,Louisville,Carter-Finley Stadium,regular,,,-4.0,0.4095980088476092,
401858253,2026,5,3.0,-2.454576476104808,54.098698531934566,51.5,False,,,Florida State,Virginia,Doak Campbell Stadium,regular,,,-3.0,0.5454235238951921,
401858472,2026,5,-10.0,17.952237424130796,59.36713019781517,61.5,False,,,Illinois,Purdue,"Memorial Stadium (Champaign, IL)",regular,,,10.0,7.9522374241307965,
401858473,2026,5,14.0,-8.635477450607551,52.49365226404464,45.5,False,,,Iowa,Ohio State,Kinnick Stadium,regular,,,-14.0,5.364522549392449,
401858475,2026,5,-14.5,26.976501871381267,55.67623858064019,52.5,False,,,Nebraska,Maryland,"Memorial Stadium (Lincoln, NE)",regular,,,14.5,12.476501871381267,
401858477,2026,5,24.5,-18.564357903738586,54.98454121874947,56.5,False,,,Rutgers,Indiana,SHI Stadium,regular,,,-24.5,5.9356420962614145,
401858479,2026,5,-10.0,3.530039916657136,53.6311820762808,43.5,False,,,Wisconsin,Michigan State,Camp Randall Stadium,regular,,,10.0,-6.469960083342864,
401860899,2026,5,6.5,5.821880776186622,54.993929420707936,62.5,False,,,Colorado State,Oregon State,Canvas Stadium,regular,,,-6.5,12.321880776186621,
401862787,2026,5,20.5,-7.476378220485396,54.39806007160251,52.5,False,,,Charlotte,Memphis,Jerry Richardson Stadium,regular,,,-20.5,13.023621779514604,
401862788,2026,5,11.5,-11.580478865295031,55.17965928410126,56.0,False,,,Rice,UTSA,Rice Stadium,regular,,,-11.5,-0.08047886529503145,
401862792,2026,5,-6.5,11.36281222930694,52.94848871684586,48.5,False,,,South Florida,Temple,Raymond James Stadium,regular,,,6.5,4.86281222930694,
401864513,2026,5,-2.5,1.5160078479903454,52.05845711536325,51.5,False,,,Hawai'i,San José State,Clarence T.C. Ching Athletics Complex,regular,,,2.5,-0.9839921520096546,
401864514,2026,5,-22.5,34.71938524871498,55.534804375800846,48.5,False,,,New Mexico,UTEP,University Stadium (NM),regular,,,22.5,12.219385248714978,
401864515,2026,5,-18.0,18.940317038280956,51.81402694704799,45.5,False,,,North Dakota State,Wyoming,Fargodome,regular,,,18.0,0.9403170382809556,
401866430,2026,5,-6.5,15.866328398539366,54.18089022393869,47.0,False,,,Central Michigan,Akron,Kelly/Shorts Stadium,regular,,,6.5,9.366328398539366,
401866431,2026,5,19.5,-26.030792923862307,53.11779914235934,52.5,False,,,Ball State,Toledo,Scheumann Stadium,regular,,,-19.5,-6.5307929238623075,
401866432,2026,5,13.5,-6.129017214529622,52.11304739560613,46.5,False,,,Buffalo,Western Michigan,UB Stadium,regular,,,-13.5,7.370982785470378,
401866433,2026,5,-6.5,13.633317088752053,54.10194583182618,48.5,False,,,Massachusetts,Eastern Michigan,Warren McGuirk Alumni Stadium,regular,,,6.5,7.133317088752053,
401866434,2026,5,3.0,-5.041578224370085,53.77228157086026,50.5,False,,,Kent State,Ohio,Dix Stadium,regular,,,-3.0,-2.0415782243700846,
401866477,2026,5,-13.0,15.904242327176762,55.355727587204115,42.5,False,,,Miami (OH),Bowling Green,Yager Stadium,regular,,,13.0,2.904242327176762,
401869842,2026,5,2.5,4.01362052011905,53.53890800086526,46.0,False,,,Louisiana Tech,Army,Joe Aillet Stadium,regular,,,-2.5,6.51362052011905,
401869932,2026,5,-6.5,18.75610282806087,52.97690936596314,47.5,False,,,Louisiana,Arkansas State,Cajun Field,regular,,,6.5,12.256102828060872,
401869942,2026,5,2.5,5.9358471050272605,52.4595625077019,54.5,False,,,Coastal Carolina,Georgia Southern,Brooks Stadium (SC),regular,,,-2.5,8.43584710502726,
401869956,2026,5,-1.5,5.229666993483597,54.1558251507223,52.0,False,,,Georgia State,Old Dominion,Center Parc Stadium,regular,,,1.5,3.7296669934835966,
401869962,2026,5,-18.5,25.003240684727196,53.80900135432072,56.0,False,,,James Madison,Marshall,Bridgeforth Stadium,regular,,,18.5,6.503240684727196,
401871050,2026,5,7.0,-2.72434556382208,54.26664605251272,50.0,False,,,Delaware,Liberty,Delaware Stadium,regular,,,-7.0,4.27565443617792,
401871089,2026,5,-14.0,21.388795415020773,56.42954050145667,57.5,False,,,South Alabama,UL Monroe,Hancock Whitney Stadium,regular,,,14.0,7.388795415020773,
