season,week,game_id,kickoff_utc,team,opponent,side,measurement_id,unit_role,numerator,denominator,raw_value,usable_exposure,exposure_unit,coverage_status,missing_reason,quality_flags,timing_class
2025,1,401752665,2025-08-30 19:30:00+00:00,Florida State,Alabama,home,ppp,offense,31.0,10.0,3.1,10.0,possessions,observed,,mixed_eligibility_drive,historically_reconstructed
2025,1,401752665,2025-08-30 19:30:00+00:00,Alabama,Florida State,away,ppp,offense,17.0,10.0,1.7,10.0,possessions,observed,,mixed_eligibility_drive,historically_reconstructed
2025,1,401752666,2025-08-30 20:15:00+00:00,Arkansas,Alabama A&M,home,ppp,offense,45.0,9.0,5.0,9.0,possessions,observed,,mixed_eligibility_drive,historically_reconstructed
2025,1,401752666,2025-08-30 20:15:00+00:00,Alabama A&M,Arkansas,away,ppp,offense,7.0,7.0,1.0,7.0,possessions,observed,,mixed_eligibility_drive,historically_reconstructed
2025,1,401752667,2025-08-30 00:00:00+00:00,Baylor,Auburn,home,ppp,offense,24.0,10.0,2.4,10.0,possessions,observed,,mixed_eligibility_drive,historically_reconstructed
2025,1,401752667,2025-08-30 00:00:00+00:00,Auburn,Baylor,away,ppp,offense,31.0,9.0,3.4444444444444446,9.0,possessions,observed,,mixed_eligibility_drive,historically_reconstructed
2025,1,401752668,2025-08-30 23:00:00+00:00,Florida,Long Island University,home,ppp,offense,31.0,7.0,4.428571428571429,7.0,possessions,observed,,mixed_eligibility_drive,historically_reconstructed
2025,1,401752668,2025-08-30 23:00:00+00:00,Long Island University,Florida,away,ppp,offense,0.0,9.0,0.0,9.0,possessions,observed,,mixed_eligibility_drive,historically_reconstructed
2025,1,401752669,2025-08-30 19:30:00+00:00,Georgia,Marshall,home,ppp,offense,38.0,10.0,3.8,10.0,possessions,observed,,mixed_eligibility_drive,historically_reconstructed
2025,1,401752669,2025-08-30 19:30:00+00:00,Marshall,Georgia,away,ppp,offense,0.0,10.0,0.0,10.0,possessions,observed,,mixed_eligibility_drive,historically_reconstructed
2025,1,401752670,2025-08-30 16:45:00+00:00,Kentucky,Toledo,home,ppp,offense,24.0,13.0,1.8461538461538463,13.0,possessions,observed,,mixed_eligibility_drive,historically_reconstructed
2025,1,401752670,2025-08-30 16:45:00+00:00,Toledo,Kentucky,away,ppp,offense,7.0,13.0,0.5384615384615384,13.0,possessions,observed,,mixed_eligibility_drive,historically_reconstructed
2025,1,401752671,2025-08-30 23:30:00+00:00,Clemson,LSU,home,ppp,offense,10.0,11.0,0.9090909090909091,11.0,possessions,observed,,mixed_eligibility_drive,historically_reconstructed
2025,1,401752671,2025-08-30 23:30:00+00:00,LSU,Clemson,away,ppp,offense,17.0,11.0,1.5454545454545454,11.0,possessions,observed,,mixed_eligibility_drive,historically_reconstructed
2025,1,401752672,2025-08-30 23:45:00+00:00,Ole Miss,Georgia State,home,ppp,offense,34.0,10.0,3.4,10.0,possessions,observed,,mixed_eligibility_drive,historically_reconstructed
2025,1,401752672,2025-08-30 23:45:00+00:00,Georgia State,Ole Miss,away,ppp,offense,7.0,10.0,0.7,10.0,possessions,observed,,mixed_eligibility_drive,historically_reconstructed
2025,1,401752673,2025-08-30 16:00:00+00:00,Southern Mississippi,Mississippi State,home,ppp,offense,17.0,12.0,1.4166666666666667,12.0,possessions,observed,,mixed_eligibility_drive,historically_reconstructed
2025,1,401752673,2025-08-30 16:00:00+00:00,Mississippi State,Southern Mississippi,away,ppp,offense,34.0,12.0,2.8333333333333335,12.0,possessions,observed,,mixed_eligibility_drive,historically_reconstructed
2025,1,401752674,2025-08-28 23:30:00+00:00,Missouri,Central Arkansas,home,ppp,offense,33.0,7.0,4.714285714285714,7.0,possessions,observed,,mixed_eligibility_drive,historically_reconstructed
2025,1,401752674,2025-08-28 23:30:00+00:00,Central Arkansas,Missouri,away,ppp,offense,0.0,7.0,0.0,7.0,possessions,observed,,mixed_eligibility_drive,historically_reconstructed
2025,1,401752675,2025-08-30 22:00:00+00:00,Oklahoma,Illinois State,home,ppp,offense,35.0,10.0,3.5,10.0,possessions,observed,,mixed_eligibility_drive,historically_reconstructed
2025,1,401752675,2025-08-30 22:00:00+00:00,Illinois State,Oklahoma,away,ppp,offense,3.0,10.0,0.3,10.0,possessions,observed,,mixed_eligibility_drive,historically_reconstructed
2025,1,401752676,2025-08-30 16:00:00+00:00,Tennessee,Syracuse,home,ppp,offense,38.0,12.0,3.1666666666666665,12.0,possessions,observed,,mixed_eligibility_drive,historically_reconstructed
2025,1,401752676,2025-08-30 16:00:00+00:00,Syracuse,Tennessee,away,ppp,offense,26.0,13.0,2.0,13.0,possessions,observed,,mixed_eligibility_drive,historically_reconstructed
2025,1,401752677,2025-08-30 16:00:00+00:00,Ohio State,Texas,home,ppp,offense,14.0,11.0,1.2727272727272727,11.0,possessions,observed,,mixed_eligibility_drive,historically_reconstructed
2025,1,401752677,2025-08-30 16:00:00+00:00,Texas,Ohio State,away,ppp,offense,7.0,10.0,0.7,10.0,possessions,observed,,mixed_eligibility_drive,historically_reconstructed
2025,1,401752678,2025-08-30 23:00:00+00:00,Texas A&M,UT San Antonio,home,ppp,offense,28.0,13.0,2.1538461538461537,13.0,possessions,observed,,mixed_eligibility_drive,historically_reconstructed
2025,1,401752678,2025-08-30 23:00:00+00:00,UT San Antonio,Texas A&M,away,ppp,offense,24.0,12.0,,0.0,possessions,missing,unresolved_scoring_attribution,mixed_eligibility_drive,historically_reconstructed
2025,1,401752679,2025-08-30 23:00:00+00:00,Vanderbilt,Charleston Southern,home,ppp,offense,35.0,8.0,4.375,8.0,possessions,observed,,mixed_eligibility_drive,historically_reconstructed
2025,1,401752679,2025-08-30 23:00:00+00:00,Charleston Southern,Vanderbilt,away,ppp,offense,0.0,7.0,0.0,7.0,possessions,observed,,mixed_eligibility_drive,historically_reconstructed
2025,1,401752680,2025-08-31 19:00:00+00:00,South Carolina,Virginia Tech,home,ppp,offense,17.0,10.0,1.7,10.0,possessions,observed,,mixed_eligibility_drive,historically_reconstructed
2025,1,401752680,2025-08-31 19:00:00+00:00,Virginia Tech,South Carolina,away,ppp,offense,9.0,11.0,0.8181818181818182,11.0,possessions,observed,,mixed_eligibility_drive,historically_reconstructed
2025,1,401752793,2025-08-29 00:00:00+00:00,Minnesota,Buffalo,home,ppp,offense,23.0,11.0,2.090909090909091,11.0,possessions,observed,,mixed_eligibility_drive,historically_reconstructed
2025,1,401752793,2025-08-29 00:00:00+00:00,Buffalo,Minnesota,away,ppp,offense,10.0,10.0,1.0,10.0,possessions,observed,,mixed_eligibility_drive,historically_reconstructed
2025,1,401752794,2025-08-28 22:00:00+00:00,Rutgers,Ohio,home,ppp,offense,7.0,11.0,,0.0,possessions,missing,unresolved_scoring_attribution,mixed_eligibility_drive,historically_reconstructed
2025,1,401752794,2025-08-28 22:00:00+00:00,Ohio,Rutgers,away,ppp,offense,31.0,11.0,2.8181818181818183,11.0,possessions,observed,,mixed_eligibility_drive,historically_reconstructed
2025,1,401752795,2025-08-29 23:30:00+00:00,Illinois,Western Illinois,home,ppp,offense,31.0,7.0,4.428571428571429,7.0,possessions,observed,,mixed_eligibility_drive,historically_reconstructed
2025,1,401752795,2025-08-29 23:30:00+00:00,Western Illinois,Illinois,away,ppp,offense,0.0,8.0,0.0,8.0,possessions,observed,,mixed_eligibility_drive,historically_reconstructed
2025,1,401752796,2025-08-29 01:00:00+00:00,Cincinnati,Nebraska,home,ppp,offense,17.0,10.0,1.7,10.0,possessions,observed,,mixed_eligibility_drive,historically_reconstructed
2025,1,401752796,2025-08-29 01:00:00+00:00,Nebraska,Cincinnati,away,ppp,offense,20.0,10.0,2.0,10.0,possessions,observed,,mixed_eligibility_drive,historically_reconstructed
2025,1,401752797,2025-08-30 16:00:00+00:00,Maryland,Florida Atlantic,home,ppp,offense,30.0,12.0,,0.0,possessions,missing,unresolved_scoring_attribution,mixed_eligibility_drive,historically_reconstructed
2025,1,401752797,2025-08-30 16:00:00+00:00,Florida Atlantic,Maryland,away,ppp,offense,7.0,13.0,0.5384615384615384,13.0,possessions,observed,,mixed_eligibility_drive,historically_reconstructed
2025,1,401752798,2025-08-30 23:30:00+00:00,USC,Missouri State,home,ppp,offense,42.0,6.0,7.0,6.0,possessions,observed,,mixed_eligibility_drive,historically_reconstructed
2025,1,401752798,2025-08-30 23:30:00+00:00,Missouri State,USC,away,ppp,offense,10.0,7.0,1.4285714285714286,7.0,possessions,observed,,mixed_eligibility_drive,historically_reconstructed
2025,1,401752799,2025-08-30 22:00:00+00:00,Iowa,UAlbany,home,ppp,offense,34.0,9.0,3.7777777777777777,9.0,possessions,observed,,mixed_eligibility_drive,historically_reconstructed
2025,1,401752799,2025-08-30 22:00:00+00:00,UAlbany,Iowa,away,ppp,offense,7.0,8.0,0.875,8.0,possessions,observed,,mixed_eligibility_drive,historically_reconstructed
2025,1,401752800,2025-08-31 03:00:00+00:00,UCLA,Utah,home,ppp,offense,10.0,7.0,,0.0,possessions,missing,unresolved_scoring_attribution,mixed_eligibility_drive,historically_reconstructed
2025,1,401752800,2025-08-31 03:00:00+00:00,Utah,UCLA,away,ppp,offense,40.0,8.0,5.0,8.0,possessions,observed,,mixed_eligibility_drive,historically_reconstructed
2025,1,401752801,2025-08-30 16:00:00+00:00,Purdue,Ball State,home,ppp,offense,28.0,7.0,4.0,7.0,possessions,observed,,mixed_eligibility_drive,historically_reconstructed
2025,1,401752801,2025-08-30 16:00:00+00:00,Ball State,Purdue,away,ppp,offense,0.0,8.0,0.0,8.0,possessions,observed,,mixed_eligibility_drive,historically_reconstructed
2025,1,401752802,2025-08-29 23:00:00+00:00,Michigan State,Western Michigan,home,ppp,offense,21.0,13.0,,0.0,possessions,missing,unresolved_scoring_attribution,mixed_eligibility_drive,historically_reconstructed
2025,1,401752802,2025-08-29 23:00:00+00:00,Western Michigan,Michigan State,away,ppp,offense,0.0,13.0,0.0,13.0,possessions,observed,,mixed_eligibility_drive,historically_reconstructed
2025,1,401752803,2025-08-30 16:00:00+00:00,Tulane,Northwestern,home,ppp,offense,16.0,12.0,1.3333333333333333,12.0,possessions,observed,,mixed_eligibility_drive,historically_reconstructed
2025,1,401752803,2025-08-30 16:00:00+00:00,Northwestern,Tulane,away,ppp,offense,3.0,11.0,0.2727272727272727,11.0,possessions,observed,,mixed_eligibility_drive,historically_reconstructed
2025,1,401752804,2025-08-30 20:00:00+00:00,Oregon,Montana State,home,ppp,offense,45.0,7.0,6.428571428571429,7.0,possessions,observed,,mixed_eligibility_drive,historically_reconstructed
2025,1,401752804,2025-08-30 20:00:00+00:00,Montana State,Oregon,away,ppp,offense,3.0,5.0,0.6,5.0,possessions,observed,,mixed_eligibility_drive,historically_reconstructed
2025,1,401752805,2025-08-31 03:00:00+00:00,Washington,Colorado State,home,ppp,offense,38.0,11.0,3.4545454545454546,11.0,possessions,observed,,mixed_eligibility_drive,historically_reconstructed
2025,1,401752805,2025-08-31 03:00:00+00:00,Colorado State,Washington,away,ppp,offense,21.0,10.0,2.1,10.0,possessions,observed,,mixed_eligibility_drive,historically_reconstructed
2025,1,401752806,2025-08-30 18:30:00+00:00,Indiana,Old Dominion,home,ppp,offense,20.0,11.0,1.8181818181818181,11.0,possessions,observed,,mixed_eligibility_drive,historically_reconstructed
2025,1,401752806,2025-08-30 18:30:00+00:00,Old Dominion,Indiana,away,ppp,offense,14.0,12.0,1.1666666666666667,12.0,possessions,observed,,mixed_eligibility_drive,historically_reconstructed
2025,1,401752807,2025-08-30 19:30:00+00:00,Penn State,Nevada,home,ppp,offense,39.0,8.0,4.875,8.0,possessions,observed,,mixed_eligibility_drive,historically_reconstructed
2025,1,401752807,2025-08-30 19:30:00+00:00,Nevada,Penn State,away,ppp,offense,3.0,8.0,0.375,8.0,possessions,observed,,mixed_eligibility_drive,historically_reconstructed
2025,1,401752808,2025-08-30 23:30:00+00:00,Michigan,New Mexico,home,ppp,offense,34.0,11.0,3.090909090909091,11.0,possessions,observed,,mixed_eligibility_drive,historically_reconstructed
2025,1,401752808,2025-08-30 23:30:00+00:00,New Mexico,Michigan,away,ppp,offense,17.0,13.0,1.3076923076923077,13.0,possessions,observed,,mixed_eligibility_drive,historically_reconstructed
2025,1,401752936,2025-08-31 02:30:00+00:00,Oregon State,California,home,ppp,offense,15.0,12.0,1.25,12.0,possessions,observed,,mixed_eligibility_drive,historically_reconstructed
2025,1,401752936,2025-08-31 02:30:00+00:00,California,Oregon State,away,ppp,offense,34.0,12.0,2.8333333333333335,12.0,possessions,observed,,mixed_eligibility_drive,historically_reconstructed
2025,1,401752947,2025-08-31 02:00:00+00:00,Washington State,Idaho,home,ppp,offense,13.0,11.0,1.1818181818181819,11.0,possessions,observed,,mixed_eligibility_drive,historically_reconstructed
2025,1,401752947,2025-08-31 02:00:00+00:00,Idaho,Washington State,away,ppp,offense,10.0,11.0,0.9090909090909091,11.0,possessions,observed,,mixed_eligibility_drive,historically_reconstructed
2025,1,401754373,2025-08-28 23:00:00+00:00,NC State,East Carolina,home,ppp,offense,24.0,12.0,2.0,12.0,possessions,observed,,mixed_eligibility_drive,historically_reconstructed
2025,1,401754373,2025-08-28 23:00:00+00:00,East Carolina,NC State,away,ppp,offense,17.0,12.0,1.4166666666666667,12.0,possessions,observed,,mixed_eligibility_drive,historically_reconstructed
2025,1,401754374,2025-08-29 23:00:00+00:00,Wake Forest,Kennesaw State,home,ppp,offense,10.0,12.0,0.8333333333333334,12.0,possessions,observed,,mixed_eligibility_drive,historically_reconstructed
2025,1,401754374,2025-08-29 23:00:00+00:00,Kennesaw State,Wake Forest,away,ppp,offense,9.0,11.0,0.8181818181818182,11.0,possessions,observed,,mixed_eligibility_drive,historically_reconstructed
2025,1,401754375,2025-08-30 00:00:00+00:00,Colorado,Georgia Tech,home,ppp,offense,20.0,10.0,2.0,10.0,possessions,observed,,mixed_eligibility_drive,historically_reconstructed
2025,1,401754375,2025-08-30 00:00:00+00:00,Georgia Tech,Colorado,away,ppp,offense,27.0,10.0,2.7,10.0,possessions,observed,,mixed_eligibility_drive,historically_reconstructed
2025,1,401754516,2025-08-23 23:30:00+00:00,Hawai_i,Stanford,home,ppp,offense,23.0,11.0,2.090909090909091,11.0,possessions,observed,,mixed_eligibility_drive,historically_reconstructed
2025,1,401754516,2025-08-23 23:30:00+00:00,Stanford,Hawai_i,away,ppp,offense,13.0,10.0,1.3,10.0,possessions,observed,,mixed_eligibility_drive,historically_reconstructed
2025,1,401754517,2025-08-28 23:30:00+00:00,Duke,Elon,home,ppp,offense,38.0,10.0,3.8,10.0,possessions,observed,,mixed_eligibility_drive,historically_reconstructed
2025,1,401754517,2025-08-28 23:30:00+00:00,Elon,Duke,away,ppp,offense,10.0,10.0,1.0,10.0,possessions,observed,,mixed_eligibility_drive,historically_reconstructed
2025,1,401754518,2025-08-30 18:00:00+00:00,Boston College,Fordham,home,ppp,offense,28.0,9.0,3.111111111111111,9.0,possessions,observed,,mixed_eligibility_drive,historically_reconstructed
2025,1,401754518,2025-08-30 18:00:00+00:00,Fordham,Boston College,away,ppp,offense,3.0,10.0,0.3,10.0,possessions,observed,,mixed_eligibility_drive,historically_reconstructed
2025,1,401754519,2025-08-30 19:00:00+00:00,Louisville,Eastern Kentucky,home,ppp,offense,27.0,9.0,3.0,9.0,possessions,observed,,mixed_eligibility_drive,historically_reconstructed
2025,1,401754519,2025-08-30 19:00:00+00:00,Eastern Kentucky,Louisville,away,ppp,offense,0.0,9.0,0.0,9.0,possessions,observed,,mixed_eligibility_drive,historically_reconstructed
2025,1,401754520,2025-08-30 16:00:00+00:00,Pittsburgh,Duquesne,home,ppp,offense,34.0,8.0,4.25,8.0,possessions,observed,,mixed_eligibility_drive,historically_reconstructed
2025,1,401754520,2025-08-30 16:00:00+00:00,Duquesne,Pittsburgh,away,ppp,offense,6.0,9.0,0.6666666666666666,9.0,possessions,observed,,mixed_eligibility_drive,historically_reconstructed
2025,1,401754521,2025-08-31 01:00:00+00:00,SMU,East Texas A&M,home,ppp,offense,14.0,9.0,1.5555555555555556,9.0,possessions,observed,,mixed_eligibility_drive,historically_reconstructed
2025,1,401754521,2025-08-31 01:00:00+00:00,East Texas A&M,SMU,away,ppp,offense,3.0,11.0,0.2727272727272727,11.0,possessions,observed,,mixed_eligibility_drive,historically_reconstructed
2025,1,401754522,2025-08-31 23:30:00+00:00,Miami,Notre Dame,home,ppp,offense,20.0,11.0,1.8181818181818181,11.0,possessions,observed,,mixed_eligibility_drive,historically_reconstructed
2025,1,401754522,2025-08-31 23:30:00+00:00,Notre Dame,Miami,away,ppp,offense,24.0,12.0,2.0,12.0,possessions,observed,,mixed_eligibility_drive,historically_reconstructed
2025,1,401754523,2025-09-02 00:00:00+00:00,North Carolina,TCU,home,ppp,offense,14.0,9.0,1.5555555555555556,9.0,possessions,observed,,mixed_eligibility_drive,historically_reconstructed
2025,1,401754523,2025-09-02 00:00:00+00:00,TCU,North Carolina,away,ppp,offense,27.0,8.0,3.375,8.0,possessions,observed,,mixed_eligibility_drive,historically_reconstructed
2025,1,401754616,2025-08-30 22:00:00+00:00,Virginia,Coastal Carolina,home,ppp,offense,34.0,9.0,3.7777777777777777,9.0,possessions,observed,,mixed_eligibility_drive,historically_reconstructed
2025,1,401754616,2025-08-30 22:00:00+00:00,Coastal Carolina,Virginia,away,ppp,offense,7.0,10.0,0.7,10.0,possessions,observed,,mixed_eligibility_drive,historically_reconstructed
2025,1,401756846,2025-08-23 16:00:00+00:00,Kansas State,Iowa State,home,ppp,offense,21.0,11.0,1.9090909090909092,11.0,possessions,observed,,mixed_eligibility_drive,historically_reconstructed
2025,1,401756846,2025-08-23 16:00:00+00:00,Iowa State,Kansas State,away,ppp,offense,24.0,13.0,1.8461538461538463,13.0,possessions,observed,,mixed_eligibility_drive,historically_reconstructed
2025,1,401756847,2025-08-23 22:30:00+00:00,Kansas,Fresno State,home,ppp,offense,31.0,10.0,3.1,10.0,possessions,observed,,mixed_eligibility_drive,historically_reconstructed
2025,1,401756847,2025-08-23 22:30:00+00:00,Fresno State,Kansas,away,ppp,offense,6.0,10.0,0.6,10.0,possessions,observed,,mixed_eligibility_drive,historically_reconstructed
2025,1,401756848,2025-08-28 23:00:00+00:00,UCF,Jacksonville State,home,ppp,offense,17.0,10.0,1.7,10.0,possessions,observed,,mixed_eligibility_drive,historically_reconstructed
2025,1,401756848,2025-08-28 23:00:00+00:00,Jacksonville State,UCF,away,ppp,offense,10.0,10.0,1.0,10.0,possessions,observed,,mixed_eligibility_drive,historically_reconstructed
2025,1,401756849,2025-08-31 02:30:00+00:00,Arizona,Hawai_i,home,ppp,offense,34.0,10.0,3.4,10.0,possessions,observed,,mixed_eligibility_drive,historically_reconstructed
2025,1,401756849,2025-08-31 02:30:00+00:00,Hawai_i,Arizona,away,ppp,offense,6.0,10.0,0.6,10.0,possessions,observed,,mixed_eligibility_drive,historically_reconstructed
2025,1,401756850,2025-08-31 02:00:00+00:00,Arizona State,Northern Arizona,home,ppp,offense,24.0,14.0,1.7142857142857142,14.0,possessions,observed,,mixed_eligibility_drive,historically_reconstructed
2025,1,401756850,2025-08-31 02:00:00+00:00,Northern Arizona,Arizona State,away,ppp,offense,19.0,13.0,1.4615384615384615,13.0,possessions,observed,,mixed_eligibility_drive,historically_reconstructed
2025,1,401756851,2025-08-31 00:00:00+00:00,BYU,Portland State,home,ppp,offense,42.0,7.0,6.0,7.0,possessions,observed,,mixed_eligibility_drive,historically_reconstructed
2025,1,401756851,2025-08-31 00:00:00+00:00,Portland State,BYU,away,ppp,offense,0.0,10.0,0.0,10.0,possessions,observed,,mixed_eligibility_drive,historically_reconstructed
2025,1,401756852,2025-08-29 00:00:00+00:00,Houston,Stephen F. Austin,home,ppp,offense,27.0,11.0,2.4545454545454546,11.0,possessions,observed,,mixed_eligibility_drive,historically_reconstructed
2025,1,401756852,2025-08-29 00:00:00+00:00,Stephen F. Austin,Houston,away,ppp,offense,0.0,11.0,0.0,11.0,possessions,observed,,mixed_eligibility_drive,historically_reconstructed
2025,1,401756853,2025-08-30 19:30:00+00:00,Iowa State,South Dakota,home,ppp,offense,41.0,8.0,5.125,8.0,possessions,observed,,mixed_eligibility_drive,historically_reconstructed
2025,1,401756853,2025-08-30 19:30:00+00:00,South Dakota,Iowa State,away,ppp,offense,7.0,7.0,1.0,7.0,possessions,observed,,mixed_eligibility_drive,historically_reconstructed
2025,1,401756854,2025-08-29 23:30:00+00:00,Kansas,Wagner,home,ppp,offense,39.0,11.0,3.5454545454545454,11.0,possessions,observed,,mixed_eligibility_drive,historically_reconstructed
2025,1,401756854,2025-08-29 23:30:00+00:00,Wagner,Kansas,away,ppp,offense,7.0,11.0,0.6363636363636364,11.0,possessions,observed,,mixed_eligibility_drive,historically_reconstructed
2025,1,401756855,2025-08-30 23:00:00+00:00,Kansas State,North Dakota,home,ppp,offense,38.0,13.0,2.923076923076923,13.0,possessions,observed,,mixed_eligibility_drive,historically_reconstructed
2025,1,401756855,2025-08-30 23:00:00+00:00,North Dakota,Kansas State,away,ppp,offense,35.0,13.0,2.6923076923076925,13.0,possessions,observed,,mixed_eligibility_drive,historically_reconstructed
2025,1,401756876,2025-08-28 23:30:00+00:00,Oklahoma State,UT Martin,home,ppp,offense,24.0,11.0,2.1818181818181817,11.0,possessions,observed,,mixed_eligibility_drive,historically_reconstructed
2025,1,401756876,2025-08-28 23:30:00+00:00,UT Martin,Oklahoma State,away,ppp,offense,7.0,11.0,0.6363636363636364,11.0,possessions,observed,,mixed_eligibility_drive,historically_reconstructed
2025,1,401756877,2025-08-30 23:30:00+00:00,Texas Tech,Arkansas-Pine Bluff,home,ppp,offense,47.0,8.0,5.875,8.0,possessions,observed,,mixed_eligibility_drive,historically_reconstructed
2025,1,401756877,2025-08-30 23:30:00+00:00,Arkansas-Pine Bluff,Texas Tech,away,ppp,offense,0.0,9.0,0.0,9.0,possessions,observed,,mixed_eligibility_drive,historically_reconstructed
2025,1,401756878,2025-08-30 18:00:00+00:00,West Virginia,Robert Morris,home,ppp,offense,24.0,11.0,2.1818181818181817,11.0,possessions,observed,,mixed_eligibility_drive,historically_reconstructed
2025,1,401756878,2025-08-30 18:00:00+00:00,Robert Morris,West Virginia,away,ppp,offense,3.0,11.0,0.2727272727272727,11.0,possessions,observed,,mixed_eligibility_drive,historically_reconstructed
2025,1,401757167,2025-08-30 18:00:00+00:00,Connecticut,Central Connecticut,home,ppp,offense,52.0,10.0,5.2,10.0,possessions,observed,,mixed_eligibility_drive,historically_reconstructed
2025,1,401757167,2025-08-30 18:00:00+00:00,Central Connecticut,Connecticut,away,ppp,offense,6.0,10.0,0.6,10.0,possessions,observed,,mixed_eligibility_drive,historically_reconstructed
2025,1,401757218,2025-08-23 23:00:00+00:00,Western Kentucky,Sam Houston State,home,ppp,offense,41.0,15.0,2.7333333333333334,15.0,possessions,observed,,mixed_eligibility_drive,historically_reconstructed
2025,1,401757218,2025-08-23 23:00:00+00:00,Sam Houston State,Western Kentucky,away,ppp,offense,17.0,15.0,1.1333333333333333,15.0,possessions,observed,,mixed_eligibility_drive,historically_reconstructed
2025,1,401757219,2025-08-28 23:00:00+00:00,Delaware,Delaware State,home,ppp,offense,28.0,9.0,3.111111111111111,9.0,possessions,observed,,mixed_eligibility_drive,historically_reconstructed
2025,1,401757219,2025-08-28 23:00:00+00:00,Delaware State,Delaware,away,ppp,offense,17.0,10.0,1.7,10.0,possessions,observed,,mixed_eligibility_drive,historically_reconstructed
2025,1,401757220,2025-08-30 20:00:00+00:00,Liberty,Maine,home,ppp,offense,21.0,11.0,1.9090909090909092,11.0,possessions,observed,,mixed_eligibility_drive,historically_reconstructed
2025,1,401757220,2025-08-30 20:00:00+00:00,Maine,Liberty,away,ppp,offense,7.0,12.0,0.5833333333333334,12.0,possessions,observed,,mixed_eligibility_drive,historically_reconstructed
2025,1,401757221,2025-08-30 23:30:00+00:00,Louisiana Tech,SE Louisiana,home,ppp,offense,14.0,12.0,1.1666666666666667,12.0,possessions,observed,,mixed_eligibility_drive,historically_reconstructed
2025,1,401757221,2025-08-30 23:30:00+00:00,SE Louisiana,Louisiana Tech,away,ppp,offense,0.0,12.0,0.0,12.0,possessions,observed,,mixed_eligibility_drive,historically_reconstructed
2025,1,401757222,2025-08-30 23:00:00+00:00,Middle Tennessee,Austin Peay,home,ppp,offense,7.0,13.0,0.5384615384615384,13.0,possessions,observed,,mixed_eligibility_drive,historically_reconstructed
2025,1,401757222,2025-08-30 23:00:00+00:00,Austin Peay,Middle Tennessee,away,ppp,offense,34.0,14.0,2.4285714285714284,14.0,possessions,observed,,mixed_eligibility_drive,historically_reconstructed
2025,1,401757223,2025-08-31 01:00:00+00:00,New Mexico State,Bryant,home,ppp,offense,19.0,14.0,1.3571428571428572,14.0,possessions,observed,,mixed_eligibility_drive,historically_reconstructed
2025,1,401757223,2025-08-31 01:00:00+00:00,Bryant,New Mexico State,away,ppp,offense,3.0,12.0,0.25,12.0,possessions,observed,,mixed_eligibility_drive,historically_reconstructed
2025,1,401757224,2025-08-30 01:30:00+00:00,Sam Houston State,UNLV,home,ppp,offense,21.0,11.0,1.9090909090909092,11.0,possessions,observed,,mixed_eligibility_drive,historically_reconstructed
2025,1,401757224,2025-08-30 01:30:00+00:00,UNLV,Sam Houston State,away,ppp,offense,23.0,10.0,,0.0,possessions,missing,unresolved_scoring_attribution,mixed_eligibility_drive,historically_reconstructed
2025,1,401757225,2025-08-30 23:30:00+00:00,Utah State,UTEP,home,ppp,offense,25.0,13.0,1.9230769230769231,13.0,possessions,observed,,mixed_eligibility_drive,historically_reconstructed
2025,1,401757225,2025-08-30 23:30:00+00:00,UTEP,Utah State,away,ppp,offense,16.0,13.0,1.2307692307692308,13.0,possessions,observed,,mixed_eligibility_drive,historically_reconstructed
2025,1,401757226,2025-08-30 23:00:00+00:00,Western Kentucky,North Alabama,home,ppp,offense,42.0,9.0,4.666666666666667,9.0,possessions,observed,,mixed_eligibility_drive,historically_reconstructed
2025,1,401757226,2025-08-30 23:00:00+00:00,North Alabama,Western Kentucky,away,ppp,offense,6.0,7.0,0.8571428571428571,7.0,possessions,observed,,mixed_eligibility_drive,historically_reconstructed
2025,1,401760357,2025-08-29 02:00:00+00:00,San Diego State,Stony Brook,home,ppp,offense,20.0,9.0,2.2222222222222223,9.0,possessions,observed,,mixed_eligibility_drive,historically_reconstructed
2025,1,401760357,2025-08-29 02:00:00+00:00,Stony Brook,San Diego State,away,ppp,offense,0.0,10.0,0.0,10.0,possessions,observed,,mixed_eligibility_drive,historically_reconstructed
2025,1,401760358,2025-08-30 02:30:00+00:00,San Jose State,Central Michigan,home,ppp,offense,14.0,12.0,1.1666666666666667,12.0,possessions,observed,,mixed_eligibility_drive,historically_reconstructed
2025,1,401760358,2025-08-30 02:30:00+00:00,Central Michigan,San Jose State,away,ppp,offense,16.0,11.0,1.4545454545454546,11.0,possessions,observed,,mixed_eligibility_drive,historically_reconstructed
2025,1,401760359,2025-08-30 19:30:00+00:00,Air Force,Bucknell,home,ppp,offense,35.0,7.0,5.0,7.0,possessions,observed,,mixed_eligibility_drive,historically_reconstructed
2025,1,401760359,2025-08-30 19:30:00+00:00,Bucknell,Air Force,away,ppp,offense,7.0,8.0,0.875,8.0,possessions,observed,,mixed_eligibility_drive,historically_reconstructed
2025,1,401760361,2025-08-31 01:30:00+00:00,Fresno State,Georgia Southern,home,ppp,offense,35.0,10.0,3.5,10.0,possessions,observed,,mixed_eligibility_drive,historically_reconstructed
2025,1,401760361,2025-08-31 01:30:00+00:00,Georgia Southern,Fresno State,away,ppp,offense,7.0,9.0,0.7777777777777778,9.0,possessions,observed,,mixed_eligibility_drive,historically_reconstructed
2025,1,401760371,2025-08-23 20:00:00+00:00,UNLV,Idaho State,home,ppp,offense,21.0,14.0,,0.0,possessions,missing,unresolved_scoring_attribution,mixed_eligibility_drive,historically_reconstructed
2025,1,401760371,2025-08-23 20:00:00+00:00,Idaho State,UNLV,away,ppp,offense,31.0,14.0,2.2142857142857144,14.0,possessions,observed,,mixed_eligibility_drive,historically_reconstructed
2025,1,401761588,2025-08-28 23:00:00+00:00,Louisiana Monroe,Saint Francis,home,ppp,offense,23.0,10.0,2.3,10.0,possessions,observed,,mixed_eligibility_drive,historically_reconstructed
2025,1,401761588,2025-08-28 23:00:00+00:00,Saint Francis,Louisiana Monroe,away,ppp,offense,0.0,9.0,0.0,9.0,possessions,observed,,mixed_eligibility_drive,historically_reconstructed
2025,1,401761589,2025-08-29 23:00:00+00:00,Charlotte,Appalachian State,home,ppp,offense,11.0,10.0,,0.0,possessions,missing,unresolved_scoring_attribution,mixed_eligibility_drive,historically_reconstructed
2025,1,401761589,2025-08-29 23:00:00+00:00,Appalachian State,Charlotte,away,ppp,offense,31.0,11.0,2.8181818181818183,11.0,possessions,observed,,mixed_eligibility_drive,historically_reconstructed
2025,1,401761590,2025-08-30 22:00:00+00:00,James Madison,Weber State,home,ppp,offense,31.0,11.0,2.8181818181818183,11.0,possessions,observed,,mixed_eligibility_drive,historically_reconstructed
2025,1,401761590,2025-08-30 22:00:00+00:00,Weber State,James Madison,away,ppp,offense,3.0,11.0,0.2727272727272727,11.0,possessions,observed,,mixed_eligibility_drive,historically_reconstructed
2025,1,401761591,2025-08-30 23:00:00+00:00,Arkansas State,Southeast Missouri State,home,ppp,offense,0.0,11.0,,0.0,possessions,missing,unresolved_scoring_attribution,mixed_eligibility_drive,historically_reconstructed
2025,1,401761591,2025-08-30 23:00:00+00:00,Southeast Missouri State,Arkansas State,away,ppp,offense,24.0,12.0,2.0,12.0,possessions,observed,,mixed_eligibility_drive,historically_reconstructed
2025,1,401761592,2025-08-31 00:00:00+00:00,Louisiana,Rice,home,ppp,offense,12.0,10.0,1.2,10.0,possessions,observed,,mixed_eligibility_drive,historically_reconstructed
2025,1,401761592,2025-08-31 00:00:00+00:00,Rice,Louisiana,away,ppp,offense,14.0,11.0,1.2727272727272727,11.0,possessions,observed,,mixed_eligibility_drive,historically_reconstructed
2025,1,401761593,2025-08-30 23:00:00+00:00,South Alabama,Morgan State,home,ppp,offense,31.0,12.0,2.5833333333333335,12.0,possessions,observed,,mixed_eligibility_drive,historically_reconstructed
2025,1,401761593,2025-08-30 23:00:00+00:00,Morgan State,South Alabama,away,ppp,offense,21.0,11.0,1.9090909090909092,11.0,possessions,observed,,mixed_eligibility_drive,historically_reconstructed
2025,1,401761594,2025-08-31 00:00:00+00:00,Texas State,Eastern Michigan,home,ppp,offense,52.0,11.0,4.7272727272727275,11.0,possessions,observed,,mixed_eligibility_drive,historically_reconstructed
2025,1,401761594,2025-08-31 00:00:00+00:00,Eastern Michigan,Texas State,away,ppp,offense,24.0,9.0,2.6666666666666665,9.0,possessions,observed,,mixed_eligibility_drive,historically_reconstructed
2025,1,401761595,2025-08-30 23:00:00+00:00,Troy,Nicholls,home,ppp,offense,38.0,11.0,3.4545454545454546,11.0,possessions,observed,,mixed_eligibility_drive,historically_reconstructed
2025,1,401761595,2025-08-30 23:00:00+00:00,Nicholls,Troy,away,ppp,offense,20.0,11.0,1.8181818181818181,11.0,possessions,observed,,mixed_eligibility_drive,historically_reconstructed
2025,1,401762430,2025-08-29 00:30:00+00:00,UAB,Alabama State,home,ppp,offense,52.0,9.0,5.777777777777778,9.0,possessions,observed,,mixed_eligibility_drive,historically_reconstructed
2025,1,401762430,2025-08-29 00:30:00+00:00,Alabama State,UAB,away,ppp,offense,42.0,10.0,4.2,10.0,possessions,observed,,mixed_eligibility_drive,historically_reconstructed
2025,1,401762432,2025-08-29 22:00:00+00:00,Army,Tarleton State,home,ppp,offense,24.0,13.0,1.8461538461538463,13.0,possessions,observed,,mixed_eligibility_drive,historically_reconstructed
2025,1,401762432,2025-08-29 22:00:00+00:00,Tarleton State,Army,away,ppp,offense,24.0,14.0,1.7142857142857142,14.0,possessions,observed,,mixed_eligibility_drive,historically_reconstructed
2025,1,401762433,2025-08-30 20:30:00+00:00,Memphis,Chattanooga,home,ppp,offense,31.0,8.0,3.875,8.0,possessions,observed,,mixed_eligibility_drive,historically_reconstructed
2025,1,401762433,2025-08-30 20:30:00+00:00,Chattanooga,Memphis,away,ppp,offense,3.0,8.0,0.375,8.0,possessions,observed,,mixed_eligibility_drive,historically_reconstructed
2025,1,401762434,2025-08-30 16:00:00+00:00,Navy,VMI,home,ppp,offense,38.0,8.0,4.75,8.0,possessions,observed,,mixed_eligibility_drive,historically_reconstructed
2025,1,401762434,2025-08-30 16:00:00+00:00,VMI,Navy,away,ppp,offense,7.0,9.0,0.7777777777777778,9.0,possessions,observed,,mixed_eligibility_drive,historically_reconstructed
2025,1,401762435,2025-08-31 00:00:00+00:00,North Texas,Lamar,home,ppp,offense,30.0,6.0,5.0,6.0,possessions,observed,,mixed_eligibility_drive,historically_reconstructed
2025,1,401762435,2025-08-31 00:00:00+00:00,Lamar,North Texas,away,ppp,offense,0.0,7.0,0.0,7.0,possessions,observed,,mixed_eligibility_drive,historically_reconstructed
2025,1,401762456,2025-08-30 19:30:00+00:00,UMass,Temple,home,ppp,offense,3.0,9.0,0.3333333333333333,9.0,possessions,observed,,mixed_eligibility_drive,historically_reconstructed
2025,1,401762456,2025-08-30 19:30:00+00:00,Temple,UMass,away,ppp,offense,35.0,9.0,3.888888888888889,9.0,possessions,observed,,mixed_eligibility_drive,historically_reconstructed
2025,1,401762457,2025-08-31 00:00:00+00:00,Tulsa,Abilene Christian,home,ppp,offense,25.0,9.0,2.7777777777777777,9.0,possessions,observed,,mixed_eligibility_drive,historically_reconstructed
2025,1,401762457,2025-08-31 00:00:00+00:00,Abilene Christian,Tulsa,away,ppp,offense,0.0,9.0,0.0,9.0,possessions,observed,,mixed_eligibility_drive,historically_reconstructed
2025,1,401762522,2025-08-28 21:30:00+00:00,South Florida,Boise State,home,ppp,offense,27.0,12.0,2.25,12.0,possessions,observed,,mixed_eligibility_drive,historically_reconstructed
2025,1,401762522,2025-08-28 21:30:00+00:00,Boise State,South Florida,away,ppp,offense,7.0,11.0,0.6363636363636364,11.0,possessions,observed,,mixed_eligibility_drive,historically_reconstructed
2025,1,401762789,2025-08-28 23:00:00+00:00,Akron,Wyoming,home,ppp,offense,0.0,13.0,0.0,13.0,possessions,observed,,mixed_eligibility_drive,historically_reconstructed
2025,1,401762789,2025-08-28 23:00:00+00:00,Wyoming,Akron,away,ppp,offense,10.0,12.0,0.8333333333333334,12.0,possessions,observed,,mixed_eligibility_drive,historically_reconstructed
2025,1,401762790,2025-08-28 22:00:00+00:00,Bowling Green,Lafayette,home,ppp,offense,19.0,10.0,1.9,10.0,possessions,observed,,mixed_eligibility_drive,historically_reconstructed
2025,1,401762790,2025-08-28 22:00:00+00:00,Lafayette,Bowling Green,away,ppp,offense,7.0,12.0,0.5833333333333334,12.0,possessions,observed,,mixed_eligibility_drive,historically_reconstructed
2025,1,401762791,2025-08-29 01:00:00+00:00,Wisconsin,Miami (OH),home,ppp,offense,17.0,10.0,1.7,10.0,possessions,observed,,mixed_eligibility_drive,historically_reconstructed
2025,1,401762791,2025-08-29 01:00:00+00:00,Miami (OH),Wisconsin,away,ppp,offense,0.0,10.0,0.0,10.0,possessions,observed,,mixed_eligibility_drive,historically_reconstructed
2025,1,401762792,2025-08-30 16:00:00+00:00,Kent State,Merrimack,home,ppp,offense,14.0,12.0,1.1666666666666667,12.0,possessions,observed,,mixed_eligibility_drive,historically_reconstructed
2025,1,401762792,2025-08-30 16:00:00+00:00,Merrimack,Kent State,away,ppp,offense,3.0,13.0,,0.0,possessions,missing,unresolved_scoring_attribution,mixed_eligibility_drive,historically_reconstructed
2025,1,401762793,2025-08-30 19:30:00+00:00,Northern Illinois,Holy Cross,home,ppp,offense,6.0,12.0,0.5,12.0,possessions,observed,,mixed_eligibility_drive,historically_reconstructed
2025,1,401762793,2025-08-30 19:30:00+00:00,Holy Cross,Northern Illinois,away,ppp,offense,7.0,12.0,0.5833333333333334,12.0,possessions,observed,,mixed_eligibility_drive,historically_reconstructed
2025,1,401766898,2025-08-29 23:00:00+00:00,Florida International,Bethune-Cookman,home,ppp,offense,28.0,10.0,2.8,10.0,possessions,observed,,mixed_eligibility_drive,historically_reconstructed
2025,1,401766898,2025-08-29 23:00:00+00:00,Bethune-Cookman,Florida International,away,ppp,offense,6.0,11.0,0.5454545454545454,11.0,possessions,observed,,mixed_eligibility_drive,historically_reconstructed
2025,1,401769070,2026-01-01 00:30:00+00:00,Ohio State,Miami,home,ppp,offense,14.0,10.0,1.4,10.0,possessions,observed,,mixed_eligibility_drive,historically_reconstructed
2025,1,401769070,2026-01-01 00:30:00+00:00,Miami,Ohio State,away,ppp,offense,17.0,10.0,1.7,10.0,possessions,observed,,mixed_eligibility_drive,historically_reconstructed
2025,1,401769071,2026-01-01 17:00:00+00:00,Texas Tech,Oregon,home,ppp,offense,0.0,13.0,0.0,13.0,possessions,observed,,mixed_eligibility_drive,historically_reconstructed
2025,1,401769071,2026-01-01 17:00:00+00:00,Oregon,Texas Tech,away,ppp,offense,23.0,13.0,1.7692307692307692,13.0,possessions,observed,,mixed_eligibility_drive,historically_reconstructed
2025,1,401769072,2026-01-01 21:00:00+00:00,Indiana,Alabama,home,ppp,offense,31.0,7.0,4.428571428571429,7.0,possessions,observed,,mixed_eligibility_drive,historically_reconstructed
2025,1,401769072,2026-01-01 21:00:00+00:00,Alabama,Indiana,away,ppp,offense,3.0,7.0,0.42857142857142855,7.0,possessions,observed,,mixed_eligibility_drive,historically_reconstructed
2025,1,401769073,2026-01-02 01:00:00+00:00,Georgia,Ole Miss,home,ppp,offense,27.0,12.0,2.25,12.0,possessions,observed,,mixed_eligibility_drive,historically_reconstructed
2025,1,401769073,2026-01-02 01:00:00+00:00,Ole Miss,Georgia,away,ppp,offense,37.0,14.0,2.642857142857143,14.0,possessions,observed,,mixed_eligibility_drive,historically_reconstructed
2025,1,401769074,2026-01-10 00:30:00+00:00,Indiana,Oregon,home,ppp,offense,8.0,8.0,,0.0,possessions,missing,unresolved_scoring_attribution,mixed_eligibility_drive,historically_reconstructed
2025,1,401769074,2026-01-10 00:30:00+00:00,Oregon,Indiana,away,ppp,offense,15.0,9.0,1.6666666666666667,9.0,possessions,observed,,mixed_eligibility_drive,historically_reconstructed
2025,1,401769075,2026-01-09 00:30:00+00:00,Ole Miss,Miami,home,ppp,offense,27.0,11.0,2.4545454545454546,11.0,possessions,observed,,mixed_eligibility_drive,historically_reconstructed
2025,1,401769075,2026-01-09 00:30:00+00:00,Miami,Ole Miss,away,ppp,offense,31.0,11.0,2.8181818181818183,11.0,possessions,observed,,mixed_eligibility_drive,historically_reconstructed
2025,1,401769076,2026-01-20 00:30:00+00:00,Indiana,Miami,home,ppp,offense,20.0,11.0,1.8181818181818181,11.0,possessions,observed,,mixed_eligibility_drive,historically_reconstructed
2025,1,401769076,2026-01-20 00:30:00+00:00,Miami,Indiana,away,ppp,offense,21.0,11.0,1.9090909090909092,11.0,possessions,observed,,mixed_eligibility_drive,historically_reconstructed
2025,1,401778302,2025-12-14 01:00:00+00:00,Washington,Boise State,home,ppp,offense,29.0,10.0,2.9,10.0,possessions,observed,,mixed_eligibility_drive,historically_reconstructed
2025,1,401778302,2025-12-14 01:00:00+00:00,Boise State,Washington,away,ppp,offense,10.0,10.0,,0.0,possessions,missing,unresolved_scoring_attribution,mixed_eligibility_drive,historically_reconstructed
2025,1,401778303,2025-12-17 02:00:00+00:00,Jacksonville State,Troy,home,ppp,offense,17.0,12.0,1.4166666666666667,12.0,possessions,observed,,mixed_eligibility_drive,historically_reconstructed
2025,1,401778303,2025-12-17 02:00:00+00:00,Troy,Jacksonville State,away,ppp,offense,6.0,11.0,0.5454545454545454,11.0,possessions,observed,,mixed_eligibility_drive,historically_reconstructed
2025,1,401778304,2025-12-17 22:00:00+00:00,South Florida,Old Dominion,home,ppp,offense,10.0,14.0,0.7142857142857143,14.0,possessions,observed,,mixed_eligibility_drive,historically_reconstructed
2025,1,401778304,2025-12-17 22:00:00+00:00,Old Dominion,South Florida,away,ppp,offense,24.0,15.0,1.6,15.0,possessions,observed,,mixed_eligibility_drive,historically_reconstructed
2025,1,401778305,2025-12-18 01:30:00+00:00,Delaware,Louisiana,home,ppp,offense,20.0,10.0,2.0,10.0,possessions,observed,,mixed_eligibility_drive,historically_reconstructed
2025,1,401778305,2025-12-18 01:30:00+00:00,Louisiana,Delaware,away,ppp,offense,13.0,10.0,1.3,10.0,possessions,observed,,mixed_eligibility_drive,historically_reconstructed
2025,1,401778306,2025-12-19 16:00:00+00:00,Western Michigan,Kennesaw State,home,ppp,offense,27.0,8.0,3.375,8.0,possessions,observed,,mixed_eligibility_drive,historically_reconstructed
2025,1,401778306,2025-12-19 16:00:00+00:00,Kennesaw State,Western Michigan,away,ppp,offense,0.0,10.0,0.0,10.0,possessions,observed,,mixed_eligibility_drive,historically_reconstructed
2025,1,401778307,2025-12-19 19:30:00+00:00,NC State,Memphis,home,ppp,offense,31.0,12.0,2.5833333333333335,12.0,possessions,observed,,mixed_eligibility_drive,historically_reconstructed
2025,1,401778307,2025-12-19 19:30:00+00:00,Memphis,NC State,away,ppp,offense,7.0,13.0,0.5384615384615384,13.0,possessions,observed,,mixed_eligibility_drive,historically_reconstructed
2025,1,401778308,2025-12-22 19:00:00+00:00,Utah State,Washington State,home,ppp,offense,7.0,13.0,,0.0,possessions,missing,unresolved_scoring_attribution,mixed_eligibility_drive,historically_reconstructed
2025,1,401778308,2025-12-22 19:00:00+00:00,Washington State,Utah State,away,ppp,offense,34.0,13.0,2.6153846153846154,13.0,possessions,observed,,mixed_eligibility_drive,historically_reconstructed
2025,1,401778309,2025-12-23 19:00:00+00:00,Louisville,Toledo,home,ppp,offense,27.0,12.0,2.25,12.0,possessions,observed,,mixed_eligibility_drive,historically_reconstructed
2025,1,401778309,2025-12-23 19:00:00+00:00,Toledo,Louisville,away,ppp,offense,22.0,12.0,1.8333333333333333,12.0,possessions,observed,,mixed_eligibility_drive,historically_reconstructed
2025,1,401778310,2025-12-23 22:30:00+00:00,Southern Mississippi,Western Kentucky,home,ppp,offense,16.0,15.0,1.0666666666666667,15.0,possessions,observed,,mixed_eligibility_drive,historically_reconstructed
2025,1,401778310,2025-12-23 22:30:00+00:00,Western Kentucky,Southern Mississippi,away,ppp,offense,27.0,15.0,1.8,15.0,possessions,observed,,mixed_eligibility_drive,historically_reconstructed
2025,1,401778311,2025-12-24 02:00:00+00:00,Ohio,UNLV,home,ppp,offense,17.0,10.0,1.7,10.0,possessions,observed,,mixed_eligibility_drive,historically_reconstructed
2025,1,401778311,2025-12-24 02:00:00+00:00,UNLV,Ohio,away,ppp,offense,10.0,9.0,1.1111111111111112,9.0,possessions,observed,,mixed_eligibility_drive,historically_reconstructed
2025,1,401778312,2025-12-25 01:00:00+00:00,Hawai_i,California,home,ppp,offense,35.0,9.0,3.888888888888889,9.0,possessions,observed,,mixed_eligibility_drive,historically_reconstructed
2025,1,401778312,2025-12-25 01:00:00+00:00,California,Hawai_i,away,ppp,offense,31.0,10.0,3.1,10.0,possessions,observed,,mixed_eligibility_drive,historically_reconstructed
2025,1,401778313,2025-12-26 18:00:00+00:00,Northwestern,Central Michigan,home,ppp,offense,28.0,10.0,2.8,10.0,possessions,observed,,mixed_eligibility_drive,historically_reconstructed
2025,1,401778313,2025-12-26 18:00:00+00:00,Central Michigan,Northwestern,away,ppp,offense,0.0,11.0,0.0,11.0,possessions,observed,,mixed_eligibility_drive,historically_reconstructed
2025,1,401778314,2025-12-26 21:30:00+00:00,Minnesota,New Mexico,home,ppp,offense,14.0,10.0,1.4,10.0,possessions,observed,,mixed_eligibility_drive,historically_reconstructed
2025,1,401778314,2025-12-26 21:30:00+00:00,New Mexico,Minnesota,away,ppp,offense,6.0,9.0,0.6666666666666666,9.0,possessions,observed,,mixed_eligibility_drive,historically_reconstructed
2025,1,401778315,2025-12-27 01:00:00+00:00,UT San Antonio,Florida International,home,ppp,offense,45.0,11.0,4.090909090909091,11.0,possessions,observed,,mixed_eligibility_drive,historically_reconstructed
2025,1,401778315,2025-12-27 01:00:00+00:00,Florida International,UT San Antonio,away,ppp,offense,13.0,9.0,1.4444444444444444,9.0,possessions,observed,,mixed_eligibility_drive,historically_reconstructed
2025,1,401778316,2025-12-27 16:00:00+00:00,East Carolina,Pittsburgh,home,ppp,offense,23.0,14.0,1.6428571428571428,14.0,possessions,observed,,mixed_eligibility_drive,historically_reconstructed
2025,1,401778316,2025-12-27 16:00:00+00:00,Pittsburgh,East Carolina,away,ppp,offense,10.0,12.0,0.8333333333333334,12.0,possessions,observed,,mixed_eligibility_drive,historically_reconstructed
2025,1,401778317,2025-12-27 17:00:00+00:00,Clemson,Penn State,home,ppp,offense,10.0,10.0,1.0,10.0,possessions,observed,,mixed_eligibility_drive,historically_reconstructed
2025,1,401778317,2025-12-27 17:00:00+00:00,Penn State,Clemson,away,ppp,offense,22.0,11.0,2.0,11.0,possessions,observed,,mixed_eligibility_drive,historically_reconstructed
2025,1,401778318,2025-12-27 19:15:00+00:00,Army,Connecticut,home,ppp,offense,41.0,8.0,5.125,8.0,possessions,observed,,,historically_reconstructed
2025,1,401778318,2025-12-27 19:15:00+00:00,Connecticut,Army,away,ppp,offense,16.0,9.0,1.7777777777777777,9.0,possessions,observed,,mixed_eligibility_drive,historically_reconstructed
2025,1,401778319,2025-12-27 20:30:00+00:00,BYU,Georgia Tech,home,ppp,offense,0.0,9.0,,0.0,possessions,missing,unresolved_scoring_attribution,mixed_eligibility_drive,historically_reconstructed
2025,1,401778319,2025-12-27 20:30:00+00:00,Georgia Tech,BYU,away,ppp,offense,0.0,10.0,,0.0,possessions,missing,unresolved_scoring_attribution,mixed_eligibility_drive,historically_reconstructed
2025,1,401778320,2025-12-27 21:30:00+00:00,Fresno State,Miami (OH),home,ppp,offense,18.0,11.0,1.6363636363636365,11.0,possessions,observed,,mixed_eligibility_drive,historically_reconstructed
2025,1,401778320,2025-12-27 21:30:00+00:00,Miami (OH),Fresno State,away,ppp,offense,3.0,10.0,0.3,10.0,possessions,observed,,mixed_eligibility_drive,historically_reconstructed
2025,1,401778321,2025-12-27 22:45:00+00:00,San Diego State,North Texas,home,ppp,offense,20.0,15.0,,0.0,possessions,missing,unresolved_scoring_attribution,mixed_eligibility_drive,historically_reconstructed
2025,1,401778321,2025-12-27 22:45:00+00:00,North Texas,San Diego State,away,ppp,offense,0.0,16.0,,0.0,possessions,missing,unresolved_scoring_attribution,mixed_eligibility_drive,historically_reconstructed
2025,1,401778322,2025-12-28 00:30:00+00:00,Missouri,Virginia,home,ppp,offense,7.0,11.0,0.6363636363636364,11.0,possessions,observed,,mixed_eligibility_drive,historically_reconstructed
2025,1,401778322,2025-12-28 00:30:00+00:00,Virginia,Missouri,away,ppp,offense,13.0,10.0,1.3,10.0,possessions,observed,,mixed_eligibility_drive,historically_reconstructed
2025,1,401778323,2025-12-28 02:15:00+00:00,Houston,LSU,home,ppp,offense,31.0,11.0,2.8181818181818183,11.0,possessions,observed,,mixed_eligibility_drive,historically_reconstructed
2025,1,401778323,2025-12-28 02:15:00+00:00,LSU,Houston,away,ppp,offense,28.0,9.0,3.111111111111111,9.0,possessions,observed,,mixed_eligibility_drive,historically_reconstructed
2025,1,401778324,2025-12-29 19:00:00+00:00,Appalachian State,Georgia Southern,home,ppp,offense,10.0,9.0,1.1111111111111112,9.0,possessions,observed,,mixed_eligibility_drive,historically_reconstructed
2025,1,401778324,2025-12-29 19:00:00+00:00,Georgia Southern,Appalachian State,away,ppp,offense,29.0,10.0,2.9,10.0,possessions,observed,,mixed_eligibility_drive,historically_reconstructed
2025,1,401778325,2025-12-30 19:00:00+00:00,Louisiana Tech,Coastal Carolina,home,ppp,offense,23.0,18.0,1.2777777777777777,18.0,possessions,observed,,mixed_eligibility_drive,historically_reconstructed
2025,1,401778325,2025-12-30 19:00:00+00:00,Coastal Carolina,Louisiana Tech,away,ppp,offense,7.0,18.0,0.3888888888888889,18.0,possessions,observed,,mixed_eligibility_drive,historically_reconstructed
2025,1,401778326,2025-12-30 22:30:00+00:00,Illinois,Tennessee,home,ppp,offense,23.0,8.0,2.875,8.0,possessions,observed,,mixed_eligibility_drive,historically_reconstructed
2025,1,401778326,2025-12-30 22:30:00+00:00,Tennessee,Illinois,away,ppp,offense,21.0,8.0,2.625,8.0,possessions,observed,,mixed_eligibility_drive,historically_reconstructed
2025,1,401778327,2025-12-31 02:00:00+00:00,TCU,USC,home,ppp,offense,17.0,11.0,,0.0,possessions,missing,unresolved_scoring_attribution,mixed_eligibility_drive,historically_reconstructed
2025,1,401778327,2025-12-31 02:00:00+00:00,USC,TCU,away,ppp,offense,24.0,10.0,2.4,10.0,possessions,observed,,mixed_eligibility_drive,historically_reconstructed
2025,1,401778328,2025-12-31 17:00:00+00:00,Vanderbilt,Iowa,home,ppp,offense,0.0,11.0,,0.0,possessions,missing,unresolved_scoring_attribution,mixed_eligibility_drive,historically_reconstructed
2025,1,401778328,2025-12-31 17:00:00+00:00,Iowa,Vanderbilt,away,ppp,offense,26.0,12.0,2.1666666666666665,12.0,possessions,observed,,mixed_eligibility_drive,historically_reconstructed
2025,1,401778329,2025-12-31 19:00:00+00:00,Duke,Arizona State,home,ppp,offense,41.0,15.0,2.7333333333333334,15.0,possessions,observed,,mixed_eligibility_drive,historically_reconstructed
2025,1,401778329,2025-12-31 19:00:00+00:00,Arizona State,Duke,away,ppp,offense,39.0,15.0,2.6,15.0,possessions,observed,,mixed_eligibility_drive,historically_reconstructed
2025,1,401778330,2025-12-31 20:00:00+00:00,Texas,Michigan,home,ppp,offense,41.0,12.0,3.4166666666666665,12.0,possessions,observed,,mixed_eligibility_drive,historically_reconstructed
2025,1,401778330,2025-12-31 20:00:00+00:00,Michigan,Texas,away,ppp,offense,27.0,13.0,2.076923076923077,13.0,possessions,observed,,mixed_eligibility_drive,historically_reconstructed
2025,1,401778331,2025-12-31 20:30:00+00:00,Utah,Nebraska,home,ppp,offense,44.0,11.0,4.0,11.0,possessions,observed,,mixed_eligibility_drive,historically_reconstructed
2025,1,401778331,2025-12-31 20:30:00+00:00,Nebraska,Utah,away,ppp,offense,22.0,12.0,1.8333333333333333,12.0,possessions,observed,,mixed_eligibility_drive,historically_reconstructed
2025,1,401778332,2026-01-02 18:00:00+00:00,Texas State,Rice,home,ppp,offense,17.0,11.0,,0.0,possessions,missing,unresolved_scoring_attribution,mixed_eligibility_drive,historically_reconstructed
2025,1,401778332,2026-01-02 18:00:00+00:00,Rice,Texas State,away,ppp,offense,7.0,11.0,0.6363636363636364,11.0,possessions,observed,,mixed_eligibility_drive,historically_reconstructed
2025,1,401778333,2026-01-02 21:30:00+00:00,Cincinnati,Navy,home,ppp,offense,13.0,12.0,1.0833333333333333,12.0,possessions,observed,,mixed_eligibility_drive,historically_reconstructed
2025,1,401778333,2026-01-02 21:30:00+00:00,Navy,Cincinnati,away,ppp,offense,28.0,11.0,2.5454545454545454,11.0,possessions,observed,,mixed_eligibility_drive,historically_reconstructed
2025,1,401778334,2026-01-03 01:00:00+00:00,Mississippi State,Wake Forest,home,ppp,offense,21.0,14.0,1.5,14.0,possessions,observed,,mixed_eligibility_drive,historically_reconstructed
2025,1,401778334,2026-01-03 01:00:00+00:00,Wake Forest,Mississippi State,away,ppp,offense,35.0,13.0,2.6923076923076925,13.0,possessions,observed,,mixed_eligibility_drive,historically_reconstructed
2025,1,401779840,2025-12-20 01:00:00+00:00,Oklahoma,Alabama,home,ppp,offense,24.0,14.0,1.7142857142857142,14.0,possessions,observed,,mixed_eligibility_drive,historically_reconstructed
2025,1,401779840,2025-12-20 01:00:00+00:00,Alabama,Oklahoma,away,ppp,offense,27.0,13.0,2.076923076923077,13.0,possessions,observed,,mixed_eligibility_drive,historically_reconstructed
2025,1,401779841,2025-12-20 17:00:00+00:00,Texas A&M,Miami,home,ppp,offense,3.0,11.0,0.2727272727272727,11.0,possessions,observed,,mixed_eligibility_drive,historically_reconstructed
2025,1,401779841,2025-12-20 17:00:00+00:00,Miami,Texas A&M,away,ppp,offense,10.0,12.0,0.8333333333333334,12.0,possessions,observed,,mixed_eligibility_drive,historically_reconstructed
2025,1,401779842,2025-12-20 20:30:00+00:00,Ole Miss,Tulane,home,ppp,offense,34.0,9.0,3.7777777777777777,9.0,possessions,observed,,mixed_eligibility_drive,historically_reconstructed
2025,1,401779842,2025-12-20 20:30:00+00:00,Tulane,Ole Miss,away,ppp,offense,3.0,9.0,0.3333333333333333,9.0,possessions,observed,,mixed_eligibility_drive,historically_reconstructed
2025,1,401779843,2025-12-21 00:30:00+00:00,Oregon,James Madison,home,ppp,offense,44.0,12.0,3.6666666666666665,12.0,possessions,observed,,mixed_eligibility_drive,historically_reconstructed
2025,1,401779843,2025-12-21 00:30:00+00:00,James Madison,Oregon,away,ppp,offense,34.0,12.0,2.8333333333333335,12.0,possessions,observed,,mixed_eligibility_drive,historically_reconstructed
2025,1,401831583,2026-01-03 01:00:00+00:00,SMU,Arizona,home,ppp,offense,24.0,11.0,2.1818181818181817,11.0,possessions,observed,,mixed_eligibility_drive,historically_reconstructed
2025,1,401831583,2026-01-03 01:00:00+00:00,Arizona,SMU,away,ppp,offense,19.0,11.0,1.7272727272727273,11.0,possessions,observed,,mixed_eligibility_drive,historically_reconstructed
2025,1,401838053,2025-12-19 02:00:00+00:00,Arkansas State,Missouri State,home,ppp,offense,34.0,14.0,2.4285714285714284,14.0,possessions,observed,,mixed_eligibility_drive,historically_reconstructed
2025,1,401838053,2025-12-19 02:00:00+00:00,Missouri State,Arkansas State,away,ppp,offense,28.0,12.0,2.3333333333333335,12.0,possessions,observed,,mixed_eligibility_drive,historically_reconstructed
2025,2,401752681,2025-09-06 23:45:00+00:00,Alabama,Louisiana Monroe,home,ppp,offense,35.0,6.0,5.833333333333333,6.0,possessions,observed,,mixed_eligibility_drive,historically_reconstructed
2025,2,401752681,2025-09-06 23:45:00+00:00,Louisiana Monroe,Alabama,away,ppp,offense,0.0,6.0,0.0,6.0,possessions,observed,,mixed_eligibility_drive,historically_reconstructed
2025,2,401752682,2025-09-06 21:00:00+00:00,Arkansas,Arkansas State,home,ppp,offense,49.0,10.0,4.9,10.0,possessions,observed,,mixed_eligibility_drive,historically_reconstructed
2025,2,401752682,2025-09-06 21:00:00+00:00,Arkansas State,Arkansas,away,ppp,offense,0.0,10.0,,0.0,possessions,missing,unresolved_scoring_attribution,mixed_eligibility_drive,historically_reconstructed
2025,2,401752683,2025-09-06 23:30:00+00:00,Auburn,Ball State,home,ppp,offense,21.0,10.0,2.1,10.0,possessions,observed,,mixed_eligibility_drive,historically_reconstructed
2025,2,401752683,2025-09-06 23:30:00+00:00,Ball State,Auburn,away,ppp,offense,3.0,9.0,0.3333333333333333,9.0,possessions,observed,,mixed_eligibility_drive,historically_reconstructed
2025,2,401752684,2025-09-06 20:15:00+00:00,Florida,South Florida,home,ppp,offense,16.0,10.0,1.6,10.0,possessions,observed,,mixed_eligibility_drive,historically_reconstructed
2025,2,401752684,2025-09-06 20:15:00+00:00,South Florida,Florida,away,ppp,offense,16.0,11.0,1.4545454545454546,11.0,possessions,observed,,mixed_eligibility_drive,historically_reconstructed
2025,2,401752685,2025-09-06 19:30:00+00:00,Georgia,Austin Peay,home,ppp,offense,28.0,11.0,2.5454545454545454,11.0,possessions,observed,,mixed_eligibility_drive,historically_reconstructed
2025,2,401752685,2025-09-06 19:30:00+00:00,Austin Peay,Georgia,away,ppp,offense,3.0,11.0,0.2727272727272727,11.0,possessions,observed,,mixed_eligibility_drive,historically_reconstructed
2025,2,401752686,2025-09-06 19:30:00+00:00,Kentucky,Ole Miss,home,ppp,offense,23.0,14.0,1.6428571428571428,14.0,possessions,observed,,mixed_eligibility_drive,historically_reconstructed
2025,2,401752686,2025-09-06 19:30:00+00:00,Ole Miss,Kentucky,away,ppp,offense,30.0,14.0,2.142857142857143,14.0,possessions,observed,,mixed_eligibility_drive,historically_reconstructed
2025,2,401752687,2025-09-06 23:30:00+00:00,LSU,Louisiana Tech,home,ppp,offense,20.0,11.0,1.8181818181818181,11.0,possessions,observed,,mixed_eligibility_drive,historically_reconstructed
2025,2,401752687,2025-09-06 23:30:00+00:00,Louisiana Tech,LSU,away,ppp,offense,7.0,11.0,0.6363636363636364,11.0,possessions,observed,,mixed_eligibility_drive,historically_reconstructed
2025,2,401752688,2025-09-06 23:30:00+00:00,Mississippi State,Arizona State,home,ppp,offense,24.0,12.0,2.0,12.0,possessions,observed,,mixed_eligibility_drive,historically_reconstructed
2025,2,401752688,2025-09-06 23:30:00+00:00,Arizona State,Mississippi State,away,ppp,offense,20.0,12.0,1.6666666666666667,12.0,possessions,observed,,mixed_eligibility_drive,historically_reconstructed
2025,2,401752689,2025-09-06 19:30:00+00:00,Missouri,Kansas,home,ppp,offense,40.0,12.0,3.3333333333333335,12.0,possessions,observed,,mixed_eligibility_drive,historically_reconstructed
2025,2,401752689,2025-09-06 19:30:00+00:00,Kansas,Missouri,away,ppp,offense,24.0,10.0,2.4,10.0,possessions,observed,,mixed_eligibility_drive,historically_reconstructed
2025,2,401752690,2025-09-06 23:30:00+00:00,Oklahoma,Michigan,home,ppp,offense,24.0,11.0,2.1818181818181817,11.0,possessions,observed,,mixed_eligibility_drive,historically_reconstructed
2025,2,401752690,2025-09-06 23:30:00+00:00,Michigan,Oklahoma,away,ppp,offense,13.0,12.0,1.0833333333333333,12.0,possessions,observed,,mixed_eligibility_drive,historically_reconstructed
2025,2,401752691,2025-09-06 23:00:00+00:00,South Carolina,South Carolina State,home,ppp,offense,17.0,8.0,2.125,8.0,possessions,observed,,mixed_eligibility_drive,historically_reconstructed
2025,2,401752691,2025-09-06 23:00:00+00:00,South Carolina State,South Carolina,away,ppp,offense,0.0,10.0,0.0,10.0,possessions,observed,,mixed_eligibility_drive,historically_reconstructed
2025,2,401752692,2025-09-06 19:30:00+00:00,Tennessee,East Tennessee State,home,ppp,offense,48.0,10.0,4.8,10.0,possessions,observed,,mixed_eligibility_drive,historically_reconstructed
2025,2,401752692,2025-09-06 19:30:00+00:00,East Tennessee State,Tennessee,away,ppp,offense,7.0,10.0,0.7,10.0,possessions,observed,,mixed_eligibility_drive,historically_reconstructed
2025,2,401752693,2025-09-06 16:00:00+00:00,Texas,San Jose State,home,ppp,offense,38.0,12.0,3.1666666666666665,12.0,possessions,observed,,mixed_eligibility_drive,historically_reconstructed
2025,2,401752693,2025-09-06 16:00:00+00:00,San Jose State,Texas,away,ppp,offense,7.0,13.0,0.5384615384615384,13.0,possessions,observed,,mixed_eligibility_drive,historically_reconstructed
2025,2,401752694,2025-09-06 16:45:00+00:00,Texas A&M,Utah State,home,ppp,offense,44.0,13.0,3.3846153846153846,13.0,possessions,observed,,mixed_eligibility_drive,historically_reconstructed
2025,2,401752694,2025-09-06 16:45:00+00:00,Utah State,Texas A&M,away,ppp,offense,22.0,13.0,1.6923076923076923,13.0,possessions,observed,,mixed_eligibility_drive,historically_reconstructed
2025,2,401752695,2025-09-06 23:30:00+00:00,Virginia Tech,Vanderbilt,home,ppp,offense,20.0,10.0,2.0,10.0,possessions,observed,,mixed_eligibility_drive,historically_reconstructed
2025,2,401752695,2025-09-06 23:30:00+00:00,Vanderbilt,Virginia Tech,away,ppp,offense,38.0,10.0,3.8,10.0,possessions,observed,,mixed_eligibility_drive,historically_reconstructed
2025,2,401752810,2025-09-06 23:30:00+00:00,Nebraska,Akron,home,ppp,offense,38.0,9.0,4.222222222222222,9.0,possessions,observed,,mixed_eligibility_drive,historically_reconstructed
2025,2,401752810,2025-09-06 23:30:00+00:00,Akron,Nebraska,away,ppp,offense,0.0,8.0,0.0,8.0,possessions,observed,,mixed_eligibility_drive,historically_reconstructed
2025,2,401752811,2025-09-06 16:00:00+00:00,Penn State,Florida International,home,ppp,offense,20.0,10.0,2.0,10.0,possessions,observed,,mixed_eligibility_drive,historically_reconstructed
2025,2,401752811,2025-09-06 16:00:00+00:00,Florida International,Penn State,away,ppp,offense,0.0,10.0,0.0,10.0,possessions,observed,,mixed_eligibility_drive,historically_reconstructed
2025,2,401752812,2025-09-06 16:00:00+00:00,Indiana,Kennesaw State,home,ppp,offense,49.0,11.0,4.454545454545454,11.0,possessions,observed,,mixed_eligibility_drive,historically_reconstructed
2025,2,401752812,2025-09-06 16:00:00+00:00,Kennesaw State,Indiana,away,ppp,offense,9.0,10.0,0.9,10.0,possessions,observed,,mixed_eligibility_drive,historically_reconstructed
2025,2,401752813,2025-09-06 16:00:00+00:00,Minnesota,Northwestern State,home,ppp,offense,45.0,7.0,6.428571428571429,7.0,possessions,observed,,mixed_eligibility_drive,historically_reconstructed
2025,2,401752813,2025-09-06 16:00:00+00:00,Northwestern State,Minnesota,away,ppp,offense,0.0,10.0,0.0,10.0,possessions,observed,,mixed_eligibility_drive,historically_reconstructed
2025,2,401752814,2025-09-06 23:30:00+00:00,USC,Georgia Southern,home,ppp,offense,52.0,11.0,4.7272727272727275,11.0,possessions,observed,,mixed_eligibility_drive,historically_reconstructed
2025,2,401752814,2025-09-06 23:30:00+00:00,Georgia Southern,USC,away,ppp,offense,20.0,11.0,1.8181818181818181,11.0,possessions,observed,,mixed_eligibility_drive,historically_reconstructed
2025,2,401752815,2025-09-06 19:30:00+00:00,Ohio State,Grambling,home,ppp,offense,35.0,6.0,5.833333333333333,6.0,possessions,observed,,,historically_reconstructed
2025,2,401752815,2025-09-06 19:30:00+00:00,Grambling,Ohio State,away,ppp,offense,0.0,6.0,0.0,6.0,possessions,observed,,mixed_eligibility_drive,historically_reconstructed
2025,2,401752816,2025-09-06 23:30:00+00:00,Michigan State,Boston College,home,ppp,offense,19.0,10.0,,0.0,possessions,missing,unresolved_scoring_attribution,mixed_eligibility_drive,historically_reconstructed
2025,2,401752816,2025-09-06 23:30:00+00:00,Boston College,Michigan State,away,ppp,offense,14.0,10.0,,0.0,possessions,missing,unresolved_scoring_attribution,mixed_eligibility_drive,historically_reconstructed
2025,2,401752817,2025-09-05 23:30:00+00:00,Northwestern,Western Illinois,home,ppp,offense,28.0,10.0,2.8,10.0,possessions,observed,,mixed_eligibility_drive,historically_reconstructed
2025,2,401752817,2025-09-05 23:30:00+00:00,Western Illinois,Northwestern,away,ppp,offense,0.0,10.0,0.0,10.0,possessions,observed,,mixed_eligibility_drive,historically_reconstructed
2025,2,401752818,2025-09-06 19:30:00+00:00,Rutgers,Miami (OH),home,ppp,offense,45.0,9.0,5.0,9.0,possessions,observed,,mixed_eligibility_drive,historically_reconstructed
2025,2,401752818,2025-09-06 19:30:00+00:00,Miami (OH),Rutgers,away,ppp,offense,17.0,9.0,1.8888888888888888,9.0,possessions,observed,,mixed_eligibility_drive,historically_reconstructed
2025,2,401752819,2025-09-06 23:30:00+00:00,Purdue,Southern Illinois,home,ppp,offense,34.0,8.0,4.25,8.0,possessions,observed,,mixed_eligibility_drive,historically_reconstructed
2025,2,401752819,2025-09-06 23:30:00+00:00,Southern Illinois,Purdue,away,ppp,offense,17.0,9.0,1.8888888888888888,9.0,possessions,observed,,mixed_eligibility_drive,historically_reconstructed
2025,2,401752820,2025-09-06 20:00:00+00:00,Wisconsin,Middle Tennessee,home,ppp,offense,21.0,10.0,2.1,10.0,possessions,observed,,mixed_eligibility_drive,historically_reconstructed
2025,2,401752820,2025-09-06 20:00:00+00:00,Middle Tennessee,Wisconsin,away,ppp,offense,10.0,9.0,1.1111111111111112,9.0,possessions,observed,,mixed_eligibility_drive,historically_reconstructed
2025,2,401752821,2025-09-07 03:00:00+00:00,Washington,UC Davis,home,ppp,offense,42.0,6.0,7.0,6.0,possessions,observed,,mixed_eligibility_drive,historically_reconstructed
2025,2,401752821,2025-09-07 03:00:00+00:00,UC Davis,Washington,away,ppp,offense,7.0,7.0,1.0,7.0,possessions,observed,,mixed_eligibility_drive,historically_reconstructed
2025,2,401752822,2025-09-06 16:00:00+00:00,Iowa State,Iowa,home,ppp,offense,16.0,10.0,1.6,10.0,possessions,observed,,mixed_eligibility_drive,historically_reconstructed
2025,2,401752822,2025-09-06 16:00:00+00:00,Iowa,Iowa State,away,ppp,offense,13.0,10.0,1.3,10.0,possessions,observed,,mixed_eligibility_drive,historically_reconstructed
2025,2,401752823,2025-09-07 00:00:00+00:00,UNLV,UCLA,home,ppp,offense,21.0,9.0,2.3333333333333335,9.0,possessions,observed,,mixed_eligibility_drive,historically_reconstructed
2025,2,401752823,2025-09-07 00:00:00+00:00,UCLA,UNLV,away,ppp,offense,23.0,9.0,2.5555555555555554,9.0,possessions,observed,,mixed_eligibility_drive,historically_reconstructed
2025,2,401752824,2025-09-06 19:30:00+00:00,Oregon,Oklahoma State,home,ppp,offense,34.0,7.0,4.857142857142857,7.0,possessions,observed,,mixed_eligibility_drive,historically_reconstructed
2025,2,401752824,2025-09-06 19:30:00+00:00,Oklahoma State,Oregon,away,ppp,offense,3.0,7.0,0.42857142857142855,7.0,possessions,observed,,mixed_eligibility_drive,historically_reconstructed
2025,2,401752825,2025-09-06 16:00:00+00:00,Duke,Illinois,home,ppp,offense,19.0,10.0,1.9,10.0,possessions,observed,,mixed_eligibility_drive,historically_reconstructed
2025,2,401752825,2025-09-06 16:00:00+00:00,Illinois,Duke,away,ppp,offense,45.0,12.0,3.75,12.0,possessions,observed,,mixed_eligibility_drive,historically_reconstructed
2025,2,401752826,2025-09-05 23:30:00+00:00,Maryland,Northern Illinois,home,ppp,offense,20.0,12.0,1.6666666666666667,12.0,possessions,observed,,mixed_eligibility_drive,historically_reconstructed
2025,2,401752826,2025-09-05 23:30:00+00:00,Northern Illinois,Maryland,away,ppp,offense,9.0,11.0,0.8181818181818182,11.0,possessions,observed,,mixed_eligibility_drive,historically_reconstructed
2025,2,401752937,2025-09-06 19:30:00+00:00,Oregon State,Fresno State,home,ppp,offense,21.0,11.0,1.9090909090909092,11.0,possessions,observed,,mixed_eligibility_drive,historically_reconstructed
2025,2,401752937,2025-09-06 19:30:00+00:00,Fresno State,Oregon State,away,ppp,offense,10.0,12.0,0.8333333333333334,12.0,possessions,observed,,mixed_eligibility_drive,historically_reconstructed
2025,2,401752948,2025-09-07 02:15:00+00:00,Washington State,San Diego State,home,ppp,offense,34.0,14.0,2.4285714285714284,14.0,possessions,observed,,mixed_eligibility_drive,historically_reconstructed
2025,2,401752948,2025-09-07 02:15:00+00:00,San Diego State,Washington State,away,ppp,offense,13.0,14.0,0.9285714285714286,14.0,possessions,observed,,mixed_eligibility_drive,historically_reconstructed
2025,2,401754524,2025-09-06 16:00:00+00:00,NC State,Virginia,home,ppp,offense,35.0,11.0,3.1818181818181817,11.0,possessions,observed,,mixed_eligibility_drive,historically_reconstructed
2025,2,401754524,2025-09-06 16:00:00+00:00,Virginia,NC State,away,ppp,offense,31.0,10.0,3.1,10.0,possessions,observed,,mixed_eligibility_drive,historically_reconstructed
2025,2,401754525,2025-09-06 16:00:00+00:00,SMU,Baylor,home,ppp,offense,10.0,14.0,,0.0,possessions,missing,unresolved_scoring_attribution,mixed_eligibility_drive,historically_reconstructed
2025,2,401754525,2025-09-06 16:00:00+00:00,Baylor,SMU,away,ppp,offense,7.0,11.0,,0.0,possessions,missing,unresolved_scoring_attribution,mixed_eligibility_drive,historically_reconstructed
2025,2,401754526,2025-09-07 02:15:00+00:00,BYU,Stanford,home,ppp,offense,25.0,11.0,2.272727272727273,11.0,possessions,observed,,mixed_eligibility_drive,historically_reconstructed
2025,2,401754526,2025-09-07 02:15:00+00:00,Stanford,BYU,away,ppp,offense,3.0,11.0,0.2727272727272727,11.0,possessions,observed,,mixed_eligibility_drive,historically_reconstructed
2025,2,401754527,2025-09-06 23:00:00+00:00,Charlotte,North Carolina,home,ppp,offense,3.0,12.0,0.25,12.0,possessions,observed,,mixed_eligibility_drive,historically_reconstructed
2025,2,401754527,2025-09-06 23:00:00+00:00,North Carolina,Charlotte,away,ppp,offense,20.0,11.0,1.8181818181818181,11.0,possessions,observed,,mixed_eligibility_drive,historically_reconstructed
2025,2,401754528,2025-09-05 23:00:00+00:00,Louisville,James Madison,home,ppp,offense,14.0,11.0,1.2727272727272727,11.0,possessions,observed,,mixed_eligibility_drive,historically_reconstructed
2025,2,401754528,2025-09-05 23:00:00+00:00,James Madison,Louisville,away,ppp,offense,14.0,13.0,1.0769230769230769,13.0,possessions,observed,,mixed_eligibility_drive,historically_reconstructed
2025,2,401754529,2025-09-06 16:00:00+00:00,Pittsburgh,Central Michigan,home,ppp,offense,38.0,12.0,3.1666666666666665,12.0,possessions,observed,,mixed_eligibility_drive,historically_reconstructed
2025,2,401754529,2025-09-06 16:00:00+00:00,Central Michigan,Pittsburgh,away,ppp,offense,17.0,11.0,1.5454545454545454,11.0,possessions,observed,,mixed_eligibility_drive,historically_reconstructed
2025,2,401754530,2025-09-06 22:00:00+00:00,California,Texas Southern,home,ppp,offense,20.0,12.0,1.6666666666666667,12.0,possessions,observed,,mixed_eligibility_drive,historically_reconstructed
2025,2,401754530,2025-09-06 22:00:00+00:00,Texas Southern,California,away,ppp,offense,0.0,10.0,0.0,10.0,possessions,observed,,mixed_eligibility_drive,historically_reconstructed
2025,2,401754618,2025-09-06 16:00:00+00:00,Syracuse,Connecticut,home,ppp,offense,17.0,14.0,1.2142857142857142,14.0,possessions,observed,,mixed_eligibility_drive,historically_reconstructed
2025,2,401754618,2025-09-06 16:00:00+00:00,Connecticut,Syracuse,away,ppp,offense,20.0,13.0,1.5384615384615385,13.0,possessions,observed,,mixed_eligibility_drive,historically_reconstructed
2025,2,401754620,2025-09-06 18:00:00+00:00,Wake Forest,Western Carolina,home,ppp,offense,40.0,15.0,2.6666666666666665,15.0,possessions,observed,,mixed_eligibility_drive,historically_reconstructed
2025,2,401754620,2025-09-06 18:00:00+00:00,Western Carolina,Wake Forest,away,ppp,offense,3.0,14.0,0.21428571428571427,14.0,possessions,observed,,mixed_eligibility_drive,historically_reconstructed
2025,2,401754621,2025-09-06 16:00:00+00:00,Florida State,East Texas A&M,home,ppp,offense,49.0,7.0,7.0,7.0,possessions,observed,,mixed_eligibility_drive,historically_reconstructed
2025,2,401754621,2025-09-06 16:00:00+00:00,East Texas A&M,Florida State,away,ppp,offense,0.0,8.0,0.0,8.0,possessions,observed,,mixed_eligibility_drive,historically_reconstructed
2025,2,401754622,2025-09-06 19:30:00+00:00,Georgia Tech,Gardner-Webb,home,ppp,offense,35.0,9.0,3.888888888888889,9.0,possessions,observed,,mixed_eligibility_drive,historically_reconstructed
2025,2,401754622,2025-09-06 19:30:00+00:00,Gardner-Webb,Georgia Tech,away,ppp,offense,6.0,9.0,0.6666666666666666,9.0,possessions,observed,,mixed_eligibility_drive,historically_reconstructed
2025,2,401754637,2025-09-06 19:30:00+00:00,Clemson,Troy,home,ppp,offense,20.0,11.0,1.8181818181818181,11.0,possessions,observed,,mixed_eligibility_drive,historically_reconstructed
2025,2,401754637,2025-09-06 19:30:00+00:00,Troy,Clemson,away,ppp,offense,10.0,10.0,1.0,10.0,possessions,observed,,mixed_eligibility_drive,historically_reconstructed
2025,2,401754641,2025-09-06 23:00:00+00:00,Miami,Bethune-Cookman,home,ppp,offense,42.0,7.0,6.0,7.0,possessions,observed,,mixed_eligibility_drive,historically_reconstructed
2025,2,401754641,2025-09-06 23:00:00+00:00,Bethune-Cookman,Miami,away,ppp,offense,3.0,7.0,0.42857142857142855,7.0,possessions,observed,,mixed_eligibility_drive,historically_reconstructed
2025,2,401756879,2025-09-07 02:00:00+00:00,Arizona,Weber State,home,ppp,offense,0.0,9.0,,0.0,possessions,missing,unresolved_scoring_attribution,mixed_eligibility_drive,historically_reconstructed
2025,2,401756879,2025-09-07 02:00:00+00:00,Weber State,Arizona,away,ppp,offense,0.0,9.0,0.0,9.0,possessions,observed,,mixed_eligibility_drive,historically_reconstructed
2025,2,401756880,2025-09-06 19:30:00+00:00,Cincinnati,Bowling Green,home,ppp,offense,34.0,11.0,3.090909090909091,11.0,possessions,observed,,mixed_eligibility_drive,historically_reconstructed
2025,2,401756880,2025-09-06 19:30:00+00:00,Bowling Green,Cincinnati,away,ppp,offense,20.0,10.0,2.0,10.0,possessions,observed,,mixed_eligibility_drive,historically_reconstructed
2025,2,401756881,2025-09-06 19:30:00+00:00,Colorado,Delaware,home,ppp,offense,31.0,11.0,2.8181818181818183,11.0,possessions,observed,,mixed_eligibility_drive,historically_reconstructed
2025,2,401756881,2025-09-06 19:30:00+00:00,Delaware,Colorado,away,ppp,offense,7.0,11.0,0.6363636363636364,11.0,possessions,observed,,mixed_eligibility_drive,historically_reconstructed
2025,2,401756882,2025-09-06 23:00:00+00:00,Kansas State,Army,home,ppp,offense,13.0,6.0,2.1666666666666665,6.0,possessions,observed,,mixed_eligibility_drive,historically_reconstructed
2025,2,401756882,2025-09-06 23:00:00+00:00,Army,Kansas State,away,ppp,offense,24.0,9.0,2.6666666666666665,9.0,possessions,observed,,mixed_eligibility_drive,historically_reconstructed
2025,2,401756883,2025-09-06 20:00:00+00:00,Ohio,West Virginia,home,ppp,offense,10.0,13.0,0.7692307692307693,13.0,possessions,observed,,mixed_eligibility_drive,historically_reconstructed
2025,2,401756883,2025-09-06 20:00:00+00:00,West Virginia,Ohio,away,ppp,offense,10.0,14.0,0.7142857142857143,14.0,possessions,observed,,mixed_eligibility_drive,historically_reconstructed
2025,2,401756884,2025-09-06 23:00:00+00:00,Rice,Houston,home,ppp,offense,3.0,12.0,0.25,12.0,possessions,observed,,mixed_eligibility_drive,historically_reconstructed
2025,2,401756884,2025-09-06 23:00:00+00:00,Houston,Rice,away,ppp,offense,14.0,13.0,,0.0,possessions,missing,unresolved_scoring_attribution,mixed_eligibility_drive,historically_reconstructed
2025,2,401756885,2025-09-06 16:00:00+00:00,Texas Tech,Kent State,home,ppp,offense,41.0,8.0,5.125,8.0,possessions,observed,,mixed_eligibility_drive,historically_reconstructed
2025,2,401756885,2025-09-06 16:00:00+00:00,Kent State,Texas Tech,away,ppp,offense,0.0,9.0,0.0,9.0,possessions,observed,,mixed_eligibility_drive,historically_reconstructed
2025,2,401756886,2025-09-06 23:00:00+00:00,UCF,North Carolina A&T,home,ppp,offense,26.0,7.0,3.7142857142857144,7.0,possessions,observed,,mixed_eligibility_drive,historically_reconstructed
2025,2,401756886,2025-09-06 23:00:00+00:00,North Carolina A&T,UCF,away,ppp,offense,0.0,8.0,0.0,8.0,possessions,observed,,mixed_eligibility_drive,historically_reconstructed
2025,2,401756887,2025-09-06 22:00:00+00:00,Utah,Cal Poly,home,ppp,offense,35.0,8.0,4.375,8.0,possessions,observed,,mixed_eligibility_drive,historically_reconstructed
2025,2,401756887,2025-09-06 22:00:00+00:00,Cal Poly,Utah,away,ppp,offense,6.0,8.0,0.75,8.0,possessions,observed,,mixed_eligibility_drive,historically_reconstructed
2025,2,401757227,2025-09-06 16:00:00+00:00,Jacksonville State,Liberty,home,ppp,offense,34.0,11.0,3.090909090909091,11.0,possessions,observed,,mixed_eligibility_drive,historically_reconstructed
2025,2,401757227,2025-09-06 16:00:00+00:00,Liberty,Jacksonville State,away,ppp,offense,24.0,11.0,2.1818181818181817,11.0,possessions,observed,,mixed_eligibility_drive,historically_reconstructed
2025,2,401757228,2025-09-06 22:00:00+00:00,Marshall,Missouri State,home,ppp,offense,13.0,12.0,1.0833333333333333,12.0,possessions,observed,,mixed_eligibility_drive,historically_reconstructed
2025,2,401757228,2025-09-06 22:00:00+00:00,Missouri State,Marshall,away,ppp,offense,21.0,15.0,1.4,15.0,possessions,observed,,mixed_eligibility_drive,historically_reconstructed
2025,2,401757229,2025-09-07 01:00:00+00:00,New Mexico State,Tulsa,home,ppp,offense,13.0,14.0,0.9285714285714286,14.0,possessions,observed,,mixed_eligibility_drive,historically_reconstructed
2025,2,401757229,2025-09-07 01:00:00+00:00,Tulsa,New Mexico State,away,ppp,offense,14.0,15.0,0.9333333333333333,15.0,possessions,observed,,mixed_eligibility_drive,historically_reconstructed
2025,2,401757230,2025-09-07 03:59:00+00:00,Hawai_i,Sam Houston State,home,ppp,offense,23.0,11.0,2.090909090909091,11.0,possessions,observed,,mixed_eligibility_drive,historically_reconstructed
2025,2,401757230,2025-09-07 03:59:00+00:00,Sam Houston State,Hawai_i,away,ppp,offense,6.0,11.0,0.5454545454545454,11.0,possessions,observed,,mixed_eligibility_drive,historically_reconstructed
2025,2,401757231,2025-09-07 01:00:00+00:00,UTEP,UT Martin,home,ppp,offense,42.0,15.0,2.8,15.0,possessions,observed,,mixed_eligibility_drive,historically_reconstructed
2025,2,401757231,2025-09-07 01:00:00+00:00,UT Martin,UTEP,away,ppp,offense,17.0,14.0,1.2142857142857142,14.0,possessions,observed,,mixed_eligibility_drive,historically_reconstructed
2025,2,401757232,2025-09-06 23:00:00+00:00,Toledo,Western Kentucky,home,ppp,offense,38.0,10.0,3.8,10.0,possessions,observed,,mixed_eligibility_drive,historically_reconstructed
2025,2,401757232,2025-09-06 23:00:00+00:00,Western Kentucky,Toledo,away,ppp,offense,14.0,11.0,1.2727272727272727,11.0,possessions,observed,,mixed_eligibility_drive,historically_reconstructed
2025,2,401760363,2025-09-06 01:00:00+00:00,Boise State,Eastern Washington,home,ppp,offense,44.0,11.0,4.0,11.0,possessions,observed,,mixed_eligibility_drive,historically_reconstructed
2025,2,401760363,2025-09-06 01:00:00+00:00,Eastern Washington,Boise State,away,ppp,offense,7.0,10.0,0.7,10.0,possessions,observed,,mixed_eligibility_drive,historically_reconstructed
2025,2,401760364,2025-09-06 23:00:00+00:00,Colorado State,Northern Colorado,home,ppp,offense,21.0,10.0,2.1,10.0,possessions,observed,,mixed_eligibility_drive,historically_reconstructed
2025,2,401760364,2025-09-06 23:00:00+00:00,Northern Colorado,Colorado State,away,ppp,offense,17.0,13.0,1.3076923076923077,13.0,possessions,observed,,mixed_eligibility_drive,historically_reconstructed
2025,2,401760365,2025-09-06 21:00:00+00:00,Nevada,Sacramento State,home,ppp,offense,13.0,10.0,1.3,10.0,possessions,observed,,mixed_eligibility_drive,historically_reconstructed
2025,2,401760365,2025-09-06 21:00:00+00:00,Sacramento State,Nevada,away,ppp,offense,10.0,10.0,1.0,10.0,possessions,observed,,mixed_eligibility_drive,historically_reconstructed
2025,2,401760366,2025-09-06 19:00:00+00:00,New Mexico,Idaho State,home,ppp,offense,22.0,13.0,1.6923076923076923,13.0,possessions,observed,,mixed_eligibility_drive,historically_reconstructed
2025,2,401760366,2025-09-06 19:00:00+00:00,Idaho State,New Mexico,away,ppp,offense,16.0,12.0,1.3333333333333333,12.0,possessions,observed,,mixed_eligibility_drive,historically_reconstructed
2025,2,401760367,2025-09-06 20:00:00+00:00,Wyoming,Northern Iowa,home,ppp,offense,0.0,14.0,,0.0,possessions,missing,unresolved_scoring_attribution,mixed_eligibility_drive,historically_reconstructed
2025,2,401760367,2025-09-06 20:00:00+00:00,Northern Iowa,Wyoming,away,ppp,offense,0.0,12.0,0.0,12.0,possessions,observed,,mixed_eligibility_drive,historically_reconstructed
2025,2,401761596,2025-09-06 19:30:00+00:00,Appalachian State,Lindenwood,home,ppp,offense,20.0,12.0,1.6666666666666667,12.0,possessions,observed,,mixed_eligibility_drive,historically_reconstructed
2025,2,401761596,2025-09-06 19:30:00+00:00,Lindenwood,Appalachian State,away,ppp,offense,6.0,13.0,0.46153846153846156,13.0,possessions,observed,,mixed_eligibility_drive,historically_reconstructed
2025,2,401761597,2025-09-06 23:30:00+00:00,Coastal Carolina,Charleston Southern,home,ppp,offense,10.0,11.0,0.9090909090909091,11.0,possessions,observed,,mixed_eligibility_drive,historically_reconstructed
2025,2,401761597,2025-09-06 23:30:00+00:00,Charleston Southern,Coastal Carolina,away,ppp,offense,0.0,10.0,0.0,10.0,possessions,observed,,mixed_eligibility_drive,historically_reconstructed
2025,2,401761598,2025-09-06 23:00:00+00:00,Georgia State,Memphis,home,ppp,offense,0.0,10.0,,0.0,possessions,missing,unresolved_scoring_attribution,mixed_eligibility_drive,historically_reconstructed
2025,2,401761598,2025-09-06 23:00:00+00:00,Memphis,Georgia State,away,ppp,offense,21.0,10.0,2.1,10.0,possessions,observed,,mixed_eligibility_drive,historically_reconstructed
2025,2,401761599,2025-09-06 22:00:00+00:00,Old Dominion,North Carolina Central,home,ppp,offense,42.0,11.0,3.8181818181818183,11.0,possessions,observed,,mixed_eligibility_drive,historically_reconstructed
2025,2,401761599,2025-09-06 22:00:00+00:00,North Carolina Central,Old Dominion,away,ppp,offense,3.0,9.0,0.3333333333333333,9.0,possessions,observed,,mixed_eligibility_drive,historically_reconstructed
2025,2,401761600,2025-09-07 00:00:00+00:00,Louisiana,McNeese,home,ppp,offense,34.0,10.0,3.4,10.0,possessions,observed,,mixed_eligibility_drive,historically_reconstructed
2025,2,401761600,2025-09-07 00:00:00+00:00,McNeese,Louisiana,away,ppp,offense,10.0,10.0,1.0,10.0,possessions,observed,,mixed_eligibility_drive,historically_reconstructed
2025,2,401761601,2025-09-06 23:00:00+00:00,South Alabama,Tulane,home,ppp,offense,24.0,11.0,2.1818181818181817,11.0,possessions,observed,,mixed_eligibility_drive,historically_reconstructed
2025,2,401761601,2025-09-06 23:00:00+00:00,Tulane,South Alabama,away,ppp,offense,33.0,11.0,3.0,11.0,possessions,observed,,mixed_eligibility_drive,historically_reconstructed
2025,2,401761602,2025-09-06 21:00:00+00:00,Southern Mississippi,Jackson State,home,ppp,offense,31.0,11.0,2.8181818181818183,11.0,possessions,observed,,mixed_eligibility_drive,historically_reconstructed
2025,2,401761602,2025-09-06 21:00:00+00:00,Jackson State,Southern Mississippi,away,ppp,offense,17.0,12.0,1.4166666666666667,12.0,possessions,observed,,mixed_eligibility_drive,historically_reconstructed
2025,2,401761603,2025-09-06 19:30:00+00:00,UT San Antonio,Texas State,home,ppp,offense,36.0,13.0,2.769230769230769,13.0,possessions,observed,,mixed_eligibility_drive,historically_reconstructed
2025,2,401761603,2025-09-06 19:30:00+00:00,Texas State,UT San Antonio,away,ppp,offense,32.0,14.0,2.2857142857142856,14.0,possessions,observed,,mixed_eligibility_drive,historically_reconstructed
2025,2,401762458,2025-09-06 19:30:00+00:00,Navy,UAB,home,ppp,offense,28.0,10.0,2.8,10.0,possessions,observed,,mixed_eligibility_drive,historically_reconstructed
2025,2,401762458,2025-09-06 19:30:00+00:00,UAB,Navy,away,ppp,offense,24.0,10.0,2.4,10.0,possessions,observed,,mixed_eligibility_drive,historically_reconstructed
2025,2,401762459,2025-09-06 22:00:00+00:00,East Carolina,Campbell,home,ppp,offense,35.0,7.0,5.0,7.0,possessions,observed,,mixed_eligibility_drive,historically_reconstructed
2025,2,401762459,2025-09-06 22:00:00+00:00,Campbell,East Carolina,away,ppp,offense,3.0,6.0,0.5,6.0,possessions,observed,,mixed_eligibility_drive,historically_reconstructed
2025,2,401762460,2025-09-06 22:00:00+00:00,Florida Atlantic,Florida A&M,home,ppp,offense,32.0,8.0,4.0,8.0,possessions,observed,,mixed_eligibility_drive,historically_reconstructed
2025,2,401762460,2025-09-06 22:00:00+00:00,Florida A&M,Florida Atlantic,away,ppp,offense,7.0,9.0,0.7777777777777778,9.0,possessions,observed,,mixed_eligibility_drive,historically_reconstructed
2025,2,401762461,2025-09-06 19:30:00+00:00,Western Michigan,North Texas,home,ppp,offense,0.0,11.0,,0.0,possessions,missing,unresolved_scoring_attribution,mixed_eligibility_drive,historically_reconstructed
2025,2,401762461,2025-09-06 19:30:00+00:00,North Texas,Western Michigan,away,ppp,offense,0.0,11.0,,0.0,possessions,missing,unresolved_scoring_attribution,mixed_eligibility_drive,historically_reconstructed
2025,2,401762462,2025-09-06 18:00:00+00:00,Temple,Howard,home,ppp,offense,38.0,7.0,5.428571428571429,7.0,possessions,observed,,mixed_eligibility_drive,historically_reconstructed
2025,2,401762462,2025-09-06 18:00:00+00:00,Howard,Temple,away,ppp,offense,7.0,7.0,1.0,7.0,possessions,observed,,mixed_eligibility_drive,historically_reconstructed
2025,2,401762794,2025-09-06 19:30:00+00:00,Buffalo,Saint Francis,home,ppp,offense,31.0,9.0,3.4444444444444446,9.0,possessions,observed,,mixed_eligibility_drive,historically_reconstructed
2025,2,401762794,2025-09-06 19:30:00+00:00,Saint Francis,Buffalo,away,ppp,offense,0.0,8.0,0.0,8.0,possessions,observed,,mixed_eligibility_drive,historically_reconstructed
2025,2,401762795,2025-09-06 23:00:00+00:00,Eastern Michigan,Long Island University,home,ppp,offense,10.0,13.0,,0.0,possessions,missing,unresolved_scoring_attribution,mixed_eligibility_drive,historically_reconstructed
2025,2,401762795,2025-09-06 23:00:00+00:00,Long Island University,Eastern Michigan,away,ppp,offense,14.0,15.0,,0.0,possessions,missing,unresolved_scoring_attribution,mixed_eligibility_drive,historically_reconstructed
2025,2,401762816,2025-09-06 19:30:00+00:00,UMass,Bryant,home,ppp,offense,0.0,14.0,,0.0,possessions,missing,unresolved_scoring_attribution,mixed_eligibility_drive,historically_reconstructed
2025,2,401762816,2025-09-06 19:30:00+00:00,Bryant,UMass,away,ppp,offense,21.0,15.0,1.4,15.0,possessions,observed,,mixed_eligibility_drive,historically_reconstructed
2025,3,401752696,2025-09-13 16:00:00+00:00,Alabama,Wisconsin,home,ppp,offense,31.0,8.0,3.875,8.0,possessions,observed,,mixed_eligibility_drive,historically_reconstructed
2025,3,401752696,2025-09-13 16:00:00+00:00,Wisconsin,Alabama,away,ppp,offense,7.0,8.0,0.875,8.0,possessions,observed,,mixed_eligibility_drive,historically_reconstructed
2025,3,401752697,2025-09-13 16:45:00+00:00,Auburn,South Alabama,home,ppp,offense,24.0,8.0,3.0,8.0,possessions,observed,,mixed_eligibility_drive,historically_reconstructed
2025,3,401752697,2025-09-13 16:45:00+00:00,South Alabama,Auburn,away,ppp,offense,15.0,8.0,1.875,8.0,possessions,observed,,mixed_eligibility_drive,historically_reconstructed
2025,3,401752698,2025-09-13 23:30:00+00:00,Kentucky,Eastern Michigan,home,ppp,offense,48.0,13.0,3.6923076923076925,13.0,possessions,observed,,mixed_eligibility_drive,historically_reconstructed
2025,3,401752698,2025-09-13 23:30:00+00:00,Eastern Michigan,Kentucky,away,ppp,offense,23.0,12.0,1.9166666666666667,12.0,possessions,observed,,mixed_eligibility_drive,historically_reconstructed
2025,3,401752699,2025-09-13 23:30:00+00:00,LSU,Florida,home,ppp,offense,13.0,12.0,1.0833333333333333,12.0,possessions,observed,,mixed_eligibility_drive,historically_reconstructed
2025,3,401752699,2025-09-13 23:30:00+00:00,Florida,LSU,away,ppp,offense,3.0,12.0,0.25,12.0,possessions,observed,,mixed_eligibility_drive,historically_reconstructed
2025,3,401752700,2025-09-13 23:00:00+00:00,Ole Miss,Arkansas,home,ppp,offense,34.0,10.0,3.4,10.0,possessions,observed,,mixed_eligibility_drive,historically_reconstructed
2025,3,401752700,2025-09-13 23:00:00+00:00,Arkansas,Ole Miss,away,ppp,offense,35.0,9.0,3.888888888888889,9.0,possessions,observed,,mixed_eligibility_drive,historically_reconstructed
2025,3,401752701,2025-09-13 22:00:00+00:00,Mississippi State,Alcorn State,home,ppp,offense,35.0,8.0,4.375,8.0,possessions,observed,,mixed_eligibility_drive,historically_reconstructed
2025,3,401752701,2025-09-13 22:00:00+00:00,Alcorn State,Mississippi State,away,ppp,offense,0.0,7.0,0.0,7.0,possessions,observed,,mixed_eligibility_drive,historically_reconstructed
2025,3,401752702,2025-09-13 17:00:00+00:00,Missouri,Louisiana,home,ppp,offense,45.0,9.0,5.0,9.0,possessions,observed,,mixed_eligibility_drive,historically_reconstructed
2025,3,401752702,2025-09-13 17:00:00+00:00,Louisiana,Missouri,away,ppp,offense,10.0,8.0,1.25,8.0,possessions,observed,,mixed_eligibility_drive,historically_reconstructed
2025,3,401752703,2025-09-13 16:00:00+00:00,Temple,Oklahoma,home,ppp,offense,3.0,11.0,0.2727272727272727,11.0,possessions,observed,,mixed_eligibility_drive,historically_reconstructed
2025,3,401752703,2025-09-13 16:00:00+00:00,Oklahoma,Temple,away,ppp,offense,42.0,11.0,3.8181818181818183,11.0,possessions,observed,,mixed_eligibility_drive,historically_reconstructed
2025,3,401752704,2025-09-13 23:45:00+00:00,South Carolina,Vanderbilt,home,ppp,offense,7.0,10.0,0.7,10.0,possessions,observed,,mixed_eligibility_drive,historically_reconstructed
2025,3,401752704,2025-09-13 23:45:00+00:00,Vanderbilt,South Carolina,away,ppp,offense,31.0,11.0,2.8181818181818183,11.0,possessions,observed,,mixed_eligibility_drive,historically_reconstructed
2025,3,401752705,2025-09-13 19:30:00+00:00,Tennessee,Georgia,home,ppp,offense,38.0,12.0,3.1666666666666665,12.0,possessions,observed,,mixed_eligibility_drive,historically_reconstructed
2025,3,401752705,2025-09-13 19:30:00+00:00,Georgia,Tennessee,away,ppp,offense,38.0,13.0,2.923076923076923,13.0,possessions,observed,,mixed_eligibility_drive,historically_reconstructed
2025,3,401752706,2025-09-13 20:15:00+00:00,Texas,UTEP,home,ppp,offense,27.0,13.0,2.076923076923077,13.0,possessions,observed,,mixed_eligibility_drive,historically_reconstructed
2025,3,401752706,2025-09-13 20:15:00+00:00,UTEP,Texas,away,ppp,offense,10.0,13.0,0.7692307692307693,13.0,possessions,observed,,mixed_eligibility_drive,historically_reconstructed
2025,3,401752707,2025-09-13 23:30:00+00:00,Notre Dame,Texas A&M,home,ppp,offense,33.0,12.0,2.75,12.0,possessions,observed,,mixed_eligibility_drive,historically_reconstructed
2025,3,401752707,2025-09-13 23:30:00+00:00,Texas A&M,Notre Dame,away,ppp,offense,41.0,13.0,3.1538461538461537,13.0,possessions,observed,,mixed_eligibility_drive,historically_reconstructed
2025,3,401752827,2025-09-13 23:00:00+00:00,Ohio State,Ohio,home,ppp,offense,37.0,11.0,3.3636363636363638,11.0,possessions,observed,,mixed_eligibility_drive,historically_reconstructed
2025,3,401752827,2025-09-13 23:00:00+00:00,Ohio,Ohio State,away,ppp,offense,9.0,10.0,0.9,10.0,possessions,observed,,mixed_eligibility_drive,historically_reconstructed
2025,3,401752828,2025-09-13 16:00:00+00:00,Nebraska,Houston Christian,home,ppp,offense,28.0,6.0,4.666666666666667,6.0,possessions,observed,,mixed_eligibility_drive,historically_reconstructed
2025,3,401752828,2025-09-13 16:00:00+00:00,Houston Christian,Nebraska,away,ppp,offense,0.0,6.0,0.0,6.0,possessions,observed,,mixed_eligibility_drive,historically_reconstructed
2025,3,401752829,2025-09-13 23:00:00+00:00,Illinois,Western Michigan,home,ppp,offense,24.0,8.0,3.0,8.0,possessions,observed,,mixed_eligibility_drive,historically_reconstructed
2025,3,401752829,2025-09-13 23:00:00+00:00,Western Michigan,Illinois,away,ppp,offense,0.0,8.0,0.0,8.0,possessions,observed,,mixed_eligibility_drive,historically_reconstructed
2025,3,401752830,2025-09-13 23:30:00+00:00,Iowa,UMass,home,ppp,offense,40.0,9.0,4.444444444444445,9.0,possessions,observed,,mixed_eligibility_drive,historically_reconstructed
2025,3,401752830,2025-09-13 23:30:00+00:00,UMass,Iowa,away,ppp,offense,7.0,10.0,0.7,10.0,possessions,observed,,mixed_eligibility_drive,historically_reconstructed
2025,3,401752831,2025-09-13 16:00:00+00:00,Northwestern,Oregon,home,ppp,offense,7.0,8.0,0.875,8.0,possessions,observed,,mixed_eligibility_drive,historically_reconstructed
2025,3,401752831,2025-09-13 16:00:00+00:00,Oregon,Northwestern,away,ppp,offense,31.0,8.0,3.875,8.0,possessions,observed,,mixed_eligibility_drive,historically_reconstructed
2025,3,401752832,2025-09-13 19:30:00+00:00,Purdue,USC,home,ppp,offense,17.0,9.0,1.8888888888888888,9.0,possessions,observed,,mixed_eligibility_drive,historically_reconstructed
2025,3,401752832,2025-09-13 19:30:00+00:00,USC,Purdue,away,ppp,offense,26.0,9.0,2.888888888888889,9.0,possessions,observed,,mixed_eligibility_drive,historically_reconstructed
2025,3,401752833,2025-09-13 19:30:00+00:00,Rutgers,Norfolk State,home,ppp,offense,26.0,7.0,3.7142857142857144,7.0,possessions,observed,,mixed_eligibility_drive,historically_reconstructed
2025,3,401752833,2025-09-13 19:30:00+00:00,Norfolk State,Rutgers,away,ppp,offense,10.0,8.0,1.25,8.0,possessions,observed,,mixed_eligibility_drive,historically_reconstructed
2025,3,401752834,2025-09-13 19:30:00+00:00,Michigan State,Youngstown State,home,ppp,offense,41.0,10.0,4.1,10.0,possessions,observed,,mixed_eligibility_drive,historically_reconstructed
2025,3,401752834,2025-09-13 19:30:00+00:00,Youngstown State,Michigan State,away,ppp,offense,24.0,10.0,2.4,10.0,possessions,observed,,mixed_eligibility_drive,historically_reconstructed
2025,3,401752835,2025-09-13 19:30:00+00:00,Penn State,Villanova,home,ppp,offense,10.0,6.0,,0.0,possessions,missing,unresolved_scoring_attribution,mixed_eligibility_drive,historically_reconstructed
2025,3,401752835,2025-09-13 19:30:00+00:00,Villanova,Penn State,away,ppp,offense,0.0,6.0,0.0,6.0,possessions,observed,,mixed_eligibility_drive,historically_reconstructed
2025,3,401752836,2025-09-12 22:30:00+00:00,Indiana,Indiana State,home,ppp,offense,45.0,8.0,5.625,8.0,possessions,observed,,mixed_eligibility_drive,historically_reconstructed
2025,3,401752836,2025-09-12 22:30:00+00:00,Indiana State,Indiana,away,ppp,offense,0.0,7.0,0.0,7.0,possessions,observed,,mixed_eligibility_drive,historically_reconstructed
2025,3,401752837,2025-09-13 02:00:00+00:00,UCLA,New Mexico,home,ppp,offense,10.0,11.0,0.9090909090909091,11.0,possessions,observed,,mixed_eligibility_drive,historically_reconstructed
2025,3,401752837,2025-09-13 02:00:00+00:00,New Mexico,UCLA,away,ppp,offense,35.0,9.0,3.888888888888889,9.0,possessions,observed,,mixed_eligibility_drive,historically_reconstructed
2025,3,401752838,2025-09-13 16:00:00+00:00,Maryland,Towson,home,ppp,offense,34.0,9.0,3.7777777777777777,9.0,possessions,observed,,mixed_eligibility_drive,historically_reconstructed
2025,3,401752838,2025-09-13 16:00:00+00:00,Towson,Maryland,away,ppp,offense,7.0,9.0,0.7777777777777778,9.0,possessions,observed,,mixed_eligibility_drive,historically_reconstructed
2025,3,401752839,2025-09-13 16:00:00+00:00,Michigan,Central Michigan,home,ppp,offense,42.0,8.0,5.25,8.0,possessions,observed,,mixed_eligibility_drive,historically_reconstructed
2025,3,401752839,2025-09-13 16:00:00+00:00,Central Michigan,Michigan,away,ppp,offense,3.0,8.0,0.375,8.0,possessions,observed,,mixed_eligibility_drive,historically_reconstructed
2025,3,401752840,2025-09-14 02:30:00+00:00,California,Minnesota,home,ppp,offense,14.0,12.0,,0.0,possessions,missing,unresolved_scoring_attribution,mixed_eligibility_drive,historically_reconstructed
2025,3,401752840,2025-09-14 02:30:00+00:00,Minnesota,California,away,ppp,offense,14.0,10.0,1.4,10.0,possessions,observed,,mixed_eligibility_drive,historically_reconstructed
2025,3,401752938,2025-09-13 19:30:00+00:00,Texas Tech,Oregon State,home,ppp,offense,35.0,8.0,4.375,8.0,possessions,observed,,mixed_eligibility_drive,historically_reconstructed
2025,3,401752938,2025-09-13 19:30:00+00:00,Oregon State,Texas Tech,away,ppp,offense,0.0,8.0,0.0,8.0,possessions,observed,,mixed_eligibility_drive,historically_reconstructed
2025,3,401752949,2025-09-13 19:30:00+00:00,North Texas,Washington State,home,ppp,offense,35.0,8.0,4.375,8.0,possessions,observed,,mixed_eligibility_drive,historically_reconstructed
2025,3,401752949,2025-09-13 19:30:00+00:00,Washington State,North Texas,away,ppp,offense,3.0,8.0,0.375,8.0,possessions,observed,,mixed_eligibility_drive,historically_reconstructed
2025,3,401754531,2025-09-11 23:30:00+00:00,Wake Forest,NC State,home,ppp,offense,17.0,11.0,1.5454545454545454,11.0,possessions,observed,,mixed_eligibility_drive,historically_reconstructed
2025,3,401754531,2025-09-11 23:30:00+00:00,NC State,Wake Forest,away,ppp,offense,27.0,12.0,2.25,12.0,possessions,observed,,mixed_eligibility_drive,historically_reconstructed
2025,3,401754532,2025-09-12 23:00:00+00:00,Syracuse,Colgate,home,ppp,offense,38.0,8.0,4.75,8.0,possessions,observed,,mixed_eligibility_drive,historically_reconstructed
2025,3,401754532,2025-09-12 23:00:00+00:00,Colgate,Syracuse,away,ppp,offense,10.0,9.0,1.1111111111111112,9.0,possessions,observed,,mixed_eligibility_drive,historically_reconstructed
2025,3,401754533,2025-09-14 02:30:00+00:00,Stanford,Boston College,home,ppp,offense,20.0,11.0,1.8181818181818181,11.0,possessions,observed,,mixed_eligibility_drive,historically_reconstructed
2025,3,401754533,2025-09-14 02:30:00+00:00,Boston College,Stanford,away,ppp,offense,20.0,12.0,1.6666666666666667,12.0,possessions,observed,,mixed_eligibility_drive,historically_reconstructed
2025,3,401754534,2025-09-14 00:00:00+00:00,Tulane,Duke,home,ppp,offense,27.0,12.0,2.25,12.0,possessions,observed,,mixed_eligibility_drive,historically_reconstructed
2025,3,401754534,2025-09-14 00:00:00+00:00,Duke,Tulane,away,ppp,offense,27.0,11.0,2.4545454545454546,11.0,possessions,observed,,mixed_eligibility_drive,historically_reconstructed
2025,3,401754535,2025-09-13 20:30:00+00:00,Miami,South Florida,home,ppp,offense,42.0,12.0,3.5,12.0,possessions,observed,,mixed_eligibility_drive,historically_reconstructed
2025,3,401754535,2025-09-13 20:30:00+00:00,South Florida,Miami,away,ppp,offense,12.0,11.0,1.0909090909090908,11.0,possessions,observed,,mixed_eligibility_drive,historically_reconstructed
2025,3,401754536,2025-09-13 23:00:00+00:00,Virginia Tech,Old Dominion,home,ppp,offense,26.0,12.0,2.1666666666666665,12.0,possessions,observed,,mixed_eligibility_drive,historically_reconstructed
2025,3,401754536,2025-09-13 23:00:00+00:00,Old Dominion,Virginia Tech,away,ppp,offense,31.0,11.0,2.8181818181818183,11.0,possessions,observed,,mixed_eligibility_drive,historically_reconstructed
2025,3,401754615,2025-09-13 19:30:00+00:00,Missouri State,SMU,home,ppp,offense,10.0,12.0,0.8333333333333334,12.0,possessions,observed,,mixed_eligibility_drive,historically_reconstructed
2025,3,401754615,2025-09-13 19:30:00+00:00,SMU,Missouri State,away,ppp,offense,21.0,13.0,1.6153846153846154,13.0,possessions,observed,,mixed_eligibility_drive,historically_reconstructed
2025,3,401754619,2025-09-13 16:00:00+00:00,Virginia,William & Mary,home,ppp,offense,42.0,8.0,5.25,8.0,possessions,observed,,mixed_eligibility_drive,historically_reconstructed
2025,3,401754619,2025-09-13 16:00:00+00:00,William & Mary,Virginia,away,ppp,offense,7.0,7.0,1.0,7.0,possessions,observed,,mixed_eligibility_drive,historically_reconstructed
2025,3,401754623,2025-09-13 16:00:00+00:00,Georgia Tech,Clemson,home,ppp,offense,24.0,10.0,2.4,10.0,possessions,observed,,mixed_eligibility_drive,historically_reconstructed
2025,3,401754623,2025-09-13 16:00:00+00:00,Clemson,Georgia Tech,away,ppp,offense,21.0,9.0,2.3333333333333335,9.0,possessions,observed,,mixed_eligibility_drive,historically_reconstructed
2025,3,401754638,2025-09-13 19:30:00+00:00,West Virginia,Pittsburgh,home,ppp,offense,24.0,15.0,1.6,15.0,possessions,observed,,mixed_eligibility_drive,historically_reconstructed
2025,3,401754638,2025-09-13 19:30:00+00:00,Pittsburgh,West Virginia,away,ppp,offense,22.0,15.0,1.4666666666666666,15.0,possessions,observed,,mixed_eligibility_drive,historically_reconstructed
2025,3,401754639,2025-09-13 19:30:00+00:00,North Carolina,Richmond,home,ppp,offense,27.0,7.0,3.857142857142857,7.0,possessions,observed,,mixed_eligibility_drive,historically_reconstructed
2025,3,401754639,2025-09-13 19:30:00+00:00,Richmond,North Carolina,away,ppp,offense,3.0,9.0,0.3333333333333333,9.0,possessions,observed,,mixed_eligibility_drive,historically_reconstructed
2025,3,401756888,2025-09-13 01:00:00+00:00,Arizona,Kansas State,home,ppp,offense,10.0,13.0,,0.0,possessions,missing,unresolved_scoring_attribution,mixed_eligibility_drive,historically_reconstructed
2025,3,401756888,2025-09-13 01:00:00+00:00,Kansas State,Arizona,away,ppp,offense,17.0,12.0,1.4166666666666667,12.0,possessions,observed,,mixed_eligibility_drive,historically_reconstructed
2025,3,401756889,2025-09-14 02:30:00+00:00,Arizona State,Texas State,home,ppp,offense,34.0,10.0,3.4,10.0,possessions,observed,,mixed_eligibility_drive,historically_reconstructed
2025,3,401756889,2025-09-14 02:30:00+00:00,Texas State,Arizona State,away,ppp,offense,15.0,10.0,1.5,10.0,possessions,observed,,mixed_eligibility_drive,historically_reconstructed
2025,3,401756890,2025-09-13 20:00:00+00:00,Arkansas State,Iowa State,home,ppp,offense,10.0,10.0,,0.0,possessions,missing,unresolved_scoring_attribution,mixed_eligibility_drive,historically_reconstructed
2025,3,401756890,2025-09-13 20:00:00+00:00,Iowa State,Arkansas State,away,ppp,offense,24.0,10.0,,0.0,possessions,missing,unresolved_scoring_attribution,mixed_eligibility_drive,historically_reconstructed
2025,3,401756891,2025-09-13 16:00:00+00:00,Baylor,Samford,home,ppp,offense,42.0,12.0,3.5,12.0,possessions,observed,,mixed_eligibility_drive,historically_reconstructed
2025,3,401756891,2025-09-13 16:00:00+00:00,Samford,Baylor,away,ppp,offense,7.0,12.0,0.5833333333333334,12.0,possessions,observed,,mixed_eligibility_drive,historically_reconstructed
2025,3,401756892,2025-09-13 19:30:00+00:00,Cincinnati,Northwestern State,home,ppp,offense,49.0,9.0,5.444444444444445,9.0,possessions,observed,,mixed_eligibility_drive,historically_reconstructed
2025,3,401756892,2025-09-13 19:30:00+00:00,Northwestern State,Cincinnati,away,ppp,offense,0.0,9.0,0.0,9.0,possessions,observed,,mixed_eligibility_drive,historically_reconstructed
2025,3,401756893,2025-09-12 23:30:00+00:00,Houston,Colorado,home,ppp,offense,33.0,13.0,2.5384615384615383,13.0,possessions,observed,,mixed_eligibility_drive,historically_reconstructed
2025,3,401756893,2025-09-12 23:30:00+00:00,Colorado,Houston,away,ppp,offense,20.0,12.0,1.6666666666666667,12.0,possessions,observed,,mixed_eligibility_drive,historically_reconstructed
2025,3,401756894,2025-09-14 00:00:00+00:00,TCU,Abilene Christian,home,ppp,offense,42.0,8.0,5.25,8.0,possessions,observed,,mixed_eligibility_drive,historically_reconstructed
2025,3,401756894,2025-09-14 00:00:00+00:00,Abilene Christian,TCU,away,ppp,offense,17.0,8.0,2.125,8.0,possessions,observed,,mixed_eligibility_drive,historically_reconstructed
2025,3,401756895,2025-09-14 00:00:00+00:00,Wyoming,Utah,home,ppp,offense,6.0,11.0,0.5454545454545454,11.0,possessions,observed,,mixed_eligibility_drive,historically_reconstructed
2025,3,401756895,2025-09-14 00:00:00+00:00,Utah,Wyoming,away,ppp,offense,28.0,10.0,2.8,10.0,possessions,observed,,mixed_eligibility_drive,historically_reconstructed
2025,3,401757168,2025-09-13 19:00:00+00:00,Delaware,Connecticut,home,ppp,offense,38.0,11.0,3.4545454545454546,11.0,possessions,observed,,mixed_eligibility_drive,historically_reconstructed
2025,3,401757168,2025-09-13 19:00:00+00:00,Connecticut,Delaware,away,ppp,offense,35.0,11.0,3.1818181818181817,11.0,possessions,observed,,mixed_eligibility_drive,historically_reconstructed
2025,3,401757233,2025-09-13 22:00:00+00:00,Florida International,Florida Atlantic,home,ppp,offense,31.0,14.0,2.2142857142857144,14.0,possessions,observed,,mixed_eligibility_drive,historically_reconstructed
2025,3,401757233,2025-09-13 22:00:00+00:00,Florida Atlantic,Florida International,away,ppp,offense,21.0,14.0,1.5,14.0,possessions,observed,,mixed_eligibility_drive,historically_reconstructed
2025,3,401757234,2025-09-13 23:00:00+00:00,Georgia Southern,Jacksonville State,home,ppp,offense,34.0,11.0,3.090909090909091,11.0,possessions,observed,,mixed_eligibility_drive,historically_reconstructed
2025,3,401757234,2025-09-13 23:00:00+00:00,Jacksonville State,Georgia Southern,away,ppp,offense,34.0,11.0,3.090909090909091,11.0,possessions,observed,,mixed_eligibility_drive,historically_reconstructed
2025,3,401757235,2025-09-13 22:00:00+00:00,Kennesaw State,Merrimack,home,ppp,offense,10.0,10.0,1.0,10.0,possessions,observed,,mixed_eligibility_drive,historically_reconstructed
2025,3,401757235,2025-09-13 22:00:00+00:00,Merrimack,Kennesaw State,away,ppp,offense,7.0,9.0,0.7777777777777778,9.0,possessions,observed,,mixed_eligibility_drive,historically_reconstructed
2025,3,401757256,2025-09-13 21:00:00+00:00,Bowling Green,Liberty,home,ppp,offense,23.0,12.0,1.9166666666666667,12.0,possessions,observed,,mixed_eligibility_drive,historically_reconstructed
2025,3,401757256,2025-09-13 21:00:00+00:00,Liberty,Bowling Green,away,ppp,offense,13.0,12.0,1.0833333333333333,12.0,possessions,observed,,mixed_eligibility_drive,historically_reconstructed
2025,3,401757257,2025-09-13 23:30:00+00:00,Louisiana Tech,New Mexico State,home,ppp,offense,28.0,12.0,2.3333333333333335,12.0,possessions,observed,,mixed_eligibility_drive,historically_reconstructed
2025,3,401757257,2025-09-13 23:30:00+00:00,New Mexico State,Louisiana Tech,away,ppp,offense,14.0,13.0,1.0769230769230769,13.0,possessions,observed,,mixed_eligibility_drive,historically_reconstructed
2025,3,401757258,2025-09-13 21:00:00+00:00,Nevada,Middle Tennessee,home,ppp,offense,13.0,13.0,1.0,13.0,possessions,observed,,mixed_eligibility_drive,historically_reconstructed
2025,3,401757258,2025-09-13 21:00:00+00:00,Middle Tennessee,Nevada,away,ppp,offense,7.0,13.0,0.5384615384615384,13.0,possessions,observed,,mixed_eligibility_drive,historically_reconstructed
2025,3,401760368,2025-09-14 01:45:00+00:00,Utah State,Air Force,home,ppp,offense,42.0,12.0,3.5,12.0,possessions,observed,,mixed_eligibility_drive,historically_reconstructed
2025,3,401760368,2025-09-14 01:45:00+00:00,Air Force,Utah State,away,ppp,offense,24.0,12.0,,0.0,possessions,missing,unresolved_scoring_attribution,mixed_eligibility_drive,historically_reconstructed
2025,3,401760369,2025-09-14 02:00:00+00:00,Fresno State,Southern,home,ppp,offense,42.0,8.0,5.25,8.0,possessions,observed,,mixed_eligibility_drive,historically_reconstructed
2025,3,401760369,2025-09-14 02:00:00+00:00,Southern,Fresno State,away,ppp,offense,7.0,8.0,0.875,8.0,possessions,observed,,mixed_eligibility_drive,historically_reconstructed
2025,3,401760370,2025-09-14 03:59:00+00:00,Hawai_i,Portland State,home,ppp,offense,16.0,11.0,1.4545454545454546,11.0,possessions,observed,,mixed_eligibility_drive,historically_reconstructed
2025,3,401760370,2025-09-14 03:59:00+00:00,Portland State,Hawai_i,away,ppp,offense,3.0,12.0,0.25,12.0,possessions,observed,,mixed_eligibility_drive,historically_reconstructed
2025,3,401761604,2025-09-13 23:30:00+00:00,Coastal Carolina,East Carolina,home,ppp,offense,0.0,10.0,0.0,10.0,possessions,observed,,mixed_eligibility_drive,historically_reconstructed
2025,3,401761604,2025-09-13 23:30:00+00:00,East Carolina,Coastal Carolina,away,ppp,offense,31.0,11.0,2.8181818181818183,11.0,possessions,observed,,mixed_eligibility_drive,historically_reconstructed
2025,3,401761605,2025-09-13 23:00:00+00:00,Georgia State,Murray State,home,ppp,offense,35.0,12.0,2.9166666666666665,12.0,possessions,observed,,mixed_eligibility_drive,historically_reconstructed
2025,3,401761605,2025-09-13 23:00:00+00:00,Murray State,Georgia State,away,ppp,offense,21.0,13.0,1.6153846153846154,13.0,possessions,observed,,mixed_eligibility_drive,historically_reconstructed
2025,3,401761606,2025-09-13 22:00:00+00:00,Marshall,Eastern Kentucky,home,ppp,offense,38.0,12.0,3.1666666666666665,12.0,possessions,observed,,mixed_eligibility_drive,historically_reconstructed
2025,3,401761606,2025-09-13 22:00:00+00:00,Eastern Kentucky,Marshall,away,ppp,offense,7.0,12.0,0.5833333333333334,12.0,possessions,observed,,mixed_eligibility_drive,historically_reconstructed
2025,3,401761607,2025-09-13 23:00:00+00:00,Southern Mississippi,Appalachian State,home,ppp,offense,31.0,12.0,2.5833333333333335,12.0,possessions,observed,,mixed_eligibility_drive,historically_reconstructed
2025,3,401761607,2025-09-13 23:00:00+00:00,Appalachian State,Southern Mississippi,away,ppp,offense,14.0,13.0,1.0769230769230769,13.0,possessions,observed,,mixed_eligibility_drive,historically_reconstructed
2025,3,401761608,2025-09-13 16:00:00+00:00,Troy,Memphis,home,ppp,offense,0.0,12.0,0.0,12.0,possessions,observed,,mixed_eligibility_drive,historically_reconstructed
2025,3,401761608,2025-09-13 16:00:00+00:00,Memphis,Troy,away,ppp,offense,28.0,14.0,2.0,14.0,possessions,observed,,mixed_eligibility_drive,historically_reconstructed
2025,3,401762463,2025-09-14 00:30:00+00:00,UAB,Akron,home,ppp,offense,17.0,12.0,1.4166666666666667,12.0,possessions,observed,,mixed_eligibility_drive,historically_reconstructed
2025,3,401762463,2025-09-14 00:30:00+00:00,Akron,UAB,away,ppp,offense,28.0,13.0,2.1538461538461537,13.0,possessions,observed,,mixed_eligibility_drive,historically_reconstructed
2025,3,401762464,2025-09-13 22:00:00+00:00,Charlotte,Monmouth,home,ppp,offense,42.0,12.0,3.5,12.0,possessions,observed,,mixed_eligibility_drive,historically_reconstructed
2025,3,401762464,2025-09-13 22:00:00+00:00,Monmouth,Charlotte,away,ppp,offense,28.0,12.0,2.3333333333333335,12.0,possessions,observed,,mixed_eligibility_drive,historically_reconstructed
2025,3,401762465,2025-09-14 00:00:00+00:00,Tulsa,Navy,home,ppp,offense,23.0,12.0,1.9166666666666667,12.0,possessions,observed,,mixed_eligibility_drive,historically_reconstructed
2025,3,401762465,2025-09-14 00:00:00+00:00,Navy,Tulsa,away,ppp,offense,42.0,12.0,3.5,12.0,possessions,observed,,mixed_eligibility_drive,historically_reconstructed
2025,3,401762466,2025-09-13 23:00:00+00:00,Rice,Prairie View A&M,home,ppp,offense,38.0,10.0,3.8,10.0,possessions,observed,,mixed_eligibility_drive,historically_reconstructed
2025,3,401762466,2025-09-13 23:00:00+00:00,Prairie View A&M,Rice,away,ppp,offense,17.0,10.0,1.7,10.0,possessions,observed,,mixed_eligibility_drive,historically_reconstructed
2025,3,401762467,2025-09-13 19:30:00+00:00,UT San Antonio,Incarnate Word,home,ppp,offense,31.0,13.0,2.3846153846153846,13.0,possessions,observed,,mixed_eligibility_drive,historically_reconstructed
2025,3,401762467,2025-09-13 19:30:00+00:00,Incarnate Word,UT San Antonio,away,ppp,offense,20.0,12.0,1.6666666666666667,12.0,possessions,observed,,mixed_eligibility_drive,historically_reconstructed
2025,3,401762817,2025-09-13 16:00:00+00:00,Kent State,Buffalo,home,ppp,offense,28.0,13.0,2.1538461538461537,13.0,possessions,observed,,mixed_eligibility_drive,historically_reconstructed
2025,3,401762817,2025-09-13 16:00:00+00:00,Buffalo,Kent State,away,ppp,offense,31.0,13.0,2.3846153846153846,13.0,possessions,observed,,mixed_eligibility_drive,historically_reconstructed
2025,3,401762818,2025-09-13 18:00:00+00:00,Ball State,New Hampshire,home,ppp,offense,21.0,10.0,2.1,10.0,possessions,observed,,mixed_eligibility_drive,historically_reconstructed
2025,3,401762818,2025-09-13 18:00:00+00:00,New Hampshire,Ball State,away,ppp,offense,13.0,11.0,1.1818181818181819,11.0,possessions,observed,,mixed_eligibility_drive,historically_reconstructed
2025,3,401762819,2025-09-13 19:30:00+00:00,Toledo,Morgan State,home,ppp,offense,46.0,9.0,5.111111111111111,9.0,possessions,observed,,mixed_eligibility_drive,historically_reconstructed
2025,3,401762819,2025-09-13 19:30:00+00:00,Morgan State,Toledo,away,ppp,offense,0.0,9.0,0.0,9.0,possessions,observed,,mixed_eligibility_drive,historically_reconstructed
2025,4,401752708,2025-09-20 16:00:00+00:00,Memphis,Arkansas,home,ppp,offense,32.0,14.0,2.2857142857142856,14.0,possessions,observed,,mixed_eligibility_drive,historically_reconstructed
2025,4,401752708,2025-09-20 16:00:00+00:00,Arkansas,Memphis,away,ppp,offense,31.0,13.0,2.3846153846153846,13.0,possessions,observed,,mixed_eligibility_drive,historically_reconstructed
2025,4,401752709,2025-09-20 23:30:00+00:00,Miami,Florida,home,ppp,offense,26.0,12.0,2.1666666666666665,12.0,possessions,observed,,mixed_eligibility_drive,historically_reconstructed
2025,4,401752709,2025-09-20 23:30:00+00:00,Florida,Miami,away,ppp,offense,7.0,11.0,0.6363636363636364,11.0,possessions,observed,,mixed_eligibility_drive,historically_reconstructed
2025,4,401752710,2025-09-20 23:45:00+00:00,LSU,SE Louisiana,home,ppp,offense,35.0,6.0,5.833333333333333,6.0,possessions,observed,,mixed_eligibility_drive,historically_reconstructed
2025,4,401752710,2025-09-20 23:45:00+00:00,SE Louisiana,LSU,away,ppp,offense,0.0,6.0,0.0,6.0,possessions,observed,,mixed_eligibility_drive,historically_reconstructed
2025,4,401752711,2025-09-20 19:30:00+00:00,Ole Miss,Tulane,home,ppp,offense,31.0,7.0,4.428571428571429,7.0,possessions,observed,,mixed_eligibility_drive,historically_reconstructed
2025,4,401752711,2025-09-20 19:30:00+00:00,Tulane,Ole Miss,away,ppp,offense,3.0,7.0,0.42857142857142855,7.0,possessions,observed,,mixed_eligibility_drive,historically_reconstructed
2025,4,401752712,2025-09-20 20:15:00+00:00,Mississippi State,Northern Illinois,home,ppp,offense,38.0,9.0,4.222222222222222,9.0,possessions,observed,,mixed_eligibility_drive,historically_reconstructed
2025,4,401752712,2025-09-20 20:15:00+00:00,Northern Illinois,Mississippi State,away,ppp,offense,10.0,9.0,1.1111111111111112,9.0,possessions,observed,,mixed_eligibility_drive,historically_reconstructed
2025,4,401752713,2025-09-20 23:00:00+00:00,Missouri,South Carolina,home,ppp,offense,26.0,11.0,2.3636363636363638,11.0,possessions,observed,,mixed_eligibility_drive,historically_reconstructed
2025,4,401752713,2025-09-20 23:00:00+00:00,South Carolina,Missouri,away,ppp,offense,0.0,11.0,,0.0,possessions,missing,unresolved_scoring_attribution,mixed_eligibility_drive,historically_reconstructed
2025,4,401752714,2025-09-20 19:30:00+00:00,Oklahoma,Auburn,home,ppp,offense,22.0,13.0,1.6923076923076923,13.0,possessions,observed,,mixed_eligibility_drive,historically_reconstructed
2025,4,401752714,2025-09-20 19:30:00+00:00,Auburn,Oklahoma,away,ppp,offense,17.0,12.0,1.4166666666666667,12.0,possessions,observed,,mixed_eligibility_drive,historically_reconstructed
2025,4,401752715,2025-09-20 16:45:00+00:00,Tennessee,UAB,home,ppp,offense,35.0,8.0,4.375,8.0,possessions,observed,,mixed_eligibility_drive,historically_reconstructed
2025,4,401752715,2025-09-20 16:45:00+00:00,UAB,Tennessee,away,ppp,offense,7.0,7.0,1.0,7.0,possessions,observed,,mixed_eligibility_drive,historically_reconstructed
2025,4,401752716,2025-09-20 23:30:00+00:00,Vanderbilt,Georgia State,home,ppp,offense,35.0,8.0,4.375,8.0,possessions,observed,,mixed_eligibility_drive,historically_reconstructed
2025,4,401752716,2025-09-20 23:30:00+00:00,Georgia State,Vanderbilt,away,ppp,offense,3.0,9.0,0.3333333333333333,9.0,possessions,observed,,mixed_eligibility_drive,historically_reconstructed
2025,4,401752723,2025-09-21 00:00:00+00:00,Texas,Sam Houston State,home,ppp,offense,38.0,6.0,,0.0,possessions,missing,unresolved_scoring_attribution,mixed_eligibility_drive,historically_reconstructed
2025,4,401752723,2025-09-21 00:00:00+00:00,Sam Houston State,Texas,away,ppp,offense,0.0,6.0,0.0,6.0,possessions,observed,,mixed_eligibility_drive,historically_reconstructed
2025,4,401752841,2025-09-20 19:00:00+00:00,Oregon,Oregon State,home,ppp,offense,38.0,8.0,4.75,8.0,possessions,observed,,mixed_eligibility_drive,historically_reconstructed
2025,4,401752841,2025-09-20 19:00:00+00:00,Oregon State,Oregon,away,ppp,offense,7.0,8.0,0.875,8.0,possessions,observed,,mixed_eligibility_drive,historically_reconstructed
2025,4,401752842,2025-09-20 23:30:00+00:00,Washington State,Washington,home,ppp,offense,24.0,8.0,3.0,8.0,possessions,observed,,mixed_eligibility_drive,historically_reconstructed
2025,4,401752842,2025-09-20 23:30:00+00:00,Washington,Washington State,away,ppp,offense,45.0,7.0,6.428571428571429,7.0,possessions,observed,,mixed_eligibility_drive,historically_reconstructed
2025,4,401752843,2025-09-20 23:30:00+00:00,Indiana,Illinois,home,ppp,offense,42.0,8.0,5.25,8.0,possessions,observed,,mixed_eligibility_drive,historically_reconstructed
2025,4,401752843,2025-09-20 23:30:00+00:00,Illinois,Indiana,away,ppp,offense,10.0,9.0,1.1111111111111112,9.0,possessions,observed,,mixed_eligibility_drive,historically_reconstructed
2025,4,401752844,2025-09-20 00:00:00+00:00,Rutgers,Iowa,home,ppp,offense,28.0,11.0,2.5454545454545454,11.0,possessions,observed,,mixed_eligibility_drive,historically_reconstructed
2025,4,401752844,2025-09-20 00:00:00+00:00,Iowa,Rutgers,away,ppp,offense,31.0,10.0,3.1,10.0,possessions,observed,,mixed_eligibility_drive,historically_reconstructed
2025,4,401752845,2025-09-20 16:00:00+00:00,Wisconsin,Maryland,home,ppp,offense,10.0,13.0,0.7692307692307693,13.0,possessions,observed,,mixed_eligibility_drive,historically_reconstructed
2025,4,401752845,2025-09-20 16:00:00+00:00,Maryland,Wisconsin,away,ppp,offense,27.0,14.0,1.9285714285714286,14.0,possessions,observed,,mixed_eligibility_drive,historically_reconstructed
2025,4,401752846,2025-09-20 19:30:00+00:00,Nebraska,Michigan,home,ppp,offense,27.0,12.0,2.25,12.0,possessions,observed,,mixed_eligibility_drive,historically_reconstructed
2025,4,401752846,2025-09-20 19:30:00+00:00,Michigan,Nebraska,away,ppp,offense,30.0,12.0,2.5,12.0,possessions,observed,,mixed_eligibility_drive,historically_reconstructed
2025,4,401752847,2025-09-21 03:00:00+00:00,USC,Michigan State,home,ppp,offense,38.0,9.0,4.222222222222222,9.0,possessions,observed,,mixed_eligibility_drive,historically_reconstructed
2025,4,401752847,2025-09-21 03:00:00+00:00,Michigan State,USC,away,ppp,offense,28.0,10.0,2.8,10.0,possessions,observed,,mixed_eligibility_drive,historically_reconstructed
2025,4,401752848,2025-09-20 19:30:00+00:00,Notre Dame,Purdue,home,ppp,offense,49.0,11.0,4.454545454545454,11.0,possessions,observed,,mixed_eligibility_drive,historically_reconstructed
2025,4,401752848,2025-09-20 19:30:00+00:00,Purdue,Notre Dame,away,ppp,offense,30.0,11.0,2.727272727272727,11.0,possessions,observed,,mixed_eligibility_drive,historically_reconstructed
2025,4,401754537,2025-09-20 16:00:00+00:00,Clemson,Syracuse,home,ppp,offense,21.0,13.0,1.6153846153846154,13.0,possessions,observed,,mixed_eligibility_drive,historically_reconstructed
2025,4,401754537,2025-09-20 16:00:00+00:00,Syracuse,Clemson,away,ppp,offense,34.0,14.0,2.4285714285714284,14.0,possessions,observed,,mixed_eligibility_drive,historically_reconstructed
2025,4,401754538,2025-09-20 20:00:00+00:00,Duke,NC State,home,ppp,offense,38.0,12.0,3.1666666666666665,12.0,possessions,observed,,mixed_eligibility_drive,historically_reconstructed
2025,4,401754538,2025-09-20 20:00:00+00:00,NC State,Duke,away,ppp,offense,33.0,12.0,2.75,12.0,possessions,observed,,mixed_eligibility_drive,historically_reconstructed
2025,4,401754539,2025-09-20 23:30:00+00:00,Virginia,Stanford,home,ppp,offense,48.0,11.0,4.363636363636363,11.0,possessions,observed,,mixed_eligibility_drive,historically_reconstructed
2025,4,401754539,2025-09-20 23:30:00+00:00,Stanford,Virginia,away,ppp,offense,20.0,11.0,1.8181818181818181,11.0,possessions,observed,,mixed_eligibility_drive,historically_reconstructed
2025,4,401754540,2025-09-21 02:30:00+00:00,San Diego State,California,home,ppp,offense,20.0,9.0,2.2222222222222223,9.0,possessions,observed,,mixed_eligibility_drive,historically_reconstructed
2025,4,401754540,2025-09-21 02:30:00+00:00,California,San Diego State,away,ppp,offense,0.0,10.0,0.0,10.0,possessions,observed,,mixed_eligibility_drive,historically_reconstructed
2025,4,401754541,2025-09-20 19:30:00+00:00,Florida State,Kent State,home,ppp,offense,38.0,8.0,4.75,8.0,possessions,observed,,mixed_eligibility_drive,historically_reconstructed
2025,4,401754541,2025-09-20 19:30:00+00:00,Kent State,Florida State,away,ppp,offense,7.0,7.0,1.0,7.0,possessions,observed,,mixed_eligibility_drive,historically_reconstructed
2025,4,401754542,2025-09-20 20:30:00+00:00,Georgia Tech,Temple,home,ppp,offense,38.0,11.0,3.4545454545454546,11.0,possessions,observed,,mixed_eligibility_drive,historically_reconstructed
2025,4,401754542,2025-09-20 20:30:00+00:00,Temple,Georgia Tech,away,ppp,offense,14.0,11.0,1.2727272727272727,11.0,possessions,observed,,mixed_eligibility_drive,historically_reconstructed
2025,4,401754617,2025-09-20 16:00:00+00:00,Virginia Tech,Wofford,home,ppp,offense,31.0,9.0,3.4444444444444446,9.0,possessions,observed,,mixed_eligibility_drive,historically_reconstructed
2025,4,401754617,2025-09-20 16:00:00+00:00,Wofford,Virginia Tech,away,ppp,offense,3.0,7.0,0.42857142857142855,7.0,possessions,observed,,mixed_eligibility_drive,historically_reconstructed
2025,4,401754636,2025-09-20 16:00:00+00:00,TCU,SMU,home,ppp,offense,35.0,12.0,2.9166666666666665,12.0,possessions,observed,,mixed_eligibility_drive,historically_reconstructed
2025,4,401754636,2025-09-20 16:00:00+00:00,SMU,TCU,away,ppp,offense,17.0,12.0,1.4166666666666667,12.0,possessions,observed,,mixed_eligibility_drive,historically_reconstructed
2025,4,401754640,2025-09-20 19:30:00+00:00,UCF,North Carolina,home,ppp,offense,34.0,9.0,3.7777777777777777,9.0,possessions,observed,,mixed_eligibility_drive,historically_reconstructed
2025,4,401754640,2025-09-20 19:30:00+00:00,North Carolina,UCF,away,ppp,offense,9.0,9.0,1.0,9.0,possessions,observed,,mixed_eligibility_drive,historically_reconstructed
2025,4,401754642,2025-09-20 16:00:00+00:00,Louisville,Bowling Green,home,ppp,offense,30.0,10.0,3.0,10.0,possessions,observed,,mixed_eligibility_drive,historically_reconstructed
2025,4,401754642,2025-09-20 16:00:00+00:00,Bowling Green,Louisville,away,ppp,offense,17.0,12.0,1.4166666666666667,12.0,possessions,observed,,mixed_eligibility_drive,historically_reconstructed
2025,4,401756896,2025-09-20 23:30:00+00:00,Baylor,Arizona State,home,ppp,offense,24.0,10.0,2.4,10.0,possessions,observed,,mixed_eligibility_drive,historically_reconstructed
2025,4,401756896,2025-09-20 23:30:00+00:00,Arizona State,Baylor,away,ppp,offense,24.0,11.0,2.1818181818181817,11.0,possessions,observed,,mixed_eligibility_drive,historically_reconstructed
2025,4,401756897,2025-09-21 02:15:00+00:00,Colorado,Wyoming,home,ppp,offense,35.0,10.0,3.5,10.0,possessions,observed,,mixed_eligibility_drive,historically_reconstructed
2025,4,401756897,2025-09-21 02:15:00+00:00,Wyoming,Colorado,away,ppp,offense,20.0,11.0,1.8181818181818181,11.0,possessions,observed,,mixed_eligibility_drive,historically_reconstructed
2025,4,401756898,2025-09-20 23:30:00+00:00,East Carolina,BYU,home,ppp,offense,13.0,12.0,1.0833333333333333,12.0,possessions,observed,,mixed_eligibility_drive,historically_reconstructed
2025,4,401756898,2025-09-20 23:30:00+00:00,BYU,East Carolina,away,ppp,offense,27.0,10.0,2.7,10.0,possessions,observed,,mixed_eligibility_drive,historically_reconstructed
2025,4,401756899,2025-09-20 22:00:00+00:00,Kansas,West Virginia,home,ppp,offense,34.0,11.0,3.090909090909091,11.0,possessions,observed,,mixed_eligibility_drive,historically_reconstructed
2025,4,401756899,2025-09-20 22:00:00+00:00,West Virginia,Kansas,away,ppp,offense,10.0,11.0,0.9090909090909091,11.0,possessions,observed,,mixed_eligibility_drive,historically_reconstructed
2025,4,401756900,2025-09-19 23:30:00+00:00,Oklahoma State,Tulsa,home,ppp,offense,12.0,12.0,,0.0,possessions,missing,unresolved_scoring_attribution,mixed_eligibility_drive,historically_reconstructed
2025,4,401756900,2025-09-19 23:30:00+00:00,Tulsa,Oklahoma State,away,ppp,offense,19.0,12.0,1.5833333333333333,12.0,possessions,observed,,mixed_eligibility_drive,historically_reconstructed
2025,4,401756901,2025-09-20 16:00:00+00:00,Utah,Texas Tech,home,ppp,offense,10.0,15.0,0.6666666666666666,15.0,possessions,observed,,mixed_eligibility_drive,historically_reconstructed
2025,4,401756901,2025-09-20 16:00:00+00:00,Texas Tech,Utah,away,ppp,offense,34.0,14.0,2.4285714285714284,14.0,possessions,observed,,mixed_eligibility_drive,historically_reconstructed
2025,4,401757169,2025-09-20 19:30:00+00:00,Connecticut,Ball State,home,ppp,offense,31.0,10.0,3.1,10.0,possessions,observed,,mixed_eligibility_drive,historically_reconstructed
2025,4,401757169,2025-09-20 19:30:00+00:00,Ball State,Connecticut,away,ppp,offense,25.0,10.0,2.5,10.0,possessions,observed,,mixed_eligibility_drive,historically_reconstructed
2025,4,401757259,2025-09-20 22:00:00+00:00,Florida International,Delaware,home,ppp,offense,16.0,10.0,1.6,10.0,possessions,observed,,mixed_eligibility_drive,historically_reconstructed
2025,4,401757259,2025-09-20 22:00:00+00:00,Delaware,Florida International,away,ppp,offense,24.0,8.0,3.0,8.0,possessions,observed,,mixed_eligibility_drive,historically_reconstructed
2025,4,401757260,2025-09-20 23:00:00+00:00,Jacksonville State,Murray State,home,ppp,offense,31.0,10.0,3.1,10.0,possessions,observed,,mixed_eligibility_drive,historically_reconstructed
2025,4,401757260,2025-09-20 23:00:00+00:00,Murray State,Jacksonville State,away,ppp,offense,3.0,10.0,0.3,10.0,possessions,observed,,mixed_eligibility_drive,historically_reconstructed
2025,4,401757261,2025-09-20 22:00:00+00:00,Kennesaw State,Arkansas State,home,ppp,offense,0.0,13.0,,0.0,possessions,missing,unresolved_scoring_attribution,mixed_eligibility_drive,historically_reconstructed
2025,4,401757261,2025-09-20 22:00:00+00:00,Arkansas State,Kennesaw State,away,ppp,offense,21.0,13.0,1.6153846153846154,13.0,possessions,observed,,mixed_eligibility_drive,historically_reconstructed
2025,4,401757262,2025-09-20 19:30:00+00:00,Liberty,James Madison,home,ppp,offense,6.0,7.0,0.8571428571428571,7.0,possessions,observed,,mixed_eligibility_drive,historically_reconstructed
2025,4,401757262,2025-09-20 19:30:00+00:00,James Madison,Liberty,away,ppp,offense,24.0,7.0,3.4285714285714284,7.0,possessions,observed,,mixed_eligibility_drive,historically_reconstructed
2025,4,401757263,2025-09-20 23:30:00+00:00,Louisiana Tech,Southern Mississippi,home,ppp,offense,24.0,13.0,1.8461538461538463,13.0,possessions,observed,,mixed_eligibility_drive,historically_reconstructed
2025,4,401757263,2025-09-20 23:30:00+00:00,Southern Mississippi,Louisiana Tech,away,ppp,offense,20.0,14.0,1.4285714285714286,14.0,possessions,observed,,mixed_eligibility_drive,historically_reconstructed
2025,4,401757264,2025-09-20 23:00:00+00:00,Middle Tennessee,Marshall,home,ppp,offense,28.0,11.0,2.5454545454545454,11.0,possessions,observed,,mixed_eligibility_drive,historically_reconstructed
2025,4,401757264,2025-09-20 23:00:00+00:00,Marshall,Middle Tennessee,away,ppp,offense,28.0,12.0,2.3333333333333335,12.0,possessions,observed,,mixed_eligibility_drive,historically_reconstructed
2025,4,401757265,2025-09-20 23:00:00+00:00,Missouri State,UT Martin,home,ppp,offense,35.0,6.0,5.833333333333333,6.0,possessions,observed,,mixed_eligibility_drive,historically_reconstructed
2025,4,401757265,2025-09-20 23:00:00+00:00,UT Martin,Missouri State,away,ppp,offense,0.0,7.0,0.0,7.0,possessions,observed,,mixed_eligibility_drive,historically_reconstructed
2025,4,401757267,2025-09-21 01:00:00+00:00,UTEP,Louisiana Monroe,home,ppp,offense,25.0,13.0,1.9230769230769231,13.0,possessions,observed,,mixed_eligibility_drive,historically_reconstructed
2025,4,401757267,2025-09-21 01:00:00+00:00,Louisiana Monroe,UTEP,away,ppp,offense,17.0,13.0,1.3076923076923077,13.0,possessions,observed,,mixed_eligibility_drive,historically_reconstructed
2025,4,401757268,2025-09-20 23:00:00+00:00,Western Kentucky,Nevada,home,ppp,offense,24.0,11.0,2.1818181818181817,11.0,possessions,observed,,mixed_eligibility_drive,historically_reconstructed
2025,4,401757268,2025-09-20 23:00:00+00:00,Nevada,Western Kentucky,away,ppp,offense,13.0,12.0,1.0833333333333333,12.0,possessions,observed,,mixed_eligibility_drive,historically_reconstructed
2025,4,401760372,2025-09-20 23:00:00+00:00,Air Force,Boise State,home,ppp,offense,37.0,11.0,3.3636363636363638,11.0,possessions,observed,,mixed_eligibility_drive,historically_reconstructed
2025,4,401760372,2025-09-20 23:00:00+00:00,Boise State,Air Force,away,ppp,offense,49.0,11.0,4.454545454545454,11.0,possessions,observed,,mixed_eligibility_drive,historically_reconstructed
2025,4,401760373,2025-09-21 01:30:00+00:00,Colorado State,UT San Antonio,home,ppp,offense,10.0,13.0,0.7692307692307693,13.0,possessions,observed,,mixed_eligibility_drive,historically_reconstructed
2025,4,401760373,2025-09-21 01:30:00+00:00,UT San Antonio,Colorado State,away,ppp,offense,17.0,13.0,1.3076923076923077,13.0,possessions,observed,,mixed_eligibility_drive,historically_reconstructed
2025,4,401760374,2025-09-21 03:59:00+00:00,Hawai_i,Fresno State,home,ppp,offense,12.0,12.0,1.0,12.0,possessions,observed,,mixed_eligibility_drive,historically_reconstructed
2025,4,401760374,2025-09-21 03:59:00+00:00,Fresno State,Hawai_i,away,ppp,offense,16.0,13.0,1.2307692307692308,13.0,possessions,observed,,mixed_eligibility_drive,historically_reconstructed
2025,4,401760375,2025-09-20 21:00:00+00:00,San Jose State,Idaho,home,ppp,offense,21.0,9.0,2.3333333333333335,9.0,possessions,observed,,mixed_eligibility_drive,historically_reconstructed
2025,4,401760375,2025-09-20 21:00:00+00:00,Idaho,San Jose State,away,ppp,offense,28.0,9.0,3.111111111111111,9.0,possessions,observed,,mixed_eligibility_drive,historically_reconstructed
2025,4,401760376,2025-09-20 16:00:00+00:00,Miami (OH),UNLV,home,ppp,offense,23.0,9.0,,0.0,possessions,missing,unresolved_scoring_attribution,mixed_eligibility_drive,historically_reconstructed
2025,4,401760376,2025-09-20 16:00:00+00:00,UNLV,Miami (OH),away,ppp,offense,10.0,13.0,,0.0,possessions,missing,unresolved_scoring_attribution,mixed_eligibility_drive,historically_reconstructed
2025,4,401760377,2025-09-21 00:00:00+00:00,Utah State,McNeese,home,ppp,offense,48.0,10.0,4.8,10.0,possessions,observed,,mixed_eligibility_drive,historically_reconstructed
2025,4,401760377,2025-09-21 00:00:00+00:00,McNeese,Utah State,away,ppp,offense,7.0,10.0,0.7,10.0,possessions,observed,,mixed_eligibility_drive,historically_reconstructed
2025,4,401761609,2025-09-20 23:00:00+00:00,Georgia Southern,Maine,home,ppp,offense,45.0,12.0,3.75,12.0,possessions,observed,,mixed_eligibility_drive,historically_reconstructed
2025,4,401761609,2025-09-20 23:00:00+00:00,Maine,Georgia Southern,away,ppp,offense,10.0,9.0,1.1111111111111112,9.0,possessions,observed,,mixed_eligibility_drive,historically_reconstructed
2025,4,401761610,2025-09-20 19:30:00+00:00,Eastern Michigan,Louisiana,home,ppp,offense,34.0,13.0,2.6153846153846154,13.0,possessions,observed,,mixed_eligibility_drive,historically_reconstructed
2025,4,401761610,2025-09-20 19:30:00+00:00,Louisiana,Eastern Michigan,away,ppp,offense,24.0,11.0,2.1818181818181817,11.0,possessions,observed,,mixed_eligibility_drive,historically_reconstructed
2025,4,401761611,2025-09-20 23:00:00+00:00,South Alabama,Coastal Carolina,home,ppp,offense,20.0,13.0,1.5384615384615385,13.0,possessions,observed,,mixed_eligibility_drive,historically_reconstructed
2025,4,401761611,2025-09-20 23:00:00+00:00,Coastal Carolina,South Alabama,away,ppp,offense,31.0,13.0,2.3846153846153846,13.0,possessions,observed,,mixed_eligibility_drive,historically_reconstructed
2025,4,401761612,2025-09-21 00:00:00+00:00,Texas State,Nicholls,home,ppp,offense,35.0,7.0,5.0,7.0,possessions,observed,,mixed_eligibility_drive,historically_reconstructed
2025,4,401761612,2025-09-21 00:00:00+00:00,Nicholls,Texas State,away,ppp,offense,3.0,7.0,0.42857142857142855,7.0,possessions,observed,,mixed_eligibility_drive,historically_reconstructed
2025,4,401761613,2025-09-20 19:30:00+00:00,Buffalo,Troy,home,ppp,offense,17.0,12.0,1.4166666666666667,12.0,possessions,observed,,mixed_eligibility_drive,historically_reconstructed
2025,4,401761613,2025-09-20 19:30:00+00:00,Troy,Buffalo,away,ppp,offense,21.0,13.0,1.6153846153846154,13.0,possessions,observed,,mixed_eligibility_drive,historically_reconstructed
2025,4,401762468,2025-09-18 23:30:00+00:00,Charlotte,Rice,home,ppp,offense,17.0,12.0,1.4166666666666667,12.0,possessions,observed,,mixed_eligibility_drive,historically_reconstructed
2025,4,401762468,2025-09-18 23:30:00+00:00,Rice,Charlotte,away,ppp,offense,21.0,10.0,2.1,10.0,possessions,observed,,mixed_eligibility_drive,historically_reconstructed
2025,4,401762469,2025-09-20 16:00:00+00:00,Army,North Texas,home,ppp,offense,38.0,10.0,3.8,10.0,possessions,observed,,mixed_eligibility_drive,historically_reconstructed
2025,4,401762469,2025-09-20 16:00:00+00:00,North Texas,Army,away,ppp,offense,38.0,11.0,3.4545454545454546,11.0,possessions,observed,,mixed_eligibility_drive,historically_reconstructed
2025,4,401762470,2025-09-20 16:00:00+00:00,South Florida,South Carolina State,home,ppp,offense,28.0,7.0,4.0,7.0,possessions,observed,,mixed_eligibility_drive,historically_reconstructed
2025,4,401762470,2025-09-20 16:00:00+00:00,South Carolina State,South Florida,away,ppp,offense,0.0,8.0,0.0,8.0,possessions,observed,,mixed_eligibility_drive,historically_reconstructed
2025,4,401762820,2025-09-20 19:30:00+00:00,Western Michigan,Toledo,home,ppp,offense,14.0,13.0,1.0769230769230769,13.0,possessions,observed,,mixed_eligibility_drive,historically_reconstructed
2025,4,401762820,2025-09-20 19:30:00+00:00,Toledo,Western Michigan,away,ppp,offense,13.0,13.0,1.0,13.0,possessions,observed,,mixed_eligibility_drive,historically_reconstructed
2025,4,401762821,2025-09-20 22:00:00+00:00,Akron,Duquesne,home,ppp,offense,24.0,8.0,3.0,8.0,possessions,observed,,mixed_eligibility_drive,historically_reconstructed
2025,4,401762821,2025-09-20 22:00:00+00:00,Duquesne,Akron,away,ppp,offense,0.0,9.0,0.0,9.0,possessions,observed,,mixed_eligibility_drive,historically_reconstructed
2025,4,401762822,2025-09-20 17:00:00+00:00,Central Michigan,Wagner,home,ppp,offense,35.0,7.0,5.0,7.0,possessions,observed,,mixed_eligibility_drive,historically_reconstructed
2025,4,401762822,2025-09-20 17:00:00+00:00,Wagner,Central Michigan,away,ppp,offense,3.0,8.0,0.375,8.0,possessions,observed,,mixed_eligibility_drive,historically_reconstructed
2025,4,401762823,2025-09-20 19:30:00+00:00,Ohio,Gardner-Webb,home,ppp,offense,52.0,12.0,4.333333333333333,12.0,possessions,observed,,mixed_eligibility_drive,historically_reconstructed
2025,4,401762823,2025-09-20 19:30:00+00:00,Gardner-Webb,Ohio,away,ppp,offense,28.0,12.0,2.3333333333333335,12.0,possessions,observed,,mixed_eligibility_drive,historically_reconstructed
2025,5,401752717,2025-09-27 16:00:00+00:00,Arkansas,Notre Dame,home,ppp,offense,13.0,8.0,1.625,8.0,possessions,observed,,mixed_eligibility_drive,historically_reconstructed
2025,5,401752717,2025-09-27 16:00:00+00:00,Notre Dame,Arkansas,away,ppp,offense,49.0,8.0,6.125,8.0,possessions,observed,,mixed_eligibility_drive,historically_reconstructed
2025,5,401752718,2025-09-27 23:30:00+00:00,Georgia,Alabama,home,ppp,offense,21.0,10.0,2.1,10.0,possessions,observed,,mixed_eligibility_drive,historically_reconstructed
2025,5,401752718,2025-09-27 23:30:00+00:00,Alabama,Georgia,away,ppp,offense,17.0,10.0,1.7,10.0,possessions,observed,,mixed_eligibility_drive,historically_reconstructed
2025,5,401752719,2025-09-27 19:30:00+00:00,Ole Miss,LSU,home,ppp,offense,24.0,11.0,2.1818181818181817,11.0,possessions,observed,,mixed_eligibility_drive,historically_reconstructed
2025,5,401752719,2025-09-27 19:30:00+00:00,LSU,Ole Miss,away,ppp,offense,12.0,11.0,1.0909090909090908,11.0,possessions,observed,,mixed_eligibility_drive,historically_reconstructed
2025,5,401752720,2025-09-27 20:15:00+00:00,Mississippi State,Tennessee,home,ppp,offense,34.0,14.0,2.4285714285714284,14.0,possessions,observed,,mixed_eligibility_drive,historically_reconstructed
2025,5,401752720,2025-09-27 20:15:00+00:00,Tennessee,Mississippi State,away,ppp,offense,20.0,12.0,1.6666666666666667,12.0,possessions,observed,,mixed_eligibility_drive,historically_reconstructed
2025,5,401752721,2025-09-27 23:30:00+00:00,Missouri,UMass,home,ppp,offense,42.0,11.0,3.8181818181818183,11.0,possessions,observed,,mixed_eligibility_drive,historically_reconstructed
2025,5,401752721,2025-09-27 23:30:00+00:00,UMass,Missouri,away,ppp,offense,6.0,10.0,0.6,10.0,possessions,observed,,mixed_eligibility_drive,historically_reconstructed
2025,5,401752722,2025-09-27 23:45:00+00:00,South Carolina,Kentucky,home,ppp,offense,21.0,8.0,2.625,8.0,possessions,observed,,mixed_eligibility_drive,historically_reconstructed
2025,5,401752722,2025-09-27 23:45:00+00:00,Kentucky,South Carolina,away,ppp,offense,6.0,11.0,0.5454545454545454,11.0,possessions,observed,,mixed_eligibility_drive,historically_reconstructed
2025,5,401752724,2025-09-27 19:30:00+00:00,Texas A&M,Auburn,home,ppp,offense,16.0,14.0,,0.0,possessions,missing,unresolved_scoring_attribution,mixed_eligibility_drive,historically_reconstructed
2025,5,401752724,2025-09-27 19:30:00+00:00,Auburn,Texas A&M,away,ppp,offense,10.0,13.0,0.7692307692307693,13.0,possessions,observed,,mixed_eligibility_drive,historically_reconstructed
2025,5,401752725,2025-09-27 16:45:00+00:00,Vanderbilt,Utah State,home,ppp,offense,48.0,11.0,4.363636363636363,11.0,possessions,observed,,mixed_eligibility_drive,historically_reconstructed
2025,5,401752725,2025-09-27 16:45:00+00:00,Utah State,Vanderbilt,away,ppp,offense,35.0,11.0,3.1818181818181817,11.0,possessions,observed,,mixed_eligibility_drive,historically_reconstructed
2025,5,401752849,2025-09-27 16:00:00+00:00,Minnesota,Rutgers,home,ppp,offense,31.0,11.0,2.8181818181818183,11.0,possessions,observed,,mixed_eligibility_drive,historically_reconstructed
2025,5,401752849,2025-09-27 16:00:00+00:00,Rutgers,Minnesota,away,ppp,offense,28.0,11.0,2.5454545454545454,11.0,possessions,observed,,mixed_eligibility_drive,historically_reconstructed
2025,5,401752850,2025-09-27 16:00:00+00:00,Illinois,USC,home,ppp,offense,27.0,10.0,2.7,10.0,possessions,observed,,mixed_eligibility_drive,historically_reconstructed
2025,5,401752850,2025-09-27 16:00:00+00:00,USC,Illinois,away,ppp,offense,24.0,9.0,2.6666666666666665,9.0,possessions,observed,,mixed_eligibility_drive,historically_reconstructed
2025,5,401752851,2025-09-27 19:30:00+00:00,Northwestern,UCLA,home,ppp,offense,17.0,7.0,2.4285714285714284,7.0,possessions,observed,,mixed_eligibility_drive,historically_reconstructed
2025,5,401752851,2025-09-27 19:30:00+00:00,UCLA,Northwestern,away,ppp,offense,8.0,8.0,1.0,8.0,possessions,observed,,mixed_eligibility_drive,historically_reconstructed
2025,5,401752852,2025-09-27 19:30:00+00:00,Washington,Ohio State,home,ppp,offense,6.0,8.0,0.75,8.0,possessions,observed,,mixed_eligibility_drive,historically_reconstructed
2025,5,401752852,2025-09-27 19:30:00+00:00,Ohio State,Washington,away,ppp,offense,24.0,7.0,3.4285714285714284,7.0,possessions,observed,,mixed_eligibility_drive,historically_reconstructed
2025,5,401752853,2025-09-27 19:30:00+00:00,Iowa,Indiana,home,ppp,offense,13.0,11.0,1.1818181818181819,11.0,possessions,observed,,mixed_eligibility_drive,historically_reconstructed
2025,5,401752853,2025-09-27 19:30:00+00:00,Indiana,Iowa,away,ppp,offense,20.0,12.0,1.6666666666666667,12.0,possessions,observed,,mixed_eligibility_drive,historically_reconstructed
2025,5,401752854,2025-09-27 23:30:00+00:00,Penn State,Oregon,home,ppp,offense,0.0,8.0,,0.0,possessions,missing,unresolved_scoring_attribution,mixed_eligibility_drive,historically_reconstructed
2025,5,401752854,2025-09-27 23:30:00+00:00,Oregon,Penn State,away,ppp,offense,0.0,9.0,,0.0,possessions,missing,unresolved_scoring_attribution,mixed_eligibility_drive,historically_reconstructed
2025,5,401752939,2025-09-27 02:30:00+00:00,Oregon State,Houston,home,ppp,offense,0.0,14.0,,0.0,possessions,missing,unresolved_scoring_attribution,mixed_eligibility_drive,historically_reconstructed
2025,5,401752939,2025-09-27 02:30:00+00:00,Houston,Oregon State,away,ppp,offense,0.0,11.0,,0.0,possessions,missing,unresolved_scoring_attribution,mixed_eligibility_drive,historically_reconstructed
2025,5,401752950,2025-09-27 23:30:00+00:00,Colorado State,Washington State,home,ppp,offense,3.0,9.0,0.3333333333333333,9.0,possessions,observed,,mixed_eligibility_drive,historically_reconstructed
2025,5,401752950,2025-09-27 23:30:00+00:00,Washington State,Colorado State,away,ppp,offense,20.0,9.0,2.2222222222222223,9.0,possessions,observed,,mixed_eligibility_drive,historically_reconstructed
2025,5,401754543,2025-09-26 23:00:00+00:00,Virginia,Florida State,home,ppp,offense,0.0,11.0,,0.0,possessions,missing,unresolved_scoring_attribution,mixed_eligibility_drive,historically_reconstructed
2025,5,401754543,2025-09-26 23:00:00+00:00,Florida State,Virginia,away,ppp,offense,0.0,12.0,,0.0,possessions,missing,unresolved_scoring_attribution,mixed_eligibility_drive,historically_reconstructed
2025,5,401754544,2025-09-27 19:30:00+00:00,Boston College,California,home,ppp,offense,24.0,10.0,2.4,10.0,possessions,observed,,mixed_eligibility_drive,historically_reconstructed
2025,5,401754544,2025-09-27 19:30:00+00:00,California,Boston College,away,ppp,offense,28.0,11.0,2.5454545454545454,11.0,possessions,observed,,mixed_eligibility_drive,historically_reconstructed
2025,5,401754545,2025-09-27 16:00:00+00:00,Syracuse,Duke,home,ppp,offense,3.0,9.0,0.3333333333333333,9.0,possessions,observed,,mixed_eligibility_drive,historically_reconstructed
2025,5,401754545,2025-09-27 16:00:00+00:00,Duke,Syracuse,away,ppp,offense,38.0,10.0,3.8,10.0,possessions,observed,,mixed_eligibility_drive,historically_reconstructed
2025,5,401754546,2025-09-27 16:00:00+00:00,Wake Forest,Georgia Tech,home,ppp,offense,0.0,13.0,,0.0,possessions,missing,unresolved_scoring_attribution,mixed_eligibility_drive,historically_reconstructed
2025,5,401754546,2025-09-27 16:00:00+00:00,Georgia Tech,Wake Forest,away,ppp,offense,0.0,13.0,,0.0,possessions,missing,unresolved_scoring_attribution,mixed_eligibility_drive,historically_reconstructed
2025,5,401754547,2025-09-27 16:00:00+00:00,Pittsburgh,Louisville,home,ppp,offense,6.0,13.0,0.46153846153846156,13.0,possessions,observed,,mixed_eligibility_drive,historically_reconstructed
2025,5,401754547,2025-09-27 16:00:00+00:00,Louisville,Pittsburgh,away,ppp,offense,27.0,16.0,1.6875,16.0,possessions,observed,,mixed_eligibility_drive,historically_reconstructed
2025,5,401754548,2025-09-27 23:00:00+00:00,NC State,Virginia Tech,home,ppp,offense,21.0,10.0,2.1,10.0,possessions,observed,,mixed_eligibility_drive,historically_reconstructed
2025,5,401754548,2025-09-27 23:00:00+00:00,Virginia Tech,NC State,away,ppp,offense,23.0,11.0,2.090909090909091,11.0,possessions,observed,,mixed_eligibility_drive,historically_reconstructed
2025,5,401754549,2025-09-27 23:30:00+00:00,Stanford,San Jose State,home,ppp,offense,30.0,12.0,2.5,12.0,possessions,observed,,mixed_eligibility_drive,historically_reconstructed
2025,5,401754549,2025-09-27 23:30:00+00:00,San Jose State,Stanford,away,ppp,offense,29.0,13.0,2.230769230769231,13.0,possessions,observed,,mixed_eligibility_drive,historically_reconstructed
2025,5,401756902,2025-09-27 01:00:00+00:00,Arizona State,TCU,home,ppp,offense,27.0,13.0,2.076923076923077,13.0,possessions,observed,,mixed_eligibility_drive,historically_reconstructed
2025,5,401756902,2025-09-27 01:00:00+00:00,TCU,Arizona State,away,ppp,offense,24.0,13.0,1.8461538461538463,13.0,possessions,observed,,mixed_eligibility_drive,historically_reconstructed
2025,5,401756903,2025-09-28 02:15:00+00:00,Colorado,BYU,home,ppp,offense,21.0,10.0,2.1,10.0,possessions,observed,,mixed_eligibility_drive,historically_reconstructed
2025,5,401756903,2025-09-28 02:15:00+00:00,BYU,Colorado,away,ppp,offense,24.0,10.0,2.4,10.0,possessions,observed,,mixed_eligibility_drive,historically_reconstructed
2025,5,401756904,2025-09-27 23:00:00+00:00,Iowa State,Arizona,home,ppp,offense,39.0,12.0,3.25,12.0,possessions,observed,,mixed_eligibility_drive,historically_reconstructed
2025,5,401756904,2025-09-27 23:00:00+00:00,Arizona,Iowa State,away,ppp,offense,14.0,12.0,1.1666666666666667,12.0,possessions,observed,,mixed_eligibility_drive,historically_reconstructed
2025,5,401756905,2025-09-27 16:00:00+00:00,Kansas,Cincinnati,home,ppp,offense,34.0,10.0,3.4,10.0,possessions,observed,,mixed_eligibility_drive,historically_reconstructed
2025,5,401756905,2025-09-27 16:00:00+00:00,Cincinnati,Kansas,away,ppp,offense,37.0,10.0,3.7,10.0,possessions,observed,,mixed_eligibility_drive,historically_reconstructed
2025,5,401756906,2025-09-27 16:00:00+00:00,Kansas State,UCF,home,ppp,offense,34.0,13.0,,0.0,possessions,missing,unresolved_scoring_attribution,mixed_eligibility_drive,historically_reconstructed
2025,5,401756906,2025-09-27 16:00:00+00:00,UCF,Kansas State,away,ppp,offense,20.0,12.0,,0.0,possessions,missing,unresolved_scoring_attribution,mixed_eligibility_drive,historically_reconstructed
2025,5,401756907,2025-09-27 19:30:00+00:00,Oklahoma State,Baylor,home,ppp,offense,20.0,13.0,1.5384615384615385,13.0,possessions,observed,,mixed_eligibility_drive,historically_reconstructed
2025,5,401756907,2025-09-27 19:30:00+00:00,Baylor,Oklahoma State,away,ppp,offense,35.0,13.0,2.6923076923076925,13.0,possessions,observed,,mixed_eligibility_drive,historically_reconstructed
2025,5,401756908,2025-09-27 19:30:00+00:00,West Virginia,Utah,home,ppp,offense,7.0,8.0,0.875,8.0,possessions,observed,,mixed_eligibility_drive,historically_reconstructed
2025,5,401756908,2025-09-27 19:30:00+00:00,Utah,West Virginia,away,ppp,offense,34.0,8.0,4.25,8.0,possessions,observed,,mixed_eligibility_drive,historically_reconstructed
2025,5,401757170,2025-09-27 19:30:00+00:00,Buffalo,Connecticut,home,ppp,offense,17.0,12.0,1.4166666666666667,12.0,possessions,observed,,mixed_eligibility_drive,historically_reconstructed
2025,5,401757170,2025-09-27 19:30:00+00:00,Connecticut,Buffalo,away,ppp,offense,20.0,12.0,,0.0,possessions,missing,unresolved_scoring_attribution,mixed_eligibility_drive,historically_reconstructed
2025,5,401757269,2025-09-27 23:00:00+00:00,Southern Mississippi,Jacksonville State,home,ppp,offense,35.0,13.0,2.6923076923076925,13.0,possessions,observed,,mixed_eligibility_drive,historically_reconstructed
2025,5,401757269,2025-09-27 23:00:00+00:00,Jacksonville State,Southern Mississippi,away,ppp,offense,19.0,14.0,1.3571428571428572,14.0,possessions,observed,,mixed_eligibility_drive,historically_reconstructed
2025,5,401757270,2025-09-27 22:00:00+00:00,Kennesaw State,Middle Tennessee,home,ppp,offense,24.0,12.0,2.0,12.0,possessions,observed,,mixed_eligibility_drive,historically_reconstructed
2025,5,401757270,2025-09-27 22:00:00+00:00,Middle Tennessee,Kennesaw State,away,ppp,offense,16.0,11.0,1.4545454545454546,11.0,possessions,observed,,mixed_eligibility_drive,historically_reconstructed
2025,5,401757271,2025-09-27 22:00:00+00:00,Old Dominion,Liberty,home,ppp,offense,21.0,13.0,1.6153846153846154,13.0,possessions,observed,,mixed_eligibility_drive,historically_reconstructed
2025,5,401757271,2025-09-27 22:00:00+00:00,Liberty,Old Dominion,away,ppp,offense,0.0,13.0,0.0,13.0,possessions,observed,,mixed_eligibility_drive,historically_reconstructed
2025,5,401757272,2025-09-28 01:00:00+00:00,UTEP,Louisiana Tech,home,ppp,offense,11.0,15.0,0.7333333333333333,15.0,possessions,observed,,mixed_eligibility_drive,historically_reconstructed
2025,5,401757272,2025-09-28 01:00:00+00:00,Louisiana Tech,UTEP,away,ppp,offense,17.0,13.0,1.3076923076923077,13.0,possessions,observed,,mixed_eligibility_drive,historically_reconstructed
2025,5,401757273,2025-09-27 23:00:00+00:00,Missouri State,Western Kentucky,home,ppp,offense,22.0,12.0,1.8333333333333333,12.0,possessions,observed,,mixed_eligibility_drive,historically_reconstructed
2025,5,401757273,2025-09-27 23:00:00+00:00,Western Kentucky,Missouri State,away,ppp,offense,27.0,12.0,2.25,12.0,possessions,observed,,mixed_eligibility_drive,historically_reconstructed
2025,5,401757274,2025-09-27 20:00:00+00:00,New Mexico,New Mexico State,home,ppp,offense,38.0,13.0,2.923076923076923,13.0,possessions,observed,,mixed_eligibility_drive,historically_reconstructed
2025,5,401757274,2025-09-27 20:00:00+00:00,New Mexico State,New Mexico,away,ppp,offense,13.0,12.0,1.0833333333333333,12.0,possessions,observed,,mixed_eligibility_drive,historically_reconstructed
2025,5,401760378,2025-09-27 20:00:00+00:00,Air Force,Hawai_i,home,ppp,offense,35.0,11.0,3.1818181818181817,11.0,possessions,observed,,mixed_eligibility_drive,historically_reconstructed
2025,5,401760378,2025-09-27 20:00:00+00:00,Hawai_i,Air Force,away,ppp,offense,44.0,10.0,4.4,10.0,possessions,observed,,mixed_eligibility_drive,historically_reconstructed
2025,5,401760379,2025-09-27 23:30:00+00:00,Boise State,Appalachian State,home,ppp,offense,26.0,9.0,,0.0,possessions,missing,unresolved_scoring_attribution,mixed_eligibility_drive,historically_reconstructed
2025,5,401760379,2025-09-27 23:30:00+00:00,Appalachian State,Boise State,away,ppp,offense,0.0,9.0,0.0,9.0,possessions,observed,,mixed_eligibility_drive,historically_reconstructed
2025,5,401760380,2025-09-27 19:30:00+00:00,Northern Illinois,San Diego State,home,ppp,offense,3.0,11.0,0.2727272727272727,11.0,possessions,observed,,mixed_eligibility_drive,historically_reconstructed
2025,5,401760380,2025-09-27 19:30:00+00:00,San Diego State,Northern Illinois,away,ppp,offense,6.0,11.0,0.5454545454545454,11.0,possessions,observed,,mixed_eligibility_drive,historically_reconstructed
2025,5,401761614,2025-09-27 17:30:00+00:00,James Madison,Georgia Southern,home,ppp,offense,21.0,11.0,1.9090909090909092,11.0,possessions,observed,,mixed_eligibility_drive,historically_reconstructed
2025,5,401761614,2025-09-27 17:30:00+00:00,Georgia Southern,James Madison,away,ppp,offense,10.0,11.0,0.9090909090909091,11.0,possessions,observed,,mixed_eligibility_drive,historically_reconstructed
2025,5,401761615,2025-09-28 00:00:00+00:00,Louisiana,Marshall,home,ppp,offense,38.0,13.0,2.923076923076923,13.0,possessions,observed,,mixed_eligibility_drive,historically_reconstructed
2025,5,401761615,2025-09-28 00:00:00+00:00,Marshall,Louisiana,away,ppp,offense,0.0,11.0,,0.0,possessions,missing,unresolved_scoring_attribution,mixed_eligibility_drive,historically_reconstructed
2025,5,401761616,2025-09-27 19:00:00+00:00,Louisiana Monroe,Arkansas State,home,ppp,offense,0.0,11.0,,0.0,possessions,missing,unresolved_scoring_attribution,mixed_eligibility_drive,historically_reconstructed
2025,5,401761616,2025-09-27 19:00:00+00:00,Arkansas State,Louisiana Monroe,away,ppp,offense,9.0,10.0,,0.0,possessions,missing,unresolved_scoring_attribution,mixed_eligibility_drive,historically_reconstructed
2025,5,401761617,2025-09-27 16:00:00+00:00,North Texas,South Alabama,home,ppp,offense,36.0,12.0,3.0,12.0,possessions,observed,,mixed_eligibility_drive,historically_reconstructed
2025,5,401761617,2025-09-27 16:00:00+00:00,South Alabama,North Texas,away,ppp,offense,15.0,11.0,1.3636363636363635,11.0,possessions,observed,,mixed_eligibility_drive,historically_reconstructed
2025,5,401762471,2025-09-25 23:30:00+00:00,East Carolina,Army,home,ppp,offense,21.0,11.0,1.9090909090909092,11.0,possessions,observed,,mixed_eligibility_drive,historically_reconstructed
2025,5,401762471,2025-09-25 23:30:00+00:00,Army,East Carolina,away,ppp,offense,6.0,11.0,0.5454545454545454,11.0,possessions,observed,,mixed_eligibility_drive,historically_reconstructed
2025,5,401762472,2025-09-27 23:00:00+00:00,Florida Atlantic,Memphis,home,ppp,offense,26.0,12.0,2.1666666666666665,12.0,possessions,observed,,mixed_eligibility_drive,historically_reconstructed
2025,5,401762472,2025-09-27 23:00:00+00:00,Memphis,Florida Atlantic,away,ppp,offense,55.0,13.0,4.230769230769231,13.0,possessions,observed,,mixed_eligibility_drive,historically_reconstructed
2025,5,401762473,2025-09-27 19:30:00+00:00,Navy,Rice,home,ppp,offense,21.0,10.0,2.1,10.0,possessions,observed,,mixed_eligibility_drive,historically_reconstructed
2025,5,401762473,2025-09-27 19:30:00+00:00,Rice,Navy,away,ppp,offense,10.0,9.0,1.1111111111111112,9.0,possessions,observed,,mixed_eligibility_drive,historically_reconstructed
2025,5,401762474,2025-09-27 20:00:00+00:00,Tulsa,Tulane,home,ppp,offense,14.0,16.0,0.875,16.0,possessions,observed,,mixed_eligibility_drive,historically_reconstructed
2025,5,401762474,2025-09-27 20:00:00+00:00,Tulane,Tulsa,away,ppp,offense,31.0,15.0,2.066666666666667,15.0,possessions,observed,,mixed_eligibility_drive,historically_reconstructed
2025,5,401762824,2025-09-27 19:30:00+00:00,Toledo,Akron,home,ppp,offense,38.0,9.0,4.222222222222222,9.0,possessions,observed,,mixed_eligibility_drive,historically_reconstructed
2025,5,401762824,2025-09-27 19:30:00+00:00,Akron,Toledo,away,ppp,offense,3.0,9.0,0.3333333333333333,9.0,possessions,observed,,mixed_eligibility_drive,historically_reconstructed
2025,5,401762825,2025-09-27 16:00:00+00:00,Ohio,Bowling Green,home,ppp,offense,28.0,13.0,2.1538461538461537,13.0,possessions,observed,,mixed_eligibility_drive,historically_reconstructed
2025,5,401762825,2025-09-27 16:00:00+00:00,Bowling Green,Ohio,away,ppp,offense,20.0,13.0,1.5384615384615385,13.0,possessions,observed,,mixed_eligibility_drive,historically_reconstructed
2025,5,401762826,2025-09-27 17:00:00+00:00,Central Michigan,Eastern Michigan,home,ppp,offense,17.0,9.0,1.8888888888888888,9.0,possessions,observed,,mixed_eligibility_drive,historically_reconstructed
2025,5,401762826,2025-09-27 17:00:00+00:00,Eastern Michigan,Central Michigan,away,ppp,offense,13.0,9.0,1.4444444444444444,9.0,possessions,observed,,mixed_eligibility_drive,historically_reconstructed
2025,5,401762827,2025-09-27 19:30:00+00:00,Miami (OH),Lindenwood,home,ppp,offense,24.0,11.0,2.1818181818181817,11.0,possessions,observed,,mixed_eligibility_drive,historically_reconstructed
2025,5,401762827,2025-09-27 19:30:00+00:00,Lindenwood,Miami (OH),away,ppp,offense,0.0,13.0,0.0,13.0,possessions,observed,,mixed_eligibility_drive,historically_reconstructed
2025,5,401762828,2025-09-27 22:30:00+00:00,Western Michigan,Rhode Island,home,ppp,offense,44.0,9.0,4.888888888888889,9.0,possessions,observed,,mixed_eligibility_drive,historically_reconstructed
2025,5,401762828,2025-09-27 22:30:00+00:00,Rhode Island,Western Michigan,away,ppp,offense,7.0,9.0,0.7777777777777778,9.0,possessions,observed,,mixed_eligibility_drive,historically_reconstructed
2025,6,401752726,2025-10-04 19:30:00+00:00,Alabama,Vanderbilt,home,ppp,offense,30.0,9.0,3.3333333333333335,9.0,possessions,observed,,mixed_eligibility_drive,historically_reconstructed
2025,6,401752726,2025-10-04 19:30:00+00:00,Vanderbilt,Alabama,away,ppp,offense,14.0,10.0,1.4,10.0,possessions,observed,,mixed_eligibility_drive,historically_reconstructed
2025,6,401752727,2025-10-04 19:30:00+00:00,Florida,Texas,home,ppp,offense,20.0,12.0,1.6666666666666667,12.0,possessions,observed,,mixed_eligibility_drive,historically_reconstructed
2025,6,401752727,2025-10-04 19:30:00+00:00,Texas,Florida,away,ppp,offense,21.0,13.0,1.6153846153846154,13.0,possessions,observed,,mixed_eligibility_drive,historically_reconstructed
2025,6,401752728,2025-10-04 16:00:00+00:00,Georgia,Kentucky,home,ppp,offense,35.0,9.0,3.888888888888889,9.0,possessions,observed,,mixed_eligibility_drive,historically_reconstructed
2025,6,401752728,2025-10-04 16:00:00+00:00,Kentucky,Georgia,away,ppp,offense,14.0,9.0,1.5555555555555556,9.0,possessions,observed,,mixed_eligibility_drive,historically_reconstructed
2025,6,401752729,2025-10-04 20:00:00+00:00,Oklahoma,Kent State,home,ppp,offense,30.0,7.0,4.285714285714286,7.0,possessions,observed,,mixed_eligibility_drive,historically_reconstructed
2025,6,401752729,2025-10-04 20:00:00+00:00,Kent State,Oklahoma,away,ppp,offense,0.0,8.0,0.0,8.0,possessions,observed,,mixed_eligibility_drive,historically_reconstructed
2025,6,401752730,2025-10-04 23:30:00+00:00,Texas A&M,Mississippi State,home,ppp,offense,31.0,13.0,,0.0,possessions,missing,unresolved_scoring_attribution,mixed_eligibility_drive,historically_reconstructed
2025,6,401752730,2025-10-04 23:30:00+00:00,Mississippi State,Texas A&M,away,ppp,offense,9.0,12.0,0.75,12.0,possessions,observed,,mixed_eligibility_drive,historically_reconstructed
2025,6,401752855,2025-10-04 19:30:00+00:00,UCLA,Penn State,home,ppp,offense,27.0,10.0,2.7,10.0,possessions,observed,,mixed_eligibility_drive,historically_reconstructed
2025,6,401752855,2025-10-04 19:30:00+00:00,Penn State,UCLA,away,ppp,offense,28.0,9.0,3.111111111111111,9.0,possessions,observed,,mixed_eligibility_drive,historically_reconstructed
2025,6,401752856,2025-10-04 16:00:00+00:00,Michigan,Wisconsin,home,ppp,offense,17.0,12.0,1.4166666666666667,12.0,possessions,observed,,mixed_eligibility_drive,historically_reconstructed
2025,6,401752856,2025-10-04 16:00:00+00:00,Wisconsin,Michigan,away,ppp,offense,10.0,11.0,0.9090909090909091,11.0,possessions,observed,,mixed_eligibility_drive,historically_reconstructed
2025,6,401752857,2025-10-04 19:30:00+00:00,Maryland,Washington,home,ppp,offense,20.0,10.0,2.0,10.0,possessions,observed,,mixed_eligibility_drive,historically_reconstructed
2025,6,401752857,2025-10-04 19:30:00+00:00,Washington,Maryland,away,ppp,offense,24.0,11.0,2.1818181818181817,11.0,possessions,observed,,mixed_eligibility_drive,historically_reconstructed
2025,6,401752858,2025-10-04 19:30:00+00:00,Northwestern,Louisiana Monroe,home,ppp,offense,32.0,7.0,4.571428571428571,7.0,possessions,observed,,mixed_eligibility_drive,historically_reconstructed
2025,6,401752858,2025-10-04 19:30:00+00:00,Louisiana Monroe,Northwestern,away,ppp,offense,7.0,7.0,1.0,7.0,possessions,observed,,mixed_eligibility_drive,historically_reconstructed
2025,6,401752859,2025-10-04 23:30:00+00:00,Ohio State,Minnesota,home,ppp,offense,28.0,8.0,3.5,8.0,possessions,observed,,mixed_eligibility_drive,historically_reconstructed
2025,6,401752859,2025-10-04 23:30:00+00:00,Minnesota,Ohio State,away,ppp,offense,3.0,8.0,0.375,8.0,possessions,observed,,mixed_eligibility_drive,historically_reconstructed
2025,6,401752860,2025-10-04 20:00:00+00:00,Nebraska,Michigan State,home,ppp,offense,31.0,13.0,2.3846153846153846,13.0,possessions,observed,,mixed_eligibility_drive,historically_reconstructed
2025,6,401752860,2025-10-04 20:00:00+00:00,Michigan State,Nebraska,away,ppp,offense,27.0,13.0,2.076923076923077,13.0,possessions,observed,,mixed_eligibility_drive,historically_reconstructed
2025,6,401752861,2025-10-04 16:00:00+00:00,Purdue,Illinois,home,ppp,offense,20.0,12.0,1.6666666666666667,12.0,possessions,observed,,mixed_eligibility_drive,historically_reconstructed
2025,6,401752861,2025-10-04 16:00:00+00:00,Illinois,Purdue,away,ppp,offense,40.0,13.0,3.076923076923077,13.0,possessions,observed,,mixed_eligibility_drive,historically_reconstructed
2025,6,401752940,2025-10-04 19:30:00+00:00,Appalachian State,Oregon State,home,ppp,offense,27.0,12.0,2.25,12.0,possessions,observed,,mixed_eligibility_drive,historically_reconstructed
2025,6,401752940,2025-10-04 19:30:00+00:00,Oregon State,Appalachian State,away,ppp,offense,21.0,11.0,1.9090909090909092,11.0,possessions,observed,,mixed_eligibility_drive,historically_reconstructed
2025,6,401754550,2025-10-04 16:00:00+00:00,Pittsburgh,Boston College,home,ppp,offense,38.0,8.0,4.75,8.0,possessions,observed,,mixed_eligibility_drive,historically_reconstructed
2025,6,401754550,2025-10-04 16:00:00+00:00,Boston College,Pittsburgh,away,ppp,offense,0.0,8.0,0.0,8.0,possessions,observed,,mixed_eligibility_drive,historically_reconstructed
2025,6,401754551,2025-10-05 02:30:00+00:00,California,Duke,home,ppp,offense,14.0,12.0,1.1666666666666667,12.0,possessions,observed,,mixed_eligibility_drive,historically_reconstructed
2025,6,401754551,2025-10-05 02:30:00+00:00,Duke,California,away,ppp,offense,45.0,13.0,3.4615384615384617,13.0,possessions,observed,,mixed_eligibility_drive,historically_reconstructed
2025,6,401754552,2025-10-04 16:00:00+00:00,North Carolina,Clemson,home,ppp,offense,3.0,9.0,0.3333333333333333,9.0,possessions,observed,,mixed_eligibility_drive,historically_reconstructed
2025,6,401754552,2025-10-04 16:00:00+00:00,Clemson,North Carolina,away,ppp,offense,31.0,9.0,3.4444444444444446,9.0,possessions,observed,,mixed_eligibility_drive,historically_reconstructed
2025,6,401754553,2025-10-04 23:30:00+00:00,Florida State,Miami,home,ppp,offense,14.0,11.0,1.2727272727272727,11.0,possessions,observed,,mixed_eligibility_drive,historically_reconstructed
2025,6,401754553,2025-10-04 23:30:00+00:00,Miami,Florida State,away,ppp,offense,28.0,12.0,2.3333333333333335,12.0,possessions,observed,,mixed_eligibility_drive,historically_reconstructed
2025,6,401754554,2025-10-04 19:30:00+00:00,Louisville,Virginia,home,ppp,offense,0.0,11.0,,0.0,possessions,missing,unresolved_scoring_attribution,mixed_eligibility_drive,historically_reconstructed
2025,6,401754554,2025-10-04 19:30:00+00:00,Virginia,Louisville,away,ppp,offense,0.0,10.0,,0.0,possessions,missing,unresolved_scoring_attribution,mixed_eligibility_drive,historically_reconstructed
2025,6,401754555,2025-10-04 19:30:00+00:00,SMU,Syracuse,home,ppp,offense,31.0,13.0,2.3846153846153846,13.0,possessions,observed,,mixed_eligibility_drive,historically_reconstructed
2025,6,401754555,2025-10-04 19:30:00+00:00,Syracuse,SMU,away,ppp,offense,16.0,13.0,1.2307692307692308,13.0,possessions,observed,,mixed_eligibility_drive,historically_reconstructed
2025,6,401754556,2025-10-04 17:00:00+00:00,Virginia Tech,Wake Forest,home,ppp,offense,23.0,13.0,1.7692307692307692,13.0,possessions,observed,,mixed_eligibility_drive,historically_reconstructed
2025,6,401754556,2025-10-04 17:00:00+00:00,Wake Forest,Virginia Tech,away,ppp,offense,27.0,13.0,2.076923076923077,13.0,possessions,observed,,mixed_eligibility_drive,historically_reconstructed
2025,6,401754557,2025-10-04 18:00:00+00:00,NC State,Campbell,home,ppp,offense,49.0,7.0,7.0,7.0,possessions,observed,,mixed_eligibility_drive,historically_reconstructed
2025,6,401754557,2025-10-04 18:00:00+00:00,Campbell,NC State,away,ppp,offense,7.0,8.0,0.875,8.0,possessions,observed,,mixed_eligibility_drive,historically_reconstructed
2025,6,401756909,2025-10-04 02:30:00+00:00,BYU,West Virginia,home,ppp,offense,38.0,12.0,3.1666666666666665,12.0,possessions,observed,,mixed_eligibility_drive,historically_reconstructed
2025,6,401756909,2025-10-04 02:30:00+00:00,West Virginia,BYU,away,ppp,offense,24.0,12.0,2.0,12.0,possessions,observed,,mixed_eligibility_drive,historically_reconstructed
2025,6,401756910,2025-10-04 19:00:00+00:00,Arizona,Oklahoma State,home,ppp,offense,41.0,14.0,2.9285714285714284,14.0,possessions,observed,,mixed_eligibility_drive,historically_reconstructed
2025,6,401756910,2025-10-04 19:00:00+00:00,Oklahoma State,Arizona,away,ppp,offense,6.0,12.0,0.5,12.0,possessions,observed,,mixed_eligibility_drive,historically_reconstructed
2025,6,401756911,2025-10-04 16:00:00+00:00,Baylor,Kansas State,home,ppp,offense,25.0,12.0,2.0833333333333335,12.0,possessions,observed,,mixed_eligibility_drive,historically_reconstructed
2025,6,401756911,2025-10-04 16:00:00+00:00,Kansas State,Baylor,away,ppp,offense,27.0,12.0,2.25,12.0,possessions,observed,,mixed_eligibility_drive,historically_reconstructed
2025,6,401756912,2025-10-04 16:00:00+00:00,Cincinnati,Iowa State,home,ppp,offense,38.0,11.0,3.4545454545454546,11.0,possessions,observed,,mixed_eligibility_drive,historically_reconstructed
2025,6,401756912,2025-10-04 16:00:00+00:00,Iowa State,Cincinnati,away,ppp,offense,30.0,12.0,2.5,12.0,possessions,observed,,mixed_eligibility_drive,historically_reconstructed
2025,6,401756913,2025-10-04 23:00:00+00:00,Houston,Texas Tech,home,ppp,offense,0.0,14.0,0.0,14.0,possessions,observed,,mixed_eligibility_drive,historically_reconstructed
2025,6,401756913,2025-10-04 23:00:00+00:00,Texas Tech,Houston,away,ppp,offense,15.0,14.0,,0.0,possessions,missing,unresolved_scoring_attribution,mixed_eligibility_drive,historically_reconstructed
2025,6,401756914,2025-10-04 23:30:00+00:00,TCU,Colorado,home,ppp,offense,28.0,11.0,2.5454545454545454,11.0,possessions,observed,,mixed_eligibility_drive,historically_reconstructed
2025,6,401756914,2025-10-04 23:30:00+00:00,Colorado,TCU,away,ppp,offense,21.0,11.0,1.9090909090909092,11.0,possessions,observed,,mixed_eligibility_drive,historically_reconstructed
2025,6,401756915,2025-10-04 23:30:00+00:00,UCF,Kansas,home,ppp,offense,20.0,11.0,1.8181818181818181,11.0,possessions,observed,,mixed_eligibility_drive,historically_reconstructed
2025,6,401756915,2025-10-04 23:30:00+00:00,Kansas,UCF,away,ppp,offense,24.0,12.0,2.0,12.0,possessions,observed,,mixed_eligibility_drive,historically_reconstructed
2025,6,401757165,2025-10-04 19:30:00+00:00,Notre Dame,Boise State,home,ppp,offense,28.0,11.0,2.5454545454545454,11.0,possessions,observed,,mixed_eligibility_drive,historically_reconstructed
2025,6,401757165,2025-10-04 19:30:00+00:00,Boise State,Notre Dame,away,ppp,offense,7.0,10.0,0.7,10.0,possessions,observed,,mixed_eligibility_drive,historically_reconstructed
2025,6,401757171,2025-10-04 19:30:00+00:00,Connecticut,Florida International,home,ppp,offense,41.0,11.0,3.727272727272727,11.0,possessions,observed,,mixed_eligibility_drive,historically_reconstructed
2025,6,401757171,2025-10-04 19:30:00+00:00,Florida International,Connecticut,away,ppp,offense,3.0,11.0,0.2727272727272727,11.0,possessions,observed,,mixed_eligibility_drive,historically_reconstructed
2025,6,401757275,2025-10-03 01:00:00+00:00,New Mexico State,Sam Houston State,home,ppp,offense,30.0,9.0,3.3333333333333335,9.0,possessions,observed,,mixed_eligibility_drive,historically_reconstructed
2025,6,401757275,2025-10-03 01:00:00+00:00,Sam Houston State,New Mexico State,away,ppp,offense,10.0,8.0,1.25,8.0,possessions,observed,,mixed_eligibility_drive,historically_reconstructed
2025,6,401757276,2025-10-03 23:00:00+00:00,Delaware,Western Kentucky,home,ppp,offense,24.0,10.0,2.4,10.0,possessions,observed,,mixed_eligibility_drive,historically_reconstructed
2025,6,401757276,2025-10-03 23:00:00+00:00,Western Kentucky,Delaware,away,ppp,offense,20.0,8.0,2.5,8.0,possessions,observed,,mixed_eligibility_drive,historically_reconstructed
2025,6,401760381,2025-10-04 16:00:00+00:00,Navy,Air Force,home,ppp,offense,34.0,10.0,3.4,10.0,possessions,observed,,mixed_eligibility_drive,historically_reconstructed
2025,6,401760381,2025-10-04 16:00:00+00:00,Air Force,Navy,away,ppp,offense,31.0,10.0,3.1,10.0,possessions,observed,,mixed_eligibility_drive,historically_reconstructed
2025,6,401760382,2025-10-04 02:30:00+00:00,San Diego State,Colorado State,home,ppp,offense,45.0,9.0,5.0,9.0,possessions,observed,,mixed_eligibility_drive,historically_reconstructed
2025,6,401760382,2025-10-04 02:30:00+00:00,Colorado State,San Diego State,away,ppp,offense,17.0,9.0,1.8888888888888888,9.0,possessions,observed,,mixed_eligibility_drive,historically_reconstructed
2025,6,401760383,2025-10-05 02:30:00+00:00,Fresno State,Nevada,home,ppp,offense,20.0,13.0,1.5384615384615385,13.0,possessions,observed,,mixed_eligibility_drive,historically_reconstructed
2025,6,401760383,2025-10-05 02:30:00+00:00,Nevada,Fresno State,away,ppp,offense,17.0,13.0,1.3076923076923077,13.0,possessions,observed,,mixed_eligibility_drive,historically_reconstructed
2025,6,401760384,2025-10-04 02:00:00+00:00,San Jose State,New Mexico,home,ppp,offense,35.0,9.0,3.888888888888889,9.0,possessions,observed,,mixed_eligibility_drive,historically_reconstructed
2025,6,401760384,2025-10-04 02:00:00+00:00,New Mexico,San Jose State,away,ppp,offense,28.0,9.0,3.111111111111111,9.0,possessions,observed,,mixed_eligibility_drive,historically_reconstructed
2025,6,401760385,2025-10-04 23:00:00+00:00,Wyoming,UNLV,home,ppp,offense,17.0,13.0,1.3076923076923077,13.0,possessions,observed,,mixed_eligibility_drive,historically_reconstructed
2025,6,401760385,2025-10-04 23:00:00+00:00,UNLV,Wyoming,away,ppp,offense,14.0,10.0,1.4,10.0,possessions,observed,,mixed_eligibility_drive,historically_reconstructed
2025,6,401761618,2025-10-04 19:30:00+00:00,Georgia State,James Madison,home,ppp,offense,7.0,9.0,0.7777777777777778,9.0,possessions,observed,,mixed_eligibility_drive,historically_reconstructed
2025,6,401761618,2025-10-04 19:30:00+00:00,James Madison,Georgia State,away,ppp,offense,14.0,9.0,1.5555555555555556,9.0,possessions,observed,,mixed_eligibility_drive,historically_reconstructed
2025,6,401761619,2025-10-04 22:00:00+00:00,Old Dominion,Coastal Carolina,home,ppp,offense,41.0,9.0,4.555555555555555,9.0,possessions,observed,,mixed_eligibility_drive,historically_reconstructed
2025,6,401761619,2025-10-04 22:00:00+00:00,Coastal Carolina,Old Dominion,away,ppp,offense,0.0,9.0,0.0,9.0,possessions,observed,,mixed_eligibility_drive,historically_reconstructed
2025,6,401761620,2025-10-04 20:00:00+00:00,Arkansas State,Texas State,home,ppp,offense,31.0,13.0,2.3846153846153846,13.0,possessions,observed,,mixed_eligibility_drive,historically_reconstructed
2025,6,401761620,2025-10-04 20:00:00+00:00,Texas State,Arkansas State,away,ppp,offense,23.0,11.0,,0.0,possessions,missing,unresolved_scoring_attribution,mixed_eligibility_drive,historically_reconstructed
2025,6,401761621,2025-10-04 23:00:00+00:00,Troy,South Alabama,home,ppp,offense,0.0,11.0,,0.0,possessions,missing,unresolved_scoring_attribution,mixed_eligibility_drive,historically_reconstructed
2025,6,401761621,2025-10-04 23:00:00+00:00,South Alabama,Troy,away,ppp,offense,0.0,11.0,,0.0,possessions,missing,unresolved_scoring_attribution,mixed_eligibility_drive,historically_reconstructed
2025,6,401762475,2025-10-03 23:00:00+00:00,South Florida,Charlotte,home,ppp,offense,45.0,16.0,2.8125,16.0,possessions,observed,,mixed_eligibility_drive,historically_reconstructed
2025,6,401762475,2025-10-03 23:00:00+00:00,Charlotte,South Florida,away,ppp,offense,26.0,16.0,1.625,16.0,possessions,observed,,mixed_eligibility_drive,historically_reconstructed
2025,6,401762476,2025-10-04 16:00:00+00:00,UAB,Army,home,ppp,offense,13.0,9.0,1.4444444444444444,9.0,possessions,observed,,mixed_eligibility_drive,historically_reconstructed
2025,6,401762476,2025-10-04 16:00:00+00:00,Army,UAB,away,ppp,offense,28.0,11.0,2.5454545454545454,11.0,possessions,observed,,mixed_eligibility_drive,historically_reconstructed
2025,6,401762477,2025-10-04 23:00:00+00:00,Rice,Florida Atlantic,home,ppp,offense,14.0,7.0,2.0,7.0,possessions,observed,,mixed_eligibility_drive,historically_reconstructed
2025,6,401762477,2025-10-04 23:00:00+00:00,Florida Atlantic,Rice,away,ppp,offense,27.0,9.0,3.0,9.0,possessions,observed,,mixed_eligibility_drive,historically_reconstructed
2025,6,401762478,2025-10-05 00:00:00+00:00,Memphis,Tulsa,home,ppp,offense,38.0,10.0,3.8,10.0,possessions,observed,,mixed_eligibility_drive,historically_reconstructed
2025,6,401762478,2025-10-05 00:00:00+00:00,Tulsa,Memphis,away,ppp,offense,7.0,10.0,0.7,10.0,possessions,observed,,mixed_eligibility_drive,historically_reconstructed
2025,6,401762479,2025-10-04 17:00:00+00:00,Temple,UT San Antonio,home,ppp,offense,10.0,9.0,,0.0,possessions,missing,unresolved_scoring_attribution,mixed_eligibility_drive,historically_reconstructed
2025,6,401762479,2025-10-04 17:00:00+00:00,UT San Antonio,Temple,away,ppp,offense,14.0,8.0,1.75,8.0,possessions,observed,,mixed_eligibility_drive,historically_reconstructed
2025,6,401762829,2025-10-04 19:30:00+00:00,Akron,Central Michigan,home,ppp,offense,28.0,10.0,,0.0,possessions,missing,unresolved_scoring_attribution,mixed_eligibility_drive,historically_reconstructed
2025,6,401762829,2025-10-04 19:30:00+00:00,Central Michigan,Akron,away,ppp,offense,22.0,10.0,,0.0,possessions,missing,unresolved_scoring_attribution,mixed_eligibility_drive,historically_reconstructed
2025,6,401762830,2025-10-04 16:00:00+00:00,Ball State,Ohio,home,ppp,offense,10.0,11.0,0.9090909090909091,11.0,possessions,observed,,mixed_eligibility_drive,historically_reconstructed
2025,6,401762830,2025-10-04 16:00:00+00:00,Ohio,Ball State,away,ppp,offense,7.0,12.0,0.5833333333333334,12.0,possessions,observed,,mixed_eligibility_drive,historically_reconstructed
2025,6,401762831,2025-10-04 19:30:00+00:00,Buffalo,Eastern Michigan,home,ppp,offense,0.0,11.0,,0.0,possessions,missing,unresolved_scoring_attribution,mixed_eligibility_drive,historically_reconstructed
2025,6,401762831,2025-10-04 19:30:00+00:00,Eastern Michigan,Buffalo,away,ppp,offense,0.0,11.0,,0.0,possessions,missing,unresolved_scoring_attribution,mixed_eligibility_drive,historically_reconstructed
2025,6,401762832,2025-10-04 18:30:00+00:00,UMass,Western Michigan,home,ppp,offense,3.0,11.0,0.2727272727272727,11.0,possessions,observed,,mixed_eligibility_drive,historically_reconstructed
2025,6,401762832,2025-10-04 18:30:00+00:00,Western Michigan,UMass,away,ppp,offense,21.0,11.0,1.9090909090909092,11.0,possessions,observed,,mixed_eligibility_drive,historically_reconstructed
2025,6,401762873,2025-10-04 19:30:00+00:00,Northern Illinois,Miami (OH),home,ppp,offense,14.0,12.0,1.1666666666666667,12.0,possessions,observed,,mixed_eligibility_drive,historically_reconstructed
2025,6,401762873,2025-10-04 19:30:00+00:00,Miami (OH),Northern Illinois,away,ppp,offense,23.0,12.0,1.9166666666666667,12.0,possessions,observed,,mixed_eligibility_drive,historically_reconstructed
2025,7,401752731,2025-10-11 23:30:00+00:00,Auburn,Georgia,home,ppp,offense,10.0,10.0,1.0,10.0,possessions,observed,,mixed_eligibility_drive,historically_reconstructed
2025,7,401752731,2025-10-11 23:30:00+00:00,Georgia,Auburn,away,ppp,offense,20.0,10.0,2.0,10.0,possessions,observed,,mixed_eligibility_drive,historically_reconstructed
2025,7,401752732,2025-10-11 23:45:00+00:00,LSU,South Carolina,home,ppp,offense,20.0,12.0,1.6666666666666667,12.0,possessions,observed,,mixed_eligibility_drive,historically_reconstructed
2025,7,401752732,2025-10-11 23:45:00+00:00,South Carolina,LSU,away,ppp,offense,10.0,12.0,0.8333333333333334,12.0,possessions,observed,,mixed_eligibility_drive,historically_reconstructed
2025,7,401752733,2025-10-11 16:45:00+00:00,Ole Miss,Washington State,home,ppp,offense,24.0,10.0,2.4,10.0,possessions,observed,,mixed_eligibility_drive,historically_reconstructed
2025,7,401752733,2025-10-11 16:45:00+00:00,Washington State,Ole Miss,away,ppp,offense,21.0,11.0,1.9090909090909092,11.0,possessions,observed,,mixed_eligibility_drive,historically_reconstructed
2025,7,401752734,2025-10-11 16:00:00+00:00,Missouri,Alabama,home,ppp,offense,24.0,11.0,2.1818181818181817,11.0,possessions,observed,,mixed_eligibility_drive,historically_reconstructed
2025,7,401752734,2025-10-11 16:00:00+00:00,Alabama,Missouri,away,ppp,offense,27.0,11.0,2.4545454545454546,11.0,possessions,observed,,mixed_eligibility_drive,historically_reconstructed
2025,7,401752735,2025-10-11 20:15:00+00:00,Tennessee,Arkansas,home,ppp,offense,34.0,12.0,2.8333333333333335,12.0,possessions,observed,,mixed_eligibility_drive,historically_reconstructed
2025,7,401752735,2025-10-11 20:15:00+00:00,Arkansas,Tennessee,away,ppp,offense,31.0,12.0,2.5833333333333335,12.0,possessions,observed,,mixed_eligibility_drive,historically_reconstructed
2025,7,401752736,2025-10-11 19:30:00+00:00,Texas,Oklahoma,home,ppp,offense,16.0,10.0,1.6,10.0,possessions,observed,,mixed_eligibility_drive,historically_reconstructed
2025,7,401752736,2025-10-11 19:30:00+00:00,Oklahoma,Texas,away,ppp,offense,6.0,10.0,0.6,10.0,possessions,observed,,mixed_eligibility_drive,historically_reconstructed
2025,7,401752737,2025-10-11 23:00:00+00:00,Texas A&M,Florida,home,ppp,offense,34.0,10.0,3.4,10.0,possessions,observed,,mixed_eligibility_drive,historically_reconstructed
2025,7,401752737,2025-10-11 23:00:00+00:00,Florida,Texas A&M,away,ppp,offense,17.0,12.0,1.4166666666666667,12.0,possessions,observed,,mixed_eligibility_drive,historically_reconstructed
2025,7,401752862,2025-10-11 01:00:00+00:00,Washington,Rutgers,home,ppp,offense,31.0,11.0,2.8181818181818183,11.0,possessions,observed,,mixed_eligibility_drive,historically_reconstructed
2025,7,401752862,2025-10-11 01:00:00+00:00,Rutgers,Washington,away,ppp,offense,9.0,10.0,0.9,10.0,possessions,observed,,mixed_eligibility_drive,historically_reconstructed
2025,7,401752863,2025-10-11 16:00:00+00:00,Michigan State,UCLA,home,ppp,offense,13.0,10.0,,0.0,possessions,missing,unresolved_scoring_attribution,mixed_eligibility_drive,historically_reconstructed
2025,7,401752863,2025-10-11 16:00:00+00:00,UCLA,Michigan State,away,ppp,offense,0.0,10.0,,0.0,possessions,missing,unresolved_scoring_attribution,mixed_eligibility_drive,historically_reconstructed
2025,7,401752864,2025-10-11 23:30:00+00:00,Minnesota,Purdue,home,ppp,offense,20.0,12.0,1.6666666666666667,12.0,possessions,observed,,mixed_eligibility_drive,historically_reconstructed
2025,7,401752864,2025-10-11 23:30:00+00:00,Purdue,Minnesota,away,ppp,offense,20.0,13.0,1.5384615384615385,13.0,possessions,observed,,mixed_eligibility_drive,historically_reconstructed
2025,7,401752865,2025-10-11 16:00:00+00:00,Illinois,Ohio State,home,ppp,offense,16.0,11.0,1.4545454545454546,11.0,possessions,observed,,mixed_eligibility_drive,historically_reconstructed
2025,7,401752865,2025-10-11 16:00:00+00:00,Ohio State,Illinois,away,ppp,offense,27.0,11.0,2.4545454545454546,11.0,possessions,observed,,mixed_eligibility_drive,historically_reconstructed
2025,7,401752866,2025-10-11 19:30:00+00:00,Penn State,Northwestern,home,ppp,offense,21.0,8.0,2.625,8.0,possessions,observed,,mixed_eligibility_drive,historically_reconstructed
2025,7,401752866,2025-10-11 19:30:00+00:00,Northwestern,Penn State,away,ppp,offense,22.0,9.0,2.4444444444444446,9.0,possessions,observed,,mixed_eligibility_drive,historically_reconstructed
2025,7,401752867,2025-10-11 19:30:00+00:00,Maryland,Nebraska,home,ppp,offense,24.0,11.0,2.1818181818181817,11.0,possessions,observed,,mixed_eligibility_drive,historically_reconstructed
2025,7,401752867,2025-10-11 19:30:00+00:00,Nebraska,Maryland,away,ppp,offense,27.0,13.0,2.076923076923077,13.0,possessions,observed,,mixed_eligibility_drive,historically_reconstructed
2025,7,401752868,2025-10-11 23:30:00+00:00,USC,Michigan,home,ppp,offense,31.0,10.0,3.1,10.0,possessions,observed,,mixed_eligibility_drive,historically_reconstructed
2025,7,401752868,2025-10-11 23:30:00+00:00,Michigan,USC,away,ppp,offense,13.0,10.0,1.3,10.0,possessions,observed,,mixed_eligibility_drive,historically_reconstructed
2025,7,401752869,2025-10-11 23:00:00+00:00,Wisconsin,Iowa,home,ppp,offense,0.0,9.0,0.0,9.0,possessions,observed,,mixed_eligibility_drive,historically_reconstructed
2025,7,401752869,2025-10-11 23:00:00+00:00,Iowa,Wisconsin,away,ppp,offense,27.0,10.0,2.7,10.0,possessions,observed,,mixed_eligibility_drive,historically_reconstructed
2025,7,401752870,2025-10-11 19:30:00+00:00,Oregon,Indiana,home,ppp,offense,13.0,12.0,1.0833333333333333,12.0,possessions,observed,,mixed_eligibility_drive,historically_reconstructed
2025,7,401752870,2025-10-11 19:30:00+00:00,Indiana,Oregon,away,ppp,offense,30.0,13.0,2.3076923076923075,13.0,possessions,observed,,mixed_eligibility_drive,historically_reconstructed
2025,7,401754558,2025-10-11 23:30:00+00:00,Boston College,Clemson,home,ppp,offense,10.0,10.0,1.0,10.0,possessions,observed,,mixed_eligibility_drive,historically_reconstructed
2025,7,401754558,2025-10-11 23:30:00+00:00,Clemson,Boston College,away,ppp,offense,38.0,9.0,4.222222222222222,9.0,possessions,observed,,mixed_eligibility_drive,historically_reconstructed
2025,7,401754559,2025-10-11 16:00:00+00:00,Florida State,Pittsburgh,home,ppp,offense,31.0,11.0,2.8181818181818183,11.0,possessions,observed,,mixed_eligibility_drive,historically_reconstructed
2025,7,401754559,2025-10-11 16:00:00+00:00,Pittsburgh,Florida State,away,ppp,offense,34.0,12.0,2.8333333333333335,12.0,possessions,observed,,mixed_eligibility_drive,historically_reconstructed
2025,7,401754560,2025-10-11 19:30:00+00:00,Georgia Tech,Virginia Tech,home,ppp,offense,27.0,10.0,2.7,10.0,possessions,observed,,mixed_eligibility_drive,historically_reconstructed
2025,7,401754560,2025-10-11 19:30:00+00:00,Virginia Tech,Georgia Tech,away,ppp,offense,20.0,10.0,2.0,10.0,possessions,observed,,mixed_eligibility_drive,historically_reconstructed
2025,7,401754561,2025-10-11 16:00:00+00:00,SMU,Stanford,home,ppp,offense,27.0,10.0,2.7,10.0,possessions,observed,,mixed_eligibility_drive,historically_reconstructed
2025,7,401754561,2025-10-11 16:00:00+00:00,Stanford,SMU,away,ppp,offense,10.0,10.0,1.0,10.0,possessions,observed,,mixed_eligibility_drive,historically_reconstructed
2025,7,401754562,2025-10-11 19:30:00+00:00,Notre Dame,NC State,home,ppp,offense,34.0,12.0,2.8333333333333335,12.0,possessions,observed,,mixed_eligibility_drive,historically_reconstructed
2025,7,401754562,2025-10-11 19:30:00+00:00,NC State,Notre Dame,away,ppp,offense,7.0,11.0,0.6363636363636364,11.0,possessions,observed,,mixed_eligibility_drive,historically_reconstructed
2025,7,401754563,2025-10-11 19:30:00+00:00,Oregon State,Wake Forest,home,ppp,offense,14.0,13.0,1.0769230769230769,13.0,possessions,observed,,mixed_eligibility_drive,historically_reconstructed
2025,7,401754563,2025-10-11 19:30:00+00:00,Wake Forest,Oregon State,away,ppp,offense,32.0,13.0,2.4615384615384617,13.0,possessions,observed,,mixed_eligibility_drive,historically_reconstructed
2025,7,401756916,2025-10-12 00:00:00+00:00,Arizona,BYU,home,ppp,offense,0.0,11.0,,0.0,possessions,missing,unresolved_scoring_attribution,mixed_eligibility_drive,historically_reconstructed
2025,7,401756916,2025-10-12 00:00:00+00:00,BYU,Arizona,away,ppp,offense,0.0,10.0,,0.0,possessions,missing,unresolved_scoring_attribution,mixed_eligibility_drive,historically_reconstructed
2025,7,401756917,2025-10-11 16:00:00+00:00,Cincinnati,UCF,home,ppp,offense,20.0,10.0,2.0,10.0,possessions,observed,,mixed_eligibility_drive,historically_reconstructed
2025,7,401756917,2025-10-11 16:00:00+00:00,UCF,Cincinnati,away,ppp,offense,11.0,10.0,1.1,10.0,possessions,observed,,mixed_eligibility_drive,historically_reconstructed
2025,7,401756918,2025-10-11 19:30:00+00:00,Colorado,Iowa State,home,ppp,offense,24.0,12.0,2.0,12.0,possessions,observed,,mixed_eligibility_drive,historically_reconstructed
2025,7,401756918,2025-10-11 19:30:00+00:00,Iowa State,Colorado,away,ppp,offense,10.0,11.0,0.9090909090909091,11.0,possessions,observed,,mixed_eligibility_drive,historically_reconstructed
2025,7,401756919,2025-10-11 19:30:00+00:00,Kansas State,TCU,home,ppp,offense,27.0,12.0,2.25,12.0,possessions,observed,,mixed_eligibility_drive,historically_reconstructed
2025,7,401756919,2025-10-11 19:30:00+00:00,TCU,Kansas State,away,ppp,offense,28.0,13.0,2.1538461538461537,13.0,possessions,observed,,mixed_eligibility_drive,historically_reconstructed
2025,7,401756920,2025-10-11 16:00:00+00:00,Oklahoma State,Houston,home,ppp,offense,17.0,11.0,1.5454545454545454,11.0,possessions,observed,,mixed_eligibility_drive,historically_reconstructed
2025,7,401756920,2025-10-11 16:00:00+00:00,Houston,Oklahoma State,away,ppp,offense,39.0,12.0,3.25,12.0,possessions,observed,,mixed_eligibility_drive,historically_reconstructed
2025,7,401756921,2025-10-11 23:30:00+00:00,Texas Tech,Kansas,home,ppp,offense,35.0,13.0,2.6923076923076925,13.0,possessions,observed,,mixed_eligibility_drive,historically_reconstructed
2025,7,401756921,2025-10-11 23:30:00+00:00,Kansas,Texas Tech,away,ppp,offense,17.0,14.0,1.2142857142857142,14.0,possessions,observed,,mixed_eligibility_drive,historically_reconstructed
2025,7,401756922,2025-10-12 02:15:00+00:00,Utah,Arizona State,home,ppp,offense,42.0,7.0,6.0,7.0,possessions,observed,,mixed_eligibility_drive,historically_reconstructed
2025,7,401756922,2025-10-12 02:15:00+00:00,Arizona State,Utah,away,ppp,offense,3.0,7.0,0.42857142857142855,7.0,possessions,observed,,mixed_eligibility_drive,historically_reconstructed
2025,7,401757277,2025-10-09 00:00:00+00:00,UTEP,Liberty,home,ppp,offense,0.0,12.0,0.0,12.0,possessions,observed,,mixed_eligibility_drive,historically_reconstructed
2025,7,401757277,2025-10-09 00:00:00+00:00,Liberty,UTEP,away,ppp,offense,19.0,12.0,1.5833333333333333,12.0,possessions,observed,,mixed_eligibility_drive,historically_reconstructed
2025,7,401757278,2025-10-08 23:30:00+00:00,Middle Tennessee,Missouri State,home,ppp,offense,20.0,11.0,,0.0,possessions,missing,unresolved_scoring_attribution,mixed_eligibility_drive,historically_reconstructed
2025,7,401757278,2025-10-08 23:30:00+00:00,Missouri State,Middle Tennessee,away,ppp,offense,22.0,10.0,,0.0,possessions,missing,unresolved_scoring_attribution,mixed_eligibility_drive,historically_reconstructed
2025,7,401757279,2025-10-10 00:00:00+00:00,Sam Houston State,Jacksonville State,home,ppp,offense,27.0,12.0,2.25,12.0,possessions,observed,,mixed_eligibility_drive,historically_reconstructed
2025,7,401757279,2025-10-10 00:00:00+00:00,Jacksonville State,Sam Houston State,away,ppp,offense,29.0,13.0,2.230769230769231,13.0,possessions,observed,,mixed_eligibility_drive,historically_reconstructed
2025,7,401757280,2025-10-09 23:00:00+00:00,Kennesaw State,Louisiana Tech,home,ppp,offense,35.0,11.0,3.1818181818181817,11.0,possessions,observed,,mixed_eligibility_drive,historically_reconstructed
2025,7,401757280,2025-10-09 23:00:00+00:00,Louisiana Tech,Kennesaw State,away,ppp,offense,7.0,10.0,0.7,10.0,possessions,observed,,mixed_eligibility_drive,historically_reconstructed
2025,7,401760386,2025-10-11 19:30:00+00:00,UNLV,Air Force,home,ppp,offense,35.0,12.0,2.9166666666666665,12.0,possessions,observed,,mixed_eligibility_drive,historically_reconstructed
2025,7,401760386,2025-10-11 19:30:00+00:00,Air Force,UNLV,away,ppp,offense,41.0,13.0,3.1538461538461537,13.0,possessions,observed,,mixed_eligibility_drive,historically_reconstructed
2025,7,401760387,2025-10-12 01:45:00+00:00,Boise State,New Mexico,home,ppp,offense,34.0,11.0,3.090909090909091,11.0,possessions,observed,,mixed_eligibility_drive,historically_reconstructed
2025,7,401760387,2025-10-12 01:45:00+00:00,New Mexico,Boise State,away,ppp,offense,11.0,10.0,1.1,10.0,possessions,observed,,mixed_eligibility_drive,historically_reconstructed
2025,7,401760388,2025-10-11 01:00:00+00:00,Colorado State,Fresno State,home,ppp,offense,42.0,12.0,3.5,12.0,possessions,observed,,mixed_eligibility_drive,historically_reconstructed
2025,7,401760388,2025-10-11 01:00:00+00:00,Fresno State,Colorado State,away,ppp,offense,14.0,13.0,1.0769230769230769,13.0,possessions,observed,,mixed_eligibility_drive,historically_reconstructed
2025,7,401760389,2025-10-12 03:59:00+00:00,Hawai_i,Utah State,home,ppp,offense,44.0,15.0,2.933333333333333,15.0,possessions,observed,,mixed_eligibility_drive,historically_reconstructed
2025,7,401760389,2025-10-12 03:59:00+00:00,Utah State,Hawai_i,away,ppp,offense,26.0,15.0,1.7333333333333334,15.0,possessions,observed,,mixed_eligibility_drive,historically_reconstructed
2025,7,401760390,2025-10-12 02:30:00+00:00,Nevada,San Diego State,home,ppp,offense,0.0,7.0,0.0,7.0,possessions,observed,,mixed_eligibility_drive,historically_reconstructed
2025,7,401760390,2025-10-12 02:30:00+00:00,San Diego State,Nevada,away,ppp,offense,21.0,4.0,5.25,4.0,possessions,observed,,mixed_eligibility_drive,historically_reconstructed
2025,7,401760391,2025-10-11 23:00:00+00:00,Wyoming,San Jose State,home,ppp,offense,21.0,13.0,1.6153846153846154,13.0,possessions,observed,,mixed_eligibility_drive,historically_reconstructed
2025,7,401760391,2025-10-11 23:00:00+00:00,San Jose State,Wyoming,away,ppp,offense,21.0,16.0,1.3125,16.0,possessions,observed,,mixed_eligibility_drive,historically_reconstructed
2025,7,401761622,2025-10-10 00:00:00+00:00,Georgia Southern,Southern Mississippi,home,ppp,offense,21.0,14.0,1.5,14.0,possessions,observed,,mixed_eligibility_drive,historically_reconstructed
2025,7,401761622,2025-10-10 00:00:00+00:00,Southern Mississippi,Georgia Southern,away,ppp,offense,31.0,14.0,2.2142857142857144,14.0,possessions,observed,,mixed_eligibility_drive,historically_reconstructed
2025,7,401761623,2025-10-11 23:00:00+00:00,Coastal Carolina,Louisiana Monroe,home,ppp,offense,23.0,14.0,1.6428571428571428,14.0,possessions,observed,,mixed_eligibility_drive,historically_reconstructed
2025,7,401761623,2025-10-11 23:00:00+00:00,Louisiana Monroe,Coastal Carolina,away,ppp,offense,8.0,14.0,0.5714285714285714,14.0,possessions,observed,,mixed_eligibility_drive,historically_reconstructed
2025,7,401761624,2025-10-11 19:30:00+00:00,Georgia State,Appalachian State,home,ppp,offense,20.0,13.0,1.5384615384615385,13.0,possessions,observed,,mixed_eligibility_drive,historically_reconstructed
2025,7,401761624,2025-10-11 19:30:00+00:00,Appalachian State,Georgia State,away,ppp,offense,41.0,14.0,2.9285714285714284,14.0,possessions,observed,,mixed_eligibility_drive,historically_reconstructed
2025,7,401761625,2025-10-11 16:00:00+00:00,James Madison,Louisiana,home,ppp,offense,24.0,14.0,1.7142857142857142,14.0,possessions,observed,,mixed_eligibility_drive,historically_reconstructed
2025,7,401761625,2025-10-11 16:00:00+00:00,Louisiana,James Madison,away,ppp,offense,14.0,14.0,1.0,14.0,possessions,observed,,mixed_eligibility_drive,historically_reconstructed
2025,7,401761626,2025-10-11 19:30:00+00:00,Marshall,Old Dominion,home,ppp,offense,0.0,13.0,,0.0,possessions,missing,unresolved_scoring_attribution,mixed_eligibility_drive,historically_reconstructed
2025,7,401761626,2025-10-11 19:30:00+00:00,Old Dominion,Marshall,away,ppp,offense,17.0,11.0,1.5454545454545454,11.0,possessions,observed,,mixed_eligibility_drive,historically_reconstructed
2025,7,401761627,2025-10-12 00:00:00+00:00,Texas State,Troy,home,ppp,offense,0.0,9.0,,0.0,possessions,missing,unresolved_scoring_attribution,mixed_eligibility_drive,historically_reconstructed
2025,7,401761627,2025-10-12 00:00:00+00:00,Troy,Texas State,away,ppp,offense,0.0,10.0,,0.0,possessions,missing,unresolved_scoring_attribution,mixed_eligibility_drive,historically_reconstructed
2025,7,401762480,2025-10-09 23:30:00+00:00,Tulane,East Carolina,home,ppp,offense,26.0,10.0,2.6,10.0,possessions,observed,,mixed_eligibility_drive,historically_reconstructed
2025,7,401762480,2025-10-09 23:30:00+00:00,East Carolina,Tulane,away,ppp,offense,19.0,12.0,1.5833333333333333,12.0,possessions,observed,,mixed_eligibility_drive,historically_reconstructed
2025,7,401762481,2025-10-10 23:30:00+00:00,North Texas,South Florida,home,ppp,offense,36.0,13.0,2.769230769230769,13.0,possessions,observed,,mixed_eligibility_drive,historically_reconstructed
2025,7,401762481,2025-10-10 23:30:00+00:00,South Florida,North Texas,away,ppp,offense,56.0,14.0,4.0,14.0,possessions,observed,,mixed_eligibility_drive,historically_reconstructed
2025,7,401762482,2025-10-11 22:00:00+00:00,Florida Atlantic,UAB,home,ppp,offense,38.0,10.0,3.8,10.0,possessions,observed,,mixed_eligibility_drive,historically_reconstructed
2025,7,401762482,2025-10-11 22:00:00+00:00,UAB,Florida Atlantic,away,ppp,offense,14.0,9.0,,0.0,possessions,missing,unresolved_scoring_attribution,mixed_eligibility_drive,historically_reconstructed
2025,7,401762483,2025-10-11 16:00:00+00:00,Army,Charlotte,home,ppp,offense,24.0,10.0,2.4,10.0,possessions,observed,,mixed_eligibility_drive,historically_reconstructed
2025,7,401762483,2025-10-11 16:00:00+00:00,Charlotte,Army,away,ppp,offense,7.0,9.0,0.7777777777777778,9.0,possessions,observed,,mixed_eligibility_drive,historically_reconstructed
2025,7,401762484,2025-10-11 20:00:00+00:00,Temple,Navy,home,ppp,offense,31.0,10.0,3.1,10.0,possessions,observed,,mixed_eligibility_drive,historically_reconstructed
2025,7,401762484,2025-10-11 20:00:00+00:00,Navy,Temple,away,ppp,offense,32.0,9.0,,0.0,possessions,missing,unresolved_scoring_attribution,mixed_eligibility_drive,historically_reconstructed
2025,7,401762485,2025-10-11 23:30:00+00:00,UT San Antonio,Rice,home,ppp,offense,38.0,8.0,4.75,8.0,possessions,observed,,mixed_eligibility_drive,historically_reconstructed
2025,7,401762485,2025-10-11 23:30:00+00:00,Rice,UT San Antonio,away,ppp,offense,10.0,8.0,1.25,8.0,possessions,observed,,mixed_eligibility_drive,historically_reconstructed
2025,7,401762833,2025-10-11 16:00:00+00:00,Akron,Miami (OH),home,ppp,offense,7.0,10.0,0.7,10.0,possessions,observed,,mixed_eligibility_drive,historically_reconstructed
2025,7,401762833,2025-10-11 16:00:00+00:00,Miami (OH),Akron,away,ppp,offense,17.0,10.0,1.7,10.0,possessions,observed,,mixed_eligibility_drive,historically_reconstructed
2025,7,401762834,2025-10-11 19:30:00+00:00,Western Michigan,Ball State,home,ppp,offense,28.0,9.0,3.111111111111111,9.0,possessions,observed,,mixed_eligibility_drive,historically_reconstructed
2025,7,401762834,2025-10-11 19:30:00+00:00,Ball State,Western Michigan,away,ppp,offense,0.0,10.0,0.0,10.0,possessions,observed,,mixed_eligibility_drive,historically_reconstructed
2025,7,401762835,2025-10-11 16:00:00+00:00,Bowling Green,Toledo,home,ppp,offense,14.0,15.0,0.9333333333333333,15.0,possessions,observed,,mixed_eligibility_drive,historically_reconstructed
2025,7,401762835,2025-10-11 16:00:00+00:00,Toledo,Bowling Green,away,ppp,offense,21.0,15.0,1.4,15.0,possessions,observed,,mixed_eligibility_drive,historically_reconstructed
2025,7,401762836,2025-10-11 17:00:00+00:00,Eastern Michigan,Northern Illinois,home,ppp,offense,16.0,12.0,1.3333333333333333,12.0,possessions,observed,,mixed_eligibility_drive,historically_reconstructed
2025,7,401762836,2025-10-11 17:00:00+00:00,Northern Illinois,Eastern Michigan,away,ppp,offense,10.0,12.0,0.8333333333333334,12.0,possessions,observed,,mixed_eligibility_drive,historically_reconstructed
2025,7,401762837,2025-10-11 18:30:00+00:00,Kent State,UMass,home,ppp,offense,34.0,7.0,4.857142857142857,7.0,possessions,observed,,mixed_eligibility_drive,historically_reconstructed
2025,7,401762837,2025-10-11 18:30:00+00:00,UMass,Kent State,away,ppp,offense,3.0,8.0,0.375,8.0,possessions,observed,,mixed_eligibility_drive,historically_reconstructed
2025,8,401752738,2025-10-18 23:30:00+00:00,Alabama,Tennessee,home,ppp,offense,28.0,9.0,3.111111111111111,9.0,possessions,observed,,mixed_eligibility_drive,historically_reconstructed
2025,8,401752738,2025-10-18 23:30:00+00:00,Tennessee,Alabama,away,ppp,offense,20.0,10.0,2.0,10.0,possessions,observed,,mixed_eligibility_drive,historically_reconstructed
2025,8,401752739,2025-10-18 19:30:00+00:00,Arkansas,Texas A&M,home,ppp,offense,35.0,10.0,3.5,10.0,possessions,observed,,mixed_eligibility_drive,historically_reconstructed
2025,8,401752739,2025-10-18 19:30:00+00:00,Texas A&M,Arkansas,away,ppp,offense,45.0,10.0,4.5,10.0,possessions,observed,,mixed_eligibility_drive,historically_reconstructed
2025,8,401752740,2025-10-18 23:45:00+00:00,Auburn,Missouri,home,ppp,offense,0.0,11.0,,0.0,possessions,missing,unresolved_scoring_attribution,mixed_eligibility_drive,historically_reconstructed
2025,8,401752740,2025-10-18 23:45:00+00:00,Missouri,Auburn,away,ppp,offense,0.0,11.0,,0.0,possessions,missing,unresolved_scoring_attribution,mixed_eligibility_drive,historically_reconstructed
2025,8,401752741,2025-10-18 20:15:00+00:00,Florida,Mississippi State,home,ppp,offense,16.0,12.0,1.3333333333333333,12.0,possessions,observed,,mixed_eligibility_drive,historically_reconstructed
2025,8,401752741,2025-10-18 20:15:00+00:00,Mississippi State,Florida,away,ppp,offense,21.0,12.0,1.75,12.0,possessions,observed,,mixed_eligibility_drive,historically_reconstructed
2025,8,401752742,2025-10-18 19:30:00+00:00,Georgia,Ole Miss,home,ppp,offense,43.0,9.0,4.777777777777778,9.0,possessions,observed,,mixed_eligibility_drive,historically_reconstructed
2025,8,401752742,2025-10-18 19:30:00+00:00,Ole Miss,Georgia,away,ppp,offense,35.0,8.0,4.375,8.0,possessions,observed,,mixed_eligibility_drive,historically_reconstructed
2025,8,401752743,2025-10-18 23:00:00+00:00,Kentucky,Texas,home,ppp,offense,0.0,12.0,,0.0,possessions,missing,unresolved_scoring_attribution,mixed_eligibility_drive,historically_reconstructed
2025,8,401752743,2025-10-18 23:00:00+00:00,Texas,Kentucky,away,ppp,offense,0.0,13.0,,0.0,possessions,missing,unresolved_scoring_attribution,mixed_eligibility_drive,historically_reconstructed
2025,8,401752744,2025-10-18 16:45:00+00:00,South Carolina,Oklahoma,home,ppp,offense,7.0,12.0,0.5833333333333334,12.0,possessions,observed,,mixed_eligibility_drive,historically_reconstructed
2025,8,401752744,2025-10-18 16:45:00+00:00,Oklahoma,South Carolina,away,ppp,offense,24.0,12.0,2.0,12.0,possessions,observed,,mixed_eligibility_drive,historically_reconstructed
2025,8,401752745,2025-10-18 16:00:00+00:00,Vanderbilt,LSU,home,ppp,offense,31.0,9.0,3.4444444444444446,9.0,possessions,observed,,mixed_eligibility_drive,historically_reconstructed
2025,8,401752745,2025-10-18 16:00:00+00:00,LSU,Vanderbilt,away,ppp,offense,24.0,8.0,3.0,8.0,possessions,observed,,mixed_eligibility_drive,historically_reconstructed
2025,8,401752871,2025-10-18 23:30:00+00:00,Notre Dame,USC,home,ppp,offense,28.0,12.0,2.3333333333333335,12.0,possessions,observed,,mixed_eligibility_drive,historically_reconstructed
2025,8,401752871,2025-10-18 23:30:00+00:00,USC,Notre Dame,away,ppp,offense,24.0,13.0,1.8461538461538463,13.0,possessions,observed,,mixed_eligibility_drive,historically_reconstructed
2025,8,401752872,2025-10-18 00:00:00+00:00,Minnesota,Nebraska,home,ppp,offense,24.0,10.0,2.4,10.0,possessions,observed,,mixed_eligibility_drive,historically_reconstructed
2025,8,401752872,2025-10-18 00:00:00+00:00,Nebraska,Minnesota,away,ppp,offense,6.0,10.0,0.6,10.0,possessions,observed,,mixed_eligibility_drive,historically_reconstructed
2025,8,401752873,2025-10-18 16:00:00+00:00,Michigan,Washington,home,ppp,offense,24.0,11.0,2.1818181818181817,11.0,possessions,observed,,mixed_eligibility_drive,historically_reconstructed
2025,8,401752873,2025-10-18 16:00:00+00:00,Washington,Michigan,away,ppp,offense,7.0,10.0,0.7,10.0,possessions,observed,,mixed_eligibility_drive,historically_reconstructed
2025,8,401752874,2025-10-18 19:00:00+00:00,Northwestern,Purdue,home,ppp,offense,19.0,12.0,1.5833333333333333,12.0,possessions,observed,,mixed_eligibility_drive,historically_reconstructed
2025,8,401752874,2025-10-18 19:00:00+00:00,Purdue,Northwestern,away,ppp,offense,0.0,11.0,0.0,11.0,possessions,observed,,mixed_eligibility_drive,historically_reconstructed
2025,8,401752875,2025-10-18 23:00:00+00:00,Iowa,Penn State,home,ppp,offense,25.0,11.0,2.272727272727273,11.0,possessions,observed,,mixed_eligibility_drive,historically_reconstructed
2025,8,401752875,2025-10-18 23:00:00+00:00,Penn State,Iowa,away,ppp,offense,17.0,10.0,1.7,10.0,possessions,observed,,mixed_eligibility_drive,historically_reconstructed
2025,8,401752876,2025-10-18 22:30:00+00:00,Rutgers,Oregon,home,ppp,offense,3.0,7.0,0.42857142857142855,7.0,possessions,observed,,mixed_eligibility_drive,historically_reconstructed
2025,8,401752876,2025-10-18 22:30:00+00:00,Oregon,Rutgers,away,ppp,offense,42.0,7.0,6.0,7.0,possessions,observed,,mixed_eligibility_drive,historically_reconstructed
2025,8,401752877,2025-10-18 19:30:00+00:00,Wisconsin,Ohio State,home,ppp,offense,0.0,8.0,0.0,8.0,possessions,observed,,mixed_eligibility_drive,historically_reconstructed
2025,8,401752877,2025-10-18 19:30:00+00:00,Ohio State,Wisconsin,away,ppp,offense,27.0,8.0,3.375,8.0,possessions,observed,,mixed_eligibility_drive,historically_reconstructed
2025,8,401752878,2025-10-18 19:30:00+00:00,Indiana,Michigan State,home,ppp,offense,38.0,8.0,4.75,8.0,possessions,observed,,mixed_eligibility_drive,historically_reconstructed
2025,8,401752878,2025-10-18 19:30:00+00:00,Michigan State,Indiana,away,ppp,offense,10.0,7.0,1.4285714285714286,7.0,possessions,observed,,mixed_eligibility_drive,historically_reconstructed
2025,8,401752879,2025-10-18 23:00:00+00:00,UCLA,Maryland,home,ppp,offense,20.0,15.0,1.3333333333333333,15.0,possessions,observed,,mixed_eligibility_drive,historically_reconstructed
2025,8,401752879,2025-10-18 23:00:00+00:00,Maryland,UCLA,away,ppp,offense,10.0,14.0,0.7142857142857143,14.0,possessions,observed,,mixed_eligibility_drive,historically_reconstructed
2025,8,401752941,2025-10-19 02:00:00+00:00,Oregon State,Lafayette,home,ppp,offense,38.0,12.0,3.1666666666666665,12.0,possessions,observed,,mixed_eligibility_drive,historically_reconstructed
2025,8,401752941,2025-10-19 02:00:00+00:00,Lafayette,Oregon State,away,ppp,offense,13.0,12.0,1.0833333333333333,12.0,possessions,observed,,mixed_eligibility_drive,historically_reconstructed
2025,8,401752951,2025-10-18 22:30:00+00:00,Virginia,Washington State,home,ppp,offense,22.0,12.0,1.8333333333333333,12.0,possessions,observed,,mixed_eligibility_drive,historically_reconstructed
2025,8,401752951,2025-10-18 22:30:00+00:00,Washington State,Virginia,away,ppp,offense,20.0,12.0,1.6666666666666667,12.0,possessions,observed,,mixed_eligibility_drive,historically_reconstructed
2025,8,401754371,2025-10-18 02:30:00+00:00,California,North Carolina,home,ppp,offense,21.0,12.0,1.75,12.0,possessions,observed,,mixed_eligibility_drive,historically_reconstructed
2025,8,401754371,2025-10-18 02:30:00+00:00,North Carolina,California,away,ppp,offense,18.0,12.0,1.5,12.0,possessions,observed,,mixed_eligibility_drive,historically_reconstructed
2025,8,401754564,2025-10-17 23:00:00+00:00,Miami,Louisville,home,ppp,offense,21.0,12.0,1.75,12.0,possessions,observed,,mixed_eligibility_drive,historically_reconstructed
2025,8,401754564,2025-10-17 23:00:00+00:00,Louisville,Miami,away,ppp,offense,24.0,12.0,2.0,12.0,possessions,observed,,mixed_eligibility_drive,historically_reconstructed
2025,8,401754565,2025-10-18 19:30:00+00:00,Clemson,SMU,home,ppp,offense,24.0,14.0,1.7142857142857142,14.0,possessions,observed,,mixed_eligibility_drive,historically_reconstructed
2025,8,401754565,2025-10-18 19:30:00+00:00,SMU,Clemson,away,ppp,offense,29.0,14.0,2.0714285714285716,14.0,possessions,observed,,mixed_eligibility_drive,historically_reconstructed
2025,8,401754566,2025-10-18 16:00:00+00:00,Duke,Georgia Tech,home,ppp,offense,18.0,9.0,2.0,9.0,possessions,observed,,mixed_eligibility_drive,historically_reconstructed
2025,8,401754566,2025-10-18 16:00:00+00:00,Georgia Tech,Duke,away,ppp,offense,20.0,9.0,2.2222222222222223,9.0,possessions,observed,,mixed_eligibility_drive,historically_reconstructed
2025,8,401754567,2025-10-19 02:30:00+00:00,Stanford,Florida State,home,ppp,offense,20.0,12.0,1.6666666666666667,12.0,possessions,observed,,mixed_eligibility_drive,historically_reconstructed
2025,8,401754567,2025-10-19 02:30:00+00:00,Florida State,Stanford,away,ppp,offense,13.0,12.0,1.0833333333333333,12.0,possessions,observed,,mixed_eligibility_drive,historically_reconstructed
2025,8,401754568,2025-10-18 23:30:00+00:00,Syracuse,Pittsburgh,home,ppp,offense,13.0,14.0,0.9285714285714286,14.0,possessions,observed,,mixed_eligibility_drive,historically_reconstructed
2025,8,401754568,2025-10-18 23:30:00+00:00,Pittsburgh,Syracuse,away,ppp,offense,16.0,13.0,1.2307692307692308,13.0,possessions,observed,,mixed_eligibility_drive,historically_reconstructed
2025,8,401754569,2025-10-18 16:00:00+00:00,Boston College,Connecticut,home,ppp,offense,23.0,10.0,,0.0,possessions,missing,unresolved_scoring_attribution,mixed_eligibility_drive,historically_reconstructed
2025,8,401754569,2025-10-18 16:00:00+00:00,Connecticut,Boston College,away,ppp,offense,38.0,11.0,3.4545454545454546,11.0,possessions,observed,,mixed_eligibility_drive,historically_reconstructed
2025,8,401756923,2025-10-18 20:00:00+00:00,Arizona State,Texas Tech,home,ppp,offense,19.0,13.0,1.4615384615384615,13.0,possessions,observed,,mixed_eligibility_drive,historically_reconstructed
2025,8,401756923,2025-10-18 20:00:00+00:00,Texas Tech,Arizona State,away,ppp,offense,22.0,13.0,1.6923076923076923,13.0,possessions,observed,,mixed_eligibility_drive,historically_reconstructed
2025,8,401756924,2025-10-19 00:00:00+00:00,BYU,Utah,home,ppp,offense,24.0,12.0,2.0,12.0,possessions,observed,,mixed_eligibility_drive,historically_reconstructed
2025,8,401756924,2025-10-19 00:00:00+00:00,Utah,BYU,away,ppp,offense,21.0,11.0,1.9090909090909092,11.0,possessions,observed,,mixed_eligibility_drive,historically_reconstructed
2025,8,401756925,2025-10-18 16:00:00+00:00,Houston,Arizona,home,ppp,offense,31.0,8.0,3.875,8.0,possessions,observed,,mixed_eligibility_drive,historically_reconstructed
2025,8,401756925,2025-10-18 16:00:00+00:00,Arizona,Houston,away,ppp,offense,28.0,8.0,3.5,8.0,possessions,observed,,mixed_eligibility_drive,historically_reconstructed
2025,8,401756926,2025-10-19 00:00:00+00:00,Oklahoma State,Cincinnati,home,ppp,offense,17.0,9.0,1.8888888888888888,9.0,possessions,observed,,mixed_eligibility_drive,historically_reconstructed
2025,8,401756926,2025-10-19 00:00:00+00:00,Cincinnati,Oklahoma State,away,ppp,offense,7.0,8.0,,0.0,possessions,missing,unresolved_scoring_attribution,mixed_eligibility_drive,historically_reconstructed
2025,8,401756927,2025-10-18 16:00:00+00:00,TCU,Baylor,home,ppp,offense,42.0,15.0,2.8,15.0,possessions,observed,,mixed_eligibility_drive,historically_reconstructed
2025,8,401756927,2025-10-18 16:00:00+00:00,Baylor,TCU,away,ppp,offense,25.0,15.0,1.6666666666666667,15.0,possessions,observed,,mixed_eligibility_drive,historically_reconstructed
2025,8,401756928,2025-10-18 17:00:00+00:00,UCF,West Virginia,home,ppp,offense,28.0,9.0,3.111111111111111,9.0,possessions,observed,,mixed_eligibility_drive,historically_reconstructed
2025,8,401756928,2025-10-18 17:00:00+00:00,West Virginia,UCF,away,ppp,offense,7.0,11.0,0.6363636363636364,11.0,possessions,observed,,mixed_eligibility_drive,historically_reconstructed
2025,8,401757281,2025-10-15 00:00:00+00:00,Western Kentucky,Florida International,home,ppp,offense,6.0,11.0,0.5454545454545454,11.0,possessions,observed,,mixed_eligibility_drive,historically_reconstructed
2025,8,401757281,2025-10-15 00:00:00+00:00,Florida International,Western Kentucky,away,ppp,offense,25.0,10.0,2.5,10.0,possessions,observed,,mixed_eligibility_drive,historically_reconstructed
2025,8,401757282,2025-10-14 23:00:00+00:00,Liberty,New Mexico State,home,ppp,offense,23.0,11.0,2.090909090909091,11.0,possessions,observed,,mixed_eligibility_drive,historically_reconstructed
2025,8,401757282,2025-10-14 23:00:00+00:00,New Mexico State,Liberty,away,ppp,offense,27.0,11.0,2.4545454545454546,11.0,possessions,observed,,mixed_eligibility_drive,historically_reconstructed
2025,8,401757283,2025-10-15 23:00:00+00:00,Jacksonville State,Delaware,home,ppp,offense,31.0,13.0,2.3846153846153846,13.0,possessions,observed,,mixed_eligibility_drive,historically_reconstructed
2025,8,401757283,2025-10-15 23:00:00+00:00,Delaware,Jacksonville State,away,ppp,offense,25.0,14.0,1.7857142857142858,14.0,possessions,observed,,mixed_eligibility_drive,historically_reconstructed
2025,8,401757284,2025-10-15 23:00:00+00:00,Sam Houston State,UTEP,home,ppp,offense,17.0,13.0,1.3076923076923077,13.0,possessions,observed,,mixed_eligibility_drive,historically_reconstructed
2025,8,401757284,2025-10-15 23:00:00+00:00,UTEP,Sam Houston State,away,ppp,offense,35.0,13.0,2.6923076923076925,13.0,possessions,observed,,mixed_eligibility_drive,historically_reconstructed
2025,8,401760392,2025-10-18 19:30:00+00:00,Air Force,Wyoming,home,ppp,offense,24.0,9.0,,0.0,possessions,missing,unresolved_scoring_attribution,mixed_eligibility_drive,historically_reconstructed
2025,8,401760392,2025-10-18 19:30:00+00:00,Wyoming,Air Force,away,ppp,offense,21.0,9.0,2.3333333333333335,9.0,possessions,observed,,mixed_eligibility_drive,historically_reconstructed
2025,8,401760393,2025-10-18 19:30:00+00:00,Boise State,UNLV,home,ppp,offense,49.0,13.0,3.769230769230769,13.0,possessions,observed,,mixed_eligibility_drive,historically_reconstructed
2025,8,401760393,2025-10-18 19:30:00+00:00,UNLV,Boise State,away,ppp,offense,31.0,14.0,2.2142857142857144,14.0,possessions,observed,,mixed_eligibility_drive,historically_reconstructed
2025,8,401760394,2025-10-18 23:00:00+00:00,Colorado State,Hawai_i,home,ppp,offense,12.0,10.0,1.2,10.0,possessions,observed,,mixed_eligibility_drive,historically_reconstructed
2025,8,401760394,2025-10-18 23:00:00+00:00,Hawai_i,Colorado State,away,ppp,offense,24.0,12.0,2.0,12.0,possessions,observed,,mixed_eligibility_drive,historically_reconstructed
2025,8,401760395,2025-10-19 01:45:00+00:00,New Mexico,Nevada,home,ppp,offense,24.0,9.0,2.6666666666666665,9.0,possessions,observed,,mixed_eligibility_drive,historically_reconstructed
2025,8,401760395,2025-10-19 01:45:00+00:00,Nevada,New Mexico,away,ppp,offense,22.0,9.0,2.4444444444444446,9.0,possessions,observed,,mixed_eligibility_drive,historically_reconstructed
2025,8,401760396,2025-10-18 01:00:00+00:00,Utah State,San Jose State,home,ppp,offense,24.0,11.0,,0.0,possessions,missing,unresolved_scoring_attribution,mixed_eligibility_drive,historically_reconstructed
2025,8,401760396,2025-10-18 01:00:00+00:00,San Jose State,Utah State,away,ppp,offense,22.0,11.0,,0.0,possessions,missing,unresolved_scoring_attribution,mixed_eligibility_drive,historically_reconstructed
2025,8,401761628,2025-10-14 23:30:00+00:00,South Alabama,Arkansas State,home,ppp,offense,14.0,11.0,1.2727272727272727,11.0,possessions,observed,,mixed_eligibility_drive,historically_reconstructed
2025,8,401761628,2025-10-14 23:30:00+00:00,Arkansas State,South Alabama,away,ppp,offense,15.0,11.0,,0.0,possessions,missing,unresolved_scoring_attribution,mixed_eligibility_drive,historically_reconstructed
2025,8,401761629,2025-10-18 19:30:00+00:00,Appalachian State,Coastal Carolina,home,ppp,offense,27.0,8.0,3.375,8.0,possessions,observed,,mixed_eligibility_drive,historically_reconstructed
2025,8,401761629,2025-10-18 19:30:00+00:00,Coastal Carolina,Appalachian State,away,ppp,offense,45.0,11.0,4.090909090909091,11.0,possessions,observed,,mixed_eligibility_drive,historically_reconstructed
2025,8,401761630,2025-10-18 23:00:00+00:00,Georgia Southern,Georgia State,home,ppp,offense,38.0,9.0,4.222222222222222,9.0,possessions,observed,,mixed_eligibility_drive,historically_reconstructed
2025,8,401761630,2025-10-18 23:00:00+00:00,Georgia State,Georgia Southern,away,ppp,offense,17.0,8.0,2.125,8.0,possessions,observed,,mixed_eligibility_drive,historically_reconstructed
2025,8,401761631,2025-10-18 19:30:00+00:00,James Madison,Old Dominion,home,ppp,offense,0.0,11.0,,0.0,possessions,missing,unresolved_scoring_attribution,mixed_eligibility_drive,historically_reconstructed
2025,8,401761631,2025-10-18 19:30:00+00:00,Old Dominion,James Madison,away,ppp,offense,20.0,9.0,2.2222222222222223,9.0,possessions,observed,,mixed_eligibility_drive,historically_reconstructed
2025,8,401761632,2025-10-18 19:30:00+00:00,Marshall,Texas State,home,ppp,offense,0.0,13.0,,0.0,possessions,missing,unresolved_scoring_attribution,mixed_eligibility_drive,historically_reconstructed
2025,8,401761632,2025-10-18 19:30:00+00:00,Texas State,Marshall,away,ppp,offense,0.0,14.0,,0.0,possessions,missing,unresolved_scoring_attribution,mixed_eligibility_drive,historically_reconstructed
2025,8,401761633,2025-10-18 19:00:00+00:00,Louisiana Monroe,Troy,home,ppp,offense,14.0,12.0,1.1666666666666667,12.0,possessions,observed,,mixed_eligibility_drive,historically_reconstructed
2025,8,401761633,2025-10-18 19:00:00+00:00,Troy,Louisiana Monroe,away,ppp,offense,23.0,11.0,2.090909090909091,11.0,possessions,observed,,mixed_eligibility_drive,historically_reconstructed
2025,8,401761668,2025-10-18 21:00:00+00:00,Louisiana,Southern Mississippi,home,ppp,offense,10.0,8.0,1.25,8.0,possessions,observed,,mixed_eligibility_drive,historically_reconstructed
2025,8,401761668,2025-10-18 21:00:00+00:00,Southern Mississippi,Louisiana,away,ppp,offense,0.0,8.0,,0.0,possessions,missing,unresolved_scoring_attribution,mixed_eligibility_drive,historically_reconstructed
2025,8,401762486,2025-10-16 23:30:00+00:00,East Carolina,Tulsa,home,ppp,offense,41.0,15.0,2.7333333333333334,15.0,possessions,observed,,mixed_eligibility_drive,historically_reconstructed
2025,8,401762486,2025-10-16 23:30:00+00:00,Tulsa,East Carolina,away,ppp,offense,27.0,14.0,1.9285714285714286,14.0,possessions,observed,,mixed_eligibility_drive,historically_reconstructed
2025,8,401762487,2025-10-18 20:00:00+00:00,UAB,Memphis,home,ppp,offense,31.0,9.0,3.4444444444444446,9.0,possessions,observed,,mixed_eligibility_drive,historically_reconstructed
2025,8,401762487,2025-10-18 20:00:00+00:00,Memphis,UAB,away,ppp,offense,17.0,7.0,2.4285714285714284,7.0,possessions,observed,,mixed_eligibility_drive,historically_reconstructed
2025,8,401762488,2025-10-18 16:00:00+00:00,Tulane,Army,home,ppp,offense,24.0,8.0,3.0,8.0,possessions,observed,,mixed_eligibility_drive,historically_reconstructed
2025,8,401762488,2025-10-18 16:00:00+00:00,Army,Tulane,away,ppp,offense,17.0,8.0,2.125,8.0,possessions,observed,,mixed_eligibility_drive,historically_reconstructed
2025,8,401762489,2025-10-18 19:30:00+00:00,Charlotte,Temple,home,ppp,offense,7.0,7.0,1.0,7.0,possessions,observed,,mixed_eligibility_drive,historically_reconstructed
2025,8,401762489,2025-10-18 19:30:00+00:00,Temple,Charlotte,away,ppp,offense,14.0,7.0,,0.0,possessions,missing,unresolved_scoring_attribution,mixed_eligibility_drive,historically_reconstructed
2025,8,401762490,2025-10-18 23:30:00+00:00,South Florida,Florida Atlantic,home,ppp,offense,45.0,11.0,4.090909090909091,11.0,possessions,observed,,mixed_eligibility_drive,historically_reconstructed
2025,8,401762490,2025-10-18 23:30:00+00:00,Florida Atlantic,South Florida,away,ppp,offense,13.0,10.0,1.3,10.0,possessions,observed,,mixed_eligibility_drive,historically_reconstructed
2025,8,401762491,2025-10-18 19:30:00+00:00,North Texas,UT San Antonio,home,ppp,offense,34.0,11.0,3.090909090909091,11.0,possessions,observed,,mixed_eligibility_drive,historically_reconstructed
2025,8,401762491,2025-10-18 19:30:00+00:00,UT San Antonio,North Texas,away,ppp,offense,17.0,11.0,1.5454545454545454,11.0,possessions,observed,,mixed_eligibility_drive,historically_reconstructed
2025,8,401762838,2025-10-18 19:30:00+00:00,Ball State,Akron,home,ppp,offense,28.0,14.0,,0.0,possessions,missing,unresolved_scoring_attribution,mixed_eligibility_drive,historically_reconstructed
2025,8,401762838,2025-10-18 19:30:00+00:00,Akron,Ball State,away,ppp,offense,21.0,15.0,1.4,15.0,possessions,observed,,mixed_eligibility_drive,historically_reconstructed
2025,8,401762839,2025-10-18 16:00:00+00:00,Bowling Green,Central Michigan,home,ppp,offense,3.0,11.0,0.2727272727272727,11.0,possessions,observed,,mixed_eligibility_drive,historically_reconstructed
2025,8,401762839,2025-10-18 16:00:00+00:00,Central Michigan,Bowling Green,away,ppp,offense,10.0,11.0,0.9090909090909091,11.0,possessions,observed,,mixed_eligibility_drive,historically_reconstructed
2025,8,401762840,2025-10-18 18:30:00+00:00,UMass,Buffalo,home,ppp,offense,21.0,14.0,1.5,14.0,possessions,observed,,mixed_eligibility_drive,historically_reconstructed
2025,8,401762840,2025-10-18 18:30:00+00:00,Buffalo,UMass,away,ppp,offense,28.0,14.0,2.0,14.0,possessions,observed,,mixed_eligibility_drive,historically_reconstructed
2025,8,401762841,2025-10-18 16:00:00+00:00,Miami (OH),Eastern Michigan,home,ppp,offense,42.0,12.0,3.5,12.0,possessions,observed,,mixed_eligibility_drive,historically_reconstructed
2025,8,401762841,2025-10-18 16:00:00+00:00,Eastern Michigan,Miami (OH),away,ppp,offense,30.0,11.0,2.727272727272727,11.0,possessions,observed,,mixed_eligibility_drive,historically_reconstructed
2025,8,401762842,2025-10-18 18:00:00+00:00,Toledo,Kent State,home,ppp,offense,38.0,10.0,3.8,10.0,possessions,observed,,mixed_eligibility_drive,historically_reconstructed
2025,8,401762842,2025-10-18 18:00:00+00:00,Kent State,Toledo,away,ppp,offense,10.0,11.0,0.9090909090909091,11.0,possessions,observed,,mixed_eligibility_drive,historically_reconstructed
2025,8,401762843,2025-10-18 19:30:00+00:00,Ohio,Northern Illinois,home,ppp,offense,5.0,9.0,,0.0,possessions,missing,unresolved_scoring_attribution,mixed_eligibility_drive,historically_reconstructed
2025,8,401762843,2025-10-18 19:30:00+00:00,Northern Illinois,Ohio,away,ppp,offense,21.0,10.0,2.1,10.0,possessions,observed,,mixed_eligibility_drive,historically_reconstructed
2025,9,401752746,2025-10-25 16:45:00+00:00,Arkansas,Auburn,home,ppp,offense,17.0,10.0,1.7,10.0,possessions,observed,,mixed_eligibility_drive,historically_reconstructed
2025,9,401752746,2025-10-25 16:45:00+00:00,Auburn,Arkansas,away,ppp,offense,25.0,11.0,2.272727272727273,11.0,possessions,observed,,mixed_eligibility_drive,historically_reconstructed
2025,9,401752747,2025-10-25 23:45:00+00:00,Kentucky,Tennessee,home,ppp,offense,34.0,12.0,2.8333333333333335,12.0,possessions,observed,,mixed_eligibility_drive,historically_reconstructed
2025,9,401752747,2025-10-25 23:45:00+00:00,Tennessee,Kentucky,away,ppp,offense,49.0,11.0,4.454545454545454,11.0,possessions,observed,,mixed_eligibility_drive,historically_reconstructed
2025,9,401752748,2025-10-25 23:30:00+00:00,LSU,Texas A&M,home,ppp,offense,23.0,12.0,1.9166666666666667,12.0,possessions,observed,,mixed_eligibility_drive,historically_reconstructed
2025,9,401752748,2025-10-25 23:30:00+00:00,Texas A&M,LSU,away,ppp,offense,42.0,12.0,3.5,12.0,possessions,observed,,mixed_eligibility_drive,historically_reconstructed
2025,9,401752749,2025-10-25 20:15:00+00:00,Mississippi State,Texas,home,ppp,offense,7.0,16.0,,0.0,possessions,missing,unresolved_scoring_attribution,mixed_eligibility_drive,historically_reconstructed
2025,9,401752749,2025-10-25 20:15:00+00:00,Texas,Mississippi State,away,ppp,offense,7.0,16.0,,0.0,possessions,missing,unresolved_scoring_attribution,mixed_eligibility_drive,historically_reconstructed
2025,9,401752750,2025-10-25 16:00:00+00:00,Oklahoma,Ole Miss,home,ppp,offense,26.0,13.0,2.0,13.0,possessions,observed,,mixed_eligibility_drive,historically_reconstructed
2025,9,401752750,2025-10-25 16:00:00+00:00,Ole Miss,Oklahoma,away,ppp,offense,32.0,13.0,2.4615384615384617,13.0,possessions,observed,,mixed_eligibility_drive,historically_reconstructed
2025,9,401752751,2025-10-25 19:30:00+00:00,South Carolina,Alabama,home,ppp,offense,22.0,13.0,1.6923076923076923,13.0,possessions,observed,,mixed_eligibility_drive,historically_reconstructed
2025,9,401752751,2025-10-25 19:30:00+00:00,Alabama,South Carolina,away,ppp,offense,22.0,11.0,2.0,11.0,possessions,observed,,mixed_eligibility_drive,historically_reconstructed
2025,9,401752752,2025-10-25 19:30:00+00:00,Vanderbilt,Missouri,home,ppp,offense,17.0,10.0,1.7,10.0,possessions,observed,,mixed_eligibility_drive,historically_reconstructed
2025,9,401752752,2025-10-25 19:30:00+00:00,Missouri,Vanderbilt,away,ppp,offense,10.0,10.0,1.0,10.0,possessions,observed,,mixed_eligibility_drive,historically_reconstructed
2025,9,401752880,2025-10-25 19:30:00+00:00,Washington,Illinois,home,ppp,offense,42.0,8.0,5.25,8.0,possessions,observed,,mixed_eligibility_drive,historically_reconstructed
2025,9,401752880,2025-10-25 19:30:00+00:00,Illinois,Washington,away,ppp,offense,25.0,8.0,3.125,8.0,possessions,observed,,mixed_eligibility_drive,historically_reconstructed
2025,9,401752881,2025-10-25 23:30:00+00:00,Michigan State,Michigan,home,ppp,offense,20.0,13.0,1.5384615384615385,13.0,possessions,observed,,mixed_eligibility_drive,historically_reconstructed
2025,9,401752881,2025-10-25 23:30:00+00:00,Michigan,Michigan State,away,ppp,offense,31.0,14.0,2.2142857142857144,14.0,possessions,observed,,mixed_eligibility_drive,historically_reconstructed
2025,9,401752882,2025-10-25 19:30:00+00:00,Iowa,Minnesota,home,ppp,offense,20.0,8.0,2.5,8.0,possessions,observed,,mixed_eligibility_drive,historically_reconstructed
2025,9,401752882,2025-10-25 19:30:00+00:00,Minnesota,Iowa,away,ppp,offense,3.0,10.0,0.3,10.0,possessions,observed,,mixed_eligibility_drive,historically_reconstructed
2025,9,401752883,2025-10-25 16:00:00+00:00,Nebraska,Northwestern,home,ppp,offense,21.0,9.0,2.3333333333333335,9.0,possessions,observed,,mixed_eligibility_drive,historically_reconstructed
2025,9,401752883,2025-10-25 16:00:00+00:00,Northwestern,Nebraska,away,ppp,offense,21.0,10.0,2.1,10.0,possessions,observed,,mixed_eligibility_drive,historically_reconstructed
2025,9,401752884,2025-10-25 16:00:00+00:00,Purdue,Rutgers,home,ppp,offense,24.0,11.0,2.1818181818181817,11.0,possessions,observed,,mixed_eligibility_drive,historically_reconstructed
2025,9,401752884,2025-10-25 16:00:00+00:00,Rutgers,Purdue,away,ppp,offense,27.0,11.0,2.4545454545454546,11.0,possessions,observed,,mixed_eligibility_drive,historically_reconstructed
2025,9,401752885,2025-10-25 16:00:00+00:00,Indiana,UCLA,home,ppp,offense,35.0,7.0,5.0,7.0,possessions,observed,,mixed_eligibility_drive,historically_reconstructed
2025,9,401752885,2025-10-25 16:00:00+00:00,UCLA,Indiana,away,ppp,offense,3.0,8.0,0.375,8.0,possessions,observed,,mixed_eligibility_drive,historically_reconstructed
2025,9,401752886,2025-10-25 23:00:00+00:00,Oregon,Wisconsin,home,ppp,offense,14.0,9.0,1.5555555555555556,9.0,possessions,observed,,mixed_eligibility_drive,historically_reconstructed
2025,9,401752886,2025-10-25 23:00:00+00:00,Wisconsin,Oregon,away,ppp,offense,7.0,8.0,0.875,8.0,possessions,observed,,mixed_eligibility_drive,historically_reconstructed
2025,9,401752942,2025-10-25 16:00:00+00:00,Wake Forest,SMU,home,ppp,offense,13.0,17.0,0.7647058823529411,17.0,possessions,observed,,mixed_eligibility_drive,historically_reconstructed
2025,9,401752942,2025-10-25 16:00:00+00:00,SMU,Wake Forest,away,ppp,offense,12.0,17.0,0.7058823529411765,17.0,possessions,observed,,mixed_eligibility_drive,historically_reconstructed
2025,9,401752952,2025-10-25 19:30:00+00:00,Washington State,Toledo,home,ppp,offense,28.0,12.0,2.3333333333333335,12.0,possessions,observed,,mixed_eligibility_drive,historically_reconstructed
2025,9,401752952,2025-10-25 19:30:00+00:00,Toledo,Washington State,away,ppp,offense,7.0,11.0,0.6363636363636364,11.0,possessions,observed,,mixed_eligibility_drive,historically_reconstructed
2025,9,401754372,2025-10-24 23:30:00+00:00,Virginia Tech,California,home,ppp,offense,27.0,12.0,2.25,12.0,possessions,observed,,mixed_eligibility_drive,historically_reconstructed
2025,9,401754372,2025-10-24 23:30:00+00:00,California,Virginia Tech,away,ppp,offense,26.0,11.0,,0.0,possessions,missing,unresolved_scoring_attribution,mixed_eligibility_drive,historically_reconstructed
2025,9,401754570,2025-10-25 23:30:00+00:00,Louisville,Boston College,home,ppp,offense,38.0,17.0,2.235294117647059,17.0,possessions,observed,,mixed_eligibility_drive,historically_reconstructed
2025,9,401754570,2025-10-25 23:30:00+00:00,Boston College,Louisville,away,ppp,offense,24.0,16.0,1.5,16.0,possessions,observed,,mixed_eligibility_drive,historically_reconstructed
2025,9,401754571,2025-10-25 16:00:00+00:00,Georgia Tech,Syracuse,home,ppp,offense,41.0,11.0,3.727272727272727,11.0,possessions,observed,,mixed_eligibility_drive,historically_reconstructed
2025,9,401754571,2025-10-25 16:00:00+00:00,Syracuse,Georgia Tech,away,ppp,offense,16.0,10.0,1.6,10.0,possessions,observed,,mixed_eligibility_drive,historically_reconstructed
2025,9,401754572,2025-10-25 23:00:00+00:00,Miami,Stanford,home,ppp,offense,35.0,9.0,3.888888888888889,9.0,possessions,observed,,mixed_eligibility_drive,historically_reconstructed
2025,9,401754572,2025-10-25 23:00:00+00:00,Stanford,Miami,away,ppp,offense,7.0,9.0,0.7777777777777778,9.0,possessions,observed,,mixed_eligibility_drive,historically_reconstructed
2025,9,401754573,2025-10-25 16:00:00+00:00,North Carolina,Virginia,home,ppp,offense,10.0,13.0,0.7692307692307693,13.0,possessions,observed,,mixed_eligibility_drive,historically_reconstructed
2025,9,401754573,2025-10-25 16:00:00+00:00,Virginia,North Carolina,away,ppp,offense,10.0,14.0,0.7142857142857143,14.0,possessions,observed,,mixed_eligibility_drive,historically_reconstructed
2025,9,401754574,2025-10-25 19:30:00+00:00,Pittsburgh,NC State,home,ppp,offense,53.0,15.0,3.533333333333333,15.0,possessions,observed,,mixed_eligibility_drive,historically_reconstructed
2025,9,401754574,2025-10-25 19:30:00+00:00,NC State,Pittsburgh,away,ppp,offense,34.0,15.0,2.2666666666666666,15.0,possessions,observed,,mixed_eligibility_drive,historically_reconstructed
2025,9,401756929,2025-10-26 00:00:00+00:00,Arizona State,Houston,home,ppp,offense,16.0,11.0,1.4545454545454546,11.0,possessions,observed,,mixed_eligibility_drive,historically_reconstructed
2025,9,401756929,2025-10-26 00:00:00+00:00,Houston,Arizona State,away,ppp,offense,24.0,12.0,2.0,12.0,possessions,observed,,mixed_eligibility_drive,historically_reconstructed
2025,9,401756930,2025-10-25 20:00:00+00:00,Cincinnati,Baylor,home,ppp,offense,41.0,10.0,4.1,10.0,possessions,observed,,mixed_eligibility_drive,historically_reconstructed
2025,9,401756930,2025-10-25 20:00:00+00:00,Baylor,Cincinnati,away,ppp,offense,20.0,8.0,2.5,8.0,possessions,observed,,mixed_eligibility_drive,historically_reconstructed
2025,9,401756931,2025-10-25 19:30:00+00:00,Iowa State,BYU,home,ppp,offense,27.0,11.0,2.4545454545454546,11.0,possessions,observed,,mixed_eligibility_drive,historically_reconstructed
2025,9,401756931,2025-10-25 19:30:00+00:00,BYU,Iowa State,away,ppp,offense,7.0,11.0,,0.0,possessions,missing,unresolved_scoring_attribution,mixed_eligibility_drive,historically_reconstructed
2025,9,401756932,2025-10-25 16:00:00+00:00,Kansas,Kansas State,home,ppp,offense,17.0,12.0,1.4166666666666667,12.0,possessions,observed,,mixed_eligibility_drive,historically_reconstructed
2025,9,401756932,2025-10-25 16:00:00+00:00,Kansas State,Kansas,away,ppp,offense,35.0,11.0,3.1818181818181817,11.0,possessions,observed,,mixed_eligibility_drive,historically_reconstructed
2025,9,401756933,2025-10-25 20:00:00+00:00,Texas Tech,Oklahoma State,home,ppp,offense,21.0,8.0,2.625,8.0,possessions,observed,,mixed_eligibility_drive,historically_reconstructed
2025,9,401756933,2025-10-25 20:00:00+00:00,Oklahoma State,Texas Tech,away,ppp,offense,0.0,9.0,0.0,9.0,possessions,observed,,mixed_eligibility_drive,historically_reconstructed
2025,9,401756934,2025-10-26 02:15:00+00:00,Utah,Colorado,home,ppp,offense,17.0,8.0,,0.0,possessions,missing,unresolved_scoring_attribution,mixed_eligibility_drive,historically_reconstructed
2025,9,401756934,2025-10-26 02:15:00+00:00,Colorado,Utah,away,ppp,offense,0.0,8.0,0.0,8.0,possessions,observed,,mixed_eligibility_drive,historically_reconstructed
2025,9,401756935,2025-10-25 22:00:00+00:00,West Virginia,TCU,home,ppp,offense,10.0,11.0,0.9090909090909091,11.0,possessions,observed,,mixed_eligibility_drive,historically_reconstructed
2025,9,401756935,2025-10-25 22:00:00+00:00,TCU,West Virginia,away,ppp,offense,23.0,11.0,2.090909090909091,11.0,possessions,observed,,mixed_eligibility_drive,historically_reconstructed
2025,9,401757172,2025-10-25 19:00:00+00:00,Rice,Connecticut,home,ppp,offense,24.0,14.0,1.7142857142857142,14.0,possessions,observed,,mixed_eligibility_drive,historically_reconstructed
2025,9,401757172,2025-10-25 19:00:00+00:00,Connecticut,Rice,away,ppp,offense,24.0,14.0,1.7142857142857142,14.0,possessions,observed,,mixed_eligibility_drive,historically_reconstructed
2025,9,401757285,2025-10-21 23:00:00+00:00,Florida International,Kennesaw State,home,ppp,offense,25.0,12.0,2.0833333333333335,12.0,possessions,observed,,mixed_eligibility_drive,historically_reconstructed
2025,9,401757285,2025-10-21 23:00:00+00:00,Kennesaw State,Florida International,away,ppp,offense,45.0,13.0,3.4615384615384617,13.0,possessions,observed,,mixed_eligibility_drive,historically_reconstructed
2025,9,401757286,2025-10-21 23:30:00+00:00,Louisiana Tech,Western Kentucky,home,ppp,offense,13.0,10.0,1.3,10.0,possessions,observed,,mixed_eligibility_drive,historically_reconstructed
2025,9,401757286,2025-10-21 23:30:00+00:00,Western Kentucky,Louisiana Tech,away,ppp,offense,20.0,10.0,2.0,10.0,possessions,observed,,mixed_eligibility_drive,historically_reconstructed
2025,9,401757287,2025-10-22 23:30:00+00:00,Delaware,Middle Tennessee,home,ppp,offense,27.0,14.0,1.9285714285714286,14.0,possessions,observed,,mixed_eligibility_drive,historically_reconstructed
2025,9,401757287,2025-10-22 23:30:00+00:00,Middle Tennessee,Delaware,away,ppp,offense,28.0,13.0,2.1538461538461537,13.0,possessions,observed,,mixed_eligibility_drive,historically_reconstructed
2025,9,401757288,2025-10-23 01:00:00+00:00,New Mexico State,Missouri State,home,ppp,offense,17.0,12.0,1.4166666666666667,12.0,possessions,observed,,mixed_eligibility_drive,historically_reconstructed
2025,9,401757288,2025-10-23 01:00:00+00:00,Missouri State,New Mexico State,away,ppp,offense,17.0,13.0,1.3076923076923077,13.0,possessions,observed,,mixed_eligibility_drive,historically_reconstructed
2025,9,401760397,2025-10-25 02:00:00+00:00,Nevada,Boise State,home,ppp,offense,3.0,9.0,0.3333333333333333,9.0,possessions,observed,,mixed_eligibility_drive,historically_reconstructed
2025,9,401760397,2025-10-25 02:00:00+00:00,Boise State,Nevada,away,ppp,offense,21.0,12.0,1.75,12.0,possessions,observed,,mixed_eligibility_drive,historically_reconstructed
2025,9,401760398,2025-10-25 23:30:00+00:00,Wyoming,Colorado State,home,ppp,offense,28.0,9.0,3.111111111111111,9.0,possessions,observed,,mixed_eligibility_drive,historically_reconstructed
2025,9,401760398,2025-10-25 23:30:00+00:00,Colorado State,Wyoming,away,ppp,offense,0.0,8.0,0.0,8.0,possessions,observed,,mixed_eligibility_drive,historically_reconstructed
2025,9,401760399,2025-10-25 19:30:00+00:00,Fresno State,San Diego State,home,ppp,offense,0.0,12.0,0.0,12.0,possessions,observed,,mixed_eligibility_drive,historically_reconstructed
2025,9,401760399,2025-10-25 19:30:00+00:00,San Diego State,Fresno State,away,ppp,offense,16.0,11.0,1.4545454545454546,11.0,possessions,observed,,mixed_eligibility_drive,historically_reconstructed
2025,9,401760400,2025-10-25 19:00:00+00:00,New Mexico,Utah State,home,ppp,offense,24.0,10.0,2.4,10.0,possessions,observed,,mixed_eligibility_drive,historically_reconstructed
2025,9,401760400,2025-10-25 19:00:00+00:00,Utah State,New Mexico,away,ppp,offense,14.0,10.0,1.4,10.0,possessions,observed,,mixed_eligibility_drive,historically_reconstructed
2025,9,401761634,2025-10-23 23:30:00+00:00,Georgia State,South Alabama,home,ppp,offense,31.0,10.0,3.1,10.0,possessions,observed,,mixed_eligibility_drive,historically_reconstructed
2025,9,401761634,2025-10-23 23:30:00+00:00,South Alabama,Georgia State,away,ppp,offense,37.0,11.0,3.3636363636363638,11.0,possessions,observed,,mixed_eligibility_drive,historically_reconstructed
2025,9,401761635,2025-10-25 16:00:00+00:00,Old Dominion,Appalachian State,home,ppp,offense,24.0,12.0,2.0,12.0,possessions,observed,,mixed_eligibility_drive,historically_reconstructed
2025,9,401761635,2025-10-25 16:00:00+00:00,Appalachian State,Old Dominion,away,ppp,offense,21.0,11.0,1.9090909090909092,11.0,possessions,observed,,mixed_eligibility_drive,historically_reconstructed
2025,9,401761636,2025-10-25 23:00:00+00:00,Arkansas State,Georgia Southern,home,ppp,offense,34.0,11.0,3.090909090909091,11.0,possessions,observed,,mixed_eligibility_drive,historically_reconstructed
2025,9,401761636,2025-10-25 23:00:00+00:00,Georgia Southern,Arkansas State,away,ppp,offense,24.0,12.0,2.0,12.0,possessions,observed,,mixed_eligibility_drive,historically_reconstructed
2025,9,401761637,2025-10-25 19:30:00+00:00,Southern Mississippi,Louisiana Monroe,home,ppp,offense,49.0,11.0,4.454545454545454,11.0,possessions,observed,,mixed_eligibility_drive,historically_reconstructed
2025,9,401761637,2025-10-25 19:30:00+00:00,Louisiana Monroe,Southern Mississippi,away,ppp,offense,21.0,10.0,2.1,10.0,possessions,observed,,mixed_eligibility_drive,historically_reconstructed
2025,9,401761638,2025-10-25 23:00:00+00:00,Troy,Louisiana,home,ppp,offense,7.0,10.0,,0.0,possessions,missing,unresolved_scoring_attribution,mixed_eligibility_drive,historically_reconstructed
2025,9,401761638,2025-10-25 23:00:00+00:00,Louisiana,Troy,away,ppp,offense,23.0,11.0,2.090909090909091,11.0,possessions,observed,,mixed_eligibility_drive,historically_reconstructed
2025,9,401762492,2025-10-24 23:00:00+00:00,Charlotte,North Texas,home,ppp,offense,20.0,13.0,1.5384615384615385,13.0,possessions,observed,,mixed_eligibility_drive,historically_reconstructed
2025,9,401762492,2025-10-24 23:00:00+00:00,North Texas,Charlotte,away,ppp,offense,47.0,13.0,3.6153846153846154,13.0,possessions,observed,,mixed_eligibility_drive,historically_reconstructed
2025,9,401762493,2025-10-25 19:30:00+00:00,Navy,Florida Atlantic,home,ppp,offense,42.0,11.0,3.8181818181818183,11.0,possessions,observed,,mixed_eligibility_drive,historically_reconstructed
2025,9,401762493,2025-10-25 19:30:00+00:00,Florida Atlantic,Navy,away,ppp,offense,31.0,11.0,2.8181818181818183,11.0,possessions,observed,,mixed_eligibility_drive,historically_reconstructed
2025,9,401762494,2025-10-25 16:00:00+00:00,Memphis,South Florida,home,ppp,offense,34.0,12.0,2.8333333333333335,12.0,possessions,observed,,mixed_eligibility_drive,historically_reconstructed
2025,9,401762494,2025-10-25 16:00:00+00:00,South Florida,Memphis,away,ppp,offense,14.0,13.0,,0.0,possessions,missing,unresolved_scoring_attribution,mixed_eligibility_drive,historically_reconstructed
2025,9,401762495,2025-10-25 19:30:00+00:00,Tulsa,Temple,home,ppp,offense,31.0,12.0,2.5833333333333335,12.0,possessions,observed,,mixed_eligibility_drive,historically_reconstructed
2025,9,401762495,2025-10-25 19:30:00+00:00,Temple,Tulsa,away,ppp,offense,31.0,11.0,2.8181818181818183,11.0,possessions,observed,,mixed_eligibility_drive,historically_reconstructed
2025,9,401762844,2025-10-25 17:00:00+00:00,Buffalo,Akron,home,ppp,offense,14.0,16.0,0.875,16.0,possessions,observed,,mixed_eligibility_drive,historically_reconstructed
2025,9,401762844,2025-10-25 17:00:00+00:00,Akron,Buffalo,away,ppp,offense,24.0,17.0,1.411764705882353,17.0,possessions,observed,,mixed_eligibility_drive,historically_reconstructed
2025,9,401762845,2025-10-25 19:30:00+00:00,Northern Illinois,Ball State,home,ppp,offense,14.0,10.0,1.4,10.0,possessions,observed,,mixed_eligibility_drive,historically_reconstructed
2025,9,401762845,2025-10-25 19:30:00+00:00,Ball State,Northern Illinois,away,ppp,offense,7.0,11.0,0.6363636363636364,11.0,possessions,observed,,mixed_eligibility_drive,historically_reconstructed
2025,9,401762846,2025-10-25 16:00:00+00:00,Kent State,Bowling Green,home,ppp,offense,24.0,10.0,2.4,10.0,possessions,observed,,mixed_eligibility_drive,historically_reconstructed
2025,9,401762846,2025-10-25 16:00:00+00:00,Bowling Green,Kent State,away,ppp,offense,21.0,10.0,2.1,10.0,possessions,observed,,mixed_eligibility_drive,historically_reconstructed
2025,9,401762847,2025-10-25 19:30:00+00:00,Central Michigan,UMass,home,ppp,offense,38.0,12.0,3.1666666666666665,12.0,possessions,observed,,mixed_eligibility_drive,historically_reconstructed
2025,9,401762847,2025-10-25 19:30:00+00:00,UMass,Central Michigan,away,ppp,offense,13.0,12.0,1.0833333333333333,12.0,possessions,observed,,mixed_eligibility_drive,historically_reconstructed
2025,9,401762848,2025-10-25 16:00:00+00:00,Eastern Michigan,Ohio,home,ppp,offense,21.0,11.0,1.9090909090909092,11.0,possessions,observed,,mixed_eligibility_drive,historically_reconstructed
2025,9,401762848,2025-10-25 16:00:00+00:00,Ohio,Eastern Michigan,away,ppp,offense,28.0,12.0,2.3333333333333335,12.0,possessions,observed,,mixed_eligibility_drive,historically_reconstructed
2025,9,401762874,2025-10-25 19:30:00+00:00,Miami (OH),Western Michigan,home,ppp,offense,26.0,11.0,2.3636363636363638,11.0,possessions,observed,,mixed_eligibility_drive,historically_reconstructed
2025,9,401762874,2025-10-25 19:30:00+00:00,Western Michigan,Miami (OH),away,ppp,offense,17.0,10.0,1.7,10.0,possessions,observed,,mixed_eligibility_drive,historically_reconstructed
2025,10,401752753,2025-11-01 20:00:00+00:00,Arkansas,Mississippi State,home,ppp,offense,35.0,12.0,2.9166666666666665,12.0,possessions,observed,,mixed_eligibility_drive,historically_reconstructed
2025,10,401752753,2025-11-01 20:00:00+00:00,Mississippi State,Arkansas,away,ppp,offense,38.0,11.0,3.4545454545454546,11.0,possessions,observed,,mixed_eligibility_drive,historically_reconstructed
2025,10,401752754,2025-11-01 23:30:00+00:00,Auburn,Kentucky,home,ppp,offense,3.0,10.0,0.3,10.0,possessions,observed,,mixed_eligibility_drive,historically_reconstructed
2025,10,401752754,2025-11-01 23:30:00+00:00,Kentucky,Auburn,away,ppp,offense,10.0,11.0,0.9090909090909091,11.0,possessions,observed,,mixed_eligibility_drive,historically_reconstructed
2025,10,401752755,2025-11-01 19:30:00+00:00,Florida,Georgia,home,ppp,offense,0.0,12.0,,0.0,possessions,missing,unresolved_scoring_attribution,mixed_eligibility_drive,historically_reconstructed
2025,10,401752755,2025-11-01 19:30:00+00:00,Georgia,Florida,away,ppp,offense,24.0,12.0,2.0,12.0,possessions,observed,,mixed_eligibility_drive,historically_reconstructed
2025,10,401752756,2025-11-01 23:00:00+00:00,Ole Miss,South Carolina,home,ppp,offense,30.0,13.0,2.3076923076923075,13.0,possessions,observed,,mixed_eligibility_drive,historically_reconstructed
2025,10,401752756,2025-11-01 23:00:00+00:00,South Carolina,Ole Miss,away,ppp,offense,14.0,12.0,1.1666666666666667,12.0,possessions,observed,,mixed_eligibility_drive,historically_reconstructed
2025,10,401752757,2025-11-01 23:30:00+00:00,Tennessee,Oklahoma,home,ppp,offense,27.0,12.0,2.25,12.0,possessions,observed,,mixed_eligibility_drive,historically_reconstructed
2025,10,401752757,2025-11-01 23:30:00+00:00,Oklahoma,Tennessee,away,ppp,offense,26.0,12.0,2.1666666666666665,12.0,possessions,observed,,mixed_eligibility_drive,historically_reconstructed
2025,10,401752758,2025-11-01 16:00:00+00:00,Texas,Vanderbilt,home,ppp,offense,34.0,10.0,3.4,10.0,possessions,observed,,mixed_eligibility_drive,historically_reconstructed
2025,10,401752758,2025-11-01 16:00:00+00:00,Vanderbilt,Texas,away,ppp,offense,31.0,9.0,3.4444444444444446,9.0,possessions,observed,,mixed_eligibility_drive,historically_reconstructed
2025,10,401752887,2025-11-01 19:30:00+00:00,Maryland,Indiana,home,ppp,offense,10.0,9.0,1.1111111111111112,9.0,possessions,observed,,mixed_eligibility_drive,historically_reconstructed
2025,10,401752887,2025-11-01 19:30:00+00:00,Indiana,Maryland,away,ppp,offense,41.0,9.0,4.555555555555555,9.0,possessions,observed,,mixed_eligibility_drive,historically_reconstructed
2025,10,401752888,2025-11-01 19:30:00+00:00,Minnesota,Michigan State,home,ppp,offense,17.0,11.0,1.5454545454545454,11.0,possessions,observed,,mixed_eligibility_drive,historically_reconstructed
2025,10,401752888,2025-11-01 19:30:00+00:00,Michigan State,Minnesota,away,ppp,offense,17.0,12.0,1.4166666666666667,12.0,possessions,observed,,mixed_eligibility_drive,historically_reconstructed
2025,10,401752889,2025-11-01 16:00:00+00:00,Ohio State,Penn State,home,ppp,offense,38.0,9.0,4.222222222222222,9.0,possessions,observed,,mixed_eligibility_drive,historically_reconstructed
2025,10,401752889,2025-11-01 16:00:00+00:00,Penn State,Ohio State,away,ppp,offense,7.0,9.0,0.7777777777777778,9.0,possessions,observed,,mixed_eligibility_drive,historically_reconstructed
2025,10,401752890,2025-11-01 23:00:00+00:00,Michigan,Purdue,home,ppp,offense,21.0,10.0,2.1,10.0,possessions,observed,,mixed_eligibility_drive,historically_reconstructed
2025,10,401752890,2025-11-01 23:00:00+00:00,Purdue,Michigan,away,ppp,offense,16.0,10.0,1.6,10.0,possessions,observed,,mixed_eligibility_drive,historically_reconstructed
2025,10,401752891,2025-11-01 16:00:00+00:00,Illinois,Rutgers,home,ppp,offense,35.0,8.0,4.375,8.0,possessions,observed,,mixed_eligibility_drive,historically_reconstructed
2025,10,401752891,2025-11-01 16:00:00+00:00,Rutgers,Illinois,away,ppp,offense,13.0,9.0,1.4444444444444444,9.0,possessions,observed,,mixed_eligibility_drive,historically_reconstructed
2025,10,401752892,2025-11-01 23:30:00+00:00,Nebraska,USC,home,ppp,offense,17.0,11.0,1.5454545454545454,11.0,possessions,observed,,mixed_eligibility_drive,historically_reconstructed
2025,10,401752892,2025-11-01 23:30:00+00:00,USC,Nebraska,away,ppp,offense,21.0,11.0,1.9090909090909092,11.0,possessions,observed,,mixed_eligibility_drive,historically_reconstructed
2025,10,401752943,2025-11-01 23:30:00+00:00,Oregon State,Washington State,home,ppp,offense,10.0,13.0,0.7692307692307693,13.0,possessions,observed,,mixed_eligibility_drive,historically_reconstructed
2025,10,401752943,2025-11-01 23:30:00+00:00,Washington State,Oregon State,away,ppp,offense,7.0,13.0,0.5384615384615384,13.0,possessions,observed,,mixed_eligibility_drive,historically_reconstructed
2025,10,401754575,2025-10-31 23:30:00+00:00,Syracuse,North Carolina,home,ppp,offense,6.0,10.0,0.6,10.0,possessions,observed,,mixed_eligibility_drive,historically_reconstructed
2025,10,401754575,2025-10-31 23:30:00+00:00,North Carolina,Syracuse,away,ppp,offense,3.0,11.0,,0.0,possessions,missing,unresolved_scoring_attribution,mixed_eligibility_drive,historically_reconstructed
2025,10,401754576,2025-11-01 19:45:00+00:00,California,Virginia,home,ppp,offense,21.0,13.0,1.6153846153846154,13.0,possessions,observed,,mixed_eligibility_drive,historically_reconstructed
2025,10,401754576,2025-11-01 19:45:00+00:00,Virginia,California,away,ppp,offense,0.0,12.0,,0.0,possessions,missing,unresolved_scoring_attribution,mixed_eligibility_drive,historically_reconstructed
2025,10,401754577,2025-11-01 16:00:00+00:00,Clemson,Duke,home,ppp,offense,45.0,12.0,3.75,12.0,possessions,observed,,mixed_eligibility_drive,historically_reconstructed
2025,10,401754577,2025-11-01 16:00:00+00:00,Duke,Clemson,away,ppp,offense,32.0,10.0,3.2,10.0,possessions,observed,,mixed_eligibility_drive,historically_reconstructed
2025,10,401754578,2025-11-01 23:30:00+00:00,Florida State,Wake Forest,home,ppp,offense,35.0,8.0,4.375,8.0,possessions,observed,,mixed_eligibility_drive,historically_reconstructed
2025,10,401754578,2025-11-01 23:30:00+00:00,Wake Forest,Florida State,away,ppp,offense,0.0,8.0,0.0,8.0,possessions,observed,,mixed_eligibility_drive,historically_reconstructed
2025,10,401754579,2025-11-01 23:30:00+00:00,NC State,Georgia Tech,home,ppp,offense,41.0,10.0,4.1,10.0,possessions,observed,,mixed_eligibility_drive,historically_reconstructed
2025,10,401754579,2025-11-01 23:30:00+00:00,Georgia Tech,NC State,away,ppp,offense,36.0,10.0,3.6,10.0,possessions,observed,,mixed_eligibility_drive,historically_reconstructed
2025,10,401754580,2025-11-01 19:00:00+00:00,Virginia Tech,Louisville,home,ppp,offense,14.0,12.0,1.1666666666666667,12.0,possessions,observed,,mixed_eligibility_drive,historically_reconstructed
2025,10,401754580,2025-11-01 19:00:00+00:00,Louisville,Virginia Tech,away,ppp,offense,28.0,13.0,2.1538461538461537,13.0,possessions,observed,,mixed_eligibility_drive,historically_reconstructed
2025,10,401754581,2025-11-01 16:00:00+00:00,SMU,Miami,home,ppp,offense,20.0,12.0,1.6666666666666667,12.0,possessions,observed,,mixed_eligibility_drive,historically_reconstructed
2025,10,401754581,2025-11-01 16:00:00+00:00,Miami,SMU,away,ppp,offense,20.0,12.0,1.6666666666666667,12.0,possessions,observed,,mixed_eligibility_drive,historically_reconstructed
2025,10,401754582,2025-11-01 19:30:00+00:00,Stanford,Pittsburgh,home,ppp,offense,9.0,15.0,0.6,15.0,possessions,observed,,mixed_eligibility_drive,historically_reconstructed
2025,10,401754582,2025-11-01 19:30:00+00:00,Pittsburgh,Stanford,away,ppp,offense,28.0,14.0,2.0,14.0,possessions,observed,,mixed_eligibility_drive,historically_reconstructed
2025,10,401754583,2025-11-01 19:30:00+00:00,Boston College,Notre Dame,home,ppp,offense,10.0,10.0,1.0,10.0,possessions,observed,,mixed_eligibility_drive,historically_reconstructed
2025,10,401754583,2025-11-01 19:30:00+00:00,Notre Dame,Boston College,away,ppp,offense,25.0,11.0,2.272727272727273,11.0,possessions,observed,,mixed_eligibility_drive,historically_reconstructed
2025,10,401756936,2025-11-01 16:00:00+00:00,Baylor,UCF,home,ppp,offense,30.0,10.0,3.0,10.0,possessions,observed,,mixed_eligibility_drive,historically_reconstructed
2025,10,401756936,2025-11-01 16:00:00+00:00,UCF,Baylor,away,ppp,offense,3.0,10.0,0.3,10.0,possessions,observed,,mixed_eligibility_drive,historically_reconstructed
2025,10,401756937,2025-11-01 23:00:00+00:00,Colorado,Arizona,home,ppp,offense,14.0,10.0,1.4,10.0,possessions,observed,,mixed_eligibility_drive,historically_reconstructed
2025,10,401756937,2025-11-01 23:00:00+00:00,Arizona,Colorado,away,ppp,offense,52.0,10.0,5.2,10.0,possessions,observed,,mixed_eligibility_drive,historically_reconstructed
2025,10,401756938,2025-11-01 16:00:00+00:00,Houston,West Virginia,home,ppp,offense,35.0,13.0,2.6923076923076925,13.0,possessions,observed,,mixed_eligibility_drive,historically_reconstructed
2025,10,401756938,2025-11-01 16:00:00+00:00,West Virginia,Houston,away,ppp,offense,38.0,13.0,2.923076923076923,13.0,possessions,observed,,mixed_eligibility_drive,historically_reconstructed
2025,10,401756939,2025-11-01 17:00:00+00:00,Iowa State,Arizona State,home,ppp,offense,19.0,15.0,1.2666666666666666,15.0,possessions,observed,,mixed_eligibility_drive,historically_reconstructed
2025,10,401756939,2025-11-01 17:00:00+00:00,Arizona State,Iowa State,away,ppp,offense,24.0,15.0,1.6,15.0,possessions,observed,,mixed_eligibility_drive,historically_reconstructed
2025,10,401756940,2025-11-01 20:00:00+00:00,Kansas,Oklahoma State,home,ppp,offense,38.0,8.0,4.75,8.0,possessions,observed,,mixed_eligibility_drive,historically_reconstructed
2025,10,401756940,2025-11-01 20:00:00+00:00,Oklahoma State,Kansas,away,ppp,offense,21.0,7.0,3.0,7.0,possessions,observed,,mixed_eligibility_drive,historically_reconstructed
2025,10,401756941,2025-11-01 19:30:00+00:00,Kansas State,Texas Tech,home,ppp,offense,20.0,15.0,1.3333333333333333,15.0,possessions,observed,,mixed_eligibility_drive,historically_reconstructed
2025,10,401756941,2025-11-01 19:30:00+00:00,Texas Tech,Kansas State,away,ppp,offense,36.0,15.0,2.4,15.0,possessions,observed,,mixed_eligibility_drive,historically_reconstructed
2025,10,401756942,2025-11-02 02:15:00+00:00,Utah,Cincinnati,home,ppp,offense,38.0,11.0,3.4545454545454546,11.0,possessions,observed,,mixed_eligibility_drive,historically_reconstructed
2025,10,401756942,2025-11-02 02:15:00+00:00,Cincinnati,Utah,away,ppp,offense,14.0,13.0,1.0769230769230769,13.0,possessions,observed,,mixed_eligibility_drive,historically_reconstructed
2025,10,401757173,2025-11-01 16:00:00+00:00,Connecticut,UAB,home,ppp,offense,0.0,9.0,,0.0,possessions,missing,unresolved_scoring_attribution,mixed_eligibility_drive,historically_reconstructed
2025,10,401757173,2025-11-01 16:00:00+00:00,UAB,Connecticut,away,ppp,offense,0.0,10.0,,0.0,possessions,missing,unresolved_scoring_attribution,mixed_eligibility_drive,historically_reconstructed
2025,10,401757289,2025-10-29 00:00:00+00:00,Kennesaw State,UTEP,home,ppp,offense,17.0,12.0,1.4166666666666667,12.0,possessions,observed,,mixed_eligibility_drive,historically_reconstructed
2025,10,401757289,2025-10-29 00:00:00+00:00,UTEP,Kennesaw State,away,ppp,offense,20.0,15.0,1.3333333333333333,15.0,possessions,observed,,mixed_eligibility_drive,historically_reconstructed
2025,10,401757290,2025-11-01 00:00:00+00:00,Louisiana Tech,Sam Houston State,home,ppp,offense,41.0,9.0,4.555555555555555,9.0,possessions,observed,,mixed_eligibility_drive,historically_reconstructed
2025,10,401757290,2025-11-01 00:00:00+00:00,Sam Houston State,Louisiana Tech,away,ppp,offense,14.0,10.0,1.4,10.0,possessions,observed,,mixed_eligibility_drive,historically_reconstructed
2025,10,401757291,2025-10-30 00:00:00+00:00,Missouri State,Florida International,home,ppp,offense,28.0,14.0,2.0,14.0,possessions,observed,,mixed_eligibility_drive,historically_reconstructed
2025,10,401757291,2025-10-30 00:00:00+00:00,Florida International,Missouri State,away,ppp,offense,21.0,12.0,1.75,12.0,possessions,observed,,mixed_eligibility_drive,historically_reconstructed
2025,10,401757292,2025-10-29 23:30:00+00:00,Middle Tennessee,Jacksonville State,home,ppp,offense,7.0,9.0,0.7777777777777778,9.0,possessions,observed,,mixed_eligibility_drive,historically_reconstructed
2025,10,401757292,2025-10-29 23:30:00+00:00,Jacksonville State,Middle Tennessee,away,ppp,offense,10.0,9.0,,0.0,possessions,missing,unresolved_scoring_attribution,mixed_eligibility_drive,historically_reconstructed
2025,10,401757293,2025-11-01 19:30:00+00:00,Liberty,Delaware,home,ppp,offense,59.0,11.0,5.363636363636363,11.0,possessions,observed,,mixed_eligibility_drive,historically_reconstructed
2025,10,401757293,2025-11-01 19:30:00+00:00,Delaware,Liberty,away,ppp,offense,30.0,11.0,2.727272727272727,11.0,possessions,observed,,mixed_eligibility_drive,historically_reconstructed
2025,10,401757294,2025-11-01 19:30:00+00:00,Western Kentucky,New Mexico State,home,ppp,offense,35.0,15.0,2.3333333333333335,15.0,possessions,observed,,mixed_eligibility_drive,historically_reconstructed
2025,10,401757294,2025-11-01 19:30:00+00:00,New Mexico State,Western Kentucky,away,ppp,offense,9.0,14.0,0.6428571428571429,14.0,possessions,observed,,mixed_eligibility_drive,historically_reconstructed
2025,10,401760401,2025-11-01 16:00:00+00:00,Air Force,Army,home,ppp,offense,17.0,9.0,1.8888888888888888,9.0,possessions,observed,,mixed_eligibility_drive,historically_reconstructed
2025,10,401760401,2025-11-01 16:00:00+00:00,Army,Air Force,away,ppp,offense,20.0,10.0,2.0,10.0,possessions,observed,,mixed_eligibility_drive,historically_reconstructed
2025,10,401760402,2025-11-01 19:30:00+00:00,Boise State,Fresno State,home,ppp,offense,7.0,14.0,0.5,14.0,possessions,observed,,mixed_eligibility_drive,historically_reconstructed
2025,10,401760402,2025-11-01 19:30:00+00:00,Fresno State,Boise State,away,ppp,offense,30.0,15.0,2.0,15.0,possessions,observed,,mixed_eligibility_drive,historically_reconstructed
2025,10,401760403,2025-11-02 02:30:00+00:00,San Jose State,Hawai_i,home,ppp,offense,14.0,12.0,,0.0,possessions,missing,unresolved_scoring_attribution,mixed_eligibility_drive,historically_reconstructed
2025,10,401760403,2025-11-02 02:30:00+00:00,Hawai_i,San Jose State,away,ppp,offense,38.0,12.0,3.1666666666666665,12.0,possessions,observed,,mixed_eligibility_drive,historically_reconstructed
2025,10,401760404,2025-11-01 19:00:00+00:00,UNLV,New Mexico,home,ppp,offense,28.0,12.0,2.3333333333333335,12.0,possessions,observed,,mixed_eligibility_drive,historically_reconstructed
2025,10,401760404,2025-11-01 19:00:00+00:00,New Mexico,UNLV,away,ppp,offense,21.0,13.0,,0.0,possessions,missing,unresolved_scoring_attribution,mixed_eligibility_drive,historically_reconstructed
2025,10,401760405,2025-11-01 23:00:00+00:00,San Diego State,Wyoming,home,ppp,offense,24.0,15.0,1.6,15.0,possessions,observed,,mixed_eligibility_drive,historically_reconstructed
2025,10,401760405,2025-11-01 23:00:00+00:00,Wyoming,San Diego State,away,ppp,offense,7.0,15.0,0.4666666666666667,15.0,possessions,observed,,mixed_eligibility_drive,historically_reconstructed
2025,10,401761639,2025-10-29 00:00:00+00:00,Texas State,James Madison,home,ppp,offense,20.0,11.0,1.8181818181818181,11.0,possessions,observed,,mixed_eligibility_drive,historically_reconstructed
2025,10,401761639,2025-10-29 00:00:00+00:00,James Madison,Texas State,away,ppp,offense,52.0,11.0,4.7272727272727275,11.0,possessions,observed,,mixed_eligibility_drive,historically_reconstructed
2025,10,401761640,2025-10-30 23:30:00+00:00,Coastal Carolina,Marshall,home,ppp,offense,44.0,17.0,2.588235294117647,17.0,possessions,observed,,mixed_eligibility_drive,historically_reconstructed
2025,10,401761640,2025-10-30 23:30:00+00:00,Marshall,Coastal Carolina,away,ppp,offense,20.0,15.0,1.3333333333333333,15.0,possessions,observed,,mixed_eligibility_drive,historically_reconstructed
2025,10,401761641,2025-11-01 19:30:00+00:00,Louisiana Monroe,Old Dominion,home,ppp,offense,6.0,13.0,0.46153846153846156,13.0,possessions,observed,,mixed_eligibility_drive,historically_reconstructed
2025,10,401761641,2025-11-01 19:30:00+00:00,Old Dominion,Louisiana Monroe,away,ppp,offense,31.0,12.0,2.5833333333333335,12.0,possessions,observed,,mixed_eligibility_drive,historically_reconstructed
2025,10,401761642,2025-11-01 19:30:00+00:00,South Alabama,Louisiana,home,ppp,offense,22.0,10.0,2.2,10.0,possessions,observed,,mixed_eligibility_drive,historically_reconstructed
2025,10,401761642,2025-11-01 19:30:00+00:00,Louisiana,South Alabama,away,ppp,offense,31.0,10.0,3.1,10.0,possessions,observed,,mixed_eligibility_drive,historically_reconstructed
2025,10,401761643,2025-11-02 00:00:00+00:00,Troy,Arkansas State,home,ppp,offense,10.0,13.0,0.7692307692307693,13.0,possessions,observed,,mixed_eligibility_drive,historically_reconstructed
2025,10,401761643,2025-11-02 00:00:00+00:00,Arkansas State,Troy,away,ppp,offense,23.0,13.0,1.7692307692307692,13.0,possessions,observed,,mixed_eligibility_drive,historically_reconstructed
2025,10,401762443,2025-10-30 23:30:00+00:00,UT San Antonio,Tulane,home,ppp,offense,48.0,13.0,3.6923076923076925,13.0,possessions,observed,,mixed_eligibility_drive,historically_reconstructed
2025,10,401762443,2025-10-30 23:30:00+00:00,Tulane,UT San Antonio,away,ppp,offense,26.0,12.0,2.1666666666666665,12.0,possessions,observed,,mixed_eligibility_drive,historically_reconstructed
2025,10,401762497,2025-10-31 23:00:00+00:00,Rice,Memphis,home,ppp,offense,14.0,11.0,1.2727272727272727,11.0,possessions,observed,,mixed_eligibility_drive,historically_reconstructed
2025,10,401762497,2025-10-31 23:00:00+00:00,Memphis,Rice,away,ppp,offense,38.0,11.0,3.4545454545454546,11.0,possessions,observed,,mixed_eligibility_drive,historically_reconstructed
2025,10,401762498,2025-11-01 18:00:00+00:00,Temple,East Carolina,home,ppp,offense,14.0,10.0,1.4,10.0,possessions,observed,,mixed_eligibility_drive,historically_reconstructed
2025,10,401762498,2025-11-01 18:00:00+00:00,East Carolina,Temple,away,ppp,offense,28.0,11.0,,0.0,possessions,missing,unresolved_scoring_attribution,mixed_eligibility_drive,historically_reconstructed
2025,10,401762499,2025-11-01 16:00:00+00:00,North Texas,Navy,home,ppp,offense,31.0,9.0,3.4444444444444446,9.0,possessions,observed,,mixed_eligibility_drive,historically_reconstructed
2025,10,401762499,2025-11-01 16:00:00+00:00,Navy,North Texas,away,ppp,offense,17.0,8.0,2.125,8.0,possessions,observed,,mixed_eligibility_drive,historically_reconstructed
2025,10,401762849,2025-11-01 16:00:00+00:00,Bowling Green,Buffalo,home,ppp,offense,3.0,15.0,0.2,15.0,possessions,observed,,mixed_eligibility_drive,historically_reconstructed
2025,10,401762849,2025-11-01 16:00:00+00:00,Buffalo,Bowling Green,away,ppp,offense,21.0,12.0,1.75,12.0,possessions,observed,,mixed_eligibility_drive,historically_reconstructed
2025,10,401762850,2025-11-01 20:00:00+00:00,Western Michigan,Central Michigan,home,ppp,offense,24.0,9.0,2.6666666666666665,9.0,possessions,observed,,mixed_eligibility_drive,historically_reconstructed
2025,10,401762850,2025-11-01 20:00:00+00:00,Central Michigan,Western Michigan,away,ppp,offense,21.0,9.0,2.3333333333333335,9.0,possessions,observed,,mixed_eligibility_drive,historically_reconstructed
2025,11,401752759,2025-11-09 00:30:00+00:00,Alabama,LSU,home,ppp,offense,20.0,11.0,1.8181818181818181,11.0,possessions,observed,,mixed_eligibility_drive,historically_reconstructed
2025,11,401752759,2025-11-09 00:30:00+00:00,LSU,Alabama,away,ppp,offense,9.0,11.0,0.8181818181818182,11.0,possessions,observed,,mixed_eligibility_drive,historically_reconstructed
2025,11,401752760,2025-11-09 00:30:00+00:00,Kentucky,Florida,home,ppp,offense,38.0,8.0,4.75,8.0,possessions,observed,,mixed_eligibility_drive,historically_reconstructed
2025,11,401752760,2025-11-09 00:30:00+00:00,Florida,Kentucky,away,ppp,offense,7.0,9.0,0.7777777777777778,9.0,possessions,observed,,mixed_eligibility_drive,historically_reconstructed
2025,11,401752761,2025-11-08 18:00:00+00:00,Ole Miss,The Citadel,home,ppp,offense,35.0,6.0,5.833333333333333,6.0,possessions,observed,,mixed_eligibility_drive,historically_reconstructed
2025,11,401752761,2025-11-08 18:00:00+00:00,The Citadel,Ole Miss,away,ppp,offense,0.0,6.0,0.0,6.0,possessions,observed,,mixed_eligibility_drive,historically_reconstructed
2025,11,401752762,2025-11-08 17:00:00+00:00,Mississippi State,Georgia,home,ppp,offense,21.0,10.0,2.1,10.0,possessions,observed,,mixed_eligibility_drive,historically_reconstructed
2025,11,401752762,2025-11-08 17:00:00+00:00,Georgia,Mississippi State,away,ppp,offense,41.0,10.0,4.1,10.0,possessions,observed,,mixed_eligibility_drive,historically_reconstructed
2025,11,401752763,2025-11-08 20:30:00+00:00,Missouri,Texas A&M,home,ppp,offense,17.0,12.0,1.4166666666666667,12.0,possessions,observed,,mixed_eligibility_drive,historically_reconstructed
2025,11,401752763,2025-11-08 20:30:00+00:00,Texas A&M,Missouri,away,ppp,offense,38.0,12.0,3.1666666666666665,12.0,possessions,observed,,mixed_eligibility_drive,historically_reconstructed
2025,11,401752764,2025-11-08 21:00:00+00:00,Vanderbilt,Auburn,home,ppp,offense,38.0,10.0,3.8,10.0,possessions,observed,,mixed_eligibility_drive,historically_reconstructed
2025,11,401752764,2025-11-08 21:00:00+00:00,Auburn,Vanderbilt,away,ppp,offense,38.0,11.0,3.4545454545454546,11.0,possessions,observed,,mixed_eligibility_drive,historically_reconstructed
2025,11,401752893,2025-11-08 17:00:00+00:00,Penn State,Indiana,home,ppp,offense,24.0,11.0,2.1818181818181817,11.0,possessions,observed,,mixed_eligibility_drive,historically_reconstructed
2025,11,401752893,2025-11-08 17:00:00+00:00,Indiana,Penn State,away,ppp,offense,27.0,10.0,2.7,10.0,possessions,observed,,mixed_eligibility_drive,historically_reconstructed
2025,11,401752894,2025-11-08 19:30:00+00:00,Rutgers,Maryland,home,ppp,offense,35.0,10.0,3.5,10.0,possessions,observed,,mixed_eligibility_drive,historically_reconstructed
2025,11,401752894,2025-11-08 19:30:00+00:00,Maryland,Rutgers,away,ppp,offense,20.0,10.0,2.0,10.0,possessions,observed,,mixed_eligibility_drive,historically_reconstructed
2025,11,401752895,2025-11-09 02:00:00+00:00,UCLA,Nebraska,home,ppp,offense,21.0,7.0,3.0,7.0,possessions,observed,,mixed_eligibility_drive,historically_reconstructed
2025,11,401752895,2025-11-09 02:00:00+00:00,Nebraska,UCLA,away,ppp,offense,28.0,8.0,3.5,8.0,possessions,observed,,mixed_eligibility_drive,historically_reconstructed
2025,11,401752896,2025-11-08 02:00:00+00:00,USC,Northwestern,home,ppp,offense,38.0,10.0,3.8,10.0,possessions,observed,,mixed_eligibility_drive,historically_reconstructed
2025,11,401752896,2025-11-08 02:00:00+00:00,Northwestern,USC,away,ppp,offense,17.0,9.0,1.8888888888888888,9.0,possessions,observed,,mixed_eligibility_drive,historically_reconstructed
2025,11,401752897,2025-11-08 18:00:00+00:00,Purdue,Ohio State,home,ppp,offense,10.0,8.0,1.25,8.0,possessions,observed,,mixed_eligibility_drive,historically_reconstructed
2025,11,401752897,2025-11-08 18:00:00+00:00,Ohio State,Purdue,away,ppp,offense,34.0,9.0,3.7777777777777777,9.0,possessions,observed,,mixed_eligibility_drive,historically_reconstructed
2025,11,401752898,2025-11-08 20:30:00+00:00,Iowa,Oregon,home,ppp,offense,14.0,8.0,1.75,8.0,possessions,observed,,mixed_eligibility_drive,historically_reconstructed
2025,11,401752898,2025-11-08 20:30:00+00:00,Oregon,Iowa,away,ppp,offense,16.0,10.0,1.6,10.0,possessions,observed,,mixed_eligibility_drive,historically_reconstructed
2025,11,401752899,2025-11-08 21:30:00+00:00,Wisconsin,Washington,home,ppp,offense,13.0,13.0,1.0,13.0,possessions,observed,,mixed_eligibility_drive,historically_reconstructed
2025,11,401752899,2025-11-08 21:30:00+00:00,Washington,Wisconsin,away,ppp,offense,10.0,12.0,0.8333333333333334,12.0,possessions,observed,,mixed_eligibility_drive,historically_reconstructed
2025,11,401752944,2025-11-09 03:00:00+00:00,Oregon State,Sam Houston State,home,ppp,offense,17.0,14.0,1.2142857142857142,14.0,possessions,observed,,mixed_eligibility_drive,historically_reconstructed
2025,11,401752944,2025-11-09 03:00:00+00:00,Sam Houston State,Oregon State,away,ppp,offense,7.0,12.0,0.5833333333333334,12.0,possessions,observed,,mixed_eligibility_drive,historically_reconstructed
2025,11,401754584,2025-11-08 17:00:00+00:00,Boston College,SMU,home,ppp,offense,13.0,12.0,1.0833333333333333,12.0,possessions,observed,,mixed_eligibility_drive,historically_reconstructed
2025,11,401754584,2025-11-08 17:00:00+00:00,SMU,Boston College,away,ppp,offense,45.0,12.0,3.75,12.0,possessions,observed,,mixed_eligibility_drive,historically_reconstructed
2025,11,401754585,2025-11-09 00:00:00+00:00,Louisville,California,home,ppp,offense,23.0,12.0,1.9166666666666667,12.0,possessions,observed,,mixed_eligibility_drive,historically_reconstructed
2025,11,401754585,2025-11-09 00:00:00+00:00,California,Louisville,away,ppp,offense,23.0,11.0,2.090909090909091,11.0,possessions,observed,,mixed_eligibility_drive,historically_reconstructed
2025,11,401754586,2025-11-09 00:00:00+00:00,Clemson,Florida State,home,ppp,offense,24.0,12.0,2.0,12.0,possessions,observed,,mixed_eligibility_drive,historically_reconstructed
2025,11,401754586,2025-11-09 00:00:00+00:00,Florida State,Clemson,away,ppp,offense,10.0,12.0,0.8333333333333334,12.0,possessions,observed,,mixed_eligibility_drive,historically_reconstructed
2025,11,401754587,2025-11-08 20:30:00+00:00,Miami,Syracuse,home,ppp,offense,23.0,9.0,2.5555555555555554,9.0,possessions,observed,,mixed_eligibility_drive,historically_reconstructed
2025,11,401754587,2025-11-08 20:30:00+00:00,Syracuse,Miami,away,ppp,offense,3.0,9.0,0.3333333333333333,9.0,possessions,observed,,mixed_eligibility_drive,historically_reconstructed
2025,11,401754588,2025-11-08 21:30:00+00:00,North Carolina,Stanford,home,ppp,offense,20.0,11.0,1.8181818181818181,11.0,possessions,observed,,mixed_eligibility_drive,historically_reconstructed
2025,11,401754588,2025-11-08 21:30:00+00:00,Stanford,North Carolina,away,ppp,offense,15.0,12.0,1.25,12.0,possessions,observed,,mixed_eligibility_drive,historically_reconstructed
2025,11,401754589,2025-11-09 00:00:00+00:00,Virginia,Wake Forest,home,ppp,offense,9.0,13.0,0.6923076923076923,13.0,possessions,observed,,mixed_eligibility_drive,historically_reconstructed
2025,11,401754589,2025-11-09 00:00:00+00:00,Wake Forest,Virginia,away,ppp,offense,9.0,12.0,0.75,12.0,possessions,observed,,mixed_eligibility_drive,historically_reconstructed
2025,11,401754590,2025-11-08 20:30:00+00:00,Connecticut,Duke,home,ppp,offense,37.0,12.0,3.0833333333333335,12.0,possessions,observed,,mixed_eligibility_drive,historically_reconstructed
2025,11,401754590,2025-11-08 20:30:00+00:00,Duke,Connecticut,away,ppp,offense,34.0,11.0,3.090909090909091,11.0,possessions,observed,,mixed_eligibility_drive,historically_reconstructed
2025,11,401756943,2025-11-08 20:30:00+00:00,Arizona,Kansas,home,ppp,offense,24.0,11.0,2.1818181818181817,11.0,possessions,observed,,mixed_eligibility_drive,historically_reconstructed
2025,11,401756943,2025-11-08 20:30:00+00:00,Kansas,Arizona,away,ppp,offense,20.0,12.0,1.6666666666666667,12.0,possessions,observed,,mixed_eligibility_drive,historically_reconstructed
2025,11,401756944,2025-11-08 20:30:00+00:00,TCU,Iowa State,home,ppp,offense,17.0,11.0,1.5454545454545454,11.0,possessions,observed,,mixed_eligibility_drive,historically_reconstructed
2025,11,401756944,2025-11-08 20:30:00+00:00,Iowa State,TCU,away,ppp,offense,12.0,10.0,1.2,10.0,possessions,observed,,mixed_eligibility_drive,historically_reconstructed
2025,11,401756945,2025-11-08 17:00:00+00:00,Texas Tech,BYU,home,ppp,offense,29.0,14.0,2.0714285714285716,14.0,possessions,observed,,mixed_eligibility_drive,historically_reconstructed
2025,11,401756945,2025-11-08 17:00:00+00:00,BYU,Texas Tech,away,ppp,offense,6.0,12.0,0.5,12.0,possessions,observed,,mixed_eligibility_drive,historically_reconstructed
2025,11,401756946,2025-11-08 01:00:00+00:00,UCF,Houston,home,ppp,offense,20.0,13.0,1.5384615384615385,13.0,possessions,observed,,mixed_eligibility_drive,historically_reconstructed
2025,11,401756946,2025-11-08 01:00:00+00:00,Houston,UCF,away,ppp,offense,23.0,13.0,1.7692307692307692,13.0,possessions,observed,,mixed_eligibility_drive,historically_reconstructed
2025,11,401756947,2025-11-08 17:00:00+00:00,West Virginia,Colorado,home,ppp,offense,27.0,14.0,1.9285714285714286,14.0,possessions,observed,,mixed_eligibility_drive,historically_reconstructed
2025,11,401756947,2025-11-08 17:00:00+00:00,Colorado,West Virginia,away,ppp,offense,22.0,13.0,1.6923076923076923,13.0,possessions,observed,,mixed_eligibility_drive,historically_reconstructed
2025,11,401757166,2025-11-09 00:30:00+00:00,Notre Dame,Navy,home,ppp,offense,49.0,9.0,5.444444444444445,9.0,possessions,observed,,mixed_eligibility_drive,historically_reconstructed
2025,11,401757166,2025-11-09 00:30:00+00:00,Navy,Notre Dame,away,ppp,offense,10.0,8.0,1.25,8.0,possessions,observed,,mixed_eligibility_drive,historically_reconstructed
2025,11,401757295,2025-11-08 20:00:00+00:00,Delaware,Louisiana Tech,home,ppp,offense,16.0,12.0,,0.0,possessions,missing,unresolved_scoring_attribution,mixed_eligibility_drive,historically_reconstructed
2025,11,401757295,2025-11-08 20:00:00+00:00,Louisiana Tech,Delaware,away,ppp,offense,10.0,11.0,,0.0,possessions,missing,unresolved_scoring_attribution,mixed_eligibility_drive,historically_reconstructed
2025,11,401757296,2025-11-08 20:00:00+00:00,Middle Tennessee,Florida International,home,ppp,offense,30.0,15.0,2.0,15.0,possessions,observed,,mixed_eligibility_drive,historically_reconstructed
2025,11,401757296,2025-11-08 20:00:00+00:00,Florida International,Middle Tennessee,away,ppp,offense,55.0,16.0,3.4375,16.0,possessions,observed,,mixed_eligibility_drive,historically_reconstructed
2025,11,401757297,2025-11-08 20:00:00+00:00,UTEP,Jacksonville State,home,ppp,offense,12.0,12.0,,0.0,possessions,missing,unresolved_scoring_attribution,mixed_eligibility_drive,historically_reconstructed
2025,11,401757297,2025-11-08 20:00:00+00:00,Jacksonville State,UTEP,away,ppp,offense,23.0,11.0,2.090909090909091,11.0,possessions,observed,,mixed_eligibility_drive,historically_reconstructed
2025,11,401757298,2025-11-08 21:00:00+00:00,New Mexico State,Kennesaw State,home,ppp,offense,21.0,14.0,1.5,14.0,possessions,observed,,mixed_eligibility_drive,historically_reconstructed
2025,11,401757298,2025-11-08 21:00:00+00:00,Kennesaw State,New Mexico State,away,ppp,offense,24.0,14.0,1.7142857142857142,14.0,possessions,observed,,mixed_eligibility_drive,historically_reconstructed
2025,11,401757299,2025-11-08 18:00:00+00:00,Liberty,Missouri State,home,ppp,offense,17.0,12.0,1.4166666666666667,12.0,possessions,observed,,mixed_eligibility_drive,historically_reconstructed
2025,11,401757299,2025-11-08 18:00:00+00:00,Missouri State,Liberty,away,ppp,offense,21.0,11.0,1.9090909090909092,11.0,possessions,observed,,mixed_eligibility_drive,historically_reconstructed
2025,11,401760406,2025-11-08 23:00:00+00:00,San Jose State,Air Force,home,ppp,offense,16.0,10.0,1.6,10.0,possessions,observed,,mixed_eligibility_drive,historically_reconstructed
2025,11,401760406,2025-11-08 23:00:00+00:00,Air Force,San Jose State,away,ppp,offense,24.0,9.0,2.6666666666666665,9.0,possessions,observed,,mixed_eligibility_drive,historically_reconstructed
2025,11,401760407,2025-11-09 02:30:00+00:00,Colorado State,UNLV,home,ppp,offense,10.0,10.0,1.0,10.0,possessions,observed,,mixed_eligibility_drive,historically_reconstructed
2025,11,401760407,2025-11-09 02:30:00+00:00,UNLV,Colorado State,away,ppp,offense,42.0,10.0,4.2,10.0,possessions,observed,,mixed_eligibility_drive,historically_reconstructed
2025,11,401760408,2025-11-09 04:00:00+00:00,Hawai_i,San Diego State,home,ppp,offense,24.0,10.0,2.4,10.0,possessions,observed,,mixed_eligibility_drive,historically_reconstructed
2025,11,401760408,2025-11-09 04:00:00+00:00,San Diego State,Hawai_i,away,ppp,offense,6.0,11.0,0.5454545454545454,11.0,possessions,observed,,mixed_eligibility_drive,historically_reconstructed
2025,11,401760409,2025-11-09 00:30:00+00:00,Utah State,Nevada,home,ppp,offense,34.0,7.0,4.857142857142857,7.0,possessions,observed,,mixed_eligibility_drive,historically_reconstructed
2025,11,401760409,2025-11-09 00:30:00+00:00,Nevada,Utah State,away,ppp,offense,0.0,8.0,0.0,8.0,possessions,observed,,mixed_eligibility_drive,historically_reconstructed
2025,11,401761644,2025-11-07 00:30:00+00:00,Appalachian State,Georgia Southern,home,ppp,offense,23.0,11.0,2.090909090909091,11.0,possessions,observed,,mixed_eligibility_drive,historically_reconstructed
2025,11,401761644,2025-11-07 00:30:00+00:00,Georgia Southern,Appalachian State,away,ppp,offense,25.0,11.0,2.272727272727273,11.0,possessions,observed,,mixed_eligibility_drive,historically_reconstructed
2025,11,401761645,2025-11-08 21:00:00+00:00,Coastal Carolina,Georgia State,home,ppp,offense,40.0,12.0,3.3333333333333335,12.0,possessions,observed,,mixed_eligibility_drive,historically_reconstructed
2025,11,401761645,2025-11-08 21:00:00+00:00,Georgia State,Coastal Carolina,away,ppp,offense,27.0,14.0,1.9285714285714286,14.0,possessions,observed,,mixed_eligibility_drive,historically_reconstructed
2025,11,401761646,2025-11-08 17:00:00+00:00,Marshall,James Madison,home,ppp,offense,23.0,12.0,1.9166666666666667,12.0,possessions,observed,,mixed_eligibility_drive,historically_reconstructed
2025,11,401761646,2025-11-08 17:00:00+00:00,James Madison,Marshall,away,ppp,offense,35.0,12.0,2.9166666666666665,12.0,possessions,observed,,mixed_eligibility_drive,historically_reconstructed
2025,11,401761647,2025-11-08 17:00:00+00:00,Arkansas State,Southern Mississippi,home,ppp,offense,21.0,15.0,1.4,15.0,possessions,observed,,mixed_eligibility_drive,historically_reconstructed
2025,11,401761647,2025-11-08 17:00:00+00:00,Southern Mississippi,Arkansas State,away,ppp,offense,20.0,14.0,1.4285714285714286,14.0,possessions,observed,,mixed_eligibility_drive,historically_reconstructed
2025,11,401761648,2025-11-08 22:00:00+00:00,Louisiana,Texas State,home,ppp,offense,7.0,12.0,,0.0,possessions,missing,unresolved_scoring_attribution,mixed_eligibility_drive,historically_reconstructed
2025,11,401761648,2025-11-08 22:00:00+00:00,Texas State,Louisiana,away,ppp,offense,0.0,12.0,,0.0,possessions,missing,unresolved_scoring_attribution,mixed_eligibility_drive,historically_reconstructed
2025,11,401762500,2025-11-07 00:30:00+00:00,South Florida,UT San Antonio,home,ppp,offense,31.0,5.0,6.2,5.0,possessions,observed,,mixed_eligibility_drive,historically_reconstructed
2025,11,401762500,2025-11-07 00:30:00+00:00,UT San Antonio,South Florida,away,ppp,offense,10.0,8.0,1.25,8.0,possessions,observed,,mixed_eligibility_drive,historically_reconstructed
2025,11,401762501,2025-11-08 02:00:00+00:00,Memphis,Tulane,home,ppp,offense,32.0,12.0,2.6666666666666665,12.0,possessions,observed,,mixed_eligibility_drive,historically_reconstructed
2025,11,401762501,2025-11-08 02:00:00+00:00,Tulane,Memphis,away,ppp,offense,38.0,12.0,3.1666666666666665,12.0,possessions,observed,,mixed_eligibility_drive,historically_reconstructed
2025,11,401762502,2025-11-08 19:00:00+00:00,Rice,UAB,home,ppp,offense,17.0,10.0,1.7,10.0,possessions,observed,,mixed_eligibility_drive,historically_reconstructed
2025,11,401762502,2025-11-08 19:00:00+00:00,UAB,Rice,away,ppp,offense,17.0,11.0,1.5454545454545454,11.0,possessions,observed,,mixed_eligibility_drive,historically_reconstructed
2025,11,401762503,2025-11-08 17:00:00+00:00,Army,Temple,home,ppp,offense,14.0,6.0,2.3333333333333335,6.0,possessions,observed,,mixed_eligibility_drive,historically_reconstructed
2025,11,401762503,2025-11-08 17:00:00+00:00,Temple,Army,away,ppp,offense,13.0,6.0,2.1666666666666665,6.0,possessions,observed,,mixed_eligibility_drive,historically_reconstructed
2025,11,401762504,2025-11-08 20:00:00+00:00,East Carolina,Charlotte,home,ppp,offense,41.0,14.0,2.9285714285714284,14.0,possessions,observed,,mixed_eligibility_drive,historically_reconstructed
2025,11,401762504,2025-11-08 20:00:00+00:00,Charlotte,East Carolina,away,ppp,offense,22.0,15.0,1.4666666666666666,15.0,possessions,observed,,mixed_eligibility_drive,historically_reconstructed
2025,11,401762505,2025-11-08 20:00:00+00:00,Florida Atlantic,Tulsa,home,ppp,offense,33.0,12.0,2.75,12.0,possessions,observed,,mixed_eligibility_drive,historically_reconstructed
2025,11,401762505,2025-11-08 20:00:00+00:00,Tulsa,Florida Atlantic,away,ppp,offense,21.0,13.0,1.6153846153846154,13.0,possessions,observed,,mixed_eligibility_drive,historically_reconstructed
2025,11,401762851,2025-11-05 00:00:00+00:00,Akron,UMass,home,ppp,offense,27.0,10.0,,0.0,possessions,missing,unresolved_scoring_attribution,mixed_eligibility_drive,historically_reconstructed
2025,11,401762851,2025-11-05 00:00:00+00:00,UMass,Akron,away,ppp,offense,10.0,10.0,1.0,10.0,possessions,observed,,mixed_eligibility_drive,historically_reconstructed
2025,11,401762852,2025-11-05 00:00:00+00:00,Ohio,Miami (OH),home,ppp,offense,14.0,8.0,1.75,8.0,possessions,observed,,mixed_eligibility_drive,historically_reconstructed
2025,11,401762852,2025-11-05 00:00:00+00:00,Miami (OH),Ohio,away,ppp,offense,17.0,9.0,1.8888888888888888,9.0,possessions,observed,,mixed_eligibility_drive,historically_reconstructed
2025,11,401762853,2025-11-06 00:00:00+00:00,Ball State,Kent State,home,ppp,offense,17.0,12.0,1.4166666666666667,12.0,possessions,observed,,mixed_eligibility_drive,historically_reconstructed
2025,11,401762853,2025-11-06 00:00:00+00:00,Kent State,Ball State,away,ppp,offense,13.0,12.0,1.0833333333333333,12.0,possessions,observed,,mixed_eligibility_drive,historically_reconstructed
2025,11,401762854,2025-11-06 00:00:00+00:00,Toledo,Northern Illinois,home,ppp,offense,35.0,8.0,4.375,8.0,possessions,observed,,mixed_eligibility_drive,historically_reconstructed
2025,11,401762854,2025-11-06 00:00:00+00:00,Northern Illinois,Toledo,away,ppp,offense,0.0,10.0,0.0,10.0,possessions,observed,,mixed_eligibility_drive,historically_reconstructed
2025,11,401762855,2025-11-08 18:00:00+00:00,Eastern Michigan,Bowling Green,home,ppp,offense,27.0,11.0,2.4545454545454546,11.0,possessions,observed,,mixed_eligibility_drive,historically_reconstructed
2025,11,401762855,2025-11-08 18:00:00+00:00,Bowling Green,Eastern Michigan,away,ppp,offense,21.0,11.0,1.9090909090909092,11.0,possessions,observed,,mixed_eligibility_drive,historically_reconstructed
2025,12,401752765,2025-11-15 20:30:00+00:00,Alabama,Oklahoma,home,ppp,offense,21.0,11.0,1.9090909090909092,11.0,possessions,observed,,mixed_eligibility_drive,historically_reconstructed
2025,12,401752765,2025-11-15 20:30:00+00:00,Oklahoma,Alabama,away,ppp,offense,16.0,11.0,1.4545454545454546,11.0,possessions,observed,,mixed_eligibility_drive,historically_reconstructed
2025,12,401752766,2025-11-16 00:30:00+00:00,Georgia,Texas,home,ppp,offense,35.0,11.0,3.1818181818181817,11.0,possessions,observed,,mixed_eligibility_drive,historically_reconstructed
2025,12,401752766,2025-11-16 00:30:00+00:00,Texas,Georgia,away,ppp,offense,10.0,11.0,0.9090909090909091,11.0,possessions,observed,,mixed_eligibility_drive,historically_reconstructed
2025,12,401752767,2025-11-15 18:30:00+00:00,Kentucky,Tennessee Tech,home,ppp,offense,42.0,8.0,5.25,8.0,possessions,observed,,mixed_eligibility_drive,historically_reconstructed
2025,12,401752767,2025-11-15 18:30:00+00:00,Tennessee Tech,Kentucky,away,ppp,offense,10.0,8.0,1.25,8.0,possessions,observed,,mixed_eligibility_drive,historically_reconstructed
2025,12,401752768,2025-11-15 17:45:00+00:00,LSU,Arkansas,home,ppp,offense,23.0,12.0,1.9166666666666667,12.0,possessions,observed,,mixed_eligibility_drive,historically_reconstructed
2025,12,401752768,2025-11-15 17:45:00+00:00,Arkansas,LSU,away,ppp,offense,15.0,10.0,1.5,10.0,possessions,observed,,mixed_eligibility_drive,historically_reconstructed
2025,12,401752769,2025-11-16 00:00:00+00:00,Ole Miss,Florida,home,ppp,offense,34.0,11.0,3.090909090909091,11.0,possessions,observed,,mixed_eligibility_drive,historically_reconstructed
2025,12,401752769,2025-11-16 00:00:00+00:00,Florida,Ole Miss,away,ppp,offense,24.0,11.0,2.1818181818181817,11.0,possessions,observed,,mixed_eligibility_drive,historically_reconstructed
2025,12,401752770,2025-11-16 00:45:00+00:00,Missouri,Mississippi State,home,ppp,offense,35.0,12.0,2.9166666666666665,12.0,possessions,observed,,mixed_eligibility_drive,historically_reconstructed
2025,12,401752770,2025-11-16 00:45:00+00:00,Mississippi State,Missouri,away,ppp,offense,27.0,14.0,1.9285714285714286,14.0,possessions,observed,,mixed_eligibility_drive,historically_reconstructed
2025,12,401752771,2025-11-15 21:15:00+00:00,Tennessee,New Mexico State,home,ppp,offense,35.0,10.0,3.5,10.0,possessions,observed,,mixed_eligibility_drive,historically_reconstructed
2025,12,401752771,2025-11-15 21:15:00+00:00,New Mexico State,Tennessee,away,ppp,offense,3.0,10.0,0.3,10.0,possessions,observed,,mixed_eligibility_drive,historically_reconstructed
2025,12,401752772,2025-11-15 17:00:00+00:00,Texas A&M,South Carolina,home,ppp,offense,30.0,15.0,2.0,15.0,possessions,observed,,mixed_eligibility_drive,historically_reconstructed
2025,12,401752772,2025-11-15 17:00:00+00:00,South Carolina,Texas A&M,away,ppp,offense,13.0,14.0,,0.0,possessions,missing,unresolved_scoring_attribution,mixed_eligibility_drive,historically_reconstructed
2025,12,401752900,2025-11-16 00:30:00+00:00,Ohio State,UCLA,home,ppp,offense,34.0,8.0,4.25,8.0,possessions,observed,,mixed_eligibility_drive,historically_reconstructed
2025,12,401752900,2025-11-16 00:30:00+00:00,UCLA,Ohio State,away,ppp,offense,10.0,9.0,1.1111111111111112,9.0,possessions,observed,,mixed_eligibility_drive,historically_reconstructed
2025,12,401752901,2025-11-15 17:00:00+00:00,Indiana,Wisconsin,home,ppp,offense,31.0,10.0,3.1,10.0,possessions,observed,,mixed_eligibility_drive,historically_reconstructed
2025,12,401752901,2025-11-15 17:00:00+00:00,Wisconsin,Indiana,away,ppp,offense,7.0,10.0,0.7,10.0,possessions,observed,,mixed_eligibility_drive,historically_reconstructed
2025,12,401752902,2025-11-16 00:00:00+00:00,Washington,Purdue,home,ppp,offense,35.0,7.0,5.0,7.0,possessions,observed,,mixed_eligibility_drive,historically_reconstructed
2025,12,401752902,2025-11-16 00:00:00+00:00,Purdue,Washington,away,ppp,offense,0.0,7.0,0.0,7.0,possessions,observed,,mixed_eligibility_drive,historically_reconstructed
2025,12,401752903,2025-11-15 20:30:00+00:00,Michigan State,Penn State,home,ppp,offense,10.0,11.0,0.9090909090909091,11.0,possessions,observed,,mixed_eligibility_drive,historically_reconstructed
2025,12,401752903,2025-11-15 20:30:00+00:00,Penn State,Michigan State,away,ppp,offense,27.0,12.0,2.25,12.0,possessions,observed,,mixed_eligibility_drive,historically_reconstructed
2025,12,401752904,2025-11-15 02:00:00+00:00,Oregon,Minnesota,home,ppp,offense,35.0,8.0,4.375,8.0,possessions,observed,,mixed_eligibility_drive,historically_reconstructed
2025,12,401752904,2025-11-15 02:00:00+00:00,Minnesota,Oregon,away,ppp,offense,13.0,7.0,1.8571428571428572,7.0,possessions,observed,,mixed_eligibility_drive,historically_reconstructed
2025,12,401752905,2025-11-15 17:00:00+00:00,Northwestern,Michigan,home,ppp,offense,22.0,11.0,2.0,11.0,possessions,observed,,mixed_eligibility_drive,historically_reconstructed
2025,12,401752905,2025-11-15 17:00:00+00:00,Michigan,Northwestern,away,ppp,offense,24.0,11.0,2.1818181818181817,11.0,possessions,observed,,mixed_eligibility_drive,historically_reconstructed
2025,12,401752906,2025-11-15 20:30:00+00:00,Illinois,Maryland,home,ppp,offense,17.0,10.0,1.7,10.0,possessions,observed,,mixed_eligibility_drive,historically_reconstructed
2025,12,401752906,2025-11-15 20:30:00+00:00,Maryland,Illinois,away,ppp,offense,6.0,10.0,0.6,10.0,possessions,observed,,mixed_eligibility_drive,historically_reconstructed
2025,12,401752907,2025-11-15 20:30:00+00:00,USC,Iowa,home,ppp,offense,26.0,9.0,2.888888888888889,9.0,possessions,observed,,mixed_eligibility_drive,historically_reconstructed
2025,12,401752907,2025-11-15 20:30:00+00:00,Iowa,USC,away,ppp,offense,21.0,9.0,2.3333333333333335,9.0,possessions,observed,,mixed_eligibility_drive,historically_reconstructed
2025,12,401752945,2025-11-15 18:00:00+00:00,Tulsa,Oregon State,home,ppp,offense,31.0,12.0,2.5833333333333335,12.0,possessions,observed,,mixed_eligibility_drive,historically_reconstructed
2025,12,401752945,2025-11-15 18:00:00+00:00,Oregon State,Tulsa,away,ppp,offense,14.0,11.0,1.2727272727272727,11.0,possessions,observed,,mixed_eligibility_drive,historically_reconstructed
2025,12,401752953,2025-11-16 03:00:00+00:00,Washington State,Louisiana Tech,home,ppp,offense,28.0,9.0,3.111111111111111,9.0,possessions,observed,,mixed_eligibility_drive,historically_reconstructed
2025,12,401752953,2025-11-16 03:00:00+00:00,Louisiana Tech,Washington State,away,ppp,offense,3.0,10.0,0.3,10.0,possessions,observed,,mixed_eligibility_drive,historically_reconstructed
2025,12,401754591,2025-11-15 00:30:00+00:00,Louisville,Clemson,home,ppp,offense,19.0,12.0,1.5833333333333333,12.0,possessions,observed,,mixed_eligibility_drive,historically_reconstructed
2025,12,401754591,2025-11-15 00:30:00+00:00,Clemson,Louisville,away,ppp,offense,20.0,13.0,1.5384615384615385,13.0,possessions,observed,,mixed_eligibility_drive,historically_reconstructed
2025,12,401754592,2025-11-15 20:30:00+00:00,Boston College,Georgia Tech,home,ppp,offense,34.0,12.0,2.8333333333333335,12.0,possessions,observed,,mixed_eligibility_drive,historically_reconstructed
2025,12,401754592,2025-11-15 20:30:00+00:00,Georgia Tech,Boston College,away,ppp,offense,36.0,11.0,3.272727272727273,11.0,possessions,observed,,mixed_eligibility_drive,historically_reconstructed
2025,12,401754593,2025-11-15 20:30:00+00:00,Duke,Virginia,home,ppp,offense,10.0,10.0,1.0,10.0,possessions,observed,,mixed_eligibility_drive,historically_reconstructed
2025,12,401754593,2025-11-15 20:30:00+00:00,Virginia,Duke,away,ppp,offense,34.0,12.0,2.8333333333333335,12.0,possessions,observed,,mixed_eligibility_drive,historically_reconstructed
2025,12,401754594,2025-11-16 00:30:00+00:00,Florida State,Virginia Tech,home,ppp,offense,34.0,8.0,4.25,8.0,possessions,observed,,mixed_eligibility_drive,historically_reconstructed
2025,12,401754594,2025-11-16 00:30:00+00:00,Virginia Tech,Florida State,away,ppp,offense,14.0,8.0,1.75,8.0,possessions,observed,,mixed_eligibility_drive,historically_reconstructed
2025,12,401754595,2025-11-15 20:30:00+00:00,Miami,NC State,home,ppp,offense,3.0,9.0,,0.0,possessions,missing,unresolved_scoring_attribution,mixed_eligibility_drive,historically_reconstructed
2025,12,401754595,2025-11-15 20:30:00+00:00,NC State,Miami,away,ppp,offense,0.0,10.0,0.0,10.0,possessions,observed,,mixed_eligibility_drive,historically_reconstructed
2025,12,401754596,2025-11-15 21:30:00+00:00,Wake Forest,North Carolina,home,ppp,offense,28.0,10.0,2.8,10.0,possessions,observed,,mixed_eligibility_drive,historically_reconstructed
2025,12,401754596,2025-11-15 21:30:00+00:00,North Carolina,Wake Forest,away,ppp,offense,12.0,11.0,1.0909090909090908,11.0,possessions,observed,,mixed_eligibility_drive,historically_reconstructed
2025,12,401754597,2025-11-15 17:00:00+00:00,Pittsburgh,Notre Dame,home,ppp,offense,3.0,10.0,,0.0,possessions,missing,unresolved_scoring_attribution,mixed_eligibility_drive,historically_reconstructed
2025,12,401754597,2025-11-15 17:00:00+00:00,Notre Dame,Pittsburgh,away,ppp,offense,0.0,10.0,,0.0,possessions,missing,unresolved_scoring_attribution,mixed_eligibility_drive,historically_reconstructed
2025,12,401756948,2025-11-15 18:00:00+00:00,Arizona State,West Virginia,home,ppp,offense,25.0,12.0,2.0833333333333335,12.0,possessions,observed,,mixed_eligibility_drive,historically_reconstructed
2025,12,401756948,2025-11-15 18:00:00+00:00,West Virginia,Arizona State,away,ppp,offense,22.0,12.0,1.8333333333333333,12.0,possessions,observed,,mixed_eligibility_drive,historically_reconstructed
2025,12,401756949,2025-11-16 00:00:00+00:00,Baylor,Utah,home,ppp,offense,28.0,13.0,2.1538461538461537,13.0,possessions,observed,,mixed_eligibility_drive,historically_reconstructed
2025,12,401756949,2025-11-16 00:00:00+00:00,Utah,Baylor,away,ppp,offense,48.0,13.0,3.6923076923076925,13.0,possessions,observed,,mixed_eligibility_drive,historically_reconstructed
2025,12,401756950,2025-11-16 03:15:00+00:00,BYU,TCU,home,ppp,offense,0.0,9.0,,0.0,possessions,missing,unresolved_scoring_attribution,mixed_eligibility_drive,historically_reconstructed
2025,12,401756950,2025-11-16 03:15:00+00:00,TCU,BYU,away,ppp,offense,13.0,9.0,1.4444444444444444,9.0,possessions,observed,,mixed_eligibility_drive,historically_reconstructed
2025,12,401756951,2025-11-15 17:00:00+00:00,Cincinnati,Arizona,home,ppp,offense,24.0,11.0,2.1818181818181817,11.0,possessions,observed,,mixed_eligibility_drive,historically_reconstructed
2025,12,401756951,2025-11-15 17:00:00+00:00,Arizona,Cincinnati,away,ppp,offense,30.0,11.0,2.727272727272727,11.0,possessions,observed,,mixed_eligibility_drive,historically_reconstructed
2025,12,401756952,2025-11-15 17:00:00+00:00,Oklahoma State,Kansas State,home,ppp,offense,6.0,11.0,0.5454545454545454,11.0,possessions,observed,,mixed_eligibility_drive,historically_reconstructed
2025,12,401756952,2025-11-15 17:00:00+00:00,Kansas State,Oklahoma State,away,ppp,offense,14.0,11.0,1.2727272727272727,11.0,possessions,observed,,mixed_eligibility_drive,historically_reconstructed
2025,12,401756953,2025-11-15 20:30:00+00:00,Texas Tech,UCF,home,ppp,offense,21.0,10.0,,0.0,possessions,missing,unresolved_scoring_attribution,mixed_eligibility_drive,historically_reconstructed
2025,12,401756953,2025-11-15 20:30:00+00:00,UCF,Texas Tech,away,ppp,offense,7.0,9.0,0.7777777777777778,9.0,possessions,observed,,mixed_eligibility_drive,historically_reconstructed
2025,12,401757174,2025-11-15 17:00:00+00:00,Connecticut,Air Force,home,ppp,offense,26.0,9.0,2.888888888888889,9.0,possessions,observed,,mixed_eligibility_drive,historically_reconstructed
2025,12,401757174,2025-11-15 17:00:00+00:00,Air Force,Connecticut,away,ppp,offense,16.0,9.0,1.7777777777777777,9.0,possessions,observed,,mixed_eligibility_drive,historically_reconstructed
2025,12,401757300,2025-11-16 00:00:00+00:00,Sam Houston State,Delaware,home,ppp,offense,26.0,14.0,1.8571428571428572,14.0,possessions,observed,,mixed_eligibility_drive,historically_reconstructed
2025,12,401757300,2025-11-16 00:00:00+00:00,Delaware,Sam Houston State,away,ppp,offense,23.0,14.0,1.6428571428571428,14.0,possessions,observed,,mixed_eligibility_drive,historically_reconstructed
2025,12,401757301,2025-11-15 22:00:00+00:00,Florida International,Liberty,home,ppp,offense,0.0,8.0,,0.0,possessions,missing,unresolved_scoring_attribution,mixed_eligibility_drive,historically_reconstructed
2025,12,401757301,2025-11-15 22:00:00+00:00,Liberty,Florida International,away,ppp,offense,7.0,9.0,,0.0,possessions,missing,unresolved_scoring_attribution,mixed_eligibility_drive,historically_reconstructed
2025,12,401757302,2025-11-16 01:00:00+00:00,Jacksonville State,Kennesaw State,home,ppp,offense,7.0,11.0,,0.0,possessions,missing,unresolved_scoring_attribution,mixed_eligibility_drive,historically_reconstructed
2025,12,401757302,2025-11-16 01:00:00+00:00,Kennesaw State,Jacksonville State,away,ppp,offense,23.0,11.0,2.090909090909091,11.0,possessions,observed,,mixed_eligibility_drive,historically_reconstructed
2025,12,401757303,2025-11-15 20:30:00+00:00,Western Kentucky,Middle Tennessee,home,ppp,offense,28.0,12.0,,0.0,possessions,missing,unresolved_scoring_attribution,mixed_eligibility_drive,historically_reconstructed
2025,12,401757303,2025-11-15 20:30:00+00:00,Middle Tennessee,Western Kentucky,away,ppp,offense,23.0,12.0,,0.0,possessions,missing,unresolved_scoring_attribution,mixed_eligibility_drive,historically_reconstructed
2025,12,401757304,2025-11-15 20:00:00+00:00,Missouri State,UTEP,home,ppp,offense,38.0,10.0,3.8,10.0,possessions,observed,,mixed_eligibility_drive,historically_reconstructed
2025,12,401757304,2025-11-15 20:00:00+00:00,UTEP,Missouri State,away,ppp,offense,17.0,9.0,1.8888888888888888,9.0,possessions,observed,,mixed_eligibility_drive,historically_reconstructed
2025,12,401760410,2025-11-16 03:30:00+00:00,San Diego State,Boise State,home,ppp,offense,17.0,10.0,1.7,10.0,possessions,observed,,mixed_eligibility_drive,historically_reconstructed
2025,12,401760410,2025-11-16 03:30:00+00:00,Boise State,San Diego State,away,ppp,offense,7.0,10.0,0.7,10.0,possessions,observed,,mixed_eligibility_drive,historically_reconstructed
2025,12,401760411,2025-11-15 20:00:00+00:00,New Mexico,Colorado State,home,ppp,offense,20.0,14.0,1.4285714285714286,14.0,possessions,observed,,mixed_eligibility_drive,historically_reconstructed
2025,12,401760411,2025-11-15 20:00:00+00:00,Colorado State,New Mexico,away,ppp,offense,17.0,14.0,1.2142857142857142,14.0,possessions,observed,,mixed_eligibility_drive,historically_reconstructed
2025,12,401760412,2025-11-16 03:30:00+00:00,Fresno State,Wyoming,home,ppp,offense,24.0,13.0,1.8461538461538463,13.0,possessions,observed,,mixed_eligibility_drive,historically_reconstructed
2025,12,401760412,2025-11-16 03:30:00+00:00,Wyoming,Fresno State,away,ppp,offense,3.0,13.0,0.23076923076923078,13.0,possessions,observed,,mixed_eligibility_drive,historically_reconstructed
2025,12,401760413,2025-11-15 20:30:00+00:00,Nevada,San Jose State,home,ppp,offense,31.0,8.0,3.875,8.0,possessions,observed,,mixed_eligibility_drive,historically_reconstructed
2025,12,401760413,2025-11-15 20:30:00+00:00,San Jose State,Nevada,away,ppp,offense,3.0,8.0,0.375,8.0,possessions,observed,,mixed_eligibility_drive,historically_reconstructed
2025,12,401760414,2025-11-16 00:00:00+00:00,UNLV,Utah State,home,ppp,offense,23.0,10.0,2.3,10.0,possessions,observed,,mixed_eligibility_drive,historically_reconstructed
2025,12,401760414,2025-11-16 00:00:00+00:00,Utah State,UNLV,away,ppp,offense,23.0,11.0,2.090909090909091,11.0,possessions,observed,,mixed_eligibility_drive,historically_reconstructed
2025,12,401761649,2025-11-14 00:30:00+00:00,Old Dominion,Troy,home,ppp,offense,30.0,13.0,2.3076923076923075,13.0,possessions,observed,,mixed_eligibility_drive,historically_reconstructed
2025,12,401761649,2025-11-14 00:30:00+00:00,Troy,Old Dominion,away,ppp,offense,0.0,12.0,0.0,12.0,possessions,observed,,mixed_eligibility_drive,historically_reconstructed
2025,12,401761650,2025-11-15 23:00:00+00:00,Georgia Southern,Coastal Carolina,home,ppp,offense,45.0,15.0,3.0,15.0,possessions,observed,,mixed_eligibility_drive,historically_reconstructed
2025,12,401761650,2025-11-15 23:00:00+00:00,Coastal Carolina,Georgia Southern,away,ppp,offense,33.0,13.0,2.5384615384615383,13.0,possessions,observed,,mixed_eligibility_drive,historically_reconstructed
2025,12,401761651,2025-11-15 19:00:00+00:00,Georgia State,Marshall,home,ppp,offense,15.0,11.0,,0.0,possessions,missing,unresolved_scoring_attribution,mixed_eligibility_drive,historically_reconstructed
2025,12,401761651,2025-11-15 19:00:00+00:00,Marshall,Georgia State,away,ppp,offense,30.0,10.0,3.0,10.0,possessions,observed,,mixed_eligibility_drive,historically_reconstructed
2025,12,401761652,2025-11-15 20:30:00+00:00,James Madison,Appalachian State,home,ppp,offense,34.0,10.0,3.4,10.0,possessions,observed,,mixed_eligibility_drive,historically_reconstructed
2025,12,401761652,2025-11-15 20:30:00+00:00,Appalachian State,James Madison,away,ppp,offense,0.0,9.0,0.0,9.0,possessions,observed,,mixed_eligibility_drive,historically_reconstructed
2025,12,401761653,2025-11-15 20:30:00+00:00,Louisiana Monroe,South Alabama,home,ppp,offense,0.0,11.0,,0.0,possessions,missing,unresolved_scoring_attribution,mixed_eligibility_drive,historically_reconstructed
2025,12,401761653,2025-11-15 20:30:00+00:00,South Alabama,Louisiana Monroe,away,ppp,offense,26.0,12.0,2.1666666666666665,12.0,possessions,observed,,mixed_eligibility_drive,historically_reconstructed
2025,12,401761654,2025-11-15 20:30:00+00:00,Southern Mississippi,Texas State,home,ppp,offense,7.0,8.0,0.875,8.0,possessions,observed,,mixed_eligibility_drive,historically_reconstructed
2025,12,401761654,2025-11-15 20:30:00+00:00,Texas State,Southern Mississippi,away,ppp,offense,33.0,9.0,3.6666666666666665,9.0,possessions,observed,,mixed_eligibility_drive,historically_reconstructed
2025,12,401762506,2025-11-15 19:00:00+00:00,UAB,North Texas,home,ppp,offense,24.0,10.0,2.4,10.0,possessions,observed,,mixed_eligibility_drive,historically_reconstructed
2025,12,401762506,2025-11-15 19:00:00+00:00,North Texas,UAB,away,ppp,offense,50.0,9.0,5.555555555555555,9.0,possessions,observed,,mixed_eligibility_drive,historically_reconstructed
2025,12,401762507,2025-11-15 17:00:00+00:00,Charlotte,UT San Antonio,home,ppp,offense,0.0,10.0,0.0,10.0,possessions,observed,,mixed_eligibility_drive,historically_reconstructed
2025,12,401762507,2025-11-15 17:00:00+00:00,UT San Antonio,Charlotte,away,ppp,offense,28.0,11.0,2.5454545454545454,11.0,possessions,observed,,mixed_eligibility_drive,historically_reconstructed
2025,12,401762508,2025-11-15 21:00:00+00:00,East Carolina,Memphis,home,ppp,offense,27.0,12.0,2.25,12.0,possessions,observed,,mixed_eligibility_drive,historically_reconstructed
2025,12,401762508,2025-11-15 21:00:00+00:00,Memphis,East Carolina,away,ppp,offense,17.0,12.0,1.4166666666666667,12.0,possessions,observed,,mixed_eligibility_drive,historically_reconstructed
2025,12,401762509,2025-11-15 21:00:00+00:00,Tulane,Florida Atlantic,home,ppp,offense,35.0,12.0,2.9166666666666665,12.0,possessions,observed,,mixed_eligibility_drive,historically_reconstructed
2025,12,401762509,2025-11-15 21:00:00+00:00,Florida Atlantic,Tulane,away,ppp,offense,24.0,10.0,2.4,10.0,possessions,observed,,mixed_eligibility_drive,historically_reconstructed
2025,12,401762510,2025-11-15 17:00:00+00:00,Navy,South Florida,home,ppp,offense,41.0,13.0,3.1538461538461537,13.0,possessions,observed,,mixed_eligibility_drive,historically_reconstructed
2025,12,401762510,2025-11-15 17:00:00+00:00,South Florida,Navy,away,ppp,offense,38.0,14.0,2.7142857142857144,14.0,possessions,observed,,mixed_eligibility_drive,historically_reconstructed
2025,12,401762856,2025-11-12 00:30:00+00:00,Akron,Kent State,home,ppp,offense,35.0,13.0,2.6923076923076925,13.0,possessions,observed,,mixed_eligibility_drive,historically_reconstructed
2025,12,401762856,2025-11-12 00:30:00+00:00,Kent State,Akron,away,ppp,offense,35.0,13.0,2.6923076923076925,13.0,possessions,observed,,mixed_eligibility_drive,historically_reconstructed
2025,12,401762857,2025-11-12 01:00:00+00:00,Western Michigan,Ohio,home,ppp,offense,17.0,10.0,1.7,10.0,possessions,observed,,mixed_eligibility_drive,historically_reconstructed
2025,12,401762857,2025-11-12 01:00:00+00:00,Ohio,Western Michigan,away,ppp,offense,13.0,10.0,1.3,10.0,possessions,observed,,mixed_eligibility_drive,historically_reconstructed
2025,12,401762858,2025-11-13 00:00:00+00:00,Central Michigan,Buffalo,home,ppp,offense,24.0,12.0,2.0,12.0,possessions,observed,,mixed_eligibility_drive,historically_reconstructed
2025,12,401762858,2025-11-13 00:00:00+00:00,Buffalo,Central Michigan,away,ppp,offense,19.0,15.0,1.2666666666666666,15.0,possessions,observed,,mixed_eligibility_drive,historically_reconstructed
2025,12,401762859,2025-11-13 00:00:00+00:00,UMass,Northern Illinois,home,ppp,offense,0.0,6.0,0.0,6.0,possessions,observed,,mixed_eligibility_drive,historically_reconstructed
2025,12,401762859,2025-11-13 00:00:00+00:00,Northern Illinois,UMass,away,ppp,offense,38.0,6.0,6.333333333333333,6.0,possessions,observed,,mixed_eligibility_drive,historically_reconstructed
2025,12,401762860,2025-11-13 00:00:00+00:00,Miami (OH),Toledo,home,ppp,offense,3.0,13.0,0.23076923076923078,13.0,possessions,observed,,mixed_eligibility_drive,historically_reconstructed
2025,12,401762860,2025-11-13 00:00:00+00:00,Toledo,Miami (OH),away,ppp,offense,14.0,12.0,,0.0,possessions,missing,unresolved_scoring_attribution,mixed_eligibility_drive,historically_reconstructed
2025,12,401762861,2025-11-15 17:00:00+00:00,Ball State,Eastern Michigan,home,ppp,offense,6.0,10.0,0.6,10.0,possessions,observed,,mixed_eligibility_drive,historically_reconstructed
2025,12,401762861,2025-11-15 17:00:00+00:00,Eastern Michigan,Ball State,away,ppp,offense,24.0,11.0,2.1818181818181817,11.0,possessions,observed,,mixed_eligibility_drive,historically_reconstructed
2025,13,401752773,2025-11-22 19:00:00+00:00,Alabama,Eastern Illinois,home,ppp,offense,35.0,8.0,4.375,8.0,possessions,observed,,mixed_eligibility_drive,historically_reconstructed
2025,13,401752773,2025-11-22 19:00:00+00:00,Eastern Illinois,Alabama,away,ppp,offense,0.0,7.0,0.0,7.0,possessions,observed,,mixed_eligibility_drive,historically_reconstructed
2025,13,401752774,2025-11-22 19:00:00+00:00,Auburn,Mercer,home,ppp,offense,45.0,9.0,5.0,9.0,possessions,observed,,mixed_eligibility_drive,historically_reconstructed
2025,13,401752774,2025-11-22 19:00:00+00:00,Mercer,Auburn,away,ppp,offense,17.0,10.0,1.7,10.0,possessions,observed,,mixed_eligibility_drive,historically_reconstructed
2025,13,401752775,2025-11-23 00:30:00+00:00,Florida,Tennessee,home,ppp,offense,11.0,8.0,1.375,8.0,possessions,observed,,mixed_eligibility_drive,historically_reconstructed
2025,13,401752775,2025-11-23 00:30:00+00:00,Tennessee,Florida,away,ppp,offense,31.0,9.0,3.4444444444444446,9.0,possessions,observed,,mixed_eligibility_drive,historically_reconstructed
2025,13,401752776,2025-11-22 17:45:00+00:00,Georgia,Charlotte,home,ppp,offense,35.0,9.0,3.888888888888889,9.0,possessions,observed,,mixed_eligibility_drive,historically_reconstructed
2025,13,401752776,2025-11-22 17:45:00+00:00,Charlotte,Georgia,away,ppp,offense,3.0,10.0,0.3,10.0,possessions,observed,,mixed_eligibility_drive,historically_reconstructed
2025,13,401752777,2025-11-23 00:45:00+00:00,LSU,Western Kentucky,home,ppp,offense,13.0,15.0,0.8666666666666667,15.0,possessions,observed,,mixed_eligibility_drive,historically_reconstructed
2025,13,401752777,2025-11-23 00:45:00+00:00,Western Kentucky,LSU,away,ppp,offense,3.0,14.0,0.21428571428571427,14.0,possessions,observed,,mixed_eligibility_drive,historically_reconstructed
2025,13,401752778,2025-11-22 17:00:00+00:00,Oklahoma,Missouri,home,ppp,offense,17.0,14.0,1.2142857142857142,14.0,possessions,observed,,mixed_eligibility_drive,historically_reconstructed
2025,13,401752778,2025-11-22 17:00:00+00:00,Missouri,Oklahoma,away,ppp,offense,6.0,13.0,0.46153846153846156,13.0,possessions,observed,,mixed_eligibility_drive,historically_reconstructed
2025,13,401752779,2025-11-22 21:15:00+00:00,South Carolina,Coastal Carolina,home,ppp,offense,37.0,8.0,4.625,8.0,possessions,observed,,mixed_eligibility_drive,historically_reconstructed
2025,13,401752779,2025-11-22 21:15:00+00:00,Coastal Carolina,South Carolina,away,ppp,offense,0.0,7.0,0.0,7.0,possessions,observed,,mixed_eligibility_drive,historically_reconstructed
2025,13,401752780,2025-11-22 20:30:00+00:00,Texas,Arkansas,home,ppp,offense,0.0,11.0,,0.0,possessions,missing,unresolved_scoring_attribution,mixed_eligibility_drive,historically_reconstructed
2025,13,401752780,2025-11-22 20:30:00+00:00,Arkansas,Texas,away,ppp,offense,37.0,11.0,3.3636363636363638,11.0,possessions,observed,,mixed_eligibility_drive,historically_reconstructed
2025,13,401752781,2025-11-22 17:00:00+00:00,Texas A&M,Samford,home,ppp,offense,38.0,10.0,3.8,10.0,possessions,observed,,mixed_eligibility_drive,historically_reconstructed
2025,13,401752781,2025-11-22 17:00:00+00:00,Samford,Texas A&M,away,ppp,offense,0.0,9.0,0.0,9.0,possessions,observed,,mixed_eligibility_drive,historically_reconstructed
2025,13,401752782,2025-11-22 20:30:00+00:00,Vanderbilt,Kentucky,home,ppp,offense,32.0,8.0,4.0,8.0,possessions,observed,,mixed_eligibility_drive,historically_reconstructed
2025,13,401752782,2025-11-22 20:30:00+00:00,Kentucky,Vanderbilt,away,ppp,offense,3.0,8.0,0.375,8.0,possessions,observed,,mixed_eligibility_drive,historically_reconstructed
2025,13,401752908,2025-11-23 00:00:00+00:00,Penn State,Nebraska,home,ppp,offense,37.0,7.0,5.285714285714286,7.0,possessions,observed,,mixed_eligibility_drive,historically_reconstructed
2025,13,401752908,2025-11-23 00:00:00+00:00,Nebraska,Penn State,away,ppp,offense,10.0,7.0,1.4285714285714286,7.0,possessions,observed,,mixed_eligibility_drive,historically_reconstructed
2025,13,401752909,2025-11-22 17:00:00+00:00,Northwestern,Minnesota,home,ppp,offense,38.0,9.0,4.222222222222222,9.0,possessions,observed,,mixed_eligibility_drive,historically_reconstructed
2025,13,401752909,2025-11-22 17:00:00+00:00,Minnesota,Northwestern,away,ppp,offense,35.0,10.0,3.5,10.0,possessions,observed,,mixed_eligibility_drive,historically_reconstructed
2025,13,401752910,2025-11-23 03:30:00+00:00,UCLA,Washington,home,ppp,offense,7.0,10.0,0.7,10.0,possessions,observed,,mixed_eligibility_drive,historically_reconstructed
2025,13,401752910,2025-11-23 03:30:00+00:00,Washington,UCLA,away,ppp,offense,34.0,10.0,3.4,10.0,possessions,observed,,mixed_eligibility_drive,historically_reconstructed
2025,13,401752911,2025-11-22 20:30:00+00:00,Oregon,USC,home,ppp,offense,14.0,9.0,,0.0,possessions,missing,unresolved_scoring_attribution,mixed_eligibility_drive,historically_reconstructed
2025,13,401752911,2025-11-22 20:30:00+00:00,USC,Oregon,away,ppp,offense,27.0,11.0,2.4545454545454546,11.0,possessions,observed,,mixed_eligibility_drive,historically_reconstructed
2025,13,401752912,2025-11-22 17:00:00+00:00,Ohio State,Rutgers,home,ppp,offense,42.0,10.0,4.2,10.0,possessions,observed,,mixed_eligibility_drive,historically_reconstructed
2025,13,401752912,2025-11-22 17:00:00+00:00,Rutgers,Ohio State,away,ppp,offense,9.0,10.0,0.9,10.0,possessions,observed,,mixed_eligibility_drive,historically_reconstructed
2025,13,401752913,2025-11-22 20:30:00+00:00,Iowa,Michigan State,home,ppp,offense,13.0,13.0,1.0,13.0,possessions,observed,,mixed_eligibility_drive,historically_reconstructed
2025,13,401752913,2025-11-22 20:30:00+00:00,Michigan State,Iowa,away,ppp,offense,17.0,13.0,1.3076923076923077,13.0,possessions,observed,,mixed_eligibility_drive,historically_reconstructed
2025,13,401752914,2025-11-22 21:00:00+00:00,Maryland,Michigan,home,ppp,offense,20.0,8.0,2.5,8.0,possessions,observed,,mixed_eligibility_drive,historically_reconstructed
2025,13,401752914,2025-11-22 21:00:00+00:00,Michigan,Maryland,away,ppp,offense,42.0,9.0,4.666666666666667,9.0,possessions,observed,,mixed_eligibility_drive,historically_reconstructed
2025,13,401752915,2025-11-23 00:30:00+00:00,Wisconsin,Illinois,home,ppp,offense,17.0,11.0,,0.0,possessions,missing,unresolved_scoring_attribution,mixed_eligibility_drive,historically_reconstructed
2025,13,401752915,2025-11-23 00:30:00+00:00,Illinois,Wisconsin,away,ppp,offense,10.0,11.0,0.9090909090909091,11.0,possessions,observed,,mixed_eligibility_drive,historically_reconstructed
2025,13,401752954,2025-11-22 18:00:00+00:00,James Madison,Washington State,home,ppp,offense,17.0,10.0,1.7,10.0,possessions,observed,,mixed_eligibility_drive,historically_reconstructed
2025,13,401752954,2025-11-22 18:00:00+00:00,Washington State,James Madison,away,ppp,offense,20.0,10.0,2.0,10.0,possessions,observed,,mixed_eligibility_drive,historically_reconstructed
2025,13,401754598,2025-11-22 01:00:00+00:00,NC State,Florida State,home,ppp,offense,21.0,11.0,1.9090909090909092,11.0,possessions,observed,,mixed_eligibility_drive,historically_reconstructed
2025,13,401754598,2025-11-22 01:00:00+00:00,Florida State,NC State,away,ppp,offense,11.0,9.0,1.2222222222222223,9.0,possessions,observed,,mixed_eligibility_drive,historically_reconstructed
2025,13,401754599,2025-11-23 00:30:00+00:00,Stanford,California,home,ppp,offense,17.0,11.0,1.5454545454545454,11.0,possessions,observed,,mixed_eligibility_drive,historically_reconstructed
2025,13,401754599,2025-11-23 00:30:00+00:00,California,Stanford,away,ppp,offense,10.0,13.0,0.7692307692307693,13.0,possessions,observed,,mixed_eligibility_drive,historically_reconstructed
2025,13,401754600,2025-11-22 20:30:00+00:00,North Carolina,Duke,home,ppp,offense,23.0,8.0,2.875,8.0,possessions,observed,,mixed_eligibility_drive,historically_reconstructed
2025,13,401754600,2025-11-22 20:30:00+00:00,Duke,North Carolina,away,ppp,offense,32.0,9.0,3.5555555555555554,9.0,possessions,observed,,mixed_eligibility_drive,historically_reconstructed
2025,13,401754601,2025-11-23 00:00:00+00:00,Georgia Tech,Pittsburgh,home,ppp,offense,28.0,13.0,2.1538461538461537,13.0,possessions,observed,,mixed_eligibility_drive,historically_reconstructed
2025,13,401754601,2025-11-23 00:00:00+00:00,Pittsburgh,Georgia Tech,away,ppp,offense,35.0,13.0,2.6923076923076925,13.0,possessions,observed,,mixed_eligibility_drive,historically_reconstructed
2025,13,401754602,2025-11-22 17:00:00+00:00,SMU,Louisville,home,ppp,offense,38.0,9.0,4.222222222222222,9.0,possessions,observed,,mixed_eligibility_drive,historically_reconstructed
2025,13,401754602,2025-11-22 17:00:00+00:00,Louisville,SMU,away,ppp,offense,6.0,8.0,0.75,8.0,possessions,observed,,mixed_eligibility_drive,historically_reconstructed
2025,13,401754603,2025-11-22 17:00:00+00:00,Virginia Tech,Miami,home,ppp,offense,17.0,10.0,1.7,10.0,possessions,observed,,mixed_eligibility_drive,historically_reconstructed
2025,13,401754603,2025-11-22 17:00:00+00:00,Miami,Virginia Tech,away,ppp,offense,33.0,8.0,4.125,8.0,possessions,observed,,mixed_eligibility_drive,historically_reconstructed
2025,13,401754604,2025-11-22 20:30:00+00:00,Notre Dame,Syracuse,home,ppp,offense,28.0,6.0,4.666666666666667,6.0,possessions,observed,,mixed_eligibility_drive,historically_reconstructed
2025,13,401754604,2025-11-22 20:30:00+00:00,Syracuse,Notre Dame,away,ppp,offense,0.0,9.0,0.0,9.0,possessions,observed,,mixed_eligibility_drive,historically_reconstructed
2025,13,401754605,2025-11-22 21:30:00+00:00,Clemson,Furman,home,ppp,offense,38.0,13.0,2.923076923076923,13.0,possessions,observed,,mixed_eligibility_drive,historically_reconstructed
2025,13,401754605,2025-11-22 21:30:00+00:00,Furman,Clemson,away,ppp,offense,10.0,12.0,0.8333333333333334,12.0,possessions,observed,,mixed_eligibility_drive,historically_reconstructed
2025,13,401754606,2025-11-22 17:00:00+00:00,Wake Forest,Delaware,home,ppp,offense,41.0,8.0,5.125,8.0,possessions,observed,,mixed_eligibility_drive,historically_reconstructed
2025,13,401754606,2025-11-22 17:00:00+00:00,Delaware,Wake Forest,away,ppp,offense,7.0,7.0,1.0,7.0,possessions,observed,,mixed_eligibility_drive,historically_reconstructed
2025,13,401756954,2025-11-22 18:00:00+00:00,Arizona,Baylor,home,ppp,offense,35.0,10.0,3.5,10.0,possessions,observed,,mixed_eligibility_drive,historically_reconstructed
2025,13,401756954,2025-11-22 18:00:00+00:00,Baylor,Arizona,away,ppp,offense,17.0,12.0,1.4166666666666667,12.0,possessions,observed,,mixed_eligibility_drive,historically_reconstructed
2025,13,401756955,2025-11-23 01:00:00+00:00,Cincinnati,BYU,home,ppp,offense,14.0,10.0,1.4,10.0,possessions,observed,,mixed_eligibility_drive,historically_reconstructed
2025,13,401756955,2025-11-23 01:00:00+00:00,BYU,Cincinnati,away,ppp,offense,26.0,10.0,2.6,10.0,possessions,observed,,mixed_eligibility_drive,historically_reconstructed
2025,13,401756956,2025-11-23 01:00:00+00:00,Colorado,Arizona State,home,ppp,offense,7.0,16.0,,0.0,possessions,missing,unresolved_scoring_attribution,mixed_eligibility_drive,historically_reconstructed
2025,13,401756956,2025-11-23 01:00:00+00:00,Arizona State,Colorado,away,ppp,offense,42.0,16.0,2.625,16.0,possessions,observed,,mixed_eligibility_drive,historically_reconstructed
2025,13,401756957,2025-11-22 21:00:00+00:00,Houston,TCU,home,ppp,offense,14.0,13.0,1.0769230769230769,13.0,possessions,observed,,mixed_eligibility_drive,historically_reconstructed
2025,13,401756957,2025-11-22 21:00:00+00:00,TCU,Houston,away,ppp,offense,17.0,13.0,1.3076923076923077,13.0,possessions,observed,,mixed_eligibility_drive,historically_reconstructed
2025,13,401756958,2025-11-22 17:00:00+00:00,Iowa State,Kansas,home,ppp,offense,38.0,8.0,4.75,8.0,possessions,observed,,mixed_eligibility_drive,historically_reconstructed
2025,13,401756958,2025-11-22 17:00:00+00:00,Kansas,Iowa State,away,ppp,offense,14.0,8.0,1.75,8.0,possessions,observed,,mixed_eligibility_drive,historically_reconstructed
2025,13,401756959,2025-11-22 21:00:00+00:00,UCF,Oklahoma State,home,ppp,offense,17.0,12.0,1.4166666666666667,12.0,possessions,observed,,mixed_eligibility_drive,historically_reconstructed
2025,13,401756959,2025-11-22 21:00:00+00:00,Oklahoma State,UCF,away,ppp,offense,14.0,12.0,1.1666666666666667,12.0,possessions,observed,,mixed_eligibility_drive,historically_reconstructed
2025,13,401756960,2025-11-22 21:00:00+00:00,Utah,Kansas State,home,ppp,offense,51.0,12.0,4.25,12.0,possessions,observed,,mixed_eligibility_drive,historically_reconstructed
2025,13,401756960,2025-11-22 21:00:00+00:00,Kansas State,Utah,away,ppp,offense,47.0,13.0,3.6153846153846154,13.0,possessions,observed,,mixed_eligibility_drive,historically_reconstructed
2025,13,401757175,2025-11-22 20:00:00+00:00,Florida Atlantic,Connecticut,home,ppp,offense,45.0,12.0,3.75,12.0,possessions,observed,,mixed_eligibility_drive,historically_reconstructed
2025,13,401757175,2025-11-22 20:00:00+00:00,Connecticut,Florida Atlantic,away,ppp,offense,48.0,12.0,4.0,12.0,possessions,observed,,mixed_eligibility_drive,historically_reconstructed
2025,13,401757305,2025-11-22 20:30:00+00:00,Florida International,Jacksonville State,home,ppp,offense,27.0,15.0,1.8,15.0,possessions,observed,,mixed_eligibility_drive,historically_reconstructed
2025,13,401757305,2025-11-22 20:30:00+00:00,Jacksonville State,Florida International,away,ppp,offense,21.0,15.0,1.4,15.0,possessions,observed,,mixed_eligibility_drive,historically_reconstructed
2025,13,401757306,2025-11-22 19:00:00+00:00,Kennesaw State,Missouri State,home,ppp,offense,41.0,13.0,3.1538461538461537,13.0,possessions,observed,,mixed_eligibility_drive,historically_reconstructed
2025,13,401757306,2025-11-22 19:00:00+00:00,Missouri State,Kennesaw State,away,ppp,offense,34.0,12.0,2.8333333333333335,12.0,possessions,observed,,mixed_eligibility_drive,historically_reconstructed
2025,13,401757307,2025-11-22 20:00:00+00:00,Louisiana Tech,Liberty,home,ppp,offense,28.0,12.0,2.3333333333333335,12.0,possessions,observed,,mixed_eligibility_drive,historically_reconstructed
2025,13,401757307,2025-11-22 20:00:00+00:00,Liberty,Louisiana Tech,away,ppp,offense,28.0,11.0,2.5454545454545454,11.0,possessions,observed,,mixed_eligibility_drive,historically_reconstructed
2025,13,401757308,2025-11-22 20:00:00+00:00,Middle Tennessee,Sam Houston State,home,ppp,offense,31.0,11.0,2.8181818181818183,11.0,possessions,observed,,mixed_eligibility_drive,historically_reconstructed
2025,13,401757308,2025-11-22 20:00:00+00:00,Sam Houston State,Middle Tennessee,away,ppp,offense,14.0,12.0,1.1666666666666667,12.0,possessions,observed,,mixed_eligibility_drive,historically_reconstructed
2025,13,401757309,2025-11-22 20:00:00+00:00,UTEP,New Mexico State,home,ppp,offense,24.0,13.0,1.8461538461538463,13.0,possessions,observed,,mixed_eligibility_drive,historically_reconstructed
2025,13,401757309,2025-11-22 20:00:00+00:00,New Mexico State,UTEP,away,ppp,offense,34.0,13.0,2.6153846153846154,13.0,possessions,observed,,mixed_eligibility_drive,historically_reconstructed
2025,13,401760415,2025-11-23 00:00:00+00:00,Air Force,New Mexico,home,ppp,offense,3.0,7.0,0.42857142857142855,7.0,possessions,observed,,mixed_eligibility_drive,historically_reconstructed
2025,13,401760415,2025-11-23 00:00:00+00:00,New Mexico,Air Force,away,ppp,offense,20.0,7.0,2.857142857142857,7.0,possessions,observed,,mixed_eligibility_drive,historically_reconstructed
2025,13,401760416,2025-11-23 00:00:00+00:00,Boise State,Colorado State,home,ppp,offense,49.0,12.0,4.083333333333333,12.0,possessions,observed,,mixed_eligibility_drive,historically_reconstructed
2025,13,401760416,2025-11-23 00:00:00+00:00,Colorado State,Boise State,away,ppp,offense,14.0,13.0,1.0769230769230769,13.0,possessions,observed,,mixed_eligibility_drive,historically_reconstructed
2025,13,401760417,2025-11-23 03:30:00+00:00,Fresno State,Utah State,home,ppp,offense,17.0,13.0,1.3076923076923077,13.0,possessions,observed,,mixed_eligibility_drive,historically_reconstructed
2025,13,401760417,2025-11-23 03:30:00+00:00,Utah State,Fresno State,away,ppp,offense,0.0,14.0,,0.0,possessions,missing,unresolved_scoring_attribution,mixed_eligibility_drive,historically_reconstructed
2025,13,401760418,2025-11-22 03:30:00+00:00,UNLV,Hawai_i,home,ppp,offense,31.0,7.0,4.428571428571429,7.0,possessions,observed,,mixed_eligibility_drive,historically_reconstructed
2025,13,401760418,2025-11-22 03:30:00+00:00,Hawai_i,UNLV,away,ppp,offense,10.0,8.0,1.25,8.0,possessions,observed,,mixed_eligibility_drive,historically_reconstructed
2025,13,401760419,2025-11-22 19:00:00+00:00,Wyoming,Nevada,home,ppp,offense,7.0,10.0,0.7,10.0,possessions,observed,,mixed_eligibility_drive,historically_reconstructed
2025,13,401760419,2025-11-22 19:00:00+00:00,Nevada,Wyoming,away,ppp,offense,13.0,10.0,1.3,10.0,possessions,observed,,mixed_eligibility_drive,historically_reconstructed
2025,13,401760420,2025-11-23 03:30:00+00:00,San Diego State,San Jose State,home,ppp,offense,25.0,11.0,2.272727272727273,11.0,possessions,observed,,mixed_eligibility_drive,historically_reconstructed
2025,13,401760420,2025-11-23 03:30:00+00:00,San Jose State,San Diego State,away,ppp,offense,3.0,11.0,0.2727272727272727,11.0,possessions,observed,,mixed_eligibility_drive,historically_reconstructed
2025,13,401761655,2025-11-21 00:30:00+00:00,Arkansas State,Louisiana,home,ppp,offense,3.0,11.0,,0.0,possessions,missing,unresolved_scoring_attribution,mixed_eligibility_drive,historically_reconstructed
2025,13,401761655,2025-11-21 00:30:00+00:00,Louisiana,Arkansas State,away,ppp,offense,14.0,14.0,,0.0,possessions,missing,unresolved_scoring_attribution,mixed_eligibility_drive,historically_reconstructed
2025,13,401761656,2025-11-22 19:30:00+00:00,Appalachian State,Marshall,home,ppp,offense,26.0,13.0,2.0,13.0,possessions,observed,,mixed_eligibility_drive,historically_reconstructed
2025,13,401761656,2025-11-22 19:30:00+00:00,Marshall,Appalachian State,away,ppp,offense,24.0,13.0,1.8461538461538463,13.0,possessions,observed,,mixed_eligibility_drive,historically_reconstructed
2025,13,401761657,2025-11-22 18:00:00+00:00,Georgia Southern,Old Dominion,home,ppp,offense,0.0,7.0,0.0,7.0,possessions,observed,,mixed_eligibility_drive,historically_reconstructed
2025,13,401761657,2025-11-22 18:00:00+00:00,Old Dominion,Georgia Southern,away,ppp,offense,38.0,7.0,5.428571428571429,7.0,possessions,observed,,mixed_eligibility_drive,historically_reconstructed
2025,13,401761658,2025-11-22 20:30:00+00:00,South Alabama,Southern Mississippi,home,ppp,offense,42.0,13.0,3.230769230769231,13.0,possessions,observed,,mixed_eligibility_drive,historically_reconstructed
2025,13,401761658,2025-11-22 20:30:00+00:00,Southern Mississippi,South Alabama,away,ppp,offense,35.0,13.0,2.6923076923076925,13.0,possessions,observed,,mixed_eligibility_drive,historically_reconstructed
2025,13,401761659,2025-11-22 22:00:00+00:00,Texas State,Louisiana Monroe,home,ppp,offense,31.0,10.0,3.1,10.0,possessions,observed,,mixed_eligibility_drive,historically_reconstructed
2025,13,401761659,2025-11-22 22:00:00+00:00,Louisiana Monroe,Texas State,away,ppp,offense,14.0,11.0,1.2727272727272727,11.0,possessions,observed,,mixed_eligibility_drive,historically_reconstructed
2025,13,401761660,2025-11-22 21:00:00+00:00,Troy,Georgia State,home,ppp,offense,31.0,14.0,2.2142857142857144,14.0,possessions,observed,,mixed_eligibility_drive,historically_reconstructed
2025,13,401761660,2025-11-22 21:00:00+00:00,Georgia State,Troy,away,ppp,offense,19.0,14.0,1.3571428571428572,14.0,possessions,observed,,mixed_eligibility_drive,historically_reconstructed
2025,13,401762511,2025-11-22 20:00:00+00:00,UAB,South Florida,home,ppp,offense,18.0,11.0,1.6363636363636365,11.0,possessions,observed,,mixed_eligibility_drive,historically_reconstructed
2025,13,401762511,2025-11-22 20:00:00+00:00,South Florida,UAB,away,ppp,offense,48.0,11.0,4.363636363636363,11.0,possessions,observed,,mixed_eligibility_drive,historically_reconstructed
2025,13,401762512,2025-11-22 17:00:00+00:00,Army,Tulsa,home,ppp,offense,7.0,10.0,,0.0,possessions,missing,unresolved_scoring_attribution,mixed_eligibility_drive,historically_reconstructed
2025,13,401762512,2025-11-22 17:00:00+00:00,Tulsa,Army,away,ppp,offense,26.0,10.0,2.6,10.0,possessions,observed,,mixed_eligibility_drive,historically_reconstructed
2025,13,401762513,2025-11-22 20:30:00+00:00,UT San Antonio,East Carolina,home,ppp,offense,48.0,9.0,5.333333333333333,9.0,possessions,observed,,mixed_eligibility_drive,historically_reconstructed
2025,13,401762513,2025-11-22 20:30:00+00:00,East Carolina,UT San Antonio,away,ppp,offense,10.0,9.0,1.1111111111111112,9.0,possessions,observed,,mixed_eligibility_drive,historically_reconstructed
2025,13,401762514,2025-11-23 00:30:00+00:00,Rice,North Texas,home,ppp,offense,20.0,9.0,2.2222222222222223,9.0,possessions,observed,,mixed_eligibility_drive,historically_reconstructed
2025,13,401762514,2025-11-23 00:30:00+00:00,North Texas,Rice,away,ppp,offense,55.0,10.0,5.5,10.0,possessions,observed,,mixed_eligibility_drive,historically_reconstructed
2025,13,401762515,2025-11-22 20:45:00+00:00,Temple,Tulane,home,ppp,offense,13.0,12.0,1.0833333333333333,12.0,possessions,observed,,mixed_eligibility_drive,historically_reconstructed
2025,13,401762515,2025-11-22 20:45:00+00:00,Tulane,Temple,away,ppp,offense,37.0,12.0,3.0833333333333335,12.0,possessions,observed,,mixed_eligibility_drive,historically_reconstructed
2025,13,401762862,2025-11-19 00:00:00+00:00,Bowling Green,Akron,home,ppp,offense,16.0,13.0,1.2307692307692308,13.0,possessions,observed,,mixed_eligibility_drive,historically_reconstructed
2025,13,401762862,2025-11-19 00:00:00+00:00,Akron,Bowling Green,away,ppp,offense,18.0,13.0,1.3846153846153846,13.0,possessions,observed,,mixed_eligibility_drive,historically_reconstructed
2025,13,401762863,2025-11-19 00:00:00+00:00,Ohio,UMass,home,ppp,offense,42.0,10.0,4.2,10.0,possessions,observed,,mixed_eligibility_drive,historically_reconstructed
2025,13,401762863,2025-11-19 00:00:00+00:00,UMass,Ohio,away,ppp,offense,14.0,10.0,1.4,10.0,possessions,observed,,mixed_eligibility_drive,historically_reconstructed
2025,13,401762864,2025-11-19 00:00:00+00:00,Northern Illinois,Western Michigan,home,ppp,offense,19.0,11.0,1.7272727272727273,11.0,possessions,observed,,mixed_eligibility_drive,historically_reconstructed
2025,13,401762864,2025-11-19 00:00:00+00:00,Western Michigan,Northern Illinois,away,ppp,offense,35.0,11.0,3.1818181818181817,11.0,possessions,observed,,mixed_eligibility_drive,historically_reconstructed
2025,13,401762865,2025-11-20 00:00:00+00:00,Buffalo,Miami (OH),home,ppp,offense,20.0,16.0,1.25,16.0,possessions,observed,,mixed_eligibility_drive,historically_reconstructed
2025,13,401762865,2025-11-20 00:00:00+00:00,Miami (OH),Buffalo,away,ppp,offense,37.0,16.0,2.3125,16.0,possessions,observed,,mixed_eligibility_drive,historically_reconstructed
2025,13,401762866,2025-11-20 00:00:00+00:00,Kent State,Central Michigan,home,ppp,offense,10.0,10.0,1.0,10.0,possessions,observed,,mixed_eligibility_drive,historically_reconstructed
2025,13,401762866,2025-11-20 00:00:00+00:00,Central Michigan,Kent State,away,ppp,offense,28.0,11.0,2.5454545454545454,11.0,possessions,observed,,mixed_eligibility_drive,historically_reconstructed
2025,13,401762867,2025-11-22 19:00:00+00:00,Toledo,Ball State,home,ppp,offense,31.0,11.0,2.8181818181818183,11.0,possessions,observed,,mixed_eligibility_drive,historically_reconstructed
2025,13,401762867,2025-11-22 19:00:00+00:00,Ball State,Toledo,away,ppp,offense,3.0,11.0,0.2727272727272727,11.0,possessions,observed,,mixed_eligibility_drive,historically_reconstructed
2025,14,401752783,2025-11-29 20:30:00+00:00,Arkansas,Missouri,home,ppp,offense,10.0,9.0,1.1111111111111112,9.0,possessions,observed,,mixed_eligibility_drive,historically_reconstructed
2025,14,401752783,2025-11-29 20:30:00+00:00,Missouri,Arkansas,away,ppp,offense,22.0,10.0,2.2,10.0,possessions,observed,,mixed_eligibility_drive,historically_reconstructed
2025,14,401752784,2025-11-30 00:30:00+00:00,Auburn,Alabama,home,ppp,offense,20.0,13.0,1.5384615384615385,13.0,possessions,observed,,mixed_eligibility_drive,historically_reconstructed
2025,14,401752784,2025-11-30 00:30:00+00:00,Alabama,Auburn,away,ppp,offense,0.0,12.0,,0.0,possessions,missing,unresolved_scoring_attribution,mixed_eligibility_drive,historically_reconstructed
2025,14,401752785,2025-11-29 21:30:00+00:00,Florida,Florida State,home,ppp,offense,40.0,8.0,5.0,8.0,possessions,observed,,mixed_eligibility_drive,historically_reconstructed
2025,14,401752785,2025-11-29 21:30:00+00:00,Florida State,Florida,away,ppp,offense,14.0,9.0,1.5555555555555556,9.0,possessions,observed,,mixed_eligibility_drive,historically_reconstructed
2025,14,401752786,2025-11-28 20:30:00+00:00,Georgia Tech,Georgia,home,ppp,offense,9.0,10.0,0.9,10.0,possessions,observed,,mixed_eligibility_drive,historically_reconstructed
2025,14,401752786,2025-11-28 20:30:00+00:00,Georgia,Georgia Tech,away,ppp,offense,16.0,10.0,1.6,10.0,possessions,observed,,mixed_eligibility_drive,historically_reconstructed
2025,14,401752787,2025-11-29 17:00:00+00:00,Louisville,Kentucky,home,ppp,offense,34.0,10.0,3.4,10.0,possessions,observed,,mixed_eligibility_drive,historically_reconstructed
2025,14,401752787,2025-11-29 17:00:00+00:00,Kentucky,Louisville,away,ppp,offense,0.0,9.0,0.0,9.0,possessions,observed,,mixed_eligibility_drive,historically_reconstructed
2025,14,401752788,2025-11-28 17:00:00+00:00,Mississippi State,Ole Miss,home,ppp,offense,19.0,12.0,1.5833333333333333,12.0,possessions,observed,,mixed_eligibility_drive,historically_reconstructed
2025,14,401752788,2025-11-28 17:00:00+00:00,Ole Miss,Mississippi State,away,ppp,offense,38.0,12.0,3.1666666666666665,12.0,possessions,observed,,mixed_eligibility_drive,historically_reconstructed
2025,14,401752789,2025-11-29 20:30:00+00:00,Oklahoma,LSU,home,ppp,offense,17.0,15.0,1.1333333333333333,15.0,possessions,observed,,mixed_eligibility_drive,historically_reconstructed
2025,14,401752789,2025-11-29 20:30:00+00:00,LSU,Oklahoma,away,ppp,offense,13.0,15.0,0.8666666666666667,15.0,possessions,observed,,mixed_eligibility_drive,historically_reconstructed
2025,14,401752790,2025-11-29 17:00:00+00:00,South Carolina,Clemson,home,ppp,offense,14.0,13.0,1.0769230769230769,13.0,possessions,observed,,mixed_eligibility_drive,historically_reconstructed
2025,14,401752790,2025-11-29 17:00:00+00:00,Clemson,South Carolina,away,ppp,offense,20.0,12.0,1.6666666666666667,12.0,possessions,observed,,mixed_eligibility_drive,historically_reconstructed
2025,14,401752791,2025-11-29 20:30:00+00:00,Tennessee,Vanderbilt,home,ppp,offense,24.0,11.0,2.1818181818181817,11.0,possessions,observed,,mixed_eligibility_drive,historically_reconstructed
2025,14,401752791,2025-11-29 20:30:00+00:00,Vanderbilt,Tennessee,away,ppp,offense,31.0,11.0,,0.0,possessions,missing,unresolved_scoring_attribution,mixed_eligibility_drive,historically_reconstructed
2025,14,401752792,2025-11-29 00:30:00+00:00,Texas,Texas A&M,home,ppp,offense,27.0,13.0,2.076923076923077,13.0,possessions,observed,,mixed_eligibility_drive,historically_reconstructed
2025,14,401752792,2025-11-29 00:30:00+00:00,Texas A&M,Texas,away,ppp,offense,17.0,12.0,1.4166666666666667,12.0,possessions,observed,,mixed_eligibility_drive,historically_reconstructed
2025,14,401752916,2025-11-28 17:00:00+00:00,Nebraska,Iowa,home,ppp,offense,16.0,10.0,1.6,10.0,possessions,observed,,mixed_eligibility_drive,historically_reconstructed
2025,14,401752916,2025-11-28 17:00:00+00:00,Iowa,Nebraska,away,ppp,offense,38.0,10.0,3.8,10.0,possessions,observed,,mixed_eligibility_drive,historically_reconstructed
2025,14,401752917,2025-11-29 20:30:00+00:00,Washington,Oregon,home,ppp,offense,14.0,11.0,1.2727272727272727,11.0,possessions,observed,,mixed_eligibility_drive,historically_reconstructed
2025,14,401752917,2025-11-29 20:30:00+00:00,Oregon,Washington,away,ppp,offense,26.0,12.0,2.1666666666666665,12.0,possessions,observed,,mixed_eligibility_drive,historically_reconstructed
2025,14,401752918,2025-11-29 20:30:00+00:00,Minnesota,Wisconsin,home,ppp,offense,17.0,10.0,1.7,10.0,possessions,observed,,mixed_eligibility_drive,historically_reconstructed
2025,14,401752918,2025-11-29 20:30:00+00:00,Wisconsin,Minnesota,away,ppp,offense,7.0,10.0,0.7,10.0,possessions,observed,,mixed_eligibility_drive,historically_reconstructed
2025,14,401752919,2025-11-30 00:30:00+00:00,USC,UCLA,home,ppp,offense,29.0,9.0,3.2222222222222223,9.0,possessions,observed,,mixed_eligibility_drive,historically_reconstructed
2025,14,401752919,2025-11-30 00:30:00+00:00,UCLA,USC,away,ppp,offense,10.0,8.0,1.25,8.0,possessions,observed,,mixed_eligibility_drive,historically_reconstructed
2025,14,401752920,2025-11-29 20:30:00+00:00,Rutgers,Penn State,home,ppp,offense,36.0,10.0,3.6,10.0,possessions,observed,,mixed_eligibility_drive,historically_reconstructed
2025,14,401752920,2025-11-29 20:30:00+00:00,Penn State,Rutgers,away,ppp,offense,33.0,10.0,3.3,10.0,possessions,observed,,mixed_eligibility_drive,historically_reconstructed
2025,14,401752921,2025-11-29 17:00:00+00:00,Michigan,Ohio State,home,ppp,offense,9.0,9.0,1.0,9.0,possessions,observed,,mixed_eligibility_drive,historically_reconstructed
2025,14,401752921,2025-11-29 17:00:00+00:00,Ohio State,Michigan,away,ppp,offense,27.0,9.0,3.0,9.0,possessions,observed,,mixed_eligibility_drive,historically_reconstructed
2025,14,401752922,2025-11-30 00:30:00+00:00,Illinois,Northwestern,home,ppp,offense,20.0,11.0,1.8181818181818181,11.0,possessions,observed,,mixed_eligibility_drive,historically_reconstructed
2025,14,401752922,2025-11-30 00:30:00+00:00,Northwestern,Illinois,away,ppp,offense,13.0,11.0,1.1818181818181819,11.0,possessions,observed,,mixed_eligibility_drive,historically_reconstructed
2025,14,401752923,2025-11-30 00:00:00+00:00,Michigan State,Maryland,home,ppp,offense,31.0,12.0,2.5833333333333335,12.0,possessions,observed,,mixed_eligibility_drive,historically_reconstructed
2025,14,401752923,2025-11-30 00:00:00+00:00,Maryland,Michigan State,away,ppp,offense,21.0,12.0,1.75,12.0,possessions,observed,,mixed_eligibility_drive,historically_reconstructed
2025,14,401752924,2025-11-29 00:30:00+00:00,Purdue,Indiana,home,ppp,offense,3.0,9.0,0.3333333333333333,9.0,possessions,observed,,mixed_eligibility_drive,historically_reconstructed
2025,14,401752924,2025-11-29 00:30:00+00:00,Indiana,Purdue,away,ppp,offense,42.0,9.0,4.666666666666667,9.0,possessions,observed,,mixed_eligibility_drive,historically_reconstructed
2025,14,401752946,2025-11-29 23:30:00+00:00,Washington State,Oregon State,home,ppp,offense,32.0,12.0,2.6666666666666665,12.0,possessions,observed,,mixed_eligibility_drive,historically_reconstructed
2025,14,401752946,2025-11-29 23:30:00+00:00,Oregon State,Washington State,away,ppp,offense,8.0,13.0,0.6153846153846154,13.0,possessions,observed,,mixed_eligibility_drive,historically_reconstructed
2025,14,401754608,2025-11-29 20:00:00+00:00,Syracuse,Boston College,home,ppp,offense,12.0,11.0,1.0909090909090908,11.0,possessions,observed,,mixed_eligibility_drive,historically_reconstructed
2025,14,401754608,2025-11-29 20:00:00+00:00,Boston College,Syracuse,away,ppp,offense,34.0,11.0,3.090909090909091,11.0,possessions,observed,,mixed_eligibility_drive,historically_reconstructed
2025,14,401754609,2025-11-30 01:00:00+00:00,California,SMU,home,ppp,offense,38.0,11.0,3.4545454545454546,11.0,possessions,observed,,mixed_eligibility_drive,historically_reconstructed
2025,14,401754609,2025-11-30 01:00:00+00:00,SMU,California,away,ppp,offense,35.0,11.0,3.1818181818181817,11.0,possessions,observed,,mixed_eligibility_drive,historically_reconstructed
2025,14,401754610,2025-11-29 20:30:00+00:00,Duke,Wake Forest,home,ppp,offense,49.0,14.0,3.5,14.0,possessions,observed,,mixed_eligibility_drive,historically_reconstructed
2025,14,401754610,2025-11-29 20:30:00+00:00,Wake Forest,Duke,away,ppp,offense,32.0,13.0,2.4615384615384617,13.0,possessions,observed,,mixed_eligibility_drive,historically_reconstructed
2025,14,401754611,2025-11-29 17:00:00+00:00,Pittsburgh,Miami,home,ppp,offense,7.0,9.0,0.7777777777777778,9.0,possessions,observed,,mixed_eligibility_drive,historically_reconstructed
2025,14,401754611,2025-11-29 17:00:00+00:00,Miami,Pittsburgh,away,ppp,offense,38.0,10.0,3.8,10.0,possessions,observed,,mixed_eligibility_drive,historically_reconstructed
2025,14,401754612,2025-11-30 00:30:00+00:00,NC State,North Carolina,home,ppp,offense,42.0,9.0,4.666666666666667,9.0,possessions,observed,,mixed_eligibility_drive,historically_reconstructed
2025,14,401754612,2025-11-30 00:30:00+00:00,North Carolina,NC State,away,ppp,offense,19.0,9.0,2.111111111111111,9.0,possessions,observed,,mixed_eligibility_drive,historically_reconstructed
2025,14,401754613,2025-11-30 00:00:00+00:00,Virginia,Virginia Tech,home,ppp,offense,27.0,12.0,2.25,12.0,possessions,observed,,mixed_eligibility_drive,historically_reconstructed
2025,14,401754613,2025-11-30 00:00:00+00:00,Virginia Tech,Virginia,away,ppp,offense,7.0,11.0,0.6363636363636364,11.0,possessions,observed,,mixed_eligibility_drive,historically_reconstructed
2025,14,401754614,2025-11-30 03:30:00+00:00,Stanford,Notre Dame,home,ppp,offense,3.0,7.0,0.42857142857142855,7.0,possessions,observed,,mixed_eligibility_drive,historically_reconstructed
2025,14,401754614,2025-11-30 03:30:00+00:00,Notre Dame,Stanford,away,ppp,offense,42.0,7.0,6.0,7.0,possessions,observed,,mixed_eligibility_drive,historically_reconstructed
2025,14,401756961,2025-11-29 02:00:00+00:00,Arizona State,Arizona,home,ppp,offense,7.0,12.0,0.5833333333333334,12.0,possessions,observed,,mixed_eligibility_drive,historically_reconstructed
2025,14,401756961,2025-11-29 02:00:00+00:00,Arizona,Arizona State,away,ppp,offense,23.0,12.0,1.9166666666666667,12.0,possessions,observed,,mixed_eligibility_drive,historically_reconstructed
2025,14,401756962,2025-11-29 17:00:00+00:00,Baylor,Houston,home,ppp,offense,24.0,11.0,2.1818181818181817,11.0,possessions,observed,,mixed_eligibility_drive,historically_reconstructed
2025,14,401756962,2025-11-29 17:00:00+00:00,Houston,Baylor,away,ppp,offense,24.0,11.0,2.1818181818181817,11.0,possessions,observed,,mixed_eligibility_drive,historically_reconstructed
2025,14,401756963,2025-11-29 18:00:00+00:00,BYU,UCF,home,ppp,offense,34.0,10.0,3.4,10.0,possessions,observed,,mixed_eligibility_drive,historically_reconstructed
2025,14,401756963,2025-11-29 18:00:00+00:00,UCF,BYU,away,ppp,offense,21.0,12.0,1.75,12.0,possessions,observed,,mixed_eligibility_drive,historically_reconstructed
2025,14,401756964,2025-11-28 17:00:00+00:00,Kansas,Utah,home,ppp,offense,21.0,11.0,1.9090909090909092,11.0,possessions,observed,,mixed_eligibility_drive,historically_reconstructed
2025,14,401756964,2025-11-28 17:00:00+00:00,Utah,Kansas,away,ppp,offense,24.0,11.0,2.1818181818181817,11.0,possessions,observed,,mixed_eligibility_drive,historically_reconstructed
2025,14,401756965,2025-11-29 17:00:00+00:00,Kansas State,Colorado,home,ppp,offense,24.0,10.0,2.4,10.0,possessions,observed,,mixed_eligibility_drive,historically_reconstructed
2025,14,401756965,2025-11-29 17:00:00+00:00,Colorado,Kansas State,away,ppp,offense,14.0,9.0,1.5555555555555556,9.0,possessions,observed,,mixed_eligibility_drive,historically_reconstructed
2025,14,401756966,2025-11-29 17:00:00+00:00,Oklahoma State,Iowa State,home,ppp,offense,13.0,12.0,1.0833333333333333,12.0,possessions,observed,,mixed_eligibility_drive,historically_reconstructed
2025,14,401756966,2025-11-29 17:00:00+00:00,Iowa State,Oklahoma State,away,ppp,offense,19.0,11.0,1.7272727272727273,11.0,possessions,observed,,mixed_eligibility_drive,historically_reconstructed
2025,14,401756967,2025-11-29 20:30:00+00:00,TCU,Cincinnati,home,ppp,offense,44.0,11.0,4.0,11.0,possessions,observed,,mixed_eligibility_drive,historically_reconstructed
2025,14,401756967,2025-11-29 20:30:00+00:00,Cincinnati,TCU,away,ppp,offense,23.0,10.0,2.3,10.0,possessions,observed,,mixed_eligibility_drive,historically_reconstructed
2025,14,401756968,2025-11-29 17:00:00+00:00,West Virginia,Texas Tech,home,ppp,offense,0.0,7.0,0.0,7.0,possessions,observed,,mixed_eligibility_drive,historically_reconstructed
2025,14,401756968,2025-11-29 17:00:00+00:00,Texas Tech,West Virginia,away,ppp,offense,35.0,8.0,4.375,8.0,possessions,observed,,mixed_eligibility_drive,historically_reconstructed
2025,14,401757310,2025-11-29 18:00:00+00:00,Delaware,UTEP,home,ppp,offense,51.0,15.0,3.4,15.0,possessions,observed,,mixed_eligibility_drive,historically_reconstructed
2025,14,401757310,2025-11-29 18:00:00+00:00,UTEP,Delaware,away,ppp,offense,7.0,16.0,,0.0,possessions,missing,unresolved_scoring_attribution,mixed_eligibility_drive,historically_reconstructed
2025,14,401757311,2025-11-29 18:00:00+00:00,Sam Houston State,Florida International,home,ppp,offense,16.0,14.0,1.1428571428571428,14.0,possessions,observed,,mixed_eligibility_drive,historically_reconstructed
2025,14,401757311,2025-11-29 18:00:00+00:00,Florida International,Sam Houston State,away,ppp,offense,42.0,12.0,3.5,12.0,possessions,observed,,mixed_eligibility_drive,historically_reconstructed
2025,14,401757312,2025-11-29 19:00:00+00:00,Jacksonville State,Western Kentucky,home,ppp,offense,37.0,12.0,3.0833333333333335,12.0,possessions,observed,,mixed_eligibility_drive,historically_reconstructed
2025,14,401757312,2025-11-29 19:00:00+00:00,Western Kentucky,Jacksonville State,away,ppp,offense,31.0,12.0,2.5833333333333335,12.0,possessions,observed,,mixed_eligibility_drive,historically_reconstructed
2025,14,401757313,2025-11-29 20:30:00+00:00,Liberty,Kennesaw State,home,ppp,offense,27.0,11.0,,0.0,possessions,missing,unresolved_scoring_attribution,mixed_eligibility_drive,historically_reconstructed
2025,14,401757313,2025-11-29 20:30:00+00:00,Kennesaw State,Liberty,away,ppp,offense,35.0,11.0,3.1818181818181817,11.0,possessions,observed,,mixed_eligibility_drive,historically_reconstructed
2025,14,401757314,2025-11-29 19:00:00+00:00,Missouri State,Louisiana Tech,home,ppp,offense,30.0,10.0,3.0,10.0,possessions,observed,,mixed_eligibility_drive,historically_reconstructed
2025,14,401757314,2025-11-29 19:00:00+00:00,Louisiana Tech,Missouri State,away,ppp,offense,35.0,10.0,3.5,10.0,possessions,observed,,mixed_eligibility_drive,historically_reconstructed
2025,14,401757315,2025-11-29 20:00:00+00:00,New Mexico State,Middle Tennessee,home,ppp,offense,24.0,14.0,1.7142857142857142,14.0,possessions,observed,,mixed_eligibility_drive,historically_reconstructed
2025,14,401757315,2025-11-29 20:00:00+00:00,Middle Tennessee,New Mexico State,away,ppp,offense,24.0,13.0,1.8461538461538463,13.0,possessions,observed,,mixed_eligibility_drive,historically_reconstructed
2025,14,401760421,2025-11-28 20:00:00+00:00,Colorado State,Air Force,home,ppp,offense,21.0,8.0,2.625,8.0,possessions,observed,,mixed_eligibility_drive,historically_reconstructed
2025,14,401760421,2025-11-28 20:00:00+00:00,Air Force,Colorado State,away,ppp,offense,42.0,8.0,5.25,8.0,possessions,observed,,mixed_eligibility_drive,historically_reconstructed
2025,14,401760422,2025-11-28 21:00:00+00:00,Utah State,Boise State,home,ppp,offense,24.0,15.0,1.6,15.0,possessions,observed,,mixed_eligibility_drive,historically_reconstructed
2025,14,401760422,2025-11-28 21:00:00+00:00,Boise State,Utah State,away,ppp,offense,25.0,14.0,1.7857142857142858,14.0,possessions,observed,,mixed_eligibility_drive,historically_reconstructed
2025,14,401760423,2025-11-30 03:30:00+00:00,San Jose State,Fresno State,home,ppp,offense,7.0,13.0,0.5384615384615384,13.0,possessions,observed,,mixed_eligibility_drive,historically_reconstructed
2025,14,401760423,2025-11-30 03:30:00+00:00,Fresno State,San Jose State,away,ppp,offense,41.0,15.0,2.7333333333333334,15.0,possessions,observed,,mixed_eligibility_drive,historically_reconstructed
2025,14,401760424,2025-11-30 04:00:00+00:00,Hawai_i,Wyoming,home,ppp,offense,27.0,13.0,2.076923076923077,13.0,possessions,observed,,mixed_eligibility_drive,historically_reconstructed
2025,14,401760424,2025-11-30 04:00:00+00:00,Wyoming,Hawai_i,away,ppp,offense,0.0,11.0,0.0,11.0,possessions,observed,,mixed_eligibility_drive,historically_reconstructed
2025,14,401760425,2025-11-30 02:00:00+00:00,Nevada,UNLV,home,ppp,offense,17.0,11.0,1.5454545454545454,11.0,possessions,observed,,mixed_eligibility_drive,historically_reconstructed
2025,14,401760425,2025-11-30 02:00:00+00:00,UNLV,Nevada,away,ppp,offense,42.0,11.0,3.8181818181818183,11.0,possessions,observed,,mixed_eligibility_drive,historically_reconstructed
2025,14,401760426,2025-11-28 20:30:00+00:00,New Mexico,San Diego State,home,ppp,offense,17.0,12.0,1.4166666666666667,12.0,possessions,observed,,mixed_eligibility_drive,historically_reconstructed
2025,14,401760426,2025-11-28 20:30:00+00:00,San Diego State,New Mexico,away,ppp,offense,17.0,11.0,1.5454545454545454,11.0,possessions,observed,,mixed_eligibility_drive,historically_reconstructed
2025,14,401761661,2025-11-29 19:30:00+00:00,Appalachian State,Arkansas State,home,ppp,offense,22.0,14.0,1.5714285714285714,14.0,possessions,observed,,mixed_eligibility_drive,historically_reconstructed
2025,14,401761661,2025-11-29 19:30:00+00:00,Arkansas State,Appalachian State,away,ppp,offense,30.0,14.0,2.142857142857143,14.0,possessions,observed,,mixed_eligibility_drive,historically_reconstructed
2025,14,401761662,2025-11-29 20:45:00+00:00,Coastal Carolina,James Madison,home,ppp,offense,10.0,10.0,1.0,10.0,possessions,observed,,mixed_eligibility_drive,historically_reconstructed
2025,14,401761662,2025-11-29 20:45:00+00:00,James Madison,Coastal Carolina,away,ppp,offense,23.0,10.0,2.3,10.0,possessions,observed,,mixed_eligibility_drive,historically_reconstructed
2025,14,401761663,2025-11-29 18:30:00+00:00,Marshall,Georgia Southern,home,ppp,offense,19.0,9.0,2.111111111111111,9.0,possessions,observed,,mixed_eligibility_drive,historically_reconstructed
2025,14,401761663,2025-11-29 18:30:00+00:00,Georgia Southern,Marshall,away,ppp,offense,24.0,10.0,2.4,10.0,possessions,observed,,mixed_eligibility_drive,historically_reconstructed
2025,14,401761664,2025-11-29 19:00:00+00:00,Old Dominion,Georgia State,home,ppp,offense,20.0,14.0,1.4285714285714286,14.0,possessions,observed,,mixed_eligibility_drive,historically_reconstructed
2025,14,401761664,2025-11-29 19:00:00+00:00,Georgia State,Old Dominion,away,ppp,offense,10.0,13.0,0.7692307692307693,13.0,possessions,observed,,mixed_eligibility_drive,historically_reconstructed
2025,14,401761665,2025-11-29 20:00:00+00:00,Louisiana,Louisiana Monroe,home,ppp,offense,20.0,11.0,1.8181818181818181,11.0,possessions,observed,,mixed_eligibility_drive,historically_reconstructed
2025,14,401761665,2025-11-29 20:00:00+00:00,Louisiana Monroe,Louisiana,away,ppp,offense,27.0,12.0,2.25,12.0,possessions,observed,,mixed_eligibility_drive,historically_reconstructed
2025,14,401761666,2025-11-29 20:30:00+00:00,Southern Mississippi,Troy,home,ppp,offense,18.0,12.0,1.5,12.0,possessions,observed,,mixed_eligibility_drive,historically_reconstructed
2025,14,401761666,2025-11-29 20:30:00+00:00,Troy,Southern Mississippi,away,ppp,offense,28.0,12.0,2.3333333333333335,12.0,possessions,observed,,mixed_eligibility_drive,historically_reconstructed
2025,14,401761667,2025-11-29 20:00:00+00:00,Texas State,South Alabama,home,ppp,offense,35.0,10.0,3.5,10.0,possessions,observed,,mixed_eligibility_drive,historically_reconstructed
2025,14,401761667,2025-11-29 20:00:00+00:00,South Alabama,Texas State,away,ppp,offense,7.0,12.0,,0.0,possessions,missing,unresolved_scoring_attribution,mixed_eligibility_drive,historically_reconstructed
2025,14,401762441,2025-11-29 20:30:00+00:00,UT San Antonio,Army,home,ppp,offense,24.0,10.0,2.4,10.0,possessions,observed,,mixed_eligibility_drive,historically_reconstructed
2025,14,401762441,2025-11-29 20:30:00+00:00,Army,UT San Antonio,away,ppp,offense,20.0,9.0,2.2222222222222223,9.0,possessions,observed,,mixed_eligibility_drive,historically_reconstructed
2025,14,401762442,2025-11-28 20:30:00+00:00,North Texas,Temple,home,ppp,offense,52.0,10.0,5.2,10.0,possessions,observed,,mixed_eligibility_drive,historically_reconstructed
2025,14,401762442,2025-11-28 20:30:00+00:00,Temple,North Texas,away,ppp,offense,22.0,10.0,2.2,10.0,possessions,observed,,mixed_eligibility_drive,historically_reconstructed
2025,14,401762516,2025-11-28 00:30:00+00:00,Memphis,Navy,home,ppp,offense,17.0,10.0,1.7,10.0,possessions,observed,,mixed_eligibility_drive,historically_reconstructed
2025,14,401762516,2025-11-28 00:30:00+00:00,Navy,Memphis,away,ppp,offense,28.0,11.0,2.5454545454545454,11.0,possessions,observed,,mixed_eligibility_drive,historically_reconstructed
2025,14,401762517,2025-11-29 20:00:00+00:00,Tulsa,UAB,home,ppp,offense,23.0,11.0,2.090909090909091,11.0,possessions,observed,,mixed_eligibility_drive,historically_reconstructed
2025,14,401762517,2025-11-29 20:00:00+00:00,UAB,Tulsa,away,ppp,offense,31.0,13.0,2.3846153846153846,13.0,possessions,observed,,mixed_eligibility_drive,historically_reconstructed
2025,14,401762518,2025-11-30 00:30:00+00:00,Tulane,Charlotte,home,ppp,offense,27.0,12.0,2.25,12.0,possessions,observed,,mixed_eligibility_drive,historically_reconstructed
2025,14,401762518,2025-11-30 00:30:00+00:00,Charlotte,Tulane,away,ppp,offense,0.0,11.0,0.0,11.0,possessions,observed,,mixed_eligibility_drive,historically_reconstructed
2025,14,401762519,2025-11-29 17:00:00+00:00,Florida Atlantic,East Carolina,home,ppp,offense,3.0,7.0,0.42857142857142855,7.0,possessions,observed,,mixed_eligibility_drive,historically_reconstructed
2025,14,401762519,2025-11-29 17:00:00+00:00,East Carolina,Florida Atlantic,away,ppp,offense,42.0,7.0,6.0,7.0,possessions,observed,,mixed_eligibility_drive,historically_reconstructed
2025,14,401762520,2025-11-30 00:00:00+00:00,South Florida,Rice,home,ppp,offense,38.0,7.0,5.428571428571429,7.0,possessions,observed,,mixed_eligibility_drive,historically_reconstructed
2025,14,401762520,2025-11-30 00:00:00+00:00,Rice,South Florida,away,ppp,offense,3.0,7.0,0.42857142857142855,7.0,possessions,observed,,mixed_eligibility_drive,historically_reconstructed
2025,14,401762868,2025-11-25 21:30:00+00:00,UMass,Bowling Green,home,ppp,offense,14.0,10.0,1.4,10.0,possessions,observed,,mixed_eligibility_drive,historically_reconstructed
2025,14,401762868,2025-11-25 21:30:00+00:00,Bowling Green,UMass,away,ppp,offense,45.0,11.0,4.090909090909091,11.0,possessions,observed,,mixed_eligibility_drive,historically_reconstructed
2025,14,401762869,2025-11-26 00:30:00+00:00,Eastern Michigan,Western Michigan,home,ppp,offense,21.0,10.0,2.1,10.0,possessions,observed,,mixed_eligibility_drive,historically_reconstructed
2025,14,401762869,2025-11-26 00:30:00+00:00,Western Michigan,Eastern Michigan,away,ppp,offense,31.0,11.0,2.8181818181818183,11.0,possessions,observed,,mixed_eligibility_drive,historically_reconstructed
2025,14,401762870,2025-11-28 17:00:00+00:00,Buffalo,Ohio,home,ppp,offense,26.0,13.0,2.0,13.0,possessions,observed,,mixed_eligibility_drive,historically_reconstructed
2025,14,401762870,2025-11-28 17:00:00+00:00,Ohio,Buffalo,away,ppp,offense,31.0,12.0,2.5833333333333335,12.0,possessions,observed,,mixed_eligibility_drive,historically_reconstructed
2025,14,401762871,2025-11-28 17:00:00+00:00,Northern Illinois,Kent State,home,ppp,offense,31.0,10.0,3.1,10.0,possessions,observed,,mixed_eligibility_drive,historically_reconstructed
2025,14,401762871,2025-11-28 17:00:00+00:00,Kent State,Northern Illinois,away,ppp,offense,35.0,11.0,3.1818181818181817,11.0,possessions,observed,,mixed_eligibility_drive,historically_reconstructed
2025,14,401762872,2025-11-29 17:00:00+00:00,Central Michigan,Toledo,home,ppp,offense,3.0,11.0,0.2727272727272727,11.0,possessions,observed,,mixed_eligibility_drive,historically_reconstructed
2025,14,401762872,2025-11-29 17:00:00+00:00,Toledo,Central Michigan,away,ppp,offense,21.0,11.0,1.9090909090909092,11.0,possessions,observed,,mixed_eligibility_drive,historically_reconstructed
2025,14,401762875,2025-11-29 17:00:00+00:00,Miami (OH),Ball State,home,ppp,offense,38.0,12.0,3.1666666666666665,12.0,possessions,observed,,mixed_eligibility_drive,historically_reconstructed
2025,14,401762875,2025-11-29 17:00:00+00:00,Ball State,Miami (OH),away,ppp,offense,24.0,13.0,1.8461538461538463,13.0,possessions,observed,,mixed_eligibility_drive,historically_reconstructed
2025,15,401777324,2025-12-06 01:00:00+00:00,Tulane,North Texas,home,ppp,offense,27.0,10.0,2.7,10.0,possessions,observed,,mixed_eligibility_drive,historically_reconstructed
2025,15,401777324,2025-12-06 01:00:00+00:00,North Texas,Tulane,away,ppp,offense,21.0,9.0,2.3333333333333335,9.0,possessions,observed,,mixed_eligibility_drive,historically_reconstructed
2025,15,401777325,2025-12-06 00:00:00+00:00,Jacksonville State,Kennesaw State,home,ppp,offense,15.0,10.0,1.5,10.0,possessions,observed,,mixed_eligibility_drive,historically_reconstructed
2025,15,401777325,2025-12-06 00:00:00+00:00,Kennesaw State,Jacksonville State,away,ppp,offense,17.0,9.0,1.8888888888888888,9.0,possessions,observed,,mixed_eligibility_drive,historically_reconstructed
2025,15,401777326,2025-12-06 01:00:00+00:00,Boise State,UNLV,home,ppp,offense,38.0,13.0,2.923076923076923,13.0,possessions,observed,,mixed_eligibility_drive,historically_reconstructed
2025,15,401777326,2025-12-06 01:00:00+00:00,UNLV,Boise State,away,ppp,offense,21.0,12.0,1.75,12.0,possessions,observed,,mixed_eligibility_drive,historically_reconstructed
2025,15,401777327,2025-12-06 17:00:00+00:00,Texas Tech,BYU,home,ppp,offense,34.0,12.0,2.8333333333333335,12.0,possessions,observed,,mixed_eligibility_drive,historically_reconstructed
2025,15,401777327,2025-12-06 17:00:00+00:00,BYU,Texas Tech,away,ppp,offense,7.0,12.0,0.5833333333333334,12.0,possessions,observed,,mixed_eligibility_drive,historically_reconstructed
2025,15,401777328,2025-12-07 01:00:00+00:00,Virginia,Duke,home,ppp,offense,20.0,9.0,2.2222222222222223,9.0,possessions,observed,,mixed_eligibility_drive,historically_reconstructed
2025,15,401777328,2025-12-07 01:00:00+00:00,Duke,Virginia,away,ppp,offense,20.0,10.0,2.0,10.0,possessions,observed,,mixed_eligibility_drive,historically_reconstructed
2025,15,401777329,2025-12-06 17:00:00+00:00,Western Michigan,Miami (OH),home,ppp,offense,23.0,13.0,1.7692307692307692,13.0,possessions,observed,,mixed_eligibility_drive,historically_reconstructed
2025,15,401777329,2025-12-06 17:00:00+00:00,Miami (OH),Western Michigan,away,ppp,offense,13.0,13.0,1.0,13.0,possessions,observed,,mixed_eligibility_drive,historically_reconstructed
2025,15,401777351,2025-12-06 21:00:00+00:00,Alabama,Georgia,home,ppp,offense,7.0,12.0,0.5833333333333334,12.0,possessions,observed,,mixed_eligibility_drive,historically_reconstructed
2025,15,401777351,2025-12-06 21:00:00+00:00,Georgia,Alabama,away,ppp,offense,28.0,12.0,2.3333333333333335,12.0,possessions,observed,,mixed_eligibility_drive,historically_reconstructed
2025,15,401777352,2025-12-06 00:00:00+00:00,James Madison,Troy,home,ppp,offense,24.0,15.0,1.6,15.0,possessions,observed,,mixed_eligibility_drive,historically_reconstructed
2025,15,401777352,2025-12-06 00:00:00+00:00,Troy,James Madison,away,ppp,offense,14.0,15.0,0.9333333333333333,15.0,possessions,observed,,mixed_eligibility_drive,historically_reconstructed
2025,15,401777353,2025-12-07 01:00:00+00:00,Ohio State,Indiana,home,ppp,offense,10.0,9.0,1.1111111111111112,9.0,possessions,observed,,mixed_eligibility_drive,historically_reconstructed
2025,15,401777353,2025-12-07 01:00:00+00:00,Indiana,Ohio State,away,ppp,offense,13.0,9.0,1.4444444444444444,9.0,possessions,observed,,mixed_eligibility_drive,historically_reconstructed
2025,16,401762521,2025-12-13 20:00:00+00:00,Navy,Army,home,ppp,offense,17.0,8.0,2.125,8.0,possessions,observed,,mixed_eligibility_drive,historically_reconstructed
2025,16,401762521,2025-12-13 20:00:00+00:00,Army,Navy,away,ppp,offense,16.0,8.0,2.0,8.0,possessions,observed,,mixed_eligibility_drive,historically_reconstructed
