season,game_id,source_event_id,team,drive_number,period_class,score_increment,scoring_category,unit_category,associated_possession_id,conversion_for_event_id,quality_reason,timing_class
2026,401856634,2026:401856634:1:11,Alabama,1,regulation,3,eligible_regulation_offense,offense,2026:401856634:1:11,,,live
2026,401856634,2026:401856634:3:10,Alabama,3,regulation,0,eligible_regulation_offense,offense,2026:401856634:3:10,,score_regression_rollback,live
2026,401856634,2026:401856634:4:1,Alabama,4,regulation,7,regulation_non_offense,non_offense,2026:401856634:4:1,,,live
2026,401856634,2026:401856634:5:8,Alabama,5,regulation,7,eligible_regulation_offense,offense,2026:401856634:5:8,,,live
2026,401856634,2026:401856634:6:4,East Carolina,6,regulation,7,eligible_regulation_offense,offense,2026:401856634:6:4,,,live
2026,401856634,2026:401856634:7:9,Alabama,7,regulation,7,eligible_regulation_offense,offense,2026:401856634:7:9,,,live
2026,401856634,2026:401856634:8:4,Alabama,8,regulation,7,regulation_non_offense,non_offense,2026:401856634:8:4,,,live
2026,401856634,2026:401856634:10:19,Alabama,10,regulation,7,eligible_regulation_offense,offense,2026:401856634:10:19,,,live
2026,401856634,2026:401856634:14:6,East Carolina,14,regulation,3,eligible_regulation_offense,offense,2026:401856634:14:6,,,live
2026,401856634,2026:401856634:19:10,Alabama,19,regulation,7,eligible_regulation_offense,offense,2026:401856634:19:10,,,live
2026,401856634,2026:401856634:21:12,Alabama,21,regulation,3,excluded_regulation_offense,offense,2026:401856634:21:12,,,live
2026,401856636,2026:401856636:3:7,Auburn,3,regulation,3,eligible_regulation_offense,offense,2026:401856636:3:7,,,live
2026,401856636,2026:401856636:11:5,Auburn,11,regulation,7,eligible_regulation_offense,offense,2026:401856636:11:5,,,live
2026,401856636,2026:401856636:12:13,Baylor,12,regulation,7,eligible_regulation_offense,offense,2026:401856636:12:13,,,live
2026,401856636,2026:401856636:23:14,Baylor,23,regulation,3,eligible_regulation_offense,offense,2026:401856636:23:14,,,live
2026,401856636,2026:401856636:24:11,Auburn,24,regulation,7,eligible_regulation_offense,offense,2026:401856636:24:11,,,live
2026,401856636,2026:401856636:25:1,Baylor,25,regulation,0,regulation_non_offense,non_offense,2026:401856636:25:1,,score_regression_rollback,live
2026,401856636,2026:401856636:26:19,Baylor,26,regulation,6,eligible_regulation_offense,offense,2026:401856636:26:19,,,live
2026,401856637,2026:401856637:2:7,Florida,2,regulation,7,eligible_regulation_offense,offense,2026:401856637:2:7,,,live
2026,401856637,2026:401856637:4:4,Florida,4,regulation,7,eligible_regulation_offense,offense,2026:401856637:4:4,,,live
2026,401856637,2026:401856637:6:8,Florida,6,regulation,3,eligible_regulation_offense,offense,2026:401856637:6:8,,,live
2026,401856637,2026:401856637:7:16,Florida Atlantic,7,regulation,7,eligible_regulation_offense,offense,2026:401856637:7:16,,,live
2026,401856637,2026:401856637:8:8,Florida,8,regulation,7,eligible_regulation_offense,offense,2026:401856637:8:8,,,live
2026,401856637,2026:401856637:9:15,Florida Atlantic,9,regulation,7,eligible_regulation_offense,offense,2026:401856637:9:15,,,live
2026,401856637,2026:401856637:10:9,Florida,10,regulation,7,eligible_regulation_offense,offense,2026:401856637:10:9,,,live
2026,401856637,2026:401856637:12:3,Florida,12,regulation,7,eligible_regulation_offense,offense,2026:401856637:12:3,,,live
2026,401856637,2026:401856637:16:5,Florida,16,regulation,7,eligible_regulation_offense,offense,2026:401856637:16:5,,,live
2026,401856637,2026:401856637:18:9,Florida,18,regulation,7,eligible_regulation_offense,offense,2026:401856637:18:9,,,live
2026,401856637,2026:401856637:19:10,Florida Atlantic,19,regulation,7,eligible_regulation_offense,offense,2026:401856637:19:10,,,live
2026,401856637,2026:401856637:20:11,Florida,20,regulation,7,eligible_regulation_offense,offense,2026:401856637:20:11,,,live
2026,401856637,2026:401856637:22:13,Florida,22,regulation,7,excluded_regulation_offense,offense,2026:401856637:22:13,,,live
2026,401856660,2026:401856660:2:4,Clemson,2,regulation,3,eligible_regulation_offense,offense,2026:401856660:2:4,,,live
2026,401856660,2026:401856660:3:11,LSU,3,regulation,3,eligible_regulation_offense,offense,2026:401856660:3:11,,,live
2026,401856660,2026:401856660:5:12,LSU,5,regulation,7,eligible_regulation_offense,offense,2026:401856660:5:12,,,live
2026,401856660,2026:401856660:6:5,LSU,6,regulation,7,regulation_non_offense,non_offense,2026:401856660:6:5,,,live
2026,401856660,2026:401856660:10:10,LSU,10,regulation,7,eligible_regulation_offense,offense,2026:401856660:10:10,,,live
2026,401856660,2026:401856660:14:10,LSU,14,regulation,7,eligible_regulation_offense,offense,2026:401856660:14:10,,,live
2026,401856660,2026:401856660:17:11,LSU,17,regulation,7,eligible_regulation_offense,offense,2026:401856660:17:11,,,live
2026,401856660,2026:401856660:19:6,LSU,19,regulation,6,excluded_regulation_offense,offense,2026:401856660:19:6,,,live
2026,401856660,2026:401856660:21:15,LSU,21,regulation,0,excluded_regulation_offense,offense,2026:401856660:21:15,,score_regression_rollback,live
2026,401856660,2026:401856660:21:15,Clemson,21,regulation,0,regulation_non_offense,non_offense,2026:401856660:21:15,,score_regression_rollback,live
2026,401856660,2026:401856660:23:6,LSU,23,regulation,7,excluded_regulation_offense,offense,2026:401856660:23:6,,,live
2026,401856660,2026:401856660:24:9,Clemson,24,regulation,7,excluded_regulation_offense,offense,2026:401856660:24:9,,,live
2026,401856661,2026:401856661:2:13,Louisville,2,regulation,3,eligible_regulation_offense,offense,2026:401856661:2:13,,,live
2026,401856661,2026:401856661:5:13,Ole Miss,5,regulation,3,eligible_regulation_offense,offense,2026:401856661:5:13,,,live
2026,401856661,2026:401856661:7:4,Ole Miss,7,regulation,6,eligible_regulation_offense,offense,2026:401856661:7:4,,,live
2026,401856661,2026:401856661:12:9,Louisville,12,regulation,3,eligible_regulation_offense,offense,2026:401856661:12:9,,,live
2026,401856661,2026:401856661:14:10,Louisville,14,regulation,7,eligible_regulation_offense,offense,2026:401856661:14:10,,,live
2026,401856661,2026:401856661:15:8,Ole Miss,15,regulation,8,eligible_regulation_offense,offense,2026:401856661:15:8,,,live
2026,401856661,2026:401856661:16:1,Ole Miss,16,regulation,0,regulation_non_offense,non_offense,2026:401856661:16:1,,score_regression_rollback,live
2026,401856661,2026:401856661:17:3,Louisville,17,regulation,3,regulation_non_offense,non_offense,2026:401856661:17:3,,,live
2026,401856661,2026:401856661:17:6,Ole Miss,17,regulation,0,eligible_regulation_offense,offense,2026:401856661:17:6,,score_regression_rollback,live
2026,401856661,2026:401856661:17:6,Louisville,17,regulation,0,unresolved,unknown,,,impossible_score_increment,live
2026,401856661,2026:401856661:19:5,Ole Miss,19,regulation,7,eligible_regulation_offense,offense,2026:401856661:19:5,,,live
2026,401856661,2026:401856661:21:8,Ole Miss,21,regulation,7,eligible_regulation_offense,offense,2026:401856661:21:8,,,live
2026,401856661,2026:401856661:23:10,Ole Miss,23,regulation,7,eligible_regulation_offense,offense,2026:401856661:23:10,,,live
2026,401856661,2026:401856661:27:11,Ole Miss,27,regulation,3,eligible_regulation_offense,offense,2026:401856661:27:11,,,live
2026,401856662,2026:401856662:1:12,Mississippi State,1,regulation,7,eligible_regulation_offense,offense,2026:401856662:1:12,,,live
2026,401856662,2026:401856662:3:3,Mississippi State,3,regulation,7,eligible_regulation_offense,offense,2026:401856662:3:3,,,live
2026,401856662,2026:401856662:5:7,Mississippi State,5,regulation,7,eligible_regulation_offense,offense,2026:401856662:5:7,,,live
2026,401856662,2026:401856662:6:16,Louisiana Monroe,6,regulation,3,eligible_regulation_offense,offense,2026:401856662:6:16,,,live
2026,401856662,2026:401856662:7:8,Mississippi State,7,regulation,7,eligible_regulation_offense,offense,2026:401856662:7:8,,,live
2026,401856662,2026:401856662:9:7,Mississippi State,9,regulation,3,eligible_regulation_offense,offense,2026:401856662:9:7,,,live
2026,401856662,2026:401856662:11:11,Mississippi State,11,regulation,3,eligible_regulation_offense,offense,2026:401856662:11:11,,,live
2026,401856662,2026:401856662:13:7,Mississippi State,13,regulation,7,eligible_regulation_offense,offense,2026:401856662:13:7,,,live
2026,401856662,2026:401856662:16:2,Mississippi State,16,regulation,7,excluded_regulation_offense,offense,2026:401856662:16:2,,,live
2026,401856662,2026:401856662:17:9,Louisiana Monroe,17,regulation,7,excluded_regulation_offense,offense,2026:401856662:17:9,,,live
2026,401856662,2026:401856662:19:9,Louisiana Monroe,19,regulation,3,excluded_regulation_offense,offense,2026:401856662:19:9,,,live
2026,401856662,2026:401856662:22:4,Mississippi State,22,regulation,7,excluded_regulation_offense,offense,2026:401856662:22:4,,,live
2026,401856662,2026:401856662:24:7,Mississippi State,24,regulation,7,excluded_regulation_offense,offense,2026:401856662:24:7,,,live
2026,401856664,2026:401856664:1:14,Oklahoma,1,regulation,7,eligible_regulation_offense,offense,2026:401856664:1:14,,,live
2026,401856664,2026:401856664:2:5,Oklahoma,2,regulation,7,regulation_non_offense,non_offense,2026:401856664:2:5,,,live
2026,401856664,2026:401856664:4:5,Oklahoma,4,regulation,7,eligible_regulation_offense,offense,2026:401856664:4:5,,,live
2026,401856664,2026:401856664:6:11,Oklahoma,6,regulation,3,eligible_regulation_offense,offense,2026:401856664:6:11,,,live
2026,401856664,2026:401856664:8:8,Oklahoma,8,regulation,3,eligible_regulation_offense,offense,2026:401856664:8:8,,,live
2026,401856664,2026:401856664:11:2,Oklahoma,11,regulation,7,eligible_regulation_offense,offense,2026:401856664:11:2,,,live
2026,401856664,2026:401856664:13:4,Oklahoma,13,regulation,7,eligible_regulation_offense,offense,2026:401856664:13:4,,,live
2026,401856664,2026:401856664:15:7,Oklahoma,15,regulation,3,excluded_regulation_offense,offense,2026:401856664:15:7,,,live
2026,401856664,2026:401856664:17:9,Oklahoma,17,regulation,7,excluded_regulation_offense,offense,2026:401856664:17:9,,,live
2026,401856665,2026:401856665:4:7,South Carolina,4,regulation,7,eligible_regulation_offense,offense,2026:401856665:4:7,,,live
2026,401856665,2026:401856665:6:10,South Carolina,6,regulation,8,eligible_regulation_offense,offense,2026:401856665:6:10,,,live
2026,401856665,2026:401856665:8:8,South Carolina,8,regulation,7,eligible_regulation_offense,offense,2026:401856665:8:8,,,live
2026,401856665,2026:401856665:10:9,South Carolina,10,regulation,7,eligible_regulation_offense,offense,2026:401856665:10:9,,,live
2026,401856665,2026:401856665:12:7,South Carolina,12,regulation,7,eligible_regulation_offense,offense,2026:401856665:12:7,,,live
2026,401856665,2026:401856665:14:11,South Carolina,14,regulation,7,excluded_regulation_offense,offense,2026:401856665:14:11,,,live
2026,401856665,2026:401856665:16:12,South Carolina,16,regulation,7,excluded_regulation_offense,offense,2026:401856665:16:12,,,live
2026,401856665,2026:401856665:18:8,South Carolina,18,regulation,7,excluded_regulation_offense,offense,2026:401856665:18:8,,,live
2026,401856667,2026:401856667:2:4,Texas,2,regulation,6,eligible_regulation_offense,offense,2026:401856667:2:4,,,live
2026,401856667,2026:401856667:4:7,Texas,4,regulation,8,eligible_regulation_offense,offense,2026:401856667:4:7,,,live
2026,401856667,2026:401856667:5:4,Texas,5,regulation,0,regulation_non_offense,non_offense,2026:401856667:5:4,,score_regression_rollback,live
2026,401856667,2026:401856667:5:13,Texas,5,regulation,0,regulation_non_offense,non_offense,2026:401856667:5:13,,score_regression_rollback,live
2026,401856667,2026:401856667:6:13,Texas,6,regulation,7,eligible_regulation_offense,offense,2026:401856667:6:13,,,live
2026,401856667,2026:401856667:7:6,Texas,7,regulation,7,regulation_non_offense,non_offense,2026:401856667:7:6,,,live
2026,401856667,2026:401856667:8:6,Texas State,8,regulation,7,eligible_regulation_offense,offense,2026:401856667:8:6,,,live
2026,401856667,2026:401856667:11:8,Texas,11,regulation,7,eligible_regulation_offense,offense,2026:401856667:11:8,,,live
2026,401856667,2026:401856667:13:11,Texas,13,regulation,7,eligible_regulation_offense,offense,2026:401856667:13:11,,,live
2026,401856667,2026:401856667:15:3,Texas,15,regulation,7,excluded_regulation_offense,offense,2026:401856667:15:3,,,live
2026,401856667,2026:401856667:17:13,Texas,17,regulation,3,excluded_regulation_offense,offense,2026:401856667:17:13,,,live
2026,401856667,2026:401856667:19:4,Texas,19,regulation,7,excluded_regulation_offense,offense,2026:401856667:19:4,,,live
2026,401856668,2026:401856668:2:9,Texas A&M,2,regulation,7,eligible_regulation_offense,offense,2026:401856668:2:9,,,live
2026,401856668,2026:401856668:6:11,Texas A&M,6,regulation,2,regulation_non_offense,non_offense,2026:401856668:6:11,,,live
2026,401856668,2026:401856668:9:6,Texas A&M,9,regulation,3,eligible_regulation_offense,offense,2026:401856668:9:6,,,live
2026,401856668,2026:401856668:11:9,Texas A&M,11,regulation,7,eligible_regulation_offense,offense,2026:401856668:11:9,,,live
2026,401856668,2026:401856668:13:12,Texas A&M,13,regulation,7,eligible_regulation_offense,offense,2026:401856668:13:12,,,live
2026,401856668,2026:401856668:15:16,Texas A&M,15,regulation,7,eligible_regulation_offense,offense,2026:401856668:15:16,,,live
2026,401856668,2026:401856668:17:6,Texas A&M,17,regulation,7,eligible_regulation_offense,offense,2026:401856668:17:6,,,live
2026,401856668,2026:401856668:19:1,Texas A&M,19,regulation,7,excluded_regulation_offense,offense,2026:401856668:19:1,,,live
2026,401856668,2026:401856668:21:12,Texas A&M,21,regulation,3,excluded_regulation_offense,offense,2026:401856668:21:12,,,live
2026,401856670,2026:401856670:1:15,Arkansas,1,regulation,3,eligible_regulation_offense,offense,2026:401856670:1:15,,,live
2026,401856670,2026:401856670:2:12,Utah,2,regulation,6,eligible_regulation_offense,offense,2026:401856670:2:12,,,live
2026,401856670,2026:401856670:3:1,Utah,3,regulation,1,regulation_non_offense,non_offense,2026:401856670:3:1,,,live
2026,401856670,2026:401856670:7:5,Utah,7,regulation,0,regulation_non_offense,non_offense,2026:401856670:7:5,,score_regression_rollback,live
2026,401856670,2026:401856670:8:3,Utah,8,regulation,8,eligible_regulation_offense,offense,2026:401856670:8:3,,,live
2026,401856670,2026:401856670:10:7,Utah,10,regulation,7,eligible_regulation_offense,offense,2026:401856670:10:7,,,live
2026,401856670,2026:401856670:12:6,Utah,12,regulation,7,eligible_regulation_offense,offense,2026:401856670:12:6,,,live
2026,401856670,2026:401856670:14:8,Utah,14,regulation,7,eligible_regulation_offense,offense,2026:401856670:14:8,,,live
2026,401856670,2026:401856670:18:13,Utah,18,regulation,7,eligible_regulation_offense,offense,2026:401856670:18:13,,,live
2026,401856670,2026:401856670:19:16,Arkansas,19,regulation,7,excluded_regulation_offense,offense,2026:401856670:19:16,,,live
2026,401856671,2026:401856671:1:3,Auburn,1,regulation,7,regulation_non_offense,non_offense,2026:401856671:1:3,,,live
2026,401856671,2026:401856671:5:9,Auburn,5,regulation,6,eligible_regulation_offense,offense,2026:401856671:5:9,,,live
2026,401856671,2026:401856671:6:2,Auburn,6,regulation,1,regulation_non_offense,non_offense,2026:401856671:6:2,,,live
2026,401856671,2026:401856671:7:5,Auburn,7,regulation,3,eligible_regulation_offense,offense,2026:401856671:7:5,,,live
2026,401856671,2026:401856671:11:9,Auburn,11,regulation,7,eligible_regulation_offense,offense,2026:401856671:11:9,,,live
2026,401856671,2026:401856671:12:18,Southern Mississippi,12,regulation,8,eligible_regulation_offense,offense,2026:401856671:12:18,,,live
2026,401856671,2026:401856671:13:6,Auburn,13,regulation,3,eligible_regulation_offense,offense,2026:401856671:13:6,,,live
2026,401856671,2026:401856671:14:15,Auburn,14,regulation,7,eligible_regulation_offense,offense,2026:401856671:14:15,,,live
2026,401856671,2026:401856671:17:2,Auburn,17,regulation,2,regulation_non_offense,non_offense,2026:401856671:17:2,,,live
2026,401856671,2026:401856671:18:4,Auburn,18,regulation,0,eligible_regulation_offense,offense,2026:401856671:18:4,,score_regression_rollback,live
2026,401856671,2026:401856671:18:11,Auburn,18,regulation,7,eligible_regulation_offense,offense,2026:401856671:18:11,,,live
2026,401856673,2026:401856673:1:4,Georgia,1,regulation,7,eligible_regulation_offense,offense,2026:401856673:1:4,,,live
2026,401856673,2026:401856673:2:5,Georgia,2,regulation,0,regulation_non_offense,non_offense,2026:401856673:2:5,,score_regression_rollback,live
2026,401856673,2026:401856673:3:2,Georgia,3,regulation,7,eligible_regulation_offense,offense,2026:401856673:3:2,,,live
2026,401856673,2026:401856673:5:6,Georgia,5,regulation,0,eligible_regulation_offense,offense,2026:401856673:5:6,,score_regression_rollback,live
2026,401856673,2026:401856673:5:8,Georgia,5,regulation,7,eligible_regulation_offense,offense,2026:401856673:5:8,,,live
2026,401856673,2026:401856673:7:10,Georgia,7,regulation,7,eligible_regulation_offense,offense,2026:401856673:7:10,,,live
2026,401856673,2026:401856673:9:3,Georgia,9,regulation,7,eligible_regulation_offense,offense,2026:401856673:9:3,,,live
2026,401856673,2026:401856673:11:2,Georgia,11,regulation,7,eligible_regulation_offense,offense,2026:401856673:11:2,,,live
2026,401856673,2026:401856673:13:3,Georgia,13,regulation,7,eligible_regulation_offense,offense,2026:401856673:13:3,,,live
2026,401856673,2026:401856673:16:1,Western Kentucky,16,regulation,6,eligible_regulation_offense,offense,2026:401856673:16:1,,,live
2026,401856673,2026:401856673:18:4,Georgia,18,regulation,7,excluded_regulation_offense,offense,2026:401856673:18:4,,,live
2026,401856673,2026:401856673:23:2,Georgia,23,regulation,7,regulation_non_offense,non_offense,2026:401856673:23:2,,,live
2026,401856673,2026:401856673:28:6,Western Kentucky,28,regulation,7,excluded_regulation_offense,offense,2026:401856673:28:6,,,live
2026,401856673,2026:401856673:29:1,Georgia,29,regulation,7,regulation_non_offense,non_offense,2026:401856673:29:1,,,live
2026,401856673,2026:401856673:31:6,Western Kentucky,31,regulation,7,excluded_regulation_offense,offense,2026:401856673:31:6,,,live
2026,401856674,2026:401856674:2:3,Kentucky,2,regulation,7,regulation_non_offense,non_offense,2026:401856674:2:3,,,live
2026,401856674,2026:401856674:4:3,Alabama,4,regulation,7,regulation_non_offense,non_offense,2026:401856674:4:3,,,live
2026,401856674,2026:401856674:5:17,Kentucky,5,regulation,7,eligible_regulation_offense,offense,2026:401856674:5:17,,,live
2026,401856674,2026:401856674:6:3,Alabama,6,regulation,0,eligible_regulation_offense,offense,2026:401856674:6:3,,score_regression_rollback,live
2026,401856674,2026:401856674:6:10,Alabama,6,regulation,0,eligible_regulation_offense,offense,2026:401856674:6:10,,score_regression_rollback,live
2026,401856674,2026:401856674:6:15,Alabama,6,regulation,3,eligible_regulation_offense,offense,2026:401856674:6:15,,,live
2026,401856674,2026:401856674:8:10,Alabama,8,regulation,3,eligible_regulation_offense,offense,2026:401856674:8:10,,,live
2026,401856674,2026:401856674:11:12,Kentucky,11,regulation,3,eligible_regulation_offense,offense,2026:401856674:11:12,,,live
2026,401856674,2026:401856674:14:9,Alabama,14,regulation,3,eligible_regulation_offense,offense,2026:401856674:14:9,,,live
2026,401856674,2026:401856674:16:5,Alabama,16,regulation,6,eligible_regulation_offense,offense,2026:401856674:16:5,,,live
2026,401856674,2026:401856674:17:1,Alabama,17,regulation,1,regulation_non_offense,non_offense,2026:401856674:17:1,,,live
2026,401856674,2026:401856674:18:3,Alabama,18,regulation,8,eligible_regulation_offense,offense,2026:401856674:18:3,,,live
2026,401856674,2026:401856674:20:10,Alabama,20,regulation,7,eligible_regulation_offense,offense,2026:401856674:20:10,,,live
2026,401856674,2026:401856674:22:6,Alabama,22,regulation,7,eligible_regulation_offense,offense,2026:401856674:22:6,,,live
2026,401856676,2026:401856676:1:11,Ole Miss,1,regulation,7,eligible_regulation_offense,offense,2026:401856676:1:11,,,live
2026,401856676,2026:401856676:5:8,Ole Miss,5,regulation,7,eligible_regulation_offense,offense,2026:401856676:5:8,,,live
2026,401856676,2026:401856676:7:9,Ole Miss,7,regulation,7,eligible_regulation_offense,offense,2026:401856676:7:9,,,live
2026,401856676,2026:401856676:9:8,Ole Miss,9,regulation,3,eligible_regulation_offense,offense,2026:401856676:9:8,,,live
2026,401856676,2026:401856676:11:2,Ole Miss,11,regulation,3,eligible_regulation_offense,offense,2026:401856676:11:2,,,live
2026,401856676,2026:401856676:12:10,Charlotte,12,regulation,3,eligible_regulation_offense,offense,2026:401856676:12:10,,,live
2026,401856676,2026:401856676:14:15,Charlotte,14,regulation,3,eligible_regulation_offense,offense,2026:401856676:14:15,,,live
2026,401856676,2026:401856676:15:9,Ole Miss,15,regulation,6,eligible_regulation_offense,offense,2026:401856676:15:9,,,live
2026,401856676,2026:401856676:16:1,Ole Miss,16,regulation,1,regulation_non_offense,non_offense,2026:401856676:16:1,,,live
2026,401856676,2026:401856676:16:8,Charlotte,16,regulation,0,eligible_regulation_offense,offense,2026:401856676:16:8,,score_regression_rollback,live
2026,401856676,2026:401856676:16:10,Charlotte,16,regulation,3,eligible_regulation_offense,offense,2026:401856676:16:10,,,live
2026,401856676,2026:401856676:17:9,Ole Miss,17,regulation,7,eligible_regulation_offense,offense,2026:401856676:17:9,,,live
2026,401856677,2026:401856677:1:8,Mississippi State,1,regulation,7,eligible_regulation_offense,offense,2026:401856677:1:8,,,live
2026,401856677,2026:401856677:2:20,Minnesota,2,regulation,3,eligible_regulation_offense,offense,2026:401856677:2:20,,,live
2026,401856677,2026:401856677:3:11,Mississippi State,3,regulation,7,eligible_regulation_offense,offense,2026:401856677:3:11,,,live
2026,401856677,2026:401856677:5:8,Mississippi State,5,regulation,7,eligible_regulation_offense,offense,2026:401856677:5:8,,,live
2026,401856677,2026:401856677:7:13,Mississippi State,7,regulation,7,eligible_regulation_offense,offense,2026:401856677:7:13,,,live
2026,401856677,2026:401856677:8:19,Minnesota,8,regulation,3,eligible_regulation_offense,offense,2026:401856677:8:19,,,live
2026,401856677,2026:401856677:10:2,Minnesota,10,regulation,7,regulation_non_offense,non_offense,2026:401856677:10:2,,,live
2026,401856677,2026:401856677:11:7,Mississippi State,11,regulation,3,eligible_regulation_offense,offense,2026:401856677:11:7,,,live
2026,401856677,2026:401856677:15:12,Mississippi State,15,regulation,7,eligible_regulation_offense,offense,2026:401856677:15:12,,,live
2026,401856678,2026:401856678:8:13,Kansas,8,regulation,7,regulation_non_offense,non_offense,2026:401856678:8:13,,,live
2026,401856678,2026:401856678:9:7,Missouri,9,regulation,7,eligible_regulation_offense,offense,2026:401856678:9:7,,,live
2026,401856678,2026:401856678:10:12,Kansas,10,regulation,7,eligible_regulation_offense,offense,2026:401856678:10:12,,,live
2026,401856678,2026:401856678:11:9,Missouri,11,regulation,7,eligible_regulation_offense,offense,2026:401856678:11:9,,,live
2026,401856678,2026:401856678:15:5,Missouri,15,regulation,7,eligible_regulation_offense,offense,2026:401856678:15:5,,,live
2026,401856678,2026:401856678:17:2,Missouri,17,regulation,7,eligible_regulation_offense,offense,2026:401856678:17:2,,,live
2026,401856678,2026:401856678:20:11,Kansas,20,regulation,7,eligible_regulation_offense,offense,2026:401856678:20:11,,,live
2026,401856678,2026:401856678:21:13,Missouri,21,regulation,3,eligible_regulation_offense,offense,2026:401856678:21:13,,,live
2026,401856678,2026:401856678:25:5,Missouri,25,regulation,7,eligible_regulation_offense,offense,2026:401856678:25:5,,,live
2026,401856679,2026:401856679:4:9,Michigan,4,regulation,7,eligible_regulation_offense,offense,2026:401856679:4:9,,,live
2026,401856679,2026:401856679:8:12,Michigan,8,regulation,3,eligible_regulation_offense,offense,2026:401856679:8:12,,,live
2026,401856679,2026:401856679:12:9,Oklahoma,12,regulation,7,eligible_regulation_offense,offense,2026:401856679:12:9,,,live
2026,401856679,2026:401856679:14:11,Oklahoma,14,regulation,3,eligible_regulation_offense,offense,2026:401856679:14:11,,,live
2026,401856679,2026:401856679:17:2,Michigan,17,regulation,7,eligible_regulation_offense,offense,2026:401856679:17:2,,,live
2026,401856681,2026:401856681:2:3,Tennessee,2,regulation,7,eligible_regulation_offense,offense,2026:401856681:2:3,,,live
2026,401856681,2026:401856681:3:16,Georgia Tech,3,regulation,3,eligible_regulation_offense,offense,2026:401856681:3:16,,,live
2026,401856681,2026:401856681:4:5,Georgia Tech,4,regulation,7,regulation_non_offense,non_offense,2026:401856681:4:5,,,live
2026,401856681,2026:401856681:5:19,Tennessee,5,regulation,3,eligible_regulation_offense,offense,2026:401856681:5:19,,,live
2026,401856681,2026:401856681:6:7,Tennessee,6,regulation,7,regulation_non_offense,non_offense,2026:401856681:6:7,,,live
2026,401856681,2026:401856681:9:4,Tennessee,9,regulation,0,regulation_non_offense,non_offense,2026:401856681:9:4,,score_regression_rollback,live
2026,401856681,2026:401856681:10:8,Tennessee,10,regulation,7,eligible_regulation_offense,offense,2026:401856681:10:8,,,live
2026,401856681,2026:401856681:13:9,Tennessee,13,regulation,7,eligible_regulation_offense,offense,2026:401856681:13:9,,,live
2026,401856681,2026:401856681:14:11,Georgia Tech,14,regulation,7,eligible_regulation_offense,offense,2026:401856681:14:11,,,live
2026,401856681,2026:401856681:19:6,Tennessee,19,regulation,7,eligible_regulation_offense,offense,2026:401856681:19:6,,,live
2026,401856681,2026:401856681:20:14,Georgia Tech,20,regulation,7,eligible_regulation_offense,offense,2026:401856681:20:14,,,live
2026,401856681,2026:401856681:21:3,Tennessee,21,regulation,7,eligible_regulation_offense,offense,2026:401856681:21:3,,,live
2026,401856682,2026:401856682:2:1,Ohio State,2,regulation,0,eligible_regulation_offense,offense,2026:401856682:2:1,,score_regression_rollback,live
2026,401856682,2026:401856682:2:6,Ohio State,2,regulation,3,eligible_regulation_offense,offense,2026:401856682:2:6,,,live
2026,401856682,2026:401856682:4:11,Ohio State,4,regulation,7,eligible_regulation_offense,offense,2026:401856682:4:11,,,live
2026,401856682,2026:401856682:7:17,Texas,7,regulation,3,eligible_regulation_offense,offense,2026:401856682:7:17,,,live
2026,401856682,2026:401856682:8:13,Ohio State,8,regulation,3,eligible_regulation_offense,offense,2026:401856682:8:13,,,live
2026,401856682,2026:401856682:10:4,Ohio State,10,regulation,7,eligible_regulation_offense,offense,2026:401856682:10:4,,,live
2026,401856682,2026:401856682:14:7,Ohio State,14,regulation,3,eligible_regulation_offense,offense,2026:401856682:14:7,,,live
2026,401856682,2026:401856682:17:17,Texas,17,regulation,7,eligible_regulation_offense,offense,2026:401856682:17:17,,,live
2026,401856682,2026:401856682:19:14,Texas,19,regulation,7,eligible_regulation_offense,offense,2026:401856682:19:14,,,live
2026,401856682,2026:401856682:21:15,Texas,21,regulation,7,eligible_regulation_offense,offense,2026:401856682:21:15,,,live
2026,401856683,2026:401856683:5:3,Texas A&M,5,regulation,7,eligible_regulation_offense,offense,2026:401856683:5:3,,,live
2026,401856683,2026:401856683:6:13,Arizona State,6,regulation,7,eligible_regulation_offense,offense,2026:401856683:6:13,,,live
2026,401856683,2026:401856683:7:17,Texas A&M,7,regulation,7,eligible_regulation_offense,offense,2026:401856683:7:17,,,live
2026,401856683,2026:401856683:8:10,Arizona State,8,regulation,3,eligible_regulation_offense,offense,2026:401856683:8:10,,,live
2026,401856683,2026:401856683:11:10,Texas A&M,11,regulation,3,eligible_regulation_offense,offense,2026:401856683:11:10,,,live
2026,401856683,2026:401856683:14:1,Arizona State,14,regulation,0,eligible_regulation_offense,offense,2026:401856683:14:1,,score_regression_rollback,live
2026,401856683,2026:401856683:14:9,Arizona State,14,regulation,3,eligible_regulation_offense,offense,2026:401856683:14:9,,,live
2026,401856683,2026:401856683:15:11,Texas A&M,15,regulation,7,eligible_regulation_offense,offense,2026:401856683:15:11,,,live
2026,401856683,2026:401856683:16:6,Arizona State,16,regulation,7,eligible_regulation_offense,offense,2026:401856683:16:6,,,live
2026,401856683,2026:401856683:19:4,Texas A&M,19,regulation,7,eligible_regulation_offense,offense,2026:401856683:19:4,,,live
2026,401856683,2026:401856683:22:1,Texas A&M,22,regulation,7,regulation_non_offense,non_offense,2026:401856683:22:1,,,live
2026,401856683,2026:401856683:24:5,Texas A&M,24,regulation,3,eligible_regulation_offense,offense,2026:401856683:24:5,,,live
2026,401856683,2026:401856683:25:6,Texas A&M,25,regulation,7,regulation_non_offense,non_offense,2026:401856683:25:6,,,live
2026,401856684,2026:401856684:6:8,Vanderbilt,6,regulation,7,eligible_regulation_offense,offense,2026:401856684:6:8,,,live
2026,401856684,2026:401856684:8:3,Vanderbilt,8,regulation,7,eligible_regulation_offense,offense,2026:401856684:8:3,,,live
2026,401856684,2026:401856684:9:7,Delaware,9,regulation,3,eligible_regulation_offense,offense,2026:401856684:9:7,,,live
2026,401856684,2026:401856684:13:14,Delaware,13,regulation,7,eligible_regulation_offense,offense,2026:401856684:13:14,,,live
2026,401856684,2026:401856684:16:5,Delaware,16,regulation,7,regulation_non_offense,non_offense,2026:401856684:16:5,,,live
2026,401856684,2026:401856684:18:10,Vanderbilt,18,regulation,7,eligible_regulation_offense,offense,2026:401856684:18:10,,,live
2026,401856684,2026:401856684:19:5,Vanderbilt,19,regulation,6,regulation_non_offense,non_offense,2026:401856684:19:5,,,live
2026,401856684,2026:401856684:21:10,Vanderbilt,21,regulation,8,eligible_regulation_offense,offense,2026:401856684:21:10,,,live
2026,401856684,2026:401856684:22:9,Delaware,22,regulation,3,eligible_regulation_offense,offense,2026:401856684:22:9,,,live
2026,401856684,2026:401856684:24:4,Delaware,24,regulation,6,eligible_regulation_offense,offense,2026:401856684:24:4,,,live
2026,401856685,2026:401856685:2:7,Florida State,2,regulation,7,eligible_regulation_offense,offense,2026:401856685:2:7,,,live
2026,401856685,2026:401856685:5:10,Alabama,5,regulation,3,eligible_regulation_offense,offense,2026:401856685:5:10,,,live
2026,401856685,2026:401856685:6:4,Florida State,6,regulation,7,eligible_regulation_offense,offense,2026:401856685:6:4,,,live
2026,401856685,2026:401856685:7:11,Alabama,7,regulation,3,eligible_regulation_offense,offense,2026:401856685:7:11,,,live
2026,401856685,2026:401856685:8:10,Florida State,8,regulation,7,eligible_regulation_offense,offense,2026:401856685:8:10,,,live
2026,401856685,2026:401856685:9:16,Alabama,9,regulation,7,eligible_regulation_offense,offense,2026:401856685:9:16,,,live
2026,401856685,2026:401856685:11:3,Alabama,11,regulation,6,eligible_regulation_offense,offense,2026:401856685:11:3,,,live
2026,401856685,2026:401856685:13:2,Alabama,13,regulation,7,eligible_regulation_offense,offense,2026:401856685:13:2,,,live
2026,401856685,2026:401856685:15:11,Florida State,15,regulation,7,eligible_regulation_offense,offense,2026:401856685:15:11,,,live
2026,401856685,2026:401856685:16:11,Alabama,16,regulation,7,eligible_regulation_offense,offense,2026:401856685:16:11,,,live
2026,401856685,2026:401856685:18:4,Alabama,18,regulation,7,eligible_regulation_offense,offense,2026:401856685:18:4,,,live
2026,401856685,2026:401856685:20:6,Alabama,20,regulation,3,eligible_regulation_offense,offense,2026:401856685:20:6,,,live
2026,401856685,2026:401856685:21:9,Florida State,21,regulation,8,eligible_regulation_offense,offense,2026:401856685:21:9,,,live
2026,401856685,2026:401856685:22:12,Alabama,22,regulation,7,eligible_regulation_offense,offense,2026:401856685:22:12,,,live
2026,401856686,2026:401856686:2:7,Georgia,2,regulation,7,eligible_regulation_offense,offense,2026:401856686:2:7,,,live
2026,401856686,2026:401856686:6:13,Georgia,6,regulation,7,eligible_regulation_offense,offense,2026:401856686:6:13,,,live
2026,401856686,2026:401856686:8:9,Georgia,8,regulation,7,eligible_regulation_offense,offense,2026:401856686:8:9,,,live
2026,401856686,2026:401856686:9:11,Arkansas,9,regulation,3,eligible_regulation_offense,offense,2026:401856686:9:11,,,live
2026,401856686,2026:401856686:11:11,Georgia,11,regulation,3,eligible_regulation_offense,offense,2026:401856686:11:11,,,live
2026,401856686,2026:401856686:13:9,Georgia,13,regulation,7,eligible_regulation_offense,offense,2026:401856686:13:9,,,live
2026,401856686,2026:401856686:17:1,Georgia,17,regulation,7,excluded_regulation_offense,offense,2026:401856686:17:1,,,live
2026,401856686,2026:401856686:18:14,Arkansas,18,regulation,7,excluded_regulation_offense,offense,2026:401856686:18:14,,,live
2026,401856686,2026:401856686:19:12,Georgia,19,regulation,7,excluded_regulation_offense,offense,2026:401856686:19:12,,,live
2026,401856686,2026:401856686:20:13,Arkansas,20,regulation,7,excluded_regulation_offense,offense,2026:401856686:20:13,,,live
2026,401856687,2026:401856687:2:6,Florida,2,regulation,7,eligible_regulation_offense,offense,2026:401856687:2:6,,,live
2026,401856687,2026:401856687:5:4,Auburn,5,regulation,3,eligible_regulation_offense,offense,2026:401856687:5:4,,,live
2026,401856687,2026:401856687:6:22,Florida,6,regulation,6,eligible_regulation_offense,offense,2026:401856687:6:22,,,live
2026,401856687,2026:401856687:7:1,Florida,7,regulation,1,regulation_non_offense,non_offense,2026:401856687:7:1,,,live
2026,401856687,2026:401856687:7:9,Auburn,7,regulation,7,eligible_regulation_offense,offense,2026:401856687:7:9,,,live
2026,401856687,2026:401856687:8:13,Florida,8,regulation,3,eligible_regulation_offense,offense,2026:401856687:8:13,,,live
2026,401856687,2026:401856687:9:11,Auburn,9,regulation,7,eligible_regulation_offense,offense,2026:401856687:9:11,,,live
2026,401856687,2026:401856687:10:17,Florida,10,regulation,3,eligible_regulation_offense,offense,2026:401856687:10:17,,,live
2026,401856687,2026:401856687:12:4,Florida,12,regulation,7,eligible_regulation_offense,offense,2026:401856687:12:4,,,live
2026,401856687,2026:401856687:14:12,Florida,14,regulation,7,eligible_regulation_offense,offense,2026:401856687:14:12,,,live
2026,401856687,2026:401856687:15:17,Auburn,15,regulation,7,eligible_regulation_offense,offense,2026:401856687:15:17,,,live
2026,401856687,2026:401856687:16:10,Florida,16,regulation,7,eligible_regulation_offense,offense,2026:401856687:16:10,,,live
2026,401856687,2026:401856687:19:8,Auburn,19,regulation,8,eligible_regulation_offense,offense,2026:401856687:19:8,,,live
2026,401856687,2026:401856687:20:13,Florida,20,regulation,3,eligible_regulation_offense,offense,2026:401856687:20:13,,,live
2026,401856687,2026:401856687:21:11,Auburn,21,regulation,7,eligible_regulation_offense,offense,2026:401856687:21:11,,,live
2026,401856688,2026:401856688:3:14,Ole Miss,3,regulation,3,eligible_regulation_offense,offense,2026:401856688:3:14,,,live
2026,401856688,2026:401856688:5:6,Ole Miss,5,regulation,7,eligible_regulation_offense,offense,2026:401856688:5:6,,,live
2026,401856688,2026:401856688:7:11,Ole Miss,7,regulation,7,eligible_regulation_offense,offense,2026:401856688:7:11,,,live
2026,401856688,2026:401856688:8:20,LSU,8,regulation,7,eligible_regulation_offense,offense,2026:401856688:8:20,,,live
2026,401856688,2026:401856688:9:10,Ole Miss,9,regulation,7,eligible_regulation_offense,offense,2026:401856688:9:10,,,live
2026,401856688,2026:401856688:13:6,LSU,13,regulation,7,eligible_regulation_offense,offense,2026:401856688:13:6,,,live
2026,401856688,2026:401856688:15:8,LSU,15,regulation,7,eligible_regulation_offense,offense,2026:401856688:15:8,,,live
2026,401856688,2026:401856688:17:10,LSU,17,regulation,3,eligible_regulation_offense,offense,2026:401856688:17:10,,,live
2026,401856688,2026:401856688:18:16,Ole Miss,18,regulation,6,eligible_regulation_offense,offense,2026:401856688:18:16,,,live
2026,401856688,2026:401856688:19:1,Ole Miss,19,regulation,2,regulation_non_offense,non_offense,2026:401856688:19:1,,,live
2026,401856689,2026:401856689:1:3,Troy,1,regulation,7,eligible_regulation_offense,offense,2026:401856689:1:3,,,live
2026,401856689,2026:401856689:3:22,Troy,3,regulation,3,eligible_regulation_offense,offense,2026:401856689:3:22,,,live
2026,401856689,2026:401856689:6:5,Missouri,6,regulation,3,eligible_regulation_offense,offense,2026:401856689:6:5,,,live
2026,401856689,2026:401856689:7:6,Missouri,7,regulation,7,regulation_non_offense,non_offense,2026:401856689:7:6,,,live
2026,401856689,2026:401856689:11:3,Missouri,11,regulation,7,eligible_regulation_offense,offense,2026:401856689:11:3,,,live
2026,401856689,2026:401856689:13:1,Missouri,13,regulation,7,eligible_regulation_offense,offense,2026:401856689:13:1,,,live
2026,401856689,2026:401856689:14:9,Troy,14,regulation,7,eligible_regulation_offense,offense,2026:401856689:14:9,,,live
2026,401856689,2026:401856689:22:9,Missouri,22,regulation,3,eligible_regulation_offense,offense,2026:401856689:22:9,,,live
2026,401856690,2026:401856690:6:15,Oklahoma,6,regulation,7,eligible_regulation_offense,offense,2026:401856690:6:15,,,live
2026,401856690,2026:401856690:9:7,New Mexico,9,regulation,3,eligible_regulation_offense,offense,2026:401856690:9:7,,,live
2026,401856690,2026:401856690:11:9,New Mexico,11,regulation,3,eligible_regulation_offense,offense,2026:401856690:11:9,,,live
2026,401856690,2026:401856690:14:5,Oklahoma,14,regulation,7,eligible_regulation_offense,offense,2026:401856690:14:5,,,live
2026,401856691,2026:401856691:1:19,South Carolina,1,regulation,3,eligible_regulation_offense,offense,2026:401856691:1:19,,,live
2026,401856691,2026:401856691:2:2,South Carolina,2,regulation,0,regulation_non_offense,non_offense,2026:401856691:2:2,,score_regression_rollback,live
2026,401856691,2026:401856691:3:1,South Carolina,3,regulation,0,eligible_regulation_offense,offense,2026:401856691:3:1,,score_regression_rollback,live
2026,401856691,2026:401856691:3:8,South Carolina,3,regulation,7,eligible_regulation_offense,offense,2026:401856691:3:8,,,live
2026,401856691,2026:401856691:5:8,South Carolina,5,regulation,3,eligible_regulation_offense,offense,2026:401856691:5:8,,,live
2026,401856691,2026:401856691:6:8,Mississippi State,6,regulation,0,eligible_regulation_offense,offense,2026:401856691:6:8,,score_regression_rollback,live
2026,401856691,2026:401856691:6:8,South Carolina,6,regulation,0,regulation_non_offense,non_offense,2026:401856691:6:8,,score_regression_rollback,live
2026,401856691,2026:401856691:7:11,South Carolina,7,regulation,3,eligible_regulation_offense,offense,2026:401856691:7:11,,,live
2026,401856691,2026:401856691:8:4,Mississippi State,8,regulation,7,eligible_regulation_offense,offense,2026:401856691:8:4,,,live
2026,401856691,2026:401856691:10:4,Mississippi State,10,regulation,7,eligible_regulation_offense,offense,2026:401856691:10:4,,,live
2026,401856691,2026:401856691:11:11,South Carolina,11,regulation,7,eligible_regulation_offense,offense,2026:401856691:11:11,,,live
2026,401856691,2026:401856691:13:13,Mississippi State,13,regulation,7,eligible_regulation_offense,offense,2026:401856691:13:13,,,live
2026,401856691,2026:401856691:15:8,Mississippi State,15,regulation,7,eligible_regulation_offense,offense,2026:401856691:15:8,,,live
2026,401856691,2026:401856691:17:6,Mississippi State,17,regulation,3,eligible_regulation_offense,offense,2026:401856691:17:6,,,live
2026,401856691,2026:401856691:19:7,Mississippi State,19,regulation,7,eligible_regulation_offense,offense,2026:401856691:19:7,,,live
2026,401856691,2026:401856691:21:12,Mississippi State,21,regulation,3,eligible_regulation_offense,offense,2026:401856691:21:12,,,live
2026,401856691,2026:401856691:22:14,South Carolina,22,regulation,8,eligible_regulation_offense,offense,2026:401856691:22:14,,,live
2026,401856691,2026:401856691:24:11,South Carolina,24,regulation,3,eligible_regulation_offense,offense,2026:401856691:24:11,,,live
2026,401856692,2026:401856692:1:10,Tennessee,1,regulation,7,eligible_regulation_offense,offense,2026:401856692:1:10,,,live
2026,401856692,2026:401856692:2:16,Kennesaw State,2,regulation,3,eligible_regulation_offense,offense,2026:401856692:2:16,,,live
2026,401856692,2026:401856692:3:12,Tennessee,3,regulation,8,eligible_regulation_offense,offense,2026:401856692:3:12,,,live
2026,401856692,2026:401856692:5:9,Tennessee,5,regulation,3,eligible_regulation_offense,offense,2026:401856692:5:9,,,live
2026,401856692,2026:401856692:10:3,Tennessee,10,regulation,0,regulation_non_offense,non_offense,2026:401856692:10:3,,score_regression_rollback,live
2026,401856692,2026:401856692:11:10,Tennessee,11,regulation,3,eligible_regulation_offense,offense,2026:401856692:11:10,,,live
2026,401856692,2026:401856692:14:4,Tennessee,14,regulation,7,eligible_regulation_offense,offense,2026:401856692:14:4,,,live
2026,401856692,2026:401856692:15:6,Tennessee,15,regulation,0,regulation_non_offense,non_offense,2026:401856692:15:6,,score_regression_rollback,live
2026,401856692,2026:401856692:16:11,Tennessee,16,regulation,7,eligible_regulation_offense,offense,2026:401856692:16:11,,,live
2026,401856692,2026:401856692:17:17,Kennesaw State,17,regulation,3,eligible_regulation_offense,offense,2026:401856692:17:17,,,live
2026,401856692,2026:401856692:18:11,Tennessee,18,regulation,7,excluded_regulation_offense,offense,2026:401856692:18:11,,,live
2026,401856692,2026:401856692:19:18,Kennesaw State,19,regulation,3,excluded_regulation_offense,offense,2026:401856692:19:18,,,live
2026,401856693,2026:401856693:2:4,Texas,2,regulation,7,eligible_regulation_offense,offense,2026:401856693:2:4,,,live
2026,401856693,2026:401856693:3:16,UT San Antonio,3,regulation,3,eligible_regulation_offense,offense,2026:401856693:3:16,,,live
2026,401856693,2026:401856693:4:9,Texas,4,regulation,0,eligible_regulation_offense,offense,2026:401856693:4:9,,score_regression_rollback,live
2026,401856693,2026:401856693:4:14,Texas,4,regulation,3,eligible_regulation_offense,offense,2026:401856693:4:14,,,live
2026,401856693,2026:401856693:6:7,Texas,6,regulation,7,eligible_regulation_offense,offense,2026:401856693:6:7,,,live
2026,401856693,2026:401856693:12:9,Texas,12,regulation,3,eligible_regulation_offense,offense,2026:401856693:12:9,,,live
2026,401856693,2026:401856693:15:6,UT San Antonio,15,regulation,3,eligible_regulation_offense,offense,2026:401856693:15:6,,,live
2026,401856693,2026:401856693:18:9,Texas,18,regulation,3,eligible_regulation_offense,offense,2026:401856693:18:9,,,live
2026,401856693,2026:401856693:22:11,Texas,22,regulation,7,eligible_regulation_offense,offense,2026:401856693:22:11,,,live
2026,401856694,2026:401856694:5:15,Texas A&M,5,regulation,7,eligible_regulation_offense,offense,2026:401856694:5:15,,,live
2026,401856694,2026:401856694:6:9,Kentucky,6,regulation,7,eligible_regulation_offense,offense,2026:401856694:6:9,,,live
2026,401856694,2026:401856694:9:8,Kentucky,9,regulation,7,eligible_regulation_offense,offense,2026:401856694:9:8,,,live
2026,401856694,2026:401856694:11:10,Kentucky,11,regulation,7,eligible_regulation_offense,offense,2026:401856694:11:10,,,live
2026,401856694,2026:401856694:13:4,Kentucky,13,regulation,7,eligible_regulation_offense,offense,2026:401856694:13:4,,,live
2026,401856694,2026:401856694:14:16,Texas A&M,14,regulation,7,eligible_regulation_offense,offense,2026:401856694:14:16,,,live
2026,401856694,2026:401856694:15:7,Kentucky,15,regulation,3,eligible_regulation_offense,offense,2026:401856694:15:7,,,live
2026,401856694,2026:401856694:18:8,Texas A&M,18,regulation,7,eligible_regulation_offense,offense,2026:401856694:18:8,,,live
2026,401856695,2026:401856695:1:8,NC State,1,regulation,7,eligible_regulation_offense,offense,2026:401856695:1:8,,,live
2026,401856695,2026:401856695:3:8,NC State,3,regulation,7,eligible_regulation_offense,offense,2026:401856695:3:8,,,live
2026,401856695,2026:401856695:7:13,NC State,7,regulation,3,eligible_regulation_offense,offense,2026:401856695:7:13,,,live
2026,401856695,2026:401856695:10:6,Vanderbilt,10,regulation,7,eligible_regulation_offense,offense,2026:401856695:10:6,,,live
2026,401856695,2026:401856695:15:5,NC State,15,regulation,7,eligible_regulation_offense,offense,2026:401856695:15:5,,,live
2026,401856695,2026:401856695:16:5,Vanderbilt,16,regulation,7,eligible_regulation_offense,offense,2026:401856695:16:5,,,live
2026,401856695,2026:401856695:18:8,Vanderbilt,18,regulation,7,eligible_regulation_offense,offense,2026:401856695:18:8,,,live
2026,401856695,2026:401856695:19:11,NC State,19,regulation,7,eligible_regulation_offense,offense,2026:401856695:19:11,,,live
2026,401856695,2026:401856695:20:11,Vanderbilt,20,regulation,7,eligible_regulation_offense,offense,2026:401856695:20:11,,,live
2026,401856695,2026:401856695:23:7,Vanderbilt,23,regulation,0,regulation_non_offense,non_offense,2026:401856695:23:7,,score_regression_rollback,live
2026,401856696,2026:401856696:1:6,Alabama,1,regulation,0,regulation_non_offense,non_offense,2026:401856696:1:6,,score_regression_rollback,live
2026,401856696,2026:401856696:4:1,Alabama,4,regulation,7,eligible_regulation_offense,offense,2026:401856696:4:1,,,live
2026,401856696,2026:401856696:6:10,Alabama,6,regulation,7,eligible_regulation_offense,offense,2026:401856696:6:10,,,live
2026,401856696,2026:401856696:7:11,South Carolina,7,regulation,3,eligible_regulation_offense,offense,2026:401856696:7:11,,,live
2026,401856696,2026:401856696:8:7,Alabama,8,regulation,7,eligible_regulation_offense,offense,2026:401856696:8:7,,,live
2026,401856696,2026:401856696:10:5,Alabama,10,regulation,7,eligible_regulation_offense,offense,2026:401856696:10:5,,,live
2026,401856696,2026:401856696:11:2,Alabama,11,regulation,7,regulation_non_offense,non_offense,2026:401856696:11:2,,,live
2026,401856696,2026:401856696:12:10,South Carolina,12,regulation,7,eligible_regulation_offense,offense,2026:401856696:12:10,,,live
2026,401856696,2026:401856696:20:14,South Carolina,20,regulation,8,eligible_regulation_offense,offense,2026:401856696:20:14,,,live
2026,401856696,2026:401856696:21:12,Alabama,21,regulation,7,eligible_regulation_offense,offense,2026:401856696:21:12,,,live
2026,401856696,2026:401856696:23:12,Alabama,23,regulation,7,eligible_regulation_offense,offense,2026:401856696:23:12,,,live
2026,401856697,2026:401856697:1:13,Arkansas,1,regulation,3,eligible_regulation_offense,offense,2026:401856697:1:13,,,live
2026,401856697,2026:401856697:3:5,Arkansas,3,regulation,7,eligible_regulation_offense,offense,2026:401856697:3:5,,,live
2026,401856697,2026:401856697:7:6,Arkansas,7,regulation,3,eligible_regulation_offense,offense,2026:401856697:7:6,,,live
2026,401856697,2026:401856697:11:13,Arkansas,11,regulation,3,eligible_regulation_offense,offense,2026:401856697:11:13,,,live
2026,401856697,2026:401856697:14:13,Tulsa,14,regulation,6,eligible_regulation_offense,offense,2026:401856697:14:13,,,live
2026,401856697,2026:401856697:15:6,Arkansas,15,regulation,7,eligible_regulation_offense,offense,2026:401856697:15:6,,,live
2026,401856697,2026:401856697:19:15,Arkansas,19,regulation,3,eligible_regulation_offense,offense,2026:401856697:19:15,,,live
2026,401856697,2026:401856697:21:11,Arkansas,21,regulation,8,eligible_regulation_offense,offense,2026:401856697:21:11,,,live
2026,401856698,2026:401856698:4:5,Vanderbilt,4,regulation,3,eligible_regulation_offense,offense,2026:401856698:4:5,,,live
2026,401856698,2026:401856698:5:7,Auburn,5,regulation,7,eligible_regulation_offense,offense,2026:401856698:5:7,,,live
2026,401856698,2026:401856698:10:9,Auburn,10,regulation,7,regulation_non_offense,non_offense,2026:401856698:10:9,,,live
2026,401856698,2026:401856698:16:15,Vanderbilt,16,regulation,6,eligible_regulation_offense,offense,2026:401856698:16:15,,,live
2026,401856698,2026:401856698:17:10,Auburn,17,regulation,7,eligible_regulation_offense,offense,2026:401856698:17:10,,,live
2026,401856698,2026:401856698:18:23,Vanderbilt,18,regulation,3,eligible_regulation_offense,offense,2026:401856698:18:23,,,live
2026,401856698,2026:401856698:20:1,Vanderbilt,20,regulation,0,eligible_regulation_offense,offense,2026:401856698:20:1,,score_regression_rollback,live
2026,401856698,2026:401856698:20:12,Vanderbilt,20,regulation,3,eligible_regulation_offense,offense,2026:401856698:20:12,,,live
2026,401856699,2026:401856699:1:10,Florida,1,regulation,7,eligible_regulation_offense,offense,2026:401856699:1:10,,,live
2026,401856699,2026:401856699:3:4,Florida,3,regulation,3,eligible_regulation_offense,offense,2026:401856699:3:4,,,live
2026,401856699,2026:401856699:8:5,Ole Miss,8,regulation,3,eligible_regulation_offense,offense,2026:401856699:8:5,,,live
2026,401856699,2026:401856699:9:16,Florida,9,regulation,7,eligible_regulation_offense,offense,2026:401856699:9:16,,,live
2026,401856699,2026:401856699:10:10,Ole Miss,10,regulation,3,eligible_regulation_offense,offense,2026:401856699:10:10,,,live
2026,401856699,2026:401856699:13:6,Ole Miss,13,regulation,8,eligible_regulation_offense,offense,2026:401856699:13:6,,,live
2026,401856699,2026:401856699:14:5,Florida,14,regulation,7,eligible_regulation_offense,offense,2026:401856699:14:5,,,live
2026,401856699,2026:401856699:15:16,Ole Miss,15,regulation,7,eligible_regulation_offense,offense,2026:401856699:15:16,,,live
2026,401856699,2026:401856699:16:4,Florida,16,regulation,7,eligible_regulation_offense,offense,2026:401856699:16:4,,,live
2026,401856699,2026:401856699:18:8,Florida,18,regulation,7,eligible_regulation_offense,offense,2026:401856699:18:8,,,live
2026,401856699,2026:401856699:19:6,Ole Miss,19,regulation,7,eligible_regulation_offense,offense,2026:401856699:19:6,,,live
2026,401856699,2026:401856699:20:7,Florida,20,regulation,7,eligible_regulation_offense,offense,2026:401856699:20:7,,,live
2026,401856699,2026:401856699:22:9,Florida,22,regulation,7,eligible_regulation_offense,offense,2026:401856699:22:9,,,live
2026,401856700,2026:401856700:3:12,Georgia,3,regulation,7,eligible_regulation_offense,offense,2026:401856700:3:12,,,live
2026,401856700,2026:401856700:5:2,Georgia,5,regulation,6,eligible_regulation_offense,offense,2026:401856700:5:2,,,live
2026,401856700,2026:401856700:6:6,Georgia,6,regulation,0,regulation_non_offense,non_offense,2026:401856700:6:6,,score_regression_rollback,live
2026,401856700,2026:401856700:6:10,Georgia,6,regulation,8,regulation_non_offense,non_offense,2026:401856700:6:10,,,live
2026,401856700,2026:401856700:7:1,Georgia,7,regulation,0,regulation_non_offense,non_offense,2026:401856700:7:1,,score_regression_rollback,live
2026,401856700,2026:401856700:10:2,Georgia,10,regulation,7,eligible_regulation_offense,offense,2026:401856700:10:2,,,live
2026,401856700,2026:401856700:14:5,Oklahoma,14,regulation,6,eligible_regulation_offense,offense,2026:401856700:14:5,,,live
2026,401856700,2026:401856700:17:4,Georgia,17,regulation,3,eligible_regulation_offense,offense,2026:401856700:17:4,,,live
2026,401856700,2026:401856700:23:4,Georgia,23,regulation,7,eligible_regulation_offense,offense,2026:401856700:23:4,,,live
2026,401856700,2026:401856700:25:5,Georgia,25,regulation,3,excluded_regulation_offense,offense,2026:401856700:25:5,,,live
2026,401856700,2026:401856700:26:11,Oklahoma,26,regulation,7,excluded_regulation_offense,offense,2026:401856700:26:11,,,live
2026,401856702,2026:401856702:3:8,LSU,3,regulation,7,eligible_regulation_offense,offense,2026:401856702:3:8,,,live
2026,401856702,2026:401856702:8:18,Texas A&M,8,regulation,3,eligible_regulation_offense,offense,2026:401856702:8:18,,,live
2026,401856702,2026:401856702:11:9,LSU,11,regulation,7,eligible_regulation_offense,offense,2026:401856702:11:9,,,live
2026,401856702,2026:401856702:14:6,LSU,14,regulation,7,eligible_regulation_offense,offense,2026:401856702:14:6,,,live
2026,401856702,2026:401856702:16:8,LSU,16,regulation,7,eligible_regulation_offense,offense,2026:401856702:16:8,,,live
2026,401856702,2026:401856702:19:4,Texas A&M,19,regulation,3,eligible_regulation_offense,offense,2026:401856702:19:4,,,live
2026,401856702,2026:401856702:20:4,LSU,20,regulation,0,eligible_regulation_offense,offense,2026:401856702:20:4,,score_regression_rollback,live
2026,401856702,2026:401856702:20:8,LSU,20,regulation,7,eligible_regulation_offense,offense,2026:401856702:20:8,,,live
2026,401856703,2026:401856703:3:3,Mississippi State,3,regulation,7,eligible_regulation_offense,offense,2026:401856703:3:3,,,live
2026,401856703,2026:401856703:5:9,Mississippi State,5,regulation,7,eligible_regulation_offense,offense,2026:401856703:5:9,,,live
2026,401856703,2026:401856703:8:7,Missouri,8,regulation,3,eligible_regulation_offense,offense,2026:401856703:8:7,,,live
2026,401856703,2026:401856703:10:5,Missouri,10,regulation,7,eligible_regulation_offense,offense,2026:401856703:10:5,,,live
2026,401856703,2026:401856703:14:8,Missouri,14,regulation,7,eligible_regulation_offense,offense,2026:401856703:14:8,,,live
2026,401856703,2026:401856703:15:17,Mississippi State,15,regulation,3,eligible_regulation_offense,offense,2026:401856703:15:17,,,live
2026,401856703,2026:401856703:16:6,Missouri,16,regulation,7,eligible_regulation_offense,offense,2026:401856703:16:6,,,live
2026,401856703,2026:401856703:19:15,Mississippi State,19,regulation,7,eligible_regulation_offense,offense,2026:401856703:19:15,,,live
2026,401856703,2026:401856703:21:6,Mississippi State,21,regulation,7,eligible_regulation_offense,offense,2026:401856703:21:6,,,live
2026,401856704,2026:401856704:1:9,Texas,1,regulation,7,eligible_regulation_offense,offense,2026:401856704:1:9,,,live
2026,401856704,2026:401856704:2:12,Tennessee,2,regulation,3,eligible_regulation_offense,offense,2026:401856704:2:12,,,live
2026,401856704,2026:401856704:5:11,Texas,5,regulation,3,eligible_regulation_offense,offense,2026:401856704:5:11,,,live
2026,401856704,2026:401856704:14:4,Tennessee,14,regulation,7,regulation_non_offense,non_offense,2026:401856704:14:4,,,live
2026,401856704,2026:401856704:15:8,Texas,15,regulation,3,eligible_regulation_offense,offense,2026:401856704:15:8,,,live
2026,401856704,2026:401856704:21:8,Texas,21,regulation,7,eligible_regulation_offense,offense,2026:401856704:21:8,,,live
2026,401856704,2026:401856704:24:11,Tennessee,24,regulation,7,eligible_regulation_offense,offense,2026:401856704:24:11,,,live
2026,401856766,2026:401856766:1:11,North Carolina,1,regulation,3,eligible_regulation_offense,offense,2026:401856766:1:11,,,live
2026,401856766,2026:401856766:2:8,TCU,2,regulation,3,eligible_regulation_offense,offense,2026:401856766:2:8,,,live
2026,401856766,2026:401856766:4:4,TCU,4,regulation,7,eligible_regulation_offense,offense,2026:401856766:4:4,,,live
2026,401856766,2026:401856766:5:3,North Carolina,5,regulation,0,eligible_regulation_offense,offense,2026:401856766:5:3,,score_regression_rollback,live
2026,401856766,2026:401856766:5:5,North Carolina,5,regulation,0,eligible_regulation_offense,offense,2026:401856766:5:5,,score_regression_rollback,live
2026,401856766,2026:401856766:5:8,North Carolina,5,regulation,7,eligible_regulation_offense,offense,2026:401856766:5:8,,,live
2026,401856766,2026:401856766:10:9,North Carolina,10,regulation,2,regulation_non_offense,non_offense,2026:401856766:10:9,,,live
2026,401856766,2026:401856766:13:6,North Carolina,13,regulation,0,regulation_non_offense,non_offense,2026:401856766:13:6,,score_regression_rollback,live
2026,401856766,2026:401856766:14:5,North Carolina,14,regulation,3,eligible_regulation_offense,offense,2026:401856766:14:5,,,live
2026,401856772,2026:401856772:3:9,Tulsa,3,regulation,3,eligible_regulation_offense,offense,2026:401856772:3:9,,,live
2026,401856772,2026:401856772:8:8,Oklahoma State,8,regulation,3,eligible_regulation_offense,offense,2026:401856772:8:8,,,live
2026,401856772,2026:401856772:9:15,Tulsa,9,regulation,7,eligible_regulation_offense,offense,2026:401856772:9:15,,,live
2026,401856772,2026:401856772:14:6,Tulsa,14,regulation,7,eligible_regulation_offense,offense,2026:401856772:14:6,,,live
2026,401856772,2026:401856772:15:14,Oklahoma State,15,regulation,7,eligible_regulation_offense,offense,2026:401856772:15:14,,,live
2026,401856772,2026:401856772:20:2,Tulsa,20,regulation,7,eligible_regulation_offense,offense,2026:401856772:20:2,,,live
2026,401856776,2026:401856776:7:5,Colorado,7,regulation,6,eligible_regulation_offense,offense,2026:401856776:7:5,,,live
2026,401856776,2026:401856776:8:1,Georgia Tech,8,regulation,6,excluded_regulation_offense,offense,2026:401856776:8:1,,,live
2026,401856776,2026:401856776:8:1,Colorado,8,regulation,1,regulation_non_offense,non_offense,2026:401856776:8:1,,,live
2026,401856776,2026:401856776:9:1,Georgia Tech,9,regulation,1,regulation_non_offense,non_offense,2026:401856776:9:1,,,live
2026,401856776,2026:401856776:11:14,Georgia Tech,11,regulation,3,eligible_regulation_offense,offense,2026:401856776:11:14,,,live
2026,401856776,2026:401856776:19:17,Georgia Tech,19,regulation,3,eligible_regulation_offense,offense,2026:401856776:19:17,,,live
2026,401856776,2026:401856776:20:12,Colorado,20,regulation,7,eligible_regulation_offense,offense,2026:401856776:20:12,,,live
2026,401856777,2026:401856777:2:9,Cincinnati,2,regulation,3,eligible_regulation_offense,offense,2026:401856777:2:9,,,live
2026,401856777,2026:401856777:6:15,Cincinnati,6,regulation,7,eligible_regulation_offense,offense,2026:401856777:6:15,,,live
2026,401856777,2026:401856777:11:11,Cincinnati,11,regulation,7,eligible_regulation_offense,offense,2026:401856777:11:11,,,live
2026,401856777,2026:401856777:13:7,Cincinnati,13,regulation,7,eligible_regulation_offense,offense,2026:401856777:13:7,,,live
2026,401856777,2026:401856777:14:10,Boston College,14,regulation,8,eligible_regulation_offense,offense,2026:401856777:14:10,,,live
2026,401856777,2026:401856777:17:2,Cincinnati,17,regulation,0,eligible_regulation_offense,offense,2026:401856777:17:2,,score_regression_rollback,live
2026,401856777,2026:401856777:17:6,Cincinnati,17,regulation,0,eligible_regulation_offense,offense,2026:401856777:17:6,,score_regression_rollback,live
2026,401856777,2026:401856777:20:6,Cincinnati,20,regulation,3,eligible_regulation_offense,offense,2026:401856777:20:6,,,live
2026,401856777,2026:401856777:22:2,Cincinnati,22,regulation,7,regulation_non_offense,non_offense,2026:401856777:22:2,,,live
2026,401856777,2026:401856777:22:6,Boston College,22,regulation,7,eligible_regulation_offense,offense,2026:401856777:22:6,,,live
2026,401856778,2026:401856778:2:10,Houston,2,regulation,6,eligible_regulation_offense,offense,2026:401856778:2:10,,,live
2026,401856778,2026:401856778:3:5,Oregon State,3,regulation,7,eligible_regulation_offense,offense,2026:401856778:3:5,,,live
2026,401856778,2026:401856778:4:7,Houston,4,regulation,3,eligible_regulation_offense,offense,2026:401856778:4:7,,,live
2026,401856778,2026:401856778:10:4,Houston,10,regulation,7,eligible_regulation_offense,offense,2026:401856778:10:4,,,live
2026,401856778,2026:401856778:12:15,Houston,12,regulation,3,eligible_regulation_offense,offense,2026:401856778:12:15,,,live
2026,401856778,2026:401856778:16:11,Houston,16,regulation,7,eligible_regulation_offense,offense,2026:401856778:16:11,,,live
2026,401856778,2026:401856778:17:19,Oregon State,17,regulation,6,eligible_regulation_offense,offense,2026:401856778:17:19,,,live
2026,401856778,2026:401856778:19:8,Oregon State,19,regulation,7,eligible_regulation_offense,offense,2026:401856778:19:8,,,live
2026,401856778,2026:401856778:20:12,Houston,20,regulation,7,eligible_regulation_offense,offense,2026:401856778:20:12,,,live
2026,401856780,2026:401856780:1:3,West Virginia,1,regulation,7,eligible_regulation_offense,offense,2026:401856780:1:3,,,live
2026,401856780,2026:401856780:5:9,West Virginia,5,regulation,7,eligible_regulation_offense,offense,2026:401856780:5:9,,,live
2026,401856780,2026:401856780:7:9,West Virginia,7,regulation,3,eligible_regulation_offense,offense,2026:401856780:7:9,,,live
2026,401856780,2026:401856780:11:18,West Virginia,11,regulation,7,eligible_regulation_offense,offense,2026:401856780:11:18,,,live
2026,401856780,2026:401856780:16:15,Coastal Carolina,16,regulation,7,eligible_regulation_offense,offense,2026:401856780:16:15,,,live
2026,401856780,2026:401856780:20:3,Coastal Carolina,20,regulation,7,eligible_regulation_offense,offense,2026:401856780:20:3,,,live
2026,401856780,2026:401856780:23:7,West Virginia,23,regulation,3,eligible_regulation_offense,offense,2026:401856780:23:7,,,live
2026,401856780,2026:401856780:24:2,West Virginia,24,regulation,4,regulation_non_offense,non_offense,2026:401856780:24:2,,,live
2026,401856780,2026:401856780:24:8,Coastal Carolina,24,regulation,7,eligible_regulation_offense,offense,2026:401856780:24:8,,,live
2026,401856780,2026:401856780:26:8,Coastal Carolina,26,regulation,3,eligible_regulation_offense,offense,2026:401856780:26:8,,,live
2026,401856781,2026:401856781:1:19,Kansas State,1,regulation,3,eligible_regulation_offense,offense,2026:401856781:1:19,,,live
2026,401856781,2026:401856781:5:10,Kansas State,5,regulation,7,eligible_regulation_offense,offense,2026:401856781:5:10,,,live
2026,401856781,2026:401856781:7:3,Kansas State,7,regulation,7,eligible_regulation_offense,offense,2026:401856781:7:3,,,live
2026,401856781,2026:401856781:9:7,Washington State,9,regulation,7,regulation_non_offense,non_offense,2026:401856781:9:7,,,live
2026,401856781,2026:401856781:11:1,Kansas State,11,regulation,7,eligible_regulation_offense,offense,2026:401856781:11:1,,,live
2026,401856781,2026:401856781:13:5,Kansas State,13,regulation,3,eligible_regulation_offense,offense,2026:401856781:13:5,,,live
2026,401856781,2026:401856781:17:8,Kansas State,17,regulation,7,eligible_regulation_offense,offense,2026:401856781:17:8,,,live
2026,401856782,2026:401856782:2:5,Oklahoma State,2,regulation,3,eligible_regulation_offense,offense,2026:401856782:2:5,,,live
2026,401856782,2026:401856782:4:8,Oregon,4,regulation,7,regulation_non_offense,non_offense,2026:401856782:4:8,,,live
2026,401856782,2026:401856782:7:6,Oklahoma State,7,regulation,7,eligible_regulation_offense,offense,2026:401856782:7:6,,,live
2026,401856782,2026:401856782:9:8,Oklahoma State,9,regulation,7,eligible_regulation_offense,offense,2026:401856782:9:8,,,live
2026,401856782,2026:401856782:12:1,Oregon,12,regulation,7,eligible_regulation_offense,offense,2026:401856782:12:1,,,live
2026,401856782,2026:401856782:13:5,Oklahoma State,13,regulation,7,eligible_regulation_offense,offense,2026:401856782:13:5,,,live
2026,401856782,2026:401856782:14:17,Oregon,14,regulation,3,eligible_regulation_offense,offense,2026:401856782:14:17,,,live
2026,401856782,2026:401856782:16:10,Oklahoma State,16,regulation,3,eligible_regulation_offense,offense,2026:401856782:16:10,,,live
2026,401856782,2026:401856782:17:7,Oregon,17,regulation,7,eligible_regulation_offense,offense,2026:401856782:17:7,,,live
2026,401856782,2026:401856782:20:12,Oklahoma State,20,regulation,3,eligible_regulation_offense,offense,2026:401856782:20:12,,,live
2026,401856782,2026:401856782:21:6,Oregon,21,regulation,7,eligible_regulation_offense,offense,2026:401856782:21:6,,,live
2026,401856782,2026:401856782:22:14,Oklahoma State,22,regulation,6,eligible_regulation_offense,offense,2026:401856782:22:14,,,live
2026,401856782,2026:401856782:26:6,Oklahoma State,26,regulation,3,eligible_regulation_offense,offense,2026:401856782:26:6,,,live
2026,401856783,2026:401856783:6:6,Texas Tech,6,regulation,6,eligible_regulation_offense,offense,2026:401856783:6:6,,,live
2026,401856783,2026:401856783:7:1,Texas Tech,7,regulation,1,regulation_non_offense,non_offense,2026:401856783:7:1,,,live
2026,401856783,2026:401856783:7:2,Oregon State,7,regulation,7,eligible_regulation_offense,offense,2026:401856783:7:2,,,live
2026,401856783,2026:401856783:8:14,Texas Tech,8,regulation,7,eligible_regulation_offense,offense,2026:401856783:8:14,,,live
2026,401856783,2026:401856783:14:6,Oregon State,14,regulation,6,eligible_regulation_offense,offense,2026:401856783:14:6,,,live
2026,401856783,2026:401856783:15:9,Texas Tech,15,regulation,7,eligible_regulation_offense,offense,2026:401856783:15:9,,,live
2026,401856783,2026:401856783:16:3,Oregon State,16,regulation,0,eligible_regulation_offense,offense,2026:401856783:16:3,,score_regression_rollback,live
2026,401856783,2026:401856783:16:9,Oregon State,16,regulation,8,eligible_regulation_offense,offense,2026:401856783:16:9,,,live
2026,401856783,2026:401856783:20:2,Oregon State,20,regulation,0,eligible_regulation_offense,offense,2026:401856783:20:2,,score_regression_rollback,live
2026,401856783,2026:401856783:20:2,Texas Tech,20,regulation,0,unresolved,unknown,,,impossible_score_increment,live
2026,401856783,2026:401856783:20:4,Oregon State,20,regulation,3,eligible_regulation_offense,offense,2026:401856783:20:4,,,live
2026,401856788,2026:401856788:6:10,Iowa State,6,regulation,3,eligible_regulation_offense,offense,2026:401856788:6:10,,,live
2026,401856788,2026:401856788:8:10,Iowa State,8,regulation,7,eligible_regulation_offense,offense,2026:401856788:8:10,,,live
2026,401856788,2026:401856788:9:6,Iowa,9,regulation,7,eligible_regulation_offense,offense,2026:401856788:9:6,,,live
2026,401856788,2026:401856788:11:14,Iowa,11,regulation,3,eligible_regulation_offense,offense,2026:401856788:11:14,,,live
2026,401856788,2026:401856788:13:11,Iowa State,13,regulation,3,eligible_regulation_offense,offense,2026:401856788:13:11,,,live
2026,401856788,2026:401856788:20:11,Iowa,20,regulation,3,eligible_regulation_offense,offense,2026:401856788:20:11,,,live
2026,401856788,2026:401856788:22:13,Iowa,22,regulation,3,eligible_regulation_offense,offense,2026:401856788:22:13,,,live
2026,401856790,2026:401856790:5:19,Pittsburgh,5,regulation,3,eligible_regulation_offense,offense,2026:401856790:5:19,,,live
2026,401856790,2026:401856790:8:3,Pittsburgh,8,regulation,0,regulation_non_offense,non_offense,2026:401856790:8:3,,score_regression_rollback,live
2026,401856790,2026:401856790:10:1,Pittsburgh,10,regulation,2,regulation_non_offense,non_offense,2026:401856790:10:1,,,live
2026,401856790,2026:401856790:11:8,Pittsburgh,11,regulation,7,eligible_regulation_offense,offense,2026:401856790:11:8,,,live
2026,401856790,2026:401856790:12:1,UCF,12,regulation,0,unresolved,unknown,,,score_regression_or_nonintegral,live
2026,401856792,2026:401856792:3:7,Tulane,3,regulation,7,eligible_regulation_offense,offense,2026:401856792:3:7,,,live
2026,401856792,2026:401856792:6:8,Kansas State,6,regulation,0,eligible_regulation_offense,offense,2026:401856792:6:8,,score_regression_rollback,live
2026,401856792,2026:401856792:6:12,Kansas State,6,regulation,3,eligible_regulation_offense,offense,2026:401856792:6:12,,,live
2026,401856792,2026:401856792:8:8,Kansas State,8,regulation,7,eligible_regulation_offense,offense,2026:401856792:8:8,,,live
2026,401856792,2026:401856792:10:4,Kansas State,10,regulation,7,eligible_regulation_offense,offense,2026:401856792:10:4,,,live
2026,401856792,2026:401856792:11:15,Tulane,11,regulation,3,eligible_regulation_offense,offense,2026:401856792:11:15,,,live
2026,401856792,2026:401856792:13:16,Kansas State,13,regulation,7,eligible_regulation_offense,offense,2026:401856792:13:16,,,live
2026,401856792,2026:401856792:14:13,Tulane,14,regulation,3,eligible_regulation_offense,offense,2026:401856792:14:13,,,live
2026,401856792,2026:401856792:17:7,Kansas State,17,regulation,7,eligible_regulation_offense,offense,2026:401856792:17:7,,,live
2026,401856792,2026:401856792:18:16,Tulane,18,regulation,7,eligible_regulation_offense,offense,2026:401856792:18:16,,,live
2026,401856793,2026:401856793:1:11,Northern Illinois,1,regulation,3,eligible_regulation_offense,offense,2026:401856793:1:11,,,live
2026,401856793,2026:401856793:3:1,Northern Illinois,3,regulation,7,eligible_regulation_offense,offense,2026:401856793:3:1,,,live
2026,401856793,2026:401856793:4:1,Northern Illinois,4,regulation,0,regulation_non_offense,non_offense,2026:401856793:4:1,,score_regression_rollback,live
2026,401856793,2026:401856793:4:8,Arizona,4,regulation,7,eligible_regulation_offense,offense,2026:401856793:4:8,,,live
2026,401856793,2026:401856793:6:14,Arizona,6,regulation,7,eligible_regulation_offense,offense,2026:401856793:6:14,,,live
2026,401856793,2026:401856793:8:7,Arizona,8,regulation,7,eligible_regulation_offense,offense,2026:401856793:8:7,,,live
2026,401856793,2026:401856793:9:6,Arizona,9,regulation,7,regulation_non_offense,non_offense,2026:401856793:9:6,,,live
2026,401856793,2026:401856793:12:14,Arizona,12,regulation,7,eligible_regulation_offense,offense,2026:401856793:12:14,,,live
2026,401856793,2026:401856793:14:12,Arizona,14,regulation,7,eligible_regulation_offense,offense,2026:401856793:14:12,,,live
2026,401856793,2026:401856793:17:10,Northern Illinois,17,regulation,0,eligible_regulation_offense,offense,2026:401856793:17:10,,score_regression_rollback,live
2026,401856795,2026:401856795:1:3,BYU,1,regulation,7,eligible_regulation_offense,offense,2026:401856795:1:3,,,live
2026,401856795,2026:401856795:2:9,Colorado State,2,regulation,7,eligible_regulation_offense,offense,2026:401856795:2:9,,,live
2026,401856795,2026:401856795:3:4,BYU,3,regulation,7,eligible_regulation_offense,offense,2026:401856795:3:4,,,live
2026,401856795,2026:401856795:7:6,BYU,7,regulation,7,eligible_regulation_offense,offense,2026:401856795:7:6,,,live
2026,401856795,2026:401856795:9:11,BYU,9,regulation,3,eligible_regulation_offense,offense,2026:401856795:9:11,,,live
2026,401856795,2026:401856795:11:6,BYU,11,regulation,7,eligible_regulation_offense,offense,2026:401856795:11:6,,,live
2026,401856795,2026:401856795:15:9,BYU,15,regulation,7,eligible_regulation_offense,offense,2026:401856795:15:9,,,live
2026,401856795,2026:401856795:20:9,Colorado State,20,regulation,8,eligible_regulation_offense,offense,2026:401856795:20:9,,,live
2026,401856795,2026:401856795:21:10,BYU,21,regulation,3,eligible_regulation_offense,offense,2026:401856795:21:10,,,live
2026,401856795,2026:401856795:22:14,Colorado State,22,regulation,8,eligible_regulation_offense,offense,2026:401856795:22:14,,,live
2026,401856796,2026:401856796:5:9,Northwestern,5,regulation,7,eligible_regulation_offense,offense,2026:401856796:5:9,,,live
2026,401856796,2026:401856796:9:3,Northwestern,9,regulation,7,eligible_regulation_offense,offense,2026:401856796:9:3,,,live
2026,401856796,2026:401856796:11:14,Northwestern,11,regulation,7,eligible_regulation_offense,offense,2026:401856796:11:14,,,live
2026,401856796,2026:401856796:16:4,Colorado,16,regulation,7,eligible_regulation_offense,offense,2026:401856796:16:4,,,live
2026,401856796,2026:401856796:17:9,Northwestern,17,regulation,7,eligible_regulation_offense,offense,2026:401856796:17:9,,,live
2026,401856796,2026:401856796:19:4,Northwestern,19,regulation,7,eligible_regulation_offense,offense,2026:401856796:19:4,,,live
2026,401856796,2026:401856796:21:10,Northwestern,21,regulation,3,eligible_regulation_offense,offense,2026:401856796:21:10,,,live
2026,401856796,2026:401856796:23:13,Northwestern,23,regulation,3,excluded_regulation_offense,offense,2026:401856796:23:13,,,live
2026,401856797,2026:401856797:1:1,Miami (OH),1,regulation,7,regulation_non_offense,non_offense,2026:401856797:1:1,,,live
2026,401856797,2026:401856797:3:4,Miami (OH),3,regulation,7,eligible_regulation_offense,offense,2026:401856797:3:4,,,live
2026,401856797,2026:401856797:4:12,Cincinnati,4,regulation,7,eligible_regulation_offense,offense,2026:401856797:4:12,,,live
2026,401856797,2026:401856797:9:14,Miami (OH),9,regulation,7,eligible_regulation_offense,offense,2026:401856797:9:14,,,live
2026,401856797,2026:401856797:11:7,Miami (OH),11,regulation,7,eligible_regulation_offense,offense,2026:401856797:11:7,,,live
2026,401856797,2026:401856797:15:9,Cincinnati,15,regulation,7,eligible_regulation_offense,offense,2026:401856797:15:9,,,live
2026,401856797,2026:401856797:17:7,Cincinnati,17,regulation,7,eligible_regulation_offense,offense,2026:401856797:17:7,,,live
2026,401856797,2026:401856797:18:11,Miami (OH),18,regulation,3,eligible_regulation_offense,offense,2026:401856797:18:11,,,live
2026,401856797,2026:401856797:20:1,Cincinnati,20,regulation,0,regulation_non_offense,non_offense,2026:401856797:20:1,,score_regression_rollback,live
2026,401856797,2026:401856797:21:9,Cincinnati,21,regulation,7,eligible_regulation_offense,offense,2026:401856797:21:9,,,live
2026,401856797,2026:401856797:23:8,Cincinnati,23,regulation,7,eligible_regulation_offense,offense,2026:401856797:23:8,,,live
2026,401856798,2026:401856798:4:3,Iowa State,4,regulation,7,eligible_regulation_offense,offense,2026:401856798:4:3,,,live
2026,401856798,2026:401856798:5:4,Bowling Green,5,regulation,7,eligible_regulation_offense,offense,2026:401856798:5:4,,,live
2026,401856798,2026:401856798:6:1,Iowa State,6,regulation,7,regulation_non_offense,non_offense,2026:401856798:6:1,,,live
2026,401856798,2026:401856798:10:1,Iowa State,10,regulation,7,eligible_regulation_offense,offense,2026:401856798:10:1,,,live
2026,401856798,2026:401856798:12:5,Iowa State,12,regulation,7,eligible_regulation_offense,offense,2026:401856798:12:5,,,live
2026,401856798,2026:401856798:14:5,Iowa State,14,regulation,7,eligible_regulation_offense,offense,2026:401856798:14:5,,,live
2026,401856798,2026:401856798:18:12,Iowa State,18,regulation,3,eligible_regulation_offense,offense,2026:401856798:18:12,,,live
2026,401856798,2026:401856798:19:8,Iowa State,19,regulation,7,regulation_non_offense,non_offense,2026:401856798:19:8,,,live
2026,401856798,2026:401856798:23:17,Iowa State,23,regulation,7,excluded_regulation_offense,offense,2026:401856798:23:17,,,live
2026,401856798,2026:401856798:25:7,Iowa State,25,regulation,3,excluded_regulation_offense,offense,2026:401856798:25:7,,,live
2026,401856799,2026:401856799:2:10,TCU,2,regulation,7,eligible_regulation_offense,offense,2026:401856799:2:10,,,live
2026,401856799,2026:401856799:10:5,TCU,10,regulation,7,eligible_regulation_offense,offense,2026:401856799:10:5,,,live
2026,401856799,2026:401856799:13:4,Arkansas State,13,regulation,7,eligible_regulation_offense,offense,2026:401856799:13:4,,,live
2026,401856799,2026:401856799:17:15,TCU,17,regulation,7,eligible_regulation_offense,offense,2026:401856799:17:15,,,live
2026,401856799,2026:401856799:19:11,TCU,19,regulation,3,eligible_regulation_offense,offense,2026:401856799:19:11,,,live
2026,401856799,2026:401856799:21:5,TCU,21,regulation,7,eligible_regulation_offense,offense,2026:401856799:21:5,,,live
2026,401856800,2026:401856800:2:6,UCF,2,regulation,7,eligible_regulation_offense,offense,2026:401856800:2:6,,,live
2026,401856800,2026:401856800:4:4,UCF,4,regulation,3,eligible_regulation_offense,offense,2026:401856800:4:4,,,live
2026,401856800,2026:401856800:5:10,Georgia State,5,regulation,7,eligible_regulation_offense,offense,2026:401856800:5:10,,,live
2026,401856800,2026:401856800:6:7,UCF,6,regulation,7,eligible_regulation_offense,offense,2026:401856800:6:7,,,live
2026,401856800,2026:401856800:7:21,Georgia State,7,regulation,7,eligible_regulation_offense,offense,2026:401856800:7:21,,,live
2026,401856800,2026:401856800:9:2,Georgia State,9,regulation,7,eligible_regulation_offense,offense,2026:401856800:9:2,,,live
2026,401856800,2026:401856800:10:12,UCF,10,regulation,3,eligible_regulation_offense,offense,2026:401856800:10:12,,,live
2026,401856800,2026:401856800:11:13,Georgia State,11,regulation,3,eligible_regulation_offense,offense,2026:401856800:11:13,,,live
2026,401856800,2026:401856800:12:2,UCF,12,regulation,7,eligible_regulation_offense,offense,2026:401856800:12:2,,,live
2026,401856800,2026:401856800:13:9,Georgia State,13,regulation,3,eligible_regulation_offense,offense,2026:401856800:13:9,,,live
2026,401856800,2026:401856800:18:9,UCF,18,regulation,7,eligible_regulation_offense,offense,2026:401856800:18:9,,,live
2026,401856800,2026:401856800:20:9,UCF,20,regulation,3,eligible_regulation_offense,offense,2026:401856800:20:9,,,live
2026,401856800,2026:401856800:23:13,Georgia State,23,regulation,3,eligible_regulation_offense,offense,2026:401856800:23:13,,,live
2026,401856800,2026:401856800:24:8,UCF,24,regulation,7,eligible_regulation_offense,offense,2026:401856800:24:8,,,live
2026,401856801,2026:401856801:1:12,Utah,1,regulation,7,eligible_regulation_offense,offense,2026:401856801:1:12,,,live
2026,401856801,2026:401856801:3:7,Utah,3,regulation,6,eligible_regulation_offense,offense,2026:401856801:3:7,,,live
2026,401856801,2026:401856801:5:7,Utah,5,regulation,0,eligible_regulation_offense,offense,2026:401856801:5:7,,score_regression_rollback,live
2026,401856801,2026:401856801:5:9,Utah,5,regulation,3,eligible_regulation_offense,offense,2026:401856801:5:9,,,live
2026,401856801,2026:401856801:7:15,Utah,7,regulation,3,eligible_regulation_offense,offense,2026:401856801:7:15,,,live
2026,401856801,2026:401856801:10:4,Utah,10,regulation,7,eligible_regulation_offense,offense,2026:401856801:10:4,,,live
2026,401856801,2026:401856801:17:4,Utah,17,regulation,7,eligible_regulation_offense,offense,2026:401856801:17:4,,,live
2026,401856802,2026:401856802:2:12,Virginia,2,regulation,7,eligible_regulation_offense,offense,2026:401856802:2:12,,,live
2026,401856802,2026:401856802:3:10,West Virginia,3,regulation,7,eligible_regulation_offense,offense,2026:401856802:3:10,,,live
2026,401856802,2026:401856802:6:3,Virginia,6,regulation,7,eligible_regulation_offense,offense,2026:401856802:6:3,,,live
2026,401856802,2026:401856802:7:14,West Virginia,7,regulation,7,eligible_regulation_offense,offense,2026:401856802:7:14,,,live
2026,401856802,2026:401856802:13:7,West Virginia,13,regulation,7,eligible_regulation_offense,offense,2026:401856802:13:7,,,live
2026,401856802,2026:401856802:17:11,Virginia,17,regulation,7,eligible_regulation_offense,offense,2026:401856802:17:11,,,live
2026,401856802,2026:401856802:20:8,West Virginia,20,regulation,7,eligible_regulation_offense,offense,2026:401856802:20:8,,,live
2026,401856802,2026:401856802:22:8,West Virginia,22,regulation,7,eligible_regulation_offense,offense,2026:401856802:22:8,,,live
2026,401856802,2026:401856802:24:9,West Virginia,24,regulation,3,eligible_regulation_offense,offense,2026:401856802:24:9,,,live
2026,401856802,2026:401856802:25:13,Virginia,25,regulation,6,eligible_regulation_offense,offense,2026:401856802:25:13,,,live
2026,401856804,2026:401856804:2:10,Washington State,2,regulation,7,eligible_regulation_offense,offense,2026:401856804:2:10,,,live
2026,401856804,2026:401856804:5:4,Washington State,5,regulation,7,regulation_non_offense,non_offense,2026:401856804:5:4,,,live
2026,401856804,2026:401856804:6:8,Arizona,6,regulation,7,eligible_regulation_offense,offense,2026:401856804:6:8,,,live
2026,401856804,2026:401856804:8:14,Arizona,8,regulation,7,eligible_regulation_offense,offense,2026:401856804:8:14,,,live
2026,401856804,2026:401856804:11:11,Washington State,11,regulation,3,eligible_regulation_offense,offense,2026:401856804:11:11,,,live
2026,401856804,2026:401856804:18:3,Arizona,18,regulation,7,eligible_regulation_offense,offense,2026:401856804:18:3,,,live
2026,401856804,2026:401856804:20:13,Arizona,20,regulation,3,eligible_regulation_offense,offense,2026:401856804:20:13,,,live
2026,401856804,2026:401856804:22:7,Arizona,22,regulation,7,eligible_regulation_offense,offense,2026:401856804:22:7,,,live
2026,401856804,2026:401856804:23:7,Washington State,23,regulation,7,eligible_regulation_offense,offense,2026:401856804:23:7,,,live
2026,401856804,2026:401856804:24:15,Arizona,24,regulation,3,eligible_regulation_offense,offense,2026:401856804:24:15,,,live
2026,401856805,2026:401856805:4:9,Texas Tech,4,regulation,7,eligible_regulation_offense,offense,2026:401856805:4:9,,,live
2026,401856805,2026:401856805:7:3,Texas Tech,7,regulation,7,regulation_non_offense,non_offense,2026:401856805:7:3,,,live
2026,401856805,2026:401856805:8:2,Texas Tech,8,regulation,7,regulation_non_offense,non_offense,2026:401856805:8:2,,,live
2026,401856805,2026:401856805:11:5,Sam Houston State,11,regulation,7,eligible_regulation_offense,offense,2026:401856805:11:5,,,live
2026,401856805,2026:401856805:15:4,Sam Houston State,15,regulation,7,eligible_regulation_offense,offense,2026:401856805:15:4,,,live
2026,401856805,2026:401856805:19:4,Texas Tech,19,regulation,7,eligible_regulation_offense,offense,2026:401856805:19:4,,,live
2026,401856805,2026:401856805:21:5,Texas Tech,21,regulation,7,eligible_regulation_offense,offense,2026:401856805:21:5,,,live
2026,401856805,2026:401856805:26:7,Texas Tech,26,regulation,7,eligible_regulation_offense,offense,2026:401856805:26:7,,,live
2026,401856805,2026:401856805:28:11,Texas Tech,28,regulation,7,excluded_regulation_offense,offense,2026:401856805:28:11,,,live
2026,401856806,2026:401856806:2:6,Houston,2,regulation,7,eligible_regulation_offense,offense,2026:401856806:2:6,,,live
2026,401856806,2026:401856806:4:6,Houston,4,regulation,0,eligible_regulation_offense,offense,2026:401856806:4:6,,score_regression_rollback,live
2026,401856806,2026:401856806:4:8,Houston,4,regulation,7,eligible_regulation_offense,offense,2026:401856806:4:8,,,live
2026,401856806,2026:401856806:5:9,Georgia Southern,5,regulation,7,eligible_regulation_offense,offense,2026:401856806:5:9,,,live
2026,401856806,2026:401856806:6:6,Georgia Southern,6,regulation,0,eligible_regulation_offense,offense,2026:401856806:6:6,,score_regression_rollback,live
2026,401856806,2026:401856806:6:6,Houston,6,regulation,0,regulation_non_offense,non_offense,2026:401856806:6:6,,score_regression_rollback,live
2026,401856806,2026:401856806:6:11,Georgia Southern,6,regulation,7,eligible_regulation_offense,offense,2026:401856806:6:11,,,live
2026,401856806,2026:401856806:7:11,Houston,7,regulation,6,eligible_regulation_offense,offense,2026:401856806:7:11,,,live
2026,401856806,2026:401856806:8:3,Houston,8,regulation,0,regulation_non_offense,non_offense,2026:401856806:8:3,,score_regression_rollback,live
2026,401856806,2026:401856806:9:12,Houston,9,regulation,8,eligible_regulation_offense,offense,2026:401856806:9:12,,,live
2026,401856806,2026:401856806:11:9,Houston,11,regulation,6,eligible_regulation_offense,offense,2026:401856806:11:9,,,live
2026,401856806,2026:401856806:12:9,Houston,12,regulation,1,regulation_non_offense,non_offense,2026:401856806:12:9,,,live
2026,401856806,2026:401856806:12:10,Georgia Southern,12,regulation,7,eligible_regulation_offense,offense,2026:401856806:12:10,,,live
2026,401856806,2026:401856806:13:17,Houston,13,regulation,7,eligible_regulation_offense,offense,2026:401856806:13:17,,,live
2026,401856806,2026:401856806:14:16,Georgia Southern,14,regulation,7,eligible_regulation_offense,offense,2026:401856806:14:16,,,live
2026,401856810,2026:401856810:1:13,Arizona,1,regulation,7,eligible_regulation_offense,offense,2026:401856810:1:13,,,live
2026,401856810,2026:401856810:4:2,BYU,4,regulation,7,eligible_regulation_offense,offense,2026:401856810:4:2,,,live
2026,401856810,2026:401856810:5:14,Arizona,5,regulation,3,eligible_regulation_offense,offense,2026:401856810:5:14,,,live
2026,401856810,2026:401856810:6:10,BYU,6,regulation,7,eligible_regulation_offense,offense,2026:401856810:6:10,,,live
2026,401856810,2026:401856810:9:11,Arizona,9,regulation,7,eligible_regulation_offense,offense,2026:401856810:9:11,,,live
2026,401856810,2026:401856810:12:11,BYU,12,regulation,7,eligible_regulation_offense,offense,2026:401856810:12:11,,,live
2026,401856810,2026:401856810:18:4,BYU,18,regulation,7,eligible_regulation_offense,offense,2026:401856810:18:4,,,live
2026,401856811,2026:401856811:1:14,Houston,1,regulation,3,eligible_regulation_offense,offense,2026:401856811:1:14,,,live
2026,401856811,2026:401856811:3:11,Houston,3,regulation,7,eligible_regulation_offense,offense,2026:401856811:3:11,,,live
2026,401856811,2026:401856811:6:10,Texas Tech,6,regulation,7,eligible_regulation_offense,offense,2026:401856811:6:10,,,live
2026,401856811,2026:401856811:10:6,Texas Tech,10,regulation,7,eligible_regulation_offense,offense,2026:401856811:10:6,,,live
2026,401856811,2026:401856811:11:9,Houston,11,regulation,7,eligible_regulation_offense,offense,2026:401856811:11:9,,,live
2026,401856811,2026:401856811:14:6,Texas Tech,14,regulation,7,eligible_regulation_offense,offense,2026:401856811:14:6,,,live
2026,401856811,2026:401856811:15:15,Houston,15,regulation,3,eligible_regulation_offense,offense,2026:401856811:15:15,,,live
2026,401856811,2026:401856811:18:13,Texas Tech,18,regulation,7,eligible_regulation_offense,offense,2026:401856811:18:13,,,live
2026,401856811,2026:401856811:21:12,Houston,21,regulation,6,eligible_regulation_offense,offense,2026:401856811:21:12,,,live
2026,401856812,2026:401856812:2:10,Arizona State,2,regulation,3,eligible_regulation_offense,offense,2026:401856812:2:10,,,live
2026,401856812,2026:401856812:6:5,Kansas,6,regulation,7,regulation_non_offense,non_offense,2026:401856812:6:5,,,live
2026,401856812,2026:401856812:13:1,Arizona State,13,regulation,7,eligible_regulation_offense,offense,2026:401856812:13:1,,,live
2026,401856812,2026:401856812:15:1,Arizona State,15,regulation,7,regulation_non_offense,non_offense,2026:401856812:15:1,,,live
2026,401856812,2026:401856812:23:2,Arizona State,23,regulation,7,eligible_regulation_offense,offense,2026:401856812:23:2,,,live
2026,401856812,2026:401856812:26:5,Kansas,26,regulation,7,eligible_regulation_offense,offense,2026:401856812:26:5,,,live
2026,401856812,2026:401856812:28:8,Kansas,28,regulation,3,eligible_regulation_offense,offense,2026:401856812:28:8,,,live
2026,401856813,2026:401856813:4:8,Colorado,4,regulation,3,eligible_regulation_offense,offense,2026:401856813:4:8,,,live
2026,401856813,2026:401856813:5:15,Baylor,5,regulation,3,eligible_regulation_offense,offense,2026:401856813:5:15,,,live
2026,401856813,2026:401856813:6:5,Baylor,6,regulation,0,regulation_non_offense,non_offense,2026:401856813:6:5,,score_regression_rollback,live
2026,401856813,2026:401856813:7:3,Baylor,7,regulation,0,eligible_regulation_offense,offense,2026:401856813:7:3,,score_regression_rollback,live
2026,401856813,2026:401856813:9:5,Baylor,9,regulation,7,eligible_regulation_offense,offense,2026:401856813:9:5,,,live
2026,401856813,2026:401856813:18:6,Baylor,18,regulation,3,eligible_regulation_offense,offense,2026:401856813:18:6,,,live
2026,401856813,2026:401856813:21:7,Colorado,21,regulation,3,eligible_regulation_offense,offense,2026:401856813:21:7,,,live
2026,401856813,2026:401856813:23:13,Colorado,23,regulation,7,eligible_regulation_offense,offense,2026:401856813:23:13,,,live
2026,401856813,2026:401856813:24:6,Baylor,24,regulation,7,eligible_regulation_offense,offense,2026:401856813:24:6,,,live
2026,401856813,2026:401856813:26:10,Baylor,26,regulation,3,eligible_regulation_offense,offense,2026:401856813:26:10,,,live
2026,401856814,2026:401856814:2:18,Kansas State,2,regulation,3,eligible_regulation_offense,offense,2026:401856814:2:18,,,live
2026,401856814,2026:401856814:6:6,Kansas State,6,regulation,7,eligible_regulation_offense,offense,2026:401856814:6:6,,,live
2026,401856814,2026:401856814:7:7,Cincinnati,7,regulation,7,eligible_regulation_offense,offense,2026:401856814:7:7,,,live
2026,401856814,2026:401856814:9:5,Cincinnati,9,regulation,3,eligible_regulation_offense,offense,2026:401856814:9:5,,,live
2026,401856814,2026:401856814:10:14,Kansas State,10,regulation,7,eligible_regulation_offense,offense,2026:401856814:10:14,,,live
2026,401856814,2026:401856814:13:7,Cincinnati,13,regulation,7,eligible_regulation_offense,offense,2026:401856814:13:7,,,live
2026,401856814,2026:401856814:15:3,Cincinnati,15,regulation,7,eligible_regulation_offense,offense,2026:401856814:15:3,,,live
2026,401856814,2026:401856814:18:19,Kansas State,18,regulation,3,eligible_regulation_offense,offense,2026:401856814:18:19,,,live
2026,401856814,2026:401856814:19:12,Cincinnati,19,regulation,7,eligible_regulation_offense,offense,2026:401856814:19:12,,,live
2026,401856814,2026:401856814:20:13,Kansas State,20,regulation,6,eligible_regulation_offense,offense,2026:401856814:20:13,,,live
2026,401856815,2026:401856815:2:8,UCF,2,regulation,7,eligible_regulation_offense,offense,2026:401856815:2:8,,,live
2026,401856815,2026:401856815:3:8,TCU,3,regulation,7,eligible_regulation_offense,offense,2026:401856815:3:8,,,live
2026,401856815,2026:401856815:9:10,TCU,9,regulation,3,eligible_regulation_offense,offense,2026:401856815:9:10,,,live
2026,401856815,2026:401856815:10:8,UCF,10,regulation,7,eligible_regulation_offense,offense,2026:401856815:10:8,,,live
2026,401856815,2026:401856815:15:19,TCU,15,regulation,3,eligible_regulation_offense,offense,2026:401856815:15:19,,,live
2026,401856815,2026:401856815:16:15,UCF,16,regulation,7,eligible_regulation_offense,offense,2026:401856815:16:15,,,live
2026,401856816,2026:401856816:1:2,Utah,1,regulation,6,eligible_regulation_offense,offense,2026:401856816:1:2,,,live
2026,401856816,2026:401856816:5:9,Utah,5,regulation,0,unresolved,unknown,,,impossible_score_increment,live
2026,401856816,2026:401856816:5:9,Iowa State,5,regulation,0,regulation_non_offense,non_offense,2026:401856816:5:9,,score_regression_rollback,live
2026,401856816,2026:401856816:8:14,Iowa State,8,regulation,0,eligible_regulation_offense,offense,2026:401856816:8:14,,score_regression_rollback,live
2026,401856816,2026:401856816:8:16,Iowa State,8,regulation,3,eligible_regulation_offense,offense,2026:401856816:8:16,,,live
2026,401856816,2026:401856816:11:15,Iowa State,11,regulation,6,eligible_regulation_offense,offense,2026:401856816:11:15,,,live
2026,401856816,2026:401856816:15:11,Iowa State,15,regulation,0,eligible_regulation_offense,offense,2026:401856816:15:11,,score_regression_rollback,live
2026,401856816,2026:401856816:15:13,Iowa State,15,regulation,2,eligible_regulation_offense,offense,2026:401856816:15:13,,,live
2026,401856816,2026:401856816:16:1,Iowa State,16,regulation,6,regulation_non_offense,non_offense,2026:401856816:16:1,,,live
2026,401856881,2026:401856881:3:5,West Virginia,3,regulation,7,eligible_regulation_offense,offense,2026:401856881:3:5,,,live
2026,401856881,2026:401856881:4:13,Oklahoma State,4,regulation,3,eligible_regulation_offense,offense,2026:401856881:4:13,,,live
2026,401856881,2026:401856881:5:18,West Virginia,5,regulation,7,eligible_regulation_offense,offense,2026:401856881:5:18,,,live
2026,401856881,2026:401856881:6:10,Oklahoma State,6,regulation,3,eligible_regulation_offense,offense,2026:401856881:6:10,,,live
2026,401856881,2026:401856881:8:7,Oklahoma State,8,regulation,7,eligible_regulation_offense,offense,2026:401856881:8:7,,,live
2026,401856881,2026:401856881:12:7,West Virginia,12,regulation,7,eligible_regulation_offense,offense,2026:401856881:12:7,,,live
2026,401856881,2026:401856881:13:5,Oklahoma State,13,regulation,8,eligible_regulation_offense,offense,2026:401856881:13:5,,,live
2026,401856881,2026:401856881:14:16,West Virginia,14,regulation,3,eligible_regulation_offense,offense,2026:401856881:14:16,,,live
2026,401856881,2026:401856881:15:4,Oklahoma State,15,regulation,7,eligible_regulation_offense,offense,2026:401856881:15:4,,,live
2026,401856881,2026:401856881:17:7,Oklahoma State,17,regulation,3,eligible_regulation_offense,offense,2026:401856881:17:7,,,live
2026,401856881,2026:401856881:19:11,Oklahoma State,19,regulation,7,eligible_regulation_offense,offense,2026:401856881:19:11,,,live
2026,401856881,2026:401856881:21:9,Oklahoma State,21,regulation,3,eligible_regulation_offense,offense,2026:401856881:21:9,,,live
2026,401858201,2026:401858201:3:11,Stanford,3,regulation,7,eligible_regulation_offense,offense,2026:401858201:3:11,,,live
2026,401858201,2026:401858201:8:10,Hawai_i,8,regulation,7,eligible_regulation_offense,offense,2026:401858201:8:10,,,live
2026,401858201,2026:401858201:9:9,Stanford,9,regulation,7,eligible_regulation_offense,offense,2026:401858201:9:9,,,live
2026,401858201,2026:401858201:16:1,Stanford,16,regulation,0,unresolved,unknown,,,impossible_score_increment,live
2026,401858201,2026:401858201:20:20,Hawai_i,20,regulation,8,eligible_regulation_offense,offense,2026:401858201:20:20,,,live
2026,401858201,2026:401858201:22:7,Hawai_i,22,regulation,6,eligible_regulation_offense,offense,2026:401858201:22:7,,,live
2026,401858201,2026:401858201:24:9,Hawai_i,24,regulation,6,eligible_regulation_offense,offense,2026:401858201:24:9,,,live
2026,401858202,2026:401858202:4:6,Virginia,4,regulation,3,eligible_regulation_offense,offense,2026:401858202:4:6,,,live
2026,401858202,2026:401858202:6:4,Virginia,6,regulation,7,eligible_regulation_offense,offense,2026:401858202:6:4,,,live
2026,401858202,2026:401858202:8:8,Virginia,8,regulation,7,eligible_regulation_offense,offense,2026:401858202:8:8,,,live
2026,401858202,2026:401858202:15:4,Virginia,15,regulation,7,eligible_regulation_offense,offense,2026:401858202:15:4,,,live
2026,401858202,2026:401858202:18:10,NC State,18,regulation,6,eligible_regulation_offense,offense,2026:401858202:18:10,,,live
2026,401858202,2026:401858202:19:2,NC State,19,regulation,2,regulation_non_offense,non_offense,2026:401858202:19:2,,,live
2026,401858202,2026:401858202:19:26,Virginia,19,regulation,7,eligible_regulation_offense,offense,2026:401858202:19:26,,,live
2026,401858202,2026:401858202:21:4,Virginia,21,regulation,3,eligible_regulation_offense,offense,2026:401858202:21:4,,,live
2026,401858204,2026:401858204:1:11,Wake Forest,1,regulation,7,eligible_regulation_offense,offense,2026:401858204:1:11,,,live
2026,401858204,2026:401858204:3:18,Wake Forest,3,regulation,3,eligible_regulation_offense,offense,2026:401858204:3:18,,,live
2026,401858204,2026:401858204:5:4,Wake Forest,5,regulation,7,eligible_regulation_offense,offense,2026:401858204:5:4,,,live
2026,401858204,2026:401858204:6:2,Wake Forest,6,regulation,0,regulation_non_offense,non_offense,2026:401858204:6:2,,score_regression_rollback,live
2026,401858204,2026:401858204:7:8,Wake Forest,7,regulation,3,eligible_regulation_offense,offense,2026:401858204:7:8,,,live
2026,401858204,2026:401858204:9:1,Wake Forest,9,regulation,8,eligible_regulation_offense,offense,2026:401858204:9:1,,,live
2026,401858204,2026:401858204:10:15,Akron,10,regulation,3,eligible_regulation_offense,offense,2026:401858204:10:15,,,live
2026,401858204,2026:401858204:14:6,Wake Forest,14,regulation,3,eligible_regulation_offense,offense,2026:401858204:14:6,,,live
2026,401858204,2026:401858204:18:13,Wake Forest,18,regulation,7,eligible_regulation_offense,offense,2026:401858204:18:13,,,live
2026,401858204,2026:401858204:19:11,Akron,19,regulation,7,excluded_regulation_offense,offense,2026:401858204:19:11,,,live
2026,401858204,2026:401858204:21:13,Akron,21,regulation,6,eligible_regulation_offense,offense,2026:401858204:21:13,,,live
2026,401858206,2026:401858206:2:4,Miami,2,regulation,0,eligible_regulation_offense,offense,2026:401858206:2:4,,score_regression_rollback,live
2026,401858206,2026:401858206:3:2,Miami,3,regulation,7,regulation_non_offense,non_offense,2026:401858206:3:2,,,live
2026,401858206,2026:401858206:3:3,Stanford,3,regulation,0,unresolved,unknown,,,score_regression_or_nonintegral,live
2026,401858206,2026:401858206:3:3,Miami,3,regulation,0,unresolved,unknown,,,score_regression_or_nonintegral,live
2026,401858207,2026:401858207:2:10,Pittsburgh,2,regulation,7,eligible_regulation_offense,offense,2026:401858207:2:10,,,live
2026,401858207,2026:401858207:4:8,Pittsburgh,4,regulation,7,eligible_regulation_offense,offense,2026:401858207:4:8,,,live
2026,401858207,2026:401858207:6:7,Pittsburgh,6,regulation,7,eligible_regulation_offense,offense,2026:401858207:6:7,,,live
2026,401858207,2026:401858207:7:16,Miami (OH),7,regulation,7,eligible_regulation_offense,offense,2026:401858207:7:16,,,live
2026,401858207,2026:401858207:10:1,Pittsburgh,10,regulation,7,eligible_regulation_offense,offense,2026:401858207:10:1,,,live
2026,401858207,2026:401858207:11:2,Miami (OH),11,regulation,7,eligible_regulation_offense,offense,2026:401858207:11:2,,,live
2026,401858207,2026:401858207:14:14,Pittsburgh,14,regulation,3,eligible_regulation_offense,offense,2026:401858207:14:14,,,live
2026,401858207,2026:401858207:15:6,Pittsburgh,15,regulation,7,eligible_regulation_offense,offense,2026:401858207:15:6,,,live
2026,401858207,2026:401858207:17:8,Pittsburgh,17,regulation,7,eligible_regulation_offense,offense,2026:401858207:17:8,,,live
2026,401858207,2026:401858207:19:4,Pittsburgh,19,regulation,7,eligible_regulation_offense,offense,2026:401858207:19:4,,,live
2026,401858207,2026:401858207:21:11,Pittsburgh,21,regulation,7,excluded_regulation_offense,offense,2026:401858207:21:11,,,live
2026,401858209,2026:401858209:1:2,Duke,1,regulation,0,regulation_non_offense,non_offense,2026:401858209:1:2,,score_regression_rollback,live
2026,401858209,2026:401858209:1:19,Duke,1,regulation,7,eligible_regulation_offense,offense,2026:401858209:1:19,,,live
2026,401858209,2026:401858209:9:10,Duke,9,regulation,3,eligible_regulation_offense,offense,2026:401858209:9:10,,,live
2026,401858209,2026:401858209:18:8,Tulane,18,regulation,3,eligible_regulation_offense,offense,2026:401858209:18:8,,,live
2026,401858209,2026:401858209:19:14,Duke,19,regulation,7,eligible_regulation_offense,offense,2026:401858209:19:14,,,live
2026,401858210,2026:401858210:1:12,California,1,regulation,7,eligible_regulation_offense,offense,2026:401858210:1:12,,,live
2026,401858210,2026:401858210:2:8,UCLA,2,regulation,7,eligible_regulation_offense,offense,2026:401858210:2:8,,,live
2026,401858210,2026:401858210:7:17,California,7,regulation,3,eligible_regulation_offense,offense,2026:401858210:7:17,,,live
2026,401858210,2026:401858210:8:6,UCLA,8,regulation,7,eligible_regulation_offense,offense,2026:401858210:8:6,,,live
2026,401858210,2026:401858210:10:11,UCLA,10,regulation,7,eligible_regulation_offense,offense,2026:401858210:10:11,,,live
2026,401858210,2026:401858210:13:5,California,13,regulation,7,eligible_regulation_offense,offense,2026:401858210:13:5,,,live
2026,401858210,2026:401858210:13:8,UCLA,13,regulation,0,regulation_non_offense,non_offense,2026:401858210:13:8,,score_regression_rollback,live
2026,401858210,2026:401858210:14:5,UCLA,14,regulation,3,eligible_regulation_offense,offense,2026:401858210:14:5,,,live
2026,401858210,2026:401858210:17:16,California,17,regulation,7,eligible_regulation_offense,offense,2026:401858210:17:16,,,live
2026,401858210,2026:401858210:22:1,UCLA,22,regulation,7,eligible_regulation_offense,offense,2026:401858210:22:1,,,live
2026,401858210,2026:401858210:24:9,UCLA,24,regulation,7,eligible_regulation_offense,offense,2026:401858210:24:9,,,live
2026,401858210,2026:401858210:26:1,UCLA,26,regulation,7,eligible_regulation_offense,offense,2026:401858210:26:1,,,live
2026,401858212,2026:401858212:3:6,SMU,3,regulation,7,eligible_regulation_offense,offense,2026:401858212:3:6,,,live
2026,401858212,2026:401858212:4:15,Florida State,4,regulation,7,eligible_regulation_offense,offense,2026:401858212:4:15,,,live
2026,401858212,2026:401858212:7:9,SMU,7,regulation,7,eligible_regulation_offense,offense,2026:401858212:7:9,,,live
2026,401858212,2026:401858212:8:6,Florida State,8,regulation,3,eligible_regulation_offense,offense,2026:401858212:8:6,,,live
2026,401858212,2026:401858212:9:6,SMU,9,regulation,3,eligible_regulation_offense,offense,2026:401858212:9:6,,,live
2026,401858212,2026:401858212:15:10,Florida State,15,regulation,7,eligible_regulation_offense,offense,2026:401858212:15:10,,,live
2026,401858212,2026:401858212:18:3,SMU,18,regulation,7,eligible_regulation_offense,offense,2026:401858212:18:3,,,live
2026,401858212,2026:401858212:19:11,Florida State,19,regulation,7,eligible_regulation_offense,offense,2026:401858212:19:11,,,live
2026,401858212,2026:401858212:22:13,SMU,22,regulation,3,eligible_regulation_offense,offense,2026:401858212:22:13,,,live
2026,401858214,2026:401858214:2:5,Boston College,2,regulation,7,eligible_regulation_offense,offense,2026:401858214:2:5,,,live
2026,401858214,2026:401858214:4:4,Boston College,4,regulation,7,eligible_regulation_offense,offense,2026:401858214:4:4,,,live
2026,401858214,2026:401858214:6:13,Boston College,6,regulation,3,eligible_regulation_offense,offense,2026:401858214:6:13,,,live
2026,401858214,2026:401858214:9:19,Rutgers,9,regulation,7,eligible_regulation_offense,offense,2026:401858214:9:19,,,live
2026,401858214,2026:401858214:10:16,Boston College,10,regulation,3,eligible_regulation_offense,offense,2026:401858214:10:16,,,live
2026,401858214,2026:401858214:14:7,Rutgers,14,regulation,7,eligible_regulation_offense,offense,2026:401858214:14:7,,,live
2026,401858214,2026:401858214:19:5,Boston College,19,regulation,8,eligible_regulation_offense,offense,2026:401858214:19:5,,,live
2026,401858214,2026:401858214:20:4,Rutgers,20,regulation,7,eligible_regulation_offense,offense,2026:401858214:20:4,,,live
2026,401858216,2026:401858216:1:7,Syracuse,1,regulation,3,eligible_regulation_offense,offense,2026:401858216:1:7,,,live
2026,401858216,2026:401858216:5:15,Syracuse,5,regulation,3,eligible_regulation_offense,offense,2026:401858216:5:15,,,live
2026,401858216,2026:401858216:7:5,Syracuse,7,regulation,6,eligible_regulation_offense,offense,2026:401858216:7:5,,,live
2026,401858216,2026:401858216:8:6,California,8,regulation,7,eligible_regulation_offense,offense,2026:401858216:8:6,,,live
2026,401858216,2026:401858216:16:7,California,16,regulation,7,eligible_regulation_offense,offense,2026:401858216:16:7,,,live
2026,401858216,2026:401858216:17:14,Syracuse,17,regulation,6,eligible_regulation_offense,offense,2026:401858216:17:14,,,live
2026,401858216,2026:401858216:21:3,California,21,regulation,7,regulation_non_offense,non_offense,2026:401858216:21:3,,,live
2026,401858217,2026:401858217:1:11,Illinois,1,regulation,7,eligible_regulation_offense,offense,2026:401858217:1:11,,,live
2026,401858217,2026:401858217:2:7,Duke,2,regulation,7,eligible_regulation_offense,offense,2026:401858217:2:7,,,live
2026,401858217,2026:401858217:3:13,Illinois,3,regulation,3,eligible_regulation_offense,offense,2026:401858217:3:13,,,live
2026,401858217,2026:401858217:5:9,Illinois,5,regulation,7,eligible_regulation_offense,offense,2026:401858217:5:9,,,live
2026,401858217,2026:401858217:6:14,Duke,6,regulation,7,eligible_regulation_offense,offense,2026:401858217:6:14,,,live
2026,401858217,2026:401858217:7:15,Illinois,7,regulation,7,eligible_regulation_offense,offense,2026:401858217:7:15,,,live
2026,401858217,2026:401858217:8:10,Duke,8,regulation,7,eligible_regulation_offense,offense,2026:401858217:8:10,,,live
2026,401858217,2026:401858217:10:3,Duke,10,regulation,0,eligible_regulation_offense,offense,2026:401858217:10:3,,score_regression_rollback,live
2026,401858217,2026:401858217:10:11,Duke,10,regulation,7,eligible_regulation_offense,offense,2026:401858217:10:11,,,live
2026,401858217,2026:401858217:11:13,Illinois,11,regulation,3,eligible_regulation_offense,offense,2026:401858217:11:13,,,live
2026,401858217,2026:401858217:12:16,Duke,12,regulation,3,eligible_regulation_offense,offense,2026:401858217:12:16,,,live
2026,401858219,2026:401858219:2:9,Clemson,2,regulation,7,eligible_regulation_offense,offense,2026:401858219:2:9,,,live
2026,401858219,2026:401858219:8:8,Clemson,8,regulation,3,eligible_regulation_offense,offense,2026:401858219:8:8,,,live
2026,401858219,2026:401858219:14:6,Clemson,14,regulation,3,eligible_regulation_offense,offense,2026:401858219:14:6,,,live
2026,401858219,2026:401858219:15:8,Georgia Southern,15,regulation,7,eligible_regulation_offense,offense,2026:401858219:15:8,,,live
2026,401858219,2026:401858219:16:15,Clemson,16,regulation,0,eligible_regulation_offense,offense,2026:401858219:16:15,,score_regression_rollback,live
2026,401858219,2026:401858219:16:18,Clemson,16,regulation,3,eligible_regulation_offense,offense,2026:401858219:16:18,,,live
2026,401858219,2026:401858219:26:8,Clemson,26,regulation,3,eligible_regulation_offense,offense,2026:401858219:26:8,,,live
2026,401858219,2026:401858219:28:4,Clemson,28,regulation,3,eligible_regulation_offense,offense,2026:401858219:28:4,,,live
2026,401858221,2026:401858221:1:12,Virginia Tech,1,regulation,3,eligible_regulation_offense,offense,2026:401858221:1:12,,,live
2026,401858221,2026:401858221:3:15,Virginia Tech,3,regulation,7,eligible_regulation_offense,offense,2026:401858221:3:15,,,live
2026,401858221,2026:401858221:5:1,Virginia Tech,5,regulation,7,regulation_non_offense,non_offense,2026:401858221:5:1,,,live
2026,401858221,2026:401858221:6:8,Old Dominion,6,regulation,3,eligible_regulation_offense,offense,2026:401858221:6:8,,,live
2026,401858221,2026:401858221:7:8,Virginia Tech,7,regulation,0,eligible_regulation_offense,offense,2026:401858221:7:8,,score_regression_rollback,live
2026,401858221,2026:401858221:7:16,Virginia Tech,7,regulation,7,eligible_regulation_offense,offense,2026:401858221:7:16,,,live
2026,401858221,2026:401858221:9:3,Virginia Tech,9,regulation,7,eligible_regulation_offense,offense,2026:401858221:9:3,,,live
2026,401858221,2026:401858221:11:4,Virginia Tech,11,regulation,3,eligible_regulation_offense,offense,2026:401858221:11:4,,,live
2026,401858221,2026:401858221:12:14,Old Dominion,12,regulation,0,regulation_non_offense,non_offense,2026:401858221:12:14,,score_regression_rollback,live
2026,401858221,2026:401858221:14:1,Old Dominion,14,regulation,3,excluded_regulation_offense,offense,2026:401858221:14:1,,,live
2026,401858221,2026:401858221:16:12,Virginia Tech,16,regulation,3,eligible_regulation_offense,offense,2026:401858221:16:12,,,live
2026,401858221,2026:401858221:17:12,Old Dominion,17,regulation,7,eligible_regulation_offense,offense,2026:401858221:17:12,,,live
2026,401858221,2026:401858221:18:17,Virginia Tech,18,regulation,7,eligible_regulation_offense,offense,2026:401858221:18:17,,,live
2026,401858221,2026:401858221:21:3,Old Dominion,21,regulation,8,eligible_regulation_offense,offense,2026:401858221:21:3,,,live
2026,401858224,2026:401858224:1:10,Purdue,1,regulation,7,eligible_regulation_offense,offense,2026:401858224:1:10,,,live
2026,401858224,2026:401858224:2:15,Wake Forest,2,regulation,7,eligible_regulation_offense,offense,2026:401858224:2:15,,,live
2026,401858224,2026:401858224:3:4,Purdue,3,regulation,0,unresolved,unknown,,,impossible_score_increment,live
2026,401858224,2026:401858224:3:4,Wake Forest,3,regulation,0,unresolved,unknown,,,impossible_score_increment,live
2026,401858225,2026:401858225:3:10,Pittsburgh,3,regulation,7,eligible_regulation_offense,offense,2026:401858225:3:10,,,live
2026,401858225,2026:401858225:5:6,Pittsburgh,5,regulation,7,eligible_regulation_offense,offense,2026:401858225:5:6,,,live
2026,401858225,2026:401858225:7:8,Pittsburgh,7,regulation,3,eligible_regulation_offense,offense,2026:401858225:7:8,,,live
2026,401858225,2026:401858225:8:14,Syracuse,8,regulation,7,eligible_regulation_offense,offense,2026:401858225:8:14,,,live
2026,401858225,2026:401858225:10:9,Syracuse,10,regulation,3,eligible_regulation_offense,offense,2026:401858225:10:9,,,live
2026,401858225,2026:401858225:12:4,Pittsburgh,12,regulation,7,eligible_regulation_offense,offense,2026:401858225:12:4,,,live
2026,401858225,2026:401858225:18:8,Pittsburgh,18,regulation,3,eligible_regulation_offense,offense,2026:401858225:18:8,,,live
2026,401858225,2026:401858225:19:14,Syracuse,19,regulation,3,eligible_regulation_offense,offense,2026:401858225:19:14,,,live
2026,401858226,2026:401858226:1:16,Miami,1,regulation,7,eligible_regulation_offense,offense,2026:401858226:1:16,,,live
2026,401858226,2026:401858226:2:16,Wake Forest,2,regulation,7,eligible_regulation_offense,offense,2026:401858226:2:16,,,live
2026,401858226,2026:401858226:3:8,Miami,3,regulation,7,eligible_regulation_offense,offense,2026:401858226:3:8,,,live
2026,401858226,2026:401858226:5:9,Miami,5,regulation,7,eligible_regulation_offense,offense,2026:401858226:5:9,,,live
2026,401858226,2026:401858226:9:12,Miami,9,regulation,3,eligible_regulation_offense,offense,2026:401858226:9:12,,,live
2026,401858226,2026:401858226:10:1,Miami,10,regulation,3,regulation_non_offense,non_offense,2026:401858226:10:1,,,live
2026,401858226,2026:401858226:11:9,Miami,11,regulation,4,eligible_regulation_offense,offense,2026:401858226:11:9,,,live
2026,401858226,2026:401858226:12:14,Wake Forest,12,regulation,6,eligible_regulation_offense,offense,2026:401858226:12:14,,,live
2026,401858226,2026:401858226:14:8,Wake Forest,14,regulation,7,eligible_regulation_offense,offense,2026:401858226:14:8,,,live
2026,401858226,2026:401858226:16:3,Miami,16,regulation,2,regulation_non_offense,non_offense,2026:401858226:16:3,,,live
2026,401858229,2026:401858229:2:6,North Carolina,2,regulation,7,eligible_regulation_offense,offense,2026:401858229:2:6,,,live
2026,401858229,2026:401858229:3:12,Clemson,3,regulation,3,eligible_regulation_offense,offense,2026:401858229:3:12,,,live
2026,401858229,2026:401858229:4:11,North Carolina,4,regulation,7,eligible_regulation_offense,offense,2026:401858229:4:11,,,live
2026,401858229,2026:401858229:8:14,North Carolina,8,regulation,3,eligible_regulation_offense,offense,2026:401858229:8:14,,,live
2026,401858229,2026:401858229:11:21,Clemson,11,regulation,3,eligible_regulation_offense,offense,2026:401858229:11:21,,,live
2026,401858229,2026:401858229:15:4,Clemson,15,regulation,3,eligible_regulation_offense,offense,2026:401858229:15:4,,,live
2026,401858229,2026:401858229:17:8,Clemson,17,regulation,6,eligible_regulation_offense,offense,2026:401858229:17:8,,,live
2026,401858229,2026:401858229:20:12,North Carolina,20,regulation,3,eligible_regulation_offense,offense,2026:401858229:20:12,,,live
2026,401858229,2026:401858229:21:5,Clemson,21,regulation,6,eligible_regulation_offense,offense,2026:401858229:21:5,,,live
2026,401858229,2026:401858229:23:8,Clemson,23,regulation,7,eligible_regulation_offense,offense,2026:401858229:23:8,,,live
2026,401858230,2026:401858230:1:7,SMU,1,regulation,0,eligible_regulation_offense,offense,2026:401858230:1:7,,score_regression_rollback,live
2026,401858230,2026:401858230:1:7,Louisville,1,regulation,0,regulation_non_offense,non_offense,2026:401858230:1:7,,score_regression_rollback,live
2026,401858230,2026:401858230:1:11,SMU,1,regulation,7,eligible_regulation_offense,offense,2026:401858230:1:11,,,live
2026,401858230,2026:401858230:2:16,Louisville,2,regulation,7,eligible_regulation_offense,offense,2026:401858230:2:16,,,live
2026,401858230,2026:401858230:4:3,Louisville,4,regulation,0,eligible_regulation_offense,offense,2026:401858230:4:3,,score_regression_rollback,live
2026,401858230,2026:401858230:4:6,Louisville,4,regulation,7,eligible_regulation_offense,offense,2026:401858230:4:6,,,live
2026,401858230,2026:401858230:5:10,SMU,5,regulation,7,eligible_regulation_offense,offense,2026:401858230:5:10,,,live
2026,401858230,2026:401858230:11:7,SMU,11,regulation,3,eligible_regulation_offense,offense,2026:401858230:11:7,,,live
2026,401858230,2026:401858230:12:3,Louisville,12,regulation,7,eligible_regulation_offense,offense,2026:401858230:12:3,,,live
2026,401858230,2026:401858230:15:11,SMU,15,regulation,7,eligible_regulation_offense,offense,2026:401858230:15:11,,,live
2026,401858230,2026:401858230:16:12,Louisville,16,regulation,7,eligible_regulation_offense,offense,2026:401858230:16:12,,,live
2026,401858230,2026:401858230:19:9,SMU,19,regulation,7,eligible_regulation_offense,offense,2026:401858230:19:9,,,live
2026,401858230,2026:401858230:20:5,Louisville,20,regulation,7,eligible_regulation_offense,offense,2026:401858230:20:5,,,live
2026,401858230,2026:401858230:22:4,Louisville,22,regulation,5,eligible_regulation_offense,offense,2026:401858230:22:4,,,live
2026,401858230,2026:401858230:23:3,Louisville,23,regulation,1,regulation_non_offense,non_offense,2026:401858230:23:3,,,live
2026,401858231,2026:401858231:7:12,Duke,7,regulation,7,eligible_regulation_offense,offense,2026:401858231:7:12,,,live
2026,401858231,2026:401858231:9:6,Duke,9,regulation,7,eligible_regulation_offense,offense,2026:401858231:9:6,,,live
2026,401858231,2026:401858231:12:6,Stanford,12,regulation,7,eligible_regulation_offense,offense,2026:401858231:12:6,,,live
2026,401858231,2026:401858231:14:12,Duke,14,regulation,7,eligible_regulation_offense,offense,2026:401858231:14:12,,,live
2026,401858231,2026:401858231:16:10,Duke,16,regulation,7,eligible_regulation_offense,offense,2026:401858231:16:10,,,live
2026,401858231,2026:401858231:20:9,Duke,20,regulation,7,eligible_regulation_offense,offense,2026:401858231:20:9,,,live
2026,401858232,2026:401858232:1:14,Virginia Tech,1,regulation,7,eligible_regulation_offense,offense,2026:401858232:1:14,,,live
2026,401858232,2026:401858232:3:18,Virginia Tech,3,regulation,6,eligible_regulation_offense,offense,2026:401858232:3:18,,,live
2026,401858232,2026:401858232:4:8,Maryland,4,regulation,7,eligible_regulation_offense,offense,2026:401858232:4:8,,,live
2026,401858232,2026:401858232:5:10,Virginia Tech,5,regulation,7,eligible_regulation_offense,offense,2026:401858232:5:10,,,live
2026,401858232,2026:401858232:8:6,Maryland,8,regulation,7,eligible_regulation_offense,offense,2026:401858232:8:6,,,live
2026,401858232,2026:401858232:9:17,Virginia Tech,9,regulation,7,eligible_regulation_offense,offense,2026:401858232:9:17,,,live
2026,401858232,2026:401858232:12:11,Virginia Tech,12,regulation,8,eligible_regulation_offense,offense,2026:401858232:12:11,,,live
2026,401858232,2026:401858232:15:16,Maryland,15,regulation,6,eligible_regulation_offense,offense,2026:401858232:15:16,,,live
2026,401858232,2026:401858232:17:11,Maryland,17,regulation,6,eligible_regulation_offense,offense,2026:401858232:17:11,,,live
2026,401858234,2026:401858234:5:2,California,5,regulation,7,regulation_non_offense,non_offense,2026:401858234:5:2,,,live
2026,401858234,2026:401858234:6:15,Clemson,6,regulation,3,eligible_regulation_offense,offense,2026:401858234:6:15,,,live
2026,401858234,2026:401858234:8:20,Clemson,8,regulation,7,eligible_regulation_offense,offense,2026:401858234:8:20,,,live
2026,401858234,2026:401858234:12:12,California,12,regulation,3,eligible_regulation_offense,offense,2026:401858234:12:12,,,live
2026,401858234,2026:401858234:14:6,Clemson,14,regulation,7,regulation_non_offense,non_offense,2026:401858234:14:6,,,live
2026,401858234,2026:401858234:18:6,Clemson,18,regulation,0,eligible_regulation_offense,offense,2026:401858234:18:6,,score_regression_rollback,live
2026,401858234,2026:401858234:19:2,Clemson,19,regulation,7,regulation_non_offense,non_offense,2026:401858234:19:2,,,live
2026,401858238,2026:401858238:2:11,Central Michigan,2,regulation,3,eligible_regulation_offense,offense,2026:401858238:2:11,,,live
2026,401858238,2026:401858238:3:11,Miami,3,regulation,7,eligible_regulation_offense,offense,2026:401858238:3:11,,,live
2026,401858238,2026:401858238:5:5,Miami,5,regulation,7,eligible_regulation_offense,offense,2026:401858238:5:5,,,live
2026,401858238,2026:401858238:7:5,Miami,7,regulation,7,eligible_regulation_offense,offense,2026:401858238:7:5,,,live
2026,401858238,2026:401858238:9:8,Miami,9,regulation,7,eligible_regulation_offense,offense,2026:401858238:9:8,,,live
2026,401858238,2026:401858238:11:10,Miami,11,regulation,0,eligible_regulation_offense,offense,2026:401858238:11:10,,score_regression_rollback,live
2026,401858238,2026:401858238:11:13,Miami,11,regulation,7,eligible_regulation_offense,offense,2026:401858238:11:13,,,live
2026,401858238,2026:401858238:14:9,Miami,14,regulation,7,regulation_non_offense,non_offense,2026:401858238:14:9,,,live
2026,401858238,2026:401858238:16:12,Miami,16,regulation,0,excluded_regulation_offense,offense,2026:401858238:16:12,,score_regression_rollback,live
2026,401858238,2026:401858238:16:14,Miami,16,regulation,3,excluded_regulation_offense,offense,2026:401858238:16:14,,,live
2026,401858238,2026:401858238:16:15,Miami,16,regulation,0,excluded_regulation_offense,offense,2026:401858238:16:15,,score_regression_rollback,live
2026,401858238,2026:401858238:18:3,Miami,18,regulation,7,excluded_regulation_offense,offense,2026:401858238:18:3,,,live
2026,401858239,2026:401858239:1:14,Virginia,1,regulation,7,eligible_regulation_offense,offense,2026:401858239:1:14,,,live
2026,401858239,2026:401858239:5:8,Virginia,5,regulation,7,eligible_regulation_offense,offense,2026:401858239:5:8,,,live
2026,401858239,2026:401858239:6:15,Delaware,6,regulation,3,eligible_regulation_offense,offense,2026:401858239:6:15,,,live
2026,401858239,2026:401858239:9:5,Virginia,9,regulation,7,eligible_regulation_offense,offense,2026:401858239:9:5,,,live
2026,401858239,2026:401858239:11:10,Virginia,11,regulation,7,eligible_regulation_offense,offense,2026:401858239:11:10,,,live
2026,401858239,2026:401858239:14:11,Virginia,14,regulation,7,eligible_regulation_offense,offense,2026:401858239:14:11,,,live
2026,401858239,2026:401858239:20:3,Virginia,20,regulation,7,excluded_regulation_offense,offense,2026:401858239:20:3,,,live
2026,401858240,2026:401858240:1:2,Georgia Tech,1,regulation,0,eligible_regulation_offense,offense,2026:401858240:1:2,,score_regression_rollback,live
2026,401858240,2026:401858240:1:11,Georgia Tech,1,regulation,0,eligible_regulation_offense,offense,2026:401858240:1:11,,score_regression_rollback,live
2026,401858240,2026:401858240:1:11,Stanford,1,regulation,0,regulation_non_offense,non_offense,2026:401858240:1:11,,score_regression_rollback,live
2026,401858240,2026:401858240:1:16,Georgia Tech,1,regulation,3,eligible_regulation_offense,offense,2026:401858240:1:16,,,live
2026,401858240,2026:401858240:2:9,Stanford,2,regulation,7,eligible_regulation_offense,offense,2026:401858240:2:9,,,live
2026,401858240,2026:401858240:3:5,Georgia Tech,3,regulation,0,regulation_non_offense,non_offense,2026:401858240:3:5,,score_regression_rollback,live
2026,401858240,2026:401858240:3:8,Georgia Tech,3,regulation,7,eligible_regulation_offense,offense,2026:401858240:3:8,,,live
2026,401858240,2026:401858240:5:10,Georgia Tech,5,regulation,3,eligible_regulation_offense,offense,2026:401858240:5:10,,,live
2026,401858240,2026:401858240:6:10,Stanford,6,regulation,3,eligible_regulation_offense,offense,2026:401858240:6:10,,,live
2026,401858240,2026:401858240:7:11,Georgia Tech,7,regulation,7,eligible_regulation_offense,offense,2026:401858240:7:11,,,live
2026,401858240,2026:401858240:9:13,Stanford,9,regulation,3,eligible_regulation_offense,offense,2026:401858240:9:13,,,live
2026,401858240,2026:401858240:11:4,Stanford,11,regulation,7,eligible_regulation_offense,offense,2026:401858240:11:4,,,live
2026,401858240,2026:401858240:13:12,Stanford,13,regulation,7,eligible_regulation_offense,offense,2026:401858240:13:12,,,live
2026,401858240,2026:401858240:15:4,Stanford,15,regulation,7,eligible_regulation_offense,offense,2026:401858240:15:4,,,live
2026,401858240,2026:401858240:16:9,Georgia Tech,16,regulation,7,eligible_regulation_offense,offense,2026:401858240:16:9,,,live
2026,401858241,2026:401858241:4:11,Missouri State,4,regulation,3,eligible_regulation_offense,offense,2026:401858241:4:11,,,live
2026,401858241,2026:401858241:5:5,Missouri State,5,regulation,7,regulation_non_offense,non_offense,2026:401858241:5:5,,,live
2026,401858241,2026:401858241:6:14,SMU,6,regulation,7,eligible_regulation_offense,offense,2026:401858241:6:14,,,live
2026,401858241,2026:401858241:10:8,SMU,10,regulation,7,eligible_regulation_offense,offense,2026:401858241:10:8,,,live
2026,401858241,2026:401858241:13:11,SMU,13,regulation,7,eligible_regulation_offense,offense,2026:401858241:13:11,,,live
2026,401858241,2026:401858241:16:11,Missouri State,16,regulation,8,eligible_regulation_offense,offense,2026:401858241:16:11,,,live
2026,401858241,2026:401858241:19:9,SMU,19,regulation,7,eligible_regulation_offense,offense,2026:401858241:19:9,,,live
2026,401858241,2026:401858241:21:1,SMU,21,regulation,6,eligible_regulation_offense,offense,2026:401858241:21:1,,,live
2026,401858241,2026:401858241:22:15,Missouri State,22,regulation,6,eligible_regulation_offense,offense,2026:401858241:22:15,,,live
2026,401858242,2026:401858242:13:18,Virginia Tech,13,regulation,3,eligible_regulation_offense,offense,2026:401858242:13:18,,,live
2026,401858242,2026:401858242:16:4,Virginia Tech,16,regulation,3,eligible_regulation_offense,offense,2026:401858242:16:4,,,live
2026,401858242,2026:401858242:17:6,Boston College,17,regulation,7,eligible_regulation_offense,offense,2026:401858242:17:6,,,live
2026,401858242,2026:401858242:21:10,Boston College,21,regulation,7,eligible_regulation_offense,offense,2026:401858242:21:10,,,live
2026,401858242,2026:401858242:22:12,Virginia Tech,22,regulation,8,eligible_regulation_offense,offense,2026:401858242:22:12,,,live
2026,401858242,2026:401858242:24:1,Virginia Tech,24,regulation,7,eligible_regulation_offense,offense,2026:401858242:24:1,,,live
2026,401858243,2026:401858243:4:7,Wake Forest,4,regulation,3,eligible_regulation_offense,offense,2026:401858243:4:7,,,live
2026,401858243,2026:401858243:5:12,Louisville,5,regulation,7,eligible_regulation_offense,offense,2026:401858243:5:12,,,live
2026,401858243,2026:401858243:6:13,Wake Forest,6,regulation,7,eligible_regulation_offense,offense,2026:401858243:6:13,,,live
2026,401858243,2026:401858243:7:12,Louisville,7,regulation,7,eligible_regulation_offense,offense,2026:401858243:7:12,,,live
2026,401858243,2026:401858243:8:5,Wake Forest,8,regulation,7,eligible_regulation_offense,offense,2026:401858243:8:5,,,live
2026,401858243,2026:401858243:10:6,Wake Forest,10,regulation,7,eligible_regulation_offense,offense,2026:401858243:10:6,,,live
2026,401858243,2026:401858243:11:4,Louisville,11,regulation,7,eligible_regulation_offense,offense,2026:401858243:11:4,,,live
2026,401858243,2026:401858243:15:8,Louisville,15,regulation,3,eligible_regulation_offense,offense,2026:401858243:15:8,,,live
2026,401858243,2026:401858243:16:13,Wake Forest,16,regulation,3,eligible_regulation_offense,offense,2026:401858243:16:13,,,live
2026,401858243,2026:401858243:17:11,Louisville,17,regulation,3,eligible_regulation_offense,offense,2026:401858243:17:11,,,live
2026,401858243,2026:401858243:20:13,Wake Forest,20,regulation,3,eligible_regulation_offense,offense,2026:401858243:20:13,,,live
2026,401858423,2026:401858423:1:13,Rutgers,1,regulation,7,eligible_regulation_offense,offense,2026:401858423:1:13,,,live
2026,401858423,2026:401858423:2:8,UMass,2,regulation,7,eligible_regulation_offense,offense,2026:401858423:2:8,,,live
2026,401858423,2026:401858423:4:16,UMass,4,regulation,7,eligible_regulation_offense,offense,2026:401858423:4:16,,,live
2026,401858423,2026:401858423:7:2,UMass,7,regulation,7,eligible_regulation_offense,offense,2026:401858423:7:2,,,live
2026,401858423,2026:401858423:9:8,UMass,9,regulation,3,eligible_regulation_offense,offense,2026:401858423:9:8,,,live
2026,401858423,2026:401858423:12:14,UMass,12,regulation,3,eligible_regulation_offense,offense,2026:401858423:12:14,,,live
2026,401858423,2026:401858423:18:6,UMass,18,regulation,3,eligible_regulation_offense,offense,2026:401858423:18:6,,,live
2026,401858423,2026:401858423:19:5,Rutgers,19,regulation,7,eligible_regulation_offense,offense,2026:401858423:19:5,,,live
2026,401858423,2026:401858423:22:3,UMass,22,regulation,7,eligible_regulation_offense,offense,2026:401858423:22:3,,,live
2026,401858423,2026:401858423:23:13,Rutgers,23,regulation,7,eligible_regulation_offense,offense,2026:401858423:23:13,,,live
2026,401858424,2026:401858424:2:3,Illinois,2,regulation,7,eligible_regulation_offense,offense,2026:401858424:2:3,,,live
2026,401858424,2026:401858424:3:14,UAB,3,regulation,3,eligible_regulation_offense,offense,2026:401858424:3:14,,,live
2026,401858424,2026:401858424:4:4,Illinois,4,regulation,7,eligible_regulation_offense,offense,2026:401858424:4:4,,,live
2026,401858424,2026:401858424:7:8,UAB,7,regulation,3,eligible_regulation_offense,offense,2026:401858424:7:8,,,live
2026,401858424,2026:401858424:9:13,UAB,9,regulation,7,eligible_regulation_offense,offense,2026:401858424:9:13,,,live
2026,401858424,2026:401858424:10:6,Illinois,10,regulation,7,eligible_regulation_offense,offense,2026:401858424:10:6,,,live
2026,401858424,2026:401858424:11:13,Illinois,11,regulation,7,eligible_regulation_offense,offense,2026:401858424:11:13,,,live
2026,401858424,2026:401858424:12:12,UAB,12,regulation,2,eligible_regulation_offense,offense,2026:401858424:12:12,,,live
2026,401858424,2026:401858424:13:17,Illinois,13,regulation,7,eligible_regulation_offense,offense,2026:401858424:13:17,,,live
2026,401858424,2026:401858424:14:16,Illinois,14,regulation,7,regulation_non_offense,non_offense,2026:401858424:14:16,,,live
2026,401858424,2026:401858424:15:12,UAB,15,regulation,0,eligible_regulation_offense,offense,2026:401858424:15:12,,score_regression_rollback,live
2026,401858424,2026:401858424:15:14,UAB,15,regulation,8,eligible_regulation_offense,offense,2026:401858424:15:14,,,live
2026,401858425,2026:401858425:1:4,Indiana,1,regulation,7,eligible_regulation_offense,offense,2026:401858425:1:4,,,live
2026,401858425,2026:401858425:3:11,Indiana,3,regulation,7,eligible_regulation_offense,offense,2026:401858425:3:11,,,live
2026,401858425,2026:401858425:4:11,North Texas,4,regulation,3,eligible_regulation_offense,offense,2026:401858425:4:11,,,live
2026,401858425,2026:401858425:5:8,Indiana,5,regulation,7,eligible_regulation_offense,offense,2026:401858425:5:8,,,live
2026,401858425,2026:401858425:6:12,North Texas,6,regulation,3,eligible_regulation_offense,offense,2026:401858425:6:12,,,live
2026,401858425,2026:401858425:7:7,Indiana,7,regulation,3,eligible_regulation_offense,offense,2026:401858425:7:7,,,live
2026,401858425,2026:401858425:9:7,North Texas,9,regulation,7,eligible_regulation_offense,offense,2026:401858425:9:7,,,live
2026,401858425,2026:401858425:10:8,Indiana,10,regulation,7,eligible_regulation_offense,offense,2026:401858425:10:8,,,live
2026,401858425,2026:401858425:13:9,North Texas,13,regulation,3,eligible_regulation_offense,offense,2026:401858425:13:9,,,live
2026,401858425,2026:401858425:14:9,Indiana,14,regulation,7,eligible_regulation_offense,offense,2026:401858425:14:9,,,live
2026,401858425,2026:401858425:16:9,Indiana,16,regulation,7,eligible_regulation_offense,offense,2026:401858425:16:9,,,live
2026,401858425,2026:401858425:18:1,Indiana,18,regulation,7,excluded_regulation_offense,offense,2026:401858425:18:1,,,live
2026,401858426,2026:401858426:1:13,Iowa,1,regulation,6,eligible_regulation_offense,offense,2026:401858426:1:13,,,live
2026,401858426,2026:401858426:3:2,Iowa,3,regulation,7,eligible_regulation_offense,offense,2026:401858426:3:2,,,live
2026,401858426,2026:401858426:5:4,Iowa,5,regulation,7,eligible_regulation_offense,offense,2026:401858426:5:4,,,live
2026,401858426,2026:401858426:11:7,Iowa,11,regulation,7,eligible_regulation_offense,offense,2026:401858426:11:7,,,live
2026,401858426,2026:401858426:13:6,Iowa,13,regulation,3,eligible_regulation_offense,offense,2026:401858426:13:6,,,live
2026,401858426,2026:401858426:15:19,Iowa,15,regulation,3,eligible_regulation_offense,offense,2026:401858426:15:19,,,live
2026,401858426,2026:401858426:21:7,Iowa,21,regulation,7,regulation_non_offense,non_offense,2026:401858426:21:7,,,live
2026,401858428,2026:401858428:1:13,Michigan,1,regulation,7,eligible_regulation_offense,offense,2026:401858428:1:13,,,live
2026,401858428,2026:401858428:2:9,Western Michigan,2,regulation,3,eligible_regulation_offense,offense,2026:401858428:2:9,,,live
2026,401858428,2026:401858428:13:3,Western Michigan,13,regulation,3,eligible_regulation_offense,offense,2026:401858428:13:3,,,live
2026,401858428,2026:401858428:16:23,Western Michigan,16,regulation,3,eligible_regulation_offense,offense,2026:401858428:16:23,,,live
2026,401858428,2026:401858428:20:9,Western Michigan,20,regulation,3,eligible_regulation_offense,offense,2026:401858428:20:9,,,live
2026,401858428,2026:401858428:21:9,Michigan,21,regulation,6,eligible_regulation_offense,offense,2026:401858428:21:9,,,live
2026,401858429,2026:401858429:2:14,Michigan State,2,regulation,7,eligible_regulation_offense,offense,2026:401858429:2:14,,,live
2026,401858429,2026:401858429:4:11,Michigan State,4,regulation,3,eligible_regulation_offense,offense,2026:401858429:4:11,,,live
2026,401858429,2026:401858429:5:6,Toledo,5,regulation,0,regulation_non_offense,non_offense,2026:401858429:5:6,,score_regression_rollback,live
2026,401858429,2026:401858429:5:6,Michigan State,5,regulation,0,regulation_non_offense,non_offense,2026:401858429:5:6,,score_regression_rollback,live
2026,401858429,2026:401858429:6:5,Michigan State,6,regulation,3,eligible_regulation_offense,offense,2026:401858429:6:5,,,live
2026,401858429,2026:401858429:6:7,Toledo,6,regulation,0,regulation_non_offense,non_offense,2026:401858429:6:7,,score_regression_rollback,live
2026,401858429,2026:401858429:7:9,Toledo,7,regulation,7,eligible_regulation_offense,offense,2026:401858429:7:9,,,live
2026,401858429,2026:401858429:8:8,Michigan State,8,regulation,3,eligible_regulation_offense,offense,2026:401858429:8:8,,,live
2026,401858429,2026:401858429:10:15,Michigan State,10,regulation,3,eligible_regulation_offense,offense,2026:401858429:10:15,,,live
2026,401858429,2026:401858429:12:1,Toledo,12,regulation,7,eligible_regulation_offense,offense,2026:401858429:12:1,,,live
2026,401858429,2026:401858429:12:7,Toledo,12,regulation,0,eligible_regulation_offense,offense,2026:401858429:12:7,,score_regression_rollback,live
2026,401858429,2026:401858429:16:2,Toledo,16,regulation,6,eligible_regulation_offense,offense,2026:401858429:16:2,,,live
2026,401858429,2026:401858429:17:9,Michigan State,17,regulation,8,eligible_regulation_offense,offense,2026:401858429:17:9,,,live
2026,401858429,2026:401858429:19:14,Michigan State,19,regulation,3,eligible_regulation_offense,offense,2026:401858429:19:14,,,live
2026,401858430,2026:401858430:1:4,Ohio,1,regulation,7,eligible_regulation_offense,offense,2026:401858430:1:4,,,live
2026,401858430,2026:401858430:2:13,Nebraska,2,regulation,7,eligible_regulation_offense,offense,2026:401858430:2:13,,,live
2026,401858430,2026:401858430:3:11,Ohio,3,regulation,3,eligible_regulation_offense,offense,2026:401858430:3:11,,,live
2026,401858430,2026:401858430:5:14,Ohio,5,regulation,3,eligible_regulation_offense,offense,2026:401858430:5:14,,,live
2026,401858430,2026:401858430:6:8,Nebraska,6,regulation,7,eligible_regulation_offense,offense,2026:401858430:6:8,,,live
2026,401858430,2026:401858430:14:11,Nebraska,14,regulation,7,eligible_regulation_offense,offense,2026:401858430:14:11,,,live
2026,401858430,2026:401858430:16:8,Nebraska,16,regulation,7,eligible_regulation_offense,offense,2026:401858430:16:8,,,live
2026,401858430,2026:401858430:17:12,Ohio,17,regulation,8,eligible_regulation_offense,offense,2026:401858430:17:12,,,live
2026,401858430,2026:401858430:18:7,Nebraska,18,regulation,7,eligible_regulation_offense,offense,2026:401858430:18:7,,,live
2026,401858430,2026:401858430:20:5,Nebraska,20,regulation,7,eligible_regulation_offense,offense,2026:401858430:20:5,,,live
2026,401858430,2026:401858430:22:3,Nebraska,22,regulation,7,eligible_regulation_offense,offense,2026:401858430:22:3,,,live
2026,401858432,2026:401858432:3:7,Ohio State,3,regulation,7,eligible_regulation_offense,offense,2026:401858432:3:7,,,live
2026,401858432,2026:401858432:5:9,Ohio State,5,regulation,7,eligible_regulation_offense,offense,2026:401858432:5:9,,,live
2026,401858432,2026:401858432:7:6,Ohio State,7,regulation,7,eligible_regulation_offense,offense,2026:401858432:7:6,,,live
2026,401858432,2026:401858432:10:14,Ball State,10,regulation,3,eligible_regulation_offense,offense,2026:401858432:10:14,,,live
2026,401858432,2026:401858432:11:13,Ohio State,11,regulation,7,eligible_regulation_offense,offense,2026:401858432:11:13,,,live
2026,401858432,2026:401858432:14:4,Ohio State,14,regulation,7,eligible_regulation_offense,offense,2026:401858432:14:4,,,live
2026,401858432,2026:401858432:16:3,Ohio State,16,regulation,7,eligible_regulation_offense,offense,2026:401858432:16:3,,,live
2026,401858432,2026:401858432:20:13,Ohio State,20,regulation,7,excluded_regulation_offense,offense,2026:401858432:20:13,,,live
2026,401858432,2026:401858432:24:10,Ohio State,24,regulation,7,excluded_regulation_offense,offense,2026:401858432:24:10,,,live
2026,401858433,2026:401858433:1:14,Boise State,1,regulation,6,eligible_regulation_offense,offense,2026:401858433:1:14,,,live
2026,401858433,2026:401858433:2:3,Boise State,2,regulation,0,regulation_non_offense,non_offense,2026:401858433:2:3,,score_regression_rollback,live
2026,401858433,2026:401858433:3:1,Boise State,3,regulation,0,eligible_regulation_offense,offense,2026:401858433:3:1,,score_regression_rollback,live
2026,401858433,2026:401858433:3:6,Boise State,3,regulation,1,regulation_non_offense,non_offense,2026:401858433:3:6,,,live
2026,401858433,2026:401858433:6:8,Oregon,6,regulation,7,eligible_regulation_offense,offense,2026:401858433:6:8,,,live
2026,401858433,2026:401858433:8:1,Boise State,8,regulation,7,eligible_regulation_offense,offense,2026:401858433:8:1,,,live
2026,401858433,2026:401858433:10:12,Boise State,10,regulation,3,eligible_regulation_offense,offense,2026:401858433:10:12,,,live
2026,401858433,2026:401858433:13:5,Oregon,13,regulation,7,eligible_regulation_offense,offense,2026:401858433:13:5,,,live
2026,401858433,2026:401858433:15:7,Oregon,15,regulation,0,unresolved,unknown,,,impossible_score_increment,live
2026,401858433,2026:401858433:15:7,Boise State,15,regulation,0,regulation_non_offense,non_offense,2026:401858433:15:7,,score_regression_rollback,live
2026,401858433,2026:401858433:19:10,Boise State,19,regulation,7,eligible_regulation_offense,offense,2026:401858433:19:10,,,live
2026,401858433,2026:401858433:21:14,Boise State,21,regulation,3,eligible_regulation_offense,offense,2026:401858433:21:14,,,live
2026,401858434,2026:401858434:1:7,Penn State,1,regulation,3,eligible_regulation_offense,offense,2026:401858434:1:7,,,live
2026,401858434,2026:401858434:3:4,Penn State,3,regulation,7,eligible_regulation_offense,offense,2026:401858434:3:4,,,live
2026,401858434,2026:401858434:5:6,Penn State,5,regulation,7,eligible_regulation_offense,offense,2026:401858434:5:6,,,live
2026,401858434,2026:401858434:11:14,Penn State,11,regulation,7,eligible_regulation_offense,offense,2026:401858434:11:14,,,live
2026,401858434,2026:401858434:14:4,Penn State,14,regulation,7,eligible_regulation_offense,offense,2026:401858434:14:4,,,live
2026,401858434,2026:401858434:16:6,Penn State,16,regulation,7,eligible_regulation_offense,offense,2026:401858434:16:6,,,live
2026,401858434,2026:401858434:20:6,Penn State,20,regulation,7,excluded_regulation_offense,offense,2026:401858434:20:6,,,live
2026,401858436,2026:401858436:1:13,USC,1,regulation,0,eligible_regulation_offense,offense,2026:401858436:1:13,,score_regression_rollback,live
2026,401858436,2026:401858436:5:4,USC,5,regulation,0,eligible_regulation_offense,offense,2026:401858436:5:4,,score_regression_rollback,live
2026,401858436,2026:401858436:8:3,USC,8,regulation,0,regulation_non_offense,non_offense,2026:401858436:8:3,,score_regression_rollback,live
2026,401858436,2026:401858436:9:6,USC,9,regulation,0,unresolved,unknown,,,impossible_score_increment,live
2026,401858437,2026:401858437:4:16,Washington,4,regulation,3,eligible_regulation_offense,offense,2026:401858437:4:16,,,live
2026,401858437,2026:401858437:8:5,Washington,8,regulation,7,eligible_regulation_offense,offense,2026:401858437:8:5,,,live
2026,401858437,2026:401858437:18:10,Washington State,18,regulation,7,eligible_regulation_offense,offense,2026:401858437:18:10,,,live
2026,401858437,2026:401858437:19:5,Washington,19,regulation,7,eligible_regulation_offense,offense,2026:401858437:19:5,,,live
2026,401858437,2026:401858437:20:10,Washington State,20,regulation,3,eligible_regulation_offense,offense,2026:401858437:20:10,,,live
2026,401858437,2026:401858437:21:9,Washington,21,regulation,7,eligible_regulation_offense,offense,2026:401858437:21:9,,,live
2026,401858438,2026:401858438:3:10,Wisconsin,3,regulation,3,eligible_regulation_offense,offense,2026:401858438:3:10,,,live
2026,401858438,2026:401858438:4:1,Notre Dame,4,regulation,0,regulation_non_offense,non_offense,2026:401858438:4:1,,score_regression_rollback,live
2026,401858438,2026:401858438:4:12,Notre Dame,4,regulation,3,eligible_regulation_offense,offense,2026:401858438:4:12,,,live
2026,401858438,2026:401858438:5:5,Notre Dame,5,regulation,7,eligible_regulation_offense,offense,2026:401858438:5:5,,,live
2026,401858438,2026:401858438:8:2,Wisconsin,8,regulation,7,eligible_regulation_offense,offense,2026:401858438:8:2,,,live
2026,401858438,2026:401858438:9:9,Notre Dame,9,regulation,3,eligible_regulation_offense,offense,2026:401858438:9:9,,,live
2026,401858438,2026:401858438:14:1,Notre Dame,14,regulation,0,regulation_non_offense,non_offense,2026:401858438:14:1,,score_regression_rollback,live
2026,401858438,2026:401858438:14:11,Notre Dame,14,regulation,7,eligible_regulation_offense,offense,2026:401858438:14:11,,,live
2026,401858438,2026:401858438:15:5,Notre Dame,15,regulation,7,regulation_non_offense,non_offense,2026:401858438:15:5,,,live
2026,401858438,2026:401858438:16:16,Wisconsin,16,regulation,3,eligible_regulation_offense,offense,2026:401858438:16:16,,,live
2026,401858438,2026:401858438:17:10,Notre Dame,17,regulation,7,eligible_regulation_offense,offense,2026:401858438:17:10,,,live
2026,401858438,2026:401858438:19:14,Notre Dame,19,regulation,7,eligible_regulation_offense,offense,2026:401858438:19:14,,,live
2026,401858440,2026:401858440:4:3,Michigan State,4,regulation,7,eligible_regulation_offense,offense,2026:401858440:4:3,,,live
2026,401858440,2026:401858440:6:18,Michigan State,6,regulation,7,eligible_regulation_offense,offense,2026:401858440:6:18,,,live
2026,401858440,2026:401858440:7:18,Eastern Michigan,7,regulation,7,eligible_regulation_offense,offense,2026:401858440:7:18,,,live
2026,401858440,2026:401858440:10:15,Michigan State,10,regulation,7,eligible_regulation_offense,offense,2026:401858440:10:15,,,live
2026,401858440,2026:401858440:12:3,Michigan State,12,regulation,7,eligible_regulation_offense,offense,2026:401858440:12:3,,,live
2026,401858440,2026:401858440:16:3,Michigan State,16,regulation,7,eligible_regulation_offense,offense,2026:401858440:16:3,,,live
2026,401858441,2026:401858441:3:9,Nebraska,3,regulation,7,eligible_regulation_offense,offense,2026:401858441:3:9,,,live
2026,401858441,2026:401858441:5:8,Nebraska,5,regulation,7,eligible_regulation_offense,offense,2026:401858441:5:8,,,live
2026,401858441,2026:401858441:7:11,Nebraska,7,regulation,7,eligible_regulation_offense,offense,2026:401858441:7:11,,,live
2026,401858441,2026:401858441:9:3,Nebraska,9,regulation,7,eligible_regulation_offense,offense,2026:401858441:9:3,,,live
2026,401858441,2026:401858441:11:7,Nebraska,11,regulation,7,eligible_regulation_offense,offense,2026:401858441:11:7,,,live
2026,401858441,2026:401858441:16:8,Bowling Green,16,regulation,7,excluded_regulation_offense,offense,2026:401858441:16:8,,,live
2026,401858441,2026:401858441:17:10,Nebraska,17,regulation,7,excluded_regulation_offense,offense,2026:401858441:17:10,,,live
2026,401858441,2026:401858441:18:4,Nebraska,18,regulation,7,regulation_non_offense,non_offense,2026:401858441:18:4,,,live
2026,401858441,2026:401858441:20:12,Nebraska,20,regulation,7,excluded_regulation_offense,offense,2026:401858441:20:12,,,live
2026,401858442,2026:401858442:6:17,Temple,6,regulation,3,eligible_regulation_offense,offense,2026:401858442:6:17,,,live
2026,401858442,2026:401858442:7:12,Penn State,7,regulation,3,eligible_regulation_offense,offense,2026:401858442:7:12,,,live
2026,401858442,2026:401858442:9:11,Penn State,9,regulation,7,eligible_regulation_offense,offense,2026:401858442:9:11,,,live
2026,401858442,2026:401858442:12:8,Penn State,12,regulation,7,eligible_regulation_offense,offense,2026:401858442:12:8,,,live
2026,401858442,2026:401858442:14:13,Penn State,14,regulation,3,eligible_regulation_offense,offense,2026:401858442:14:13,,,live
2026,401858442,2026:401858442:16:10,Penn State,16,regulation,7,eligible_regulation_offense,offense,2026:401858442:16:10,,,live
2026,401858442,2026:401858442:17:14,Temple,17,regulation,6,eligible_regulation_offense,offense,2026:401858442:17:14,,,live
2026,401858443,2026:401858443:11:4,UCLA,11,regulation,7,eligible_regulation_offense,offense,2026:401858443:11:4,,,live
2026,401858443,2026:401858443:16:10,San Diego State,16,regulation,3,eligible_regulation_offense,offense,2026:401858443:16:10,,,live
2026,401858443,2026:401858443:17:12,UCLA,17,regulation,7,eligible_regulation_offense,offense,2026:401858443:17:12,,,live
2026,401858443,2026:401858443:19:4,UCLA,19,regulation,7,eligible_regulation_offense,offense,2026:401858443:19:4,,,live
2026,401858443,2026:401858443:20:8,San Diego State,20,regulation,7,eligible_regulation_offense,offense,2026:401858443:20:8,,,live
2026,401858443,2026:401858443:21:3,UCLA,21,regulation,7,eligible_regulation_offense,offense,2026:401858443:21:3,,,live
2026,401858444,2026:401858444:4:3,Connecticut,4,regulation,7,eligible_regulation_offense,offense,2026:401858444:4:3,,,live
2026,401858444,2026:401858444:5:7,Maryland,5,regulation,7,eligible_regulation_offense,offense,2026:401858444:5:7,,,live
2026,401858444,2026:401858444:9:12,Maryland,9,regulation,7,eligible_regulation_offense,offense,2026:401858444:9:12,,,live
2026,401858444,2026:401858444:11:21,Maryland,11,regulation,3,eligible_regulation_offense,offense,2026:401858444:11:21,,,live
2026,401858444,2026:401858444:14:10,Maryland,14,regulation,7,eligible_regulation_offense,offense,2026:401858444:14:10,,,live
2026,401858444,2026:401858444:15:8,Connecticut,15,regulation,7,eligible_regulation_offense,offense,2026:401858444:15:8,,,live
2026,401858444,2026:401858444:16:9,Maryland,16,regulation,7,eligible_regulation_offense,offense,2026:401858444:16:9,,,live
2026,401858444,2026:401858444:20:2,Maryland,20,regulation,7,eligible_regulation_offense,offense,2026:401858444:20:2,,,live
2026,401858445,2026:401858445:1:6,Louisiana,1,regulation,0,regulation_non_offense,non_offense,2026:401858445:1:6,,score_regression_rollback,live
2026,401858445,2026:401858445:2:4,Louisiana,2,regulation,3,eligible_regulation_offense,offense,2026:401858445:2:4,,,live
2026,401858445,2026:401858445:3:9,USC,3,regulation,0,eligible_regulation_offense,offense,2026:401858445:3:9,,score_regression_rollback,live
2026,401858445,2026:401858445:3:10,USC,3,regulation,0,eligible_regulation_offense,offense,2026:401858445:3:10,,score_regression_rollback,live
2026,401858445,2026:401858445:3:15,USC,3,regulation,7,eligible_regulation_offense,offense,2026:401858445:3:15,,,live
2026,401858445,2026:401858445:5:8,USC,5,regulation,0,unresolved,unknown,,,impossible_score_increment,live
2026,401858445,2026:401858445:5:8,Louisiana,5,regulation,0,regulation_non_offense,non_offense,2026:401858445:5:8,,score_regression_rollback,live
2026,401858445,2026:401858445:6:10,Louisiana,6,regulation,7,eligible_regulation_offense,offense,2026:401858445:6:10,,,live
2026,401858445,2026:401858445:13:13,Louisiana,13,regulation,7,eligible_regulation_offense,offense,2026:401858445:13:13,,,live
2026,401858445,2026:401858445:17:7,Louisiana,17,regulation,6,eligible_regulation_offense,offense,2026:401858445:17:7,,,live
2026,401858445,2026:401858445:19:10,Louisiana,19,regulation,7,eligible_regulation_offense,offense,2026:401858445:19:10,,,live
2026,401858446,2026:401858446:6:7,Washington,6,regulation,0,eligible_regulation_offense,offense,2026:401858446:6:7,,score_regression_rollback,live
2026,401858446,2026:401858446:6:10,Washington,6,regulation,3,eligible_regulation_offense,offense,2026:401858446:6:10,,,live
2026,401858446,2026:401858446:7:2,Utah State,7,regulation,7,eligible_regulation_offense,offense,2026:401858446:7:2,,,live
2026,401858446,2026:401858446:8:9,Washington,8,regulation,7,eligible_regulation_offense,offense,2026:401858446:8:9,,,live
2026,401858446,2026:401858446:19:8,Washington,19,regulation,3,eligible_regulation_offense,offense,2026:401858446:19:8,,,live
2026,401858446,2026:401858446:21:8,Washington,21,regulation,3,eligible_regulation_offense,offense,2026:401858446:21:8,,,live
2026,401858446,2026:401858446:22:16,Utah State,22,regulation,7,eligible_regulation_offense,offense,2026:401858446:22:16,,,live
2026,401858449,2026:401858449:4:13,Indiana,4,regulation,7,eligible_regulation_offense,offense,2026:401858449:4:13,,,live
2026,401858449,2026:401858449:10:2,Indiana,10,regulation,7,eligible_regulation_offense,offense,2026:401858449:10:2,,,live
2026,401858449,2026:401858449:12:8,Indiana,12,regulation,3,eligible_regulation_offense,offense,2026:401858449:12:8,,,live
2026,401858449,2026:401858449:14:1,Indiana,14,regulation,7,eligible_regulation_offense,offense,2026:401858449:14:1,,,live
2026,401858449,2026:401858449:18:6,Indiana,18,regulation,7,eligible_regulation_offense,offense,2026:401858449:18:6,,,live
2026,401858449,2026:401858449:22:7,Indiana,22,regulation,7,excluded_regulation_offense,offense,2026:401858449:22:7,,,live
2026,401858450,2026:401858450:2:6,UTEP,2,regulation,7,eligible_regulation_offense,offense,2026:401858450:2:6,,,live
2026,401858450,2026:401858450:5:14,Michigan,5,regulation,7,eligible_regulation_offense,offense,2026:401858450:5:14,,,live
2026,401858450,2026:401858450:8:1,UTEP,8,regulation,7,eligible_regulation_offense,offense,2026:401858450:8:1,,,live
2026,401858450,2026:401858450:9:15,Michigan,9,regulation,7,eligible_regulation_offense,offense,2026:401858450:9:15,,,live
2026,401858450,2026:401858450:11:5,Michigan,11,regulation,3,eligible_regulation_offense,offense,2026:401858450:11:5,,,live
2026,401858450,2026:401858450:13:6,Michigan,13,regulation,7,eligible_regulation_offense,offense,2026:401858450:13:6,,,live
2026,401858450,2026:401858450:15:8,Michigan,15,regulation,7,eligible_regulation_offense,offense,2026:401858450:15:8,,,live
2026,401858450,2026:401858450:17:5,Michigan,17,regulation,7,eligible_regulation_offense,offense,2026:401858450:17:5,,,live
2026,401858450,2026:401858450:18:5,Michigan,18,regulation,7,regulation_non_offense,non_offense,2026:401858450:18:5,,,live
2026,401858450,2026:401858450:19:15,UTEP,19,regulation,3,excluded_regulation_offense,offense,2026:401858450:19:15,,,live
2026,401858450,2026:401858450:20:9,Michigan,20,regulation,7,excluded_regulation_offense,offense,2026:401858450:20:9,,,live
2026,401858451,2026:401858451:1:6,Minnesota,1,regulation,7,eligible_regulation_offense,offense,2026:401858451:1:6,,,live
2026,401858451,2026:401858451:7:6,Minnesota,7,regulation,3,eligible_regulation_offense,offense,2026:401858451:7:6,,,live
2026,401858451,2026:401858451:11:3,Minnesota,11,regulation,7,eligible_regulation_offense,offense,2026:401858451:11:3,,,live
2026,401858451,2026:401858451:13:11,Minnesota,13,regulation,3,eligible_regulation_offense,offense,2026:401858451:13:11,,,live
2026,401858451,2026:401858451:19:3,Minnesota,19,regulation,7,eligible_regulation_offense,offense,2026:401858451:19:3,,,live
2026,401858451,2026:401858451:21:13,Minnesota,21,regulation,7,eligible_regulation_offense,offense,2026:401858451:21:13,,,live
2026,401858451,2026:401858451:23:1,Minnesota,23,regulation,7,excluded_regulation_offense,offense,2026:401858451:23:1,,,live
2026,401858451,2026:401858451:24:6,Akron,24,regulation,7,excluded_regulation_offense,offense,2026:401858451:24:6,,,live
2026,401858453,2026:401858453:1:7,Notre Dame,1,regulation,3,eligible_regulation_offense,offense,2026:401858453:1:7,,,live
2026,401858453,2026:401858453:2:5,Notre Dame,2,regulation,0,regulation_non_offense,non_offense,2026:401858453:2:5,,score_regression_rollback,live
2026,401858453,2026:401858453:3:11,Notre Dame,3,regulation,7,eligible_regulation_offense,offense,2026:401858453:3:11,,,live
2026,401858453,2026:401858453:6:14,Michigan State,6,regulation,3,eligible_regulation_offense,offense,2026:401858453:6:14,,,live
2026,401858453,2026:401858453:7:14,Notre Dame,7,regulation,7,eligible_regulation_offense,offense,2026:401858453:7:14,,,live
2026,401858453,2026:401858453:8:5,Michigan State,8,regulation,7,eligible_regulation_offense,offense,2026:401858453:8:5,,,live
2026,401858453,2026:401858453:13:18,Notre Dame,13,regulation,3,eligible_regulation_offense,offense,2026:401858453:13:18,,,live
2026,401858453,2026:401858453:15:4,Notre Dame,15,regulation,7,eligible_regulation_offense,offense,2026:401858453:15:4,,,live
2026,401858454,2026:401858454:1:2,Ohio State,1,regulation,0,unresolved,unknown,,,impossible_score_increment,live
2026,401858454,2026:401858454:27:5,Kent State,27,regulation,3,excluded_regulation_offense,offense,2026:401858454:27:5,,,live
2026,401858456,2026:401858456:2:4,Penn State,2,regulation,3,eligible_regulation_offense,offense,2026:401858456:2:4,,,live
2026,401858456,2026:401858456:4:6,Penn State,4,regulation,7,eligible_regulation_offense,offense,2026:401858456:4:6,,,live
2026,401858456,2026:401858456:6:4,Penn State,6,regulation,7,eligible_regulation_offense,offense,2026:401858456:6:4,,,live
2026,401858456,2026:401858456:9:10,Buffalo,9,regulation,3,eligible_regulation_offense,offense,2026:401858456:9:10,,,live
2026,401858456,2026:401858456:10:8,Penn State,10,regulation,3,eligible_regulation_offense,offense,2026:401858456:10:8,,,live
2026,401858456,2026:401858456:12:4,Penn State,12,regulation,7,eligible_regulation_offense,offense,2026:401858456:12:4,,,live
2026,401858456,2026:401858456:18:1,Penn State,18,regulation,7,eligible_regulation_offense,offense,2026:401858456:18:1,,,live
2026,401858456,2026:401858456:19:17,Buffalo,19,regulation,3,eligible_regulation_offense,offense,2026:401858456:19:17,,,live
2026,401858456,2026:401858456:20:8,Penn State,20,regulation,7,eligible_regulation_offense,offense,2026:401858456:20:8,,,live
2026,401858456,2026:401858456:22:4,Penn State,22,regulation,7,excluded_regulation_offense,offense,2026:401858456:22:4,,,live
2026,401858456,2026:401858456:28:1,Penn State,28,regulation,7,excluded_regulation_offense,offense,2026:401858456:28:1,,,live
2026,401858456,2026:401858456:29:14,Buffalo,29,regulation,7,excluded_regulation_offense,offense,2026:401858456:29:14,,,live
2026,401858457,2026:401858457:1:17,USC,1,regulation,3,eligible_regulation_offense,offense,2026:401858457:1:17,,,live
2026,401858457,2026:401858457:3:2,USC,3,regulation,7,eligible_regulation_offense,offense,2026:401858457:3:2,,,live
2026,401858457,2026:401858457:4:15,Rutgers,4,regulation,7,eligible_regulation_offense,offense,2026:401858457:4:15,,,live
2026,401858457,2026:401858457:5:9,USC,5,regulation,7,eligible_regulation_offense,offense,2026:401858457:5:9,,,live
2026,401858457,2026:401858457:8:17,Rutgers,8,regulation,7,eligible_regulation_offense,offense,2026:401858457:8:17,,,live
2026,401858457,2026:401858457:9:11,USC,9,regulation,3,eligible_regulation_offense,offense,2026:401858457:9:11,,,live
2026,401858457,2026:401858457:11:11,USC,11,regulation,7,regulation_non_offense,non_offense,2026:401858457:11:11,,,live
2026,401858457,2026:401858457:12:5,Rutgers,12,regulation,7,eligible_regulation_offense,offense,2026:401858457:12:5,,,live
2026,401858457,2026:401858457:13:8,USC,13,regulation,8,eligible_regulation_offense,offense,2026:401858457:13:8,,,live
2026,401858457,2026:401858457:14:10,Rutgers,14,regulation,7,eligible_regulation_offense,offense,2026:401858457:14:10,,,live
2026,401858457,2026:401858457:17:7,USC,17,regulation,7,eligible_regulation_offense,offense,2026:401858457:17:7,,,live
2026,401858457,2026:401858457:18:13,Rutgers,18,regulation,7,eligible_regulation_offense,offense,2026:401858457:18:13,,,live
2026,401858458,2026:401858458:1:8,UCLA,1,regulation,7,eligible_regulation_offense,offense,2026:401858458:1:8,,,live
2026,401858458,2026:401858458:2:2,Purdue,2,regulation,7,eligible_regulation_offense,offense,2026:401858458:2:2,,,live
2026,401858458,2026:401858458:3:8,UCLA,3,regulation,7,eligible_regulation_offense,offense,2026:401858458:3:8,,,live
2026,401858458,2026:401858458:5:8,UCLA,5,regulation,7,eligible_regulation_offense,offense,2026:401858458:5:8,,,live
2026,401858458,2026:401858458:6:15,Purdue,6,regulation,7,eligible_regulation_offense,offense,2026:401858458:6:15,,,live
2026,401858458,2026:401858458:10:10,Purdue,10,regulation,7,eligible_regulation_offense,offense,2026:401858458:10:10,,,live
2026,401858458,2026:401858458:11:16,UCLA,11,regulation,3,eligible_regulation_offense,offense,2026:401858458:11:16,,,live
2026,401858458,2026:401858458:13:6,Purdue,13,regulation,7,eligible_regulation_offense,offense,2026:401858458:13:6,,,live
2026,401858458,2026:401858458:14:7,UCLA,14,regulation,7,eligible_regulation_offense,offense,2026:401858458:14:7,,,live
2026,401858458,2026:401858458:16:3,UCLA,16,regulation,7,eligible_regulation_offense,offense,2026:401858458:16:3,,,live
2026,401858458,2026:401858458:17:14,Purdue,17,regulation,3,eligible_regulation_offense,offense,2026:401858458:17:14,,,live
2026,401858458,2026:401858458:18:15,UCLA,18,regulation,7,eligible_regulation_offense,offense,2026:401858458:18:15,,,live
2026,401858458,2026:401858458:19:7,Purdue,19,regulation,7,eligible_regulation_offense,offense,2026:401858458:19:7,,,live
2026,401858458,2026:401858458:22:3,UCLA,22,regulation,7,eligible_regulation_offense,offense,2026:401858458:22:3,,,live
2026,401858460,2026:401858460:2:9,Eastern Michigan,2,regulation,7,eligible_regulation_offense,offense,2026:401858460:2:9,,,live
2026,401858460,2026:401858460:5:15,Wisconsin,5,regulation,3,eligible_regulation_offense,offense,2026:401858460:5:15,,,live
2026,401858460,2026:401858460:7:12,Wisconsin,7,regulation,7,eligible_regulation_offense,offense,2026:401858460:7:12,,,live
2026,401858460,2026:401858460:9:1,Wisconsin,9,regulation,7,eligible_regulation_offense,offense,2026:401858460:9:1,,,live
2026,401858460,2026:401858460:11:2,Wisconsin,11,regulation,7,eligible_regulation_offense,offense,2026:401858460:11:2,,,live
2026,401858460,2026:401858460:13:4,Wisconsin,13,regulation,7,eligible_regulation_offense,offense,2026:401858460:13:4,,,live
2026,401858460,2026:401858460:15:4,Wisconsin,15,regulation,1,regulation_non_offense,non_offense,2026:401858460:15:4,,,live
2026,401858460,2026:401858460:17:12,Wisconsin,17,regulation,3,eligible_regulation_offense,offense,2026:401858460:17:12,,,live
2026,401858460,2026:401858460:18:12,Eastern Michigan,18,regulation,0,eligible_regulation_offense,offense,2026:401858460:18:12,,score_regression_rollback,live
2026,401858460,2026:401858460:18:12,Wisconsin,18,regulation,0,unresolved,unknown,,,impossible_score_increment,live
2026,401858460,2026:401858460:18:20,Eastern Michigan,18,regulation,3,eligible_regulation_offense,offense,2026:401858460:18:20,,,live
2026,401858461,2026:401858461:2:1,Indiana,2,regulation,2,regulation_non_offense,non_offense,2026:401858461:2:1,,,live
2026,401858461,2026:401858461:5:12,Indiana,5,regulation,3,eligible_regulation_offense,offense,2026:401858461:5:12,,,live
2026,401858461,2026:401858461:7:8,Indiana,7,regulation,7,eligible_regulation_offense,offense,2026:401858461:7:8,,,live
2026,401858461,2026:401858461:12:11,Northwestern,12,regulation,7,eligible_regulation_offense,offense,2026:401858461:12:11,,,live
2026,401858461,2026:401858461:13:12,Indiana,13,regulation,3,eligible_regulation_offense,offense,2026:401858461:13:12,,,live
2026,401858461,2026:401858461:14:8,Northwestern,14,regulation,6,eligible_regulation_offense,offense,2026:401858461:14:8,,,live
2026,401858461,2026:401858461:15:14,Indiana,15,regulation,7,eligible_regulation_offense,offense,2026:401858461:15:14,,,live
2026,401858461,2026:401858461:16:11,Northwestern,16,regulation,7,eligible_regulation_offense,offense,2026:401858461:16:11,,,live
2026,401858461,2026:401858461:17:9,Indiana,17,regulation,7,eligible_regulation_offense,offense,2026:401858461:17:9,,,live
2026,401858461,2026:401858461:18:10,Northwestern,18,regulation,3,eligible_regulation_offense,offense,2026:401858461:18:10,,,live
2026,401858462,2026:401858462:8:6,UCLA,8,regulation,7,eligible_regulation_offense,offense,2026:401858462:8:6,,,live
2026,401858462,2026:401858462:10:4,UCLA,10,regulation,7,eligible_regulation_offense,offense,2026:401858462:10:4,,,live
2026,401858462,2026:401858462:12:7,UCLA,12,regulation,6,eligible_regulation_offense,offense,2026:401858462:12:7,,,live
2026,401858462,2026:401858462:13:15,Maryland,13,regulation,3,eligible_regulation_offense,offense,2026:401858462:13:15,,,live
2026,401858462,2026:401858462:17:5,UCLA,17,regulation,7,regulation_non_offense,non_offense,2026:401858462:17:5,,,live
2026,401858462,2026:401858462:18:8,UCLA,18,regulation,7,regulation_non_offense,non_offense,2026:401858462:18:8,,,live
2026,401858462,2026:401858462:22:8,UCLA,22,regulation,3,eligible_regulation_offense,offense,2026:401858462:22:8,,,live
2026,401858462,2026:401858462:24:2,UCLA,24,regulation,7,excluded_regulation_offense,offense,2026:401858462:24:2,,,live
2026,401858462,2026:401858462:26:1,UCLA,26,regulation,0,excluded_regulation_offense,offense,2026:401858462:26:1,,score_regression_rollback,live
2026,401858462,2026:401858462:26:5,UCLA,26,regulation,3,excluded_regulation_offense,offense,2026:401858462:26:5,,,live
2026,401858462,2026:401858462:27:5,UCLA,27,regulation,0,regulation_non_offense,non_offense,2026:401858462:27:5,,score_regression_rollback,live
2026,401858462,2026:401858462:28:3,UCLA,28,regulation,0,excluded_regulation_offense,offense,2026:401858462:28:3,,score_regression_rollback,live
2026,401858462,2026:401858462:28:5,UCLA,28,regulation,7,excluded_regulation_offense,offense,2026:401858462:28:5,,,live
2026,401858463,2026:401858463:4:9,Michigan,4,regulation,7,eligible_regulation_offense,offense,2026:401858463:4:9,,,live
2026,401858463,2026:401858463:5:1,Iowa,5,regulation,7,regulation_non_offense,non_offense,2026:401858463:5:1,,,live
2026,401858463,2026:401858463:6:10,Michigan,6,regulation,3,eligible_regulation_offense,offense,2026:401858463:6:10,,,live
2026,401858463,2026:401858463:14:11,Michigan,14,regulation,3,eligible_regulation_offense,offense,2026:401858463:14:11,,,live
2026,401858463,2026:401858463:15:9,Iowa,15,regulation,7,eligible_regulation_offense,offense,2026:401858463:15:9,,,live
2026,401858463,2026:401858463:16:7,Michigan,16,regulation,6,eligible_regulation_offense,offense,2026:401858463:16:7,,,live
2026,401858463,2026:401858463:21:14,Iowa,21,regulation,6,eligible_regulation_offense,offense,2026:401858463:21:14,,,live
2026,401858464,2026:401858464:3:15,Michigan State,3,regulation,3,eligible_regulation_offense,offense,2026:401858464:3:15,,,live
2026,401858464,2026:401858464:4:8,Nebraska,4,regulation,7,eligible_regulation_offense,offense,2026:401858464:4:8,,,live
2026,401858464,2026:401858464:6:10,Nebraska,6,regulation,7,eligible_regulation_offense,offense,2026:401858464:6:10,,,live
2026,401858464,2026:401858464:8:6,Nebraska,8,regulation,3,eligible_regulation_offense,offense,2026:401858464:8:6,,,live
2026,401858464,2026:401858464:9:12,Michigan State,9,regulation,7,eligible_regulation_offense,offense,2026:401858464:9:12,,,live
2026,401858464,2026:401858464:10:19,Nebraska,10,regulation,1,eligible_regulation_offense,offense,2026:401858464:10:19,,,live
2026,401858464,2026:401858464:13:9,Michigan State,13,regulation,3,eligible_regulation_offense,offense,2026:401858464:13:9,,,live
2026,401858464,2026:401858464:18:13,Nebraska,18,regulation,0,unresolved,unknown,,,impossible_score_increment,live
2026,401858465,2026:401858465:1:12,Ohio State,1,regulation,7,eligible_regulation_offense,offense,2026:401858465:1:12,,,live
2026,401858465,2026:401858465:3:4,Ohio State,3,regulation,7,eligible_regulation_offense,offense,2026:401858465:3:4,,,live
2026,401858465,2026:401858465:4:8,Illinois,4,regulation,7,eligible_regulation_offense,offense,2026:401858465:4:8,,,live
2026,401858465,2026:401858465:7:21,Ohio State,7,regulation,7,eligible_regulation_offense,offense,2026:401858465:7:21,,,live
2026,401858465,2026:401858465:8:12,Illinois,8,regulation,3,eligible_regulation_offense,offense,2026:401858465:8:12,,,live
2026,401858465,2026:401858465:9:13,Ohio State,9,regulation,6,eligible_regulation_offense,offense,2026:401858465:9:13,,,live
2026,401858465,2026:401858465:10:1,Ohio State,10,regulation,1,regulation_non_offense,non_offense,2026:401858465:10:1,,,live
2026,401858465,2026:401858465:11:16,Illinois,11,regulation,3,eligible_regulation_offense,offense,2026:401858465:11:16,,,live
2026,401858465,2026:401858465:14:8,Ohio State,14,regulation,7,eligible_regulation_offense,offense,2026:401858465:14:8,,,live
2026,401858465,2026:401858465:15:13,Illinois,15,regulation,6,eligible_regulation_offense,offense,2026:401858465:15:13,,,live
2026,401858465,2026:401858465:16:11,Ohio State,16,regulation,7,eligible_regulation_offense,offense,2026:401858465:16:11,,,live
2026,401858466,2026:401858466:3:9,Penn State,3,regulation,3,eligible_regulation_offense,offense,2026:401858466:3:9,,,live
2026,401858466,2026:401858466:6:4,Penn State,6,regulation,7,regulation_non_offense,non_offense,2026:401858466:6:4,,,live
2026,401858466,2026:401858466:8:3,Penn State,8,regulation,7,eligible_regulation_offense,offense,2026:401858466:8:3,,,live
2026,401858466,2026:401858466:11:12,Wisconsin,11,regulation,7,eligible_regulation_offense,offense,2026:401858466:11:12,,,live
2026,401858466,2026:401858466:15:4,Wisconsin,15,regulation,3,eligible_regulation_offense,offense,2026:401858466:15:4,,,live
2026,401858466,2026:401858466:16:14,Penn State,16,regulation,3,eligible_regulation_offense,offense,2026:401858466:16:14,,,live
2026,401858466,2026:401858466:23:11,Wisconsin,23,regulation,7,eligible_regulation_offense,offense,2026:401858466:23:11,,,live
2026,401858466,2026:401858466:25:9,Wisconsin,25,regulation,7,eligible_regulation_offense,offense,2026:401858466:25:9,,,live
2026,401858467,2026:401858467:4:4,Notre Dame,4,regulation,7,eligible_regulation_offense,offense,2026:401858467:4:4,,,live
2026,401858467,2026:401858467:6:5,Notre Dame,6,regulation,7,eligible_regulation_offense,offense,2026:401858467:6:5,,,live
2026,401858467,2026:401858467:8:15,Notre Dame,8,regulation,7,eligible_regulation_offense,offense,2026:401858467:8:15,,,live
2026,401858467,2026:401858467:9:4,Notre Dame,9,regulation,7,regulation_non_offense,non_offense,2026:401858467:9:4,,,live
2026,401858467,2026:401858467:11:6,Notre Dame,11,regulation,7,eligible_regulation_offense,offense,2026:401858467:11:6,,,live
2026,401858467,2026:401858467:16:7,Purdue,16,regulation,3,excluded_regulation_offense,offense,2026:401858467:16:7,,,live
2026,401858467,2026:401858467:17:12,Notre Dame,17,regulation,7,eligible_regulation_offense,offense,2026:401858467:17:12,,,live
2026,401858467,2026:401858467:21:7,Notre Dame,21,regulation,7,excluded_regulation_offense,offense,2026:401858467:21:7,,,live
2026,401858467,2026:401858467:22:13,Purdue,22,regulation,7,excluded_regulation_offense,offense,2026:401858467:22:13,,,live
2026,401858469,2026:401858469:2:12,Oregon,2,regulation,3,eligible_regulation_offense,offense,2026:401858469:2:12,,,live
2026,401858469,2026:401858469:5:4,USC,5,regulation,7,eligible_regulation_offense,offense,2026:401858469:5:4,,,live
2026,401858469,2026:401858469:6:10,Oregon,6,regulation,7,eligible_regulation_offense,offense,2026:401858469:6:10,,,live
2026,401858469,2026:401858469:7:10,USC,7,regulation,3,eligible_regulation_offense,offense,2026:401858469:7:10,,,live
2026,401858469,2026:401858469:8:22,Oregon,8,regulation,3,eligible_regulation_offense,offense,2026:401858469:8:22,,,live
2026,401858469,2026:401858469:10:5,Oregon,10,regulation,7,eligible_regulation_offense,offense,2026:401858469:10:5,,,live
2026,401858469,2026:401858469:11:10,USC,11,regulation,7,eligible_regulation_offense,offense,2026:401858469:11:10,,,live
2026,401858469,2026:401858469:12:8,Oregon,12,regulation,7,eligible_regulation_offense,offense,2026:401858469:12:8,,,live
2026,401858469,2026:401858469:13:12,USC,13,regulation,3,eligible_regulation_offense,offense,2026:401858469:13:12,,,live
2026,401858469,2026:401858469:15:8,USC,15,regulation,7,eligible_regulation_offense,offense,2026:401858469:15:8,,,live
2026,401858469,2026:401858469:16:12,Oregon,16,regulation,7,eligible_regulation_offense,offense,2026:401858469:16:12,,,live
2026,401858469,2026:401858469:18:8,Oregon,18,regulation,7,eligible_regulation_offense,offense,2026:401858469:18:8,,,live
2026,401858470,2026:401858470:5:1,Minnesota,5,regulation,7,eligible_regulation_offense,offense,2026:401858470:5:1,,,live
2026,401858470,2026:401858470:7:6,Minnesota,7,regulation,7,eligible_regulation_offense,offense,2026:401858470:7:6,,,live
2026,401858470,2026:401858470:8:11,Washington,8,regulation,7,eligible_regulation_offense,offense,2026:401858470:8:11,,,live
2026,401858470,2026:401858470:9:13,Minnesota,9,regulation,7,eligible_regulation_offense,offense,2026:401858470:9:13,,,live
2026,401858470,2026:401858470:10:12,Washington,10,regulation,3,eligible_regulation_offense,offense,2026:401858470:10:12,,,live
2026,401858470,2026:401858470:17:9,Minnesota,17,regulation,3,eligible_regulation_offense,offense,2026:401858470:17:9,,,live
2026,401858470,2026:401858470:20:8,Washington,20,regulation,7,eligible_regulation_offense,offense,2026:401858470:20:8,,,live
2026,401858470,2026:401858470:21:7,Minnesota,21,regulation,3,eligible_regulation_offense,offense,2026:401858470:21:7,,,live
2026,401858470,2026:401858470:24:8,Washington,24,regulation,7,eligible_regulation_offense,offense,2026:401858470:24:8,,,live
2026,401859184,2026:401859184:1:3,Notre Dame,1,regulation,7,regulation_non_offense,non_offense,2026:401859184:1:3,,,live
2026,401859184,2026:401859184:2:3,Notre Dame,2,regulation,0,unresolved,unknown,,,impossible_score_increment,live
2026,401860878,2026:401860878:1:9,Colorado State,1,regulation,0,eligible_regulation_offense,offense,2026:401860878:1:9,,score_regression_rollback,live
2026,401860878,2026:401860878:1:9,Wyoming,1,regulation,0,regulation_non_offense,non_offense,2026:401860878:1:9,,score_regression_rollback,live
2026,401860878,2026:401860878:1:11,Colorado State,1,regulation,7,eligible_regulation_offense,offense,2026:401860878:1:11,,,live
2026,401860878,2026:401860878:2:15,Wyoming,2,regulation,3,eligible_regulation_offense,offense,2026:401860878:2:15,,,live
2026,401860878,2026:401860878:9:7,Colorado State,9,regulation,7,eligible_regulation_offense,offense,2026:401860878:9:7,,,live
2026,401860878,2026:401860878:12:5,Wyoming,12,regulation,3,eligible_regulation_offense,offense,2026:401860878:12:5,,,live
2026,401860878,2026:401860878:13:8,Wyoming,13,regulation,7,eligible_regulation_offense,offense,2026:401860878:13:8,,,live
2026,401860878,2026:401860878:16:2,Colorado State,16,regulation,7,eligible_regulation_offense,offense,2026:401860878:16:2,,,live
2026,401860878,2026:401860878:18:16,Colorado State,18,regulation,7,eligible_regulation_offense,offense,2026:401860878:18:16,,,live
2026,401860878,2026:401860878:20:18,Colorado State,20,regulation,7,eligible_regulation_offense,offense,2026:401860878:20:18,,,live
2026,401860881,2026:401860881:1:14,Boise State,1,regulation,3,eligible_regulation_offense,offense,2026:401860881:1:14,,,live
2026,401860881,2026:401860881:3:9,Memphis,3,regulation,7,regulation_non_offense,non_offense,2026:401860881:3:9,,,live
2026,401860881,2026:401860881:5:6,Memphis,5,regulation,3,regulation_non_offense,non_offense,2026:401860881:5:6,,,live
2026,401860881,2026:401860881:8:1,Memphis,8,regulation,7,eligible_regulation_offense,offense,2026:401860881:8:1,,,live
2026,401860881,2026:401860881:9:11,Boise State,9,regulation,7,eligible_regulation_offense,offense,2026:401860881:9:11,,,live
2026,401860881,2026:401860881:11:2,Boise State,11,regulation,7,eligible_regulation_offense,offense,2026:401860881:11:2,,,live
2026,401860881,2026:401860881:12:8,Memphis,12,regulation,3,eligible_regulation_offense,offense,2026:401860881:12:8,,,live
2026,401860881,2026:401860881:13:5,Memphis,13,regulation,0,unresolved,unknown,,,exceeds_repaired_final,live
2026,401860881,2026:401860881:13:6,Memphis,13,regulation,0,unresolved,unknown,,,exceeds_repaired_final,live
2026,401860881,2026:401860881:14:11,Boise State,14,regulation,7,eligible_regulation_offense,offense,2026:401860881:14:11,,,live
2026,401860881,2026:401860881:15:6,Boise State,15,regulation,7,regulation_non_offense,non_offense,2026:401860881:15:6,,,live
2026,401860881,2026:401860881:17:11,Boise State,17,regulation,7,eligible_regulation_offense,offense,2026:401860881:17:11,,,live
2026,401860883,2026:401860883:5:6,Fresno State,5,regulation,7,eligible_regulation_offense,offense,2026:401860883:5:6,,,live
2026,401860883,2026:401860883:7:1,Fresno State,7,regulation,8,eligible_regulation_offense,offense,2026:401860883:7:1,,,live
2026,401860883,2026:401860883:9:8,Fresno State,9,regulation,7,eligible_regulation_offense,offense,2026:401860883:9:8,,,live
2026,401860883,2026:401860883:11:8,Fresno State,11,regulation,7,eligible_regulation_offense,offense,2026:401860883:11:8,,,live
2026,401860883,2026:401860883:13:7,Fresno State,13,regulation,3,eligible_regulation_offense,offense,2026:401860883:13:7,,,live
2026,401860883,2026:401860883:15:9,Fresno State,15,regulation,7,eligible_regulation_offense,offense,2026:401860883:15:9,,,live
2026,401860883,2026:401860883:16:12,Sacramento State,16,regulation,3,excluded_regulation_offense,offense,2026:401860883:16:12,,,live
2026,401860883,2026:401860883:17:5,Fresno State,17,regulation,7,excluded_regulation_offense,offense,2026:401860883:17:5,,,live
2026,401860883,2026:401860883:19:11,Fresno State,19,regulation,3,excluded_regulation_offense,offense,2026:401860883:19:11,,,live
2026,401860884,2026:401860884:4:12,UT San Antonio,4,regulation,7,eligible_regulation_offense,offense,2026:401860884:4:12,,,live
2026,401860884,2026:401860884:7:3,Texas State,7,regulation,7,eligible_regulation_offense,offense,2026:401860884:7:3,,,live
2026,401860884,2026:401860884:11:8,Texas State,11,regulation,7,eligible_regulation_offense,offense,2026:401860884:11:8,,,live
2026,401860884,2026:401860884:13:11,Texas State,13,regulation,3,eligible_regulation_offense,offense,2026:401860884:13:11,,,live
2026,401860884,2026:401860884:14:7,UT San Antonio,14,regulation,7,eligible_regulation_offense,offense,2026:401860884:14:7,,,live
2026,401860884,2026:401860884:16:7,UT San Antonio,16,regulation,3,eligible_regulation_offense,offense,2026:401860884:16:7,,,live
2026,401860884,2026:401860884:19:8,Texas State,19,regulation,6,eligible_regulation_offense,offense,2026:401860884:19:8,,,live
2026,401860884,2026:401860884:20:8,UT San Antonio,20,regulation,7,eligible_regulation_offense,offense,2026:401860884:20:8,,,live
2026,401860884,2026:401860884:21:19,Texas State,21,regulation,3,eligible_regulation_offense,offense,2026:401860884:21:19,,,live
2026,401860884,2026:401860884:22:20,UT San Antonio,22,regulation,6,eligible_regulation_offense,offense,2026:401860884:22:20,,,live
2026,401860884,2026:401860884:23:1,UT San Antonio,23,regulation,1,regulation_non_offense,non_offense,2026:401860884:23:1,,,live
2026,401860887,2026:401860887:1:7,James Madison,1,regulation,7,eligible_regulation_offense,offense,2026:401860887:1:7,,,live
2026,401860887,2026:401860887:3:9,James Madison,3,regulation,0,eligible_regulation_offense,offense,2026:401860887:3:9,,score_regression_rollback,live
2026,401860887,2026:401860887:3:14,James Madison,3,regulation,0,eligible_regulation_offense,offense,2026:401860887:3:14,,score_regression_rollback,live
2026,401860887,2026:401860887:4:1,James Madison,4,regulation,3,regulation_non_offense,non_offense,2026:401860887:4:1,,,live
2026,401860887,2026:401860887:5:11,James Madison,5,regulation,3,eligible_regulation_offense,offense,2026:401860887:5:11,,,live
2026,401860887,2026:401860887:13:2,James Madison,13,regulation,6,eligible_regulation_offense,offense,2026:401860887:13:2,,,live
2026,401860887,2026:401860887:17:11,San Diego State,17,regulation,7,eligible_regulation_offense,offense,2026:401860887:17:11,,,live
2026,401860887,2026:401860887:20:9,James Madison,20,regulation,7,eligible_regulation_offense,offense,2026:401860887:20:9,,,live
2026,401860887,2026:401860887:21:12,San Diego State,21,regulation,6,eligible_regulation_offense,offense,2026:401860887:21:12,,,live
2026,401860888,2026:401860888:2:9,San Jose State,2,regulation,3,eligible_regulation_offense,offense,2026:401860888:2:9,,,live
2026,401860888,2026:401860888:7:7,Fresno State,7,regulation,3,eligible_regulation_offense,offense,2026:401860888:7:7,,,live
2026,401860888,2026:401860888:13:5,Fresno State,13,regulation,3,eligible_regulation_offense,offense,2026:401860888:13:5,,,live
2026,401860888,2026:401860888:17:3,Fresno State,17,regulation,7,eligible_regulation_offense,offense,2026:401860888:17:3,,,live
2026,401860888,2026:401860888:22:17,San Jose State,22,regulation,7,eligible_regulation_offense,offense,2026:401860888:22:17,,,live
2026,401860888,2026:401860888:23:13,Fresno State,23,regulation,3,eligible_regulation_offense,offense,2026:401860888:23:13,,,live
2026,401860888,2026:401860888:27:6,Fresno State,27,regulation,3,eligible_regulation_offense,offense,2026:401860888:27:6,,,live
2026,401860888,2026:401860888:29:3,Fresno State,29,regulation,7,eligible_regulation_offense,offense,2026:401860888:29:3,,,live
2026,401860889,2026:401860889:1:11,Texas State,1,regulation,7,eligible_regulation_offense,offense,2026:401860889:1:11,,,live
2026,401860889,2026:401860889:3:3,Texas State,3,regulation,7,eligible_regulation_offense,offense,2026:401860889:3:3,,,live
2026,401860889,2026:401860889:4:12,North Texas,4,regulation,7,eligible_regulation_offense,offense,2026:401860889:4:12,,,live
2026,401860889,2026:401860889:5:7,Texas State,5,regulation,7,eligible_regulation_offense,offense,2026:401860889:5:7,,,live
2026,401860889,2026:401860889:6:11,North Texas,6,regulation,7,eligible_regulation_offense,offense,2026:401860889:6:11,,,live
2026,401860889,2026:401860889:8:10,North Texas,8,regulation,7,eligible_regulation_offense,offense,2026:401860889:8:10,,,live
2026,401860889,2026:401860889:9:7,Texas State,9,regulation,7,eligible_regulation_offense,offense,2026:401860889:9:7,,,live
2026,401860889,2026:401860889:10:12,North Texas,10,regulation,7,eligible_regulation_offense,offense,2026:401860889:10:12,,,live
2026,401860889,2026:401860889:15:9,Texas State,15,regulation,7,eligible_regulation_offense,offense,2026:401860889:15:9,,,live
2026,401860889,2026:401860889:17:15,Texas State,17,regulation,7,eligible_regulation_offense,offense,2026:401860889:17:15,,,live
2026,401860889,2026:401860889:18:8,North Texas,18,regulation,7,eligible_regulation_offense,offense,2026:401860889:18:8,,,live
2026,401860889,2026:401860889:19:7,Texas State,19,regulation,7,eligible_regulation_offense,offense,2026:401860889:19:7,,,live
2026,401860891,2026:401860891:4:1,Rice,4,regulation,7,eligible_regulation_offense,offense,2026:401860891:4:1,,,live
2026,401860891,2026:401860891:7:9,Fresno State,7,regulation,7,eligible_regulation_offense,offense,2026:401860891:7:9,,,live
2026,401860891,2026:401860891:8:9,Rice,8,regulation,7,eligible_regulation_offense,offense,2026:401860891:8:9,,,live
2026,401860891,2026:401860891:11:7,Fresno State,11,regulation,7,eligible_regulation_offense,offense,2026:401860891:11:7,,,live
2026,401860891,2026:401860891:12:12,Rice,12,regulation,3,eligible_regulation_offense,offense,2026:401860891:12:12,,,live
2026,401860891,2026:401860891:13:14,Fresno State,13,regulation,3,eligible_regulation_offense,offense,2026:401860891:13:14,,,live
2026,401860891,2026:401860891:15:6,Fresno State,15,regulation,7,eligible_regulation_offense,offense,2026:401860891:15:6,,,live
2026,401860891,2026:401860891:17:12,Fresno State,17,regulation,7,eligible_regulation_offense,offense,2026:401860891:17:12,,,live
2026,401860891,2026:401860891:18:10,Rice,18,regulation,7,eligible_regulation_offense,offense,2026:401860891:18:10,,,live
2026,401860891,2026:401860891:19:4,Fresno State,19,regulation,7,eligible_regulation_offense,offense,2026:401860891:19:4,,,live
2026,401860893,2026:401860893:1:13,San Diego State,1,regulation,3,eligible_regulation_offense,offense,2026:401860893:1:13,,,live
2026,401860893,2026:401860893:4:3,Toledo,4,regulation,7,eligible_regulation_offense,offense,2026:401860893:4:3,,,live
2026,401860893,2026:401860893:10:11,Toledo,10,regulation,3,eligible_regulation_offense,offense,2026:401860893:10:11,,,live
2026,401860893,2026:401860893:12:4,Toledo,12,regulation,7,eligible_regulation_offense,offense,2026:401860893:12:4,,,live
2026,401860893,2026:401860893:14:2,Toledo,14,regulation,7,eligible_regulation_offense,offense,2026:401860893:14:2,,,live
2026,401860893,2026:401860893:16:8,Toledo,16,regulation,3,eligible_regulation_offense,offense,2026:401860893:16:8,,,live
2026,401860893,2026:401860893:19:5,Toledo,19,regulation,7,regulation_non_offense,non_offense,2026:401860893:19:5,,,live
2026,401860893,2026:401860893:20:8,San Diego State,20,regulation,0,eligible_regulation_offense,offense,2026:401860893:20:8,,score_regression_rollback,live
2026,401860893,2026:401860893:20:20,San Diego State,20,regulation,6,eligible_regulation_offense,offense,2026:401860893:20:20,,,live
2026,401860893,2026:401860893:21:10,Toledo,21,regulation,7,eligible_regulation_offense,offense,2026:401860893:21:10,,,live
2026,401860893,2026:401860893:24:10,San Diego State,24,regulation,7,eligible_regulation_offense,offense,2026:401860893:24:10,,,live
2026,401860894,2026:401860894:2:1,Utah State,2,regulation,7,eligible_regulation_offense,offense,2026:401860894:2:1,,,live
2026,401860894,2026:401860894:3:14,Troy,3,regulation,7,eligible_regulation_offense,offense,2026:401860894:3:14,,,live
2026,401860894,2026:401860894:7:7,Troy,7,regulation,3,eligible_regulation_offense,offense,2026:401860894:7:7,,,live
2026,401860894,2026:401860894:15:10,Utah State,15,regulation,7,eligible_regulation_offense,offense,2026:401860894:15:10,,,live
2026,401860894,2026:401860894:17:10,Utah State,17,regulation,7,eligible_regulation_offense,offense,2026:401860894:17:10,,,live
2026,401860895,2026:401860895:1:10,Oregon State,1,regulation,7,eligible_regulation_offense,offense,2026:401860895:1:10,,,live
2026,401860895,2026:401860895:3:8,Oregon State,3,regulation,3,eligible_regulation_offense,offense,2026:401860895:3:8,,,live
2026,401860895,2026:401860895:4:2,Oregon State,4,regulation,0,regulation_non_offense,non_offense,2026:401860895:4:2,,score_regression_rollback,live
2026,401860895,2026:401860895:5:9,Oregon State,5,regulation,7,eligible_regulation_offense,offense,2026:401860895:5:9,,,live
2026,401860895,2026:401860895:11:10,Oregon State,11,regulation,3,eligible_regulation_offense,offense,2026:401860895:11:10,,,live
2026,401860895,2026:401860895:13:10,UTEP,13,regulation,7,eligible_regulation_offense,offense,2026:401860895:13:10,,,live
2026,401860895,2026:401860895:14:9,Oregon State,14,regulation,7,eligible_regulation_offense,offense,2026:401860895:14:9,,,live
2026,401860895,2026:401860895:16:8,Oregon State,16,regulation,6,eligible_regulation_offense,offense,2026:401860895:16:8,,,live
2026,401860896,2026:401860896:1:1,Colorado State,1,regulation,6,excluded_regulation_offense,offense,2026:401860896:1:1,,,live
2026,401860896,2026:401860896:2:1,Colorado State,2,regulation,1,regulation_non_offense,non_offense,2026:401860896:2:1,,,live
2026,401860896,2026:401860896:4:1,Colorado State,4,regulation,7,eligible_regulation_offense,offense,2026:401860896:4:1,,,live
2026,401860896,2026:401860896:5:13,UT San Antonio,5,regulation,7,eligible_regulation_offense,offense,2026:401860896:5:13,,,live
2026,401860896,2026:401860896:7:5,UT San Antonio,7,regulation,7,eligible_regulation_offense,offense,2026:401860896:7:5,,,live
2026,401860896,2026:401860896:9:4,UT San Antonio,9,regulation,7,eligible_regulation_offense,offense,2026:401860896:9:4,,,live
2026,401860896,2026:401860896:11:5,UT San Antonio,11,regulation,7,eligible_regulation_offense,offense,2026:401860896:11:5,,,live
2026,401860896,2026:401860896:13:12,UT San Antonio,13,regulation,7,eligible_regulation_offense,offense,2026:401860896:13:12,,,live
2026,401860896,2026:401860896:14:14,Colorado State,14,regulation,7,eligible_regulation_offense,offense,2026:401860896:14:14,,,live
2026,401860896,2026:401860896:19:5,Colorado State,19,regulation,7,eligible_regulation_offense,offense,2026:401860896:19:5,,,live
2026,401860896,2026:401860896:20:1,UT San Antonio,20,regulation,7,regulation_non_offense,non_offense,2026:401860896:20:1,,,live
2026,401860896,2026:401860896:21:17,Colorado State,21,regulation,7,eligible_regulation_offense,offense,2026:401860896:21:17,,,live
2026,401860896,2026:401860896:22:12,UT San Antonio,22,regulation,7,eligible_regulation_offense,offense,2026:401860896:22:12,,,live
2026,401860896,2026:401860896:23:13,Colorado State,23,regulation,7,eligible_regulation_offense,offense,2026:401860896:23:13,,,live
2026,401860896,2026:401860896:24:11,UT San Antonio,24,regulation,3,eligible_regulation_offense,offense,2026:401860896:24:11,,,live
2026,401860896,2026:401860896:25:11,Colorado State,25,regulation,3,eligible_regulation_offense,offense,2026:401860896:25:11,,,live
2026,401860896,2026:401860896:26:2,UT San Antonio,26,regulation,7,eligible_regulation_offense,offense,2026:401860896:26:2,,,live
2026,401860897,2026:401860897:1:8,Boise State,1,regulation,8,eligible_regulation_offense,offense,2026:401860897:1:8,,,live
2026,401860897,2026:401860897:5:17,Boise State,5,regulation,7,eligible_regulation_offense,offense,2026:401860897:5:17,,,live
2026,401860897,2026:401860897:11:7,Boise State,11,regulation,7,eligible_regulation_offense,offense,2026:401860897:11:7,,,live
2026,401860897,2026:401860897:13:9,Boise State,13,regulation,3,eligible_regulation_offense,offense,2026:401860897:13:9,,,live
2026,401860897,2026:401860897:15:10,Boise State,15,regulation,7,eligible_regulation_offense,offense,2026:401860897:15:10,,,live
2026,401860897,2026:401860897:18:7,Western Michigan,18,regulation,7,eligible_regulation_offense,offense,2026:401860897:18:7,,,live
2026,401861963,2026:401861963:1:11,Connecticut,1,regulation,7,eligible_regulation_offense,offense,2026:401861963:1:11,,,live
2026,401861963,2026:401861963:3:8,Connecticut,3,regulation,7,eligible_regulation_offense,offense,2026:401861963:3:8,,,live
2026,401861963,2026:401861963:6:10,Southern Mississippi,6,regulation,3,eligible_regulation_offense,offense,2026:401861963:6:10,,,live
2026,401861963,2026:401861963:7:14,Connecticut,7,regulation,3,eligible_regulation_offense,offense,2026:401861963:7:14,,,live
2026,401861963,2026:401861963:9:4,Connecticut,9,regulation,7,eligible_regulation_offense,offense,2026:401861963:9:4,,,live
2026,401861963,2026:401861963:10:12,Southern Mississippi,10,regulation,0,eligible_regulation_offense,offense,2026:401861963:10:12,,score_regression_rollback,live
2026,401861963,2026:401861963:10:18,Southern Mississippi,10,regulation,3,eligible_regulation_offense,offense,2026:401861963:10:18,,,live
2026,401861963,2026:401861963:13:7,Connecticut,13,regulation,3,eligible_regulation_offense,offense,2026:401861963:13:7,,,live
2026,401861963,2026:401861963:15:11,Connecticut,15,regulation,7,eligible_regulation_offense,offense,2026:401861963:15:11,,,live
2026,401861963,2026:401861963:16:2,Connecticut,16,regulation,7,regulation_non_offense,non_offense,2026:401861963:16:2,,,live
2026,401861963,2026:401861963:17:5,Southern Mississippi,17,regulation,7,eligible_regulation_offense,offense,2026:401861963:17:5,,,live
2026,401861963,2026:401861963:22:6,Connecticut,22,regulation,7,excluded_regulation_offense,offense,2026:401861963:22:6,,,live
2026,401861963,2026:401861963:25:9,Southern Mississippi,25,regulation,7,excluded_regulation_offense,offense,2026:401861963:25:9,,,live
2026,401861970,2026:401861970:1:10,Connecticut,1,regulation,7,eligible_regulation_offense,offense,2026:401861970:1:10,,,live
2026,401861970,2026:401861970:3:9,Connecticut,3,regulation,7,eligible_regulation_offense,offense,2026:401861970:3:9,,,live
2026,401861970,2026:401861970:3:9,Miami (OH),3,regulation,0,regulation_non_offense,non_offense,2026:401861970:3:9,,score_regression_rollback,live
2026,401861970,2026:401861970:7:8,Miami (OH),7,regulation,1,eligible_regulation_offense,offense,2026:401861970:7:8,,,live
2026,401861970,2026:401861970:9:1,Miami (OH),9,regulation,0,eligible_regulation_offense,offense,2026:401861970:9:1,,score_regression_rollback,live
2026,401861970,2026:401861970:9:4,Miami (OH),9,regulation,0,eligible_regulation_offense,offense,2026:401861970:9:4,,score_regression_rollback,live
2026,401861970,2026:401861970:9:5,Miami (OH),9,regulation,0,eligible_regulation_offense,offense,2026:401861970:9:5,,score_regression_rollback,live
2026,401861970,2026:401861970:11:1,Miami (OH),11,regulation,0,unresolved,unknown,,,impossible_score_increment,live
2026,401861970,2026:401861970:14:6,Connecticut,14,regulation,6,eligible_regulation_offense,offense,2026:401861970:14:6,,,live
2026,401861970,2026:401861970:15:1,Connecticut,15,regulation,1,regulation_non_offense,non_offense,2026:401861970:15:1,,,live
2026,401862693,2026:401862693:7:10,UNLV,7,regulation,7,eligible_regulation_offense,offense,2026:401862693:7:10,,,live
2026,401862693,2026:401862693:8:9,Memphis,8,regulation,7,eligible_regulation_offense,offense,2026:401862693:8:9,,,live
2026,401862693,2026:401862693:9:10,UNLV,9,regulation,7,eligible_regulation_offense,offense,2026:401862693:9:10,,,live
2026,401862693,2026:401862693:12:6,Memphis,12,regulation,7,eligible_regulation_offense,offense,2026:401862693:12:6,,,live
2026,401862693,2026:401862693:13:7,UNLV,13,regulation,7,eligible_regulation_offense,offense,2026:401862693:13:7,,,live
2026,401862693,2026:401862693:14:4,Memphis,14,regulation,7,eligible_regulation_offense,offense,2026:401862693:14:4,,,live
2026,401862693,2026:401862693:18:4,Memphis,18,regulation,0,eligible_regulation_offense,offense,2026:401862693:18:4,,score_regression_rollback,live
2026,401862693,2026:401862693:18:9,Memphis,18,regulation,3,eligible_regulation_offense,offense,2026:401862693:18:9,,,live
2026,401862693,2026:401862693:20:9,Memphis,20,regulation,3,eligible_regulation_offense,offense,2026:401862693:20:9,,,live
2026,401862695,2026:401862695:5:7,Arkansas State,5,regulation,3,eligible_regulation_offense,offense,2026:401862695:5:7,,,live
2026,401862695,2026:401862695:6:13,Memphis,6,regulation,7,eligible_regulation_offense,offense,2026:401862695:6:13,,,live
2026,401862695,2026:401862695:7:12,Arkansas State,7,regulation,7,eligible_regulation_offense,offense,2026:401862695:7:12,,,live
2026,401862695,2026:401862695:8:10,Memphis,8,regulation,7,eligible_regulation_offense,offense,2026:401862695:8:10,,,live
2026,401862695,2026:401862695:9:2,Arkansas State,9,regulation,7,eligible_regulation_offense,offense,2026:401862695:9:2,,,live
2026,401862695,2026:401862695:10:9,Memphis,10,regulation,7,eligible_regulation_offense,offense,2026:401862695:10:9,,,live
2026,401862695,2026:401862695:12:7,Memphis,12,regulation,7,eligible_regulation_offense,offense,2026:401862695:12:7,,,live
2026,401862695,2026:401862695:15:5,Arkansas State,15,regulation,7,eligible_regulation_offense,offense,2026:401862695:15:5,,,live
2026,401862695,2026:401862695:16:3,Memphis,16,regulation,7,eligible_regulation_offense,offense,2026:401862695:16:3,,,live
2026,401862695,2026:401862695:22:11,Memphis,22,regulation,7,eligible_regulation_offense,offense,2026:401862695:22:11,,,live
2026,401862699,2026:401862699:3:10,South Florida,3,regulation,3,eligible_regulation_offense,offense,2026:401862699:3:10,,,live
2026,401862699,2026:401862699:5:6,South Florida,5,regulation,3,eligible_regulation_offense,offense,2026:401862699:5:6,,,live
2026,401862699,2026:401862699:9:18,Florida International,9,regulation,0,eligible_regulation_offense,offense,2026:401862699:9:18,,score_regression_rollback,live
2026,401862699,2026:401862699:14:9,Florida International,14,regulation,3,regulation_non_offense,non_offense,2026:401862699:14:9,,,live
2026,401862699,2026:401862699:14:12,South Florida,14,regulation,7,eligible_regulation_offense,offense,2026:401862699:14:12,,,live
2026,401862699,2026:401862699:16:9,South Florida,16,regulation,3,eligible_regulation_offense,offense,2026:401862699:16:9,,,live
2026,401862699,2026:401862699:18:10,South Florida,18,regulation,3,eligible_regulation_offense,offense,2026:401862699:18:10,,,live
2026,401862699,2026:401862699:19:9,Florida International,19,regulation,6,eligible_regulation_offense,offense,2026:401862699:19:9,,,live
2026,401862702,2026:401862702:1:8,South Florida,1,regulation,7,eligible_regulation_offense,offense,2026:401862702:1:8,,,live
2026,401862702,2026:401862702:4:12,Army,4,regulation,7,eligible_regulation_offense,offense,2026:401862702:4:12,,,live
2026,401862702,2026:401862702:6:23,Army,6,regulation,3,eligible_regulation_offense,offense,2026:401862702:6:23,,,live
2026,401862702,2026:401862702:9:9,South Florida,9,regulation,7,eligible_regulation_offense,offense,2026:401862702:9:9,,,live
2026,401862702,2026:401862702:12:10,Army,12,regulation,7,eligible_regulation_offense,offense,2026:401862702:12:10,,,live
2026,401862702,2026:401862702:14:9,Army,14,regulation,7,eligible_regulation_offense,offense,2026:401862702:14:9,,,live
2026,401862702,2026:401862702:15:7,South Florida,15,regulation,7,eligible_regulation_offense,offense,2026:401862702:15:7,,,live
2026,401862702,2026:401862702:16:5,Army,16,regulation,0,unresolved,unknown,,,exceeds_repaired_final,live
2026,401862702,2026:401862702:16:6,Army,16,regulation,0,unresolved,unknown,,,exceeds_repaired_final,live
2026,401862702,2026:401862702:17:1,Army,17,regulation,0,unresolved,unknown,,,exceeds_repaired_final,live
2026,401862702,2026:401862702:17:2,Army,17,regulation,0,unresolved,unknown,,,exceeds_repaired_final,live
2026,401862702,2026:401862702:17:3,Army,17,regulation,0,unresolved,unknown,,,exceeds_repaired_final,live
2026,401862702,2026:401862702:17:4,Army,17,regulation,0,unresolved,unknown,,,exceeds_repaired_final,live
2026,401862702,2026:401862702:17:5,Army,17,regulation,0,unresolved,unknown,,,exceeds_repaired_final,live
2026,401862702,2026:401862702:17:6,Army,17,regulation,0,unresolved,unknown,,,exceeds_repaired_final,live
2026,401862702,2026:401862702:17:7,Army,17,regulation,0,unresolved,unknown,,,exceeds_repaired_final,live
2026,401862702,2026:401862702:17:9,Army,17,regulation,0,unresolved,unknown,,,exceeds_repaired_final,live
2026,401862702,2026:401862702:17:10,Army,17,regulation,0,unresolved,unknown,,,exceeds_repaired_final,live
2026,401862702,2026:401862702:17:12,South Florida,17,regulation,7,eligible_regulation_offense,offense,2026:401862702:17:12,,,live
2026,401862703,2026:401862703:1:3,Florida Atlantic,1,regulation,7,eligible_regulation_offense,offense,2026:401862703:1:3,,,live
2026,401862703,2026:401862703:2:4,Navy,2,regulation,7,eligible_regulation_offense,offense,2026:401862703:2:4,,,live
2026,401862703,2026:401862703:5:3,Florida Atlantic,5,regulation,7,eligible_regulation_offense,offense,2026:401862703:5:3,,,live
2026,401862703,2026:401862703:11:9,Florida Atlantic,11,regulation,0,unresolved,unknown,,,impossible_score_increment,live
2026,401862703,2026:401862703:18:4,Navy,18,regulation,6,eligible_regulation_offense,offense,2026:401862703:18:4,,,live
2026,401862703,2026:401862703:19:1,Navy,19,regulation,1,regulation_non_offense,non_offense,2026:401862703:19:1,,,live
2026,401862703,2026:401862703:20:12,Navy,20,regulation,6,eligible_regulation_offense,offense,2026:401862703:20:12,,,live
2026,401862703,2026:401862703:22:4,Navy,22,regulation,2,regulation_non_offense,non_offense,2026:401862703:22:4,,,live
2026,401862703,2026:401862703:23:8,Navy,23,regulation,8,eligible_regulation_offense,offense,2026:401862703:23:8,,,live
2026,401862705,2026:401862705:2:7,North Texas,2,regulation,3,eligible_regulation_offense,offense,2026:401862705:2:7,,,live
2026,401862705,2026:401862705:3:5,North Texas,3,regulation,0,regulation_non_offense,non_offense,2026:401862705:3:5,,score_regression_rollback,live
2026,401862705,2026:401862705:4:8,North Texas,4,regulation,3,eligible_regulation_offense,offense,2026:401862705:4:8,,,live
2026,401862705,2026:401862705:6:4,North Texas,6,regulation,7,eligible_regulation_offense,offense,2026:401862705:6:4,,,live
2026,401862705,2026:401862705:9:4,UNLV,9,regulation,0,eligible_regulation_offense,offense,2026:401862705:9:4,,score_regression_rollback,live
2026,401862705,2026:401862705:11:8,UNLV,11,regulation,3,eligible_regulation_offense,offense,2026:401862705:11:8,,,live
2026,401862705,2026:401862705:12:12,North Texas,12,regulation,7,eligible_regulation_offense,offense,2026:401862705:12:12,,,live
2026,401862705,2026:401862705:14:7,North Texas,14,regulation,7,eligible_regulation_offense,offense,2026:401862705:14:7,,,live
2026,401862705,2026:401862705:15:8,UNLV,15,regulation,3,eligible_regulation_offense,offense,2026:401862705:15:8,,,live
2026,401862705,2026:401862705:16:14,North Texas,16,regulation,7,eligible_regulation_offense,offense,2026:401862705:16:14,,,live
2026,401862705,2026:401862705:20:8,North Texas,20,regulation,7,excluded_regulation_offense,offense,2026:401862705:20:8,,,live
2026,401862705,2026:401862705:22:8,North Texas,22,regulation,3,excluded_regulation_offense,offense,2026:401862705:22:8,,,live
2026,401862707,2026:401862707:1:8,Sam Houston State,1,regulation,7,eligible_regulation_offense,offense,2026:401862707:1:8,,,live
2026,401862707,2026:401862707:6:10,Tulsa,6,regulation,7,eligible_regulation_offense,offense,2026:401862707:6:10,,,live
2026,401862707,2026:401862707:9:1,Sam Houston State,9,regulation,7,eligible_regulation_offense,offense,2026:401862707:9:1,,,live
2026,401862707,2026:401862707:10:14,Tulsa,10,regulation,3,eligible_regulation_offense,offense,2026:401862707:10:14,,,live
2026,401862707,2026:401862707:14:12,Tulsa,14,regulation,6,eligible_regulation_offense,offense,2026:401862707:14:12,,,live
2026,401862707,2026:401862707:16:2,Tulsa,16,regulation,7,eligible_regulation_offense,offense,2026:401862707:16:2,,,live
2026,401862707,2026:401862707:17:15,Sam Houston State,17,regulation,3,eligible_regulation_offense,offense,2026:401862707:17:15,,,live
2026,401862708,2026:401862708:2:13,Louisiana Monroe,2,regulation,7,eligible_regulation_offense,offense,2026:401862708:2:13,,,live
2026,401862708,2026:401862708:3:17,UAB,3,regulation,3,eligible_regulation_offense,offense,2026:401862708:3:17,,,live
2026,401862708,2026:401862708:4:9,Louisiana Monroe,4,regulation,7,eligible_regulation_offense,offense,2026:401862708:4:9,,,live
2026,401862708,2026:401862708:5:10,UAB,5,regulation,7,eligible_regulation_offense,offense,2026:401862708:5:10,,,live
2026,401862708,2026:401862708:9:4,Louisiana Monroe,9,regulation,3,eligible_regulation_offense,offense,2026:401862708:9:4,,,live
2026,401862708,2026:401862708:10:12,Louisiana Monroe,10,regulation,3,eligible_regulation_offense,offense,2026:401862708:10:12,,,live
2026,401862708,2026:401862708:11:10,UAB,11,regulation,3,eligible_regulation_offense,offense,2026:401862708:11:10,,,live
2026,401862708,2026:401862708:13:15,UAB,13,regulation,3,eligible_regulation_offense,offense,2026:401862708:13:15,,,live
2026,401862708,2026:401862708:15:5,UAB,15,regulation,7,eligible_regulation_offense,offense,2026:401862708:15:5,,,live
2026,401862708,2026:401862708:17:14,UAB,17,regulation,3,eligible_regulation_offense,offense,2026:401862708:17:14,,,live
2026,401862710,2026:401862710:5:2,East Carolina,5,regulation,7,eligible_regulation_offense,offense,2026:401862710:5:2,,,live
2026,401862710,2026:401862710:9:4,East Carolina,9,regulation,0,eligible_regulation_offense,offense,2026:401862710:9:4,,score_regression_rollback,live
2026,401862710,2026:401862710:9:4,Old Dominion,9,regulation,0,unresolved,unknown,,,impossible_score_increment,live
2026,401862710,2026:401862710:16:10,East Carolina,16,regulation,3,eligible_regulation_offense,offense,2026:401862710:16:10,,,live
2026,401862710,2026:401862710:18:7,East Carolina,18,regulation,7,regulation_non_offense,non_offense,2026:401862710:18:7,,,live
2026,401862710,2026:401862710:22:17,East Carolina,22,regulation,3,eligible_regulation_offense,offense,2026:401862710:22:17,,,live
2026,401862771,2026:401862771:1:7,Florida Atlantic,1,regulation,0,unresolved,unknown,,,impossible_score_increment,live
2026,401862771,2026:401862771:10:20,Florida International,10,regulation,7,eligible_regulation_offense,offense,2026:401862771:10:20,,,live
2026,401862771,2026:401862771:16:14,Florida International,16,regulation,3,eligible_regulation_offense,offense,2026:401862771:16:14,,,live
2026,401862773,2026:401862773:5:6,Western Michigan,5,regulation,7,eligible_regulation_offense,offense,2026:401862773:5:6,,,live
2026,401862773,2026:401862773:8:11,Rice,8,regulation,7,eligible_regulation_offense,offense,2026:401862773:8:11,,,live
2026,401862773,2026:401862773:9:9,Western Michigan,9,regulation,7,eligible_regulation_offense,offense,2026:401862773:9:9,,,live
2026,401862773,2026:401862773:12:13,Rice,12,regulation,7,eligible_regulation_offense,offense,2026:401862773:12:13,,,live
2026,401862773,2026:401862773:14:17,Western Michigan,14,regulation,7,eligible_regulation_offense,offense,2026:401862773:14:17,,,live
2026,401862773,2026:401862773:18:10,Western Michigan,18,regulation,7,eligible_regulation_offense,offense,2026:401862773:18:10,,,live
2026,401862773,2026:401862773:19:13,Rice,19,regulation,7,eligible_regulation_offense,offense,2026:401862773:19:13,,,live
2026,401862774,2026:401862774:3:4,Temple,3,regulation,3,eligible_regulation_offense,offense,2026:401862774:3:4,,,live
2026,401862774,2026:401862774:4:12,Toledo,4,regulation,7,eligible_regulation_offense,offense,2026:401862774:4:12,,,live
2026,401862774,2026:401862774:5:13,Temple,5,regulation,7,eligible_regulation_offense,offense,2026:401862774:5:13,,,live
2026,401862774,2026:401862774:7:13,Temple,7,regulation,7,eligible_regulation_offense,offense,2026:401862774:7:13,,,live
2026,401862774,2026:401862774:8:6,Toledo,8,regulation,7,eligible_regulation_offense,offense,2026:401862774:8:6,,,live
2026,401862774,2026:401862774:9:17,Temple,9,regulation,7,eligible_regulation_offense,offense,2026:401862774:9:17,,,live
2026,401862774,2026:401862774:11:11,Toledo,11,regulation,7,eligible_regulation_offense,offense,2026:401862774:11:11,,,live
2026,401862774,2026:401862774:12:11,Temple,12,regulation,3,eligible_regulation_offense,offense,2026:401862774:12:11,,,live
2026,401862774,2026:401862774:15:8,Toledo,15,regulation,7,eligible_regulation_offense,offense,2026:401862774:15:8,,,live
2026,401862774,2026:401862774:16:3,Temple,16,regulation,8,eligible_regulation_offense,offense,2026:401862774:16:3,,,live
2026,401862774,2026:401862774:18:7,Temple,18,regulation,7,eligible_regulation_offense,offense,2026:401862774:18:7,,,live
2026,401862774,2026:401862774:21:13,Toledo,21,regulation,7,eligible_regulation_offense,offense,2026:401862774:21:13,,,live
2026,401862774,2026:401862774:22:3,Toledo,22,regulation,7,eligible_regulation_offense,offense,2026:401862774:22:3,,,live
2026,401862774,2026:401862774:24:2,Toledo,24,overtime,7,overtime,offense,2026:401862774:24:2,,,live
2026,401862774,2026:401862774:25:3,Temple,25,overtime,6,overtime,offense,2026:401862774:25:3,,,live
2026,401862776,2026:401862776:1:2,Louisiana,1,regulation,0,eligible_regulation_offense,offense,2026:401862776:1:2,,score_regression_rollback,live
2026,401862776,2026:401862776:1:7,Louisiana,1,regulation,7,eligible_regulation_offense,offense,2026:401862776:1:7,,,live
2026,401862776,2026:401862776:2:7,Louisiana,2,regulation,0,regulation_non_offense,non_offense,2026:401862776:2:7,,score_regression_rollback,live
2026,401862776,2026:401862776:3:1,Louisiana,3,regulation,0,eligible_regulation_offense,offense,2026:401862776:3:1,,score_regression_rollback,live
2026,401862776,2026:401862776:4:2,Louisiana,4,regulation,0,regulation_non_offense,non_offense,2026:401862776:4:2,,score_regression_rollback,live
2026,401862776,2026:401862776:5:1,Louisiana,5,regulation,0,eligible_regulation_offense,offense,2026:401862776:5:1,,score_regression_rollback,live
2026,401862776,2026:401862776:5:7,Louisiana,5,regulation,1,eligible_regulation_offense,offense,2026:401862776:5:7,,,live
2026,401862776,2026:401862776:5:8,Louisiana,5,regulation,6,eligible_regulation_offense,offense,2026:401862776:5:8,,,live
2026,401862776,2026:401862776:9:1,UAB,9,regulation,7,regulation_non_offense,non_offense,2026:401862776:9:1,,,live
2026,401862776,2026:401862776:12:12,Louisiana,12,regulation,7,eligible_regulation_offense,offense,2026:401862776:12:12,,,live
2026,401862776,2026:401862776:22:2,UAB,22,regulation,7,eligible_regulation_offense,offense,2026:401862776:22:2,,,live
2026,401862778,2026:401862778:5:9,UAB,5,regulation,7,eligible_regulation_offense,offense,2026:401862778:5:9,,,live
2026,401862778,2026:401862778:6:8,Navy,6,regulation,7,eligible_regulation_offense,offense,2026:401862778:6:8,,,live
2026,401862778,2026:401862778:7:12,UAB,7,regulation,3,eligible_regulation_offense,offense,2026:401862778:7:12,,,live
2026,401862778,2026:401862778:8:11,Navy,8,regulation,3,eligible_regulation_offense,offense,2026:401862778:8:11,,,live
2026,401862778,2026:401862778:9:4,UAB,9,regulation,7,eligible_regulation_offense,offense,2026:401862778:9:4,,,live
2026,401862778,2026:401862778:10:16,Navy,10,regulation,3,eligible_regulation_offense,offense,2026:401862778:10:16,,,live
2026,401862778,2026:401862778:14:10,Navy,14,regulation,7,eligible_regulation_offense,offense,2026:401862778:14:10,,,live
2026,401862778,2026:401862778:17:1,UAB,17,regulation,7,eligible_regulation_offense,offense,2026:401862778:17:1,,,live
2026,401862779,2026:401862779:2:14,Army,2,regulation,7,eligible_regulation_offense,offense,2026:401862779:2:14,,,live
2026,401862779,2026:401862779:3:3,Temple,3,regulation,7,eligible_regulation_offense,offense,2026:401862779:3:3,,,live
2026,401862779,2026:401862779:11:18,Army,11,regulation,7,eligible_regulation_offense,offense,2026:401862779:11:18,,,live
2026,401862779,2026:401862779:12:5,Temple,12,regulation,7,eligible_regulation_offense,offense,2026:401862779:12:5,,,live
2026,401862779,2026:401862779:14:8,Temple,14,regulation,3,eligible_regulation_offense,offense,2026:401862779:14:8,,,live
2026,401862779,2026:401862779:15:14,Army,15,regulation,7,eligible_regulation_offense,offense,2026:401862779:15:14,,,live
2026,401862780,2026:401862780:4:12,Louisiana,4,regulation,3,eligible_regulation_offense,offense,2026:401862780:4:12,,,live
2026,401862780,2026:401862780:8:12,Louisiana,8,regulation,7,eligible_regulation_offense,offense,2026:401862780:8:12,,,live
2026,401862780,2026:401862780:10:14,Charlotte,10,regulation,7,regulation_non_offense,non_offense,2026:401862780:10:14,,,live
2026,401862780,2026:401862780:12:11,Louisiana,12,regulation,7,eligible_regulation_offense,offense,2026:401862780:12:11,,,live
2026,401862780,2026:401862780:18:8,Louisiana,18,regulation,3,eligible_regulation_offense,offense,2026:401862780:18:8,,,live
2026,401862780,2026:401862780:20:6,Louisiana,20,regulation,7,eligible_regulation_offense,offense,2026:401862780:20:6,,,live
2026,401862780,2026:401862780:24:6,Louisiana,24,regulation,7,eligible_regulation_offense,offense,2026:401862780:24:6,,,live
2026,401862782,2026:401862782:3:10,Florida Atlantic,3,regulation,0,eligible_regulation_offense,offense,2026:401862782:3:10,,score_regression_rollback,live
2026,401862782,2026:401862782:3:10,Louisiana Monroe,3,regulation,0,regulation_non_offense,non_offense,2026:401862782:3:10,,score_regression_rollback,live
2026,401862782,2026:401862782:3:16,Florida Atlantic,3,regulation,7,eligible_regulation_offense,offense,2026:401862782:3:16,,,live
2026,401862782,2026:401862782:4:9,Louisiana Monroe,4,regulation,7,eligible_regulation_offense,offense,2026:401862782:4:9,,,live
2026,401862782,2026:401862782:5:16,Florida Atlantic,5,regulation,7,eligible_regulation_offense,offense,2026:401862782:5:16,,,live
2026,401862782,2026:401862782:6:6,Florida Atlantic,6,regulation,7,regulation_non_offense,non_offense,2026:401862782:6:6,,,live
2026,401862782,2026:401862782:7:2,Louisiana Monroe,7,regulation,7,eligible_regulation_offense,offense,2026:401862782:7:2,,,live
2026,401862782,2026:401862782:10:10,Florida Atlantic,10,regulation,7,eligible_regulation_offense,offense,2026:401862782:10:10,,,live
2026,401862782,2026:401862782:11:10,Louisiana Monroe,11,regulation,3,eligible_regulation_offense,offense,2026:401862782:11:10,,,live
2026,401862782,2026:401862782:12:13,Florida Atlantic,12,regulation,7,eligible_regulation_offense,offense,2026:401862782:12:13,,,live
2026,401862782,2026:401862782:17:4,Florida Atlantic,17,regulation,7,eligible_regulation_offense,offense,2026:401862782:17:4,,,live
2026,401862782,2026:401862782:19:16,Florida Atlantic,19,regulation,3,eligible_regulation_offense,offense,2026:401862782:19:16,,,live
2026,401862784,2026:401862784:4:6,Tulane,4,regulation,7,eligible_regulation_offense,offense,2026:401862784:4:6,,,live
2026,401862784,2026:401862784:11:4,Southern Mississippi,11,regulation,7,eligible_regulation_offense,offense,2026:401862784:11:4,,,live
2026,401862784,2026:401862784:12:7,Tulane,12,regulation,7,eligible_regulation_offense,offense,2026:401862784:12:7,,,live
2026,401862784,2026:401862784:13:14,Southern Mississippi,13,regulation,7,eligible_regulation_offense,offense,2026:401862784:13:14,,,live
2026,401862784,2026:401862784:20:5,Southern Mississippi,20,regulation,7,eligible_regulation_offense,offense,2026:401862784:20:5,,,live
2026,401862784,2026:401862784:25:3,Tulane,25,regulation,0,eligible_regulation_offense,offense,2026:401862784:25:3,,score_regression_rollback,live
2026,401862784,2026:401862784:25:10,Tulane,25,regulation,3,eligible_regulation_offense,offense,2026:401862784:25:10,,,live
2026,401862784,2026:401862784:27:2,Tulane,27,regulation,7,eligible_regulation_offense,offense,2026:401862784:27:2,,,live
2026,401862785,2026:401862785:3:4,Bowling Green,3,regulation,3,eligible_regulation_offense,offense,2026:401862785:3:4,,,live
2026,401862785,2026:401862785:9:11,Bowling Green,9,regulation,3,eligible_regulation_offense,offense,2026:401862785:9:11,,,live
2026,401862785,2026:401862785:17:6,South Florida,17,regulation,7,eligible_regulation_offense,offense,2026:401862785:17:6,,,live
2026,401862785,2026:401862785:19:7,South Florida,19,regulation,7,eligible_regulation_offense,offense,2026:401862785:19:7,,,live
2026,401864432,2026:401864432:1:3,Nevada,1,regulation,7,eligible_regulation_offense,offense,2026:401864432:1:3,,,live
2026,401864432,2026:401864432:5:11,Nevada,5,regulation,7,eligible_regulation_offense,offense,2026:401864432:5:11,,,live
2026,401864432,2026:401864432:8:18,Western Kentucky,8,regulation,7,eligible_regulation_offense,offense,2026:401864432:8:18,,,live
2026,401864432,2026:401864432:11:1,Nevada,11,regulation,0,eligible_regulation_offense,offense,2026:401864432:11:1,,score_regression_rollback,live
2026,401864432,2026:401864432:11:3,Nevada,11,regulation,7,eligible_regulation_offense,offense,2026:401864432:11:3,,,live
2026,401864432,2026:401864432:14:6,Nevada,14,regulation,7,eligible_regulation_offense,offense,2026:401864432:14:6,,,live
2026,401864432,2026:401864432:18:5,Nevada,18,regulation,7,eligible_regulation_offense,offense,2026:401864432:18:5,,,live
2026,401864432,2026:401864432:20:15,Nevada,20,regulation,7,eligible_regulation_offense,offense,2026:401864432:20:15,,,live
2026,401864432,2026:401864432:22:2,Nevada,22,regulation,7,excluded_regulation_offense,offense,2026:401864432:22:2,,,live
2026,401864432,2026:401864432:23:13,Western Kentucky,23,regulation,7,excluded_regulation_offense,offense,2026:401864432:23:13,,,live
2026,401864443,2026:401864443:2:8,Nevada,2,regulation,7,eligible_regulation_offense,offense,2026:401864443:2:8,,,live
2026,401864443,2026:401864443:3:12,Middle Tennessee,3,regulation,7,eligible_regulation_offense,offense,2026:401864443:3:12,,,live
2026,401864443,2026:401864443:6:12,Nevada,6,regulation,3,eligible_regulation_offense,offense,2026:401864443:6:12,,,live
2026,401864443,2026:401864443:9:15,Middle Tennessee,9,regulation,3,eligible_regulation_offense,offense,2026:401864443:9:15,,,live
2026,401864443,2026:401864443:10:1,Middle Tennessee,10,regulation,3,regulation_non_offense,non_offense,2026:401864443:10:1,,,live
2026,401864443,2026:401864443:11:4,Middle Tennessee,11,regulation,1,eligible_regulation_offense,offense,2026:401864443:11:4,,,live
2026,401864443,2026:401864443:12:9,Nevada,12,regulation,7,eligible_regulation_offense,offense,2026:401864443:12:9,,,live
2026,401864443,2026:401864443:15:1,Middle Tennessee,15,regulation,3,eligible_regulation_offense,offense,2026:401864443:15:1,,,live
2026,401864443,2026:401864443:16:10,Nevada,16,regulation,3,eligible_regulation_offense,offense,2026:401864443:16:10,,,live
2026,401864443,2026:401864443:17:12,Middle Tennessee,17,regulation,3,eligible_regulation_offense,offense,2026:401864443:17:12,,,live
2026,401864443,2026:401864443:19:5,Middle Tennessee,19,regulation,7,eligible_regulation_offense,offense,2026:401864443:19:5,,,live
2026,401864443,2026:401864443:20:1,Middle Tennessee,20,regulation,0,unresolved,unknown,,,exceeds_repaired_final,live
2026,401864443,2026:401864443:20:2,Middle Tennessee,20,regulation,0,unresolved,unknown,,,exceeds_repaired_final,live
2026,401864443,2026:401864443:20:3,Middle Tennessee,20,regulation,0,unresolved,unknown,,,exceeds_repaired_final,live
2026,401864443,2026:401864443:20:4,Middle Tennessee,20,regulation,0,unresolved,unknown,,,exceeds_repaired_final,live
2026,401864443,2026:401864443:20:5,Middle Tennessee,20,regulation,0,unresolved,unknown,,,exceeds_repaired_final,live
2026,401864443,2026:401864443:20:6,Middle Tennessee,20,regulation,0,unresolved,unknown,,,exceeds_repaired_final,live
2026,401864443,2026:401864443:20:7,Middle Tennessee,20,regulation,0,unresolved,unknown,,,exceeds_repaired_final,live
2026,401864443,2026:401864443:20:8,Middle Tennessee,20,regulation,0,unresolved,unknown,,,exceeds_repaired_final,live
2026,401864443,2026:401864443:21:1,Middle Tennessee,21,regulation,0,unresolved,unknown,,,exceeds_repaired_final,live
2026,401864443,2026:401864443:21:3,Middle Tennessee,21,regulation,0,unresolved,unknown,,,exceeds_repaired_final,live
2026,401864443,2026:401864443:21:5,Middle Tennessee,21,regulation,0,unresolved,unknown,,,exceeds_repaired_final,live
2026,401864443,2026:401864443:21:6,Middle Tennessee,21,regulation,0,unresolved,unknown,,,exceeds_repaired_final,live
2026,401864443,2026:401864443:21:8,Middle Tennessee,21,regulation,0,unresolved,unknown,,,exceeds_repaired_final,live
2026,401864443,2026:401864443:21:10,Middle Tennessee,21,regulation,0,unresolved,unknown,,,exceeds_repaired_final,live
2026,401864443,2026:401864443:21:11,Middle Tennessee,21,regulation,0,unresolved,unknown,,,exceeds_repaired_final,live
2026,401864443,2026:401864443:21:12,Middle Tennessee,21,regulation,0,unresolved,unknown,,,exceeds_repaired_final,live
2026,401864494,2026:401864494:1:15,USC,1,regulation,7,eligible_regulation_offense,offense,2026:401864494:1:15,,,live
2026,401864494,2026:401864494:5:9,USC,5,regulation,7,eligible_regulation_offense,offense,2026:401864494:5:9,,,live
2026,401864494,2026:401864494:7:12,USC,7,regulation,7,eligible_regulation_offense,offense,2026:401864494:7:12,,,live
2026,401864494,2026:401864494:9:7,USC,9,regulation,7,eligible_regulation_offense,offense,2026:401864494:9:7,,,live
2026,401864494,2026:401864494:13:2,San Jose State,13,regulation,0,eligible_regulation_offense,offense,2026:401864494:13:2,,score_regression_rollback,live
2026,401864494,2026:401864494:13:9,San Jose State,13,regulation,3,eligible_regulation_offense,offense,2026:401864494:13:9,,,live
2026,401864494,2026:401864494:14:10,USC,14,regulation,7,eligible_regulation_offense,offense,2026:401864494:14:10,,,live
2026,401864494,2026:401864494:15:7,San Jose State,15,regulation,8,eligible_regulation_offense,offense,2026:401864494:15:7,,,live
2026,401864494,2026:401864494:16:11,USC,16,regulation,7,eligible_regulation_offense,offense,2026:401864494:16:11,,,live
2026,401864494,2026:401864494:17:13,San Jose State,17,regulation,7,eligible_regulation_offense,offense,2026:401864494:17:13,,,live
2026,401864494,2026:401864494:19:5,San Jose State,19,regulation,8,eligible_regulation_offense,offense,2026:401864494:19:5,,,live
2026,401864495,2026:401864495:8:7,Eastern Michigan,8,regulation,7,eligible_regulation_offense,offense,2026:401864495:8:7,,,live
2026,401864495,2026:401864495:11:5,San Jose State,11,regulation,7,eligible_regulation_offense,offense,2026:401864495:11:5,,,live
2026,401864495,2026:401864495:13:9,San Jose State,13,regulation,3,eligible_regulation_offense,offense,2026:401864495:13:9,,,live
2026,401864495,2026:401864495:14:9,Eastern Michigan,14,regulation,7,eligible_regulation_offense,offense,2026:401864495:14:9,,,live
2026,401864495,2026:401864495:15:15,San Jose State,15,regulation,7,eligible_regulation_offense,offense,2026:401864495:15:15,,,live
2026,401864495,2026:401864495:19:3,Eastern Michigan,19,regulation,7,regulation_non_offense,non_offense,2026:401864495:19:3,,,live
2026,401864495,2026:401864495:22:5,San Jose State,22,regulation,7,eligible_regulation_offense,offense,2026:401864495:22:5,,,live
2026,401864495,2026:401864495:28:8,San Jose State,28,regulation,3,eligible_regulation_offense,offense,2026:401864495:28:8,,,live
2026,401864497,2026:401864497:3:9,UNLV,3,regulation,7,eligible_regulation_offense,offense,2026:401864497:3:9,,,live
2026,401864497,2026:401864497:6:12,Hawai_i,6,regulation,3,eligible_regulation_offense,offense,2026:401864497:6:12,,,live
2026,401864497,2026:401864497:11:11,UNLV,11,regulation,7,eligible_regulation_offense,offense,2026:401864497:11:11,,,live
2026,401864497,2026:401864497:16:15,Hawai_i,16,regulation,3,eligible_regulation_offense,offense,2026:401864497:16:15,,,live
2026,401864497,2026:401864497:21:1,UNLV,21,regulation,7,eligible_regulation_offense,offense,2026:401864497:21:1,,,live
2026,401864498,2026:401864498:3:9,New Mexico,3,regulation,7,eligible_regulation_offense,offense,2026:401864498:3:9,,,live
2026,401864498,2026:401864498:5:16,New Mexico,5,regulation,7,eligible_regulation_offense,offense,2026:401864498:5:16,,,live
2026,401864498,2026:401864498:7:10,New Mexico,7,regulation,3,eligible_regulation_offense,offense,2026:401864498:7:10,,,live
2026,401864498,2026:401864498:9:16,New Mexico,9,regulation,3,eligible_regulation_offense,offense,2026:401864498:9:16,,,live
2026,401864498,2026:401864498:11:5,New Mexico,11,regulation,0,eligible_regulation_offense,offense,2026:401864498:11:5,,score_regression_rollback,live
2026,401864498,2026:401864498:13:9,New Mexico,13,regulation,6,eligible_regulation_offense,offense,2026:401864498:13:9,,,live
2026,401864498,2026:401864498:14:1,New Mexico,14,regulation,2,regulation_non_offense,non_offense,2026:401864498:14:1,,,live
2026,401864498,2026:401864498:15:3,New Mexico,15,regulation,7,eligible_regulation_offense,offense,2026:401864498:15:3,,,live
2026,401864498,2026:401864498:17:9,New Mexico,17,regulation,3,excluded_regulation_offense,offense,2026:401864498:17:9,,,live
2026,401864498,2026:401864498:18:11,Central Michigan,18,regulation,7,excluded_regulation_offense,offense,2026:401864498:18:11,,,live
2026,401864502,2026:401864502:1:12,North Dakota State,1,regulation,7,eligible_regulation_offense,offense,2026:401864502:1:12,,,live
2026,401864502,2026:401864502:3:19,North Dakota State,3,regulation,7,eligible_regulation_offense,offense,2026:401864502:3:19,,,live
2026,401864502,2026:401864502:5:4,North Dakota State,5,regulation,0,unresolved,unknown,,,impossible_score_increment,live
2026,401864502,2026:401864502:5:4,Air Force,5,regulation,0,unresolved,unknown,,,impossible_score_increment,live
2026,401864507,2026:401864507:1:6,North Dakota State,1,regulation,7,eligible_regulation_offense,offense,2026:401864507:1:6,,,live
2026,401864507,2026:401864507:2:5,North Dakota State,2,regulation,7,regulation_non_offense,non_offense,2026:401864507:2:5,,,live
2026,401864507,2026:401864507:8:4,North Dakota State,8,regulation,7,eligible_regulation_offense,offense,2026:401864507:8:4,,,live
2026,401864507,2026:401864507:10:5,North Dakota State,10,regulation,7,eligible_regulation_offense,offense,2026:401864507:10:5,,,live
2026,401864507,2026:401864507:11:11,Sacramento State,11,regulation,3,eligible_regulation_offense,offense,2026:401864507:11:11,,,live
2026,401864507,2026:401864507:18:14,North Dakota State,18,regulation,3,eligible_regulation_offense,offense,2026:401864507:18:14,,,live
2026,401864507,2026:401864507:19:9,Sacramento State,19,regulation,7,eligible_regulation_offense,offense,2026:401864507:19:9,,,live
2026,401864508,2026:401864508:1:11,Central Michigan,1,regulation,3,eligible_regulation_offense,offense,2026:401864508:1:11,,,live
2026,401864508,2026:401864508:5:12,Central Michigan,5,regulation,7,eligible_regulation_offense,offense,2026:401864508:5:12,,,live
2026,401864508,2026:401864508:7:22,Central Michigan,7,regulation,7,eligible_regulation_offense,offense,2026:401864508:7:22,,,live
2026,401864508,2026:401864508:11:6,Wyoming,11,regulation,3,eligible_regulation_offense,offense,2026:401864508:11:6,,,live
2026,401864508,2026:401864508:12:7,Central Michigan,12,regulation,7,eligible_regulation_offense,offense,2026:401864508:12:7,,,live
2026,401864508,2026:401864508:13:10,Wyoming,13,regulation,7,eligible_regulation_offense,offense,2026:401864508:13:10,,,live
2026,401864509,2026:401864509:1:15,Nevada,1,regulation,3,eligible_regulation_offense,offense,2026:401864509:1:15,,,live
2026,401864509,2026:401864509:2:9,Air Force,2,regulation,3,eligible_regulation_offense,offense,2026:401864509:2:9,,,live
2026,401864509,2026:401864509:3:4,Nevada,3,regulation,0,eligible_regulation_offense,offense,2026:401864509:3:4,,score_regression_rollback,live
2026,401864509,2026:401864509:3:11,Nevada,3,regulation,7,eligible_regulation_offense,offense,2026:401864509:3:11,,,live
2026,401864509,2026:401864509:4:4,Air Force,4,regulation,7,eligible_regulation_offense,offense,2026:401864509:4:4,,,live
2026,401864509,2026:401864509:9:14,Air Force,9,regulation,3,eligible_regulation_offense,offense,2026:401864509:9:14,,,live
2026,401864509,2026:401864509:10:10,Nevada,10,regulation,7,eligible_regulation_offense,offense,2026:401864509:10:10,,,live
2026,401864509,2026:401864509:13:8,Air Force,13,regulation,7,eligible_regulation_offense,offense,2026:401864509:13:8,,,live
2026,401864509,2026:401864509:15:5,Air Force,15,regulation,7,eligible_regulation_offense,offense,2026:401864509:15:5,,,live
2026,401864509,2026:401864509:16:7,Nevada,16,regulation,3,eligible_regulation_offense,offense,2026:401864509:16:7,,,live
2026,401864509,2026:401864509:18:4,Nevada,18,regulation,7,eligible_regulation_offense,offense,2026:401864509:18:4,,,live
2026,401864509,2026:401864509:21:6,Air Force,21,overtime,3,overtime,offense,2026:401864509:21:6,,,live
2026,401864509,2026:401864509:22:5,Nevada,22,overtime,3,overtime,offense,2026:401864509:22:5,,,live
2026,401864509,2026:401864509:23:5,Nevada,23,overtime,3,overtime,offense,2026:401864509:23:5,,,live
2026,401864509,2026:401864509:24:6,Air Force,24,overtime,6,overtime,offense,2026:401864509:24:6,,,live
2026,401864510,2026:401864510:1:13,Wyoming,1,regulation,3,eligible_regulation_offense,offense,2026:401864510:1:13,,,live
2026,401864510,2026:401864510:2:15,Hawai_i,2,regulation,3,eligible_regulation_offense,offense,2026:401864510:2:15,,,live
2026,401864510,2026:401864510:5:13,Wyoming,5,regulation,3,eligible_regulation_offense,offense,2026:401864510:5:13,,,live
2026,401864510,2026:401864510:7:3,Wyoming,7,regulation,0,regulation_non_offense,non_offense,2026:401864510:7:3,,score_regression_rollback,live
2026,401864510,2026:401864510:7:8,Wyoming,7,regulation,7,eligible_regulation_offense,offense,2026:401864510:7:8,,,live
2026,401864510,2026:401864510:11:14,Wyoming,11,regulation,7,eligible_regulation_offense,offense,2026:401864510:11:14,,,live
2026,401864510,2026:401864510:12:8,Hawai_i,12,regulation,6,eligible_regulation_offense,offense,2026:401864510:12:8,,,live
2026,401864510,2026:401864510:13:1,Hawai_i,13,regulation,1,regulation_non_offense,non_offense,2026:401864510:13:1,,,live
2026,401864510,2026:401864510:15:10,Wyoming,15,regulation,7,eligible_regulation_offense,offense,2026:401864510:15:10,,,live
2026,401864511,2026:401864511:1:4,Georgia State,1,regulation,7,eligible_regulation_offense,offense,2026:401864511:1:4,,,live
2026,401864511,2026:401864511:4:11,Northern Illinois,4,regulation,7,eligible_regulation_offense,offense,2026:401864511:4:11,,,live
2026,401864511,2026:401864511:5:10,Georgia State,5,regulation,7,eligible_regulation_offense,offense,2026:401864511:5:10,,,live
2026,401864511,2026:401864511:6:5,Northern Illinois,6,regulation,7,eligible_regulation_offense,offense,2026:401864511:6:5,,,live
2026,401864511,2026:401864511:7:1,Georgia State,7,regulation,7,regulation_non_offense,non_offense,2026:401864511:7:1,,,live
2026,401864511,2026:401864511:16:10,Georgia State,16,regulation,7,eligible_regulation_offense,offense,2026:401864511:16:10,,,live
2026,401864511,2026:401864511:18:5,Georgia State,18,regulation,7,eligible_regulation_offense,offense,2026:401864511:18:5,,,live
2026,401864512,2026:401864512:1:9,Akron,1,regulation,7,eligible_regulation_offense,offense,2026:401864512:1:9,,,live
2026,401864512,2026:401864512:2:8,UNLV,2,regulation,7,eligible_regulation_offense,offense,2026:401864512:2:8,,,live
2026,401864512,2026:401864512:6:11,UNLV,6,regulation,7,eligible_regulation_offense,offense,2026:401864512:6:11,,,live
2026,401864512,2026:401864512:7:14,Akron,7,regulation,3,eligible_regulation_offense,offense,2026:401864512:7:14,,,live
2026,401864512,2026:401864512:10:6,UNLV,10,regulation,6,eligible_regulation_offense,offense,2026:401864512:10:6,,,live
2026,401864512,2026:401864512:12:1,UNLV,12,regulation,1,eligible_regulation_offense,offense,2026:401864512:12:1,,,live
2026,401864512,2026:401864512:12:13,UNLV,12,regulation,3,eligible_regulation_offense,offense,2026:401864512:12:13,,,live
2026,401864512,2026:401864512:14:2,UNLV,14,regulation,7,eligible_regulation_offense,offense,2026:401864512:14:2,,,live
2026,401864512,2026:401864512:19:3,UNLV,19,regulation,7,regulation_non_offense,non_offense,2026:401864512:19:3,,,live
2026,401864570,2026:401864570:2:11,Florida State,2,regulation,3,eligible_regulation_offense,offense,2026:401864570:2:11,,,live
2026,401864570,2026:401864570:4:8,Florida State,4,regulation,7,eligible_regulation_offense,offense,2026:401864570:4:8,,,live
2026,401864570,2026:401864570:5:10,New Mexico State,5,regulation,7,eligible_regulation_offense,offense,2026:401864570:5:10,,,live
2026,401864570,2026:401864570:10:10,Florida State,10,regulation,7,eligible_regulation_offense,offense,2026:401864570:10:10,,,live
2026,401864570,2026:401864570:13:12,New Mexico State,13,regulation,3,eligible_regulation_offense,offense,2026:401864570:13:12,,,live
2026,401864570,2026:401864570:14:13,Florida State,14,regulation,7,eligible_regulation_offense,offense,2026:401864570:14:13,,,live
2026,401864570,2026:401864570:16:8,Florida State,16,regulation,3,eligible_regulation_offense,offense,2026:401864570:16:8,,,live
2026,401864570,2026:401864570:17:9,New Mexico State,17,regulation,7,eligible_regulation_offense,offense,2026:401864570:17:9,,,live
2026,401864570,2026:401864570:18:1,Florida State,18,regulation,0,regulation_non_offense,non_offense,2026:401864570:18:1,,score_regression_rollback,live
2026,401864570,2026:401864570:18:11,Florida State,18,regulation,7,eligible_regulation_offense,offense,2026:401864570:18:11,,,live
2026,401864571,2026:401864571:3:8,East Carolina,3,regulation,7,eligible_regulation_offense,offense,2026:401864571:3:8,,,live
2026,401864571,2026:401864571:4:10,Appalachian State,4,regulation,3,eligible_regulation_offense,offense,2026:401864571:4:10,,,live
2026,401864571,2026:401864571:6:9,Appalachian State,6,regulation,7,eligible_regulation_offense,offense,2026:401864571:6:9,,,live
2026,401864571,2026:401864571:8:8,Appalachian State,8,regulation,7,eligible_regulation_offense,offense,2026:401864571:8:8,,,live
2026,401864571,2026:401864571:11:10,East Carolina,11,regulation,3,eligible_regulation_offense,offense,2026:401864571:11:10,,,live
2026,401864571,2026:401864571:13:8,Appalachian State,13,regulation,7,eligible_regulation_offense,offense,2026:401864571:13:8,,,live
2026,401864571,2026:401864571:14:7,East Carolina,14,regulation,7,eligible_regulation_offense,offense,2026:401864571:14:7,,,live
2026,401864571,2026:401864571:15:10,Appalachian State,15,regulation,0,regulation_non_offense,non_offense,2026:401864571:15:10,,score_regression_rollback,live
2026,401864571,2026:401864571:17:4,Appalachian State,17,regulation,3,eligible_regulation_offense,offense,2026:401864571:17:4,,,live
2026,401864571,2026:401864571:26:10,East Carolina,26,regulation,7,eligible_regulation_offense,offense,2026:401864571:26:10,,,live
2026,401864572,2026:401864572:1:12,NC State,1,regulation,7,eligible_regulation_offense,offense,2026:401864572:1:12,,,live
2026,401864572,2026:401864572:5:7,NC State,5,regulation,7,eligible_regulation_offense,offense,2026:401864572:5:7,,,live
2026,401864572,2026:401864572:7:9,NC State,7,regulation,7,eligible_regulation_offense,offense,2026:401864572:7:9,,,live
2026,401864572,2026:401864572:8:6,Appalachian State,8,regulation,7,eligible_regulation_offense,offense,2026:401864572:8:6,,,live
2026,401864572,2026:401864572:11:10,NC State,11,regulation,6,eligible_regulation_offense,offense,2026:401864572:11:10,,,live
2026,401864572,2026:401864572:12:1,NC State,12,regulation,1,regulation_non_offense,non_offense,2026:401864572:12:1,,,live
2026,401864572,2026:401864572:12:10,Appalachian State,12,regulation,3,eligible_regulation_offense,offense,2026:401864572:12:10,,,live
2026,401864572,2026:401864572:13:9,Appalachian State,13,regulation,7,eligible_regulation_offense,offense,2026:401864572:13:9,,,live
2026,401864572,2026:401864572:14:16,NC State,14,regulation,3,eligible_regulation_offense,offense,2026:401864572:14:16,,,live
2026,401864572,2026:401864572:19:5,Appalachian State,19,regulation,7,eligible_regulation_offense,offense,2026:401864572:19:5,,,live
2026,401864572,2026:401864572:20:6,Appalachian State,20,regulation,7,eligible_regulation_offense,offense,2026:401864572:20:6,,,live
2026,401864572,2026:401864572:21:10,NC State,21,regulation,7,eligible_regulation_offense,offense,2026:401864572:21:10,,,live
2026,401864572,2026:401864572:23:12,NC State,23,regulation,3,eligible_regulation_offense,offense,2026:401864572:23:12,,,live
2026,401864574,2026:401864574:3:6,Appalachian State,3,regulation,3,eligible_regulation_offense,offense,2026:401864574:3:6,,,live
2026,401864574,2026:401864574:9:17,Appalachian State,9,regulation,7,eligible_regulation_offense,offense,2026:401864574:9:17,,,live
2026,401864574,2026:401864574:12:9,Charlotte,12,regulation,7,eligible_regulation_offense,offense,2026:401864574:12:9,,,live
2026,401864574,2026:401864574:13:7,Appalachian State,13,regulation,3,eligible_regulation_offense,offense,2026:401864574:13:7,,,live
2026,401864574,2026:401864574:16:5,Appalachian State,16,regulation,6,eligible_regulation_offense,offense,2026:401864574:16:5,,,live
2026,401864574,2026:401864574:18:13,Appalachian State,18,regulation,7,eligible_regulation_offense,offense,2026:401864574:18:13,,,live
2026,401864574,2026:401864574:19:13,Charlotte,19,regulation,8,eligible_regulation_offense,offense,2026:401864574:19:13,,,live
2026,401864574,2026:401864574:22:5,Charlotte,22,regulation,6,regulation_non_offense,non_offense,2026:401864574:22:5,,,live
2026,401864575,2026:401864575:2:5,South Alabama,2,regulation,0,eligible_regulation_offense,offense,2026:401864575:2:5,,score_regression_rollback,live
2026,401864575,2026:401864575:2:12,South Alabama,2,regulation,3,eligible_regulation_offense,offense,2026:401864575:2:12,,,live
2026,401864575,2026:401864575:4:6,South Alabama,4,regulation,7,eligible_regulation_offense,offense,2026:401864575:4:6,,,live
2026,401864575,2026:401864575:5:6,Tulane,5,regulation,7,eligible_regulation_offense,offense,2026:401864575:5:6,,,live
2026,401864575,2026:401864575:9:8,Tulane,9,regulation,7,eligible_regulation_offense,offense,2026:401864575:9:8,,,live
2026,401864575,2026:401864575:11:6,South Alabama,11,regulation,7,eligible_regulation_offense,offense,2026:401864575:11:6,,,live
2026,401864575,2026:401864575:14:2,Tulane,14,regulation,7,eligible_regulation_offense,offense,2026:401864575:14:2,,,live
2026,401864575,2026:401864575:15:15,South Alabama,15,regulation,7,eligible_regulation_offense,offense,2026:401864575:15:15,,,live
2026,401864575,2026:401864575:18:8,Tulane,18,regulation,7,eligible_regulation_offense,offense,2026:401864575:18:8,,,live
2026,401864576,2026:401864576:6:10,Kentucky,6,regulation,7,eligible_regulation_offense,offense,2026:401864576:6:10,,,live
2026,401864576,2026:401864576:8:3,South Alabama,8,regulation,7,eligible_regulation_offense,offense,2026:401864576:8:3,,,live
2026,401864576,2026:401864576:10:3,South Alabama,10,regulation,7,eligible_regulation_offense,offense,2026:401864576:10:3,,,live
2026,401864576,2026:401864576:11:12,Kentucky,11,regulation,7,eligible_regulation_offense,offense,2026:401864576:11:12,,,live
2026,401864576,2026:401864576:12:16,South Alabama,12,regulation,7,eligible_regulation_offense,offense,2026:401864576:12:16,,,live
2026,401864576,2026:401864576:13:2,Kentucky,13,regulation,7,eligible_regulation_offense,offense,2026:401864576:13:2,,,live
2026,401864576,2026:401864576:15:6,Kentucky,15,regulation,3,eligible_regulation_offense,offense,2026:401864576:15:6,,,live
2026,401864576,2026:401864576:17:5,Kentucky,17,regulation,7,eligible_regulation_offense,offense,2026:401864576:17:5,,,live
2026,401864576,2026:401864576:21:7,Kentucky,21,regulation,7,eligible_regulation_offense,offense,2026:401864576:21:7,,,live
2026,401864576,2026:401864576:23:3,Kentucky,23,regulation,7,eligible_regulation_offense,offense,2026:401864576:23:3,,,live
2026,401864577,2026:401864577:1:10,North Dakota State,1,regulation,7,eligible_regulation_offense,offense,2026:401864577:1:10,,,live
2026,401864577,2026:401864577:4:7,Jacksonville State,4,regulation,7,eligible_regulation_offense,offense,2026:401864577:4:7,,,live
2026,401864577,2026:401864577:5:18,North Dakota State,5,regulation,3,eligible_regulation_offense,offense,2026:401864577:5:18,,,live
2026,401864577,2026:401864577:11:9,North Dakota State,11,regulation,7,eligible_regulation_offense,offense,2026:401864577:11:9,,,live
2026,401864577,2026:401864577:14:9,North Dakota State,14,regulation,3,eligible_regulation_offense,offense,2026:401864577:14:9,,,live
2026,401864577,2026:401864577:15:3,North Dakota State,15,regulation,7,regulation_non_offense,non_offense,2026:401864577:15:3,,,live
2026,401864577,2026:401864577:17:16,North Dakota State,17,regulation,3,eligible_regulation_offense,offense,2026:401864577:17:16,,,live
2026,401864577,2026:401864577:19:13,North Dakota State,19,regulation,3,eligible_regulation_offense,offense,2026:401864577:19:13,,,live
2026,401864578,2026:401864578:2:8,Hawai_i,2,regulation,6,eligible_regulation_offense,offense,2026:401864578:2:8,,,live
2026,401864578,2026:401864578:4:7,Hawai_i,4,regulation,3,eligible_regulation_offense,offense,2026:401864578:4:7,,,live
2026,401864578,2026:401864578:6:7,Hawai_i,6,regulation,7,eligible_regulation_offense,offense,2026:401864578:6:7,,,live
2026,401864578,2026:401864578:7:10,New Mexico State,7,regulation,6,eligible_regulation_offense,offense,2026:401864578:7:10,,,live
2026,401864578,2026:401864578:11:11,New Mexico State,11,regulation,7,eligible_regulation_offense,offense,2026:401864578:11:11,,,live
2026,401864578,2026:401864578:12:12,Hawai_i,12,regulation,3,eligible_regulation_offense,offense,2026:401864578:12:12,,,live
2026,401864578,2026:401864578:14:5,New Mexico State,14,regulation,6,regulation_non_offense,non_offense,2026:401864578:14:5,,,live
2026,401864578,2026:401864578:15:12,Hawai_i,15,regulation,3,eligible_regulation_offense,offense,2026:401864578:15:12,,,live
2026,401864578,2026:401864578:21:13,Hawai_i,21,regulation,7,eligible_regulation_offense,offense,2026:401864578:21:13,,,live
2026,401864579,2026:401864579:1:9,New Mexico,1,regulation,6,eligible_regulation_offense,offense,2026:401864579:1:9,,,live
2026,401864579,2026:401864579:2:1,New Mexico,2,regulation,1,regulation_non_offense,non_offense,2026:401864579:2:1,,,live
2026,401864579,2026:401864579:5:4,New Mexico,5,regulation,6,eligible_regulation_offense,offense,2026:401864579:5:4,,,live
2026,401864579,2026:401864579:5:4,New Mexico State,5,regulation,0,regulation_non_offense,non_offense,2026:401864579:5:4,,score_regression_rollback,live
2026,401864579,2026:401864579:6:1,New Mexico,6,regulation,1,regulation_non_offense,non_offense,2026:401864579:6:1,,,live
2026,401864579,2026:401864579:6:19,New Mexico State,6,regulation,3,eligible_regulation_offense,offense,2026:401864579:6:19,,,live
2026,401864579,2026:401864579:12:10,New Mexico,12,regulation,1,eligible_regulation_offense,offense,2026:401864579:12:10,,,live
2026,401864579,2026:401864579:14:3,New Mexico,14,regulation,7,eligible_regulation_offense,offense,2026:401864579:14:3,,,live
2026,401864579,2026:401864579:16:1,New Mexico,16,regulation,6,eligible_regulation_offense,offense,2026:401864579:16:1,,,live
2026,401864579,2026:401864579:16:2,New Mexico,16,regulation,1,eligible_regulation_offense,offense,2026:401864579:16:2,,,live
2026,401864579,2026:401864579:17:8,New Mexico,17,regulation,6,regulation_non_offense,non_offense,2026:401864579:17:8,,,live
2026,401864579,2026:401864579:17:14,New Mexico State,17,regulation,2,eligible_regulation_offense,offense,2026:401864579:17:14,,,live
2026,401864579,2026:401864579:20:8,New Mexico,20,regulation,6,excluded_regulation_offense,offense,2026:401864579:20:8,,,live
2026,401864579,2026:401864579:21:1,New Mexico,21,regulation,1,regulation_non_offense,non_offense,2026:401864579:21:1,,,live
2026,401864579,2026:401864579:21:5,New Mexico State,21,regulation,0,excluded_regulation_offense,offense,2026:401864579:21:5,,score_regression_rollback,live
2026,401864579,2026:401864579:21:10,New Mexico State,21,regulation,1,excluded_regulation_offense,offense,2026:401864579:21:10,,,live
2026,401866408,2026:401866408:9:11,Eastern Michigan,9,regulation,7,eligible_regulation_offense,offense,2026:401866408:9:11,,,live
2026,401866408,2026:401866408:12:7,Sacramento State,12,regulation,3,eligible_regulation_offense,offense,2026:401866408:12:7,,,live
2026,401866408,2026:401866408:13:5,Eastern Michigan,13,regulation,7,eligible_regulation_offense,offense,2026:401866408:13:5,,,live
2026,401866408,2026:401866408:15:3,Eastern Michigan,15,regulation,7,eligible_regulation_offense,offense,2026:401866408:15:3,,,live
2026,401866408,2026:401866408:17:7,Sacramento State,17,regulation,7,regulation_non_offense,non_offense,2026:401866408:17:7,,,live
2026,401866408,2026:401866408:23:10,Eastern Michigan,23,regulation,7,eligible_regulation_offense,offense,2026:401866408:23:10,,,live
2026,401866408,2026:401866408:24:9,Sacramento State,24,regulation,0,eligible_regulation_offense,offense,2026:401866408:24:9,,score_regression_rollback,live
2026,401866408,2026:401866408:24:14,Sacramento State,24,regulation,7,eligible_regulation_offense,offense,2026:401866408:24:14,,,live
2026,401866414,2026:401866414:2:7,Florida International,2,regulation,7,eligible_regulation_offense,offense,2026:401866414:2:7,,,live
2026,401866414,2026:401866414:3:13,Buffalo,3,regulation,3,eligible_regulation_offense,offense,2026:401866414:3:13,,,live
2026,401866414,2026:401866414:4:5,Florida International,4,regulation,7,eligible_regulation_offense,offense,2026:401866414:4:5,,,live
2026,401866414,2026:401866414:10:9,Florida International,10,regulation,7,eligible_regulation_offense,offense,2026:401866414:10:9,,,live
2026,401866414,2026:401866414:11:12,Buffalo,11,regulation,3,eligible_regulation_offense,offense,2026:401866414:11:12,,,live
2026,401866414,2026:401866414:16:7,Buffalo,16,regulation,8,eligible_regulation_offense,offense,2026:401866414:16:7,,,live
2026,401866414,2026:401866414:17:4,Florida International,17,regulation,6,eligible_regulation_offense,offense,2026:401866414:17:4,,,live
2026,401866414,2026:401866414:19:9,Florida International,19,regulation,3,eligible_regulation_offense,offense,2026:401866414:19:9,,,live
2026,401866414,2026:401866414:23:7,Florida International,23,regulation,3,eligible_regulation_offense,offense,2026:401866414:23:7,,,live
2026,401866414,2026:401866414:24:10,Buffalo,24,regulation,6,eligible_regulation_offense,offense,2026:401866414:24:10,,,live
2026,401866418,2026:401866418:2:15,Jacksonville State,2,regulation,7,eligible_regulation_offense,offense,2026:401866418:2:15,,,live
2026,401866418,2026:401866418:6:1,Jacksonville State,6,regulation,7,eligible_regulation_offense,offense,2026:401866418:6:1,,,live
2026,401866418,2026:401866418:7:14,Ohio,7,regulation,7,eligible_regulation_offense,offense,2026:401866418:7:14,,,live
2026,401866418,2026:401866418:8:21,Jacksonville State,8,regulation,3,eligible_regulation_offense,offense,2026:401866418:8:21,,,live
2026,401866418,2026:401866418:9:1,Ohio,9,regulation,7,regulation_non_offense,non_offense,2026:401866418:9:1,,,live
2026,401866418,2026:401866418:12:15,Jacksonville State,12,regulation,7,eligible_regulation_offense,offense,2026:401866418:12:15,,,live
2026,401866418,2026:401866418:13:15,Ohio,13,regulation,3,eligible_regulation_offense,offense,2026:401866418:13:15,,,live
2026,401866418,2026:401866418:15:21,Ohio,15,regulation,7,eligible_regulation_offense,offense,2026:401866418:15:21,,,live
2026,401866418,2026:401866418:19:4,Ohio,19,overtime,3,overtime,offense,2026:401866418:19:4,,,live
2026,401866418,2026:401866418:20:7,Jacksonville State,20,overtime,3,overtime,offense,2026:401866418:20:7,,,live
2026,401866418,2026:401866418:23:1,Ohio,23,overtime,2,overtime,offense,2026:401866418:23:1,,,live
2026,401866422,2026:401866422:2:7,Liberty,2,regulation,6,eligible_regulation_offense,offense,2026:401866422:2:7,,,live
2026,401866422,2026:401866422:3:10,Ball State,3,regulation,7,eligible_regulation_offense,offense,2026:401866422:3:10,,,live
2026,401866422,2026:401866422:4:5,Liberty,4,regulation,7,eligible_regulation_offense,offense,2026:401866422:4:5,,,live
2026,401866422,2026:401866422:6:16,Liberty,6,regulation,3,eligible_regulation_offense,offense,2026:401866422:6:16,,,live
2026,401866422,2026:401866422:10:8,Liberty,10,regulation,7,eligible_regulation_offense,offense,2026:401866422:10:8,,,live
2026,401866422,2026:401866422:12:9,Liberty,12,regulation,7,eligible_regulation_offense,offense,2026:401866422:12:9,,,live
2026,401866422,2026:401866422:14:6,Liberty,14,regulation,7,eligible_regulation_offense,offense,2026:401866422:14:6,,,live
2026,401866422,2026:401866422:15:9,Ball State,15,regulation,8,eligible_regulation_offense,offense,2026:401866422:15:9,,,live
2026,401866422,2026:401866422:18:11,Liberty,18,regulation,7,eligible_regulation_offense,offense,2026:401866422:18:11,,,live
2026,401866422,2026:401866422:20:4,Liberty,20,regulation,7,excluded_regulation_offense,offense,2026:401866422:20:4,,,live
2026,401866423,2026:401866423:1:9,South Alabama,1,regulation,7,eligible_regulation_offense,offense,2026:401866423:1:9,,,live
2026,401866423,2026:401866423:2:17,Ohio,2,regulation,7,eligible_regulation_offense,offense,2026:401866423:2:17,,,live
2026,401866423,2026:401866423:3:8,South Alabama,3,regulation,7,eligible_regulation_offense,offense,2026:401866423:3:8,,,live
2026,401866423,2026:401866423:4:6,South Alabama,4,regulation,0,regulation_non_offense,non_offense,2026:401866423:4:6,,score_regression_rollback,live
2026,401866423,2026:401866423:5:2,South Alabama,5,regulation,7,eligible_regulation_offense,offense,2026:401866423:5:2,,,live
2026,401866423,2026:401866423:7:19,South Alabama,7,regulation,3,eligible_regulation_offense,offense,2026:401866423:7:19,,,live
2026,401866423,2026:401866423:9:3,Ohio,9,regulation,7,eligible_regulation_offense,offense,2026:401866423:9:3,,,live
2026,401866423,2026:401866423:11:2,Ohio,11,regulation,7,eligible_regulation_offense,offense,2026:401866423:11:2,,,live
2026,401866423,2026:401866423:12:11,South Alabama,12,regulation,7,eligible_regulation_offense,offense,2026:401866423:12:11,,,live
2026,401866423,2026:401866423:16:16,South Alabama,16,regulation,7,eligible_regulation_offense,offense,2026:401866423:16:16,,,live
2026,401866423,2026:401866423:17:12,Ohio,17,regulation,8,eligible_regulation_offense,offense,2026:401866423:17:12,,,live
2026,401866423,2026:401866423:20:5,South Alabama,20,regulation,3,eligible_regulation_offense,offense,2026:401866423:20:5,,,live
2026,401866423,2026:401866423:21:7,Ohio,21,regulation,7,eligible_regulation_offense,offense,2026:401866423:21:7,,,live
2026,401866425,2026:401866425:3:11,Kent State,3,regulation,7,eligible_regulation_offense,offense,2026:401866425:3:11,,,live
2026,401866425,2026:401866425:4:15,Kent State,4,regulation,0,unresolved,unknown,,,impossible_score_increment,live
2026,401866425,2026:401866425:10:6,Ball State,10,regulation,7,eligible_regulation_offense,offense,2026:401866425:10:6,,,live
2026,401866425,2026:401866425:14:1,Ball State,14,regulation,0,regulation_non_offense,non_offense,2026:401866425:14:1,,score_regression_rollback,live
2026,401866425,2026:401866425:16:9,Ball State,16,regulation,6,eligible_regulation_offense,offense,2026:401866425:16:9,,,live
2026,401866429,2026:401866429:1:7,UMass,1,regulation,7,eligible_regulation_offense,offense,2026:401866429:1:7,,,live
2026,401866429,2026:401866429:4:19,Sacramento State,4,regulation,3,eligible_regulation_offense,offense,2026:401866429:4:19,,,live
2026,401866429,2026:401866429:5:10,UMass,5,regulation,7,eligible_regulation_offense,offense,2026:401866429:5:10,,,live
2026,401866429,2026:401866429:8:4,Sacramento State,8,regulation,3,eligible_regulation_offense,offense,2026:401866429:8:4,,,live
2026,401866429,2026:401866429:9:9,UMass,9,regulation,7,eligible_regulation_offense,offense,2026:401866429:9:9,,,live
2026,401866429,2026:401866429:12:4,UMass,12,regulation,7,regulation_non_offense,non_offense,2026:401866429:12:4,,,live
2026,401866429,2026:401866429:15:10,UMass,15,regulation,7,eligible_regulation_offense,offense,2026:401866429:15:10,,,live
2026,401867796,2026:401867796:3:11,LSU,3,regulation,3,eligible_regulation_offense,offense,2026:401867796:3:11,,,live
2026,401867796,2026:401867796:5:3,LSU,5,regulation,7,eligible_regulation_offense,offense,2026:401867796:5:3,,,live
2026,401867796,2026:401867796:10:3,Louisiana Tech,10,regulation,0,eligible_regulation_offense,offense,2026:401867796:10:3,,score_regression_rollback,live
2026,401867796,2026:401867796:13:21,Louisiana Tech,13,regulation,7,regulation_non_offense,non_offense,2026:401867796:13:21,,,live
2026,401867796,2026:401867796:17:6,LSU,17,regulation,3,eligible_regulation_offense,offense,2026:401867796:17:6,,,live
2026,401867796,2026:401867796:19:7,LSU,19,regulation,8,eligible_regulation_offense,offense,2026:401867796:19:7,,,live
2026,401867796,2026:401867796:21:5,LSU,21,regulation,3,eligible_regulation_offense,offense,2026:401867796:21:5,,,live
2026,401867796,2026:401867796:23:7,LSU,23,regulation,7,eligible_regulation_offense,offense,2026:401867796:23:7,,,live
2026,401867796,2026:401867796:25:7,LSU,25,regulation,7,eligible_regulation_offense,offense,2026:401867796:25:7,,,live
2026,401867796,2026:401867796:26:4,Louisiana Tech,26,regulation,7,eligible_regulation_offense,offense,2026:401867796:26:4,,,live
2026,401867796,2026:401867796:29:8,LSU,29,regulation,7,eligible_regulation_offense,offense,2026:401867796:29:8,,,live
2026,401867804,2026:401867804:1:14,Baylor,1,regulation,7,eligible_regulation_offense,offense,2026:401867804:1:14,,,live
2026,401867804,2026:401867804:2:16,Louisiana Tech,2,regulation,7,eligible_regulation_offense,offense,2026:401867804:2:16,,,live
2026,401867804,2026:401867804:3:17,Baylor,3,regulation,7,eligible_regulation_offense,offense,2026:401867804:3:17,,,live
2026,401867804,2026:401867804:5:1,Baylor,5,regulation,6,eligible_regulation_offense,offense,2026:401867804:5:1,,,live
2026,401867804,2026:401867804:13:3,Baylor,13,regulation,6,eligible_regulation_offense,offense,2026:401867804:13:3,,,live
2026,401867804,2026:401867804:17:5,Baylor,17,regulation,3,eligible_regulation_offense,offense,2026:401867804:17:5,,,live
2026,401867804,2026:401867804:20:7,Louisiana Tech,20,regulation,6,eligible_regulation_offense,offense,2026:401867804:20:7,,,live
2026,401867804,2026:401867804:22:5,Louisiana Tech,22,regulation,6,eligible_regulation_offense,offense,2026:401867804:22:5,,,live
2026,401867804,2026:401867804:23:8,Baylor,23,regulation,7,eligible_regulation_offense,offense,2026:401867804:23:8,,,live
2026,401869931,2026:401869931:8:5,Arkansas State,8,regulation,7,eligible_regulation_offense,offense,2026:401869931:8:5,,,live
2026,401869931,2026:401869931:9:1,Kennesaw State,9,regulation,0,regulation_non_offense,non_offense,2026:401869931:9:1,,score_regression_rollback,live
2026,401869931,2026:401869931:9:11,Kennesaw State,9,regulation,7,eligible_regulation_offense,offense,2026:401869931:9:11,,,live
2026,401869931,2026:401869931:13:15,Kennesaw State,13,regulation,7,eligible_regulation_offense,offense,2026:401869931:13:15,,,live
2026,401869931,2026:401869931:14:10,Arkansas State,14,regulation,7,eligible_regulation_offense,offense,2026:401869931:14:10,,,live
2026,401869931,2026:401869931:16:8,Arkansas State,16,regulation,3,eligible_regulation_offense,offense,2026:401869931:16:8,,,live
2026,401869940,2026:401869940:2:5,Coastal Carolina,2,regulation,7,eligible_regulation_offense,offense,2026:401869940:2:5,,,live
2026,401869940,2026:401869940:7:5,Delaware,7,regulation,7,eligible_regulation_offense,offense,2026:401869940:7:5,,,live
2026,401869940,2026:401869940:8:11,Coastal Carolina,8,regulation,7,eligible_regulation_offense,offense,2026:401869940:8:11,,,live
2026,401869940,2026:401869940:11:8,Delaware,11,regulation,8,eligible_regulation_offense,offense,2026:401869940:11:8,,,live
2026,401869940,2026:401869940:19:1,Delaware,19,regulation,7,eligible_regulation_offense,offense,2026:401869940:19:1,,,live
2026,401869941,2026:401869941:2:8,Liberty,2,regulation,3,eligible_regulation_offense,offense,2026:401869941:2:8,,,live
2026,401869941,2026:401869941:3:16,Coastal Carolina,3,regulation,3,eligible_regulation_offense,offense,2026:401869941:3:16,,,live
2026,401869941,2026:401869941:4:8,Liberty,4,regulation,7,eligible_regulation_offense,offense,2026:401869941:4:8,,,live
2026,401869941,2026:401869941:7:10,Coastal Carolina,7,regulation,7,eligible_regulation_offense,offense,2026:401869941:7:10,,,live
2026,401869941,2026:401869941:9:9,Coastal Carolina,9,regulation,7,eligible_regulation_offense,offense,2026:401869941:9:9,,,live
2026,401869941,2026:401869941:11:5,Liberty,11,regulation,7,eligible_regulation_offense,offense,2026:401869941:11:5,,,live
2026,401869941,2026:401869941:13:11,Liberty,13,regulation,3,eligible_regulation_offense,offense,2026:401869941:13:11,,,live
2026,401869941,2026:401869941:15:12,Liberty,15,regulation,7,eligible_regulation_offense,offense,2026:401869941:15:12,,,live
2026,401869941,2026:401869941:21:3,Liberty,21,regulation,7,eligible_regulation_offense,offense,2026:401869941:21:3,,,live
2026,401869948,2026:401869948:1:16,Georgia Southern,1,regulation,3,eligible_regulation_offense,offense,2026:401869948:1:16,,,live
2026,401869948,2026:401869948:5:7,Georgia Southern,5,regulation,7,eligible_regulation_offense,offense,2026:401869948:5:7,,,live
2026,401869948,2026:401869948:7:6,Georgia Southern,7,regulation,7,eligible_regulation_offense,offense,2026:401869948:7:6,,,live
2026,401869948,2026:401869948:8:7,Jacksonville State,8,regulation,7,eligible_regulation_offense,offense,2026:401869948:8:7,,,live
2026,401869948,2026:401869948:10:7,Jacksonville State,10,regulation,3,eligible_regulation_offense,offense,2026:401869948:10:7,,,live
2026,401869948,2026:401869948:11:10,Georgia Southern,11,regulation,7,eligible_regulation_offense,offense,2026:401869948:11:10,,,live
2026,401869948,2026:401869948:13:15,Jacksonville State,13,regulation,7,eligible_regulation_offense,offense,2026:401869948:13:15,,,live
2026,401869948,2026:401869948:14:11,Georgia Southern,14,regulation,3,eligible_regulation_offense,offense,2026:401869948:14:11,,,live
2026,401869948,2026:401869948:17:5,Jacksonville State,17,regulation,7,eligible_regulation_offense,offense,2026:401869948:17:5,,,live
2026,401869948,2026:401869948:18:7,Jacksonville State,18,regulation,7,regulation_non_offense,non_offense,2026:401869948:18:7,,,live
2026,401869955,2026:401869955:1:14,Georgia State,1,regulation,3,eligible_regulation_offense,offense,2026:401869955:1:14,,,live
2026,401869955,2026:401869955:2:7,Kennesaw State,2,regulation,3,eligible_regulation_offense,offense,2026:401869955:2:7,,,live
2026,401869955,2026:401869955:3:13,Georgia State,3,regulation,3,eligible_regulation_offense,offense,2026:401869955:3:13,,,live
2026,401869955,2026:401869955:5:6,Georgia State,5,regulation,8,eligible_regulation_offense,offense,2026:401869955:5:6,,,live
2026,401869955,2026:401869955:9:10,Georgia State,9,regulation,7,eligible_regulation_offense,offense,2026:401869955:9:10,,,live
2026,401869955,2026:401869955:12:10,Georgia State,12,regulation,7,eligible_regulation_offense,offense,2026:401869955:12:10,,,live
2026,401869955,2026:401869955:15:4,Kennesaw State,15,regulation,8,eligible_regulation_offense,offense,2026:401869955:15:4,,,live
2026,401869955,2026:401869955:16:16,Georgia State,16,regulation,3,eligible_regulation_offense,offense,2026:401869955:16:16,,,live
2026,401869955,2026:401869955:21:11,Kennesaw State,21,regulation,6,eligible_regulation_offense,offense,2026:401869955:21:11,,,live
2026,401869960,2026:401869960:1:10,James Madison,1,regulation,0,excluded_regulation_offense,offense,2026:401869960:1:10,,score_regression_rollback,live
2026,401869960,2026:401869960:2:14,James Madison,2,regulation,7,eligible_regulation_offense,offense,2026:401869960:2:14,,,live
2026,401869960,2026:401869960:3:20,Liberty,3,regulation,3,eligible_regulation_offense,offense,2026:401869960:3:20,,,live
2026,401869960,2026:401869960:4:8,James Madison,4,regulation,3,eligible_regulation_offense,offense,2026:401869960:4:8,,,live
2026,401869960,2026:401869960:6:7,James Madison,6,regulation,7,eligible_regulation_offense,offense,2026:401869960:6:7,,,live
2026,401869960,2026:401869960:7:12,Liberty,7,regulation,3,eligible_regulation_offense,offense,2026:401869960:7:12,,,live
2026,401869960,2026:401869960:8:1,Liberty,8,regulation,0,regulation_non_offense,non_offense,2026:401869960:8:1,,score_regression_rollback,live
2026,401869960,2026:401869960:8:12,James Madison,8,regulation,3,eligible_regulation_offense,offense,2026:401869960:8:12,,,live
2026,401869960,2026:401869960:9:1,Liberty,9,regulation,0,regulation_non_offense,non_offense,2026:401869960:9:1,,score_regression_rollback,live
2026,401869960,2026:401869960:15:1,Liberty,15,regulation,3,eligible_regulation_offense,offense,2026:401869960:15:1,,,live
2026,401869960,2026:401869960:15:4,Liberty,15,regulation,4,eligible_regulation_offense,offense,2026:401869960:15:4,,,live
2026,401869961,2026:401869961:2:5,James Madison,2,regulation,0,unresolved,unknown,,,impossible_score_increment,live
2026,401869961,2026:401869961:5:5,Old Dominion,5,regulation,7,eligible_regulation_offense,offense,2026:401869961:5:5,,,live
2026,401869961,2026:401869961:15:7,Old Dominion,15,regulation,7,eligible_regulation_offense,offense,2026:401869961:15:7,,,live
2026,401869961,2026:401869961:19:10,Old Dominion,19,regulation,3,eligible_regulation_offense,offense,2026:401869961:19:10,,,live
2026,401869961,2026:401869961:26:13,Old Dominion,26,regulation,3,eligible_regulation_offense,offense,2026:401869961:26:13,,,live
2026,401870763,2026:401870763:4:6,Sam Houston State,4,regulation,7,eligible_regulation_offense,offense,2026:401870763:4:6,,,live
2026,401870763,2026:401870763:5:10,Troy,5,regulation,7,eligible_regulation_offense,offense,2026:401870763:5:10,,,live
2026,401870763,2026:401870763:7:7,Troy,7,regulation,7,eligible_regulation_offense,offense,2026:401870763:7:7,,,live
2026,401870763,2026:401870763:8:7,Sam Houston State,8,regulation,7,eligible_regulation_offense,offense,2026:401870763:8:7,,,live
2026,401870763,2026:401870763:15:4,Troy,15,regulation,3,eligible_regulation_offense,offense,2026:401870763:15:4,,,live
2026,401870763,2026:401870763:21:10,Troy,21,regulation,7,eligible_regulation_offense,offense,2026:401870763:21:10,,,live
2026,401870763,2026:401870763:24:10,Sam Houston State,24,regulation,7,eligible_regulation_offense,offense,2026:401870763:24:10,,,live
2026,401871045,2026:401871045:3:4,Marshall,3,regulation,7,eligible_regulation_offense,offense,2026:401871045:3:4,,,live
2026,401871045,2026:401871045:5:1,Middle Tennessee,5,regulation,7,regulation_non_offense,non_offense,2026:401871045:5:1,,,live
2026,401871045,2026:401871045:7:13,Middle Tennessee,7,regulation,3,eligible_regulation_offense,offense,2026:401871045:7:13,,,live
2026,401871045,2026:401871045:8:14,Marshall,8,regulation,7,eligible_regulation_offense,offense,2026:401871045:8:14,,,live
2026,401871045,2026:401871045:9:11,Middle Tennessee,9,regulation,3,eligible_regulation_offense,offense,2026:401871045:9:11,,,live
2026,401871045,2026:401871045:15:10,Middle Tennessee,15,regulation,7,eligible_regulation_offense,offense,2026:401871045:15:10,,,live
2026,401871045,2026:401871045:18:12,Marshall,18,regulation,7,eligible_regulation_offense,offense,2026:401871045:18:12,,,live
2026,401871045,2026:401871045:22:1,Marshall,22,regulation,7,eligible_regulation_offense,offense,2026:401871045:22:1,,,live
2026,401871045,2026:401871045:23:13,Middle Tennessee,23,regulation,6,eligible_regulation_offense,offense,2026:401871045:23:13,,,live
2026,401871047,2026:401871047:2:8,Marshall,2,regulation,7,eligible_regulation_offense,offense,2026:401871047:2:8,,,live
2026,401871047,2026:401871047:3:12,Missouri State,3,regulation,3,eligible_regulation_offense,offense,2026:401871047:3:12,,,live
2026,401871047,2026:401871047:4:10,Marshall,4,regulation,7,eligible_regulation_offense,offense,2026:401871047:4:10,,,live
2026,401871047,2026:401871047:5:7,Missouri State,5,regulation,7,eligible_regulation_offense,offense,2026:401871047:5:7,,,live
2026,401871047,2026:401871047:6:16,Marshall,6,regulation,3,eligible_regulation_offense,offense,2026:401871047:6:16,,,live
2026,401871047,2026:401871047:11:5,Marshall,11,regulation,7,eligible_regulation_offense,offense,2026:401871047:11:5,,,live
2026,401871047,2026:401871047:12:12,Missouri State,12,regulation,7,eligible_regulation_offense,offense,2026:401871047:12:12,,,live
2026,401871047,2026:401871047:13:12,Marshall,13,regulation,3,eligible_regulation_offense,offense,2026:401871047:13:12,,,live
2026,401871047,2026:401871047:14:10,Missouri State,14,regulation,7,eligible_regulation_offense,offense,2026:401871047:14:10,,,live
2026,401871047,2026:401871047:15:16,Marshall,15,regulation,3,eligible_regulation_offense,offense,2026:401871047:15:16,,,live
2026,401871048,2026:401871048:1:4,Jacksonville State,1,regulation,0,eligible_regulation_offense,offense,2026:401871048:1:4,,score_regression_rollback,live
2026,401871048,2026:401871048:3:12,Jacksonville State,3,regulation,3,eligible_regulation_offense,offense,2026:401871048:3:12,,,live
2026,401871048,2026:401871048:7:9,Jacksonville State,7,regulation,7,eligible_regulation_offense,offense,2026:401871048:7:9,,,live
2026,401871048,2026:401871048:8:18,Middle Tennessee,8,regulation,7,eligible_regulation_offense,offense,2026:401871048:8:18,,,live
2026,401871048,2026:401871048:10:10,Middle Tennessee,10,regulation,6,eligible_regulation_offense,offense,2026:401871048:10:10,,,live
2026,401871048,2026:401871048:11:12,Jacksonville State,11,regulation,3,eligible_regulation_offense,offense,2026:401871048:11:12,,,live
2026,401871048,2026:401871048:13:7,Jacksonville State,13,regulation,7,eligible_regulation_offense,offense,2026:401871048:13:7,,,live
2026,401871048,2026:401871048:15:14,Jacksonville State,15,regulation,3,eligible_regulation_offense,offense,2026:401871048:15:14,,,live
