week,game_id,team,opponent,unit_role,measurement_id,numerator,denominator,raw_value,coverage_status,missing_reason,quality_flags,rating_usable
1,401858436,Fresno State,USC,offense,non_offense_points,0.0,1.0,0.0,observed,,mixed_eligibility_drive,False
0,401856766,TCU,North Carolina,offense,eligible_possessions,10.0,1.0,10.0,observed,,mixed_eligibility_drive,False
0,401856766,TCU,North Carolina,defense,eligible_possessions,10.0,1.0,10.0,observed,,mixed_eligibility_drive,False
0,401856766,TCU,North Carolina,offense,offensive_possession_points,10.0,1.0,10.0,observed,,mixed_eligibility_drive,False
0,401856766,TCU,North Carolina,defense,offensive_possession_points,13.0,1.0,13.0,observed,,mixed_eligibility_drive,False
0,401856766,TCU,North Carolina,offense,ppp,10.0,10.0,1.0,observed,,mixed_eligibility_drive,True
0,401856766,TCU,North Carolina,defense,ppp,13.0,10.0,1.3,observed,,mixed_eligibility_drive,True
0,401856766,TCU,North Carolina,offense,non_offense_points,0.0,1.0,0.0,observed,,mixed_eligibility_drive,False
0,401856766,TCU,North Carolina,defense,non_offense_points,2.0,1.0,2.0,observed,,mixed_eligibility_drive,False
0,401856766,North Carolina,TCU,offense,eligible_possessions,10.0,1.0,10.0,observed,,mixed_eligibility_drive,False
0,401856766,North Carolina,TCU,defense,eligible_possessions,10.0,1.0,10.0,observed,,mixed_eligibility_drive,False
0,401856766,North Carolina,TCU,offense,offensive_possession_points,13.0,1.0,13.0,observed,,mixed_eligibility_drive,False
0,401856766,North Carolina,TCU,defense,offensive_possession_points,10.0,1.0,10.0,observed,,mixed_eligibility_drive,False
0,401856766,North Carolina,TCU,offense,ppp,13.0,10.0,1.3,observed,,mixed_eligibility_drive,True
0,401856766,North Carolina,TCU,defense,ppp,10.0,10.0,1.0,observed,,mixed_eligibility_drive,True
0,401856766,North Carolina,TCU,offense,non_offense_points,2.0,1.0,2.0,observed,,mixed_eligibility_drive,False
0,401856766,North Carolina,TCU,defense,non_offense_points,0.0,1.0,0.0,observed,,mixed_eligibility_drive,False
0,401858201,Stanford,Hawai'i,offense,eligible_possessions,13.0,1.0,13.0,observed,,mixed_eligibility_drive,False
0,401858201,Stanford,Hawai'i,defense,eligible_possessions,14.0,1.0,14.0,observed,,mixed_eligibility_drive,False
0,401858201,Stanford,Hawai'i,offense,offensive_possession_points,14.0,1.0,,missing,unresolved_scoring_attribution,mixed_eligibility_drive,False
0,401858201,Stanford,Hawai'i,defense,offensive_possession_points,27.0,1.0,27.0,observed,,mixed_eligibility_drive,False
0,401858201,Stanford,Hawai'i,offense,ppp,14.0,13.0,,missing,unresolved_scoring_attribution,mixed_eligibility_drive,False
0,401858201,Stanford,Hawai'i,defense,ppp,27.0,14.0,1.9285714285714286,observed,,mixed_eligibility_drive,True
0,401858201,Stanford,Hawai'i,offense,non_offense_points,0.0,1.0,,missing,unresolved_scoring_attribution,mixed_eligibility_drive,False
0,401858201,Stanford,Hawai'i,defense,non_offense_points,0.0,1.0,0.0,observed,,mixed_eligibility_drive,False
0,401858201,Hawai'i,Stanford,offense,eligible_possessions,14.0,1.0,14.0,observed,,mixed_eligibility_drive,False
0,401858201,Hawai'i,Stanford,defense,eligible_possessions,13.0,1.0,13.0,observed,,mixed_eligibility_drive,False
0,401858201,Hawai'i,Stanford,offense,offensive_possession_points,27.0,1.0,27.0,observed,,mixed_eligibility_drive,False
0,401858201,Hawai'i,Stanford,defense,offensive_possession_points,14.0,1.0,,missing,unresolved_scoring_attribution,mixed_eligibility_drive,False
0,401858201,Hawai'i,Stanford,offense,ppp,27.0,14.0,1.9285714285714286,observed,,mixed_eligibility_drive,True
0,401858201,Hawai'i,Stanford,defense,ppp,14.0,13.0,,missing,unresolved_scoring_attribution,mixed_eligibility_drive,False
0,401858201,Hawai'i,Stanford,offense,non_offense_points,0.0,1.0,0.0,observed,,mixed_eligibility_drive,False
0,401858201,Hawai'i,Stanford,defense,non_offense_points,0.0,1.0,,missing,unresolved_scoring_attribution,mixed_eligibility_drive,False
0,401858202,Virginia,NC State,offense,eligible_possessions,12.0,1.0,12.0,observed,,mixed_eligibility_drive,False
0,401858202,Virginia,NC State,defense,eligible_possessions,12.0,1.0,12.0,observed,,mixed_eligibility_drive,False
0,401858202,Virginia,NC State,offense,offensive_possession_points,34.0,1.0,34.0,observed,,mixed_eligibility_drive,False
0,401858202,Virginia,NC State,defense,offensive_possession_points,6.0,1.0,6.0,observed,,mixed_eligibility_drive,False
0,401858202,Virginia,NC State,offense,ppp,34.0,12.0,2.8333333333333335,observed,,mixed_eligibility_drive,True
0,401858202,Virginia,NC State,defense,ppp,6.0,12.0,0.5,observed,,mixed_eligibility_drive,True
0,401858202,Virginia,NC State,offense,non_offense_points,0.0,1.0,0.0,observed,,mixed_eligibility_drive,False
0,401858202,Virginia,NC State,defense,non_offense_points,2.0,1.0,2.0,observed,,mixed_eligibility_drive,False
0,401858202,NC State,Virginia,offense,eligible_possessions,12.0,1.0,12.0,observed,,mixed_eligibility_drive,False
0,401858202,NC State,Virginia,defense,eligible_possessions,12.0,1.0,12.0,observed,,mixed_eligibility_drive,False
0,401858202,NC State,Virginia,offense,offensive_possession_points,6.0,1.0,6.0,observed,,mixed_eligibility_drive,False
0,401858202,NC State,Virginia,defense,offensive_possession_points,34.0,1.0,34.0,observed,,mixed_eligibility_drive,False
0,401858202,NC State,Virginia,offense,ppp,6.0,12.0,0.5,observed,,mixed_eligibility_drive,True
0,401858202,NC State,Virginia,defense,ppp,34.0,12.0,2.8333333333333335,observed,,mixed_eligibility_drive,True
0,401858202,NC State,Virginia,offense,non_offense_points,2.0,1.0,2.0,observed,,mixed_eligibility_drive,False
0,401858202,NC State,Virginia,defense,non_offense_points,0.0,1.0,0.0,observed,,mixed_eligibility_drive,False
0,401862693,UNLV,Memphis,offense,eligible_possessions,13.0,1.0,13.0,observed,,mixed_eligibility_drive,False
0,401862693,UNLV,Memphis,defense,eligible_possessions,12.0,1.0,12.0,observed,,mixed_eligibility_drive,False
0,401862693,UNLV,Memphis,offense,offensive_possession_points,21.0,1.0,21.0,observed,,mixed_eligibility_drive,False
0,401862693,UNLV,Memphis,defense,offensive_possession_points,27.0,1.0,27.0,observed,,mixed_eligibility_drive,False
0,401862693,UNLV,Memphis,offense,ppp,21.0,13.0,1.6153846153846154,observed,,mixed_eligibility_drive,True
0,401862693,UNLV,Memphis,defense,ppp,27.0,12.0,2.25,observed,,mixed_eligibility_drive,True
0,401862693,UNLV,Memphis,offense,non_offense_points,0.0,1.0,0.0,observed,,mixed_eligibility_drive,False
0,401862693,UNLV,Memphis,defense,non_offense_points,0.0,1.0,0.0,observed,,mixed_eligibility_drive,False
0,401862693,Memphis,UNLV,offense,eligible_possessions,12.0,1.0,12.0,observed,,mixed_eligibility_drive,False
0,401862693,Memphis,UNLV,defense,eligible_possessions,13.0,1.0,13.0,observed,,mixed_eligibility_drive,False
0,401862693,Memphis,UNLV,offense,offensive_possession_points,27.0,1.0,27.0,observed,,mixed_eligibility_drive,False
0,401862693,Memphis,UNLV,defense,offensive_possession_points,21.0,1.0,21.0,observed,,mixed_eligibility_drive,False
0,401862693,Memphis,UNLV,offense,ppp,27.0,12.0,2.25,observed,,mixed_eligibility_drive,True
0,401862693,Memphis,UNLV,defense,ppp,21.0,13.0,1.6153846153846154,observed,,mixed_eligibility_drive,True
0,401862693,Memphis,UNLV,offense,non_offense_points,0.0,1.0,0.0,observed,,mixed_eligibility_drive,False
0,401862693,Memphis,UNLV,defense,non_offense_points,0.0,1.0,0.0,observed,,mixed_eligibility_drive,False
0,401864494,USC,San José State,offense,eligible_possessions,10.0,1.0,10.0,observed,,mixed_eligibility_drive,False
0,401864494,USC,San José State,defense,eligible_possessions,10.0,1.0,10.0,observed,,mixed_eligibility_drive,False
0,401864494,USC,San José State,offense,offensive_possession_points,42.0,1.0,42.0,observed,,mixed_eligibility_drive,False
0,401864494,USC,San José State,defense,offensive_possession_points,26.0,1.0,26.0,observed,,mixed_eligibility_drive,False
0,401864494,USC,San José State,offense,ppp,42.0,10.0,4.2,observed,,mixed_eligibility_drive,True
0,401864494,USC,San José State,defense,ppp,26.0,10.0,2.6,observed,,mixed_eligibility_drive,True
0,401864494,USC,San José State,offense,non_offense_points,0.0,1.0,0.0,observed,,mixed_eligibility_drive,False
0,401864494,USC,San José State,defense,non_offense_points,0.0,1.0,0.0,observed,,mixed_eligibility_drive,False
0,401864494,San José State,USC,offense,eligible_possessions,10.0,1.0,10.0,observed,,mixed_eligibility_drive,False
0,401864494,San José State,USC,defense,eligible_possessions,10.0,1.0,10.0,observed,,mixed_eligibility_drive,False
0,401864494,San José State,USC,offense,offensive_possession_points,26.0,1.0,26.0,observed,,mixed_eligibility_drive,False
0,401864494,San José State,USC,defense,offensive_possession_points,42.0,1.0,42.0,observed,,mixed_eligibility_drive,False
0,401864494,San José State,USC,offense,ppp,26.0,10.0,2.6,observed,,mixed_eligibility_drive,True
0,401864494,San José State,USC,defense,ppp,42.0,10.0,4.2,observed,,mixed_eligibility_drive,True
0,401864494,San José State,USC,offense,non_offense_points,0.0,1.0,0.0,observed,,mixed_eligibility_drive,False
0,401864494,San José State,USC,defense,non_offense_points,0.0,1.0,0.0,observed,,mixed_eligibility_drive,False
0,401864570,Florida State,New Mexico State,offense,eligible_possessions,10.0,1.0,10.0,observed,,mixed_eligibility_drive,False
0,401864570,Florida State,New Mexico State,defense,eligible_possessions,10.0,1.0,10.0,observed,,mixed_eligibility_drive,False
0,401864570,Florida State,New Mexico State,offense,offensive_possession_points,34.0,1.0,34.0,observed,,mixed_eligibility_drive,False
0,401864570,Florida State,New Mexico State,defense,offensive_possession_points,17.0,1.0,17.0,observed,,mixed_eligibility_drive,False
0,401864570,Florida State,New Mexico State,offense,ppp,34.0,10.0,3.4,observed,,mixed_eligibility_drive,True
0,401864570,Florida State,New Mexico State,defense,ppp,17.0,10.0,1.7,observed,,mixed_eligibility_drive,True
0,401864570,Florida State,New Mexico State,offense,non_offense_points,0.0,1.0,0.0,observed,,mixed_eligibility_drive,False
0,401864570,Florida State,New Mexico State,defense,non_offense_points,0.0,1.0,0.0,observed,,mixed_eligibility_drive,False
0,401864570,New Mexico State,Florida State,offense,eligible_possessions,10.0,1.0,10.0,observed,,mixed_eligibility_drive,False
0,401864570,New Mexico State,Florida State,defense,eligible_possessions,10.0,1.0,10.0,observed,,mixed_eligibility_drive,False
0,401864570,New Mexico State,Florida State,offense,offensive_possession_points,17.0,1.0,17.0,observed,,mixed_eligibility_drive,False
0,401864570,New Mexico State,Florida State,defense,offensive_possession_points,34.0,1.0,34.0,observed,,mixed_eligibility_drive,False
0,401864570,New Mexico State,Florida State,offense,ppp,17.0,10.0,1.7,observed,,mixed_eligibility_drive,True
0,401864570,New Mexico State,Florida State,defense,ppp,34.0,10.0,3.4,observed,,mixed_eligibility_drive,True
0,401864570,New Mexico State,Florida State,offense,non_offense_points,0.0,1.0,0.0,observed,,mixed_eligibility_drive,False
0,401864570,New Mexico State,Florida State,defense,non_offense_points,0.0,1.0,0.0,observed,,mixed_eligibility_drive,False
0,401864577,North Dakota State,Jacksonville State,offense,eligible_possessions,11.0,1.0,11.0,observed,,mixed_eligibility_drive,False
0,401864577,North Dakota State,Jacksonville State,defense,eligible_possessions,11.0,1.0,11.0,observed,,mixed_eligibility_drive,False
0,401864577,North Dakota State,Jacksonville State,offense,offensive_possession_points,26.0,1.0,26.0,observed,,mixed_eligibility_drive,False
0,401864577,North Dakota State,Jacksonville State,defense,offensive_possession_points,7.0,1.0,7.0,observed,,mixed_eligibility_drive,False
0,401864577,North Dakota State,Jacksonville State,offense,ppp,26.0,11.0,2.3636363636363638,observed,,mixed_eligibility_drive,True
0,401864577,North Dakota State,Jacksonville State,defense,ppp,7.0,11.0,0.6363636363636364,observed,,mixed_eligibility_drive,True
0,401864577,North Dakota State,Jacksonville State,offense,non_offense_points,7.0,1.0,7.0,observed,,mixed_eligibility_drive,False
0,401864577,North Dakota State,Jacksonville State,defense,non_offense_points,0.0,1.0,0.0,observed,,mixed_eligibility_drive,False
0,401864577,Jacksonville State,North Dakota State,offense,eligible_possessions,11.0,1.0,11.0,observed,,mixed_eligibility_drive,False
0,401864577,Jacksonville State,North Dakota State,defense,eligible_possessions,11.0,1.0,11.0,observed,,mixed_eligibility_drive,False
0,401864577,Jacksonville State,North Dakota State,offense,offensive_possession_points,7.0,1.0,7.0,observed,,mixed_eligibility_drive,False
0,401864577,Jacksonville State,North Dakota State,defense,offensive_possession_points,26.0,1.0,26.0,observed,,mixed_eligibility_drive,False
0,401864577,Jacksonville State,North Dakota State,offense,ppp,7.0,11.0,0.6363636363636364,observed,,mixed_eligibility_drive,True
0,401864577,Jacksonville State,North Dakota State,defense,ppp,26.0,11.0,2.3636363636363638,observed,,mixed_eligibility_drive,True
0,401864577,Jacksonville State,North Dakota State,offense,non_offense_points,0.0,1.0,0.0,observed,,mixed_eligibility_drive,False
0,401864577,Jacksonville State,North Dakota State,defense,non_offense_points,7.0,1.0,7.0,observed,,mixed_eligibility_drive,False
0,401866408,Eastern Michigan,Sacramento State,offense,eligible_possessions,14.0,1.0,14.0,observed,,mixed_eligibility_drive,False
0,401866408,Eastern Michigan,Sacramento State,defense,eligible_possessions,13.0,1.0,13.0,observed,,mixed_eligibility_drive,False
0,401866408,Eastern Michigan,Sacramento State,offense,offensive_possession_points,28.0,1.0,28.0,observed,,mixed_eligibility_drive,False
0,401866408,Eastern Michigan,Sacramento State,defense,offensive_possession_points,10.0,1.0,10.0,observed,,mixed_eligibility_drive,False
0,401866408,Eastern Michigan,Sacramento State,offense,ppp,28.0,14.0,2.0,observed,,mixed_eligibility_drive,True
0,401866408,Eastern Michigan,Sacramento State,defense,ppp,10.0,13.0,0.7692307692307693,observed,,mixed_eligibility_drive,True
0,401866408,Eastern Michigan,Sacramento State,offense,non_offense_points,0.0,1.0,0.0,observed,,mixed_eligibility_drive,False
0,401866408,Eastern Michigan,Sacramento State,defense,non_offense_points,7.0,1.0,7.0,observed,,mixed_eligibility_drive,False
0,401866408,Sacramento State,Eastern Michigan,offense,eligible_possessions,13.0,1.0,13.0,observed,,mixed_eligibility_drive,False
0,401866408,Sacramento State,Eastern Michigan,defense,eligible_possessions,14.0,1.0,14.0,observed,,mixed_eligibility_drive,False
0,401866408,Sacramento State,Eastern Michigan,offense,offensive_possession_points,10.0,1.0,10.0,observed,,mixed_eligibility_drive,False
0,401866408,Sacramento State,Eastern Michigan,defense,offensive_possession_points,28.0,1.0,28.0,observed,,mixed_eligibility_drive,False
0,401866408,Sacramento State,Eastern Michigan,offense,ppp,10.0,13.0,0.7692307692307693,observed,,mixed_eligibility_drive,True
0,401866408,Sacramento State,Eastern Michigan,defense,ppp,28.0,14.0,2.0,observed,,mixed_eligibility_drive,True
0,401866408,Sacramento State,Eastern Michigan,offense,non_offense_points,7.0,1.0,7.0,observed,,mixed_eligibility_drive,False
0,401866408,Sacramento State,Eastern Michigan,defense,non_offense_points,0.0,1.0,0.0,observed,,mixed_eligibility_drive,False
1,401856634,Alabama,East Carolina,offense,eligible_possessions,9.0,1.0,9.0,observed,,mixed_eligibility_drive,False
1,401856634,Alabama,East Carolina,defense,eligible_possessions,10.0,1.0,10.0,observed,,mixed_eligibility_drive,False
1,401856634,Alabama,East Carolina,offense,offensive_possession_points,31.0,1.0,31.0,observed,,mixed_eligibility_drive,False
1,401856634,Alabama,East Carolina,defense,offensive_possession_points,10.0,1.0,10.0,observed,,mixed_eligibility_drive,False
1,401856634,Alabama,East Carolina,offense,ppp,31.0,9.0,3.4444444444444446,observed,,mixed_eligibility_drive,True
1,401856634,Alabama,East Carolina,defense,ppp,10.0,10.0,1.0,observed,,mixed_eligibility_drive,True
1,401856634,Alabama,East Carolina,offense,non_offense_points,14.0,1.0,14.0,observed,,mixed_eligibility_drive,False
1,401856634,Alabama,East Carolina,defense,non_offense_points,0.0,1.0,0.0,observed,,mixed_eligibility_drive,False
1,401856634,East Carolina,Alabama,offense,eligible_possessions,10.0,1.0,10.0,observed,,mixed_eligibility_drive,False
1,401856634,East Carolina,Alabama,defense,eligible_possessions,9.0,1.0,9.0,observed,,mixed_eligibility_drive,False
1,401856634,East Carolina,Alabama,offense,offensive_possession_points,10.0,1.0,10.0,observed,,mixed_eligibility_drive,False
1,401856634,East Carolina,Alabama,defense,offensive_possession_points,31.0,1.0,31.0,observed,,mixed_eligibility_drive,False
1,401856634,East Carolina,Alabama,offense,ppp,10.0,10.0,1.0,observed,,mixed_eligibility_drive,True
1,401856634,East Carolina,Alabama,defense,ppp,31.0,9.0,3.4444444444444446,observed,,mixed_eligibility_drive,True
1,401856634,East Carolina,Alabama,offense,non_offense_points,0.0,1.0,0.0,observed,,mixed_eligibility_drive,False
1,401856634,East Carolina,Alabama,defense,non_offense_points,14.0,1.0,14.0,observed,,mixed_eligibility_drive,False
1,401856636,Auburn,Baylor,offense,eligible_possessions,13.0,1.0,13.0,observed,,mixed_eligibility_drive,False
1,401856636,Auburn,Baylor,defense,eligible_possessions,13.0,1.0,13.0,observed,,mixed_eligibility_drive,False
1,401856636,Auburn,Baylor,offense,offensive_possession_points,17.0,1.0,17.0,observed,,mixed_eligibility_drive,False
1,401856636,Auburn,Baylor,defense,offensive_possession_points,16.0,1.0,16.0,observed,,mixed_eligibility_drive,False
1,401856636,Auburn,Baylor,offense,ppp,17.0,13.0,1.3076923076923077,observed,,mixed_eligibility_drive,True
1,401856636,Auburn,Baylor,defense,ppp,16.0,13.0,1.2307692307692308,observed,,mixed_eligibility_drive,True
1,401856636,Auburn,Baylor,offense,non_offense_points,0.0,1.0,0.0,observed,,mixed_eligibility_drive,False
1,401856636,Auburn,Baylor,defense,non_offense_points,0.0,1.0,0.0,observed,,mixed_eligibility_drive,False
1,401856636,Baylor,Auburn,offense,eligible_possessions,13.0,1.0,13.0,observed,,mixed_eligibility_drive,False
1,401856636,Baylor,Auburn,defense,eligible_possessions,13.0,1.0,13.0,observed,,mixed_eligibility_drive,False
1,401856636,Baylor,Auburn,offense,offensive_possession_points,16.0,1.0,16.0,observed,,mixed_eligibility_drive,False
1,401856636,Baylor,Auburn,defense,offensive_possession_points,17.0,1.0,17.0,observed,,mixed_eligibility_drive,False
1,401856636,Baylor,Auburn,offense,ppp,16.0,13.0,1.2307692307692308,observed,,mixed_eligibility_drive,True
1,401856636,Baylor,Auburn,defense,ppp,17.0,13.0,1.3076923076923077,observed,,mixed_eligibility_drive,True
1,401856636,Baylor,Auburn,offense,non_offense_points,0.0,1.0,0.0,observed,,mixed_eligibility_drive,False
1,401856636,Baylor,Auburn,defense,non_offense_points,0.0,1.0,0.0,observed,,mixed_eligibility_drive,False
1,401856637,Florida,Florida Atlantic,offense,eligible_possessions,10.0,1.0,10.0,observed,,mixed_eligibility_drive,False
1,401856637,Florida,Florida Atlantic,defense,eligible_possessions,10.0,1.0,10.0,observed,,mixed_eligibility_drive,False
1,401856637,Florida,Florida Atlantic,offense,offensive_possession_points,59.0,1.0,59.0,observed,,mixed_eligibility_drive,False
1,401856637,Florida,Florida Atlantic,defense,offensive_possession_points,21.0,1.0,21.0,observed,,mixed_eligibility_drive,False
1,401856637,Florida,Florida Atlantic,offense,ppp,59.0,10.0,5.9,observed,,mixed_eligibility_drive,True
1,401856637,Florida,Florida Atlantic,defense,ppp,21.0,10.0,2.1,observed,,mixed_eligibility_drive,True
1,401856637,Florida,Florida Atlantic,offense,non_offense_points,0.0,1.0,0.0,observed,,mixed_eligibility_drive,False
1,401856637,Florida,Florida Atlantic,defense,non_offense_points,0.0,1.0,0.0,observed,,mixed_eligibility_drive,False
1,401856637,Florida Atlantic,Florida,offense,eligible_possessions,10.0,1.0,10.0,observed,,mixed_eligibility_drive,False
1,401856637,Florida Atlantic,Florida,defense,eligible_possessions,10.0,1.0,10.0,observed,,mixed_eligibility_drive,False
1,401856637,Florida Atlantic,Florida,offense,offensive_possession_points,21.0,1.0,21.0,observed,,mixed_eligibility_drive,False
1,401856637,Florida Atlantic,Florida,defense,offensive_possession_points,59.0,1.0,59.0,observed,,mixed_eligibility_drive,False
1,401856637,Florida Atlantic,Florida,offense,ppp,21.0,10.0,2.1,observed,,mixed_eligibility_drive,True
1,401856637,Florida Atlantic,Florida,defense,ppp,59.0,10.0,5.9,observed,,mixed_eligibility_drive,True
1,401856637,Florida Atlantic,Florida,offense,non_offense_points,0.0,1.0,0.0,observed,,mixed_eligibility_drive,False
1,401856637,Florida Atlantic,Florida,defense,non_offense_points,0.0,1.0,0.0,observed,,mixed_eligibility_drive,False
1,401856660,LSU,Clemson,offense,eligible_possessions,8.0,1.0,8.0,observed,,mixed_eligibility_drive,False
1,401856660,LSU,Clemson,defense,eligible_possessions,9.0,1.0,9.0,observed,,mixed_eligibility_drive,False
1,401856660,LSU,Clemson,offense,offensive_possession_points,31.0,1.0,31.0,observed,,mixed_eligibility_drive,False
1,401856660,LSU,Clemson,defense,offensive_possession_points,3.0,1.0,3.0,observed,,mixed_eligibility_drive,False
1,401856660,LSU,Clemson,offense,ppp,31.0,8.0,3.875,observed,,mixed_eligibility_drive,True
1,401856660,LSU,Clemson,defense,ppp,3.0,9.0,0.3333333333333333,observed,,mixed_eligibility_drive,True
1,401856660,LSU,Clemson,offense,non_offense_points,7.0,1.0,7.0,observed,,mixed_eligibility_drive,False
1,401856660,LSU,Clemson,defense,non_offense_points,0.0,1.0,0.0,observed,,mixed_eligibility_drive,False
1,401856660,Clemson,LSU,offense,eligible_possessions,9.0,1.0,9.0,observed,,mixed_eligibility_drive,False
1,401856660,Clemson,LSU,defense,eligible_possessions,8.0,1.0,8.0,observed,,mixed_eligibility_drive,False
1,401856660,Clemson,LSU,offense,offensive_possession_points,3.0,1.0,3.0,observed,,mixed_eligibility_drive,False
1,401856660,Clemson,LSU,defense,offensive_possession_points,31.0,1.0,31.0,observed,,mixed_eligibility_drive,False
1,401856660,Clemson,LSU,offense,ppp,3.0,9.0,0.3333333333333333,observed,,mixed_eligibility_drive,True
1,401856660,Clemson,LSU,defense,ppp,31.0,8.0,3.875,observed,,mixed_eligibility_drive,True
1,401856660,Clemson,LSU,offense,non_offense_points,0.0,1.0,0.0,observed,,mixed_eligibility_drive,False
1,401856660,Clemson,LSU,defense,non_offense_points,7.0,1.0,7.0,observed,,mixed_eligibility_drive,False
1,401856661,Ole Miss,Louisville,offense,eligible_possessions,13.0,1.0,13.0,observed,,mixed_eligibility_drive,False
1,401856661,Ole Miss,Louisville,defense,eligible_possessions,13.0,1.0,13.0,observed,,mixed_eligibility_drive,False
1,401856661,Ole Miss,Louisville,offense,offensive_possession_points,41.0,1.0,41.0,observed,,mixed_eligibility_drive,False
1,401856661,Ole Miss,Louisville,defense,offensive_possession_points,13.0,1.0,,missing,unresolved_scoring_attribution,mixed_eligibility_drive,False
1,401856661,Ole Miss,Louisville,offense,ppp,41.0,13.0,3.1538461538461537,observed,,mixed_eligibility_drive,True
1,401856661,Ole Miss,Louisville,defense,ppp,13.0,13.0,,missing,unresolved_scoring_attribution,mixed_eligibility_drive,False
1,401856661,Ole Miss,Louisville,offense,non_offense_points,0.0,1.0,0.0,observed,,mixed_eligibility_drive,False
1,401856661,Ole Miss,Louisville,defense,non_offense_points,3.0,1.0,,missing,unresolved_scoring_attribution,mixed_eligibility_drive,False
1,401856661,Louisville,Ole Miss,offense,eligible_possessions,13.0,1.0,13.0,observed,,mixed_eligibility_drive,False
1,401856661,Louisville,Ole Miss,defense,eligible_possessions,13.0,1.0,13.0,observed,,mixed_eligibility_drive,False
1,401856661,Louisville,Ole Miss,offense,offensive_possession_points,13.0,1.0,,missing,unresolved_scoring_attribution,mixed_eligibility_drive,False
1,401856661,Louisville,Ole Miss,defense,offensive_possession_points,41.0,1.0,41.0,observed,,mixed_eligibility_drive,False
1,401856661,Louisville,Ole Miss,offense,ppp,13.0,13.0,,missing,unresolved_scoring_attribution,mixed_eligibility_drive,False
1,401856661,Louisville,Ole Miss,defense,ppp,41.0,13.0,3.1538461538461537,observed,,mixed_eligibility_drive,True
1,401856661,Louisville,Ole Miss,offense,non_offense_points,3.0,1.0,,missing,unresolved_scoring_attribution,mixed_eligibility_drive,False
1,401856661,Louisville,Ole Miss,defense,non_offense_points,0.0,1.0,0.0,observed,,mixed_eligibility_drive,False
1,401856662,Mississippi State,UL Monroe,offense,eligible_possessions,7.0,1.0,7.0,observed,,mixed_eligibility_drive,False
1,401856662,Mississippi State,UL Monroe,defense,eligible_possessions,7.0,1.0,7.0,observed,,mixed_eligibility_drive,False
1,401856662,Mississippi State,UL Monroe,offense,offensive_possession_points,41.0,1.0,41.0,observed,,mixed_eligibility_drive,False
1,401856662,Mississippi State,UL Monroe,defense,offensive_possession_points,3.0,1.0,3.0,observed,,mixed_eligibility_drive,False
1,401856662,Mississippi State,UL Monroe,offense,ppp,41.0,7.0,5.857142857142857,observed,,mixed_eligibility_drive,True
1,401856662,Mississippi State,UL Monroe,defense,ppp,3.0,7.0,0.42857142857142855,observed,,mixed_eligibility_drive,True
1,401856662,Mississippi State,UL Monroe,offense,non_offense_points,0.0,1.0,0.0,observed,,mixed_eligibility_drive,False
1,401856662,Mississippi State,UL Monroe,defense,non_offense_points,0.0,1.0,0.0,observed,,mixed_eligibility_drive,False
1,401856662,UL Monroe,Mississippi State,offense,eligible_possessions,7.0,1.0,7.0,observed,,mixed_eligibility_drive,False
1,401856662,UL Monroe,Mississippi State,defense,eligible_possessions,7.0,1.0,7.0,observed,,mixed_eligibility_drive,False
1,401856662,UL Monroe,Mississippi State,offense,offensive_possession_points,3.0,1.0,3.0,observed,,mixed_eligibility_drive,False
1,401856662,UL Monroe,Mississippi State,defense,offensive_possession_points,41.0,1.0,41.0,observed,,mixed_eligibility_drive,False
1,401856662,UL Monroe,Mississippi State,offense,ppp,3.0,7.0,0.42857142857142855,observed,,mixed_eligibility_drive,True
1,401856662,UL Monroe,Mississippi State,defense,ppp,41.0,7.0,5.857142857142857,observed,,mixed_eligibility_drive,True
1,401856662,UL Monroe,Mississippi State,offense,non_offense_points,0.0,1.0,0.0,observed,,mixed_eligibility_drive,False
1,401856662,UL Monroe,Mississippi State,defense,non_offense_points,0.0,1.0,0.0,observed,,mixed_eligibility_drive,False
1,401856664,Oklahoma,UTEP,offense,eligible_possessions,6.0,1.0,6.0,observed,,mixed_eligibility_drive,False
1,401856664,Oklahoma,UTEP,defense,eligible_possessions,7.0,1.0,7.0,observed,,mixed_eligibility_drive,False
1,401856664,Oklahoma,UTEP,offense,offensive_possession_points,34.0,1.0,34.0,observed,,mixed_eligibility_drive,False
1,401856664,Oklahoma,UTEP,defense,offensive_possession_points,0.0,1.0,0.0,observed,,mixed_eligibility_drive,False
1,401856664,Oklahoma,UTEP,offense,ppp,34.0,6.0,5.666666666666667,observed,,mixed_eligibility_drive,True
1,401856664,Oklahoma,UTEP,defense,ppp,0.0,7.0,0.0,observed,,mixed_eligibility_drive,True
1,401856664,Oklahoma,UTEP,offense,non_offense_points,7.0,1.0,7.0,observed,,mixed_eligibility_drive,False
1,401856664,Oklahoma,UTEP,defense,non_offense_points,0.0,1.0,0.0,observed,,mixed_eligibility_drive,False
1,401856664,UTEP,Oklahoma,offense,eligible_possessions,7.0,1.0,7.0,observed,,mixed_eligibility_drive,False
1,401856664,UTEP,Oklahoma,defense,eligible_possessions,6.0,1.0,6.0,observed,,mixed_eligibility_drive,False
1,401856664,UTEP,Oklahoma,offense,offensive_possession_points,0.0,1.0,0.0,observed,,mixed_eligibility_drive,False
1,401856664,UTEP,Oklahoma,defense,offensive_possession_points,34.0,1.0,34.0,observed,,mixed_eligibility_drive,False
1,401856664,UTEP,Oklahoma,offense,ppp,0.0,7.0,0.0,observed,,mixed_eligibility_drive,True
1,401856664,UTEP,Oklahoma,defense,ppp,34.0,6.0,5.666666666666667,observed,,mixed_eligibility_drive,True
1,401856664,UTEP,Oklahoma,offense,non_offense_points,0.0,1.0,0.0,observed,,mixed_eligibility_drive,False
1,401856664,UTEP,Oklahoma,defense,non_offense_points,7.0,1.0,7.0,observed,,mixed_eligibility_drive,False
1,401856665,South Carolina,Kent State,offense,eligible_possessions,6.0,1.0,6.0,observed,,mixed_eligibility_drive,False
1,401856665,South Carolina,Kent State,defense,eligible_possessions,6.0,1.0,6.0,observed,,mixed_eligibility_drive,False
1,401856665,South Carolina,Kent State,offense,offensive_possession_points,36.0,1.0,36.0,observed,,mixed_eligibility_drive,False
1,401856665,South Carolina,Kent State,defense,offensive_possession_points,0.0,1.0,0.0,observed,,mixed_eligibility_drive,False
1,401856665,South Carolina,Kent State,offense,ppp,36.0,6.0,6.0,observed,,mixed_eligibility_drive,True
1,401856665,South Carolina,Kent State,defense,ppp,0.0,6.0,0.0,observed,,mixed_eligibility_drive,True
1,401856665,South Carolina,Kent State,offense,non_offense_points,0.0,1.0,0.0,observed,,mixed_eligibility_drive,False
1,401856665,South Carolina,Kent State,defense,non_offense_points,0.0,1.0,0.0,observed,,mixed_eligibility_drive,False
1,401856665,Kent State,South Carolina,offense,eligible_possessions,6.0,1.0,6.0,observed,,mixed_eligibility_drive,False
1,401856665,Kent State,South Carolina,defense,eligible_possessions,6.0,1.0,6.0,observed,,mixed_eligibility_drive,False
1,401856665,Kent State,South Carolina,offense,offensive_possession_points,0.0,1.0,0.0,observed,,mixed_eligibility_drive,False
1,401856665,Kent State,South Carolina,defense,offensive_possession_points,36.0,1.0,36.0,observed,,mixed_eligibility_drive,False
1,401856665,Kent State,South Carolina,offense,ppp,0.0,6.0,0.0,observed,,mixed_eligibility_drive,True
1,401856665,Kent State,South Carolina,defense,ppp,36.0,6.0,6.0,observed,,mixed_eligibility_drive,True
1,401856665,Kent State,South Carolina,offense,non_offense_points,0.0,1.0,0.0,observed,,mixed_eligibility_drive,False
1,401856665,Kent State,South Carolina,defense,non_offense_points,0.0,1.0,0.0,observed,,mixed_eligibility_drive,False
1,401856667,Texas,Texas State,offense,eligible_possessions,6.0,1.0,6.0,observed,,mixed_eligibility_drive,False
1,401856667,Texas,Texas State,defense,eligible_possessions,7.0,1.0,7.0,observed,,mixed_eligibility_drive,False
1,401856667,Texas,Texas State,offense,offensive_possession_points,35.0,1.0,35.0,observed,,mixed_eligibility_drive,False
1,401856667,Texas,Texas State,defense,offensive_possession_points,7.0,1.0,7.0,observed,,mixed_eligibility_drive,False
1,401856667,Texas,Texas State,offense,ppp,35.0,6.0,5.833333333333333,observed,,mixed_eligibility_drive,True
1,401856667,Texas,Texas State,defense,ppp,7.0,7.0,1.0,observed,,mixed_eligibility_drive,True
1,401856667,Texas,Texas State,offense,non_offense_points,7.0,1.0,7.0,observed,,mixed_eligibility_drive,False
1,401856667,Texas,Texas State,defense,non_offense_points,0.0,1.0,0.0,observed,,mixed_eligibility_drive,False
1,401856667,Texas State,Texas,offense,eligible_possessions,7.0,1.0,7.0,observed,,mixed_eligibility_drive,False
1,401856667,Texas State,Texas,defense,eligible_possessions,6.0,1.0,6.0,observed,,mixed_eligibility_drive,False
1,401856667,Texas State,Texas,offense,offensive_possession_points,7.0,1.0,7.0,observed,,mixed_eligibility_drive,False
1,401856667,Texas State,Texas,defense,offensive_possession_points,35.0,1.0,35.0,observed,,mixed_eligibility_drive,False
1,401856667,Texas State,Texas,offense,ppp,7.0,7.0,1.0,observed,,mixed_eligibility_drive,True
1,401856667,Texas State,Texas,defense,ppp,35.0,6.0,5.833333333333333,observed,,mixed_eligibility_drive,True
1,401856667,Texas State,Texas,offense,non_offense_points,0.0,1.0,0.0,observed,,mixed_eligibility_drive,False
1,401856667,Texas State,Texas,defense,non_offense_points,7.0,1.0,7.0,observed,,mixed_eligibility_drive,False
1,401856668,Texas A&M,Missouri State,offense,eligible_possessions,9.0,1.0,9.0,observed,,mixed_eligibility_drive,False
1,401856668,Texas A&M,Missouri State,defense,eligible_possessions,8.0,1.0,8.0,observed,,mixed_eligibility_drive,False
1,401856668,Texas A&M,Missouri State,offense,offensive_possession_points,38.0,1.0,38.0,observed,,mixed_eligibility_drive,False
1,401856668,Texas A&M,Missouri State,defense,offensive_possession_points,0.0,1.0,0.0,observed,,mixed_eligibility_drive,False
1,401856668,Texas A&M,Missouri State,offense,ppp,38.0,9.0,4.222222222222222,observed,,mixed_eligibility_drive,True
1,401856668,Texas A&M,Missouri State,defense,ppp,0.0,8.0,0.0,observed,,mixed_eligibility_drive,True
1,401856668,Texas A&M,Missouri State,offense,non_offense_points,2.0,1.0,2.0,observed,,mixed_eligibility_drive,False
1,401856668,Texas A&M,Missouri State,defense,non_offense_points,0.0,1.0,0.0,observed,,mixed_eligibility_drive,False
1,401856668,Missouri State,Texas A&M,offense,eligible_possessions,8.0,1.0,8.0,observed,,mixed_eligibility_drive,False
1,401856668,Missouri State,Texas A&M,defense,eligible_possessions,9.0,1.0,9.0,observed,,mixed_eligibility_drive,False
1,401856668,Missouri State,Texas A&M,offense,offensive_possession_points,0.0,1.0,0.0,observed,,mixed_eligibility_drive,False
1,401856668,Missouri State,Texas A&M,defense,offensive_possession_points,38.0,1.0,38.0,observed,,mixed_eligibility_drive,False
1,401856668,Missouri State,Texas A&M,offense,ppp,0.0,8.0,0.0,observed,,mixed_eligibility_drive,True
1,401856668,Missouri State,Texas A&M,defense,ppp,38.0,9.0,4.222222222222222,observed,,mixed_eligibility_drive,True
1,401856668,Missouri State,Texas A&M,offense,non_offense_points,0.0,1.0,0.0,observed,,mixed_eligibility_drive,False
1,401856668,Missouri State,Texas A&M,defense,non_offense_points,2.0,1.0,2.0,observed,,mixed_eligibility_drive,False
1,401856772,Tulsa,Oklahoma State,offense,eligible_possessions,12.0,1.0,12.0,observed,,mixed_eligibility_drive,False
1,401856772,Tulsa,Oklahoma State,defense,eligible_possessions,12.0,1.0,12.0,observed,,mixed_eligibility_drive,False
1,401856772,Tulsa,Oklahoma State,offense,offensive_possession_points,24.0,1.0,24.0,observed,,mixed_eligibility_drive,False
1,401856772,Tulsa,Oklahoma State,defense,offensive_possession_points,10.0,1.0,10.0,observed,,mixed_eligibility_drive,False
1,401856772,Tulsa,Oklahoma State,offense,ppp,24.0,12.0,2.0,observed,,mixed_eligibility_drive,True
1,401856772,Tulsa,Oklahoma State,defense,ppp,10.0,12.0,0.8333333333333334,observed,,mixed_eligibility_drive,True
1,401856772,Tulsa,Oklahoma State,offense,non_offense_points,0.0,1.0,0.0,observed,,mixed_eligibility_drive,False
1,401856772,Tulsa,Oklahoma State,defense,non_offense_points,0.0,1.0,0.0,observed,,mixed_eligibility_drive,False
1,401856772,Oklahoma State,Tulsa,offense,eligible_possessions,12.0,1.0,12.0,observed,,mixed_eligibility_drive,False
1,401856772,Oklahoma State,Tulsa,defense,eligible_possessions,12.0,1.0,12.0,observed,,mixed_eligibility_drive,False
1,401856772,Oklahoma State,Tulsa,offense,offensive_possession_points,10.0,1.0,10.0,observed,,mixed_eligibility_drive,False
1,401856772,Oklahoma State,Tulsa,defense,offensive_possession_points,24.0,1.0,24.0,observed,,mixed_eligibility_drive,False
1,401856772,Oklahoma State,Tulsa,offense,ppp,10.0,12.0,0.8333333333333334,observed,,mixed_eligibility_drive,True
1,401856772,Oklahoma State,Tulsa,defense,ppp,24.0,12.0,2.0,observed,,mixed_eligibility_drive,True
1,401856772,Oklahoma State,Tulsa,offense,non_offense_points,0.0,1.0,0.0,observed,,mixed_eligibility_drive,False
1,401856772,Oklahoma State,Tulsa,defense,non_offense_points,0.0,1.0,0.0,observed,,mixed_eligibility_drive,False
1,401856776,Georgia Tech,Colorado,offense,eligible_possessions,9.0,1.0,9.0,observed,,mixed_eligibility_drive,False
1,401856776,Georgia Tech,Colorado,defense,eligible_possessions,10.0,1.0,10.0,observed,,mixed_eligibility_drive,False
1,401856776,Georgia Tech,Colorado,offense,offensive_possession_points,6.0,1.0,6.0,observed,,mixed_eligibility_drive,False
1,401856776,Georgia Tech,Colorado,defense,offensive_possession_points,13.0,1.0,13.0,observed,,mixed_eligibility_drive,False
1,401856776,Georgia Tech,Colorado,offense,ppp,6.0,9.0,0.6666666666666666,observed,,mixed_eligibility_drive,True
1,401856776,Georgia Tech,Colorado,defense,ppp,13.0,10.0,1.3,observed,,mixed_eligibility_drive,True
1,401856776,Georgia Tech,Colorado,offense,non_offense_points,1.0,1.0,1.0,observed,,mixed_eligibility_drive,False
1,401856776,Georgia Tech,Colorado,defense,non_offense_points,1.0,1.0,1.0,observed,,mixed_eligibility_drive,False
1,401856776,Colorado,Georgia Tech,offense,eligible_possessions,10.0,1.0,10.0,observed,,mixed_eligibility_drive,False
1,401856776,Colorado,Georgia Tech,defense,eligible_possessions,9.0,1.0,9.0,observed,,mixed_eligibility_drive,False
1,401856776,Colorado,Georgia Tech,offense,offensive_possession_points,13.0,1.0,13.0,observed,,mixed_eligibility_drive,False
1,401856776,Colorado,Georgia Tech,defense,offensive_possession_points,6.0,1.0,6.0,observed,,mixed_eligibility_drive,False
1,401856776,Colorado,Georgia Tech,offense,ppp,13.0,10.0,1.3,observed,,mixed_eligibility_drive,True
1,401856776,Colorado,Georgia Tech,defense,ppp,6.0,9.0,0.6666666666666666,observed,,mixed_eligibility_drive,True
1,401856776,Colorado,Georgia Tech,offense,non_offense_points,1.0,1.0,1.0,observed,,mixed_eligibility_drive,False
1,401856776,Colorado,Georgia Tech,defense,non_offense_points,1.0,1.0,1.0,observed,,mixed_eligibility_drive,False
1,401856777,Cincinnati,Boston College,offense,eligible_possessions,12.0,1.0,12.0,observed,,mixed_eligibility_drive,False
1,401856777,Cincinnati,Boston College,defense,eligible_possessions,11.0,1.0,11.0,observed,,mixed_eligibility_drive,False
1,401856777,Cincinnati,Boston College,offense,offensive_possession_points,27.0,1.0,27.0,observed,,mixed_eligibility_drive,False
1,401856777,Cincinnati,Boston College,defense,offensive_possession_points,15.0,1.0,15.0,observed,,mixed_eligibility_drive,False
1,401856777,Cincinnati,Boston College,offense,ppp,27.0,12.0,2.25,observed,,mixed_eligibility_drive,True
1,401856777,Cincinnati,Boston College,defense,ppp,15.0,11.0,1.3636363636363635,observed,,mixed_eligibility_drive,True
1,401856777,Cincinnati,Boston College,offense,non_offense_points,7.0,1.0,7.0,observed,,mixed_eligibility_drive,False
1,401856777,Cincinnati,Boston College,defense,non_offense_points,0.0,1.0,0.0,observed,,mixed_eligibility_drive,False
1,401856777,Boston College,Cincinnati,offense,eligible_possessions,11.0,1.0,11.0,observed,,mixed_eligibility_drive,False
1,401856777,Boston College,Cincinnati,defense,eligible_possessions,12.0,1.0,12.0,observed,,mixed_eligibility_drive,False
1,401856777,Boston College,Cincinnati,offense,offensive_possession_points,15.0,1.0,15.0,observed,,mixed_eligibility_drive,False
1,401856777,Boston College,Cincinnati,defense,offensive_possession_points,27.0,1.0,27.0,observed,,mixed_eligibility_drive,False
1,401856777,Boston College,Cincinnati,offense,ppp,15.0,11.0,1.3636363636363635,observed,,mixed_eligibility_drive,True
1,401856777,Boston College,Cincinnati,defense,ppp,27.0,12.0,2.25,observed,,mixed_eligibility_drive,True
1,401856777,Boston College,Cincinnati,offense,non_offense_points,0.0,1.0,0.0,observed,,mixed_eligibility_drive,False
1,401856777,Boston College,Cincinnati,defense,non_offense_points,7.0,1.0,7.0,observed,,mixed_eligibility_drive,False
1,401856778,Houston,Oregon State,offense,eligible_possessions,11.0,1.0,11.0,observed,,mixed_eligibility_drive,False
1,401856778,Houston,Oregon State,defense,eligible_possessions,12.0,1.0,12.0,observed,,mixed_eligibility_drive,False
1,401856778,Houston,Oregon State,offense,offensive_possession_points,33.0,1.0,33.0,observed,,mixed_eligibility_drive,False
1,401856778,Houston,Oregon State,defense,offensive_possession_points,20.0,1.0,20.0,observed,,mixed_eligibility_drive,False
1,401856778,Houston,Oregon State,offense,ppp,33.0,11.0,3.0,observed,,mixed_eligibility_drive,True
1,401856778,Houston,Oregon State,defense,ppp,20.0,12.0,1.6666666666666667,observed,,mixed_eligibility_drive,True
1,401856778,Houston,Oregon State,offense,non_offense_points,0.0,1.0,0.0,observed,,mixed_eligibility_drive,False
1,401856778,Houston,Oregon State,defense,non_offense_points,0.0,1.0,0.0,observed,,mixed_eligibility_drive,False
1,401856778,Oregon State,Houston,offense,eligible_possessions,12.0,1.0,12.0,observed,,mixed_eligibility_drive,False
1,401856778,Oregon State,Houston,defense,eligible_possessions,11.0,1.0,11.0,observed,,mixed_eligibility_drive,False
1,401856778,Oregon State,Houston,offense,offensive_possession_points,20.0,1.0,20.0,observed,,mixed_eligibility_drive,False
1,401856778,Oregon State,Houston,defense,offensive_possession_points,33.0,1.0,33.0,observed,,mixed_eligibility_drive,False
1,401856778,Oregon State,Houston,offense,ppp,20.0,12.0,1.6666666666666667,observed,,mixed_eligibility_drive,True
1,401856778,Oregon State,Houston,defense,ppp,33.0,11.0,3.0,observed,,mixed_eligibility_drive,True
1,401856778,Oregon State,Houston,offense,non_offense_points,0.0,1.0,0.0,observed,,mixed_eligibility_drive,False
1,401856778,Oregon State,Houston,defense,non_offense_points,0.0,1.0,0.0,observed,,mixed_eligibility_drive,False
1,401856780,West Virginia,Coastal Carolina,offense,eligible_possessions,14.0,1.0,14.0,observed,,mixed_eligibility_drive,False
1,401856780,West Virginia,Coastal Carolina,defense,eligible_possessions,13.0,1.0,13.0,observed,,mixed_eligibility_drive,False
1,401856780,West Virginia,Coastal Carolina,offense,offensive_possession_points,27.0,1.0,27.0,observed,,mixed_eligibility_drive,False
1,401856780,West Virginia,Coastal Carolina,defense,offensive_possession_points,24.0,1.0,24.0,observed,,mixed_eligibility_drive,False
1,401856780,West Virginia,Coastal Carolina,offense,ppp,27.0,14.0,1.9285714285714286,observed,,mixed_eligibility_drive,True
1,401856780,West Virginia,Coastal Carolina,defense,ppp,24.0,13.0,1.8461538461538463,observed,,mixed_eligibility_drive,True
1,401856780,West Virginia,Coastal Carolina,offense,non_offense_points,4.0,1.0,4.0,observed,,mixed_eligibility_drive,False
1,401856780,West Virginia,Coastal Carolina,defense,non_offense_points,0.0,1.0,0.0,observed,,mixed_eligibility_drive,False
1,401856780,Coastal Carolina,West Virginia,offense,eligible_possessions,13.0,1.0,13.0,observed,,mixed_eligibility_drive,False
1,401856780,Coastal Carolina,West Virginia,defense,eligible_possessions,14.0,1.0,14.0,observed,,mixed_eligibility_drive,False
1,401856780,Coastal Carolina,West Virginia,offense,offensive_possession_points,24.0,1.0,24.0,observed,,mixed_eligibility_drive,False
1,401856780,Coastal Carolina,West Virginia,defense,offensive_possession_points,27.0,1.0,27.0,observed,,mixed_eligibility_drive,False
1,401856780,Coastal Carolina,West Virginia,offense,ppp,24.0,13.0,1.8461538461538463,observed,,mixed_eligibility_drive,True
1,401856780,Coastal Carolina,West Virginia,defense,ppp,27.0,14.0,1.9285714285714286,observed,,mixed_eligibility_drive,True
1,401856780,Coastal Carolina,West Virginia,offense,non_offense_points,0.0,1.0,0.0,observed,,mixed_eligibility_drive,False
1,401856780,Coastal Carolina,West Virginia,defense,non_offense_points,4.0,1.0,4.0,observed,,mixed_eligibility_drive,False
1,401858204,Wake Forest,Akron,offense,eligible_possessions,10.0,1.0,10.0,observed,,mixed_eligibility_drive,False
1,401858204,Wake Forest,Akron,defense,eligible_possessions,10.0,1.0,10.0,observed,,mixed_eligibility_drive,False
1,401858204,Wake Forest,Akron,offense,offensive_possession_points,38.0,1.0,38.0,observed,,mixed_eligibility_drive,False
1,401858204,Wake Forest,Akron,defense,offensive_possession_points,9.0,1.0,9.0,observed,,mixed_eligibility_drive,False
1,401858204,Wake Forest,Akron,offense,ppp,38.0,10.0,3.8,observed,,mixed_eligibility_drive,True
1,401858204,Wake Forest,Akron,defense,ppp,9.0,10.0,0.9,observed,,mixed_eligibility_drive,True
1,401858204,Wake Forest,Akron,offense,non_offense_points,0.0,1.0,0.0,observed,,mixed_eligibility_drive,False
1,401858204,Wake Forest,Akron,defense,non_offense_points,0.0,1.0,0.0,observed,,mixed_eligibility_drive,False
1,401858204,Akron,Wake Forest,offense,eligible_possessions,10.0,1.0,10.0,observed,,mixed_eligibility_drive,False
1,401858204,Akron,Wake Forest,defense,eligible_possessions,10.0,1.0,10.0,observed,,mixed_eligibility_drive,False
1,401858204,Akron,Wake Forest,offense,offensive_possession_points,9.0,1.0,9.0,observed,,mixed_eligibility_drive,False
1,401858204,Akron,Wake Forest,defense,offensive_possession_points,38.0,1.0,38.0,observed,,mixed_eligibility_drive,False
1,401858204,Akron,Wake Forest,offense,ppp,9.0,10.0,0.9,observed,,mixed_eligibility_drive,True
1,401858204,Akron,Wake Forest,defense,ppp,38.0,10.0,3.8,observed,,mixed_eligibility_drive,True
1,401858204,Akron,Wake Forest,offense,non_offense_points,0.0,1.0,0.0,observed,,mixed_eligibility_drive,False
1,401858204,Akron,Wake Forest,defense,non_offense_points,0.0,1.0,0.0,observed,,mixed_eligibility_drive,False
1,401858206,Stanford,Miami,offense,eligible_possessions,7.0,1.0,7.0,observed,,mixed_eligibility_drive,False
1,401858206,Stanford,Miami,defense,eligible_possessions,8.0,1.0,8.0,observed,,mixed_eligibility_drive,False
1,401858206,Stanford,Miami,offense,offensive_possession_points,0.0,1.0,,missing,unresolved_scoring_attribution,mixed_eligibility_drive,False
1,401858206,Stanford,Miami,defense,offensive_possession_points,0.0,1.0,,missing,unresolved_scoring_attribution,mixed_eligibility_drive,False
1,401858206,Stanford,Miami,offense,ppp,0.0,7.0,,missing,unresolved_scoring_attribution,mixed_eligibility_drive,False
1,401858206,Stanford,Miami,defense,ppp,0.0,8.0,,missing,unresolved_scoring_attribution,mixed_eligibility_drive,False
1,401858206,Stanford,Miami,offense,non_offense_points,0.0,1.0,,missing,unresolved_scoring_attribution,mixed_eligibility_drive,False
1,401858206,Stanford,Miami,defense,non_offense_points,7.0,1.0,,missing,unresolved_scoring_attribution,mixed_eligibility_drive,False
1,401858206,Miami,Stanford,offense,eligible_possessions,8.0,1.0,8.0,observed,,mixed_eligibility_drive,False
1,401858206,Miami,Stanford,defense,eligible_possessions,7.0,1.0,7.0,observed,,mixed_eligibility_drive,False
1,401858206,Miami,Stanford,offense,offensive_possession_points,0.0,1.0,,missing,unresolved_scoring_attribution,mixed_eligibility_drive,False
1,401858206,Miami,Stanford,defense,offensive_possession_points,0.0,1.0,,missing,unresolved_scoring_attribution,mixed_eligibility_drive,False
1,401858206,Miami,Stanford,offense,ppp,0.0,8.0,,missing,unresolved_scoring_attribution,mixed_eligibility_drive,False
1,401858206,Miami,Stanford,defense,ppp,0.0,7.0,,missing,unresolved_scoring_attribution,mixed_eligibility_drive,False
1,401858206,Miami,Stanford,offense,non_offense_points,7.0,1.0,,missing,unresolved_scoring_attribution,mixed_eligibility_drive,False
1,401858206,Miami,Stanford,defense,non_offense_points,0.0,1.0,,missing,unresolved_scoring_attribution,mixed_eligibility_drive,False
1,401858207,Pittsburgh,Miami (OH),offense,eligible_possessions,10.0,1.0,10.0,observed,,mixed_eligibility_drive,False
1,401858207,Pittsburgh,Miami (OH),defense,eligible_possessions,9.0,1.0,9.0,observed,,mixed_eligibility_drive,False
1,401858207,Pittsburgh,Miami (OH),offense,offensive_possession_points,52.0,1.0,52.0,observed,,mixed_eligibility_drive,False
1,401858207,Pittsburgh,Miami (OH),defense,offensive_possession_points,14.0,1.0,14.0,observed,,mixed_eligibility_drive,False
1,401858207,Pittsburgh,Miami (OH),offense,ppp,52.0,10.0,5.2,observed,,mixed_eligibility_drive,True
1,401858207,Pittsburgh,Miami (OH),defense,ppp,14.0,9.0,1.5555555555555556,observed,,mixed_eligibility_drive,True
1,401858207,Pittsburgh,Miami (OH),offense,non_offense_points,0.0,1.0,0.0,observed,,mixed_eligibility_drive,False
1,401858207,Pittsburgh,Miami (OH),defense,non_offense_points,0.0,1.0,0.0,observed,,mixed_eligibility_drive,False
1,401858207,Miami (OH),Pittsburgh,offense,eligible_possessions,9.0,1.0,9.0,observed,,mixed_eligibility_drive,False
1,401858207,Miami (OH),Pittsburgh,defense,eligible_possessions,10.0,1.0,10.0,observed,,mixed_eligibility_drive,False
1,401858207,Miami (OH),Pittsburgh,offense,offensive_possession_points,14.0,1.0,14.0,observed,,mixed_eligibility_drive,False
1,401858207,Miami (OH),Pittsburgh,defense,offensive_possession_points,52.0,1.0,52.0,observed,,mixed_eligibility_drive,False
1,401858207,Miami (OH),Pittsburgh,offense,ppp,14.0,9.0,1.5555555555555556,observed,,mixed_eligibility_drive,True
1,401858207,Miami (OH),Pittsburgh,defense,ppp,52.0,10.0,5.2,observed,,mixed_eligibility_drive,True
1,401858207,Miami (OH),Pittsburgh,offense,non_offense_points,0.0,1.0,0.0,observed,,mixed_eligibility_drive,False
1,401858207,Miami (OH),Pittsburgh,defense,non_offense_points,0.0,1.0,0.0,observed,,mixed_eligibility_drive,False
1,401858209,Duke,Tulane,offense,eligible_possessions,13.0,1.0,13.0,observed,,mixed_eligibility_drive,False
1,401858209,Duke,Tulane,defense,eligible_possessions,12.0,1.0,12.0,observed,,mixed_eligibility_drive,False
1,401858209,Duke,Tulane,offense,offensive_possession_points,17.0,1.0,17.0,observed,,mixed_eligibility_drive,False
1,401858209,Duke,Tulane,defense,offensive_possession_points,3.0,1.0,3.0,observed,,mixed_eligibility_drive,False
1,401858209,Duke,Tulane,offense,ppp,17.0,13.0,1.3076923076923077,observed,,mixed_eligibility_drive,True
1,401858209,Duke,Tulane,defense,ppp,3.0,12.0,0.25,observed,,mixed_eligibility_drive,True
1,401858209,Duke,Tulane,offense,non_offense_points,0.0,1.0,0.0,observed,,mixed_eligibility_drive,False
1,401858209,Duke,Tulane,defense,non_offense_points,0.0,1.0,0.0,observed,,mixed_eligibility_drive,False
1,401858209,Tulane,Duke,offense,eligible_possessions,12.0,1.0,12.0,observed,,mixed_eligibility_drive,False
1,401858209,Tulane,Duke,defense,eligible_possessions,13.0,1.0,13.0,observed,,mixed_eligibility_drive,False
1,401858209,Tulane,Duke,offense,offensive_possession_points,3.0,1.0,3.0,observed,,mixed_eligibility_drive,False
1,401858209,Tulane,Duke,defense,offensive_possession_points,17.0,1.0,17.0,observed,,mixed_eligibility_drive,False
1,401858209,Tulane,Duke,offense,ppp,3.0,12.0,0.25,observed,,mixed_eligibility_drive,True
1,401858209,Tulane,Duke,defense,ppp,17.0,13.0,1.3076923076923077,observed,,mixed_eligibility_drive,True
1,401858209,Tulane,Duke,offense,non_offense_points,0.0,1.0,0.0,observed,,mixed_eligibility_drive,False
1,401858209,Tulane,Duke,defense,non_offense_points,0.0,1.0,0.0,observed,,mixed_eligibility_drive,False
1,401858210,California,UCLA,offense,eligible_possessions,14.0,1.0,14.0,observed,,mixed_eligibility_drive,False
1,401858210,California,UCLA,defense,eligible_possessions,14.0,1.0,14.0,observed,,mixed_eligibility_drive,False
1,401858210,California,UCLA,offense,offensive_possession_points,24.0,1.0,24.0,observed,,mixed_eligibility_drive,False
1,401858210,California,UCLA,defense,offensive_possession_points,45.0,1.0,45.0,observed,,mixed_eligibility_drive,False
1,401858210,California,UCLA,offense,ppp,24.0,14.0,1.7142857142857142,observed,,mixed_eligibility_drive,True
1,401858210,California,UCLA,defense,ppp,45.0,14.0,3.2142857142857144,observed,,mixed_eligibility_drive,True
1,401858210,California,UCLA,offense,non_offense_points,0.0,1.0,0.0,observed,,mixed_eligibility_drive,False
1,401858210,California,UCLA,defense,non_offense_points,0.0,1.0,0.0,observed,,mixed_eligibility_drive,False
1,401858210,UCLA,California,offense,eligible_possessions,14.0,1.0,14.0,observed,,mixed_eligibility_drive,False
1,401858210,UCLA,California,defense,eligible_possessions,14.0,1.0,14.0,observed,,mixed_eligibility_drive,False
1,401858210,UCLA,California,offense,offensive_possession_points,45.0,1.0,45.0,observed,,mixed_eligibility_drive,False
1,401858210,UCLA,California,defense,offensive_possession_points,24.0,1.0,24.0,observed,,mixed_eligibility_drive,False
1,401858210,UCLA,California,offense,ppp,45.0,14.0,3.2142857142857144,observed,,mixed_eligibility_drive,True
1,401858210,UCLA,California,defense,ppp,24.0,14.0,1.7142857142857142,observed,,mixed_eligibility_drive,True
1,401858210,UCLA,California,offense,non_offense_points,0.0,1.0,0.0,observed,,mixed_eligibility_drive,False
1,401858210,UCLA,California,defense,non_offense_points,0.0,1.0,0.0,observed,,mixed_eligibility_drive,False
1,401858212,Florida State,SMU,offense,eligible_possessions,12.0,1.0,12.0,observed,,mixed_eligibility_drive,False
1,401858212,Florida State,SMU,defense,eligible_possessions,11.0,1.0,11.0,observed,,mixed_eligibility_drive,False
1,401858212,Florida State,SMU,offense,offensive_possession_points,24.0,1.0,24.0,observed,,mixed_eligibility_drive,False
1,401858212,Florida State,SMU,defense,offensive_possession_points,27.0,1.0,27.0,observed,,mixed_eligibility_drive,False
1,401858212,Florida State,SMU,offense,ppp,24.0,12.0,2.0,observed,,mixed_eligibility_drive,True
1,401858212,Florida State,SMU,defense,ppp,27.0,11.0,2.4545454545454546,observed,,mixed_eligibility_drive,True
1,401858212,Florida State,SMU,offense,non_offense_points,0.0,1.0,0.0,observed,,mixed_eligibility_drive,False
1,401858212,Florida State,SMU,defense,non_offense_points,0.0,1.0,0.0,observed,,mixed_eligibility_drive,False
1,401858212,SMU,Florida State,offense,eligible_possessions,11.0,1.0,11.0,observed,,mixed_eligibility_drive,False
1,401858212,SMU,Florida State,defense,eligible_possessions,12.0,1.0,12.0,observed,,mixed_eligibility_drive,False
1,401858212,SMU,Florida State,offense,offensive_possession_points,27.0,1.0,27.0,observed,,mixed_eligibility_drive,False
1,401858212,SMU,Florida State,defense,offensive_possession_points,24.0,1.0,24.0,observed,,mixed_eligibility_drive,False
1,401858212,SMU,Florida State,offense,ppp,27.0,11.0,2.4545454545454546,observed,,mixed_eligibility_drive,True
1,401858212,SMU,Florida State,defense,ppp,24.0,12.0,2.0,observed,,mixed_eligibility_drive,True
1,401858212,SMU,Florida State,offense,non_offense_points,0.0,1.0,0.0,observed,,mixed_eligibility_drive,False
1,401858212,SMU,Florida State,defense,non_offense_points,0.0,1.0,0.0,observed,,mixed_eligibility_drive,False
1,401858423,Rutgers,Massachusetts,offense,eligible_possessions,12.0,1.0,12.0,observed,,mixed_eligibility_drive,False
1,401858423,Rutgers,Massachusetts,defense,eligible_possessions,12.0,1.0,12.0,observed,,mixed_eligibility_drive,False
1,401858423,Rutgers,Massachusetts,offense,offensive_possession_points,21.0,1.0,21.0,observed,,mixed_eligibility_drive,False
1,401858423,Rutgers,Massachusetts,defense,offensive_possession_points,37.0,1.0,37.0,observed,,mixed_eligibility_drive,False
1,401858423,Rutgers,Massachusetts,offense,ppp,21.0,12.0,1.75,observed,,mixed_eligibility_drive,True
1,401858423,Rutgers,Massachusetts,defense,ppp,37.0,12.0,3.0833333333333335,observed,,mixed_eligibility_drive,True
1,401858423,Rutgers,Massachusetts,offense,non_offense_points,0.0,1.0,0.0,observed,,mixed_eligibility_drive,False
1,401858423,Rutgers,Massachusetts,defense,non_offense_points,0.0,1.0,0.0,observed,,mixed_eligibility_drive,False
1,401858423,Massachusetts,Rutgers,offense,eligible_possessions,12.0,1.0,12.0,observed,,mixed_eligibility_drive,False
1,401858423,Massachusetts,Rutgers,defense,eligible_possessions,12.0,1.0,12.0,observed,,mixed_eligibility_drive,False
1,401858423,Massachusetts,Rutgers,offense,offensive_possession_points,37.0,1.0,37.0,observed,,mixed_eligibility_drive,False
1,401858423,Massachusetts,Rutgers,defense,offensive_possession_points,21.0,1.0,21.0,observed,,mixed_eligibility_drive,False
1,401858423,Massachusetts,Rutgers,offense,ppp,37.0,12.0,3.0833333333333335,observed,,mixed_eligibility_drive,True
1,401858423,Massachusetts,Rutgers,defense,ppp,21.0,12.0,1.75,observed,,mixed_eligibility_drive,True
1,401858423,Massachusetts,Rutgers,offense,non_offense_points,0.0,1.0,0.0,observed,,mixed_eligibility_drive,False
1,401858423,Massachusetts,Rutgers,defense,non_offense_points,0.0,1.0,0.0,observed,,mixed_eligibility_drive,False
1,401858424,Illinois,UAB,offense,eligible_possessions,8.0,1.0,8.0,observed,,mixed_eligibility_drive,False
1,401858424,Illinois,UAB,defense,eligible_possessions,8.0,1.0,8.0,observed,,mixed_eligibility_drive,False
1,401858424,Illinois,UAB,offense,offensive_possession_points,35.0,1.0,35.0,observed,,mixed_eligibility_drive,False
1,401858424,Illinois,UAB,defense,offensive_possession_points,23.0,1.0,23.0,observed,,mixed_eligibility_drive,False
1,401858424,Illinois,UAB,offense,ppp,35.0,8.0,4.375,observed,,mixed_eligibility_drive,True
1,401858424,Illinois,UAB,defense,ppp,23.0,8.0,2.875,observed,,mixed_eligibility_drive,True
1,401858424,Illinois,UAB,offense,non_offense_points,7.0,1.0,7.0,observed,,mixed_eligibility_drive,False
1,401858424,Illinois,UAB,defense,non_offense_points,0.0,1.0,0.0,observed,,mixed_eligibility_drive,False
1,401858424,UAB,Illinois,offense,eligible_possessions,8.0,1.0,8.0,observed,,mixed_eligibility_drive,False
1,401858424,UAB,Illinois,defense,eligible_possessions,8.0,1.0,8.0,observed,,mixed_eligibility_drive,False
1,401858424,UAB,Illinois,offense,offensive_possession_points,23.0,1.0,23.0,observed,,mixed_eligibility_drive,False
1,401858424,UAB,Illinois,defense,offensive_possession_points,35.0,1.0,35.0,observed,,mixed_eligibility_drive,False
1,401858424,UAB,Illinois,offense,ppp,23.0,8.0,2.875,observed,,mixed_eligibility_drive,True
1,401858424,UAB,Illinois,defense,ppp,35.0,8.0,4.375,observed,,mixed_eligibility_drive,True
1,401858424,UAB,Illinois,offense,non_offense_points,0.0,1.0,0.0,observed,,mixed_eligibility_drive,False
1,401858424,UAB,Illinois,defense,non_offense_points,7.0,1.0,7.0,observed,,mixed_eligibility_drive,False
1,401858425,Indiana,North Texas,offense,eligible_possessions,8.0,1.0,8.0,observed,,mixed_eligibility_drive,False
1,401858425,Indiana,North Texas,defense,eligible_possessions,8.0,1.0,8.0,observed,,mixed_eligibility_drive,False
1,401858425,Indiana,North Texas,offense,offensive_possession_points,45.0,1.0,45.0,observed,,mixed_eligibility_drive,False
1,401858425,Indiana,North Texas,defense,offensive_possession_points,16.0,1.0,16.0,observed,,mixed_eligibility_drive,False
1,401858425,Indiana,North Texas,offense,ppp,45.0,8.0,5.625,observed,,mixed_eligibility_drive,True
1,401858425,Indiana,North Texas,defense,ppp,16.0,8.0,2.0,observed,,mixed_eligibility_drive,True
1,401858425,Indiana,North Texas,offense,non_offense_points,0.0,1.0,0.0,observed,,mixed_eligibility_drive,False
1,401858425,Indiana,North Texas,defense,non_offense_points,0.0,1.0,0.0,observed,,mixed_eligibility_drive,False
1,401858425,North Texas,Indiana,offense,eligible_possessions,8.0,1.0,8.0,observed,,mixed_eligibility_drive,False
1,401858425,North Texas,Indiana,defense,eligible_possessions,8.0,1.0,8.0,observed,,mixed_eligibility_drive,False
1,401858425,North Texas,Indiana,offense,offensive_possession_points,16.0,1.0,16.0,observed,,mixed_eligibility_drive,False
1,401858425,North Texas,Indiana,defense,offensive_possession_points,45.0,1.0,45.0,observed,,mixed_eligibility_drive,False
1,401858425,North Texas,Indiana,offense,ppp,16.0,8.0,2.0,observed,,mixed_eligibility_drive,True
1,401858425,North Texas,Indiana,defense,ppp,45.0,8.0,5.625,observed,,mixed_eligibility_drive,True
1,401858425,North Texas,Indiana,offense,non_offense_points,0.0,1.0,0.0,observed,,mixed_eligibility_drive,False
1,401858425,North Texas,Indiana,defense,non_offense_points,0.0,1.0,0.0,observed,,mixed_eligibility_drive,False
1,401858426,Iowa,Northern Illinois,offense,eligible_possessions,10.0,1.0,10.0,observed,,mixed_eligibility_drive,False
1,401858426,Iowa,Northern Illinois,defense,eligible_possessions,11.0,1.0,11.0,observed,,mixed_eligibility_drive,False
1,401858426,Iowa,Northern Illinois,offense,offensive_possession_points,33.0,1.0,33.0,observed,,mixed_eligibility_drive,False
1,401858426,Iowa,Northern Illinois,defense,offensive_possession_points,0.0,1.0,0.0,observed,,mixed_eligibility_drive,False
1,401858426,Iowa,Northern Illinois,offense,ppp,33.0,10.0,3.3,observed,,mixed_eligibility_drive,True
1,401858426,Iowa,Northern Illinois,defense,ppp,0.0,11.0,0.0,observed,,mixed_eligibility_drive,True
1,401858426,Iowa,Northern Illinois,offense,non_offense_points,7.0,1.0,7.0,observed,,mixed_eligibility_drive,False
1,401858426,Iowa,Northern Illinois,defense,non_offense_points,0.0,1.0,0.0,observed,,mixed_eligibility_drive,False
1,401858426,Northern Illinois,Iowa,offense,eligible_possessions,11.0,1.0,11.0,observed,,mixed_eligibility_drive,False
1,401858426,Northern Illinois,Iowa,defense,eligible_possessions,10.0,1.0,10.0,observed,,mixed_eligibility_drive,False
1,401858426,Northern Illinois,Iowa,offense,offensive_possession_points,0.0,1.0,0.0,observed,,mixed_eligibility_drive,False
1,401858426,Northern Illinois,Iowa,defense,offensive_possession_points,33.0,1.0,33.0,observed,,mixed_eligibility_drive,False
1,401858426,Northern Illinois,Iowa,offense,ppp,0.0,11.0,0.0,observed,,mixed_eligibility_drive,True
1,401858426,Northern Illinois,Iowa,defense,ppp,33.0,10.0,3.3,observed,,mixed_eligibility_drive,True
1,401858426,Northern Illinois,Iowa,offense,non_offense_points,0.0,1.0,0.0,observed,,mixed_eligibility_drive,False
1,401858426,Northern Illinois,Iowa,defense,non_offense_points,7.0,1.0,7.0,observed,,mixed_eligibility_drive,False
1,401858428,Michigan,Western Michigan,offense,eligible_possessions,10.0,1.0,10.0,observed,,mixed_eligibility_drive,False
1,401858428,Michigan,Western Michigan,defense,eligible_possessions,11.0,1.0,11.0,observed,,mixed_eligibility_drive,False
1,401858428,Michigan,Western Michigan,offense,offensive_possession_points,13.0,1.0,13.0,observed,,mixed_eligibility_drive,False
1,401858428,Michigan,Western Michigan,defense,offensive_possession_points,12.0,1.0,12.0,observed,,mixed_eligibility_drive,False
1,401858428,Michigan,Western Michigan,offense,ppp,13.0,10.0,1.3,observed,,mixed_eligibility_drive,True
1,401858428,Michigan,Western Michigan,defense,ppp,12.0,11.0,1.0909090909090908,observed,,mixed_eligibility_drive,True
1,401858429,Michigan State,Toledo,offense,offensive_possession_points,30.0,1.0,30.0,observed,,mixed_eligibility_drive,False
1,401858428,Michigan,Western Michigan,offense,non_offense_points,0.0,1.0,0.0,observed,,mixed_eligibility_drive,False
1,401858428,Michigan,Western Michigan,defense,non_offense_points,0.0,1.0,0.0,observed,,mixed_eligibility_drive,False
1,401858428,Western Michigan,Michigan,offense,eligible_possessions,11.0,1.0,11.0,observed,,mixed_eligibility_drive,False
1,401858428,Western Michigan,Michigan,defense,eligible_possessions,10.0,1.0,10.0,observed,,mixed_eligibility_drive,False
1,401858428,Western Michigan,Michigan,offense,offensive_possession_points,12.0,1.0,12.0,observed,,mixed_eligibility_drive,False
1,401858428,Western Michigan,Michigan,defense,offensive_possession_points,13.0,1.0,13.0,observed,,mixed_eligibility_drive,False
1,401858428,Western Michigan,Michigan,offense,ppp,12.0,11.0,1.0909090909090908,observed,,mixed_eligibility_drive,True
1,401858428,Western Michigan,Michigan,defense,ppp,13.0,10.0,1.3,observed,,mixed_eligibility_drive,True
1,401858428,Western Michigan,Michigan,offense,non_offense_points,0.0,1.0,0.0,observed,,mixed_eligibility_drive,False
1,401858428,Western Michigan,Michigan,defense,non_offense_points,0.0,1.0,0.0,observed,,mixed_eligibility_drive,False
1,401858429,Michigan State,Toledo,offense,eligible_possessions,11.0,1.0,11.0,observed,,mixed_eligibility_drive,False
1,401858429,Michigan State,Toledo,defense,eligible_possessions,10.0,1.0,10.0,observed,,mixed_eligibility_drive,False
1,401858429,Michigan State,Toledo,defense,offensive_possession_points,20.0,1.0,20.0,observed,,mixed_eligibility_drive,False
1,401858429,Michigan State,Toledo,offense,ppp,30.0,11.0,2.727272727272727,observed,,mixed_eligibility_drive,True
1,401858429,Michigan State,Toledo,defense,ppp,20.0,10.0,2.0,observed,,mixed_eligibility_drive,True
1,401858429,Michigan State,Toledo,offense,non_offense_points,0.0,1.0,0.0,observed,,mixed_eligibility_drive,False
1,401858429,Michigan State,Toledo,defense,non_offense_points,0.0,1.0,0.0,observed,,mixed_eligibility_drive,False
1,401858429,Toledo,Michigan State,offense,eligible_possessions,10.0,1.0,10.0,observed,,mixed_eligibility_drive,False
1,401858429,Toledo,Michigan State,defense,eligible_possessions,11.0,1.0,11.0,observed,,mixed_eligibility_drive,False
1,401858429,Toledo,Michigan State,offense,offensive_possession_points,20.0,1.0,20.0,observed,,mixed_eligibility_drive,False
1,401858429,Toledo,Michigan State,defense,offensive_possession_points,30.0,1.0,30.0,observed,,mixed_eligibility_drive,False
1,401858429,Toledo,Michigan State,offense,ppp,20.0,10.0,2.0,observed,,mixed_eligibility_drive,True
1,401858429,Toledo,Michigan State,defense,ppp,30.0,11.0,2.727272727272727,observed,,mixed_eligibility_drive,True
1,401858429,Toledo,Michigan State,offense,non_offense_points,0.0,1.0,0.0,observed,,mixed_eligibility_drive,False
1,401858429,Toledo,Michigan State,defense,non_offense_points,0.0,1.0,0.0,observed,,mixed_eligibility_drive,False
1,401858430,Nebraska,Ohio,offense,eligible_possessions,11.0,1.0,11.0,observed,,mixed_eligibility_drive,False
1,401858430,Nebraska,Ohio,defense,eligible_possessions,11.0,1.0,11.0,observed,,mixed_eligibility_drive,False
1,401858430,Nebraska,Ohio,offense,offensive_possession_points,49.0,1.0,49.0,observed,,mixed_eligibility_drive,False
1,401858430,Nebraska,Ohio,defense,offensive_possession_points,21.0,1.0,21.0,observed,,mixed_eligibility_drive,False
1,401858430,Nebraska,Ohio,offense,ppp,49.0,11.0,4.454545454545454,observed,,mixed_eligibility_drive,True
1,401858430,Nebraska,Ohio,defense,ppp,21.0,11.0,1.9090909090909092,observed,,mixed_eligibility_drive,True
1,401858430,Nebraska,Ohio,offense,non_offense_points,0.0,1.0,0.0,observed,,mixed_eligibility_drive,False
1,401858430,Nebraska,Ohio,defense,non_offense_points,0.0,1.0,0.0,observed,,mixed_eligibility_drive,False
1,401858430,Ohio,Nebraska,offense,eligible_possessions,11.0,1.0,11.0,observed,,mixed_eligibility_drive,False
1,401858430,Ohio,Nebraska,defense,eligible_possessions,11.0,1.0,11.0,observed,,mixed_eligibility_drive,False
1,401858430,Ohio,Nebraska,offense,offensive_possession_points,21.0,1.0,21.0,observed,,mixed_eligibility_drive,False
1,401858430,Ohio,Nebraska,defense,offensive_possession_points,49.0,1.0,49.0,observed,,mixed_eligibility_drive,False
1,401858430,Ohio,Nebraska,offense,ppp,21.0,11.0,1.9090909090909092,observed,,mixed_eligibility_drive,True
1,401858430,Ohio,Nebraska,defense,ppp,49.0,11.0,4.454545454545454,observed,,mixed_eligibility_drive,True
1,401858430,Ohio,Nebraska,offense,non_offense_points,0.0,1.0,0.0,observed,,mixed_eligibility_drive,False
1,401858430,Ohio,Nebraska,defense,non_offense_points,0.0,1.0,0.0,observed,,mixed_eligibility_drive,False
1,401858432,Ohio State,Ball State,offense,eligible_possessions,8.0,1.0,8.0,observed,,mixed_eligibility_drive,False
1,401858432,Ohio State,Ball State,defense,eligible_possessions,8.0,1.0,8.0,observed,,mixed_eligibility_drive,False
1,401858432,Ohio State,Ball State,offense,offensive_possession_points,42.0,1.0,42.0,observed,,mixed_eligibility_drive,False
1,401858432,Ohio State,Ball State,defense,offensive_possession_points,3.0,1.0,3.0,observed,,mixed_eligibility_drive,False
1,401858432,Ohio State,Ball State,offense,ppp,42.0,8.0,5.25,observed,,mixed_eligibility_drive,True
1,401858432,Ohio State,Ball State,defense,ppp,3.0,8.0,0.375,observed,,mixed_eligibility_drive,True
1,401858432,Ohio State,Ball State,offense,non_offense_points,0.0,1.0,0.0,observed,,mixed_eligibility_drive,False
1,401858432,Ohio State,Ball State,defense,non_offense_points,0.0,1.0,0.0,observed,,mixed_eligibility_drive,False
1,401858432,Ball State,Ohio State,offense,eligible_possessions,8.0,1.0,8.0,observed,,mixed_eligibility_drive,False
1,401858432,Ball State,Ohio State,defense,eligible_possessions,8.0,1.0,8.0,observed,,mixed_eligibility_drive,False
1,401858432,Ball State,Ohio State,offense,offensive_possession_points,3.0,1.0,3.0,observed,,mixed_eligibility_drive,False
1,401858432,Ball State,Ohio State,defense,offensive_possession_points,42.0,1.0,42.0,observed,,mixed_eligibility_drive,False
1,401858432,Ball State,Ohio State,offense,ppp,3.0,8.0,0.375,observed,,mixed_eligibility_drive,True
1,401858432,Ball State,Ohio State,defense,ppp,42.0,8.0,5.25,observed,,mixed_eligibility_drive,True
1,401858432,Ball State,Ohio State,offense,non_offense_points,0.0,1.0,0.0,observed,,mixed_eligibility_drive,False
1,401858432,Ball State,Ohio State,defense,non_offense_points,0.0,1.0,0.0,observed,,mixed_eligibility_drive,False
1,401858433,Oregon,Boise State,offense,eligible_possessions,13.0,1.0,13.0,observed,,mixed_eligibility_drive,False
1,401858433,Oregon,Boise State,defense,eligible_possessions,13.0,1.0,13.0,observed,,mixed_eligibility_drive,False
1,401858433,Oregon,Boise State,offense,offensive_possession_points,14.0,1.0,,missing,unresolved_scoring_attribution,mixed_eligibility_drive,False
1,401858433,Oregon,Boise State,defense,offensive_possession_points,26.0,1.0,26.0,observed,,mixed_eligibility_drive,False
1,401858433,Oregon,Boise State,offense,ppp,14.0,13.0,,missing,unresolved_scoring_attribution,mixed_eligibility_drive,False
1,401858433,Oregon,Boise State,defense,ppp,26.0,13.0,2.0,observed,,mixed_eligibility_drive,True
1,401858433,Oregon,Boise State,offense,non_offense_points,0.0,1.0,,missing,unresolved_scoring_attribution,mixed_eligibility_drive,False
1,401858433,Oregon,Boise State,defense,non_offense_points,1.0,1.0,1.0,observed,,mixed_eligibility_drive,False
1,401858433,Boise State,Oregon,offense,eligible_possessions,13.0,1.0,13.0,observed,,mixed_eligibility_drive,False
1,401858433,Boise State,Oregon,defense,eligible_possessions,13.0,1.0,13.0,observed,,mixed_eligibility_drive,False
1,401858433,Boise State,Oregon,offense,offensive_possession_points,26.0,1.0,26.0,observed,,mixed_eligibility_drive,False
1,401858433,Boise State,Oregon,defense,offensive_possession_points,14.0,1.0,,missing,unresolved_scoring_attribution,mixed_eligibility_drive,False
1,401858433,Boise State,Oregon,offense,ppp,26.0,13.0,2.0,observed,,mixed_eligibility_drive,True
1,401858433,Boise State,Oregon,defense,ppp,14.0,13.0,,missing,unresolved_scoring_attribution,mixed_eligibility_drive,False
1,401858433,Boise State,Oregon,offense,non_offense_points,1.0,1.0,1.0,observed,,mixed_eligibility_drive,False
1,401858433,Boise State,Oregon,defense,non_offense_points,0.0,1.0,,missing,unresolved_scoring_attribution,mixed_eligibility_drive,False
1,401858434,Penn State,Marshall,offense,eligible_possessions,8.0,1.0,8.0,observed,,mixed_eligibility_drive,False
1,401858434,Penn State,Marshall,defense,eligible_possessions,8.0,1.0,8.0,observed,,mixed_eligibility_drive,False
1,401858434,Penn State,Marshall,offense,offensive_possession_points,38.0,1.0,38.0,observed,,mixed_eligibility_drive,False
1,401858434,Penn State,Marshall,defense,offensive_possession_points,0.0,1.0,0.0,observed,,mixed_eligibility_drive,False
1,401858434,Penn State,Marshall,offense,ppp,38.0,8.0,4.75,observed,,mixed_eligibility_drive,True
1,401858434,Penn State,Marshall,defense,ppp,0.0,8.0,0.0,observed,,mixed_eligibility_drive,True
1,401858434,Penn State,Marshall,offense,non_offense_points,0.0,1.0,0.0,observed,,mixed_eligibility_drive,False
1,401858434,Penn State,Marshall,defense,non_offense_points,0.0,1.0,0.0,observed,,mixed_eligibility_drive,False
1,401858434,Marshall,Penn State,offense,eligible_possessions,8.0,1.0,8.0,observed,,mixed_eligibility_drive,False
1,401858434,Marshall,Penn State,defense,eligible_possessions,8.0,1.0,8.0,observed,,mixed_eligibility_drive,False
1,401858434,Marshall,Penn State,offense,offensive_possession_points,0.0,1.0,0.0,observed,,mixed_eligibility_drive,False
1,401858434,Marshall,Penn State,defense,offensive_possession_points,38.0,1.0,38.0,observed,,mixed_eligibility_drive,False
1,401858434,Marshall,Penn State,offense,ppp,0.0,8.0,0.0,observed,,mixed_eligibility_drive,True
1,401858434,Marshall,Penn State,defense,ppp,38.0,8.0,4.75,observed,,mixed_eligibility_drive,True
1,401858434,Marshall,Penn State,offense,non_offense_points,0.0,1.0,0.0,observed,,mixed_eligibility_drive,False
1,401858434,Marshall,Penn State,defense,non_offense_points,0.0,1.0,0.0,observed,,mixed_eligibility_drive,False
1,401858436,USC,Fresno State,offense,eligible_possessions,8.0,1.0,8.0,observed,,mixed_eligibility_drive,False
1,401858436,USC,Fresno State,defense,eligible_possessions,9.0,1.0,9.0,observed,,mixed_eligibility_drive,False
1,401858436,USC,Fresno State,offense,offensive_possession_points,0.0,1.0,,missing,unresolved_scoring_attribution,mixed_eligibility_drive,False
1,401858436,USC,Fresno State,defense,offensive_possession_points,0.0,1.0,0.0,observed,,mixed_eligibility_drive,False
1,401858436,USC,Fresno State,offense,ppp,0.0,8.0,,missing,unresolved_scoring_attribution,mixed_eligibility_drive,False
1,401858436,USC,Fresno State,defense,ppp,0.0,9.0,0.0,observed,,mixed_eligibility_drive,True
1,401858436,USC,Fresno State,offense,non_offense_points,0.0,1.0,,missing,unresolved_scoring_attribution,mixed_eligibility_drive,False
1,401858436,USC,Fresno State,defense,non_offense_points,0.0,1.0,0.0,observed,,mixed_eligibility_drive,False
1,401858436,Fresno State,USC,offense,eligible_possessions,9.0,1.0,9.0,observed,,mixed_eligibility_drive,False
1,401858436,Fresno State,USC,defense,eligible_possessions,8.0,1.0,8.0,observed,,mixed_eligibility_drive,False
1,401858436,Fresno State,USC,offense,offensive_possession_points,0.0,1.0,0.0,observed,,mixed_eligibility_drive,False
1,401858436,Fresno State,USC,defense,offensive_possession_points,0.0,1.0,,missing,unresolved_scoring_attribution,mixed_eligibility_drive,False
1,401858436,Fresno State,USC,offense,ppp,0.0,9.0,0.0,observed,,mixed_eligibility_drive,True
1,401858436,Fresno State,USC,defense,ppp,0.0,8.0,,missing,unresolved_scoring_attribution,mixed_eligibility_drive,False
1,401858436,Fresno State,USC,defense,non_offense_points,0.0,1.0,,missing,unresolved_scoring_attribution,mixed_eligibility_drive,False
1,401858437,Washington,Washington State,offense,eligible_possessions,12.0,1.0,12.0,observed,,mixed_eligibility_drive,False
1,401858437,Washington,Washington State,defense,eligible_possessions,11.0,1.0,11.0,observed,,mixed_eligibility_drive,False
1,401858437,Washington,Washington State,offense,offensive_possession_points,24.0,1.0,24.0,observed,,mixed_eligibility_drive,False
1,401858437,Washington,Washington State,defense,offensive_possession_points,10.0,1.0,10.0,observed,,mixed_eligibility_drive,False
1,401858437,Washington,Washington State,offense,ppp,24.0,12.0,2.0,observed,,mixed_eligibility_drive,True
1,401858437,Washington,Washington State,defense,ppp,10.0,11.0,0.9090909090909091,observed,,mixed_eligibility_drive,True
1,401858437,Washington,Washington State,offense,non_offense_points,0.0,1.0,0.0,observed,,mixed_eligibility_drive,False
1,401858437,Washington,Washington State,defense,non_offense_points,0.0,1.0,0.0,observed,,mixed_eligibility_drive,False
1,401858437,Washington State,Washington,offense,eligible_possessions,11.0,1.0,11.0,observed,,mixed_eligibility_drive,False
1,401858437,Washington State,Washington,defense,eligible_possessions,12.0,1.0,12.0,observed,,mixed_eligibility_drive,False
1,401858437,Washington State,Washington,offense,offensive_possession_points,10.0,1.0,10.0,observed,,mixed_eligibility_drive,False
1,401858437,Washington State,Washington,defense,offensive_possession_points,24.0,1.0,24.0,observed,,mixed_eligibility_drive,False
1,401858437,Washington State,Washington,offense,ppp,10.0,11.0,0.9090909090909091,observed,,mixed_eligibility_drive,True
1,401858437,Washington State,Washington,defense,ppp,24.0,12.0,2.0,observed,,mixed_eligibility_drive,True
1,401858437,Washington State,Washington,offense,non_offense_points,0.0,1.0,0.0,observed,,mixed_eligibility_drive,False
1,401858437,Washington State,Washington,defense,non_offense_points,0.0,1.0,0.0,observed,,mixed_eligibility_drive,False
1,401858438,Notre Dame,Wisconsin,offense,eligible_possessions,10.0,1.0,10.0,observed,,mixed_eligibility_drive,False
1,401858438,Notre Dame,Wisconsin,defense,eligible_possessions,9.0,1.0,9.0,observed,,mixed_eligibility_drive,False
1,401858438,Notre Dame,Wisconsin,offense,offensive_possession_points,34.0,1.0,34.0,observed,,mixed_eligibility_drive,False
1,401858438,Notre Dame,Wisconsin,defense,offensive_possession_points,13.0,1.0,13.0,observed,,mixed_eligibility_drive,False
1,401858438,Notre Dame,Wisconsin,offense,ppp,34.0,10.0,3.4,observed,,mixed_eligibility_drive,True
1,401858438,Notre Dame,Wisconsin,defense,ppp,13.0,9.0,1.4444444444444444,observed,,mixed_eligibility_drive,True
1,401858438,Notre Dame,Wisconsin,offense,non_offense_points,7.0,1.0,7.0,observed,,mixed_eligibility_drive,False
1,401858438,Notre Dame,Wisconsin,defense,non_offense_points,0.0,1.0,0.0,observed,,mixed_eligibility_drive,False
1,401858438,Wisconsin,Notre Dame,offense,eligible_possessions,9.0,1.0,9.0,observed,,mixed_eligibility_drive,False
1,401858438,Wisconsin,Notre Dame,defense,eligible_possessions,10.0,1.0,10.0,observed,,mixed_eligibility_drive,False
1,401858438,Wisconsin,Notre Dame,offense,offensive_possession_points,13.0,1.0,13.0,observed,,mixed_eligibility_drive,False
1,401858438,Wisconsin,Notre Dame,defense,offensive_possession_points,34.0,1.0,34.0,observed,,mixed_eligibility_drive,False
1,401858438,Wisconsin,Notre Dame,offense,ppp,13.0,9.0,1.4444444444444444,observed,,mixed_eligibility_drive,True
1,401858438,Wisconsin,Notre Dame,defense,ppp,34.0,10.0,3.4,observed,,mixed_eligibility_drive,True
1,401858438,Wisconsin,Notre Dame,offense,non_offense_points,0.0,1.0,0.0,observed,,mixed_eligibility_drive,False
1,401858438,Wisconsin,Notre Dame,defense,non_offense_points,7.0,1.0,7.0,observed,,mixed_eligibility_drive,False
1,401860878,Colorado State,Wyoming,offense,eligible_possessions,11.0,1.0,11.0,observed,,mixed_eligibility_drive,False
1,401860878,Colorado State,Wyoming,defense,eligible_possessions,11.0,1.0,11.0,observed,,mixed_eligibility_drive,False
1,401860878,Colorado State,Wyoming,offense,offensive_possession_points,35.0,1.0,35.0,observed,,mixed_eligibility_drive,False
1,401860878,Colorado State,Wyoming,defense,offensive_possession_points,13.0,1.0,13.0,observed,,mixed_eligibility_drive,False
1,401860878,Colorado State,Wyoming,offense,ppp,35.0,11.0,3.1818181818181817,observed,,mixed_eligibility_drive,True
1,401860878,Colorado State,Wyoming,defense,ppp,13.0,11.0,1.1818181818181819,observed,,mixed_eligibility_drive,True
1,401860878,Colorado State,Wyoming,offense,non_offense_points,0.0,1.0,0.0,observed,,mixed_eligibility_drive,False
1,401860878,Colorado State,Wyoming,defense,non_offense_points,0.0,1.0,0.0,observed,,mixed_eligibility_drive,False
1,401860878,Wyoming,Colorado State,offense,eligible_possessions,11.0,1.0,11.0,observed,,mixed_eligibility_drive,False
1,401860878,Wyoming,Colorado State,defense,eligible_possessions,11.0,1.0,11.0,observed,,mixed_eligibility_drive,False
1,401860878,Wyoming,Colorado State,offense,offensive_possession_points,13.0,1.0,13.0,observed,,mixed_eligibility_drive,False
1,401860878,Wyoming,Colorado State,defense,offensive_possession_points,35.0,1.0,35.0,observed,,mixed_eligibility_drive,False
1,401860878,Wyoming,Colorado State,offense,ppp,13.0,11.0,1.1818181818181819,observed,,mixed_eligibility_drive,True
1,401860878,Wyoming,Colorado State,defense,ppp,35.0,11.0,3.1818181818181817,observed,,mixed_eligibility_drive,True
1,401860878,Wyoming,Colorado State,offense,non_offense_points,0.0,1.0,0.0,observed,,mixed_eligibility_drive,False
1,401860878,Wyoming,Colorado State,defense,non_offense_points,0.0,1.0,0.0,observed,,mixed_eligibility_drive,False
1,401862695,Memphis,Arkansas State,offense,eligible_possessions,12.0,1.0,12.0,observed,,mixed_eligibility_drive,False
1,401862695,Memphis,Arkansas State,defense,eligible_possessions,12.0,1.0,12.0,observed,,mixed_eligibility_drive,False
1,401862695,Memphis,Arkansas State,offense,offensive_possession_points,42.0,1.0,42.0,observed,,mixed_eligibility_drive,False
1,401862695,Memphis,Arkansas State,defense,offensive_possession_points,24.0,1.0,24.0,observed,,mixed_eligibility_drive,False
1,401862695,Memphis,Arkansas State,offense,ppp,42.0,12.0,3.5,observed,,mixed_eligibility_drive,True
1,401862695,Memphis,Arkansas State,defense,ppp,24.0,12.0,2.0,observed,,mixed_eligibility_drive,True
1,401862695,Memphis,Arkansas State,offense,non_offense_points,0.0,1.0,0.0,observed,,mixed_eligibility_drive,False
1,401862695,Memphis,Arkansas State,defense,non_offense_points,0.0,1.0,0.0,observed,,mixed_eligibility_drive,False
1,401862695,Arkansas State,Memphis,offense,eligible_possessions,12.0,1.0,12.0,observed,,mixed_eligibility_drive,False
1,401862695,Arkansas State,Memphis,defense,eligible_possessions,12.0,1.0,12.0,observed,,mixed_eligibility_drive,False
1,401862695,Arkansas State,Memphis,offense,offensive_possession_points,24.0,1.0,24.0,observed,,mixed_eligibility_drive,False
1,401862695,Arkansas State,Memphis,defense,offensive_possession_points,42.0,1.0,42.0,observed,,mixed_eligibility_drive,False
1,401862695,Arkansas State,Memphis,offense,ppp,24.0,12.0,2.0,observed,,mixed_eligibility_drive,True
1,401862695,Arkansas State,Memphis,defense,ppp,42.0,12.0,3.5,observed,,mixed_eligibility_drive,True
1,401862695,Arkansas State,Memphis,offense,non_offense_points,0.0,1.0,0.0,observed,,mixed_eligibility_drive,False
1,401862695,Arkansas State,Memphis,defense,non_offense_points,0.0,1.0,0.0,observed,,mixed_eligibility_drive,False
1,401862699,South Florida,Florida International,offense,eligible_possessions,9.0,1.0,9.0,observed,,mixed_eligibility_drive,False
1,401862699,South Florida,Florida International,defense,eligible_possessions,10.0,1.0,10.0,observed,,mixed_eligibility_drive,False
1,401862699,South Florida,Florida International,offense,offensive_possession_points,19.0,1.0,19.0,observed,,mixed_eligibility_drive,False
1,401862699,South Florida,Florida International,defense,offensive_possession_points,6.0,1.0,6.0,observed,,mixed_eligibility_drive,False
1,401862699,South Florida,Florida International,offense,ppp,19.0,9.0,2.111111111111111,observed,,mixed_eligibility_drive,True
1,401862699,South Florida,Florida International,defense,ppp,6.0,10.0,0.6,observed,,mixed_eligibility_drive,True
1,401862699,South Florida,Florida International,offense,non_offense_points,0.0,1.0,0.0,observed,,mixed_eligibility_drive,False
1,401862699,South Florida,Florida International,defense,non_offense_points,3.0,1.0,3.0,observed,,mixed_eligibility_drive,False
1,401862699,Florida International,South Florida,offense,eligible_possessions,10.0,1.0,10.0,observed,,mixed_eligibility_drive,False
1,401862699,Florida International,South Florida,defense,eligible_possessions,9.0,1.0,9.0,observed,,mixed_eligibility_drive,False
1,401862699,Florida International,South Florida,offense,offensive_possession_points,6.0,1.0,6.0,observed,,mixed_eligibility_drive,False
1,401862699,Florida International,South Florida,defense,offensive_possession_points,19.0,1.0,19.0,observed,,mixed_eligibility_drive,False
1,401862699,Florida International,South Florida,offense,ppp,6.0,10.0,0.6,observed,,mixed_eligibility_drive,True
1,401862699,Florida International,South Florida,defense,ppp,19.0,9.0,2.111111111111111,observed,,mixed_eligibility_drive,True
1,401862699,Florida International,South Florida,offense,non_offense_points,3.0,1.0,3.0,observed,,mixed_eligibility_drive,False
1,401862699,Florida International,South Florida,defense,non_offense_points,0.0,1.0,0.0,observed,,mixed_eligibility_drive,False
1,401864432,Nevada,Western Kentucky,offense,eligible_possessions,10.0,1.0,10.0,observed,,mixed_eligibility_drive,False
1,401864432,Nevada,Western Kentucky,defense,eligible_possessions,10.0,1.0,10.0,observed,,mixed_eligibility_drive,False
1,401864432,Nevada,Western Kentucky,offense,offensive_possession_points,42.0,1.0,42.0,observed,,mixed_eligibility_drive,False
1,401864432,Nevada,Western Kentucky,defense,offensive_possession_points,7.0,1.0,7.0,observed,,mixed_eligibility_drive,False
1,401864432,Nevada,Western Kentucky,offense,ppp,42.0,10.0,4.2,observed,,mixed_eligibility_drive,True
1,401864432,Nevada,Western Kentucky,defense,ppp,7.0,10.0,0.7,observed,,mixed_eligibility_drive,True
1,401864432,Nevada,Western Kentucky,offense,non_offense_points,0.0,1.0,0.0,observed,,mixed_eligibility_drive,False
1,401864432,Nevada,Western Kentucky,defense,non_offense_points,0.0,1.0,0.0,observed,,mixed_eligibility_drive,False
1,401864432,Western Kentucky,Nevada,offense,eligible_possessions,10.0,1.0,10.0,observed,,mixed_eligibility_drive,False
1,401864432,Western Kentucky,Nevada,defense,eligible_possessions,10.0,1.0,10.0,observed,,mixed_eligibility_drive,False
1,401864432,Western Kentucky,Nevada,offense,offensive_possession_points,7.0,1.0,7.0,observed,,mixed_eligibility_drive,False
1,401864432,Western Kentucky,Nevada,defense,offensive_possession_points,42.0,1.0,42.0,observed,,mixed_eligibility_drive,False
1,401864432,Western Kentucky,Nevada,offense,ppp,7.0,10.0,0.7,observed,,mixed_eligibility_drive,True
1,401864432,Western Kentucky,Nevada,defense,ppp,42.0,10.0,4.2,observed,,mixed_eligibility_drive,True
1,401864432,Western Kentucky,Nevada,offense,non_offense_points,0.0,1.0,0.0,observed,,mixed_eligibility_drive,False
1,401864432,Western Kentucky,Nevada,defense,non_offense_points,0.0,1.0,0.0,observed,,mixed_eligibility_drive,False
1,401864495,Eastern Michigan,San José State,offense,eligible_possessions,14.0,1.0,14.0,observed,,mixed_eligibility_drive,False
1,401864495,Eastern Michigan,San José State,defense,eligible_possessions,16.0,1.0,16.0,observed,,mixed_eligibility_drive,False
1,401864495,Eastern Michigan,San José State,offense,offensive_possession_points,14.0,1.0,14.0,observed,,mixed_eligibility_drive,False
1,401864495,Eastern Michigan,San José State,defense,offensive_possession_points,27.0,1.0,27.0,observed,,mixed_eligibility_drive,False
1,401864495,Eastern Michigan,San José State,offense,ppp,14.0,14.0,1.0,observed,,mixed_eligibility_drive,True
1,401864495,Eastern Michigan,San José State,defense,ppp,27.0,16.0,1.6875,observed,,mixed_eligibility_drive,True
1,401864495,Eastern Michigan,San José State,offense,non_offense_points,7.0,1.0,7.0,observed,,mixed_eligibility_drive,False
1,401864495,Eastern Michigan,San José State,defense,non_offense_points,0.0,1.0,0.0,observed,,mixed_eligibility_drive,False
1,401864495,San José State,Eastern Michigan,offense,eligible_possessions,16.0,1.0,16.0,observed,,mixed_eligibility_drive,False
1,401864495,San José State,Eastern Michigan,defense,eligible_possessions,14.0,1.0,14.0,observed,,mixed_eligibility_drive,False
1,401864495,San José State,Eastern Michigan,offense,offensive_possession_points,27.0,1.0,27.0,observed,,mixed_eligibility_drive,False
1,401864495,San José State,Eastern Michigan,defense,offensive_possession_points,14.0,1.0,14.0,observed,,mixed_eligibility_drive,False
1,401864495,San José State,Eastern Michigan,offense,ppp,27.0,16.0,1.6875,observed,,mixed_eligibility_drive,True
1,401864495,San José State,Eastern Michigan,defense,ppp,14.0,14.0,1.0,observed,,mixed_eligibility_drive,True
1,401864495,San José State,Eastern Michigan,offense,non_offense_points,0.0,1.0,0.0,observed,,mixed_eligibility_drive,False
1,401864495,San José State,Eastern Michigan,defense,non_offense_points,7.0,1.0,7.0,observed,,mixed_eligibility_drive,False
1,401864497,Hawai'i,UNLV,offense,eligible_possessions,11.0,1.0,11.0,observed,,mixed_eligibility_drive,False
1,401864497,Hawai'i,UNLV,defense,eligible_possessions,12.0,1.0,12.0,observed,,mixed_eligibility_drive,False
1,401864497,Hawai'i,UNLV,offense,offensive_possession_points,6.0,1.0,6.0,observed,,mixed_eligibility_drive,False
1,401864497,Hawai'i,UNLV,defense,offensive_possession_points,21.0,1.0,21.0,observed,,mixed_eligibility_drive,False
1,401864497,Hawai'i,UNLV,offense,ppp,6.0,11.0,0.5454545454545454,observed,,mixed_eligibility_drive,True
1,401864497,Hawai'i,UNLV,defense,ppp,21.0,12.0,1.75,observed,,mixed_eligibility_drive,True
1,401864497,Hawai'i,UNLV,offense,non_offense_points,0.0,1.0,0.0,observed,,mixed_eligibility_drive,False
1,401864497,Hawai'i,UNLV,defense,non_offense_points,0.0,1.0,0.0,observed,,mixed_eligibility_drive,False
1,401864497,UNLV,Hawai'i,offense,eligible_possessions,12.0,1.0,12.0,observed,,mixed_eligibility_drive,False
1,401864497,UNLV,Hawai'i,defense,eligible_possessions,11.0,1.0,11.0,observed,,mixed_eligibility_drive,False
1,401864497,UNLV,Hawai'i,offense,offensive_possession_points,21.0,1.0,21.0,observed,,mixed_eligibility_drive,False
1,401864497,UNLV,Hawai'i,defense,offensive_possession_points,6.0,1.0,6.0,observed,,mixed_eligibility_drive,False
1,401864497,UNLV,Hawai'i,offense,ppp,21.0,12.0,1.75,observed,,mixed_eligibility_drive,True
1,401864497,UNLV,Hawai'i,defense,ppp,6.0,11.0,0.5454545454545454,observed,,mixed_eligibility_drive,True
1,401864497,UNLV,Hawai'i,offense,non_offense_points,0.0,1.0,0.0,observed,,mixed_eligibility_drive,False
1,401864497,UNLV,Hawai'i,defense,non_offense_points,0.0,1.0,0.0,observed,,mixed_eligibility_drive,False
1,401864498,New Mexico,Central Michigan,offense,eligible_possessions,8.0,1.0,8.0,observed,,mixed_eligibility_drive,False
1,401864498,New Mexico,Central Michigan,defense,eligible_possessions,7.0,1.0,7.0,observed,,mixed_eligibility_drive,False
1,401864498,New Mexico,Central Michigan,offense,offensive_possession_points,33.0,1.0,33.0,observed,,mixed_eligibility_drive,False
1,401864498,New Mexico,Central Michigan,defense,offensive_possession_points,0.0,1.0,0.0,observed,,mixed_eligibility_drive,False
1,401864498,New Mexico,Central Michigan,offense,ppp,33.0,8.0,4.125,observed,,mixed_eligibility_drive,True
1,401864498,New Mexico,Central Michigan,defense,ppp,0.0,7.0,0.0,observed,,mixed_eligibility_drive,True
1,401864498,New Mexico,Central Michigan,offense,non_offense_points,2.0,1.0,2.0,observed,,mixed_eligibility_drive,False
1,401864498,New Mexico,Central Michigan,defense,non_offense_points,0.0,1.0,0.0,observed,,mixed_eligibility_drive,False
1,401864498,Central Michigan,New Mexico,offense,eligible_possessions,7.0,1.0,7.0,observed,,mixed_eligibility_drive,False
1,401864498,Central Michigan,New Mexico,defense,eligible_possessions,8.0,1.0,8.0,observed,,mixed_eligibility_drive,False
1,401864498,Central Michigan,New Mexico,offense,offensive_possession_points,0.0,1.0,0.0,observed,,mixed_eligibility_drive,False
1,401864498,Central Michigan,New Mexico,defense,offensive_possession_points,33.0,1.0,33.0,observed,,mixed_eligibility_drive,False
1,401864498,Central Michigan,New Mexico,offense,ppp,0.0,7.0,0.0,observed,,mixed_eligibility_drive,True
1,401864498,Central Michigan,New Mexico,defense,ppp,33.0,8.0,4.125,observed,,mixed_eligibility_drive,True
1,401864498,Central Michigan,New Mexico,offense,non_offense_points,0.0,1.0,0.0,observed,,mixed_eligibility_drive,False
1,401864498,Central Michigan,New Mexico,defense,non_offense_points,2.0,1.0,2.0,observed,,mixed_eligibility_drive,False
1,401869960,James Madison,Liberty,offense,eligible_possessions,9.0,1.0,9.0,observed,,mixed_eligibility_drive,False
1,401869960,James Madison,Liberty,defense,eligible_possessions,9.0,1.0,9.0,observed,,mixed_eligibility_drive,False
1,401869960,James Madison,Liberty,offense,offensive_possession_points,20.0,1.0,20.0,observed,,mixed_eligibility_drive,False
1,401869960,James Madison,Liberty,defense,offensive_possession_points,13.0,1.0,13.0,observed,,mixed_eligibility_drive,False
1,401869960,James Madison,Liberty,offense,ppp,20.0,9.0,2.2222222222222223,observed,,mixed_eligibility_drive,True
1,401869960,James Madison,Liberty,defense,ppp,13.0,9.0,1.4444444444444444,observed,,mixed_eligibility_drive,True
1,401869960,James Madison,Liberty,offense,non_offense_points,0.0,1.0,0.0,observed,,mixed_eligibility_drive,False
1,401869960,James Madison,Liberty,defense,non_offense_points,0.0,1.0,0.0,observed,,mixed_eligibility_drive,False
1,401869960,Liberty,James Madison,offense,eligible_possessions,9.0,1.0,9.0,observed,,mixed_eligibility_drive,False
1,401869960,Liberty,James Madison,defense,eligible_possessions,9.0,1.0,9.0,observed,,mixed_eligibility_drive,False
1,401869960,Liberty,James Madison,offense,offensive_possession_points,13.0,1.0,13.0,observed,,mixed_eligibility_drive,False
1,401869960,Liberty,James Madison,defense,offensive_possession_points,20.0,1.0,20.0,observed,,mixed_eligibility_drive,False
1,401869960,Liberty,James Madison,offense,ppp,13.0,9.0,1.4444444444444444,observed,,mixed_eligibility_drive,True
1,401869960,Liberty,James Madison,defense,ppp,20.0,9.0,2.2222222222222223,observed,,mixed_eligibility_drive,True
1,401869960,Liberty,James Madison,offense,non_offense_points,0.0,1.0,0.0,observed,,mixed_eligibility_drive,False
1,401869960,Liberty,James Madison,defense,non_offense_points,0.0,1.0,0.0,observed,,mixed_eligibility_drive,False
1,401870763,Troy,Sam Houston,offense,eligible_possessions,13.0,1.0,13.0,observed,,mixed_eligibility_drive,False
1,401870763,Troy,Sam Houston,defense,eligible_possessions,12.0,1.0,12.0,observed,,mixed_eligibility_drive,False
1,401870763,Troy,Sam Houston,offense,offensive_possession_points,24.0,1.0,24.0,observed,,mixed_eligibility_drive,False
1,401870763,Troy,Sam Houston,defense,offensive_possession_points,21.0,1.0,21.0,observed,,mixed_eligibility_drive,False
1,401870763,Troy,Sam Houston,offense,ppp,24.0,13.0,1.8461538461538463,observed,,mixed_eligibility_drive,True
1,401870763,Troy,Sam Houston,defense,ppp,21.0,12.0,1.75,observed,,mixed_eligibility_drive,True
1,401870763,Troy,Sam Houston,offense,non_offense_points,0.0,1.0,0.0,observed,,mixed_eligibility_drive,False
1,401870763,Troy,Sam Houston,defense,non_offense_points,0.0,1.0,0.0,observed,,mixed_eligibility_drive,False
1,401870763,Sam Houston,Troy,offense,eligible_possessions,12.0,1.0,12.0,observed,,mixed_eligibility_drive,False
1,401870763,Sam Houston,Troy,defense,eligible_possessions,13.0,1.0,13.0,observed,,mixed_eligibility_drive,False
1,401870763,Sam Houston,Troy,offense,offensive_possession_points,21.0,1.0,21.0,observed,,mixed_eligibility_drive,False
1,401870763,Sam Houston,Troy,defense,offensive_possession_points,24.0,1.0,24.0,observed,,mixed_eligibility_drive,False
1,401870763,Sam Houston,Troy,offense,ppp,21.0,12.0,1.75,observed,,mixed_eligibility_drive,True
1,401870763,Sam Houston,Troy,defense,ppp,24.0,13.0,1.8461538461538463,observed,,mixed_eligibility_drive,True
1,401870763,Sam Houston,Troy,offense,non_offense_points,0.0,1.0,0.0,observed,,mixed_eligibility_drive,False
1,401870763,Sam Houston,Troy,defense,non_offense_points,0.0,1.0,0.0,observed,,mixed_eligibility_drive,False
2,401856670,Utah,Arkansas,offense,eligible_possessions,9.0,1.0,9.0,observed,,mixed_eligibility_drive,False
2,401856670,Utah,Arkansas,defense,eligible_possessions,9.0,1.0,9.0,observed,,mixed_eligibility_drive,False
2,401856670,Utah,Arkansas,offense,offensive_possession_points,42.0,1.0,42.0,observed,,mixed_eligibility_drive,False
2,401856670,Utah,Arkansas,defense,offensive_possession_points,3.0,1.0,3.0,observed,,mixed_eligibility_drive,False
2,401856670,Utah,Arkansas,offense,ppp,42.0,9.0,4.666666666666667,observed,,mixed_eligibility_drive,True
2,401856670,Utah,Arkansas,defense,ppp,3.0,9.0,0.3333333333333333,observed,,mixed_eligibility_drive,True
2,401856670,Utah,Arkansas,offense,non_offense_points,1.0,1.0,1.0,observed,,mixed_eligibility_drive,False
2,401856670,Utah,Arkansas,defense,non_offense_points,0.0,1.0,0.0,observed,,mixed_eligibility_drive,False
2,401856670,Arkansas,Utah,offense,eligible_possessions,9.0,1.0,9.0,observed,,mixed_eligibility_drive,False
2,401856670,Arkansas,Utah,defense,eligible_possessions,9.0,1.0,9.0,observed,,mixed_eligibility_drive,False
2,401856670,Arkansas,Utah,offense,offensive_possession_points,3.0,1.0,3.0,observed,,mixed_eligibility_drive,False
2,401856670,Arkansas,Utah,defense,offensive_possession_points,42.0,1.0,42.0,observed,,mixed_eligibility_drive,False
2,401856670,Arkansas,Utah,offense,ppp,3.0,9.0,0.3333333333333333,observed,,mixed_eligibility_drive,True
2,401856670,Arkansas,Utah,defense,ppp,42.0,9.0,4.666666666666667,observed,,mixed_eligibility_drive,True
2,401856670,Arkansas,Utah,offense,non_offense_points,0.0,1.0,0.0,observed,,mixed_eligibility_drive,False
2,401856670,Arkansas,Utah,defense,non_offense_points,1.0,1.0,1.0,observed,,mixed_eligibility_drive,False
2,401856671,Auburn,Southern Miss,offense,eligible_possessions,9.0,1.0,9.0,observed,,mixed_eligibility_drive,False
2,401856671,Auburn,Southern Miss,defense,eligible_possessions,9.0,1.0,9.0,observed,,mixed_eligibility_drive,False
2,401856671,Auburn,Southern Miss,offense,offensive_possession_points,33.0,1.0,33.0,observed,,mixed_eligibility_drive,False
2,401856671,Auburn,Southern Miss,defense,offensive_possession_points,8.0,1.0,8.0,observed,,mixed_eligibility_drive,False
2,401856671,Auburn,Southern Miss,offense,ppp,33.0,9.0,3.6666666666666665,observed,,mixed_eligibility_drive,True
2,401856671,Auburn,Southern Miss,defense,ppp,8.0,9.0,0.8888888888888888,observed,,mixed_eligibility_drive,True
2,401856671,Auburn,Southern Miss,offense,non_offense_points,10.0,1.0,10.0,observed,,mixed_eligibility_drive,False
2,401856671,Auburn,Southern Miss,defense,non_offense_points,0.0,1.0,0.0,observed,,mixed_eligibility_drive,False
2,401856671,Southern Miss,Auburn,offense,eligible_possessions,9.0,1.0,9.0,observed,,mixed_eligibility_drive,False
2,401856671,Southern Miss,Auburn,defense,eligible_possessions,9.0,1.0,9.0,observed,,mixed_eligibility_drive,False
2,401856671,Southern Miss,Auburn,offense,offensive_possession_points,8.0,1.0,8.0,observed,,mixed_eligibility_drive,False
2,401856671,Southern Miss,Auburn,defense,offensive_possession_points,33.0,1.0,33.0,observed,,mixed_eligibility_drive,False
2,401856671,Southern Miss,Auburn,offense,ppp,8.0,9.0,0.8888888888888888,observed,,mixed_eligibility_drive,True
2,401856671,Southern Miss,Auburn,defense,ppp,33.0,9.0,3.6666666666666665,observed,,mixed_eligibility_drive,True
2,401856671,Southern Miss,Auburn,offense,non_offense_points,0.0,1.0,0.0,observed,,mixed_eligibility_drive,False
2,401856671,Southern Miss,Auburn,defense,non_offense_points,10.0,1.0,10.0,observed,,mixed_eligibility_drive,False
2,401856673,Georgia,Western Kentucky,offense,eligible_possessions,9.0,1.0,9.0,observed,,mixed_eligibility_drive,False
2,401856673,Georgia,Western Kentucky,defense,eligible_possessions,8.0,1.0,8.0,observed,,mixed_eligibility_drive,False
2,401856673,Georgia,Western Kentucky,offense,offensive_possession_points,49.0,1.0,49.0,observed,,mixed_eligibility_drive,False
2,401856673,Georgia,Western Kentucky,defense,offensive_possession_points,6.0,1.0,6.0,observed,,mixed_eligibility_drive,False
2,401856673,Georgia,Western Kentucky,offense,ppp,49.0,9.0,5.444444444444445,observed,,mixed_eligibility_drive,True
2,401856673,Georgia,Western Kentucky,defense,ppp,6.0,8.0,0.75,observed,,mixed_eligibility_drive,True
2,401856673,Georgia,Western Kentucky,offense,non_offense_points,14.0,1.0,14.0,observed,,mixed_eligibility_drive,False
2,401856673,Georgia,Western Kentucky,defense,non_offense_points,0.0,1.0,0.0,observed,,mixed_eligibility_drive,False
2,401856673,Western Kentucky,Georgia,offense,eligible_possessions,8.0,1.0,8.0,observed,,mixed_eligibility_drive,False
2,401856673,Western Kentucky,Georgia,defense,eligible_possessions,9.0,1.0,9.0,observed,,mixed_eligibility_drive,False
2,401856673,Western Kentucky,Georgia,offense,offensive_possession_points,6.0,1.0,6.0,observed,,mixed_eligibility_drive,False
2,401856673,Western Kentucky,Georgia,defense,offensive_possession_points,49.0,1.0,49.0,observed,,mixed_eligibility_drive,False
2,401856673,Western Kentucky,Georgia,offense,ppp,6.0,8.0,0.75,observed,,mixed_eligibility_drive,True
2,401856673,Western Kentucky,Georgia,defense,ppp,49.0,9.0,5.444444444444445,observed,,mixed_eligibility_drive,True
2,401856673,Western Kentucky,Georgia,offense,non_offense_points,0.0,1.0,0.0,observed,,mixed_eligibility_drive,False
2,401856673,Western Kentucky,Georgia,defense,non_offense_points,14.0,1.0,14.0,observed,,mixed_eligibility_drive,False
2,401856674,Kentucky,Alabama,offense,eligible_possessions,11.0,1.0,11.0,observed,,mixed_eligibility_drive,False
2,401856674,Kentucky,Alabama,defense,eligible_possessions,11.0,1.0,11.0,observed,,mixed_eligibility_drive,False
2,401856674,Kentucky,Alabama,offense,offensive_possession_points,10.0,1.0,10.0,observed,,mixed_eligibility_drive,False
2,401856674,Kentucky,Alabama,defense,offensive_possession_points,37.0,1.0,37.0,observed,,mixed_eligibility_drive,False
2,401856674,Kentucky,Alabama,offense,ppp,10.0,11.0,0.9090909090909091,observed,,mixed_eligibility_drive,True
2,401856674,Kentucky,Alabama,defense,ppp,37.0,11.0,3.3636363636363638,observed,,mixed_eligibility_drive,True
2,401856674,Kentucky,Alabama,offense,non_offense_points,7.0,1.0,7.0,observed,,mixed_eligibility_drive,False
2,401856674,Kentucky,Alabama,defense,non_offense_points,8.0,1.0,8.0,observed,,mixed_eligibility_drive,False
2,401856674,Alabama,Kentucky,offense,eligible_possessions,11.0,1.0,11.0,observed,,mixed_eligibility_drive,False
2,401856674,Alabama,Kentucky,defense,eligible_possessions,11.0,1.0,11.0,observed,,mixed_eligibility_drive,False
2,401856674,Alabama,Kentucky,offense,offensive_possession_points,37.0,1.0,37.0,observed,,mixed_eligibility_drive,False
2,401856674,Alabama,Kentucky,defense,offensive_possession_points,10.0,1.0,10.0,observed,,mixed_eligibility_drive,False
2,401856674,Alabama,Kentucky,offense,ppp,37.0,11.0,3.3636363636363638,observed,,mixed_eligibility_drive,True
2,401856674,Alabama,Kentucky,defense,ppp,10.0,11.0,0.9090909090909091,observed,,mixed_eligibility_drive,True
2,401856674,Alabama,Kentucky,offense,non_offense_points,8.0,1.0,8.0,observed,,mixed_eligibility_drive,False
2,401856674,Alabama,Kentucky,defense,non_offense_points,7.0,1.0,7.0,observed,,mixed_eligibility_drive,False
2,401856676,Ole Miss,Charlotte,offense,eligible_possessions,9.0,1.0,9.0,observed,,mixed_eligibility_drive,False
2,401856676,Ole Miss,Charlotte,defense,eligible_possessions,8.0,1.0,8.0,observed,,mixed_eligibility_drive,False
2,401856676,Ole Miss,Charlotte,offense,offensive_possession_points,40.0,1.0,40.0,observed,,mixed_eligibility_drive,False
2,401856676,Ole Miss,Charlotte,defense,offensive_possession_points,9.0,1.0,9.0,observed,,mixed_eligibility_drive,False
2,401856676,Ole Miss,Charlotte,offense,ppp,40.0,9.0,4.444444444444445,observed,,mixed_eligibility_drive,True
2,401856676,Ole Miss,Charlotte,defense,ppp,9.0,8.0,1.125,observed,,mixed_eligibility_drive,True
2,401856676,Ole Miss,Charlotte,offense,non_offense_points,1.0,1.0,1.0,observed,,mixed_eligibility_drive,False
2,401856676,Ole Miss,Charlotte,defense,non_offense_points,0.0,1.0,0.0,observed,,mixed_eligibility_drive,False
2,401856676,Charlotte,Ole Miss,offense,eligible_possessions,8.0,1.0,8.0,observed,,mixed_eligibility_drive,False
2,401856676,Charlotte,Ole Miss,defense,eligible_possessions,9.0,1.0,9.0,observed,,mixed_eligibility_drive,False
2,401856676,Charlotte,Ole Miss,offense,offensive_possession_points,9.0,1.0,9.0,observed,,mixed_eligibility_drive,False
2,401856676,Charlotte,Ole Miss,defense,offensive_possession_points,40.0,1.0,40.0,observed,,mixed_eligibility_drive,False
2,401856676,Charlotte,Ole Miss,offense,ppp,9.0,8.0,1.125,observed,,mixed_eligibility_drive,True
2,401856676,Charlotte,Ole Miss,defense,ppp,40.0,9.0,4.444444444444445,observed,,mixed_eligibility_drive,True
2,401856676,Charlotte,Ole Miss,offense,non_offense_points,0.0,1.0,0.0,observed,,mixed_eligibility_drive,False
2,401856676,Charlotte,Ole Miss,defense,non_offense_points,1.0,1.0,1.0,observed,,mixed_eligibility_drive,False
2,401856677,Minnesota,Mississippi State,offense,eligible_possessions,9.0,1.0,9.0,observed,,mixed_eligibility_drive,False
2,401856677,Minnesota,Mississippi State,defense,eligible_possessions,9.0,1.0,9.0,observed,,mixed_eligibility_drive,False
2,401856677,Minnesota,Mississippi State,offense,offensive_possession_points,6.0,1.0,6.0,observed,,mixed_eligibility_drive,False
2,401856677,Minnesota,Mississippi State,defense,offensive_possession_points,38.0,1.0,38.0,observed,,mixed_eligibility_drive,False
2,401856677,Minnesota,Mississippi State,offense,ppp,6.0,9.0,0.6666666666666666,observed,,mixed_eligibility_drive,True
2,401856677,Minnesota,Mississippi State,defense,ppp,38.0,9.0,4.222222222222222,observed,,mixed_eligibility_drive,True
2,401856677,Minnesota,Mississippi State,offense,non_offense_points,7.0,1.0,7.0,observed,,mixed_eligibility_drive,False
2,401856677,Minnesota,Mississippi State,defense,non_offense_points,0.0,1.0,0.0,observed,,mixed_eligibility_drive,False
2,401856677,Mississippi State,Minnesota,offense,eligible_possessions,9.0,1.0,9.0,observed,,mixed_eligibility_drive,False
2,401856677,Mississippi State,Minnesota,defense,eligible_possessions,9.0,1.0,9.0,observed,,mixed_eligibility_drive,False
2,401856677,Mississippi State,Minnesota,offense,offensive_possession_points,38.0,1.0,38.0,observed,,mixed_eligibility_drive,False
2,401856677,Mississippi State,Minnesota,defense,offensive_possession_points,6.0,1.0,6.0,observed,,mixed_eligibility_drive,False
2,401856677,Mississippi State,Minnesota,offense,ppp,38.0,9.0,4.222222222222222,observed,,mixed_eligibility_drive,True
2,401856677,Mississippi State,Minnesota,defense,ppp,6.0,9.0,0.6666666666666666,observed,,mixed_eligibility_drive,True
2,401856677,Mississippi State,Minnesota,offense,non_offense_points,0.0,1.0,0.0,observed,,mixed_eligibility_drive,False
2,401856677,Mississippi State,Minnesota,defense,non_offense_points,7.0,1.0,7.0,observed,,mixed_eligibility_drive,False
2,401856678,Kansas,Missouri,offense,eligible_possessions,13.0,1.0,13.0,observed,,mixed_eligibility_drive,False
2,401856678,Kansas,Missouri,defense,eligible_possessions,14.0,1.0,14.0,observed,,mixed_eligibility_drive,False
2,401856678,Kansas,Missouri,offense,offensive_possession_points,14.0,1.0,14.0,observed,,mixed_eligibility_drive,False
2,401856678,Kansas,Missouri,defense,offensive_possession_points,38.0,1.0,38.0,observed,,mixed_eligibility_drive,False
2,401856678,Kansas,Missouri,offense,ppp,14.0,13.0,1.0769230769230769,observed,,mixed_eligibility_drive,True
2,401856678,Kansas,Missouri,defense,ppp,38.0,14.0,2.7142857142857144,observed,,mixed_eligibility_drive,True
2,401856678,Kansas,Missouri,offense,non_offense_points,7.0,1.0,7.0,observed,,mixed_eligibility_drive,False
2,401856678,Kansas,Missouri,defense,non_offense_points,0.0,1.0,0.0,observed,,mixed_eligibility_drive,False
2,401856678,Missouri,Kansas,offense,eligible_possessions,14.0,1.0,14.0,observed,,mixed_eligibility_drive,False
2,401856678,Missouri,Kansas,defense,eligible_possessions,13.0,1.0,13.0,observed,,mixed_eligibility_drive,False
2,401856678,Missouri,Kansas,offense,offensive_possession_points,38.0,1.0,38.0,observed,,mixed_eligibility_drive,False
2,401856678,Missouri,Kansas,defense,offensive_possession_points,14.0,1.0,14.0,observed,,mixed_eligibility_drive,False
2,401856678,Missouri,Kansas,offense,ppp,38.0,14.0,2.7142857142857144,observed,,mixed_eligibility_drive,True
2,401856678,Missouri,Kansas,defense,ppp,14.0,13.0,1.0769230769230769,observed,,mixed_eligibility_drive,True
2,401856678,Missouri,Kansas,offense,non_offense_points,0.0,1.0,0.0,observed,,mixed_eligibility_drive,False
2,401856678,Missouri,Kansas,defense,non_offense_points,7.0,1.0,7.0,observed,,mixed_eligibility_drive,False
2,401856679,Michigan,Oklahoma,offense,eligible_possessions,11.0,1.0,11.0,observed,,mixed_eligibility_drive,False
2,401856679,Michigan,Oklahoma,defense,eligible_possessions,11.0,1.0,11.0,observed,,mixed_eligibility_drive,False
2,401856679,Michigan,Oklahoma,offense,offensive_possession_points,17.0,1.0,17.0,observed,,mixed_eligibility_drive,False
2,401856679,Michigan,Oklahoma,defense,offensive_possession_points,10.0,1.0,10.0,observed,,mixed_eligibility_drive,False
2,401856679,Michigan,Oklahoma,offense,ppp,17.0,11.0,1.5454545454545454,observed,,mixed_eligibility_drive,True
2,401856679,Michigan,Oklahoma,defense,ppp,10.0,11.0,0.9090909090909091,observed,,mixed_eligibility_drive,True
2,401856679,Michigan,Oklahoma,offense,non_offense_points,0.0,1.0,0.0,observed,,mixed_eligibility_drive,False
2,401856679,Michigan,Oklahoma,defense,non_offense_points,0.0,1.0,0.0,observed,,mixed_eligibility_drive,False
2,401856679,Oklahoma,Michigan,offense,eligible_possessions,11.0,1.0,11.0,observed,,mixed_eligibility_drive,False
2,401856679,Oklahoma,Michigan,defense,eligible_possessions,11.0,1.0,11.0,observed,,mixed_eligibility_drive,False
2,401856679,Oklahoma,Michigan,offense,offensive_possession_points,10.0,1.0,10.0,observed,,mixed_eligibility_drive,False
2,401856679,Oklahoma,Michigan,defense,offensive_possession_points,17.0,1.0,17.0,observed,,mixed_eligibility_drive,False
2,401856679,Oklahoma,Michigan,offense,ppp,10.0,11.0,0.9090909090909091,observed,,mixed_eligibility_drive,True
2,401856679,Oklahoma,Michigan,defense,ppp,17.0,11.0,1.5454545454545454,observed,,mixed_eligibility_drive,True
2,401856679,Oklahoma,Michigan,offense,non_offense_points,0.0,1.0,0.0,observed,,mixed_eligibility_drive,False
2,401856679,Oklahoma,Michigan,defense,non_offense_points,0.0,1.0,0.0,observed,,mixed_eligibility_drive,False
2,401856681,Georgia Tech,Tennessee,offense,eligible_possessions,11.0,1.0,11.0,observed,,mixed_eligibility_drive,False
2,401856681,Georgia Tech,Tennessee,defense,eligible_possessions,11.0,1.0,11.0,observed,,mixed_eligibility_drive,False
2,401856681,Georgia Tech,Tennessee,offense,offensive_possession_points,17.0,1.0,17.0,observed,,mixed_eligibility_drive,False
2,401856681,Georgia Tech,Tennessee,defense,offensive_possession_points,38.0,1.0,38.0,observed,,mixed_eligibility_drive,False
2,401856681,Georgia Tech,Tennessee,offense,ppp,17.0,11.0,1.5454545454545454,observed,,mixed_eligibility_drive,True
2,401856681,Georgia Tech,Tennessee,defense,ppp,38.0,11.0,3.4545454545454546,observed,,mixed_eligibility_drive,True
2,401856681,Georgia Tech,Tennessee,offense,non_offense_points,7.0,1.0,7.0,observed,,mixed_eligibility_drive,False
2,401856681,Georgia Tech,Tennessee,defense,non_offense_points,7.0,1.0,7.0,observed,,mixed_eligibility_drive,False
2,401856681,Tennessee,Georgia Tech,offense,eligible_possessions,11.0,1.0,11.0,observed,,mixed_eligibility_drive,False
2,401856681,Tennessee,Georgia Tech,defense,eligible_possessions,11.0,1.0,11.0,observed,,mixed_eligibility_drive,False
2,401856681,Tennessee,Georgia Tech,offense,offensive_possession_points,38.0,1.0,38.0,observed,,mixed_eligibility_drive,False
2,401856681,Tennessee,Georgia Tech,defense,offensive_possession_points,17.0,1.0,17.0,observed,,mixed_eligibility_drive,False
2,401856681,Tennessee,Georgia Tech,offense,ppp,38.0,11.0,3.4545454545454546,observed,,mixed_eligibility_drive,True
2,401856681,Tennessee,Georgia Tech,defense,ppp,17.0,11.0,1.5454545454545454,observed,,mixed_eligibility_drive,True
2,401856681,Tennessee,Georgia Tech,offense,non_offense_points,7.0,1.0,7.0,observed,,mixed_eligibility_drive,False
2,401856681,Tennessee,Georgia Tech,defense,non_offense_points,7.0,1.0,7.0,observed,,mixed_eligibility_drive,False
2,401856682,Texas,Ohio State,offense,eligible_possessions,11.0,1.0,11.0,observed,,mixed_eligibility_drive,False
2,401856682,Texas,Ohio State,defense,eligible_possessions,11.0,1.0,11.0,observed,,mixed_eligibility_drive,False
2,401856682,Texas,Ohio State,offense,offensive_possession_points,24.0,1.0,24.0,observed,,mixed_eligibility_drive,False
2,401856682,Texas,Ohio State,defense,offensive_possession_points,23.0,1.0,23.0,observed,,mixed_eligibility_drive,False
2,401856682,Texas,Ohio State,offense,ppp,24.0,11.0,2.1818181818181817,observed,,mixed_eligibility_drive,True
2,401856682,Texas,Ohio State,defense,ppp,23.0,11.0,2.090909090909091,observed,,mixed_eligibility_drive,True
2,401856682,Texas,Ohio State,offense,non_offense_points,0.0,1.0,0.0,observed,,mixed_eligibility_drive,False
2,401856682,Texas,Ohio State,defense,non_offense_points,0.0,1.0,0.0,observed,,mixed_eligibility_drive,False
2,401856682,Ohio State,Texas,offense,eligible_possessions,11.0,1.0,11.0,observed,,mixed_eligibility_drive,False
2,401856682,Ohio State,Texas,defense,eligible_possessions,11.0,1.0,11.0,observed,,mixed_eligibility_drive,False
2,401856682,Ohio State,Texas,offense,offensive_possession_points,23.0,1.0,23.0,observed,,mixed_eligibility_drive,False
2,401856682,Ohio State,Texas,defense,offensive_possession_points,24.0,1.0,24.0,observed,,mixed_eligibility_drive,False
2,401856682,Ohio State,Texas,offense,ppp,23.0,11.0,2.090909090909091,observed,,mixed_eligibility_drive,True
2,401856682,Ohio State,Texas,defense,ppp,24.0,11.0,2.1818181818181817,observed,,mixed_eligibility_drive,True
2,401856682,Ohio State,Texas,offense,non_offense_points,0.0,1.0,0.0,observed,,mixed_eligibility_drive,False
2,401856682,Ohio State,Texas,defense,non_offense_points,0.0,1.0,0.0,observed,,mixed_eligibility_drive,False
2,401856683,Texas A&M,Arizona State,offense,eligible_possessions,12.0,1.0,12.0,observed,,mixed_eligibility_drive,False
2,401856683,Texas A&M,Arizona State,defense,eligible_possessions,13.0,1.0,13.0,observed,,mixed_eligibility_drive,False
2,401856683,Texas A&M,Arizona State,offense,offensive_possession_points,34.0,1.0,34.0,observed,,mixed_eligibility_drive,False
2,401856683,Texas A&M,Arizona State,defense,offensive_possession_points,20.0,1.0,20.0,observed,,mixed_eligibility_drive,False
2,401856683,Texas A&M,Arizona State,offense,ppp,34.0,12.0,2.8333333333333335,observed,,mixed_eligibility_drive,True
2,401856683,Texas A&M,Arizona State,defense,ppp,20.0,13.0,1.5384615384615385,observed,,mixed_eligibility_drive,True
2,401856683,Texas A&M,Arizona State,offense,non_offense_points,14.0,1.0,14.0,observed,,mixed_eligibility_drive,False
2,401856683,Texas A&M,Arizona State,defense,non_offense_points,0.0,1.0,0.0,observed,,mixed_eligibility_drive,False
2,401856683,Arizona State,Texas A&M,offense,eligible_possessions,13.0,1.0,13.0,observed,,mixed_eligibility_drive,False
2,401856683,Arizona State,Texas A&M,defense,eligible_possessions,12.0,1.0,12.0,observed,,mixed_eligibility_drive,False
2,401856683,Arizona State,Texas A&M,offense,offensive_possession_points,20.0,1.0,20.0,observed,,mixed_eligibility_drive,False
2,401856683,Arizona State,Texas A&M,defense,offensive_possession_points,34.0,1.0,34.0,observed,,mixed_eligibility_drive,False
2,401856683,Arizona State,Texas A&M,offense,ppp,20.0,13.0,1.5384615384615385,observed,,mixed_eligibility_drive,True
2,401856683,Arizona State,Texas A&M,defense,ppp,34.0,12.0,2.8333333333333335,observed,,mixed_eligibility_drive,True
2,401856683,Arizona State,Texas A&M,offense,non_offense_points,0.0,1.0,0.0,observed,,mixed_eligibility_drive,False
2,401856683,Arizona State,Texas A&M,defense,non_offense_points,14.0,1.0,14.0,observed,,mixed_eligibility_drive,False
2,401856684,Vanderbilt,Delaware,offense,eligible_possessions,14.0,1.0,14.0,observed,,mixed_eligibility_drive,False
2,401856684,Vanderbilt,Delaware,defense,eligible_possessions,13.0,1.0,13.0,observed,,mixed_eligibility_drive,False
2,401856684,Vanderbilt,Delaware,offense,offensive_possession_points,29.0,1.0,29.0,observed,,mixed_eligibility_drive,False
2,401856684,Vanderbilt,Delaware,defense,offensive_possession_points,19.0,1.0,19.0,observed,,mixed_eligibility_drive,False
2,401856684,Vanderbilt,Delaware,offense,ppp,29.0,14.0,2.0714285714285716,observed,,mixed_eligibility_drive,True
2,401856684,Vanderbilt,Delaware,defense,ppp,19.0,13.0,1.4615384615384615,observed,,mixed_eligibility_drive,True
2,401856684,Vanderbilt,Delaware,offense,non_offense_points,6.0,1.0,6.0,observed,,mixed_eligibility_drive,False
2,401856684,Vanderbilt,Delaware,defense,non_offense_points,7.0,1.0,7.0,observed,,mixed_eligibility_drive,False
2,401856684,Delaware,Vanderbilt,offense,eligible_possessions,13.0,1.0,13.0,observed,,mixed_eligibility_drive,False
2,401856684,Delaware,Vanderbilt,defense,eligible_possessions,14.0,1.0,14.0,observed,,mixed_eligibility_drive,False
2,401856684,Delaware,Vanderbilt,offense,offensive_possession_points,19.0,1.0,19.0,observed,,mixed_eligibility_drive,False
2,401856684,Delaware,Vanderbilt,defense,offensive_possession_points,29.0,1.0,29.0,observed,,mixed_eligibility_drive,False
2,401856684,Delaware,Vanderbilt,offense,ppp,19.0,13.0,1.4615384615384615,observed,,mixed_eligibility_drive,True
2,401856684,Delaware,Vanderbilt,defense,ppp,29.0,14.0,2.0714285714285716,observed,,mixed_eligibility_drive,True
2,401856684,Delaware,Vanderbilt,offense,non_offense_points,7.0,1.0,7.0,observed,,mixed_eligibility_drive,False
2,401856684,Delaware,Vanderbilt,defense,non_offense_points,6.0,1.0,6.0,observed,,mixed_eligibility_drive,False
2,401856781,Kansas State,Washington State,offense,eligible_possessions,9.0,1.0,9.0,observed,,mixed_eligibility_drive,False
2,401856781,Kansas State,Washington State,defense,eligible_possessions,8.0,1.0,8.0,observed,,mixed_eligibility_drive,False
2,401856781,Kansas State,Washington State,offense,offensive_possession_points,34.0,1.0,34.0,observed,,mixed_eligibility_drive,False
2,401856781,Kansas State,Washington State,defense,offensive_possession_points,0.0,1.0,0.0,observed,,mixed_eligibility_drive,False
2,401856781,Kansas State,Washington State,offense,ppp,34.0,9.0,3.7777777777777777,observed,,mixed_eligibility_drive,True
2,401856781,Kansas State,Washington State,defense,ppp,0.0,8.0,0.0,observed,,mixed_eligibility_drive,True
2,401856781,Kansas State,Washington State,offense,non_offense_points,0.0,1.0,0.0,observed,,mixed_eligibility_drive,False
2,401856781,Kansas State,Washington State,defense,non_offense_points,7.0,1.0,7.0,observed,,mixed_eligibility_drive,False
2,401856781,Washington State,Kansas State,offense,eligible_possessions,8.0,1.0,8.0,observed,,mixed_eligibility_drive,False
2,401856781,Washington State,Kansas State,defense,eligible_possessions,9.0,1.0,9.0,observed,,mixed_eligibility_drive,False
2,401856781,Washington State,Kansas State,offense,offensive_possession_points,0.0,1.0,0.0,observed,,mixed_eligibility_drive,False
2,401856781,Washington State,Kansas State,defense,offensive_possession_points,34.0,1.0,34.0,observed,,mixed_eligibility_drive,False
2,401856781,Washington State,Kansas State,offense,ppp,0.0,8.0,0.0,observed,,mixed_eligibility_drive,True
2,401856781,Washington State,Kansas State,defense,ppp,34.0,9.0,3.7777777777777777,observed,,mixed_eligibility_drive,True
2,401856781,Washington State,Kansas State,offense,non_offense_points,7.0,1.0,7.0,observed,,mixed_eligibility_drive,False
2,401856781,Washington State,Kansas State,defense,non_offense_points,0.0,1.0,0.0,observed,,mixed_eligibility_drive,False
2,401856782,Oklahoma State,Oregon,offense,eligible_possessions,15.0,1.0,15.0,observed,,mixed_eligibility_drive,False
2,401856782,Oklahoma State,Oregon,defense,eligible_possessions,13.0,1.0,13.0,observed,,mixed_eligibility_drive,False
2,401856782,Oklahoma State,Oregon,offense,offensive_possession_points,39.0,1.0,39.0,observed,,mixed_eligibility_drive,False
2,401856782,Oklahoma State,Oregon,defense,offensive_possession_points,24.0,1.0,24.0,observed,,mixed_eligibility_drive,False
2,401856782,Oklahoma State,Oregon,offense,ppp,39.0,15.0,2.6,observed,,mixed_eligibility_drive,True
2,401856782,Oklahoma State,Oregon,defense,ppp,24.0,13.0,1.8461538461538463,observed,,mixed_eligibility_drive,True
2,401856782,Oklahoma State,Oregon,offense,non_offense_points,0.0,1.0,0.0,observed,,mixed_eligibility_drive,False
2,401856782,Oklahoma State,Oregon,defense,non_offense_points,7.0,1.0,7.0,observed,,mixed_eligibility_drive,False
2,401856782,Oregon,Oklahoma State,offense,eligible_possessions,13.0,1.0,13.0,observed,,mixed_eligibility_drive,False
2,401856782,Oregon,Oklahoma State,defense,eligible_possessions,15.0,1.0,15.0,observed,,mixed_eligibility_drive,False
2,401856782,Oregon,Oklahoma State,offense,offensive_possession_points,24.0,1.0,24.0,observed,,mixed_eligibility_drive,False
2,401856782,Oregon,Oklahoma State,defense,offensive_possession_points,39.0,1.0,39.0,observed,,mixed_eligibility_drive,False
2,401856782,Oregon,Oklahoma State,offense,ppp,24.0,13.0,1.8461538461538463,observed,,mixed_eligibility_drive,True
2,401856782,Oregon,Oklahoma State,defense,ppp,39.0,15.0,2.6,observed,,mixed_eligibility_drive,True
2,401856782,Oregon,Oklahoma State,offense,non_offense_points,7.0,1.0,7.0,observed,,mixed_eligibility_drive,False
2,401856782,Oregon,Oklahoma State,defense,non_offense_points,0.0,1.0,0.0,observed,,mixed_eligibility_drive,False
2,401856783,Oregon State,Texas Tech,offense,eligible_possessions,14.0,1.0,14.0,observed,,mixed_eligibility_drive,False
2,401856783,Oregon State,Texas Tech,defense,eligible_possessions,13.0,1.0,13.0,observed,,mixed_eligibility_drive,False
2,401856783,Oregon State,Texas Tech,offense,offensive_possession_points,24.0,1.0,24.0,observed,,mixed_eligibility_drive,False
2,401856783,Oregon State,Texas Tech,defense,offensive_possession_points,20.0,1.0,,missing,unresolved_scoring_attribution,mixed_eligibility_drive,False
2,401856783,Oregon State,Texas Tech,offense,ppp,24.0,14.0,1.7142857142857142,observed,,mixed_eligibility_drive,True
2,401856783,Oregon State,Texas Tech,defense,ppp,20.0,13.0,,missing,unresolved_scoring_attribution,mixed_eligibility_drive,False
2,401856783,Oregon State,Texas Tech,offense,non_offense_points,0.0,1.0,0.0,observed,,mixed_eligibility_drive,False
2,401856783,Oregon State,Texas Tech,defense,non_offense_points,1.0,1.0,,missing,unresolved_scoring_attribution,mixed_eligibility_drive,False
2,401856783,Texas Tech,Oregon State,offense,eligible_possessions,13.0,1.0,13.0,observed,,mixed_eligibility_drive,False
2,401856783,Texas Tech,Oregon State,defense,eligible_possessions,14.0,1.0,14.0,observed,,mixed_eligibility_drive,False
2,401856783,Texas Tech,Oregon State,offense,offensive_possession_points,20.0,1.0,,missing,unresolved_scoring_attribution,mixed_eligibility_drive,False
2,401856783,Texas Tech,Oregon State,defense,offensive_possession_points,24.0,1.0,24.0,observed,,mixed_eligibility_drive,False
2,401856783,Texas Tech,Oregon State,offense,ppp,20.0,13.0,,missing,unresolved_scoring_attribution,mixed_eligibility_drive,False
2,401856783,Texas Tech,Oregon State,defense,ppp,24.0,14.0,1.7142857142857142,observed,,mixed_eligibility_drive,True
2,401856783,Texas Tech,Oregon State,offense,non_offense_points,1.0,1.0,,missing,unresolved_scoring_attribution,mixed_eligibility_drive,False
2,401856783,Texas Tech,Oregon State,defense,non_offense_points,0.0,1.0,0.0,observed,,mixed_eligibility_drive,False
2,401856788,Iowa,Iowa State,offense,eligible_possessions,11.0,1.0,11.0,observed,,mixed_eligibility_drive,False
2,401856788,Iowa,Iowa State,defense,eligible_possessions,12.0,1.0,12.0,observed,,mixed_eligibility_drive,False
2,401856788,Iowa,Iowa State,offense,offensive_possession_points,16.0,1.0,16.0,observed,,mixed_eligibility_drive,False
2,401856788,Iowa,Iowa State,defense,offensive_possession_points,13.0,1.0,13.0,observed,,mixed_eligibility_drive,False
2,401856788,Iowa,Iowa State,offense,ppp,16.0,11.0,1.4545454545454546,observed,,mixed_eligibility_drive,True
2,401856788,Iowa,Iowa State,defense,ppp,13.0,12.0,1.0833333333333333,observed,,mixed_eligibility_drive,True
2,401856788,Iowa,Iowa State,offense,non_offense_points,0.0,1.0,0.0,observed,,mixed_eligibility_drive,False
2,401856788,Iowa,Iowa State,defense,non_offense_points,0.0,1.0,0.0,observed,,mixed_eligibility_drive,False
2,401856788,Iowa State,Iowa,offense,eligible_possessions,12.0,1.0,12.0,observed,,mixed_eligibility_drive,False
2,401856788,Iowa State,Iowa,defense,eligible_possessions,11.0,1.0,11.0,observed,,mixed_eligibility_drive,False
2,401856788,Iowa State,Iowa,offense,offensive_possession_points,13.0,1.0,13.0,observed,,mixed_eligibility_drive,False
2,401856788,Iowa State,Iowa,defense,offensive_possession_points,16.0,1.0,16.0,observed,,mixed_eligibility_drive,False
2,401856788,Iowa State,Iowa,offense,ppp,13.0,12.0,1.0833333333333333,observed,,mixed_eligibility_drive,True
2,401856788,Iowa State,Iowa,defense,ppp,16.0,11.0,1.4545454545454546,observed,,mixed_eligibility_drive,True
2,401856788,Iowa State,Iowa,offense,non_offense_points,0.0,1.0,0.0,observed,,mixed_eligibility_drive,False
2,401856788,Iowa State,Iowa,defense,non_offense_points,0.0,1.0,0.0,observed,,mixed_eligibility_drive,False
2,401856790,Pittsburgh,UCF,offense,eligible_possessions,12.0,1.0,12.0,observed,,mixed_eligibility_drive,False
2,401856790,Pittsburgh,UCF,defense,eligible_possessions,13.0,1.0,13.0,observed,,mixed_eligibility_drive,False
2,401856790,Pittsburgh,UCF,offense,offensive_possession_points,10.0,1.0,10.0,observed,,mixed_eligibility_drive,False
2,401856790,Pittsburgh,UCF,defense,offensive_possession_points,0.0,1.0,,missing,unresolved_scoring_attribution,mixed_eligibility_drive,False
2,401856790,Pittsburgh,UCF,offense,ppp,10.0,12.0,0.8333333333333334,observed,,mixed_eligibility_drive,True
2,401856790,Pittsburgh,UCF,defense,ppp,0.0,13.0,,missing,unresolved_scoring_attribution,mixed_eligibility_drive,False
2,401856790,Pittsburgh,UCF,offense,non_offense_points,2.0,1.0,2.0,observed,,mixed_eligibility_drive,False
2,401856790,Pittsburgh,UCF,defense,non_offense_points,0.0,1.0,,missing,unresolved_scoring_attribution,mixed_eligibility_drive,False
2,401856790,UCF,Pittsburgh,offense,eligible_possessions,13.0,1.0,13.0,observed,,mixed_eligibility_drive,False
2,401856790,UCF,Pittsburgh,defense,eligible_possessions,12.0,1.0,12.0,observed,,mixed_eligibility_drive,False
2,401856790,UCF,Pittsburgh,offense,offensive_possession_points,0.0,1.0,,missing,unresolved_scoring_attribution,mixed_eligibility_drive,False
2,401856790,UCF,Pittsburgh,defense,offensive_possession_points,10.0,1.0,10.0,observed,,mixed_eligibility_drive,False
2,401856790,UCF,Pittsburgh,offense,ppp,0.0,13.0,,missing,unresolved_scoring_attribution,mixed_eligibility_drive,False
2,401856790,UCF,Pittsburgh,defense,ppp,10.0,12.0,0.8333333333333334,observed,,mixed_eligibility_drive,True
2,401856790,UCF,Pittsburgh,offense,non_offense_points,0.0,1.0,,missing,unresolved_scoring_attribution,mixed_eligibility_drive,False
2,401856790,UCF,Pittsburgh,defense,non_offense_points,2.0,1.0,2.0,observed,,mixed_eligibility_drive,False
2,401856810,BYU,Arizona,offense,eligible_possessions,10.0,1.0,10.0,observed,,mixed_eligibility_drive,False
2,401856810,BYU,Arizona,defense,eligible_possessions,10.0,1.0,10.0,observed,,mixed_eligibility_drive,False
2,401856810,BYU,Arizona,offense,offensive_possession_points,28.0,1.0,28.0,observed,,mixed_eligibility_drive,False
2,401856810,BYU,Arizona,defense,offensive_possession_points,17.0,1.0,17.0,observed,,mixed_eligibility_drive,False
2,401856810,BYU,Arizona,offense,ppp,28.0,10.0,2.8,observed,,mixed_eligibility_drive,True
2,401856810,BYU,Arizona,defense,ppp,17.0,10.0,1.7,observed,,mixed_eligibility_drive,True
2,401856810,BYU,Arizona,offense,non_offense_points,0.0,1.0,0.0,observed,,mixed_eligibility_drive,False
2,401856810,BYU,Arizona,defense,non_offense_points,0.0,1.0,0.0,observed,,mixed_eligibility_drive,False
2,401856810,Arizona,BYU,offense,eligible_possessions,10.0,1.0,10.0,observed,,mixed_eligibility_drive,False
2,401856810,Arizona,BYU,defense,eligible_possessions,10.0,1.0,10.0,observed,,mixed_eligibility_drive,False
2,401856810,Arizona,BYU,offense,offensive_possession_points,17.0,1.0,17.0,observed,,mixed_eligibility_drive,False
2,401856810,Arizona,BYU,defense,offensive_possession_points,28.0,1.0,28.0,observed,,mixed_eligibility_drive,False
2,401856810,Arizona,BYU,offense,ppp,17.0,10.0,1.7,observed,,mixed_eligibility_drive,True
2,401856810,Arizona,BYU,defense,ppp,28.0,10.0,2.8,observed,,mixed_eligibility_drive,True
2,401856810,Arizona,BYU,offense,non_offense_points,0.0,1.0,0.0,observed,,mixed_eligibility_drive,False
2,401856810,Arizona,BYU,defense,non_offense_points,0.0,1.0,0.0,observed,,mixed_eligibility_drive,False
2,401858214,Boston College,Rutgers,offense,eligible_possessions,12.0,1.0,12.0,observed,,mixed_eligibility_drive,False
2,401858214,Boston College,Rutgers,defense,eligible_possessions,11.0,1.0,11.0,observed,,mixed_eligibility_drive,False
2,401858214,Boston College,Rutgers,offense,offensive_possession_points,28.0,1.0,28.0,observed,,mixed_eligibility_drive,False
2,401858214,Boston College,Rutgers,defense,offensive_possession_points,21.0,1.0,21.0,observed,,mixed_eligibility_drive,False
2,401858214,Boston College,Rutgers,offense,ppp,28.0,12.0,2.3333333333333335,observed,,mixed_eligibility_drive,True
2,401858214,Boston College,Rutgers,defense,ppp,21.0,11.0,1.9090909090909092,observed,,mixed_eligibility_drive,True
2,401858214,Boston College,Rutgers,offense,non_offense_points,0.0,1.0,0.0,observed,,mixed_eligibility_drive,False
2,401858214,Boston College,Rutgers,defense,non_offense_points,0.0,1.0,0.0,observed,,mixed_eligibility_drive,False
2,401858214,Rutgers,Boston College,offense,eligible_possessions,11.0,1.0,11.0,observed,,mixed_eligibility_drive,False
2,401858214,Rutgers,Boston College,defense,eligible_possessions,12.0,1.0,12.0,observed,,mixed_eligibility_drive,False
2,401858214,Rutgers,Boston College,offense,offensive_possession_points,21.0,1.0,21.0,observed,,mixed_eligibility_drive,False
2,401858214,Rutgers,Boston College,defense,offensive_possession_points,28.0,1.0,28.0,observed,,mixed_eligibility_drive,False
2,401858214,Rutgers,Boston College,offense,ppp,21.0,11.0,1.9090909090909092,observed,,mixed_eligibility_drive,True
2,401858214,Rutgers,Boston College,defense,ppp,28.0,12.0,2.3333333333333335,observed,,mixed_eligibility_drive,True
2,401858214,Rutgers,Boston College,offense,non_offense_points,0.0,1.0,0.0,observed,,mixed_eligibility_drive,False
2,401858214,Rutgers,Boston College,defense,non_offense_points,0.0,1.0,0.0,observed,,mixed_eligibility_drive,False
2,401858216,Syracuse,California,offense,eligible_possessions,13.0,1.0,13.0,observed,,mixed_eligibility_drive,False
2,401858216,Syracuse,California,defense,eligible_possessions,12.0,1.0,12.0,observed,,mixed_eligibility_drive,False
2,401858216,Syracuse,California,offense,offensive_possession_points,18.0,1.0,18.0,observed,,mixed_eligibility_drive,False
2,401858216,Syracuse,California,defense,offensive_possession_points,14.0,1.0,14.0,observed,,mixed_eligibility_drive,False
2,401858216,Syracuse,California,offense,ppp,18.0,13.0,1.3846153846153846,observed,,mixed_eligibility_drive,True
2,401858216,Syracuse,California,defense,ppp,14.0,12.0,1.1666666666666667,observed,,mixed_eligibility_drive,True
2,401858216,Syracuse,California,offense,non_offense_points,0.0,1.0,0.0,observed,,mixed_eligibility_drive,False
2,401858216,Syracuse,California,defense,non_offense_points,7.0,1.0,7.0,observed,,mixed_eligibility_drive,False
2,401858216,California,Syracuse,offense,eligible_possessions,12.0,1.0,12.0,observed,,mixed_eligibility_drive,False
2,401858216,California,Syracuse,defense,eligible_possessions,13.0,1.0,13.0,observed,,mixed_eligibility_drive,False
2,401858216,California,Syracuse,offense,offensive_possession_points,14.0,1.0,14.0,observed,,mixed_eligibility_drive,False
2,401858216,California,Syracuse,defense,offensive_possession_points,18.0,1.0,18.0,observed,,mixed_eligibility_drive,False
2,401858216,California,Syracuse,offense,ppp,14.0,12.0,1.1666666666666667,observed,,mixed_eligibility_drive,True
2,401858216,California,Syracuse,defense,ppp,18.0,13.0,1.3846153846153846,observed,,mixed_eligibility_drive,True
2,401858216,California,Syracuse,offense,non_offense_points,7.0,1.0,7.0,observed,,mixed_eligibility_drive,False
2,401858216,California,Syracuse,defense,non_offense_points,0.0,1.0,0.0,observed,,mixed_eligibility_drive,False
2,401858217,Illinois,Duke,offense,eligible_possessions,9.0,1.0,9.0,observed,,mixed_eligibility_drive,False
2,401858217,Illinois,Duke,defense,eligible_possessions,9.0,1.0,9.0,observed,,mixed_eligibility_drive,False
2,401858217,Illinois,Duke,offense,offensive_possession_points,27.0,1.0,27.0,observed,,mixed_eligibility_drive,False
2,401858217,Illinois,Duke,defense,offensive_possession_points,31.0,1.0,31.0,observed,,mixed_eligibility_drive,False
2,401858217,Illinois,Duke,offense,ppp,27.0,9.0,3.0,observed,,mixed_eligibility_drive,True
2,401858217,Illinois,Duke,defense,ppp,31.0,9.0,3.4444444444444446,observed,,mixed_eligibility_drive,True
2,401858217,Illinois,Duke,offense,non_offense_points,0.0,1.0,0.0,observed,,mixed_eligibility_drive,False
2,401858217,Illinois,Duke,defense,non_offense_points,0.0,1.0,0.0,observed,,mixed_eligibility_drive,False
2,401858217,Duke,Illinois,offense,eligible_possessions,9.0,1.0,9.0,observed,,mixed_eligibility_drive,False
2,401858217,Duke,Illinois,defense,eligible_possessions,9.0,1.0,9.0,observed,,mixed_eligibility_drive,False
2,401858217,Duke,Illinois,offense,offensive_possession_points,31.0,1.0,31.0,observed,,mixed_eligibility_drive,False
2,401858217,Duke,Illinois,defense,offensive_possession_points,27.0,1.0,27.0,observed,,mixed_eligibility_drive,False
2,401858217,Duke,Illinois,offense,ppp,31.0,9.0,3.4444444444444446,observed,,mixed_eligibility_drive,True
2,401858217,Duke,Illinois,defense,ppp,27.0,9.0,3.0,observed,,mixed_eligibility_drive,True
2,401858217,Duke,Illinois,offense,non_offense_points,0.0,1.0,0.0,observed,,mixed_eligibility_drive,False
2,401858217,Duke,Illinois,defense,non_offense_points,0.0,1.0,0.0,observed,,mixed_eligibility_drive,False
2,401858219,Clemson,Georgia Southern,offense,eligible_possessions,16.0,1.0,16.0,observed,,mixed_eligibility_drive,False
2,401858219,Clemson,Georgia Southern,defense,eligible_possessions,14.0,1.0,14.0,observed,,mixed_eligibility_drive,False
2,401858219,Clemson,Georgia Southern,offense,offensive_possession_points,22.0,1.0,22.0,observed,,mixed_eligibility_drive,False
2,401858219,Clemson,Georgia Southern,defense,offensive_possession_points,7.0,1.0,7.0,observed,,mixed_eligibility_drive,False
2,401858219,Clemson,Georgia Southern,offense,ppp,22.0,16.0,1.375,observed,,mixed_eligibility_drive,True
2,401858219,Clemson,Georgia Southern,defense,ppp,7.0,14.0,0.5,observed,,mixed_eligibility_drive,True
2,401858219,Clemson,Georgia Southern,offense,non_offense_points,0.0,1.0,0.0,observed,,mixed_eligibility_drive,False
2,401858219,Clemson,Georgia Southern,defense,non_offense_points,0.0,1.0,0.0,observed,,mixed_eligibility_drive,False
2,401858219,Georgia Southern,Clemson,offense,eligible_possessions,14.0,1.0,14.0,observed,,mixed_eligibility_drive,False
2,401858219,Georgia Southern,Clemson,defense,eligible_possessions,16.0,1.0,16.0,observed,,mixed_eligibility_drive,False
2,401858219,Georgia Southern,Clemson,offense,offensive_possession_points,7.0,1.0,7.0,observed,,mixed_eligibility_drive,False
2,401858219,Georgia Southern,Clemson,defense,offensive_possession_points,22.0,1.0,22.0,observed,,mixed_eligibility_drive,False
2,401858219,Georgia Southern,Clemson,offense,ppp,7.0,14.0,0.5,observed,,mixed_eligibility_drive,True
2,401858219,Georgia Southern,Clemson,defense,ppp,22.0,16.0,1.375,observed,,mixed_eligibility_drive,True
2,401858219,Georgia Southern,Clemson,offense,non_offense_points,0.0,1.0,0.0,observed,,mixed_eligibility_drive,False
2,401858219,Georgia Southern,Clemson,defense,non_offense_points,0.0,1.0,0.0,observed,,mixed_eligibility_drive,False
2,401858221,Virginia Tech,Old Dominion,offense,eligible_possessions,10.0,1.0,10.0,observed,,mixed_eligibility_drive,False
2,401858221,Virginia Tech,Old Dominion,defense,eligible_possessions,11.0,1.0,11.0,observed,,mixed_eligibility_drive,False
2,401858221,Virginia Tech,Old Dominion,offense,offensive_possession_points,37.0,1.0,37.0,observed,,mixed_eligibility_drive,False
2,401858221,Virginia Tech,Old Dominion,defense,offensive_possession_points,18.0,1.0,18.0,observed,,mixed_eligibility_drive,False
2,401858221,Virginia Tech,Old Dominion,offense,ppp,37.0,10.0,3.7,observed,,mixed_eligibility_drive,True
2,401858221,Virginia Tech,Old Dominion,defense,ppp,18.0,11.0,1.6363636363636365,observed,,mixed_eligibility_drive,True
2,401858221,Virginia Tech,Old Dominion,offense,non_offense_points,7.0,1.0,7.0,observed,,mixed_eligibility_drive,False
2,401858221,Virginia Tech,Old Dominion,defense,non_offense_points,0.0,1.0,0.0,observed,,mixed_eligibility_drive,False
2,401858221,Old Dominion,Virginia Tech,offense,eligible_possessions,11.0,1.0,11.0,observed,,mixed_eligibility_drive,False
2,401858221,Old Dominion,Virginia Tech,defense,eligible_possessions,10.0,1.0,10.0,observed,,mixed_eligibility_drive,False
2,401858221,Old Dominion,Virginia Tech,offense,offensive_possession_points,18.0,1.0,18.0,observed,,mixed_eligibility_drive,False
2,401858221,Old Dominion,Virginia Tech,defense,offensive_possession_points,37.0,1.0,37.0,observed,,mixed_eligibility_drive,False
2,401858221,Old Dominion,Virginia Tech,offense,ppp,18.0,11.0,1.6363636363636365,observed,,mixed_eligibility_drive,True
2,401858221,Old Dominion,Virginia Tech,defense,ppp,37.0,10.0,3.7,observed,,mixed_eligibility_drive,True
2,401858221,Old Dominion,Virginia Tech,offense,non_offense_points,0.0,1.0,0.0,observed,,mixed_eligibility_drive,False
2,401858221,Old Dominion,Virginia Tech,defense,non_offense_points,7.0,1.0,7.0,observed,,mixed_eligibility_drive,False
2,401858224,Purdue,Wake Forest,offense,eligible_possessions,8.0,1.0,8.0,observed,,mixed_eligibility_drive,False
2,401858224,Purdue,Wake Forest,defense,eligible_possessions,7.0,1.0,7.0,observed,,mixed_eligibility_drive,False
2,401858224,Purdue,Wake Forest,offense,offensive_possession_points,7.0,1.0,,missing,unresolved_scoring_attribution,mixed_eligibility_drive,False
2,401858224,Purdue,Wake Forest,defense,offensive_possession_points,7.0,1.0,,missing,unresolved_scoring_attribution,mixed_eligibility_drive,False
2,401858224,Purdue,Wake Forest,offense,ppp,7.0,8.0,,missing,unresolved_scoring_attribution,mixed_eligibility_drive,False
2,401858224,Purdue,Wake Forest,defense,ppp,7.0,7.0,,missing,unresolved_scoring_attribution,mixed_eligibility_drive,False
2,401858224,Purdue,Wake Forest,offense,non_offense_points,0.0,1.0,,missing,unresolved_scoring_attribution,mixed_eligibility_drive,False
2,401858224,Purdue,Wake Forest,defense,non_offense_points,0.0,1.0,,missing,unresolved_scoring_attribution,mixed_eligibility_drive,False
2,401858224,Wake Forest,Purdue,offense,eligible_possessions,7.0,1.0,7.0,observed,,mixed_eligibility_drive,False
2,401858224,Wake Forest,Purdue,defense,eligible_possessions,8.0,1.0,8.0,observed,,mixed_eligibility_drive,False
2,401858224,Wake Forest,Purdue,offense,offensive_possession_points,7.0,1.0,,missing,unresolved_scoring_attribution,mixed_eligibility_drive,False
2,401858224,Wake Forest,Purdue,defense,offensive_possession_points,7.0,1.0,,missing,unresolved_scoring_attribution,mixed_eligibility_drive,False
2,401858224,Wake Forest,Purdue,offense,ppp,7.0,7.0,,missing,unresolved_scoring_attribution,mixed_eligibility_drive,False
2,401858224,Wake Forest,Purdue,defense,ppp,7.0,8.0,,missing,unresolved_scoring_attribution,mixed_eligibility_drive,False
2,401858224,Wake Forest,Purdue,offense,non_offense_points,0.0,1.0,,missing,unresolved_scoring_attribution,mixed_eligibility_drive,False
2,401858224,Wake Forest,Purdue,defense,non_offense_points,0.0,1.0,,missing,unresolved_scoring_attribution,mixed_eligibility_drive,False
2,401858440,Michigan State,Eastern Michigan,offense,eligible_possessions,8.0,1.0,8.0,observed,,mixed_eligibility_drive,False
2,401858440,Michigan State,Eastern Michigan,defense,eligible_possessions,8.0,1.0,8.0,observed,,mixed_eligibility_drive,False
2,401858440,Michigan State,Eastern Michigan,offense,offensive_possession_points,35.0,1.0,35.0,observed,,mixed_eligibility_drive,False
2,401858440,Michigan State,Eastern Michigan,defense,offensive_possession_points,7.0,1.0,7.0,observed,,mixed_eligibility_drive,False
2,401858440,Michigan State,Eastern Michigan,offense,ppp,35.0,8.0,4.375,observed,,mixed_eligibility_drive,True
2,401858440,Michigan State,Eastern Michigan,defense,ppp,7.0,8.0,0.875,observed,,mixed_eligibility_drive,True
2,401858440,Michigan State,Eastern Michigan,offense,non_offense_points,0.0,1.0,0.0,observed,,mixed_eligibility_drive,False
2,401858440,Michigan State,Eastern Michigan,defense,non_offense_points,0.0,1.0,0.0,observed,,mixed_eligibility_drive,False
2,401858440,Eastern Michigan,Michigan State,offense,eligible_possessions,8.0,1.0,8.0,observed,,mixed_eligibility_drive,False
2,401858440,Eastern Michigan,Michigan State,defense,eligible_possessions,8.0,1.0,8.0,observed,,mixed_eligibility_drive,False
2,401858440,Eastern Michigan,Michigan State,offense,offensive_possession_points,7.0,1.0,7.0,observed,,mixed_eligibility_drive,False
2,401858440,Eastern Michigan,Michigan State,defense,offensive_possession_points,35.0,1.0,35.0,observed,,mixed_eligibility_drive,False
2,401858440,Eastern Michigan,Michigan State,offense,ppp,7.0,8.0,0.875,observed,,mixed_eligibility_drive,True
2,401858440,Eastern Michigan,Michigan State,defense,ppp,35.0,8.0,4.375,observed,,mixed_eligibility_drive,True
2,401858440,Eastern Michigan,Michigan State,offense,non_offense_points,0.0,1.0,0.0,observed,,mixed_eligibility_drive,False
2,401858440,Eastern Michigan,Michigan State,defense,non_offense_points,0.0,1.0,0.0,observed,,mixed_eligibility_drive,False
2,401858441,Nebraska,Bowling Green,offense,eligible_possessions,7.0,1.0,7.0,observed,,mixed_eligibility_drive,False
2,401858441,Nebraska,Bowling Green,defense,eligible_possessions,6.0,1.0,6.0,observed,,mixed_eligibility_drive,False
2,401858441,Nebraska,Bowling Green,offense,offensive_possession_points,35.0,1.0,35.0,observed,,mixed_eligibility_drive,False
2,401858441,Nebraska,Bowling Green,defense,offensive_possession_points,0.0,1.0,0.0,observed,,mixed_eligibility_drive,False
2,401858441,Nebraska,Bowling Green,offense,ppp,35.0,7.0,5.0,observed,,mixed_eligibility_drive,True
2,401858441,Nebraska,Bowling Green,defense,ppp,0.0,6.0,0.0,observed,,mixed_eligibility_drive,True
2,401858441,Nebraska,Bowling Green,offense,non_offense_points,7.0,1.0,7.0,observed,,mixed_eligibility_drive,False
2,401858441,Nebraska,Bowling Green,defense,non_offense_points,0.0,1.0,0.0,observed,,mixed_eligibility_drive,False
2,401858441,Bowling Green,Nebraska,offense,eligible_possessions,6.0,1.0,6.0,observed,,mixed_eligibility_drive,False
2,401858441,Bowling Green,Nebraska,defense,eligible_possessions,7.0,1.0,7.0,observed,,mixed_eligibility_drive,False
2,401858441,Bowling Green,Nebraska,offense,offensive_possession_points,0.0,1.0,0.0,observed,,mixed_eligibility_drive,False
2,401858441,Bowling Green,Nebraska,defense,offensive_possession_points,35.0,1.0,35.0,observed,,mixed_eligibility_drive,False
2,401858441,Bowling Green,Nebraska,offense,ppp,0.0,6.0,0.0,observed,,mixed_eligibility_drive,True
2,401858441,Bowling Green,Nebraska,defense,ppp,35.0,7.0,5.0,observed,,mixed_eligibility_drive,True
2,401858441,Bowling Green,Nebraska,offense,non_offense_points,0.0,1.0,0.0,observed,,mixed_eligibility_drive,False
2,401858441,Bowling Green,Nebraska,defense,non_offense_points,7.0,1.0,7.0,observed,,mixed_eligibility_drive,False
2,401858442,Temple,Penn State,offense,eligible_possessions,9.0,1.0,9.0,observed,,mixed_eligibility_drive,False
2,401858442,Temple,Penn State,defense,eligible_possessions,9.0,1.0,9.0,observed,,mixed_eligibility_drive,False
2,401858442,Temple,Penn State,offense,offensive_possession_points,9.0,1.0,9.0,observed,,mixed_eligibility_drive,False
2,401858442,Temple,Penn State,defense,offensive_possession_points,27.0,1.0,27.0,observed,,mixed_eligibility_drive,False
2,401858442,Temple,Penn State,offense,ppp,9.0,9.0,1.0,observed,,mixed_eligibility_drive,True
2,401858442,Temple,Penn State,defense,ppp,27.0,9.0,3.0,observed,,mixed_eligibility_drive,True
2,401858442,Temple,Penn State,offense,non_offense_points,0.0,1.0,0.0,observed,,mixed_eligibility_drive,False
2,401858442,Temple,Penn State,defense,non_offense_points,0.0,1.0,0.0,observed,,mixed_eligibility_drive,False
2,401858442,Penn State,Temple,offense,eligible_possessions,9.0,1.0,9.0,observed,,mixed_eligibility_drive,False
2,401858442,Penn State,Temple,defense,eligible_possessions,9.0,1.0,9.0,observed,,mixed_eligibility_drive,False
2,401858442,Penn State,Temple,offense,offensive_possession_points,27.0,1.0,27.0,observed,,mixed_eligibility_drive,False
2,401858442,Penn State,Temple,defense,offensive_possession_points,9.0,1.0,9.0,observed,,mixed_eligibility_drive,False
2,401858442,Penn State,Temple,offense,ppp,27.0,9.0,3.0,observed,,mixed_eligibility_drive,True
2,401858442,Penn State,Temple,defense,ppp,9.0,9.0,1.0,observed,,mixed_eligibility_drive,True
2,401858442,Penn State,Temple,offense,non_offense_points,0.0,1.0,0.0,observed,,mixed_eligibility_drive,False
2,401858442,Penn State,Temple,defense,non_offense_points,0.0,1.0,0.0,observed,,mixed_eligibility_drive,False
2,401858443,UCLA,San Diego State,offense,eligible_possessions,12.0,1.0,12.0,observed,,mixed_eligibility_drive,False
2,401858443,UCLA,San Diego State,defense,eligible_possessions,11.0,1.0,11.0,observed,,mixed_eligibility_drive,False
2,401858443,UCLA,San Diego State,offense,offensive_possession_points,28.0,1.0,28.0,observed,,mixed_eligibility_drive,False
2,401858443,UCLA,San Diego State,defense,offensive_possession_points,10.0,1.0,10.0,observed,,mixed_eligibility_drive,False
2,401858443,UCLA,San Diego State,offense,ppp,28.0,12.0,2.3333333333333335,observed,,mixed_eligibility_drive,True
2,401858443,UCLA,San Diego State,defense,ppp,10.0,11.0,0.9090909090909091,observed,,mixed_eligibility_drive,True
2,401858443,UCLA,San Diego State,offense,non_offense_points,0.0,1.0,0.0,observed,,mixed_eligibility_drive,False
2,401858443,UCLA,San Diego State,defense,non_offense_points,0.0,1.0,0.0,observed,,mixed_eligibility_drive,False
2,401858443,San Diego State,UCLA,offense,eligible_possessions,11.0,1.0,11.0,observed,,mixed_eligibility_drive,False
2,401858443,San Diego State,UCLA,defense,eligible_possessions,12.0,1.0,12.0,observed,,mixed_eligibility_drive,False
2,401858443,San Diego State,UCLA,offense,offensive_possession_points,10.0,1.0,10.0,observed,,mixed_eligibility_drive,False
2,401858443,San Diego State,UCLA,defense,offensive_possession_points,28.0,1.0,28.0,observed,,mixed_eligibility_drive,False
2,401858443,San Diego State,UCLA,offense,ppp,10.0,11.0,0.9090909090909091,observed,,mixed_eligibility_drive,True
2,401858443,San Diego State,UCLA,defense,ppp,28.0,12.0,2.3333333333333335,observed,,mixed_eligibility_drive,True
2,401858443,San Diego State,UCLA,offense,non_offense_points,0.0,1.0,0.0,observed,,mixed_eligibility_drive,False
2,401858443,San Diego State,UCLA,defense,non_offense_points,0.0,1.0,0.0,observed,,mixed_eligibility_drive,False
2,401858444,UConn,Maryland,offense,eligible_possessions,11.0,1.0,11.0,observed,,mixed_eligibility_drive,False
2,401858444,UConn,Maryland,defense,eligible_possessions,12.0,1.0,12.0,observed,,mixed_eligibility_drive,False
2,401858444,UConn,Maryland,offense,offensive_possession_points,14.0,1.0,14.0,observed,,mixed_eligibility_drive,False
2,401858444,UConn,Maryland,defense,offensive_possession_points,38.0,1.0,38.0,observed,,mixed_eligibility_drive,False
2,401858444,UConn,Maryland,offense,ppp,14.0,11.0,1.2727272727272727,observed,,mixed_eligibility_drive,True
2,401858444,UConn,Maryland,defense,ppp,38.0,12.0,3.1666666666666665,observed,,mixed_eligibility_drive,True
2,401858444,UConn,Maryland,offense,non_offense_points,0.0,1.0,0.0,observed,,mixed_eligibility_drive,False
2,401858444,UConn,Maryland,defense,non_offense_points,0.0,1.0,0.0,observed,,mixed_eligibility_drive,False
2,401858444,Maryland,UConn,offense,eligible_possessions,12.0,1.0,12.0,observed,,mixed_eligibility_drive,False
2,401858444,Maryland,UConn,defense,eligible_possessions,11.0,1.0,11.0,observed,,mixed_eligibility_drive,False
2,401858444,Maryland,UConn,offense,offensive_possession_points,38.0,1.0,38.0,observed,,mixed_eligibility_drive,False
2,401858444,Maryland,UConn,defense,offensive_possession_points,14.0,1.0,14.0,observed,,mixed_eligibility_drive,False
2,401858444,Maryland,UConn,offense,ppp,38.0,12.0,3.1666666666666665,observed,,mixed_eligibility_drive,True
2,401858444,Maryland,UConn,defense,ppp,14.0,11.0,1.2727272727272727,observed,,mixed_eligibility_drive,True
2,401858444,Maryland,UConn,offense,non_offense_points,0.0,1.0,0.0,observed,,mixed_eligibility_drive,False
2,401858444,Maryland,UConn,defense,non_offense_points,0.0,1.0,0.0,observed,,mixed_eligibility_drive,False
2,401858445,USC,Louisiana,offense,eligible_possessions,10.0,1.0,10.0,observed,,mixed_eligibility_drive,False
2,401858445,USC,Louisiana,defense,eligible_possessions,10.0,1.0,10.0,observed,,mixed_eligibility_drive,False
2,401858445,USC,Louisiana,offense,offensive_possession_points,7.0,1.0,,missing,unresolved_scoring_attribution,mixed_eligibility_drive,False
2,401858445,USC,Louisiana,defense,offensive_possession_points,30.0,1.0,30.0,observed,,mixed_eligibility_drive,False
2,401858445,USC,Louisiana,offense,ppp,7.0,10.0,,missing,unresolved_scoring_attribution,mixed_eligibility_drive,False
2,401858445,USC,Louisiana,defense,ppp,30.0,10.0,3.0,observed,,mixed_eligibility_drive,True
2,401858445,USC,Louisiana,offense,non_offense_points,0.0,1.0,,missing,unresolved_scoring_attribution,mixed_eligibility_drive,False
2,401858445,USC,Louisiana,defense,non_offense_points,0.0,1.0,0.0,observed,,mixed_eligibility_drive,False
2,401858445,Louisiana,USC,offense,eligible_possessions,10.0,1.0,10.0,observed,,mixed_eligibility_drive,False
2,401858445,Louisiana,USC,defense,eligible_possessions,10.0,1.0,10.0,observed,,mixed_eligibility_drive,False
2,401858445,Louisiana,USC,offense,offensive_possession_points,30.0,1.0,30.0,observed,,mixed_eligibility_drive,False
2,401858445,Louisiana,USC,defense,offensive_possession_points,7.0,1.0,,missing,unresolved_scoring_attribution,mixed_eligibility_drive,False
2,401858445,Louisiana,USC,offense,ppp,30.0,10.0,3.0,observed,,mixed_eligibility_drive,True
2,401858445,Louisiana,USC,defense,ppp,7.0,10.0,,missing,unresolved_scoring_attribution,mixed_eligibility_drive,False
2,401858445,Louisiana,USC,offense,non_offense_points,0.0,1.0,0.0,observed,,mixed_eligibility_drive,False
2,401858445,Louisiana,USC,defense,non_offense_points,0.0,1.0,,missing,unresolved_scoring_attribution,mixed_eligibility_drive,False
2,401858446,Washington,Utah State,offense,eligible_possessions,12.0,1.0,12.0,observed,,mixed_eligibility_drive,False
2,401858446,Washington,Utah State,defense,eligible_possessions,12.0,1.0,12.0,observed,,mixed_eligibility_drive,False
2,401858446,Washington,Utah State,offense,offensive_possession_points,16.0,1.0,16.0,observed,,mixed_eligibility_drive,False
2,401858446,Washington,Utah State,defense,offensive_possession_points,14.0,1.0,14.0,observed,,mixed_eligibility_drive,False
2,401858446,Washington,Utah State,offense,ppp,16.0,12.0,1.3333333333333333,observed,,mixed_eligibility_drive,True
2,401858446,Washington,Utah State,defense,ppp,14.0,12.0,1.1666666666666667,observed,,mixed_eligibility_drive,True
2,401858446,Washington,Utah State,offense,non_offense_points,0.0,1.0,0.0,observed,,mixed_eligibility_drive,False
2,401858446,Washington,Utah State,defense,non_offense_points,0.0,1.0,0.0,observed,,mixed_eligibility_drive,False
2,401858446,Utah State,Washington,offense,eligible_possessions,12.0,1.0,12.0,observed,,mixed_eligibility_drive,False
2,401858446,Utah State,Washington,defense,eligible_possessions,12.0,1.0,12.0,observed,,mixed_eligibility_drive,False
2,401858446,Utah State,Washington,offense,offensive_possession_points,14.0,1.0,14.0,observed,,mixed_eligibility_drive,False
2,401858446,Utah State,Washington,defense,offensive_possession_points,16.0,1.0,16.0,observed,,mixed_eligibility_drive,False
2,401858446,Utah State,Washington,offense,ppp,14.0,12.0,1.1666666666666667,observed,,mixed_eligibility_drive,True
2,401858446,Utah State,Washington,defense,ppp,16.0,12.0,1.3333333333333333,observed,,mixed_eligibility_drive,True
2,401858446,Utah State,Washington,offense,non_offense_points,0.0,1.0,0.0,observed,,mixed_eligibility_drive,False
2,401858446,Utah State,Washington,defense,non_offense_points,0.0,1.0,0.0,observed,,mixed_eligibility_drive,False
2,401859184,Notre Dame,Rice,offense,eligible_possessions,6.0,1.0,6.0,observed,,mixed_eligibility_drive,False
2,401859184,Notre Dame,Rice,defense,eligible_possessions,8.0,1.0,8.0,observed,,mixed_eligibility_drive,False
2,401859184,Notre Dame,Rice,offense,offensive_possession_points,0.0,1.0,,missing,unresolved_scoring_attribution,mixed_eligibility_drive,False
2,401859184,Notre Dame,Rice,defense,offensive_possession_points,0.0,1.0,0.0,observed,,mixed_eligibility_drive,False
2,401859184,Notre Dame,Rice,offense,ppp,0.0,6.0,,missing,unresolved_scoring_attribution,mixed_eligibility_drive,False
2,401859184,Notre Dame,Rice,defense,ppp,0.0,8.0,0.0,observed,,mixed_eligibility_drive,True
2,401859184,Notre Dame,Rice,offense,non_offense_points,7.0,1.0,,missing,unresolved_scoring_attribution,mixed_eligibility_drive,False
2,401859184,Notre Dame,Rice,defense,non_offense_points,0.0,1.0,0.0,observed,,mixed_eligibility_drive,False
2,401859184,Rice,Notre Dame,offense,eligible_possessions,8.0,1.0,8.0,observed,,mixed_eligibility_drive,False
2,401859184,Rice,Notre Dame,defense,eligible_possessions,6.0,1.0,6.0,observed,,mixed_eligibility_drive,False
2,401859184,Rice,Notre Dame,offense,offensive_possession_points,0.0,1.0,0.0,observed,,mixed_eligibility_drive,False
2,401859184,Rice,Notre Dame,defense,offensive_possession_points,0.0,1.0,,missing,unresolved_scoring_attribution,mixed_eligibility_drive,False
2,401859184,Rice,Notre Dame,offense,ppp,0.0,8.0,0.0,observed,,mixed_eligibility_drive,True
2,401859184,Rice,Notre Dame,defense,ppp,0.0,6.0,,missing,unresolved_scoring_attribution,mixed_eligibility_drive,False
2,401859184,Rice,Notre Dame,offense,non_offense_points,0.0,1.0,0.0,observed,,mixed_eligibility_drive,False
2,401859184,Rice,Notre Dame,defense,non_offense_points,7.0,1.0,,missing,unresolved_scoring_attribution,mixed_eligibility_drive,False
2,401860881,Boise State,Memphis,offense,eligible_possessions,10.0,1.0,10.0,observed,,mixed_eligibility_drive,False
2,401860881,Boise State,Memphis,defense,eligible_possessions,11.0,1.0,11.0,observed,,mixed_eligibility_drive,False
2,401860881,Boise State,Memphis,offense,offensive_possession_points,31.0,1.0,31.0,observed,,mixed_eligibility_drive,False
2,401860881,Boise State,Memphis,defense,offensive_possession_points,10.0,1.0,,missing,unresolved_scoring_attribution,mixed_eligibility_drive,False
2,401860881,Boise State,Memphis,offense,ppp,31.0,10.0,3.1,observed,,mixed_eligibility_drive,True
2,401860881,Boise State,Memphis,defense,ppp,10.0,11.0,,missing,unresolved_scoring_attribution,mixed_eligibility_drive,False
2,401860881,Boise State,Memphis,offense,non_offense_points,7.0,1.0,7.0,observed,,mixed_eligibility_drive,False
2,401860881,Boise State,Memphis,defense,non_offense_points,10.0,1.0,,missing,unresolved_scoring_attribution,mixed_eligibility_drive,False
2,401860881,Memphis,Boise State,offense,eligible_possessions,11.0,1.0,11.0,observed,,mixed_eligibility_drive,False
2,401860881,Memphis,Boise State,defense,eligible_possessions,10.0,1.0,10.0,observed,,mixed_eligibility_drive,False
2,401860881,Memphis,Boise State,offense,offensive_possession_points,10.0,1.0,,missing,unresolved_scoring_attribution,mixed_eligibility_drive,False
2,401860881,Memphis,Boise State,defense,offensive_possession_points,31.0,1.0,31.0,observed,,mixed_eligibility_drive,False
2,401860881,Memphis,Boise State,offense,ppp,10.0,11.0,,missing,unresolved_scoring_attribution,mixed_eligibility_drive,False
2,401860881,Memphis,Boise State,defense,ppp,31.0,10.0,3.1,observed,,mixed_eligibility_drive,True
2,401860881,Memphis,Boise State,offense,non_offense_points,10.0,1.0,,missing,unresolved_scoring_attribution,mixed_eligibility_drive,False
2,401860881,Memphis,Boise State,defense,non_offense_points,7.0,1.0,7.0,observed,,mixed_eligibility_drive,False
2,401860883,Fresno State,Sacramento State,offense,eligible_possessions,8.0,1.0,8.0,observed,,mixed_eligibility_drive,False
2,401860883,Fresno State,Sacramento State,defense,eligible_possessions,7.0,1.0,7.0,observed,,mixed_eligibility_drive,False
2,401860883,Fresno State,Sacramento State,offense,offensive_possession_points,39.0,1.0,39.0,observed,,mixed_eligibility_drive,False
2,401860883,Fresno State,Sacramento State,defense,offensive_possession_points,0.0,1.0,0.0,observed,,mixed_eligibility_drive,False
2,401860883,Fresno State,Sacramento State,offense,ppp,39.0,8.0,4.875,observed,,mixed_eligibility_drive,True
2,401860883,Fresno State,Sacramento State,defense,ppp,0.0,7.0,0.0,observed,,mixed_eligibility_drive,True
2,401860883,Fresno State,Sacramento State,offense,non_offense_points,0.0,1.0,0.0,observed,,mixed_eligibility_drive,False
2,401860883,Fresno State,Sacramento State,defense,non_offense_points,0.0,1.0,0.0,observed,,mixed_eligibility_drive,False
2,401860883,Sacramento State,Fresno State,offense,eligible_possessions,7.0,1.0,7.0,observed,,mixed_eligibility_drive,False
2,401860883,Sacramento State,Fresno State,defense,eligible_possessions,8.0,1.0,8.0,observed,,mixed_eligibility_drive,False
2,401860883,Sacramento State,Fresno State,offense,offensive_possession_points,0.0,1.0,0.0,observed,,mixed_eligibility_drive,False
2,401860883,Sacramento State,Fresno State,defense,offensive_possession_points,39.0,1.0,39.0,observed,,mixed_eligibility_drive,False
2,401860883,Sacramento State,Fresno State,offense,ppp,0.0,7.0,0.0,observed,,mixed_eligibility_drive,True
2,401860883,Sacramento State,Fresno State,defense,ppp,39.0,8.0,4.875,observed,,mixed_eligibility_drive,True
2,401860883,Sacramento State,Fresno State,offense,non_offense_points,0.0,1.0,0.0,observed,,mixed_eligibility_drive,False
2,401860883,Sacramento State,Fresno State,defense,non_offense_points,0.0,1.0,0.0,observed,,mixed_eligibility_drive,False
2,401860884,Texas State,UTSA,offense,eligible_possessions,12.0,1.0,12.0,observed,,mixed_eligibility_drive,False
2,401860884,Texas State,UTSA,defense,eligible_possessions,11.0,1.0,11.0,observed,,mixed_eligibility_drive,False
2,401860884,Texas State,UTSA,offense,offensive_possession_points,26.0,1.0,26.0,observed,,mixed_eligibility_drive,False
2,401860884,Texas State,UTSA,defense,offensive_possession_points,30.0,1.0,30.0,observed,,mixed_eligibility_drive,False
2,401860884,Texas State,UTSA,offense,ppp,26.0,12.0,2.1666666666666665,observed,,mixed_eligibility_drive,True
2,401860884,Texas State,UTSA,defense,ppp,30.0,11.0,2.727272727272727,observed,,mixed_eligibility_drive,True
2,401860884,Texas State,UTSA,offense,non_offense_points,0.0,1.0,0.0,observed,,mixed_eligibility_drive,False
2,401860884,Texas State,UTSA,defense,non_offense_points,1.0,1.0,1.0,observed,,mixed_eligibility_drive,False
2,401860884,UTSA,Texas State,offense,eligible_possessions,11.0,1.0,11.0,observed,,mixed_eligibility_drive,False
2,401860884,UTSA,Texas State,defense,eligible_possessions,12.0,1.0,12.0,observed,,mixed_eligibility_drive,False
2,401860884,UTSA,Texas State,offense,offensive_possession_points,30.0,1.0,30.0,observed,,mixed_eligibility_drive,False
2,401860884,UTSA,Texas State,defense,offensive_possession_points,26.0,1.0,26.0,observed,,mixed_eligibility_drive,False
2,401860884,UTSA,Texas State,offense,ppp,30.0,11.0,2.727272727272727,observed,,mixed_eligibility_drive,True
2,401860884,UTSA,Texas State,defense,ppp,26.0,12.0,2.1666666666666665,observed,,mixed_eligibility_drive,True
2,401860884,UTSA,Texas State,offense,non_offense_points,1.0,1.0,1.0,observed,,mixed_eligibility_drive,False
2,401860884,UTSA,Texas State,defense,non_offense_points,0.0,1.0,0.0,observed,,mixed_eligibility_drive,False
2,401862702,Army,South Florida,offense,eligible_possessions,9.0,1.0,9.0,observed,,mixed_eligibility_drive,False
2,401862702,Army,South Florida,defense,eligible_possessions,10.0,1.0,10.0,observed,,mixed_eligibility_drive,False
2,401862702,Army,South Florida,offense,offensive_possession_points,24.0,1.0,,missing,unresolved_scoring_attribution,mixed_eligibility_drive,False
2,401862702,Army,South Florida,defense,offensive_possession_points,28.0,1.0,28.0,observed,,mixed_eligibility_drive,False
2,401862702,Army,South Florida,offense,ppp,24.0,9.0,,missing,unresolved_scoring_attribution,mixed_eligibility_drive,False
2,401862702,Army,South Florida,defense,ppp,28.0,10.0,2.8,observed,,mixed_eligibility_drive,True
2,401862702,Army,South Florida,offense,non_offense_points,0.0,1.0,,missing,unresolved_scoring_attribution,mixed_eligibility_drive,False
2,401862702,Army,South Florida,defense,non_offense_points,0.0,1.0,0.0,observed,,mixed_eligibility_drive,False
2,401862702,South Florida,Army,offense,eligible_possessions,10.0,1.0,10.0,observed,,mixed_eligibility_drive,False
2,401862702,South Florida,Army,defense,eligible_possessions,9.0,1.0,9.0,observed,,mixed_eligibility_drive,False
2,401862702,South Florida,Army,offense,offensive_possession_points,28.0,1.0,28.0,observed,,mixed_eligibility_drive,False
2,401862702,South Florida,Army,defense,offensive_possession_points,24.0,1.0,,missing,unresolved_scoring_attribution,mixed_eligibility_drive,False
2,401862702,South Florida,Army,offense,ppp,28.0,10.0,2.8,observed,,mixed_eligibility_drive,True
2,401862702,South Florida,Army,defense,ppp,24.0,9.0,,missing,unresolved_scoring_attribution,mixed_eligibility_drive,False
2,401862702,South Florida,Army,offense,non_offense_points,0.0,1.0,0.0,observed,,mixed_eligibility_drive,False
2,401862702,South Florida,Army,defense,non_offense_points,0.0,1.0,,missing,unresolved_scoring_attribution,mixed_eligibility_drive,False
2,401862703,Florida Atlantic,Navy,offense,eligible_possessions,12.0,1.0,12.0,observed,,mixed_eligibility_drive,False
2,401862703,Florida Atlantic,Navy,defense,eligible_possessions,12.0,1.0,12.0,observed,,mixed_eligibility_drive,False
2,401862703,Florida Atlantic,Navy,offense,offensive_possession_points,14.0,1.0,,missing,unresolved_scoring_attribution,mixed_eligibility_drive,False
2,401862703,Florida Atlantic,Navy,defense,offensive_possession_points,27.0,1.0,27.0,observed,,mixed_eligibility_drive,False
2,401862703,Florida Atlantic,Navy,offense,ppp,14.0,12.0,,missing,unresolved_scoring_attribution,mixed_eligibility_drive,False
2,401862703,Florida Atlantic,Navy,defense,ppp,27.0,12.0,2.25,observed,,mixed_eligibility_drive,True
2,401862703,Florida Atlantic,Navy,offense,non_offense_points,0.0,1.0,,missing,unresolved_scoring_attribution,mixed_eligibility_drive,False
2,401862703,Florida Atlantic,Navy,defense,non_offense_points,3.0,1.0,3.0,observed,,mixed_eligibility_drive,False
2,401862703,Navy,Florida Atlantic,offense,eligible_possessions,12.0,1.0,12.0,observed,,mixed_eligibility_drive,False
2,401862703,Navy,Florida Atlantic,defense,eligible_possessions,12.0,1.0,12.0,observed,,mixed_eligibility_drive,False
2,401862703,Navy,Florida Atlantic,offense,offensive_possession_points,27.0,1.0,27.0,observed,,mixed_eligibility_drive,False
2,401862703,Navy,Florida Atlantic,defense,offensive_possession_points,14.0,1.0,,missing,unresolved_scoring_attribution,mixed_eligibility_drive,False
2,401862703,Navy,Florida Atlantic,offense,ppp,27.0,12.0,2.25,observed,,mixed_eligibility_drive,True
2,401862703,Navy,Florida Atlantic,defense,ppp,14.0,12.0,,missing,unresolved_scoring_attribution,mixed_eligibility_drive,False
2,401862703,Navy,Florida Atlantic,offense,non_offense_points,3.0,1.0,3.0,observed,,mixed_eligibility_drive,False
2,401862703,Navy,Florida Atlantic,defense,non_offense_points,0.0,1.0,,missing,unresolved_scoring_attribution,mixed_eligibility_drive,False
2,401862705,North Texas,UNLV,offense,eligible_possessions,9.0,1.0,9.0,observed,,mixed_eligibility_drive,False
2,401862705,North Texas,UNLV,defense,eligible_possessions,9.0,1.0,9.0,observed,,mixed_eligibility_drive,False
2,401862705,North Texas,UNLV,offense,offensive_possession_points,34.0,1.0,34.0,observed,,mixed_eligibility_drive,False
2,401862705,North Texas,UNLV,defense,offensive_possession_points,6.0,1.0,6.0,observed,,mixed_eligibility_drive,False
2,401862705,North Texas,UNLV,offense,ppp,34.0,9.0,3.7777777777777777,observed,,mixed_eligibility_drive,True
2,401862705,North Texas,UNLV,defense,ppp,6.0,9.0,0.6666666666666666,observed,,mixed_eligibility_drive,True
2,401862705,North Texas,UNLV,offense,non_offense_points,0.0,1.0,0.0,observed,,mixed_eligibility_drive,False
2,401862705,North Texas,UNLV,defense,non_offense_points,0.0,1.0,0.0,observed,,mixed_eligibility_drive,False
2,401862705,UNLV,North Texas,offense,eligible_possessions,9.0,1.0,9.0,observed,,mixed_eligibility_drive,False
2,401862705,UNLV,North Texas,defense,eligible_possessions,9.0,1.0,9.0,observed,,mixed_eligibility_drive,False
2,401862705,UNLV,North Texas,offense,offensive_possession_points,6.0,1.0,6.0,observed,,mixed_eligibility_drive,False
2,401862705,UNLV,North Texas,defense,offensive_possession_points,34.0,1.0,34.0,observed,,mixed_eligibility_drive,False
2,401862705,UNLV,North Texas,offense,ppp,6.0,9.0,0.6666666666666666,observed,,mixed_eligibility_drive,True
2,401862705,UNLV,North Texas,defense,ppp,34.0,9.0,3.7777777777777777,observed,,mixed_eligibility_drive,True
2,401862705,UNLV,North Texas,offense,non_offense_points,0.0,1.0,0.0,observed,,mixed_eligibility_drive,False
2,401862705,UNLV,North Texas,defense,non_offense_points,0.0,1.0,0.0,observed,,mixed_eligibility_drive,False
2,401862707,Sam Houston,Tulsa,offense,eligible_possessions,11.0,1.0,11.0,observed,,mixed_eligibility_drive,False
2,401862707,Sam Houston,Tulsa,defense,eligible_possessions,11.0,1.0,11.0,observed,,mixed_eligibility_drive,False
2,401862707,Sam Houston,Tulsa,offense,offensive_possession_points,17.0,1.0,17.0,observed,,mixed_eligibility_drive,False
2,401862707,Sam Houston,Tulsa,defense,offensive_possession_points,23.0,1.0,23.0,observed,,mixed_eligibility_drive,False
2,401862707,Sam Houston,Tulsa,offense,ppp,17.0,11.0,1.5454545454545454,observed,,mixed_eligibility_drive,True
2,401862707,Sam Houston,Tulsa,defense,ppp,23.0,11.0,2.090909090909091,observed,,mixed_eligibility_drive,True
2,401862707,Sam Houston,Tulsa,offense,non_offense_points,0.0,1.0,0.0,observed,,mixed_eligibility_drive,False
2,401862707,Sam Houston,Tulsa,defense,non_offense_points,0.0,1.0,0.0,observed,,mixed_eligibility_drive,False
2,401862707,Tulsa,Sam Houston,offense,eligible_possessions,11.0,1.0,11.0,observed,,mixed_eligibility_drive,False
2,401862707,Tulsa,Sam Houston,defense,eligible_possessions,11.0,1.0,11.0,observed,,mixed_eligibility_drive,False
2,401862707,Tulsa,Sam Houston,offense,offensive_possession_points,23.0,1.0,23.0,observed,,mixed_eligibility_drive,False
2,401862707,Tulsa,Sam Houston,defense,offensive_possession_points,17.0,1.0,17.0,observed,,mixed_eligibility_drive,False
2,401862707,Tulsa,Sam Houston,offense,ppp,23.0,11.0,2.090909090909091,observed,,mixed_eligibility_drive,True
2,401862707,Tulsa,Sam Houston,defense,ppp,17.0,11.0,1.5454545454545454,observed,,mixed_eligibility_drive,True
2,401862707,Tulsa,Sam Houston,offense,non_offense_points,0.0,1.0,0.0,observed,,mixed_eligibility_drive,False
2,401862707,Tulsa,Sam Houston,defense,non_offense_points,0.0,1.0,0.0,observed,,mixed_eligibility_drive,False
2,401862708,UAB,UL Monroe,offense,eligible_possessions,9.0,1.0,9.0,observed,,mixed_eligibility_drive,False
2,401862708,UAB,UL Monroe,defense,eligible_possessions,10.0,1.0,10.0,observed,,mixed_eligibility_drive,False
2,401862708,UAB,UL Monroe,offense,offensive_possession_points,26.0,1.0,26.0,observed,,mixed_eligibility_drive,False
2,401862708,UAB,UL Monroe,defense,offensive_possession_points,20.0,1.0,20.0,observed,,mixed_eligibility_drive,False
2,401862708,UAB,UL Monroe,offense,ppp,26.0,9.0,2.888888888888889,observed,,mixed_eligibility_drive,True
2,401862708,UAB,UL Monroe,defense,ppp,20.0,10.0,2.0,observed,,mixed_eligibility_drive,True
2,401862708,UAB,UL Monroe,offense,non_offense_points,0.0,1.0,0.0,observed,,mixed_eligibility_drive,False
2,401862708,UAB,UL Monroe,defense,non_offense_points,0.0,1.0,0.0,observed,,mixed_eligibility_drive,False
2,401862708,UL Monroe,UAB,offense,eligible_possessions,10.0,1.0,10.0,observed,,mixed_eligibility_drive,False
2,401862708,UL Monroe,UAB,defense,eligible_possessions,9.0,1.0,9.0,observed,,mixed_eligibility_drive,False
2,401862708,UL Monroe,UAB,offense,offensive_possession_points,20.0,1.0,20.0,observed,,mixed_eligibility_drive,False
2,401862708,UL Monroe,UAB,defense,offensive_possession_points,26.0,1.0,26.0,observed,,mixed_eligibility_drive,False
2,401862708,UL Monroe,UAB,offense,ppp,20.0,10.0,2.0,observed,,mixed_eligibility_drive,True
2,401862708,UL Monroe,UAB,defense,ppp,26.0,9.0,2.888888888888889,observed,,mixed_eligibility_drive,True
2,401862708,UL Monroe,UAB,offense,non_offense_points,0.0,1.0,0.0,observed,,mixed_eligibility_drive,False
2,401862708,UL Monroe,UAB,defense,non_offense_points,0.0,1.0,0.0,observed,,mixed_eligibility_drive,False
2,401864502,Air Force,North Dakota State,offense,eligible_possessions,10.0,1.0,10.0,observed,,mixed_eligibility_drive,False
2,401864502,Air Force,North Dakota State,defense,eligible_possessions,11.0,1.0,11.0,observed,,mixed_eligibility_drive,False
2,401864502,Air Force,North Dakota State,offense,offensive_possession_points,0.0,1.0,,missing,unresolved_scoring_attribution,mixed_eligibility_drive,False
2,401864502,Air Force,North Dakota State,defense,offensive_possession_points,14.0,1.0,,missing,unresolved_scoring_attribution,mixed_eligibility_drive,False
2,401864502,Air Force,North Dakota State,offense,ppp,0.0,10.0,,missing,unresolved_scoring_attribution,mixed_eligibility_drive,False
2,401864502,Air Force,North Dakota State,defense,ppp,14.0,11.0,,missing,unresolved_scoring_attribution,mixed_eligibility_drive,False
2,401864502,Air Force,North Dakota State,offense,non_offense_points,0.0,1.0,,missing,unresolved_scoring_attribution,mixed_eligibility_drive,False
2,401864502,Air Force,North Dakota State,defense,non_offense_points,0.0,1.0,,missing,unresolved_scoring_attribution,mixed_eligibility_drive,False
2,401864502,North Dakota State,Air Force,offense,eligible_possessions,11.0,1.0,11.0,observed,,mixed_eligibility_drive,False
2,401864502,North Dakota State,Air Force,defense,eligible_possessions,10.0,1.0,10.0,observed,,mixed_eligibility_drive,False
2,401864502,North Dakota State,Air Force,offense,offensive_possession_points,14.0,1.0,,missing,unresolved_scoring_attribution,mixed_eligibility_drive,False
2,401864502,North Dakota State,Air Force,defense,offensive_possession_points,0.0,1.0,,missing,unresolved_scoring_attribution,mixed_eligibility_drive,False
2,401864502,North Dakota State,Air Force,offense,ppp,14.0,11.0,,missing,unresolved_scoring_attribution,mixed_eligibility_drive,False
2,401864502,North Dakota State,Air Force,defense,ppp,0.0,10.0,,missing,unresolved_scoring_attribution,mixed_eligibility_drive,False
2,401864502,North Dakota State,Air Force,offense,non_offense_points,0.0,1.0,,missing,unresolved_scoring_attribution,mixed_eligibility_drive,False
2,401864502,North Dakota State,Air Force,defense,non_offense_points,0.0,1.0,,missing,unresolved_scoring_attribution,mixed_eligibility_drive,False
2,401864571,East Carolina,App State,offense,eligible_possessions,13.0,1.0,13.0,observed,,mixed_eligibility_drive,False
2,401864571,East Carolina,App State,defense,eligible_possessions,14.0,1.0,14.0,observed,,mixed_eligibility_drive,False
2,401864571,East Carolina,App State,offense,offensive_possession_points,24.0,1.0,24.0,observed,,mixed_eligibility_drive,False
2,401864571,East Carolina,App State,defense,offensive_possession_points,27.0,1.0,27.0,observed,,mixed_eligibility_drive,False
2,401864571,East Carolina,App State,offense,ppp,24.0,13.0,1.8461538461538463,observed,,mixed_eligibility_drive,True
2,401864571,East Carolina,App State,defense,ppp,27.0,14.0,1.9285714285714286,observed,,mixed_eligibility_drive,True
2,401864571,East Carolina,App State,offense,non_offense_points,0.0,1.0,0.0,observed,,mixed_eligibility_drive,False
2,401864571,East Carolina,App State,defense,non_offense_points,0.0,1.0,0.0,observed,,mixed_eligibility_drive,False
2,401864571,App State,East Carolina,offense,eligible_possessions,14.0,1.0,14.0,observed,,mixed_eligibility_drive,False
2,401864571,App State,East Carolina,defense,eligible_possessions,13.0,1.0,13.0,observed,,mixed_eligibility_drive,False
2,401864571,App State,East Carolina,offense,offensive_possession_points,27.0,1.0,27.0,observed,,mixed_eligibility_drive,False
2,401864571,App State,East Carolina,defense,offensive_possession_points,24.0,1.0,24.0,observed,,mixed_eligibility_drive,False
2,401864571,App State,East Carolina,offense,ppp,27.0,14.0,1.9285714285714286,observed,,mixed_eligibility_drive,True
2,401864571,App State,East Carolina,defense,ppp,24.0,13.0,1.8461538461538463,observed,,mixed_eligibility_drive,True
2,401864571,App State,East Carolina,offense,non_offense_points,0.0,1.0,0.0,observed,,mixed_eligibility_drive,False
2,401864571,App State,East Carolina,defense,non_offense_points,0.0,1.0,0.0,observed,,mixed_eligibility_drive,False
2,401864575,Tulane,South Alabama,offense,eligible_possessions,10.0,1.0,10.0,observed,,mixed_eligibility_drive,False
2,401864575,Tulane,South Alabama,defense,eligible_possessions,10.0,1.0,10.0,observed,,mixed_eligibility_drive,False
2,401864575,Tulane,South Alabama,offense,offensive_possession_points,28.0,1.0,28.0,observed,,mixed_eligibility_drive,False
2,401864575,Tulane,South Alabama,defense,offensive_possession_points,24.0,1.0,24.0,observed,,mixed_eligibility_drive,False
2,401864575,Tulane,South Alabama,offense,ppp,28.0,10.0,2.8,observed,,mixed_eligibility_drive,True
2,401864575,Tulane,South Alabama,defense,ppp,24.0,10.0,2.4,observed,,mixed_eligibility_drive,True
2,401864575,Tulane,South Alabama,offense,non_offense_points,0.0,1.0,0.0,observed,,mixed_eligibility_drive,False
2,401864575,Tulane,South Alabama,defense,non_offense_points,0.0,1.0,0.0,observed,,mixed_eligibility_drive,False
2,401864575,South Alabama,Tulane,offense,eligible_possessions,10.0,1.0,10.0,observed,,mixed_eligibility_drive,False
2,401864575,South Alabama,Tulane,defense,eligible_possessions,10.0,1.0,10.0,observed,,mixed_eligibility_drive,False
2,401864575,South Alabama,Tulane,offense,offensive_possession_points,24.0,1.0,24.0,observed,,mixed_eligibility_drive,False
2,401864575,South Alabama,Tulane,defense,offensive_possession_points,28.0,1.0,28.0,observed,,mixed_eligibility_drive,False
2,401864575,South Alabama,Tulane,offense,ppp,24.0,10.0,2.4,observed,,mixed_eligibility_drive,True
2,401864575,South Alabama,Tulane,defense,ppp,28.0,10.0,2.8,observed,,mixed_eligibility_drive,True
2,401864575,South Alabama,Tulane,offense,non_offense_points,0.0,1.0,0.0,observed,,mixed_eligibility_drive,False
2,401864575,South Alabama,Tulane,defense,non_offense_points,0.0,1.0,0.0,observed,,mixed_eligibility_drive,False
2,401864578,Hawai'i,New Mexico State,offense,eligible_possessions,12.0,1.0,12.0,observed,,mixed_eligibility_drive,False
2,401864578,Hawai'i,New Mexico State,defense,eligible_possessions,12.0,1.0,12.0,observed,,mixed_eligibility_drive,False
2,401864578,Hawai'i,New Mexico State,offense,offensive_possession_points,29.0,1.0,29.0,observed,,mixed_eligibility_drive,False
2,401864578,Hawai'i,New Mexico State,defense,offensive_possession_points,13.0,1.0,13.0,observed,,mixed_eligibility_drive,False
2,401864578,Hawai'i,New Mexico State,offense,ppp,29.0,12.0,2.4166666666666665,observed,,mixed_eligibility_drive,True
2,401864578,Hawai'i,New Mexico State,defense,ppp,13.0,12.0,1.0833333333333333,observed,,mixed_eligibility_drive,True
2,401864578,Hawai'i,New Mexico State,offense,non_offense_points,0.0,1.0,0.0,observed,,mixed_eligibility_drive,False
2,401864578,Hawai'i,New Mexico State,defense,non_offense_points,6.0,1.0,6.0,observed,,mixed_eligibility_drive,False
2,401864578,New Mexico State,Hawai'i,offense,eligible_possessions,12.0,1.0,12.0,observed,,mixed_eligibility_drive,False
2,401864578,New Mexico State,Hawai'i,defense,eligible_possessions,12.0,1.0,12.0,observed,,mixed_eligibility_drive,False
2,401864578,New Mexico State,Hawai'i,offense,offensive_possession_points,13.0,1.0,13.0,observed,,mixed_eligibility_drive,False
2,401864578,New Mexico State,Hawai'i,defense,offensive_possession_points,29.0,1.0,29.0,observed,,mixed_eligibility_drive,False
2,401864578,New Mexico State,Hawai'i,offense,ppp,13.0,12.0,1.0833333333333333,observed,,mixed_eligibility_drive,True
2,401864578,New Mexico State,Hawai'i,defense,ppp,29.0,12.0,2.4166666666666665,observed,,mixed_eligibility_drive,True
2,401864578,New Mexico State,Hawai'i,offense,non_offense_points,6.0,1.0,6.0,observed,,mixed_eligibility_drive,False
2,401864578,New Mexico State,Hawai'i,defense,non_offense_points,0.0,1.0,0.0,observed,,mixed_eligibility_drive,False
2,401866414,Florida International,Buffalo,offense,eligible_possessions,14.0,1.0,14.0,observed,,mixed_eligibility_drive,False
2,401866414,Florida International,Buffalo,defense,eligible_possessions,13.0,1.0,13.0,observed,,mixed_eligibility_drive,False
2,401866414,Florida International,Buffalo,offense,offensive_possession_points,33.0,1.0,33.0,observed,,mixed_eligibility_drive,False
2,401866414,Florida International,Buffalo,defense,offensive_possession_points,20.0,1.0,20.0,observed,,mixed_eligibility_drive,False
2,401866414,Florida International,Buffalo,offense,ppp,33.0,14.0,2.357142857142857,observed,,mixed_eligibility_drive,True
2,401866414,Florida International,Buffalo,defense,ppp,20.0,13.0,1.5384615384615385,observed,,mixed_eligibility_drive,True
2,401866414,Florida International,Buffalo,offense,non_offense_points,0.0,1.0,0.0,observed,,mixed_eligibility_drive,False
2,401866414,Florida International,Buffalo,defense,non_offense_points,0.0,1.0,0.0,observed,,mixed_eligibility_drive,False
2,401866414,Buffalo,Florida International,offense,eligible_possessions,13.0,1.0,13.0,observed,,mixed_eligibility_drive,False
2,401866414,Buffalo,Florida International,defense,eligible_possessions,14.0,1.0,14.0,observed,,mixed_eligibility_drive,False
2,401866414,Buffalo,Florida International,offense,offensive_possession_points,20.0,1.0,20.0,observed,,mixed_eligibility_drive,False
2,401866414,Buffalo,Florida International,defense,offensive_possession_points,33.0,1.0,33.0,observed,,mixed_eligibility_drive,False
2,401866414,Buffalo,Florida International,offense,ppp,20.0,13.0,1.5384615384615385,observed,,mixed_eligibility_drive,True
2,401866414,Buffalo,Florida International,defense,ppp,33.0,14.0,2.357142857142857,observed,,mixed_eligibility_drive,True
2,401866414,Buffalo,Florida International,offense,non_offense_points,0.0,1.0,0.0,observed,,mixed_eligibility_drive,False
2,401866414,Buffalo,Florida International,defense,non_offense_points,0.0,1.0,0.0,observed,,mixed_eligibility_drive,False
2,401866418,Ohio,Jacksonville State,offense,eligible_possessions,7.0,1.0,7.0,observed,,mixed_eligibility_drive,False
2,401866418,Ohio,Jacksonville State,defense,eligible_possessions,8.0,1.0,8.0,observed,,mixed_eligibility_drive,False
2,401866418,Ohio,Jacksonville State,offense,offensive_possession_points,17.0,1.0,17.0,observed,,mixed_eligibility_drive,False
2,401866418,Ohio,Jacksonville State,defense,offensive_possession_points,24.0,1.0,24.0,observed,,mixed_eligibility_drive,False
2,401866418,Ohio,Jacksonville State,offense,ppp,17.0,7.0,2.4285714285714284,observed,,mixed_eligibility_drive,True
2,401866418,Ohio,Jacksonville State,defense,ppp,24.0,8.0,3.0,observed,,mixed_eligibility_drive,True
2,401866418,Ohio,Jacksonville State,offense,non_offense_points,7.0,1.0,7.0,observed,,mixed_eligibility_drive,False
2,401866418,Ohio,Jacksonville State,defense,non_offense_points,0.0,1.0,0.0,observed,,mixed_eligibility_drive,False
2,401866418,Jacksonville State,Ohio,offense,eligible_possessions,8.0,1.0,8.0,observed,,mixed_eligibility_drive,False
2,401866418,Jacksonville State,Ohio,defense,eligible_possessions,7.0,1.0,7.0,observed,,mixed_eligibility_drive,False
2,401866418,Jacksonville State,Ohio,offense,offensive_possession_points,24.0,1.0,24.0,observed,,mixed_eligibility_drive,False
2,401866418,Jacksonville State,Ohio,defense,offensive_possession_points,17.0,1.0,17.0,observed,,mixed_eligibility_drive,False
2,401866418,Jacksonville State,Ohio,offense,ppp,24.0,8.0,3.0,observed,,mixed_eligibility_drive,True
2,401866418,Jacksonville State,Ohio,defense,ppp,17.0,7.0,2.4285714285714284,observed,,mixed_eligibility_drive,True
2,401866418,Jacksonville State,Ohio,offense,non_offense_points,0.0,1.0,0.0,observed,,mixed_eligibility_drive,False
2,401866418,Jacksonville State,Ohio,defense,non_offense_points,7.0,1.0,7.0,observed,,mixed_eligibility_drive,False
2,401867796,LSU,Louisiana Tech,offense,eligible_possessions,15.0,1.0,15.0,observed,,mixed_eligibility_drive,False
2,401867796,LSU,Louisiana Tech,defense,eligible_possessions,14.0,1.0,14.0,observed,,mixed_eligibility_drive,False
2,401867796,LSU,Louisiana Tech,offense,offensive_possession_points,45.0,1.0,45.0,observed,,mixed_eligibility_drive,False
2,401867796,LSU,Louisiana Tech,defense,offensive_possession_points,7.0,1.0,7.0,observed,,mixed_eligibility_drive,False
2,401867796,LSU,Louisiana Tech,offense,ppp,45.0,15.0,3.0,observed,,mixed_eligibility_drive,True
2,401867796,LSU,Louisiana Tech,defense,ppp,7.0,14.0,0.5,observed,,mixed_eligibility_drive,True
2,401867796,LSU,Louisiana Tech,offense,non_offense_points,0.0,1.0,0.0,observed,,mixed_eligibility_drive,False
2,401867796,LSU,Louisiana Tech,defense,non_offense_points,7.0,1.0,7.0,observed,,mixed_eligibility_drive,False
2,401867796,Louisiana Tech,LSU,offense,eligible_possessions,14.0,1.0,14.0,observed,,mixed_eligibility_drive,False
2,401867796,Louisiana Tech,LSU,defense,eligible_possessions,15.0,1.0,15.0,observed,,mixed_eligibility_drive,False
2,401867796,Louisiana Tech,LSU,offense,offensive_possession_points,7.0,1.0,7.0,observed,,mixed_eligibility_drive,False
2,401867796,Louisiana Tech,LSU,defense,offensive_possession_points,45.0,1.0,45.0,observed,,mixed_eligibility_drive,False
2,401867796,Louisiana Tech,LSU,offense,ppp,7.0,14.0,0.5,observed,,mixed_eligibility_drive,True
2,401867796,Louisiana Tech,LSU,defense,ppp,45.0,15.0,3.0,observed,,mixed_eligibility_drive,True
2,401867796,Louisiana Tech,LSU,offense,non_offense_points,7.0,1.0,7.0,observed,,mixed_eligibility_drive,False
2,401867796,Louisiana Tech,LSU,defense,non_offense_points,0.0,1.0,0.0,observed,,mixed_eligibility_drive,False
2,401869955,Kennesaw State,Georgia State,offense,eligible_possessions,11.0,1.0,11.0,observed,,mixed_eligibility_drive,False
2,401869955,Kennesaw State,Georgia State,defense,eligible_possessions,11.0,1.0,11.0,observed,,mixed_eligibility_drive,False
2,401869955,Kennesaw State,Georgia State,offense,offensive_possession_points,17.0,1.0,17.0,observed,,mixed_eligibility_drive,False
2,401869955,Kennesaw State,Georgia State,defense,offensive_possession_points,31.0,1.0,31.0,observed,,mixed_eligibility_drive,False
2,401869955,Kennesaw State,Georgia State,offense,ppp,17.0,11.0,1.5454545454545454,observed,,mixed_eligibility_drive,True
2,401869955,Kennesaw State,Georgia State,defense,ppp,31.0,11.0,2.8181818181818183,observed,,mixed_eligibility_drive,True
2,401869955,Kennesaw State,Georgia State,offense,non_offense_points,0.0,1.0,0.0,observed,,mixed_eligibility_drive,False
2,401869955,Kennesaw State,Georgia State,defense,non_offense_points,0.0,1.0,0.0,observed,,mixed_eligibility_drive,False
2,401869955,Georgia State,Kennesaw State,offense,eligible_possessions,11.0,1.0,11.0,observed,,mixed_eligibility_drive,False
2,401869955,Georgia State,Kennesaw State,defense,eligible_possessions,11.0,1.0,11.0,observed,,mixed_eligibility_drive,False
2,401869955,Georgia State,Kennesaw State,offense,offensive_possession_points,31.0,1.0,31.0,observed,,mixed_eligibility_drive,False
2,401869955,Georgia State,Kennesaw State,defense,offensive_possession_points,17.0,1.0,17.0,observed,,mixed_eligibility_drive,False
2,401869955,Georgia State,Kennesaw State,offense,ppp,31.0,11.0,2.8181818181818183,observed,,mixed_eligibility_drive,True
2,401869955,Georgia State,Kennesaw State,defense,ppp,17.0,11.0,1.5454545454545454,observed,,mixed_eligibility_drive,True
2,401869955,Georgia State,Kennesaw State,offense,non_offense_points,0.0,1.0,0.0,observed,,mixed_eligibility_drive,False
2,401869955,Georgia State,Kennesaw State,defense,non_offense_points,0.0,1.0,0.0,observed,,mixed_eligibility_drive,False
2,401871045,Marshall,Middle Tennessee,offense,eligible_possessions,13.0,1.0,13.0,observed,,mixed_eligibility_drive,False
2,401871045,Marshall,Middle Tennessee,defense,eligible_possessions,11.0,1.0,11.0,observed,,mixed_eligibility_drive,False
2,401871045,Marshall,Middle Tennessee,offense,offensive_possession_points,28.0,1.0,28.0,observed,,mixed_eligibility_drive,False
2,401871045,Marshall,Middle Tennessee,defense,offensive_possession_points,19.0,1.0,19.0,observed,,mixed_eligibility_drive,False
2,401871045,Marshall,Middle Tennessee,offense,ppp,28.0,13.0,2.1538461538461537,observed,,mixed_eligibility_drive,True
2,401871045,Marshall,Middle Tennessee,defense,ppp,19.0,11.0,1.7272727272727273,observed,,mixed_eligibility_drive,True
2,401871045,Marshall,Middle Tennessee,offense,non_offense_points,0.0,1.0,0.0,observed,,mixed_eligibility_drive,False
2,401871045,Marshall,Middle Tennessee,defense,non_offense_points,7.0,1.0,7.0,observed,,mixed_eligibility_drive,False
2,401871045,Middle Tennessee,Marshall,offense,eligible_possessions,11.0,1.0,11.0,observed,,mixed_eligibility_drive,False
2,401871045,Middle Tennessee,Marshall,defense,eligible_possessions,13.0,1.0,13.0,observed,,mixed_eligibility_drive,False
2,401871045,Middle Tennessee,Marshall,offense,offensive_possession_points,19.0,1.0,19.0,observed,,mixed_eligibility_drive,False
2,401871045,Middle Tennessee,Marshall,defense,offensive_possession_points,28.0,1.0,28.0,observed,,mixed_eligibility_drive,False
2,401871045,Middle Tennessee,Marshall,offense,ppp,19.0,11.0,1.7272727272727273,observed,,mixed_eligibility_drive,True
2,401871045,Middle Tennessee,Marshall,defense,ppp,28.0,13.0,2.1538461538461537,observed,,mixed_eligibility_drive,True
2,401871045,Middle Tennessee,Marshall,offense,non_offense_points,7.0,1.0,7.0,observed,,mixed_eligibility_drive,False
2,401871045,Middle Tennessee,Marshall,defense,non_offense_points,0.0,1.0,0.0,observed,,mixed_eligibility_drive,False
3,401856685,Alabama,Florida State,offense,eligible_possessions,13.0,1.0,13.0,observed,,mixed_eligibility_drive,False
3,401856685,Alabama,Florida State,defense,eligible_possessions,12.0,1.0,12.0,observed,,mixed_eligibility_drive,False
3,401856685,Alabama,Florida State,offense,offensive_possession_points,50.0,1.0,50.0,observed,,mixed_eligibility_drive,False
3,401856685,Alabama,Florida State,defense,offensive_possession_points,36.0,1.0,36.0,observed,,mixed_eligibility_drive,False
3,401856685,Alabama,Florida State,offense,ppp,50.0,13.0,3.8461538461538463,observed,,mixed_eligibility_drive,True
3,401856685,Alabama,Florida State,defense,ppp,36.0,12.0,3.0,observed,,mixed_eligibility_drive,True
3,401856685,Alabama,Florida State,offense,non_offense_points,0.0,1.0,0.0,observed,,mixed_eligibility_drive,False
3,401856685,Alabama,Florida State,defense,non_offense_points,0.0,1.0,0.0,observed,,mixed_eligibility_drive,False
3,401856685,Florida State,Alabama,offense,eligible_possessions,12.0,1.0,12.0,observed,,mixed_eligibility_drive,False
3,401856685,Florida State,Alabama,defense,eligible_possessions,13.0,1.0,13.0,observed,,mixed_eligibility_drive,False
3,401856685,Florida State,Alabama,offense,offensive_possession_points,36.0,1.0,36.0,observed,,mixed_eligibility_drive,False
3,401856685,Florida State,Alabama,defense,offensive_possession_points,50.0,1.0,50.0,observed,,mixed_eligibility_drive,False
3,401856685,Florida State,Alabama,offense,ppp,36.0,12.0,3.0,observed,,mixed_eligibility_drive,True
3,401856685,Florida State,Alabama,defense,ppp,50.0,13.0,3.8461538461538463,observed,,mixed_eligibility_drive,True
3,401856685,Florida State,Alabama,offense,non_offense_points,0.0,1.0,0.0,observed,,mixed_eligibility_drive,False
3,401856685,Florida State,Alabama,defense,non_offense_points,0.0,1.0,0.0,observed,,mixed_eligibility_drive,False
3,401856686,Arkansas,Georgia,offense,eligible_possessions,7.0,1.0,7.0,observed,,mixed_eligibility_drive,False
3,401856686,Arkansas,Georgia,defense,eligible_possessions,8.0,1.0,8.0,observed,,mixed_eligibility_drive,False
3,401856686,Arkansas,Georgia,offense,offensive_possession_points,3.0,1.0,3.0,observed,,mixed_eligibility_drive,False
3,401856686,Arkansas,Georgia,defense,offensive_possession_points,31.0,1.0,31.0,observed,,mixed_eligibility_drive,False
3,401856686,Arkansas,Georgia,offense,ppp,3.0,7.0,0.42857142857142855,observed,,mixed_eligibility_drive,True
3,401856686,Arkansas,Georgia,defense,ppp,31.0,8.0,3.875,observed,,mixed_eligibility_drive,True
3,401856686,Arkansas,Georgia,offense,non_offense_points,0.0,1.0,0.0,observed,,mixed_eligibility_drive,False
3,401856686,Arkansas,Georgia,defense,non_offense_points,0.0,1.0,0.0,observed,,mixed_eligibility_drive,False
3,401856686,Georgia,Arkansas,offense,eligible_possessions,8.0,1.0,8.0,observed,,mixed_eligibility_drive,False
3,401856686,Georgia,Arkansas,defense,eligible_possessions,7.0,1.0,7.0,observed,,mixed_eligibility_drive,False
3,401856686,Georgia,Arkansas,offense,offensive_possession_points,31.0,1.0,31.0,observed,,mixed_eligibility_drive,False
3,401856686,Georgia,Arkansas,defense,offensive_possession_points,3.0,1.0,3.0,observed,,mixed_eligibility_drive,False
3,401856686,Georgia,Arkansas,offense,ppp,31.0,8.0,3.875,observed,,mixed_eligibility_drive,True
3,401856686,Georgia,Arkansas,defense,ppp,3.0,7.0,0.42857142857142855,observed,,mixed_eligibility_drive,True
3,401856686,Georgia,Arkansas,offense,non_offense_points,0.0,1.0,0.0,observed,,mixed_eligibility_drive,False
3,401856686,Georgia,Arkansas,defense,non_offense_points,0.0,1.0,0.0,observed,,mixed_eligibility_drive,False
3,401856687,Auburn,Florida,offense,eligible_possessions,11.0,1.0,11.0,observed,,mixed_eligibility_drive,False
3,401856687,Auburn,Florida,defense,eligible_possessions,11.0,1.0,11.0,observed,,mixed_eligibility_drive,False
3,401856687,Auburn,Florida,offense,offensive_possession_points,39.0,1.0,39.0,observed,,mixed_eligibility_drive,False
3,401856687,Auburn,Florida,defense,offensive_possession_points,43.0,1.0,43.0,observed,,mixed_eligibility_drive,False
3,401856687,Auburn,Florida,offense,ppp,39.0,11.0,3.5454545454545454,observed,,mixed_eligibility_drive,True
3,401856687,Auburn,Florida,defense,ppp,43.0,11.0,3.909090909090909,observed,,mixed_eligibility_drive,True
3,401856687,Auburn,Florida,offense,non_offense_points,0.0,1.0,0.0,observed,,mixed_eligibility_drive,False
3,401856687,Auburn,Florida,defense,non_offense_points,1.0,1.0,1.0,observed,,mixed_eligibility_drive,False
3,401856687,Florida,Auburn,offense,eligible_possessions,11.0,1.0,11.0,observed,,mixed_eligibility_drive,False
3,401856687,Florida,Auburn,defense,eligible_possessions,11.0,1.0,11.0,observed,,mixed_eligibility_drive,False
3,401856687,Florida,Auburn,offense,offensive_possession_points,43.0,1.0,43.0,observed,,mixed_eligibility_drive,False
3,401856687,Florida,Auburn,defense,offensive_possession_points,39.0,1.0,39.0,observed,,mixed_eligibility_drive,False
3,401856687,Florida,Auburn,offense,ppp,43.0,11.0,3.909090909090909,observed,,mixed_eligibility_drive,True
3,401856687,Florida,Auburn,defense,ppp,39.0,11.0,3.5454545454545454,observed,,mixed_eligibility_drive,True
3,401856687,Florida,Auburn,offense,non_offense_points,1.0,1.0,1.0,observed,,mixed_eligibility_drive,False
3,401856687,Florida,Auburn,defense,non_offense_points,0.0,1.0,0.0,observed,,mixed_eligibility_drive,False
3,401856688,Ole Miss,LSU,offense,eligible_possessions,10.0,1.0,10.0,observed,,mixed_eligibility_drive,False
3,401856688,Ole Miss,LSU,defense,eligible_possessions,10.0,1.0,10.0,observed,,mixed_eligibility_drive,False
3,401856688,Ole Miss,LSU,offense,offensive_possession_points,30.0,1.0,30.0,observed,,mixed_eligibility_drive,False
3,401856688,Ole Miss,LSU,defense,offensive_possession_points,24.0,1.0,24.0,observed,,mixed_eligibility_drive,False
3,401856688,Ole Miss,LSU,offense,ppp,30.0,10.0,3.0,observed,,mixed_eligibility_drive,True
3,401856688,Ole Miss,LSU,defense,ppp,24.0,10.0,2.4,observed,,mixed_eligibility_drive,True
3,401856688,Ole Miss,LSU,offense,non_offense_points,2.0,1.0,2.0,observed,,mixed_eligibility_drive,False
3,401856688,Ole Miss,LSU,defense,non_offense_points,0.0,1.0,0.0,observed,,mixed_eligibility_drive,False
3,401856688,LSU,Ole Miss,offense,eligible_possessions,10.0,1.0,10.0,observed,,mixed_eligibility_drive,False
3,401856688,LSU,Ole Miss,defense,eligible_possessions,10.0,1.0,10.0,observed,,mixed_eligibility_drive,False
3,401856688,LSU,Ole Miss,offense,offensive_possession_points,24.0,1.0,24.0,observed,,mixed_eligibility_drive,False
3,401856688,LSU,Ole Miss,defense,offensive_possession_points,30.0,1.0,30.0,observed,,mixed_eligibility_drive,False
3,401856688,LSU,Ole Miss,offense,ppp,24.0,10.0,2.4,observed,,mixed_eligibility_drive,True
3,401856688,LSU,Ole Miss,defense,ppp,30.0,10.0,3.0,observed,,mixed_eligibility_drive,True
3,401856688,LSU,Ole Miss,offense,non_offense_points,0.0,1.0,0.0,observed,,mixed_eligibility_drive,False
3,401856688,LSU,Ole Miss,defense,non_offense_points,2.0,1.0,2.0,observed,,mixed_eligibility_drive,False
3,401856689,Missouri,Troy,offense,eligible_possessions,13.0,1.0,13.0,observed,,mixed_eligibility_drive,False
3,401856689,Missouri,Troy,defense,eligible_possessions,13.0,1.0,13.0,observed,,mixed_eligibility_drive,False
3,401856689,Missouri,Troy,offense,offensive_possession_points,20.0,1.0,20.0,observed,,mixed_eligibility_drive,False
3,401856689,Missouri,Troy,defense,offensive_possession_points,17.0,1.0,17.0,observed,,mixed_eligibility_drive,False
3,401856689,Missouri,Troy,offense,ppp,20.0,13.0,1.5384615384615385,observed,,mixed_eligibility_drive,True
3,401856689,Missouri,Troy,defense,ppp,17.0,13.0,1.3076923076923077,observed,,mixed_eligibility_drive,True
3,401856689,Missouri,Troy,offense,non_offense_points,7.0,1.0,7.0,observed,,mixed_eligibility_drive,False
3,401856689,Missouri,Troy,defense,non_offense_points,0.0,1.0,0.0,observed,,mixed_eligibility_drive,False
3,401856689,Troy,Missouri,offense,eligible_possessions,13.0,1.0,13.0,observed,,mixed_eligibility_drive,False
3,401856689,Troy,Missouri,defense,eligible_possessions,13.0,1.0,13.0,observed,,mixed_eligibility_drive,False
3,401856689,Troy,Missouri,offense,offensive_possession_points,17.0,1.0,17.0,observed,,mixed_eligibility_drive,False
3,401856689,Troy,Missouri,defense,offensive_possession_points,20.0,1.0,20.0,observed,,mixed_eligibility_drive,False
3,401856689,Troy,Missouri,offense,ppp,17.0,13.0,1.3076923076923077,observed,,mixed_eligibility_drive,True
3,401856689,Troy,Missouri,defense,ppp,20.0,13.0,1.5384615384615385,observed,,mixed_eligibility_drive,True
3,401856689,Troy,Missouri,offense,non_offense_points,0.0,1.0,0.0,observed,,mixed_eligibility_drive,False
3,401856689,Troy,Missouri,defense,non_offense_points,7.0,1.0,7.0,observed,,mixed_eligibility_drive,False
3,401856690,Oklahoma,New Mexico,offense,eligible_possessions,10.0,1.0,10.0,observed,,mixed_eligibility_drive,False
3,401856690,Oklahoma,New Mexico,defense,eligible_possessions,10.0,1.0,10.0,observed,,mixed_eligibility_drive,False
3,401856690,Oklahoma,New Mexico,offense,offensive_possession_points,14.0,1.0,14.0,observed,,mixed_eligibility_drive,False
3,401856690,Oklahoma,New Mexico,defense,offensive_possession_points,6.0,1.0,6.0,observed,,mixed_eligibility_drive,False
3,401856690,Oklahoma,New Mexico,offense,ppp,14.0,10.0,1.4,observed,,mixed_eligibility_drive,True
3,401856690,Oklahoma,New Mexico,defense,ppp,6.0,10.0,0.6,observed,,mixed_eligibility_drive,True
3,401856690,Oklahoma,New Mexico,offense,non_offense_points,0.0,1.0,0.0,observed,,mixed_eligibility_drive,False
3,401856690,Oklahoma,New Mexico,defense,non_offense_points,0.0,1.0,0.0,observed,,mixed_eligibility_drive,False
3,401856690,New Mexico,Oklahoma,offense,eligible_possessions,10.0,1.0,10.0,observed,,mixed_eligibility_drive,False
3,401856690,New Mexico,Oklahoma,defense,eligible_possessions,10.0,1.0,10.0,observed,,mixed_eligibility_drive,False
3,401856690,New Mexico,Oklahoma,offense,offensive_possession_points,6.0,1.0,6.0,observed,,mixed_eligibility_drive,False
3,401856690,New Mexico,Oklahoma,defense,offensive_possession_points,14.0,1.0,14.0,observed,,mixed_eligibility_drive,False
3,401856690,New Mexico,Oklahoma,offense,ppp,6.0,10.0,0.6,observed,,mixed_eligibility_drive,True
3,401856690,New Mexico,Oklahoma,defense,ppp,14.0,10.0,1.4,observed,,mixed_eligibility_drive,True
3,401856690,New Mexico,Oklahoma,offense,non_offense_points,0.0,1.0,0.0,observed,,mixed_eligibility_drive,False
3,401856690,New Mexico,Oklahoma,defense,non_offense_points,0.0,1.0,0.0,observed,,mixed_eligibility_drive,False
3,401856691,South Carolina,Mississippi State,offense,eligible_possessions,12.0,1.0,12.0,observed,,mixed_eligibility_drive,False
3,401856691,South Carolina,Mississippi State,defense,eligible_possessions,13.0,1.0,13.0,observed,,mixed_eligibility_drive,False
3,401856691,South Carolina,Mississippi State,offense,offensive_possession_points,34.0,1.0,34.0,observed,,mixed_eligibility_drive,False
3,401856691,South Carolina,Mississippi State,defense,offensive_possession_points,41.0,1.0,41.0,observed,,mixed_eligibility_drive,False
3,401856691,South Carolina,Mississippi State,offense,ppp,34.0,12.0,2.8333333333333335,observed,,mixed_eligibility_drive,True
3,401856691,South Carolina,Mississippi State,defense,ppp,41.0,13.0,3.1538461538461537,observed,,mixed_eligibility_drive,True
3,401856691,South Carolina,Mississippi State,offense,non_offense_points,0.0,1.0,0.0,observed,,mixed_eligibility_drive,False
3,401856691,South Carolina,Mississippi State,defense,non_offense_points,0.0,1.0,0.0,observed,,mixed_eligibility_drive,False
3,401856691,Mississippi State,South Carolina,offense,eligible_possessions,13.0,1.0,13.0,observed,,mixed_eligibility_drive,False
3,401856691,Mississippi State,South Carolina,defense,eligible_possessions,12.0,1.0,12.0,observed,,mixed_eligibility_drive,False
3,401856691,Mississippi State,South Carolina,offense,offensive_possession_points,41.0,1.0,41.0,observed,,mixed_eligibility_drive,False
3,401856691,Mississippi State,South Carolina,defense,offensive_possession_points,34.0,1.0,34.0,observed,,mixed_eligibility_drive,False
3,401856691,Mississippi State,South Carolina,offense,ppp,41.0,13.0,3.1538461538461537,observed,,mixed_eligibility_drive,True
3,401856691,Mississippi State,South Carolina,defense,ppp,34.0,12.0,2.8333333333333335,observed,,mixed_eligibility_drive,True
3,401856691,Mississippi State,South Carolina,offense,non_offense_points,0.0,1.0,0.0,observed,,mixed_eligibility_drive,False
3,401856691,Mississippi State,South Carolina,defense,non_offense_points,0.0,1.0,0.0,observed,,mixed_eligibility_drive,False
3,401856692,Tennessee,Kennesaw State,offense,eligible_possessions,8.0,1.0,8.0,observed,,mixed_eligibility_drive,False
3,401856692,Tennessee,Kennesaw State,defense,eligible_possessions,9.0,1.0,9.0,observed,,mixed_eligibility_drive,False
3,401856692,Tennessee,Kennesaw State,offense,offensive_possession_points,35.0,1.0,35.0,observed,,mixed_eligibility_drive,False
3,401856692,Tennessee,Kennesaw State,defense,offensive_possession_points,6.0,1.0,6.0,observed,,mixed_eligibility_drive,False
3,401856692,Tennessee,Kennesaw State,offense,ppp,35.0,8.0,4.375,observed,,mixed_eligibility_drive,True
3,401856692,Tennessee,Kennesaw State,defense,ppp,6.0,9.0,0.6666666666666666,observed,,mixed_eligibility_drive,True
3,401856692,Tennessee,Kennesaw State,offense,non_offense_points,0.0,1.0,0.0,observed,,mixed_eligibility_drive,False
3,401856692,Tennessee,Kennesaw State,defense,non_offense_points,0.0,1.0,0.0,observed,,mixed_eligibility_drive,False
3,401856692,Kennesaw State,Tennessee,offense,eligible_possessions,9.0,1.0,9.0,observed,,mixed_eligibility_drive,False
3,401856692,Kennesaw State,Tennessee,defense,eligible_possessions,8.0,1.0,8.0,observed,,mixed_eligibility_drive,False
3,401856692,Kennesaw State,Tennessee,offense,offensive_possession_points,6.0,1.0,6.0,observed,,mixed_eligibility_drive,False
3,401856692,Kennesaw State,Tennessee,defense,offensive_possession_points,35.0,1.0,35.0,observed,,mixed_eligibility_drive,False
3,401856692,Kennesaw State,Tennessee,offense,ppp,6.0,9.0,0.6666666666666666,observed,,mixed_eligibility_drive,True
3,401856692,Kennesaw State,Tennessee,defense,ppp,35.0,8.0,4.375,observed,,mixed_eligibility_drive,True
3,401856692,Kennesaw State,Tennessee,offense,non_offense_points,0.0,1.0,0.0,observed,,mixed_eligibility_drive,False
3,401856692,Kennesaw State,Tennessee,defense,non_offense_points,0.0,1.0,0.0,observed,,mixed_eligibility_drive,False
3,401856693,Texas,UTSA,offense,eligible_possessions,12.0,1.0,12.0,observed,,mixed_eligibility_drive,False
3,401856693,Texas,UTSA,defense,eligible_possessions,11.0,1.0,11.0,observed,,mixed_eligibility_drive,False
3,401856693,Texas,UTSA,offense,offensive_possession_points,30.0,1.0,30.0,observed,,mixed_eligibility_drive,False
3,401856693,Texas,UTSA,defense,offensive_possession_points,6.0,1.0,6.0,observed,,mixed_eligibility_drive,False
3,401856693,Texas,UTSA,offense,ppp,30.0,12.0,2.5,observed,,mixed_eligibility_drive,True
3,401856693,Texas,UTSA,defense,ppp,6.0,11.0,0.5454545454545454,observed,,mixed_eligibility_drive,True
3,401856693,Texas,UTSA,offense,non_offense_points,0.0,1.0,0.0,observed,,mixed_eligibility_drive,False
3,401856693,Texas,UTSA,defense,non_offense_points,0.0,1.0,0.0,observed,,mixed_eligibility_drive,False
3,401856693,UTSA,Texas,offense,eligible_possessions,11.0,1.0,11.0,observed,,mixed_eligibility_drive,False
3,401856693,UTSA,Texas,defense,eligible_possessions,12.0,1.0,12.0,observed,,mixed_eligibility_drive,False
3,401856693,UTSA,Texas,offense,offensive_possession_points,6.0,1.0,6.0,observed,,mixed_eligibility_drive,False
3,401856693,UTSA,Texas,defense,offensive_possession_points,30.0,1.0,30.0,observed,,mixed_eligibility_drive,False
3,401856693,UTSA,Texas,offense,ppp,6.0,11.0,0.5454545454545454,observed,,mixed_eligibility_drive,True
3,401856693,UTSA,Texas,defense,ppp,30.0,12.0,2.5,observed,,mixed_eligibility_drive,True
3,401856693,UTSA,Texas,offense,non_offense_points,0.0,1.0,0.0,observed,,mixed_eligibility_drive,False
3,401856693,UTSA,Texas,defense,non_offense_points,0.0,1.0,0.0,observed,,mixed_eligibility_drive,False
3,401856694,Texas A&M,Kentucky,offense,eligible_possessions,10.0,1.0,10.0,observed,,mixed_eligibility_drive,False
3,401856694,Texas A&M,Kentucky,defense,eligible_possessions,11.0,1.0,11.0,observed,,mixed_eligibility_drive,False
3,401856694,Texas A&M,Kentucky,offense,offensive_possession_points,21.0,1.0,21.0,observed,,mixed_eligibility_drive,False
3,401856694,Texas A&M,Kentucky,defense,offensive_possession_points,31.0,1.0,31.0,observed,,mixed_eligibility_drive,False
3,401856694,Texas A&M,Kentucky,offense,ppp,21.0,10.0,2.1,observed,,mixed_eligibility_drive,True
3,401856694,Texas A&M,Kentucky,defense,ppp,31.0,11.0,2.8181818181818183,observed,,mixed_eligibility_drive,True
3,401856694,Texas A&M,Kentucky,offense,non_offense_points,0.0,1.0,0.0,observed,,mixed_eligibility_drive,False
3,401856694,Texas A&M,Kentucky,defense,non_offense_points,0.0,1.0,0.0,observed,,mixed_eligibility_drive,False
3,401856694,Kentucky,Texas A&M,offense,eligible_possessions,11.0,1.0,11.0,observed,,mixed_eligibility_drive,False
3,401856694,Kentucky,Texas A&M,defense,eligible_possessions,10.0,1.0,10.0,observed,,mixed_eligibility_drive,False
3,401856694,Kentucky,Texas A&M,offense,offensive_possession_points,31.0,1.0,31.0,observed,,mixed_eligibility_drive,False
3,401856694,Kentucky,Texas A&M,defense,offensive_possession_points,21.0,1.0,21.0,observed,,mixed_eligibility_drive,False
3,401856694,Kentucky,Texas A&M,offense,ppp,31.0,11.0,2.8181818181818183,observed,,mixed_eligibility_drive,True
3,401856694,Kentucky,Texas A&M,defense,ppp,21.0,10.0,2.1,observed,,mixed_eligibility_drive,True
3,401856694,Kentucky,Texas A&M,offense,non_offense_points,0.0,1.0,0.0,observed,,mixed_eligibility_drive,False
3,401856694,Kentucky,Texas A&M,defense,non_offense_points,0.0,1.0,0.0,observed,,mixed_eligibility_drive,False
3,401856695,Vanderbilt,NC State,offense,eligible_possessions,11.0,1.0,11.0,observed,,mixed_eligibility_drive,False
3,401856695,Vanderbilt,NC State,defense,eligible_possessions,13.0,1.0,13.0,observed,,mixed_eligibility_drive,False
3,401856695,Vanderbilt,NC State,offense,offensive_possession_points,28.0,1.0,28.0,observed,,mixed_eligibility_drive,False
3,401856695,Vanderbilt,NC State,defense,offensive_possession_points,31.0,1.0,31.0,observed,,mixed_eligibility_drive,False
3,401856695,Vanderbilt,NC State,offense,ppp,28.0,11.0,2.5454545454545454,observed,,mixed_eligibility_drive,True
3,401856695,Vanderbilt,NC State,defense,ppp,31.0,13.0,2.3846153846153846,observed,,mixed_eligibility_drive,True
3,401856695,Vanderbilt,NC State,offense,non_offense_points,0.0,1.0,0.0,observed,,mixed_eligibility_drive,False
3,401856695,Vanderbilt,NC State,defense,non_offense_points,0.0,1.0,0.0,observed,,mixed_eligibility_drive,False
3,401856695,NC State,Vanderbilt,offense,eligible_possessions,13.0,1.0,13.0,observed,,mixed_eligibility_drive,False
3,401856695,NC State,Vanderbilt,defense,eligible_possessions,11.0,1.0,11.0,observed,,mixed_eligibility_drive,False
3,401856695,NC State,Vanderbilt,offense,offensive_possession_points,31.0,1.0,31.0,observed,,mixed_eligibility_drive,False
3,401856695,NC State,Vanderbilt,defense,offensive_possession_points,28.0,1.0,28.0,observed,,mixed_eligibility_drive,False
3,401856695,NC State,Vanderbilt,offense,ppp,31.0,13.0,2.3846153846153846,observed,,mixed_eligibility_drive,True
3,401856695,NC State,Vanderbilt,defense,ppp,28.0,11.0,2.5454545454545454,observed,,mixed_eligibility_drive,True
3,401856695,NC State,Vanderbilt,offense,non_offense_points,0.0,1.0,0.0,observed,,mixed_eligibility_drive,False
3,401856695,NC State,Vanderbilt,defense,non_offense_points,0.0,1.0,0.0,observed,,mixed_eligibility_drive,False
3,401856792,Kansas State,Tulane,offense,eligible_possessions,10.0,1.0,10.0,observed,,mixed_eligibility_drive,False
3,401856792,Kansas State,Tulane,defense,eligible_possessions,9.0,1.0,9.0,observed,,mixed_eligibility_drive,False
3,401856792,Kansas State,Tulane,offense,offensive_possession_points,31.0,1.0,31.0,observed,,mixed_eligibility_drive,False
3,401856792,Kansas State,Tulane,defense,offensive_possession_points,20.0,1.0,20.0,observed,,mixed_eligibility_drive,False
3,401856792,Kansas State,Tulane,offense,ppp,31.0,10.0,3.1,observed,,mixed_eligibility_drive,True
3,401856792,Kansas State,Tulane,defense,ppp,20.0,9.0,2.2222222222222223,observed,,mixed_eligibility_drive,True
3,401856792,Kansas State,Tulane,offense,non_offense_points,0.0,1.0,0.0,observed,,mixed_eligibility_drive,False
3,401856792,Kansas State,Tulane,defense,non_offense_points,0.0,1.0,0.0,observed,,mixed_eligibility_drive,False
3,401856792,Tulane,Kansas State,offense,eligible_possessions,9.0,1.0,9.0,observed,,mixed_eligibility_drive,False
3,401856792,Tulane,Kansas State,defense,eligible_possessions,10.0,1.0,10.0,observed,,mixed_eligibility_drive,False
3,401856792,Tulane,Kansas State,offense,offensive_possession_points,20.0,1.0,20.0,observed,,mixed_eligibility_drive,False
3,401856792,Tulane,Kansas State,defense,offensive_possession_points,31.0,1.0,31.0,observed,,mixed_eligibility_drive,False
3,401856792,Tulane,Kansas State,offense,ppp,20.0,9.0,2.2222222222222223,observed,,mixed_eligibility_drive,True
3,401856792,Tulane,Kansas State,defense,ppp,31.0,10.0,3.1,observed,,mixed_eligibility_drive,True
3,401856792,Tulane,Kansas State,offense,non_offense_points,0.0,1.0,0.0,observed,,mixed_eligibility_drive,False
3,401856792,Tulane,Kansas State,defense,non_offense_points,0.0,1.0,0.0,observed,,mixed_eligibility_drive,False
3,401856793,Arizona,Northern Illinois,offense,eligible_possessions,7.0,1.0,7.0,observed,,mixed_eligibility_drive,False
3,401856793,Arizona,Northern Illinois,defense,eligible_possessions,8.0,1.0,8.0,observed,,mixed_eligibility_drive,False
3,401856793,Arizona,Northern Illinois,offense,offensive_possession_points,35.0,1.0,35.0,observed,,mixed_eligibility_drive,False
3,401856793,Arizona,Northern Illinois,defense,offensive_possession_points,10.0,1.0,10.0,observed,,mixed_eligibility_drive,False
3,401856793,Arizona,Northern Illinois,offense,ppp,35.0,7.0,5.0,observed,,mixed_eligibility_drive,True
3,401856793,Arizona,Northern Illinois,defense,ppp,10.0,8.0,1.25,observed,,mixed_eligibility_drive,True
3,401856793,Arizona,Northern Illinois,offense,non_offense_points,7.0,1.0,7.0,observed,,mixed_eligibility_drive,False
3,401856793,Arizona,Northern Illinois,defense,non_offense_points,0.0,1.0,0.0,observed,,mixed_eligibility_drive,False
3,401856793,Northern Illinois,Arizona,offense,eligible_possessions,8.0,1.0,8.0,observed,,mixed_eligibility_drive,False
3,401856793,Northern Illinois,Arizona,defense,eligible_possessions,7.0,1.0,7.0,observed,,mixed_eligibility_drive,False
3,401856793,Northern Illinois,Arizona,offense,offensive_possession_points,10.0,1.0,10.0,observed,,mixed_eligibility_drive,False
3,401856793,Northern Illinois,Arizona,defense,offensive_possession_points,35.0,1.0,35.0,observed,,mixed_eligibility_drive,False
3,401856793,Northern Illinois,Arizona,offense,ppp,10.0,8.0,1.25,observed,,mixed_eligibility_drive,True
3,401856793,Northern Illinois,Arizona,defense,ppp,35.0,7.0,5.0,observed,,mixed_eligibility_drive,True
3,401856793,Northern Illinois,Arizona,offense,non_offense_points,0.0,1.0,0.0,observed,,mixed_eligibility_drive,False
3,401856793,Northern Illinois,Arizona,defense,non_offense_points,7.0,1.0,7.0,observed,,mixed_eligibility_drive,False
3,401856795,Colorado State,BYU,offense,eligible_possessions,11.0,1.0,11.0,observed,,mixed_eligibility_drive,False
3,401856795,Colorado State,BYU,defense,eligible_possessions,12.0,1.0,12.0,observed,,mixed_eligibility_drive,False
3,401856795,Colorado State,BYU,offense,offensive_possession_points,23.0,1.0,23.0,observed,,mixed_eligibility_drive,False
3,401856795,Colorado State,BYU,defense,offensive_possession_points,41.0,1.0,41.0,observed,,mixed_eligibility_drive,False
3,401856795,Colorado State,BYU,offense,ppp,23.0,11.0,2.090909090909091,observed,,mixed_eligibility_drive,True
3,401856795,Colorado State,BYU,defense,ppp,41.0,12.0,3.4166666666666665,observed,,mixed_eligibility_drive,True
3,401856795,Colorado State,BYU,offense,non_offense_points,0.0,1.0,0.0,observed,,mixed_eligibility_drive,False
3,401856795,Colorado State,BYU,defense,non_offense_points,0.0,1.0,0.0,observed,,mixed_eligibility_drive,False
3,401856795,BYU,Colorado State,offense,eligible_possessions,12.0,1.0,12.0,observed,,mixed_eligibility_drive,False
3,401856795,BYU,Colorado State,defense,eligible_possessions,11.0,1.0,11.0,observed,,mixed_eligibility_drive,False
3,401856795,BYU,Colorado State,offense,offensive_possession_points,41.0,1.0,41.0,observed,,mixed_eligibility_drive,False
3,401856795,BYU,Colorado State,defense,offensive_possession_points,23.0,1.0,23.0,observed,,mixed_eligibility_drive,False
3,401856795,BYU,Colorado State,offense,ppp,41.0,12.0,3.4166666666666665,observed,,mixed_eligibility_drive,True
3,401856795,BYU,Colorado State,defense,ppp,23.0,11.0,2.090909090909091,observed,,mixed_eligibility_drive,True
3,401856795,BYU,Colorado State,offense,non_offense_points,0.0,1.0,0.0,observed,,mixed_eligibility_drive,False
3,401856795,BYU,Colorado State,defense,non_offense_points,0.0,1.0,0.0,observed,,mixed_eligibility_drive,False
3,401856796,Northwestern,Colorado,offense,eligible_possessions,11.0,1.0,11.0,observed,,mixed_eligibility_drive,False
3,401856796,Northwestern,Colorado,defense,eligible_possessions,10.0,1.0,10.0,observed,,mixed_eligibility_drive,False
3,401856796,Northwestern,Colorado,offense,offensive_possession_points,38.0,1.0,38.0,observed,,mixed_eligibility_drive,False
3,401856796,Northwestern,Colorado,defense,offensive_possession_points,7.0,1.0,7.0,observed,,mixed_eligibility_drive,False
3,401856796,Northwestern,Colorado,offense,ppp,38.0,11.0,3.4545454545454546,observed,,mixed_eligibility_drive,True
3,401856796,Northwestern,Colorado,defense,ppp,7.0,10.0,0.7,observed,,mixed_eligibility_drive,True
3,401856796,Northwestern,Colorado,offense,non_offense_points,0.0,1.0,0.0,observed,,mixed_eligibility_drive,False
3,401856796,Northwestern,Colorado,defense,non_offense_points,0.0,1.0,0.0,observed,,mixed_eligibility_drive,False
3,401856796,Colorado,Northwestern,offense,eligible_possessions,10.0,1.0,10.0,observed,,mixed_eligibility_drive,False
3,401856796,Colorado,Northwestern,defense,eligible_possessions,11.0,1.0,11.0,observed,,mixed_eligibility_drive,False
3,401856796,Colorado,Northwestern,offense,offensive_possession_points,7.0,1.0,7.0,observed,,mixed_eligibility_drive,False
3,401856796,Colorado,Northwestern,defense,offensive_possession_points,38.0,1.0,38.0,observed,,mixed_eligibility_drive,False
3,401856796,Colorado,Northwestern,offense,ppp,7.0,10.0,0.7,observed,,mixed_eligibility_drive,True
3,401856796,Colorado,Northwestern,defense,ppp,38.0,11.0,3.4545454545454546,observed,,mixed_eligibility_drive,True
3,401856796,Colorado,Northwestern,offense,non_offense_points,0.0,1.0,0.0,observed,,mixed_eligibility_drive,False
3,401856796,Colorado,Northwestern,defense,non_offense_points,0.0,1.0,0.0,observed,,mixed_eligibility_drive,False
3,401856797,Cincinnati,Miami (OH),offense,eligible_possessions,13.0,1.0,13.0,observed,,mixed_eligibility_drive,False
3,401856797,Cincinnati,Miami (OH),defense,eligible_possessions,11.0,1.0,11.0,observed,,mixed_eligibility_drive,False
3,401856797,Cincinnati,Miami (OH),offense,offensive_possession_points,35.0,1.0,35.0,observed,,mixed_eligibility_drive,False
3,401856797,Cincinnati,Miami (OH),defense,offensive_possession_points,24.0,1.0,24.0,observed,,mixed_eligibility_drive,False
3,401856797,Cincinnati,Miami (OH),offense,ppp,35.0,13.0,2.6923076923076925,observed,,mixed_eligibility_drive,True
3,401856797,Cincinnati,Miami (OH),defense,ppp,24.0,11.0,2.1818181818181817,observed,,mixed_eligibility_drive,True
3,401856797,Cincinnati,Miami (OH),offense,non_offense_points,0.0,1.0,0.0,observed,,mixed_eligibility_drive,False
3,401856797,Cincinnati,Miami (OH),defense,non_offense_points,7.0,1.0,7.0,observed,,mixed_eligibility_drive,False
3,401856797,Miami (OH),Cincinnati,offense,eligible_possessions,11.0,1.0,11.0,observed,,mixed_eligibility_drive,False
3,401856797,Miami (OH),Cincinnati,defense,eligible_possessions,13.0,1.0,13.0,observed,,mixed_eligibility_drive,False
3,401856797,Miami (OH),Cincinnati,offense,offensive_possession_points,24.0,1.0,24.0,observed,,mixed_eligibility_drive,False
3,401856797,Miami (OH),Cincinnati,defense,offensive_possession_points,35.0,1.0,35.0,observed,,mixed_eligibility_drive,False
3,401856797,Miami (OH),Cincinnati,offense,ppp,24.0,11.0,2.1818181818181817,observed,,mixed_eligibility_drive,True
3,401856797,Miami (OH),Cincinnati,defense,ppp,35.0,13.0,2.6923076923076925,observed,,mixed_eligibility_drive,True
3,401856797,Miami (OH),Cincinnati,offense,non_offense_points,7.0,1.0,7.0,observed,,mixed_eligibility_drive,False
3,401856797,Miami (OH),Cincinnati,defense,non_offense_points,0.0,1.0,0.0,observed,,mixed_eligibility_drive,False
3,401856798,Iowa State,Bowling Green,offense,eligible_possessions,8.0,1.0,8.0,observed,,mixed_eligibility_drive,False
3,401856798,Iowa State,Bowling Green,defense,eligible_possessions,10.0,1.0,10.0,observed,,mixed_eligibility_drive,False
3,401856798,Iowa State,Bowling Green,offense,offensive_possession_points,31.0,1.0,31.0,observed,,mixed_eligibility_drive,False
3,401856798,Iowa State,Bowling Green,defense,offensive_possession_points,7.0,1.0,7.0,observed,,mixed_eligibility_drive,False
3,401856798,Iowa State,Bowling Green,offense,ppp,31.0,8.0,3.875,observed,,mixed_eligibility_drive,True
3,401856798,Iowa State,Bowling Green,defense,ppp,7.0,10.0,0.7,observed,,mixed_eligibility_drive,True
3,401856798,Iowa State,Bowling Green,offense,non_offense_points,14.0,1.0,14.0,observed,,mixed_eligibility_drive,False
3,401856798,Iowa State,Bowling Green,defense,non_offense_points,0.0,1.0,0.0,observed,,mixed_eligibility_drive,False
3,401856798,Bowling Green,Iowa State,offense,eligible_possessions,10.0,1.0,10.0,observed,,mixed_eligibility_drive,False
3,401856798,Bowling Green,Iowa State,defense,eligible_possessions,8.0,1.0,8.0,observed,,mixed_eligibility_drive,False
3,401856798,Bowling Green,Iowa State,offense,offensive_possession_points,7.0,1.0,7.0,observed,,mixed_eligibility_drive,False
3,401856798,Bowling Green,Iowa State,defense,offensive_possession_points,31.0,1.0,31.0,observed,,mixed_eligibility_drive,False
3,401856798,Bowling Green,Iowa State,offense,ppp,7.0,10.0,0.7,observed,,mixed_eligibility_drive,True
3,401856798,Bowling Green,Iowa State,defense,ppp,31.0,8.0,3.875,observed,,mixed_eligibility_drive,True
3,401856798,Bowling Green,Iowa State,offense,non_offense_points,0.0,1.0,0.0,observed,,mixed_eligibility_drive,False
3,401856798,Bowling Green,Iowa State,defense,non_offense_points,14.0,1.0,14.0,observed,,mixed_eligibility_drive,False
3,401856799,TCU,Arkansas State,offense,eligible_possessions,11.0,1.0,11.0,observed,,mixed_eligibility_drive,False
3,401856799,TCU,Arkansas State,defense,eligible_possessions,11.0,1.0,11.0,observed,,mixed_eligibility_drive,False
3,401856799,TCU,Arkansas State,offense,offensive_possession_points,31.0,1.0,31.0,observed,,mixed_eligibility_drive,False
3,401856799,TCU,Arkansas State,defense,offensive_possession_points,7.0,1.0,7.0,observed,,mixed_eligibility_drive,False
3,401856799,TCU,Arkansas State,offense,ppp,31.0,11.0,2.8181818181818183,observed,,mixed_eligibility_drive,True
3,401856799,TCU,Arkansas State,defense,ppp,7.0,11.0,0.6363636363636364,observed,,mixed_eligibility_drive,True
3,401856799,TCU,Arkansas State,offense,non_offense_points,0.0,1.0,0.0,observed,,mixed_eligibility_drive,False
3,401856799,TCU,Arkansas State,defense,non_offense_points,0.0,1.0,0.0,observed,,mixed_eligibility_drive,False
3,401856799,Arkansas State,TCU,offense,eligible_possessions,11.0,1.0,11.0,observed,,mixed_eligibility_drive,False
3,401856799,Arkansas State,TCU,defense,eligible_possessions,11.0,1.0,11.0,observed,,mixed_eligibility_drive,False
3,401856799,Arkansas State,TCU,offense,offensive_possession_points,7.0,1.0,7.0,observed,,mixed_eligibility_drive,False
3,401856799,Arkansas State,TCU,defense,offensive_possession_points,31.0,1.0,31.0,observed,,mixed_eligibility_drive,False
3,401856799,Arkansas State,TCU,offense,ppp,7.0,11.0,0.6363636363636364,observed,,mixed_eligibility_drive,True
3,401856799,Arkansas State,TCU,defense,ppp,31.0,11.0,2.8181818181818183,observed,,mixed_eligibility_drive,True
3,401856799,Arkansas State,TCU,offense,non_offense_points,0.0,1.0,0.0,observed,,mixed_eligibility_drive,False
3,401856799,Arkansas State,TCU,defense,non_offense_points,0.0,1.0,0.0,observed,,mixed_eligibility_drive,False
3,401856800,UCF,Georgia State,offense,eligible_possessions,12.0,1.0,12.0,observed,,mixed_eligibility_drive,False
3,401856800,UCF,Georgia State,defense,eligible_possessions,13.0,1.0,13.0,observed,,mixed_eligibility_drive,False
3,401856800,UCF,Georgia State,offense,offensive_possession_points,44.0,1.0,44.0,observed,,mixed_eligibility_drive,False
3,401856800,UCF,Georgia State,defense,offensive_possession_points,30.0,1.0,30.0,observed,,mixed_eligibility_drive,False
3,401856800,UCF,Georgia State,offense,ppp,44.0,12.0,3.6666666666666665,observed,,mixed_eligibility_drive,True
3,401856800,UCF,Georgia State,defense,ppp,30.0,13.0,2.3076923076923075,observed,,mixed_eligibility_drive,True
3,401856800,UCF,Georgia State,offense,non_offense_points,0.0,1.0,0.0,observed,,mixed_eligibility_drive,False
3,401856800,UCF,Georgia State,defense,non_offense_points,0.0,1.0,0.0,observed,,mixed_eligibility_drive,False
3,401856800,Georgia State,UCF,offense,eligible_possessions,13.0,1.0,13.0,observed,,mixed_eligibility_drive,False
3,401856800,Georgia State,UCF,defense,eligible_possessions,12.0,1.0,12.0,observed,,mixed_eligibility_drive,False
3,401856800,Georgia State,UCF,offense,offensive_possession_points,30.0,1.0,30.0,observed,,mixed_eligibility_drive,False
3,401856800,Georgia State,UCF,defense,offensive_possession_points,44.0,1.0,44.0,observed,,mixed_eligibility_drive,False
3,401856800,Georgia State,UCF,offense,ppp,30.0,13.0,2.3076923076923075,observed,,mixed_eligibility_drive,True
3,401856800,Georgia State,UCF,defense,ppp,44.0,12.0,3.6666666666666665,observed,,mixed_eligibility_drive,True
3,401856800,Georgia State,UCF,offense,non_offense_points,0.0,1.0,0.0,observed,,mixed_eligibility_drive,False
3,401856800,Georgia State,UCF,defense,non_offense_points,0.0,1.0,0.0,observed,,mixed_eligibility_drive,False
3,401856801,Utah,Utah State,offense,eligible_possessions,9.0,1.0,9.0,observed,,mixed_eligibility_drive,False
3,401856801,Utah,Utah State,defense,eligible_possessions,9.0,1.0,9.0,observed,,mixed_eligibility_drive,False
3,401856801,Utah,Utah State,offense,offensive_possession_points,33.0,1.0,33.0,observed,,mixed_eligibility_drive,False
3,401856801,Utah,Utah State,defense,offensive_possession_points,0.0,1.0,0.0,observed,,mixed_eligibility_drive,False
3,401856801,Utah,Utah State,offense,ppp,33.0,9.0,3.6666666666666665,observed,,mixed_eligibility_drive,True
3,401856801,Utah,Utah State,defense,ppp,0.0,9.0,0.0,observed,,mixed_eligibility_drive,True
3,401856801,Utah,Utah State,offense,non_offense_points,0.0,1.0,0.0,observed,,mixed_eligibility_drive,False
3,401856801,Utah,Utah State,defense,non_offense_points,0.0,1.0,0.0,observed,,mixed_eligibility_drive,False
3,401856801,Utah State,Utah,offense,eligible_possessions,9.0,1.0,9.0,observed,,mixed_eligibility_drive,False
3,401856801,Utah State,Utah,defense,eligible_possessions,9.0,1.0,9.0,observed,,mixed_eligibility_drive,False
3,401856801,Utah State,Utah,offense,offensive_possession_points,0.0,1.0,0.0,observed,,mixed_eligibility_drive,False
3,401856801,Utah State,Utah,defense,offensive_possession_points,33.0,1.0,33.0,observed,,mixed_eligibility_drive,False
3,401856801,Utah State,Utah,offense,ppp,0.0,9.0,0.0,observed,,mixed_eligibility_drive,True
3,401856801,Utah State,Utah,defense,ppp,33.0,9.0,3.6666666666666665,observed,,mixed_eligibility_drive,True
3,401856801,Utah State,Utah,offense,non_offense_points,0.0,1.0,0.0,observed,,mixed_eligibility_drive,False
3,401856801,Utah State,Utah,defense,non_offense_points,0.0,1.0,0.0,observed,,mixed_eligibility_drive,False
3,401856802,Virginia,West Virginia,offense,eligible_possessions,13.0,1.0,13.0,observed,,mixed_eligibility_drive,False
3,401856802,Virginia,West Virginia,defense,eligible_possessions,13.0,1.0,13.0,observed,,mixed_eligibility_drive,False
3,401856802,Virginia,West Virginia,offense,offensive_possession_points,27.0,1.0,27.0,observed,,mixed_eligibility_drive,False
3,401856802,Virginia,West Virginia,defense,offensive_possession_points,38.0,1.0,38.0,observed,,mixed_eligibility_drive,False
3,401856802,Virginia,West Virginia,offense,ppp,27.0,13.0,2.076923076923077,observed,,mixed_eligibility_drive,True
3,401856802,Virginia,West Virginia,defense,ppp,38.0,13.0,2.923076923076923,observed,,mixed_eligibility_drive,True
3,401856802,Virginia,West Virginia,offense,non_offense_points,0.0,1.0,0.0,observed,,mixed_eligibility_drive,False
3,401856802,Virginia,West Virginia,defense,non_offense_points,0.0,1.0,0.0,observed,,mixed_eligibility_drive,False
3,401856802,West Virginia,Virginia,offense,eligible_possessions,13.0,1.0,13.0,observed,,mixed_eligibility_drive,False
3,401856802,West Virginia,Virginia,defense,eligible_possessions,13.0,1.0,13.0,observed,,mixed_eligibility_drive,False
3,401856802,West Virginia,Virginia,offense,offensive_possession_points,38.0,1.0,38.0,observed,,mixed_eligibility_drive,False
3,401856802,West Virginia,Virginia,defense,offensive_possession_points,27.0,1.0,27.0,observed,,mixed_eligibility_drive,False
3,401856802,West Virginia,Virginia,offense,ppp,38.0,13.0,2.923076923076923,observed,,mixed_eligibility_drive,True
3,401856802,West Virginia,Virginia,defense,ppp,27.0,13.0,2.076923076923077,observed,,mixed_eligibility_drive,True
3,401856802,West Virginia,Virginia,offense,non_offense_points,0.0,1.0,0.0,observed,,mixed_eligibility_drive,False
3,401856802,West Virginia,Virginia,defense,non_offense_points,0.0,1.0,0.0,observed,,mixed_eligibility_drive,False
3,401856811,Texas Tech,Houston,offense,eligible_possessions,11.0,1.0,11.0,observed,,mixed_eligibility_drive,False
3,401856811,Texas Tech,Houston,defense,eligible_possessions,11.0,1.0,11.0,observed,,mixed_eligibility_drive,False
3,401856811,Texas Tech,Houston,offense,offensive_possession_points,28.0,1.0,28.0,observed,,mixed_eligibility_drive,False
3,401856811,Texas Tech,Houston,defense,offensive_possession_points,26.0,1.0,26.0,observed,,mixed_eligibility_drive,False
3,401856811,Texas Tech,Houston,offense,ppp,28.0,11.0,2.5454545454545454,observed,,mixed_eligibility_drive,True
3,401856811,Texas Tech,Houston,defense,ppp,26.0,11.0,2.3636363636363638,observed,,mixed_eligibility_drive,True
3,401856811,Texas Tech,Houston,offense,non_offense_points,0.0,1.0,0.0,observed,,mixed_eligibility_drive,False
3,401856811,Texas Tech,Houston,defense,non_offense_points,0.0,1.0,0.0,observed,,mixed_eligibility_drive,False
3,401856811,Houston,Texas Tech,offense,eligible_possessions,11.0,1.0,11.0,observed,,mixed_eligibility_drive,False
3,401856811,Houston,Texas Tech,defense,eligible_possessions,11.0,1.0,11.0,observed,,mixed_eligibility_drive,False
3,401856811,Houston,Texas Tech,offense,offensive_possession_points,26.0,1.0,26.0,observed,,mixed_eligibility_drive,False
3,401856811,Houston,Texas Tech,defense,offensive_possession_points,28.0,1.0,28.0,observed,,mixed_eligibility_drive,False
3,401856811,Houston,Texas Tech,offense,ppp,26.0,11.0,2.3636363636363638,observed,,mixed_eligibility_drive,True
3,401856811,Houston,Texas Tech,defense,ppp,28.0,11.0,2.5454545454545454,observed,,mixed_eligibility_drive,True
3,401856811,Houston,Texas Tech,offense,non_offense_points,0.0,1.0,0.0,observed,,mixed_eligibility_drive,False
3,401856811,Houston,Texas Tech,defense,non_offense_points,0.0,1.0,0.0,observed,,mixed_eligibility_drive,False
3,401856812,Kansas,Arizona State,offense,eligible_possessions,14.0,1.0,14.0,observed,,mixed_eligibility_drive,False
3,401856812,Kansas,Arizona State,defense,eligible_possessions,14.0,1.0,14.0,observed,,mixed_eligibility_drive,False
3,401856812,Kansas,Arizona State,offense,offensive_possession_points,10.0,1.0,10.0,observed,,mixed_eligibility_drive,False
3,401856812,Kansas,Arizona State,defense,offensive_possession_points,17.0,1.0,17.0,observed,,mixed_eligibility_drive,False
3,401856812,Kansas,Arizona State,offense,ppp,10.0,14.0,0.7142857142857143,observed,,mixed_eligibility_drive,True
3,401856812,Kansas,Arizona State,defense,ppp,17.0,14.0,1.2142857142857142,observed,,mixed_eligibility_drive,True
3,401856812,Kansas,Arizona State,offense,non_offense_points,7.0,1.0,7.0,observed,,mixed_eligibility_drive,False
3,401856812,Kansas,Arizona State,defense,non_offense_points,7.0,1.0,7.0,observed,,mixed_eligibility_drive,False
3,401856812,Arizona State,Kansas,offense,eligible_possessions,14.0,1.0,14.0,observed,,mixed_eligibility_drive,False
3,401856812,Arizona State,Kansas,defense,eligible_possessions,14.0,1.0,14.0,observed,,mixed_eligibility_drive,False
3,401856812,Arizona State,Kansas,offense,offensive_possession_points,17.0,1.0,17.0,observed,,mixed_eligibility_drive,False
3,401856812,Arizona State,Kansas,defense,offensive_possession_points,10.0,1.0,10.0,observed,,mixed_eligibility_drive,False
3,401856812,Arizona State,Kansas,offense,ppp,17.0,14.0,1.2142857142857142,observed,,mixed_eligibility_drive,True
3,401856812,Arizona State,Kansas,defense,ppp,10.0,14.0,0.7142857142857143,observed,,mixed_eligibility_drive,True
3,401856812,Arizona State,Kansas,offense,non_offense_points,7.0,1.0,7.0,observed,,mixed_eligibility_drive,False
3,401856812,Arizona State,Kansas,defense,non_offense_points,7.0,1.0,7.0,observed,,mixed_eligibility_drive,False
3,401858225,Pittsburgh,Syracuse,offense,eligible_possessions,10.0,1.0,10.0,observed,,mixed_eligibility_drive,False
3,401858225,Pittsburgh,Syracuse,defense,eligible_possessions,10.0,1.0,10.0,observed,,mixed_eligibility_drive,False
3,401858225,Pittsburgh,Syracuse,offense,offensive_possession_points,27.0,1.0,27.0,observed,,mixed_eligibility_drive,False
3,401858225,Pittsburgh,Syracuse,defense,offensive_possession_points,13.0,1.0,13.0,observed,,mixed_eligibility_drive,False
3,401858225,Pittsburgh,Syracuse,offense,ppp,27.0,10.0,2.7,observed,,mixed_eligibility_drive,True
3,401858225,Pittsburgh,Syracuse,defense,ppp,13.0,10.0,1.3,observed,,mixed_eligibility_drive,True
3,401858225,Pittsburgh,Syracuse,offense,non_offense_points,0.0,1.0,0.0,observed,,mixed_eligibility_drive,False
3,401858225,Pittsburgh,Syracuse,defense,non_offense_points,0.0,1.0,0.0,observed,,mixed_eligibility_drive,False
3,401858225,Syracuse,Pittsburgh,offense,eligible_possessions,10.0,1.0,10.0,observed,,mixed_eligibility_drive,False
3,401858225,Syracuse,Pittsburgh,defense,eligible_possessions,10.0,1.0,10.0,observed,,mixed_eligibility_drive,False
3,401858225,Syracuse,Pittsburgh,offense,offensive_possession_points,13.0,1.0,13.0,observed,,mixed_eligibility_drive,False
3,401858225,Syracuse,Pittsburgh,defense,offensive_possession_points,27.0,1.0,27.0,observed,,mixed_eligibility_drive,False
3,401858225,Syracuse,Pittsburgh,offense,ppp,13.0,10.0,1.3,observed,,mixed_eligibility_drive,True
3,401858225,Syracuse,Pittsburgh,defense,ppp,27.0,10.0,2.7,observed,,mixed_eligibility_drive,True
3,401858225,Syracuse,Pittsburgh,offense,non_offense_points,0.0,1.0,0.0,observed,,mixed_eligibility_drive,False
3,401858225,Syracuse,Pittsburgh,defense,non_offense_points,0.0,1.0,0.0,observed,,mixed_eligibility_drive,False
3,401858226,Wake Forest,Miami,offense,eligible_possessions,11.0,1.0,11.0,observed,,mixed_eligibility_drive,False
3,401858226,Wake Forest,Miami,defense,eligible_possessions,12.0,1.0,12.0,observed,,mixed_eligibility_drive,False
3,401858226,Wake Forest,Miami,offense,offensive_possession_points,20.0,1.0,20.0,observed,,mixed_eligibility_drive,False
3,401858226,Wake Forest,Miami,defense,offensive_possession_points,28.0,1.0,28.0,observed,,mixed_eligibility_drive,False
3,401858226,Wake Forest,Miami,offense,ppp,20.0,11.0,1.8181818181818181,observed,,mixed_eligibility_drive,True
3,401858226,Wake Forest,Miami,defense,ppp,28.0,12.0,2.3333333333333335,observed,,mixed_eligibility_drive,True
3,401858226,Wake Forest,Miami,offense,non_offense_points,0.0,1.0,0.0,observed,,mixed_eligibility_drive,False
3,401858226,Wake Forest,Miami,defense,non_offense_points,5.0,1.0,5.0,observed,,mixed_eligibility_drive,False
3,401858226,Miami,Wake Forest,offense,eligible_possessions,12.0,1.0,12.0,observed,,mixed_eligibility_drive,False
3,401858226,Miami,Wake Forest,defense,eligible_possessions,11.0,1.0,11.0,observed,,mixed_eligibility_drive,False
3,401858226,Miami,Wake Forest,offense,offensive_possession_points,28.0,1.0,28.0,observed,,mixed_eligibility_drive,False
3,401858226,Miami,Wake Forest,defense,offensive_possession_points,20.0,1.0,20.0,observed,,mixed_eligibility_drive,False
3,401858226,Miami,Wake Forest,offense,ppp,28.0,12.0,2.3333333333333335,observed,,mixed_eligibility_drive,True
3,401858226,Miami,Wake Forest,defense,ppp,20.0,11.0,1.8181818181818181,observed,,mixed_eligibility_drive,True
3,401858226,Miami,Wake Forest,offense,non_offense_points,5.0,1.0,5.0,observed,,mixed_eligibility_drive,False
3,401858226,Miami,Wake Forest,defense,non_offense_points,0.0,1.0,0.0,observed,,mixed_eligibility_drive,False
3,401858229,Clemson,North Carolina,offense,eligible_possessions,13.0,1.0,13.0,observed,,mixed_eligibility_drive,False
3,401858229,Clemson,North Carolina,defense,eligible_possessions,12.0,1.0,12.0,observed,,mixed_eligibility_drive,False
3,401858229,Clemson,North Carolina,offense,offensive_possession_points,28.0,1.0,28.0,observed,,mixed_eligibility_drive,False
3,401858229,Clemson,North Carolina,defense,offensive_possession_points,20.0,1.0,20.0,observed,,mixed_eligibility_drive,False
3,401858229,Clemson,North Carolina,offense,ppp,28.0,13.0,2.1538461538461537,observed,,mixed_eligibility_drive,True
3,401858229,Clemson,North Carolina,defense,ppp,20.0,12.0,1.6666666666666667,observed,,mixed_eligibility_drive,True
3,401858229,Clemson,North Carolina,offense,non_offense_points,0.0,1.0,0.0,observed,,mixed_eligibility_drive,False
3,401858229,Clemson,North Carolina,defense,non_offense_points,0.0,1.0,0.0,observed,,mixed_eligibility_drive,False
3,401858229,North Carolina,Clemson,offense,eligible_possessions,12.0,1.0,12.0,observed,,mixed_eligibility_drive,False
3,401858229,North Carolina,Clemson,defense,eligible_possessions,13.0,1.0,13.0,observed,,mixed_eligibility_drive,False
3,401858229,North Carolina,Clemson,offense,offensive_possession_points,20.0,1.0,20.0,observed,,mixed_eligibility_drive,False
3,401858229,North Carolina,Clemson,defense,offensive_possession_points,28.0,1.0,28.0,observed,,mixed_eligibility_drive,False
3,401858229,North Carolina,Clemson,offense,ppp,20.0,12.0,1.6666666666666667,observed,,mixed_eligibility_drive,True
3,401858229,North Carolina,Clemson,defense,ppp,28.0,13.0,2.1538461538461537,observed,,mixed_eligibility_drive,True
3,401858229,North Carolina,Clemson,offense,non_offense_points,0.0,1.0,0.0,observed,,mixed_eligibility_drive,False
3,401858229,North Carolina,Clemson,defense,non_offense_points,0.0,1.0,0.0,observed,,mixed_eligibility_drive,False
3,401858230,Louisville,SMU,offense,eligible_possessions,13.0,1.0,13.0,observed,,mixed_eligibility_drive,False
3,401858230,Louisville,SMU,defense,eligible_possessions,13.0,1.0,13.0,observed,,mixed_eligibility_drive,False
3,401858230,Louisville,SMU,offense,offensive_possession_points,40.0,1.0,40.0,observed,,mixed_eligibility_drive,False
3,401858230,Louisville,SMU,defense,offensive_possession_points,31.0,1.0,31.0,observed,,mixed_eligibility_drive,False
3,401858230,Louisville,SMU,offense,ppp,40.0,13.0,3.076923076923077,observed,,mixed_eligibility_drive,True
3,401858230,Louisville,SMU,defense,ppp,31.0,13.0,2.3846153846153846,observed,,mixed_eligibility_drive,True
3,401858230,Louisville,SMU,offense,non_offense_points,1.0,1.0,1.0,observed,,mixed_eligibility_drive,False
3,401858230,Louisville,SMU,defense,non_offense_points,0.0,1.0,0.0,observed,,mixed_eligibility_drive,False
3,401858230,SMU,Louisville,offense,eligible_possessions,13.0,1.0,13.0,observed,,mixed_eligibility_drive,False
3,401858230,SMU,Louisville,defense,eligible_possessions,13.0,1.0,13.0,observed,,mixed_eligibility_drive,False
3,401858230,SMU,Louisville,offense,offensive_possession_points,31.0,1.0,31.0,observed,,mixed_eligibility_drive,False
3,401858230,SMU,Louisville,defense,offensive_possession_points,40.0,1.0,40.0,observed,,mixed_eligibility_drive,False
3,401858230,SMU,Louisville,offense,ppp,31.0,13.0,2.3846153846153846,observed,,mixed_eligibility_drive,True
3,401858230,SMU,Louisville,defense,ppp,40.0,13.0,3.076923076923077,observed,,mixed_eligibility_drive,True
3,401858230,SMU,Louisville,offense,non_offense_points,0.0,1.0,0.0,observed,,mixed_eligibility_drive,False
3,401858230,SMU,Louisville,defense,non_offense_points,1.0,1.0,1.0,observed,,mixed_eligibility_drive,False
3,401858231,Duke,Stanford,offense,eligible_possessions,11.0,1.0,11.0,observed,,mixed_eligibility_drive,False
3,401858231,Duke,Stanford,defense,eligible_possessions,9.0,1.0,9.0,observed,,mixed_eligibility_drive,False
3,401858231,Duke,Stanford,offense,offensive_possession_points,35.0,1.0,35.0,observed,,mixed_eligibility_drive,False
3,401858231,Duke,Stanford,defense,offensive_possession_points,7.0,1.0,7.0,observed,,mixed_eligibility_drive,False
3,401858231,Duke,Stanford,offense,ppp,35.0,11.0,3.1818181818181817,observed,,mixed_eligibility_drive,True
3,401858231,Duke,Stanford,defense,ppp,7.0,9.0,0.7777777777777778,observed,,mixed_eligibility_drive,True
3,401858231,Duke,Stanford,offense,non_offense_points,0.0,1.0,0.0,observed,,mixed_eligibility_drive,False
3,401858231,Duke,Stanford,defense,non_offense_points,0.0,1.0,0.0,observed,,mixed_eligibility_drive,False
3,401858231,Stanford,Duke,offense,eligible_possessions,9.0,1.0,9.0,observed,,mixed_eligibility_drive,False
3,401858231,Stanford,Duke,defense,eligible_possessions,11.0,1.0,11.0,observed,,mixed_eligibility_drive,False
3,401858231,Stanford,Duke,offense,offensive_possession_points,7.0,1.0,7.0,observed,,mixed_eligibility_drive,False
3,401858231,Stanford,Duke,defense,offensive_possession_points,35.0,1.0,35.0,observed,,mixed_eligibility_drive,False
3,401858231,Stanford,Duke,offense,ppp,7.0,9.0,0.7777777777777778,observed,,mixed_eligibility_drive,True
3,401858231,Stanford,Duke,defense,ppp,35.0,11.0,3.1818181818181817,observed,,mixed_eligibility_drive,True
3,401858231,Stanford,Duke,offense,non_offense_points,0.0,1.0,0.0,observed,,mixed_eligibility_drive,False
3,401858231,Stanford,Duke,defense,non_offense_points,0.0,1.0,0.0,observed,,mixed_eligibility_drive,False
3,401858232,Maryland,Virginia Tech,offense,eligible_possessions,9.0,1.0,9.0,observed,,mixed_eligibility_drive,False
3,401858232,Maryland,Virginia Tech,defense,eligible_possessions,9.0,1.0,9.0,observed,,mixed_eligibility_drive,False
3,401858232,Maryland,Virginia Tech,offense,offensive_possession_points,26.0,1.0,26.0,observed,,mixed_eligibility_drive,False
3,401858232,Maryland,Virginia Tech,defense,offensive_possession_points,35.0,1.0,35.0,observed,,mixed_eligibility_drive,False
3,401858232,Maryland,Virginia Tech,offense,ppp,26.0,9.0,2.888888888888889,observed,,mixed_eligibility_drive,True
3,401858232,Maryland,Virginia Tech,defense,ppp,35.0,9.0,3.888888888888889,observed,,mixed_eligibility_drive,True
3,401858232,Maryland,Virginia Tech,offense,non_offense_points,0.0,1.0,0.0,observed,,mixed_eligibility_drive,False
3,401858232,Maryland,Virginia Tech,defense,non_offense_points,0.0,1.0,0.0,observed,,mixed_eligibility_drive,False
3,401858232,Virginia Tech,Maryland,offense,eligible_possessions,9.0,1.0,9.0,observed,,mixed_eligibility_drive,False
3,401858232,Virginia Tech,Maryland,defense,eligible_possessions,9.0,1.0,9.0,observed,,mixed_eligibility_drive,False
3,401858232,Virginia Tech,Maryland,offense,offensive_possession_points,35.0,1.0,35.0,observed,,mixed_eligibility_drive,False
3,401858232,Virginia Tech,Maryland,defense,offensive_possession_points,26.0,1.0,26.0,observed,,mixed_eligibility_drive,False
3,401858232,Virginia Tech,Maryland,offense,ppp,35.0,9.0,3.888888888888889,observed,,mixed_eligibility_drive,True
3,401858232,Virginia Tech,Maryland,defense,ppp,26.0,9.0,2.888888888888889,observed,,mixed_eligibility_drive,True
3,401858232,Virginia Tech,Maryland,offense,non_offense_points,0.0,1.0,0.0,observed,,mixed_eligibility_drive,False
3,401858232,Virginia Tech,Maryland,defense,non_offense_points,0.0,1.0,0.0,observed,,mixed_eligibility_drive,False
3,401858449,Indiana,Western Kentucky,offense,eligible_possessions,10.0,1.0,10.0,observed,,mixed_eligibility_drive,False
3,401858449,Indiana,Western Kentucky,defense,eligible_possessions,10.0,1.0,10.0,observed,,mixed_eligibility_drive,False
3,401858449,Indiana,Western Kentucky,offense,offensive_possession_points,31.0,1.0,31.0,observed,,mixed_eligibility_drive,False
3,401858449,Indiana,Western Kentucky,defense,offensive_possession_points,0.0,1.0,0.0,observed,,mixed_eligibility_drive,False
3,401858449,Indiana,Western Kentucky,offense,ppp,31.0,10.0,3.1,observed,,mixed_eligibility_drive,True
3,401858449,Indiana,Western Kentucky,defense,ppp,0.0,10.0,0.0,observed,,mixed_eligibility_drive,True
3,401858449,Indiana,Western Kentucky,offense,non_offense_points,0.0,1.0,0.0,observed,,mixed_eligibility_drive,False
3,401858449,Indiana,Western Kentucky,defense,non_offense_points,0.0,1.0,0.0,observed,,mixed_eligibility_drive,False
3,401858449,Western Kentucky,Indiana,offense,eligible_possessions,10.0,1.0,10.0,observed,,mixed_eligibility_drive,False
3,401858449,Western Kentucky,Indiana,defense,eligible_possessions,10.0,1.0,10.0,observed,,mixed_eligibility_drive,False
3,401858449,Western Kentucky,Indiana,offense,offensive_possession_points,0.0,1.0,0.0,observed,,mixed_eligibility_drive,False
3,401858449,Western Kentucky,Indiana,defense,offensive_possession_points,31.0,1.0,31.0,observed,,mixed_eligibility_drive,False
3,401858449,Western Kentucky,Indiana,offense,ppp,0.0,10.0,0.0,observed,,mixed_eligibility_drive,True
3,401858449,Western Kentucky,Indiana,defense,ppp,31.0,10.0,3.1,observed,,mixed_eligibility_drive,True
3,401858449,Western Kentucky,Indiana,offense,non_offense_points,0.0,1.0,0.0,observed,,mixed_eligibility_drive,False
3,401858449,Western Kentucky,Indiana,defense,non_offense_points,0.0,1.0,0.0,observed,,mixed_eligibility_drive,False
3,401858450,Michigan,UTEP,offense,eligible_possessions,9.0,1.0,9.0,observed,,mixed_eligibility_drive,False
3,401858450,Michigan,UTEP,defense,eligible_possessions,9.0,1.0,9.0,observed,,mixed_eligibility_drive,False
3,401858450,Michigan,UTEP,offense,offensive_possession_points,38.0,1.0,38.0,observed,,mixed_eligibility_drive,False
3,401858450,Michigan,UTEP,defense,offensive_possession_points,14.0,1.0,14.0,observed,,mixed_eligibility_drive,False
3,401858450,Michigan,UTEP,offense,ppp,38.0,9.0,4.222222222222222,observed,,mixed_eligibility_drive,True
3,401858450,Michigan,UTEP,defense,ppp,14.0,9.0,1.5555555555555556,observed,,mixed_eligibility_drive,True
3,401858450,Michigan,UTEP,offense,non_offense_points,7.0,1.0,7.0,observed,,mixed_eligibility_drive,False
3,401858450,Michigan,UTEP,defense,non_offense_points,0.0,1.0,0.0,observed,,mixed_eligibility_drive,False
3,401858450,UTEP,Michigan,offense,eligible_possessions,9.0,1.0,9.0,observed,,mixed_eligibility_drive,False
3,401858450,UTEP,Michigan,defense,eligible_possessions,9.0,1.0,9.0,observed,,mixed_eligibility_drive,False
3,401858450,UTEP,Michigan,offense,offensive_possession_points,14.0,1.0,14.0,observed,,mixed_eligibility_drive,False
3,401858450,UTEP,Michigan,defense,offensive_possession_points,38.0,1.0,38.0,observed,,mixed_eligibility_drive,False
3,401858450,UTEP,Michigan,offense,ppp,14.0,9.0,1.5555555555555556,observed,,mixed_eligibility_drive,True
3,401858450,UTEP,Michigan,defense,ppp,38.0,9.0,4.222222222222222,observed,,mixed_eligibility_drive,True
3,401858450,UTEP,Michigan,offense,non_offense_points,0.0,1.0,0.0,observed,,mixed_eligibility_drive,False
3,401858450,UTEP,Michigan,defense,non_offense_points,7.0,1.0,7.0,observed,,mixed_eligibility_drive,False
3,401858451,Minnesota,Akron,offense,eligible_possessions,11.0,1.0,11.0,observed,,mixed_eligibility_drive,False
3,401858451,Minnesota,Akron,defense,eligible_possessions,10.0,1.0,10.0,observed,,mixed_eligibility_drive,False
3,401858451,Minnesota,Akron,offense,offensive_possession_points,34.0,1.0,34.0,observed,,mixed_eligibility_drive,False
3,401858451,Minnesota,Akron,defense,offensive_possession_points,0.0,1.0,0.0,observed,,mixed_eligibility_drive,False
3,401858451,Minnesota,Akron,offense,ppp,34.0,11.0,3.090909090909091,observed,,mixed_eligibility_drive,True
3,401858451,Minnesota,Akron,defense,ppp,0.0,10.0,0.0,observed,,mixed_eligibility_drive,True
3,401858451,Minnesota,Akron,offense,non_offense_points,0.0,1.0,0.0,observed,,mixed_eligibility_drive,False
3,401858451,Minnesota,Akron,defense,non_offense_points,0.0,1.0,0.0,observed,,mixed_eligibility_drive,False
3,401858451,Akron,Minnesota,offense,eligible_possessions,10.0,1.0,10.0,observed,,mixed_eligibility_drive,False
3,401858451,Akron,Minnesota,defense,eligible_possessions,11.0,1.0,11.0,observed,,mixed_eligibility_drive,False
3,401858451,Akron,Minnesota,offense,offensive_possession_points,0.0,1.0,0.0,observed,,mixed_eligibility_drive,False
3,401858451,Akron,Minnesota,defense,offensive_possession_points,34.0,1.0,34.0,observed,,mixed_eligibility_drive,False
3,401858451,Akron,Minnesota,offense,ppp,0.0,10.0,0.0,observed,,mixed_eligibility_drive,True
3,401858451,Akron,Minnesota,defense,ppp,34.0,11.0,3.090909090909091,observed,,mixed_eligibility_drive,True
3,401858451,Akron,Minnesota,offense,non_offense_points,0.0,1.0,0.0,observed,,mixed_eligibility_drive,False
3,401858451,Akron,Minnesota,defense,non_offense_points,0.0,1.0,0.0,observed,,mixed_eligibility_drive,False
3,401858453,Notre Dame,Michigan State,offense,eligible_possessions,10.0,1.0,10.0,observed,,mixed_eligibility_drive,False
3,401858453,Notre Dame,Michigan State,defense,eligible_possessions,9.0,1.0,9.0,observed,,mixed_eligibility_drive,False
3,401858453,Notre Dame,Michigan State,offense,offensive_possession_points,27.0,1.0,27.0,observed,,mixed_eligibility_drive,False
3,401858453,Notre Dame,Michigan State,defense,offensive_possession_points,10.0,1.0,10.0,observed,,mixed_eligibility_drive,False
3,401858453,Notre Dame,Michigan State,offense,ppp,27.0,10.0,2.7,observed,,mixed_eligibility_drive,True
3,401858453,Notre Dame,Michigan State,defense,ppp,10.0,9.0,1.1111111111111112,observed,,mixed_eligibility_drive,True
3,401858453,Notre Dame,Michigan State,offense,non_offense_points,0.0,1.0,0.0,observed,,mixed_eligibility_drive,False
3,401858453,Notre Dame,Michigan State,defense,non_offense_points,0.0,1.0,0.0,observed,,mixed_eligibility_drive,False
3,401858453,Michigan State,Notre Dame,offense,eligible_possessions,9.0,1.0,9.0,observed,,mixed_eligibility_drive,False
3,401858453,Michigan State,Notre Dame,defense,eligible_possessions,10.0,1.0,10.0,observed,,mixed_eligibility_drive,False
3,401858453,Michigan State,Notre Dame,offense,offensive_possession_points,10.0,1.0,10.0,observed,,mixed_eligibility_drive,False
3,401858453,Michigan State,Notre Dame,defense,offensive_possession_points,27.0,1.0,27.0,observed,,mixed_eligibility_drive,False
3,401858453,Michigan State,Notre Dame,offense,ppp,10.0,9.0,1.1111111111111112,observed,,mixed_eligibility_drive,True
3,401858453,Michigan State,Notre Dame,defense,ppp,27.0,10.0,2.7,observed,,mixed_eligibility_drive,True
3,401858453,Michigan State,Notre Dame,offense,non_offense_points,0.0,1.0,0.0,observed,,mixed_eligibility_drive,False
3,401858453,Michigan State,Notre Dame,defense,non_offense_points,0.0,1.0,0.0,observed,,mixed_eligibility_drive,False
3,401858454,Ohio State,Kent State,offense,eligible_possessions,7.0,1.0,7.0,observed,,mixed_eligibility_drive,False
3,401858454,Ohio State,Kent State,defense,eligible_possessions,6.0,1.0,6.0,observed,,mixed_eligibility_drive,False
3,401858454,Ohio State,Kent State,offense,offensive_possession_points,0.0,1.0,,missing,unresolved_scoring_attribution,mixed_eligibility_drive,False
3,401858454,Ohio State,Kent State,defense,offensive_possession_points,0.0,1.0,0.0,observed,,mixed_eligibility_drive,False
3,401858454,Ohio State,Kent State,offense,ppp,0.0,7.0,,missing,unresolved_scoring_attribution,mixed_eligibility_drive,False
3,401858454,Ohio State,Kent State,defense,ppp,0.0,6.0,0.0,observed,,mixed_eligibility_drive,True
3,401858454,Ohio State,Kent State,offense,non_offense_points,0.0,1.0,,missing,unresolved_scoring_attribution,mixed_eligibility_drive,False
3,401858454,Ohio State,Kent State,defense,non_offense_points,0.0,1.0,0.0,observed,,mixed_eligibility_drive,False
3,401858454,Kent State,Ohio State,offense,eligible_possessions,6.0,1.0,6.0,observed,,mixed_eligibility_drive,False
3,401858454,Kent State,Ohio State,defense,eligible_possessions,7.0,1.0,7.0,observed,,mixed_eligibility_drive,False
3,401858454,Kent State,Ohio State,offense,offensive_possession_points,0.0,1.0,0.0,observed,,mixed_eligibility_drive,False
3,401858454,Kent State,Ohio State,defense,offensive_possession_points,0.0,1.0,,missing,unresolved_scoring_attribution,mixed_eligibility_drive,False
3,401858454,Kent State,Ohio State,offense,ppp,0.0,6.0,0.0,observed,,mixed_eligibility_drive,True
3,401858454,Kent State,Ohio State,defense,ppp,0.0,7.0,,missing,unresolved_scoring_attribution,mixed_eligibility_drive,False
3,401858454,Kent State,Ohio State,offense,non_offense_points,0.0,1.0,0.0,observed,,mixed_eligibility_drive,False
3,401858454,Kent State,Ohio State,defense,non_offense_points,0.0,1.0,,missing,unresolved_scoring_attribution,mixed_eligibility_drive,False
3,401858456,Penn State,Buffalo,offense,eligible_possessions,10.0,1.0,10.0,observed,,mixed_eligibility_drive,False
3,401858456,Penn State,Buffalo,defense,eligible_possessions,10.0,1.0,10.0,observed,,mixed_eligibility_drive,False
3,401858456,Penn State,Buffalo,offense,offensive_possession_points,41.0,1.0,41.0,observed,,mixed_eligibility_drive,False
3,401858456,Penn State,Buffalo,defense,offensive_possession_points,6.0,1.0,6.0,observed,,mixed_eligibility_drive,False
3,401858456,Penn State,Buffalo,offense,ppp,41.0,10.0,4.1,observed,,mixed_eligibility_drive,True
3,401858456,Penn State,Buffalo,defense,ppp,6.0,10.0,0.6,observed,,mixed_eligibility_drive,True
3,401858456,Penn State,Buffalo,offense,non_offense_points,0.0,1.0,0.0,observed,,mixed_eligibility_drive,False
3,401858456,Penn State,Buffalo,defense,non_offense_points,0.0,1.0,0.0,observed,,mixed_eligibility_drive,False
3,401858456,Buffalo,Penn State,offense,eligible_possessions,10.0,1.0,10.0,observed,,mixed_eligibility_drive,False
3,401858456,Buffalo,Penn State,defense,eligible_possessions,10.0,1.0,10.0,observed,,mixed_eligibility_drive,False
3,401858456,Buffalo,Penn State,offense,offensive_possession_points,6.0,1.0,6.0,observed,,mixed_eligibility_drive,False
3,401858456,Buffalo,Penn State,defense,offensive_possession_points,41.0,1.0,41.0,observed,,mixed_eligibility_drive,False
3,401858456,Buffalo,Penn State,offense,ppp,6.0,10.0,0.6,observed,,mixed_eligibility_drive,True
3,401858456,Buffalo,Penn State,defense,ppp,41.0,10.0,4.1,observed,,mixed_eligibility_drive,True
3,401858456,Buffalo,Penn State,offense,non_offense_points,0.0,1.0,0.0,observed,,mixed_eligibility_drive,False
3,401858456,Buffalo,Penn State,defense,non_offense_points,0.0,1.0,0.0,observed,,mixed_eligibility_drive,False
3,401858457,Rutgers,USC,offense,eligible_possessions,10.0,1.0,10.0,observed,,mixed_eligibility_drive,False
3,401858457,Rutgers,USC,defense,eligible_possessions,9.0,1.0,9.0,observed,,mixed_eligibility_drive,False
3,401858457,Rutgers,USC,offense,offensive_possession_points,35.0,1.0,35.0,observed,,mixed_eligibility_drive,False
3,401858457,Rutgers,USC,defense,offensive_possession_points,35.0,1.0,35.0,observed,,mixed_eligibility_drive,False
3,401858457,Rutgers,USC,offense,ppp,35.0,10.0,3.5,observed,,mixed_eligibility_drive,True
3,401858457,Rutgers,USC,defense,ppp,35.0,9.0,3.888888888888889,observed,,mixed_eligibility_drive,True
3,401858457,Rutgers,USC,offense,non_offense_points,0.0,1.0,0.0,observed,,mixed_eligibility_drive,False
3,401858457,Rutgers,USC,defense,non_offense_points,7.0,1.0,7.0,observed,,mixed_eligibility_drive,False
3,401858457,USC,Rutgers,offense,eligible_possessions,9.0,1.0,9.0,observed,,mixed_eligibility_drive,False
3,401858457,USC,Rutgers,defense,eligible_possessions,10.0,1.0,10.0,observed,,mixed_eligibility_drive,False
3,401858457,USC,Rutgers,offense,offensive_possession_points,35.0,1.0,35.0,observed,,mixed_eligibility_drive,False
3,401858457,USC,Rutgers,defense,offensive_possession_points,35.0,1.0,35.0,observed,,mixed_eligibility_drive,False
3,401858457,USC,Rutgers,offense,ppp,35.0,9.0,3.888888888888889,observed,,mixed_eligibility_drive,True
3,401858457,USC,Rutgers,defense,ppp,35.0,10.0,3.5,observed,,mixed_eligibility_drive,True
3,401858457,USC,Rutgers,offense,non_offense_points,7.0,1.0,7.0,observed,,mixed_eligibility_drive,False
3,401858457,USC,Rutgers,defense,non_offense_points,0.0,1.0,0.0,observed,,mixed_eligibility_drive,False
3,401858458,UCLA,Purdue,offense,eligible_possessions,12.0,1.0,12.0,observed,,mixed_eligibility_drive,False
3,401858458,UCLA,Purdue,defense,eligible_possessions,12.0,1.0,12.0,observed,,mixed_eligibility_drive,False
3,401858458,UCLA,Purdue,offense,offensive_possession_points,52.0,1.0,52.0,observed,,mixed_eligibility_drive,False
3,401858458,UCLA,Purdue,defense,offensive_possession_points,38.0,1.0,38.0,observed,,mixed_eligibility_drive,False
3,401858458,UCLA,Purdue,offense,ppp,52.0,12.0,4.333333333333333,observed,,mixed_eligibility_drive,True
3,401858458,UCLA,Purdue,defense,ppp,38.0,12.0,3.1666666666666665,observed,,mixed_eligibility_drive,True
3,401858458,UCLA,Purdue,offense,non_offense_points,0.0,1.0,0.0,observed,,mixed_eligibility_drive,False
3,401858458,UCLA,Purdue,defense,non_offense_points,0.0,1.0,0.0,observed,,mixed_eligibility_drive,False
3,401858458,Purdue,UCLA,offense,eligible_possessions,12.0,1.0,12.0,observed,,mixed_eligibility_drive,False
3,401858458,Purdue,UCLA,defense,eligible_possessions,12.0,1.0,12.0,observed,,mixed_eligibility_drive,False
3,401858458,Purdue,UCLA,offense,offensive_possession_points,38.0,1.0,38.0,observed,,mixed_eligibility_drive,False
3,401858458,Purdue,UCLA,defense,offensive_possession_points,52.0,1.0,52.0,observed,,mixed_eligibility_drive,False
3,401858458,Purdue,UCLA,offense,ppp,38.0,12.0,3.1666666666666665,observed,,mixed_eligibility_drive,True
3,401858458,Purdue,UCLA,defense,ppp,52.0,12.0,4.333333333333333,observed,,mixed_eligibility_drive,True
3,401858458,Purdue,UCLA,offense,non_offense_points,0.0,1.0,0.0,observed,,mixed_eligibility_drive,False
3,401858458,Purdue,UCLA,defense,non_offense_points,0.0,1.0,0.0,observed,,mixed_eligibility_drive,False
3,401858460,Wisconsin,Eastern Michigan,offense,eligible_possessions,8.0,1.0,8.0,observed,,mixed_eligibility_drive,False
3,401858460,Wisconsin,Eastern Michigan,defense,eligible_possessions,10.0,1.0,10.0,observed,,mixed_eligibility_drive,False
3,401858460,Wisconsin,Eastern Michigan,offense,offensive_possession_points,34.0,1.0,,missing,unresolved_scoring_attribution,mixed_eligibility_drive,False
3,401858460,Wisconsin,Eastern Michigan,defense,offensive_possession_points,10.0,1.0,10.0,observed,,mixed_eligibility_drive,False
3,401858460,Wisconsin,Eastern Michigan,offense,ppp,34.0,8.0,,missing,unresolved_scoring_attribution,mixed_eligibility_drive,False
3,401858460,Wisconsin,Eastern Michigan,defense,ppp,10.0,10.0,1.0,observed,,mixed_eligibility_drive,True
3,401858460,Wisconsin,Eastern Michigan,offense,non_offense_points,1.0,1.0,,missing,unresolved_scoring_attribution,mixed_eligibility_drive,False
3,401858460,Wisconsin,Eastern Michigan,defense,non_offense_points,0.0,1.0,0.0,observed,,mixed_eligibility_drive,False
3,401858460,Eastern Michigan,Wisconsin,offense,eligible_possessions,10.0,1.0,10.0,observed,,mixed_eligibility_drive,False
3,401858460,Eastern Michigan,Wisconsin,defense,eligible_possessions,8.0,1.0,8.0,observed,,mixed_eligibility_drive,False
3,401858460,Eastern Michigan,Wisconsin,offense,offensive_possession_points,10.0,1.0,10.0,observed,,mixed_eligibility_drive,False
3,401858460,Eastern Michigan,Wisconsin,defense,offensive_possession_points,34.0,1.0,,missing,unresolved_scoring_attribution,mixed_eligibility_drive,False
3,401858460,Eastern Michigan,Wisconsin,offense,ppp,10.0,10.0,1.0,observed,,mixed_eligibility_drive,True
3,401858460,Eastern Michigan,Wisconsin,defense,ppp,34.0,8.0,,missing,unresolved_scoring_attribution,mixed_eligibility_drive,False
3,401858460,Eastern Michigan,Wisconsin,offense,non_offense_points,0.0,1.0,0.0,observed,,mixed_eligibility_drive,False
3,401858460,Eastern Michigan,Wisconsin,defense,non_offense_points,1.0,1.0,,missing,unresolved_scoring_attribution,mixed_eligibility_drive,False
3,401860887,San Diego State,James Madison,offense,eligible_possessions,13.0,1.0,13.0,observed,,mixed_eligibility_drive,False
3,401860887,San Diego State,James Madison,defense,eligible_possessions,13.0,1.0,13.0,observed,,mixed_eligibility_drive,False
3,401860887,San Diego State,James Madison,offense,offensive_possession_points,13.0,1.0,13.0,observed,,mixed_eligibility_drive,False
3,401860887,San Diego State,James Madison,defense,offensive_possession_points,23.0,1.0,23.0,observed,,mixed_eligibility_drive,False
3,401860887,San Diego State,James Madison,offense,ppp,13.0,13.0,1.0,observed,,mixed_eligibility_drive,True
3,401860887,San Diego State,James Madison,defense,ppp,23.0,13.0,1.7692307692307692,observed,,mixed_eligibility_drive,True
3,401860887,San Diego State,James Madison,offense,non_offense_points,0.0,1.0,0.0,observed,,mixed_eligibility_drive,False
3,401860887,San Diego State,James Madison,defense,non_offense_points,3.0,1.0,3.0,observed,,mixed_eligibility_drive,False
3,401860887,James Madison,San Diego State,offense,eligible_possessions,13.0,1.0,13.0,observed,,mixed_eligibility_drive,False
3,401860887,James Madison,San Diego State,defense,eligible_possessions,13.0,1.0,13.0,observed,,mixed_eligibility_drive,False
3,401860887,James Madison,San Diego State,offense,offensive_possession_points,23.0,1.0,23.0,observed,,mixed_eligibility_drive,False
3,401860887,James Madison,San Diego State,defense,offensive_possession_points,13.0,1.0,13.0,observed,,mixed_eligibility_drive,False
3,401860887,James Madison,San Diego State,offense,ppp,23.0,13.0,1.7692307692307692,observed,,mixed_eligibility_drive,True
3,401860887,James Madison,San Diego State,defense,ppp,13.0,13.0,1.0,observed,,mixed_eligibility_drive,True
3,401860887,James Madison,San Diego State,offense,non_offense_points,3.0,1.0,3.0,observed,,mixed_eligibility_drive,False
3,401860887,James Madison,San Diego State,defense,non_offense_points,0.0,1.0,0.0,observed,,mixed_eligibility_drive,False
3,401860888,San José State,Fresno State,offense,eligible_possessions,15.0,1.0,15.0,observed,,mixed_eligibility_drive,False
3,401860888,San José State,Fresno State,defense,eligible_possessions,16.0,1.0,16.0,observed,,mixed_eligibility_drive,False
3,401860888,San José State,Fresno State,offense,offensive_possession_points,10.0,1.0,10.0,observed,,mixed_eligibility_drive,False
3,401860888,San José State,Fresno State,defense,offensive_possession_points,26.0,1.0,26.0,observed,,mixed_eligibility_drive,False
3,401860888,San José State,Fresno State,offense,ppp,10.0,15.0,0.6666666666666666,observed,,mixed_eligibility_drive,True
3,401860888,San José State,Fresno State,defense,ppp,26.0,16.0,1.625,observed,,mixed_eligibility_drive,True
3,401860888,San José State,Fresno State,offense,non_offense_points,0.0,1.0,0.0,observed,,mixed_eligibility_drive,False
3,401860888,San José State,Fresno State,defense,non_offense_points,0.0,1.0,0.0,observed,,mixed_eligibility_drive,False
3,401860888,Fresno State,San José State,offense,eligible_possessions,16.0,1.0,16.0,observed,,mixed_eligibility_drive,False
3,401860888,Fresno State,San José State,defense,eligible_possessions,15.0,1.0,15.0,observed,,mixed_eligibility_drive,False
3,401860888,Fresno State,San José State,offense,offensive_possession_points,26.0,1.0,26.0,observed,,mixed_eligibility_drive,False
3,401860888,Fresno State,San José State,defense,offensive_possession_points,10.0,1.0,10.0,observed,,mixed_eligibility_drive,False
3,401860888,Fresno State,San José State,offense,ppp,26.0,16.0,1.625,observed,,mixed_eligibility_drive,True
3,401860888,Fresno State,San José State,defense,ppp,10.0,15.0,0.6666666666666666,observed,,mixed_eligibility_drive,True
3,401860888,Fresno State,San José State,offense,non_offense_points,0.0,1.0,0.0,observed,,mixed_eligibility_drive,False
3,401860888,Fresno State,San José State,defense,non_offense_points,0.0,1.0,0.0,observed,,mixed_eligibility_drive,False
3,401860889,Texas State,North Texas,offense,eligible_possessions,12.0,1.0,12.0,observed,,mixed_eligibility_drive,False
3,401860889,Texas State,North Texas,defense,eligible_possessions,11.0,1.0,11.0,observed,,mixed_eligibility_drive,False
3,401860889,Texas State,North Texas,offense,offensive_possession_points,49.0,1.0,49.0,observed,,mixed_eligibility_drive,False
3,401860889,Texas State,North Texas,defense,offensive_possession_points,35.0,1.0,35.0,observed,,mixed_eligibility_drive,False
3,401860889,Texas State,North Texas,offense,ppp,49.0,12.0,4.083333333333333,observed,,mixed_eligibility_drive,True
3,401860889,Texas State,North Texas,defense,ppp,35.0,11.0,3.1818181818181817,observed,,mixed_eligibility_drive,True
3,401860889,Texas State,North Texas,offense,non_offense_points,0.0,1.0,0.0,observed,,mixed_eligibility_drive,False
3,401860889,Texas State,North Texas,defense,non_offense_points,0.0,1.0,0.0,observed,,mixed_eligibility_drive,False
3,401860889,North Texas,Texas State,offense,eligible_possessions,11.0,1.0,11.0,observed,,mixed_eligibility_drive,False
3,401860889,North Texas,Texas State,defense,eligible_possessions,12.0,1.0,12.0,observed,,mixed_eligibility_drive,False
3,401860889,North Texas,Texas State,offense,offensive_possession_points,35.0,1.0,35.0,observed,,mixed_eligibility_drive,False
3,401860889,North Texas,Texas State,defense,offensive_possession_points,49.0,1.0,49.0,observed,,mixed_eligibility_drive,False
3,401860889,North Texas,Texas State,offense,ppp,35.0,11.0,3.1818181818181817,observed,,mixed_eligibility_drive,True
3,401860889,North Texas,Texas State,defense,ppp,49.0,12.0,4.083333333333333,observed,,mixed_eligibility_drive,True
3,401860889,North Texas,Texas State,offense,non_offense_points,0.0,1.0,0.0,observed,,mixed_eligibility_drive,False
3,401860889,North Texas,Texas State,defense,non_offense_points,0.0,1.0,0.0,observed,,mixed_eligibility_drive,False
3,401861963,Southern Miss,UConn,offense,eligible_possessions,9.0,1.0,9.0,observed,,mixed_eligibility_drive,False
3,401861963,Southern Miss,UConn,defense,eligible_possessions,10.0,1.0,10.0,observed,,mixed_eligibility_drive,False
3,401861963,Southern Miss,UConn,offense,offensive_possession_points,13.0,1.0,13.0,observed,,mixed_eligibility_drive,False
3,401861963,Southern Miss,UConn,defense,offensive_possession_points,34.0,1.0,34.0,observed,,mixed_eligibility_drive,False
3,401861963,Southern Miss,UConn,offense,ppp,13.0,9.0,1.4444444444444444,observed,,mixed_eligibility_drive,True
3,401861963,Southern Miss,UConn,defense,ppp,34.0,10.0,3.4,observed,,mixed_eligibility_drive,True
3,401861963,Southern Miss,UConn,offense,non_offense_points,0.0,1.0,0.0,observed,,mixed_eligibility_drive,False
3,401861963,Southern Miss,UConn,defense,non_offense_points,7.0,1.0,7.0,observed,,mixed_eligibility_drive,False
3,401861963,UConn,Southern Miss,offense,eligible_possessions,10.0,1.0,10.0,observed,,mixed_eligibility_drive,False
3,401861963,UConn,Southern Miss,defense,eligible_possessions,9.0,1.0,9.0,observed,,mixed_eligibility_drive,False
3,401861963,UConn,Southern Miss,offense,offensive_possession_points,34.0,1.0,34.0,observed,,mixed_eligibility_drive,False
3,401861963,UConn,Southern Miss,defense,offensive_possession_points,13.0,1.0,13.0,observed,,mixed_eligibility_drive,False
3,401861963,UConn,Southern Miss,offense,ppp,34.0,10.0,3.4,observed,,mixed_eligibility_drive,True
3,401861963,UConn,Southern Miss,defense,ppp,13.0,9.0,1.4444444444444444,observed,,mixed_eligibility_drive,True
3,401861963,UConn,Southern Miss,offense,non_offense_points,7.0,1.0,7.0,observed,,mixed_eligibility_drive,False
3,401861963,UConn,Southern Miss,defense,non_offense_points,0.0,1.0,0.0,observed,,mixed_eligibility_drive,False
3,401862710,Old Dominion,East Carolina,offense,eligible_possessions,13.0,1.0,13.0,observed,,mixed_eligibility_drive,False
3,401862710,Old Dominion,East Carolina,defense,eligible_possessions,13.0,1.0,13.0,observed,,mixed_eligibility_drive,False
3,401862710,Old Dominion,East Carolina,offense,offensive_possession_points,0.0,1.0,,missing,unresolved_scoring_attribution,mixed_eligibility_drive,False
3,401862710,Old Dominion,East Carolina,defense,offensive_possession_points,13.0,1.0,13.0,observed,,mixed_eligibility_drive,False
3,401862710,Old Dominion,East Carolina,offense,ppp,0.0,13.0,,missing,unresolved_scoring_attribution,mixed_eligibility_drive,False
3,401862710,Old Dominion,East Carolina,defense,ppp,13.0,13.0,1.0,observed,,mixed_eligibility_drive,True
3,401862710,Old Dominion,East Carolina,offense,non_offense_points,0.0,1.0,,missing,unresolved_scoring_attribution,mixed_eligibility_drive,False
3,401862710,Old Dominion,East Carolina,defense,non_offense_points,7.0,1.0,7.0,observed,,mixed_eligibility_drive,False
3,401862710,East Carolina,Old Dominion,offense,eligible_possessions,13.0,1.0,13.0,observed,,mixed_eligibility_drive,False
3,401862710,East Carolina,Old Dominion,defense,eligible_possessions,13.0,1.0,13.0,observed,,mixed_eligibility_drive,False
3,401862710,East Carolina,Old Dominion,offense,offensive_possession_points,13.0,1.0,13.0,observed,,mixed_eligibility_drive,False
3,401862710,East Carolina,Old Dominion,defense,offensive_possession_points,0.0,1.0,,missing,unresolved_scoring_attribution,mixed_eligibility_drive,False
3,401862710,East Carolina,Old Dominion,offense,ppp,13.0,13.0,1.0,observed,,mixed_eligibility_drive,True
3,401862710,East Carolina,Old Dominion,defense,ppp,0.0,13.0,,missing,unresolved_scoring_attribution,mixed_eligibility_drive,False
3,401862710,East Carolina,Old Dominion,offense,non_offense_points,7.0,1.0,7.0,observed,,mixed_eligibility_drive,False
3,401862710,East Carolina,Old Dominion,defense,non_offense_points,0.0,1.0,,missing,unresolved_scoring_attribution,mixed_eligibility_drive,False
3,401862771,Florida Atlantic,Florida International,offense,eligible_possessions,11.0,1.0,11.0,observed,,mixed_eligibility_drive,False
3,401862771,Florida Atlantic,Florida International,defense,eligible_possessions,11.0,1.0,11.0,observed,,mixed_eligibility_drive,False
3,401862771,Florida Atlantic,Florida International,offense,offensive_possession_points,0.0,1.0,,missing,unresolved_scoring_attribution,mixed_eligibility_drive,False
3,401862771,Florida Atlantic,Florida International,defense,offensive_possession_points,10.0,1.0,10.0,observed,,mixed_eligibility_drive,False
3,401862771,Florida Atlantic,Florida International,offense,ppp,0.0,11.0,,missing,unresolved_scoring_attribution,mixed_eligibility_drive,False
3,401862771,Florida Atlantic,Florida International,defense,ppp,10.0,11.0,0.9090909090909091,observed,,mixed_eligibility_drive,True
3,401862771,Florida Atlantic,Florida International,offense,non_offense_points,0.0,1.0,,missing,unresolved_scoring_attribution,mixed_eligibility_drive,False
3,401862771,Florida Atlantic,Florida International,defense,non_offense_points,0.0,1.0,0.0,observed,,mixed_eligibility_drive,False
3,401862771,Florida International,Florida Atlantic,offense,eligible_possessions,11.0,1.0,11.0,observed,,mixed_eligibility_drive,False
3,401862771,Florida International,Florida Atlantic,defense,eligible_possessions,11.0,1.0,11.0,observed,,mixed_eligibility_drive,False
3,401862771,Florida International,Florida Atlantic,offense,offensive_possession_points,10.0,1.0,10.0,observed,,mixed_eligibility_drive,False
3,401862771,Florida International,Florida Atlantic,defense,offensive_possession_points,0.0,1.0,,missing,unresolved_scoring_attribution,mixed_eligibility_drive,False
3,401862771,Florida International,Florida Atlantic,offense,ppp,10.0,11.0,0.9090909090909091,observed,,mixed_eligibility_drive,True
3,401862771,Florida International,Florida Atlantic,defense,ppp,0.0,11.0,,missing,unresolved_scoring_attribution,mixed_eligibility_drive,False
3,401862771,Florida International,Florida Atlantic,offense,non_offense_points,0.0,1.0,0.0,observed,,mixed_eligibility_drive,False
3,401862771,Florida International,Florida Atlantic,defense,non_offense_points,0.0,1.0,,missing,unresolved_scoring_attribution,mixed_eligibility_drive,False
3,401862773,Rice,Western Michigan,offense,eligible_possessions,10.0,1.0,10.0,observed,,mixed_eligibility_drive,False
3,401862773,Rice,Western Michigan,defense,eligible_possessions,10.0,1.0,10.0,observed,,mixed_eligibility_drive,False
3,401862773,Rice,Western Michigan,offense,offensive_possession_points,21.0,1.0,21.0,observed,,mixed_eligibility_drive,False
3,401862773,Rice,Western Michigan,defense,offensive_possession_points,28.0,1.0,28.0,observed,,mixed_eligibility_drive,False
3,401862773,Rice,Western Michigan,offense,ppp,21.0,10.0,2.1,observed,,mixed_eligibility_drive,True
3,401862773,Rice,Western Michigan,defense,ppp,28.0,10.0,2.8,observed,,mixed_eligibility_drive,True
3,401862773,Rice,Western Michigan,offense,non_offense_points,0.0,1.0,0.0,observed,,mixed_eligibility_drive,False
3,401862773,Rice,Western Michigan,defense,non_offense_points,0.0,1.0,0.0,observed,,mixed_eligibility_drive,False
3,401862773,Western Michigan,Rice,offense,eligible_possessions,10.0,1.0,10.0,observed,,mixed_eligibility_drive,False
3,401862773,Western Michigan,Rice,defense,eligible_possessions,10.0,1.0,10.0,observed,,mixed_eligibility_drive,False
3,401862773,Western Michigan,Rice,offense,offensive_possession_points,28.0,1.0,28.0,observed,,mixed_eligibility_drive,False
3,401862773,Western Michigan,Rice,defense,offensive_possession_points,21.0,1.0,21.0,observed,,mixed_eligibility_drive,False
3,401862773,Western Michigan,Rice,offense,ppp,28.0,10.0,2.8,observed,,mixed_eligibility_drive,True
3,401862773,Western Michigan,Rice,defense,ppp,21.0,10.0,2.1,observed,,mixed_eligibility_drive,True
3,401862773,Western Michigan,Rice,offense,non_offense_points,0.0,1.0,0.0,observed,,mixed_eligibility_drive,False
3,401862773,Western Michigan,Rice,defense,non_offense_points,0.0,1.0,0.0,observed,,mixed_eligibility_drive,False
3,401862774,Toledo,Temple,offense,eligible_possessions,11.0,1.0,11.0,observed,,mixed_eligibility_drive,False
3,401862774,Toledo,Temple,defense,eligible_possessions,11.0,1.0,11.0,observed,,mixed_eligibility_drive,False
3,401862774,Toledo,Temple,offense,offensive_possession_points,42.0,1.0,42.0,observed,,mixed_eligibility_drive,False
3,401862774,Toledo,Temple,defense,offensive_possession_points,42.0,1.0,42.0,observed,,mixed_eligibility_drive,False
3,401862774,Toledo,Temple,offense,ppp,42.0,11.0,3.8181818181818183,observed,,mixed_eligibility_drive,True
3,401862774,Toledo,Temple,defense,ppp,42.0,11.0,3.8181818181818183,observed,,mixed_eligibility_drive,True
3,401862774,Toledo,Temple,offense,non_offense_points,0.0,1.0,0.0,observed,,mixed_eligibility_drive,False
3,401862774,Toledo,Temple,defense,non_offense_points,0.0,1.0,0.0,observed,,mixed_eligibility_drive,False
3,401862774,Temple,Toledo,offense,eligible_possessions,11.0,1.0,11.0,observed,,mixed_eligibility_drive,False
3,401862774,Temple,Toledo,defense,eligible_possessions,11.0,1.0,11.0,observed,,mixed_eligibility_drive,False
3,401862774,Temple,Toledo,offense,offensive_possession_points,42.0,1.0,42.0,observed,,mixed_eligibility_drive,False
3,401862774,Temple,Toledo,defense,offensive_possession_points,42.0,1.0,42.0,observed,,mixed_eligibility_drive,False
3,401862774,Temple,Toledo,offense,ppp,42.0,11.0,3.8181818181818183,observed,,mixed_eligibility_drive,True
3,401862774,Temple,Toledo,defense,ppp,42.0,11.0,3.8181818181818183,observed,,mixed_eligibility_drive,True
3,401862774,Temple,Toledo,offense,non_offense_points,0.0,1.0,0.0,observed,,mixed_eligibility_drive,False
3,401862774,Temple,Toledo,defense,non_offense_points,0.0,1.0,0.0,observed,,mixed_eligibility_drive,False
3,401862776,Louisiana,UAB,offense,eligible_possessions,13.0,1.0,13.0,observed,,mixed_eligibility_drive,False
3,401862776,Louisiana,UAB,defense,eligible_possessions,12.0,1.0,12.0,observed,,mixed_eligibility_drive,False
3,401862776,Louisiana,UAB,offense,offensive_possession_points,21.0,1.0,21.0,observed,,mixed_eligibility_drive,False
3,401862776,Louisiana,UAB,defense,offensive_possession_points,7.0,1.0,7.0,observed,,mixed_eligibility_drive,False
3,401862776,Louisiana,UAB,offense,ppp,21.0,13.0,1.6153846153846154,observed,,mixed_eligibility_drive,True
3,401862776,Louisiana,UAB,defense,ppp,7.0,12.0,0.5833333333333334,observed,,mixed_eligibility_drive,True
3,401862776,Louisiana,UAB,offense,non_offense_points,0.0,1.0,0.0,observed,,mixed_eligibility_drive,False
3,401862776,Louisiana,UAB,defense,non_offense_points,7.0,1.0,7.0,observed,,mixed_eligibility_drive,False
3,401862776,UAB,Louisiana,offense,eligible_possessions,12.0,1.0,12.0,observed,,mixed_eligibility_drive,False
3,401862776,UAB,Louisiana,defense,eligible_possessions,13.0,1.0,13.0,observed,,mixed_eligibility_drive,False
3,401862776,UAB,Louisiana,offense,offensive_possession_points,7.0,1.0,7.0,observed,,mixed_eligibility_drive,False
3,401862776,UAB,Louisiana,defense,offensive_possession_points,21.0,1.0,21.0,observed,,mixed_eligibility_drive,False
3,401862776,UAB,Louisiana,offense,ppp,7.0,12.0,0.5833333333333334,observed,,mixed_eligibility_drive,True
3,401862776,UAB,Louisiana,defense,ppp,21.0,13.0,1.6153846153846154,observed,,mixed_eligibility_drive,True
3,401862776,UAB,Louisiana,offense,non_offense_points,7.0,1.0,7.0,observed,,mixed_eligibility_drive,False
3,401862776,UAB,Louisiana,defense,non_offense_points,0.0,1.0,0.0,observed,,mixed_eligibility_drive,False
3,401864443,Middle Tennessee,Nevada,offense,eligible_possessions,11.0,1.0,11.0,observed,,mixed_eligibility_drive,False
3,401864443,Middle Tennessee,Nevada,defense,eligible_possessions,10.0,1.0,10.0,observed,,mixed_eligibility_drive,False
3,401864443,Middle Tennessee,Nevada,offense,offensive_possession_points,24.0,1.0,,missing,unresolved_scoring_attribution,mixed_eligibility_drive,False
3,401864443,Middle Tennessee,Nevada,defense,offensive_possession_points,20.0,1.0,20.0,observed,,mixed_eligibility_drive,False
3,401864443,Middle Tennessee,Nevada,offense,ppp,24.0,11.0,,missing,unresolved_scoring_attribution,mixed_eligibility_drive,False
3,401864443,Middle Tennessee,Nevada,defense,ppp,20.0,10.0,2.0,observed,,mixed_eligibility_drive,True
3,401864443,Middle Tennessee,Nevada,offense,non_offense_points,3.0,1.0,,missing,unresolved_scoring_attribution,mixed_eligibility_drive,False
3,401864443,Middle Tennessee,Nevada,defense,non_offense_points,0.0,1.0,0.0,observed,,mixed_eligibility_drive,False
3,401864443,Nevada,Middle Tennessee,offense,eligible_possessions,10.0,1.0,10.0,observed,,mixed_eligibility_drive,False
3,401864443,Nevada,Middle Tennessee,defense,eligible_possessions,11.0,1.0,11.0,observed,,mixed_eligibility_drive,False
3,401864443,Nevada,Middle Tennessee,offense,offensive_possession_points,20.0,1.0,20.0,observed,,mixed_eligibility_drive,False
3,401864443,Nevada,Middle Tennessee,defense,offensive_possession_points,24.0,1.0,,missing,unresolved_scoring_attribution,mixed_eligibility_drive,False
3,401864443,Nevada,Middle Tennessee,offense,ppp,20.0,10.0,2.0,observed,,mixed_eligibility_drive,True
3,401864443,Nevada,Middle Tennessee,defense,ppp,24.0,11.0,,missing,unresolved_scoring_attribution,mixed_eligibility_drive,False
3,401864443,Nevada,Middle Tennessee,offense,non_offense_points,0.0,1.0,0.0,observed,,mixed_eligibility_drive,False
3,401864443,Nevada,Middle Tennessee,defense,non_offense_points,3.0,1.0,,missing,unresolved_scoring_attribution,mixed_eligibility_drive,False
3,401864507,Sacramento State,North Dakota State,offense,eligible_possessions,11.0,1.0,11.0,observed,,mixed_eligibility_drive,False
3,401864507,Sacramento State,North Dakota State,defense,eligible_possessions,11.0,1.0,11.0,observed,,mixed_eligibility_drive,False
3,401864507,Sacramento State,North Dakota State,offense,offensive_possession_points,10.0,1.0,10.0,observed,,mixed_eligibility_drive,False
3,401864507,Sacramento State,North Dakota State,defense,offensive_possession_points,24.0,1.0,24.0,observed,,mixed_eligibility_drive,False
3,401864507,Sacramento State,North Dakota State,offense,ppp,10.0,11.0,0.9090909090909091,observed,,mixed_eligibility_drive,True
3,401864507,Sacramento State,North Dakota State,defense,ppp,24.0,11.0,2.1818181818181817,observed,,mixed_eligibility_drive,True
3,401864507,Sacramento State,North Dakota State,offense,non_offense_points,0.0,1.0,0.0,observed,,mixed_eligibility_drive,False
3,401864507,Sacramento State,North Dakota State,defense,non_offense_points,7.0,1.0,7.0,observed,,mixed_eligibility_drive,False
3,401864507,North Dakota State,Sacramento State,offense,eligible_possessions,11.0,1.0,11.0,observed,,mixed_eligibility_drive,False
3,401864507,North Dakota State,Sacramento State,defense,eligible_possessions,11.0,1.0,11.0,observed,,mixed_eligibility_drive,False
3,401864507,North Dakota State,Sacramento State,offense,offensive_possession_points,24.0,1.0,24.0,observed,,mixed_eligibility_drive,False
3,401864507,North Dakota State,Sacramento State,defense,offensive_possession_points,10.0,1.0,10.0,observed,,mixed_eligibility_drive,False
3,401864507,North Dakota State,Sacramento State,offense,ppp,24.0,11.0,2.1818181818181817,observed,,mixed_eligibility_drive,True
3,401864507,North Dakota State,Sacramento State,defense,ppp,10.0,11.0,0.9090909090909091,observed,,mixed_eligibility_drive,True
3,401864507,North Dakota State,Sacramento State,offense,non_offense_points,7.0,1.0,7.0,observed,,mixed_eligibility_drive,False
3,401864507,North Dakota State,Sacramento State,defense,non_offense_points,0.0,1.0,0.0,observed,,mixed_eligibility_drive,False
3,401864508,Central Michigan,Wyoming,offense,eligible_possessions,9.0,1.0,9.0,observed,,mixed_eligibility_drive,False
3,401864508,Central Michigan,Wyoming,defense,eligible_possessions,9.0,1.0,9.0,observed,,mixed_eligibility_drive,False
3,401864508,Central Michigan,Wyoming,offense,offensive_possession_points,24.0,1.0,24.0,observed,,mixed_eligibility_drive,False
3,401864508,Central Michigan,Wyoming,defense,offensive_possession_points,10.0,1.0,10.0,observed,,mixed_eligibility_drive,False
3,401864508,Central Michigan,Wyoming,offense,ppp,24.0,9.0,2.6666666666666665,observed,,mixed_eligibility_drive,True
3,401864508,Central Michigan,Wyoming,defense,ppp,10.0,9.0,1.1111111111111112,observed,,mixed_eligibility_drive,True
3,401864508,Central Michigan,Wyoming,offense,non_offense_points,0.0,1.0,0.0,observed,,mixed_eligibility_drive,False
3,401864508,Central Michigan,Wyoming,defense,non_offense_points,0.0,1.0,0.0,observed,,mixed_eligibility_drive,False
3,401864508,Wyoming,Central Michigan,offense,eligible_possessions,9.0,1.0,9.0,observed,,mixed_eligibility_drive,False
3,401864508,Wyoming,Central Michigan,defense,eligible_possessions,9.0,1.0,9.0,observed,,mixed_eligibility_drive,False
3,401864508,Wyoming,Central Michigan,offense,offensive_possession_points,10.0,1.0,10.0,observed,,mixed_eligibility_drive,False
3,401864508,Wyoming,Central Michigan,defense,offensive_possession_points,24.0,1.0,24.0,observed,,mixed_eligibility_drive,False
3,401864508,Wyoming,Central Michigan,offense,ppp,10.0,9.0,1.1111111111111112,observed,,mixed_eligibility_drive,True
3,401864508,Wyoming,Central Michigan,defense,ppp,24.0,9.0,2.6666666666666665,observed,,mixed_eligibility_drive,True
3,401864508,Wyoming,Central Michigan,offense,non_offense_points,0.0,1.0,0.0,observed,,mixed_eligibility_drive,False
3,401864508,Wyoming,Central Michigan,defense,non_offense_points,0.0,1.0,0.0,observed,,mixed_eligibility_drive,False
3,401864574,App State,Charlotte,offense,eligible_possessions,12.0,1.0,12.0,observed,,mixed_eligibility_drive,False
3,401864574,App State,Charlotte,defense,eligible_possessions,11.0,1.0,11.0,observed,,mixed_eligibility_drive,False
3,401864574,App State,Charlotte,offense,offensive_possession_points,26.0,1.0,26.0,observed,,mixed_eligibility_drive,False
3,401864574,App State,Charlotte,defense,offensive_possession_points,15.0,1.0,15.0,observed,,mixed_eligibility_drive,False
3,401864574,App State,Charlotte,offense,ppp,26.0,12.0,2.1666666666666665,observed,,mixed_eligibility_drive,True
3,401864574,App State,Charlotte,defense,ppp,15.0,11.0,1.3636363636363635,observed,,mixed_eligibility_drive,True
3,401864574,App State,Charlotte,offense,non_offense_points,0.0,1.0,0.0,observed,,mixed_eligibility_drive,False
3,401864574,App State,Charlotte,defense,non_offense_points,6.0,1.0,6.0,observed,,mixed_eligibility_drive,False
3,401864574,Charlotte,App State,offense,eligible_possessions,11.0,1.0,11.0,observed,,mixed_eligibility_drive,False
3,401864574,Charlotte,App State,defense,eligible_possessions,12.0,1.0,12.0,observed,,mixed_eligibility_drive,False
3,401864574,Charlotte,App State,offense,offensive_possession_points,15.0,1.0,15.0,observed,,mixed_eligibility_drive,False
3,401864574,Charlotte,App State,defense,offensive_possession_points,26.0,1.0,26.0,observed,,mixed_eligibility_drive,False
3,401864574,Charlotte,App State,offense,ppp,15.0,11.0,1.3636363636363635,observed,,mixed_eligibility_drive,True
3,401864574,Charlotte,App State,defense,ppp,26.0,12.0,2.1666666666666665,observed,,mixed_eligibility_drive,True
3,401864574,Charlotte,App State,offense,non_offense_points,6.0,1.0,6.0,observed,,mixed_eligibility_drive,False
3,401864574,Charlotte,App State,defense,non_offense_points,0.0,1.0,0.0,observed,,mixed_eligibility_drive,False
3,401866422,Liberty,Ball State,offense,eligible_possessions,9.0,1.0,9.0,observed,,mixed_eligibility_drive,False
3,401866422,Liberty,Ball State,defense,eligible_possessions,9.0,1.0,9.0,observed,,mixed_eligibility_drive,False
3,401866422,Liberty,Ball State,offense,offensive_possession_points,44.0,1.0,44.0,observed,,mixed_eligibility_drive,False
3,401866422,Liberty,Ball State,defense,offensive_possession_points,15.0,1.0,15.0,observed,,mixed_eligibility_drive,False
3,401866422,Liberty,Ball State,offense,ppp,44.0,9.0,4.888888888888889,observed,,mixed_eligibility_drive,True
3,401866422,Liberty,Ball State,defense,ppp,15.0,9.0,1.6666666666666667,observed,,mixed_eligibility_drive,True
3,401866422,Liberty,Ball State,offense,non_offense_points,0.0,1.0,0.0,observed,,mixed_eligibility_drive,False
3,401866422,Liberty,Ball State,defense,non_offense_points,0.0,1.0,0.0,observed,,mixed_eligibility_drive,False
3,401866422,Ball State,Liberty,offense,eligible_possessions,9.0,1.0,9.0,observed,,mixed_eligibility_drive,False
3,401866422,Ball State,Liberty,defense,eligible_possessions,9.0,1.0,9.0,observed,,mixed_eligibility_drive,False
3,401866422,Ball State,Liberty,offense,offensive_possession_points,15.0,1.0,15.0,observed,,mixed_eligibility_drive,False
3,401866422,Ball State,Liberty,defense,offensive_possession_points,44.0,1.0,44.0,observed,,mixed_eligibility_drive,False
3,401866422,Ball State,Liberty,offense,ppp,15.0,9.0,1.6666666666666667,observed,,mixed_eligibility_drive,True
3,401866422,Ball State,Liberty,defense,ppp,44.0,9.0,4.888888888888889,observed,,mixed_eligibility_drive,True
3,401866422,Ball State,Liberty,offense,non_offense_points,0.0,1.0,0.0,observed,,mixed_eligibility_drive,False
3,401866422,Ball State,Liberty,defense,non_offense_points,0.0,1.0,0.0,observed,,mixed_eligibility_drive,False
3,401866423,South Alabama,Ohio,offense,eligible_possessions,10.0,1.0,10.0,observed,,mixed_eligibility_drive,False
3,401866423,South Alabama,Ohio,defense,eligible_possessions,11.0,1.0,11.0,observed,,mixed_eligibility_drive,False
3,401866423,South Alabama,Ohio,offense,offensive_possession_points,41.0,1.0,41.0,observed,,mixed_eligibility_drive,False
3,401866423,South Alabama,Ohio,defense,offensive_possession_points,36.0,1.0,36.0,observed,,mixed_eligibility_drive,False
3,401866423,South Alabama,Ohio,offense,ppp,41.0,10.0,4.1,observed,,mixed_eligibility_drive,True
3,401866423,South Alabama,Ohio,defense,ppp,36.0,11.0,3.272727272727273,observed,,mixed_eligibility_drive,True
3,401866423,South Alabama,Ohio,offense,non_offense_points,0.0,1.0,0.0,observed,,mixed_eligibility_drive,False
3,401866423,South Alabama,Ohio,defense,non_offense_points,0.0,1.0,0.0,observed,,mixed_eligibility_drive,False
3,401866423,Ohio,South Alabama,offense,eligible_possessions,11.0,1.0,11.0,observed,,mixed_eligibility_drive,False
3,401866423,Ohio,South Alabama,defense,eligible_possessions,10.0,1.0,10.0,observed,,mixed_eligibility_drive,False
3,401866423,Ohio,South Alabama,offense,offensive_possession_points,36.0,1.0,36.0,observed,,mixed_eligibility_drive,False
3,401866423,Ohio,South Alabama,defense,offensive_possession_points,41.0,1.0,41.0,observed,,mixed_eligibility_drive,False
3,401866423,Ohio,South Alabama,offense,ppp,36.0,11.0,3.272727272727273,observed,,mixed_eligibility_drive,True
3,401866423,Ohio,South Alabama,defense,ppp,41.0,10.0,4.1,observed,,mixed_eligibility_drive,True
3,401866423,Ohio,South Alabama,offense,non_offense_points,0.0,1.0,0.0,observed,,mixed_eligibility_drive,False
3,401866423,Ohio,South Alabama,defense,non_offense_points,0.0,1.0,0.0,observed,,mixed_eligibility_drive,False
3,401867804,Baylor,Louisiana Tech,offense,eligible_possessions,13.0,1.0,13.0,observed,,mixed_eligibility_drive,False
3,401867804,Baylor,Louisiana Tech,defense,eligible_possessions,12.0,1.0,12.0,observed,,mixed_eligibility_drive,False
3,401867804,Baylor,Louisiana Tech,offense,offensive_possession_points,36.0,1.0,36.0,observed,,mixed_eligibility_drive,False
3,401867804,Baylor,Louisiana Tech,defense,offensive_possession_points,19.0,1.0,19.0,observed,,mixed_eligibility_drive,False
3,401867804,Baylor,Louisiana Tech,offense,ppp,36.0,13.0,2.769230769230769,observed,,mixed_eligibility_drive,True
3,401867804,Baylor,Louisiana Tech,defense,ppp,19.0,12.0,1.5833333333333333,observed,,mixed_eligibility_drive,True
3,401867804,Baylor,Louisiana Tech,offense,non_offense_points,0.0,1.0,0.0,observed,,mixed_eligibility_drive,False
3,401867804,Baylor,Louisiana Tech,defense,non_offense_points,0.0,1.0,0.0,observed,,mixed_eligibility_drive,False
3,401867804,Louisiana Tech,Baylor,offense,eligible_possessions,12.0,1.0,12.0,observed,,mixed_eligibility_drive,False
3,401867804,Louisiana Tech,Baylor,defense,eligible_possessions,13.0,1.0,13.0,observed,,mixed_eligibility_drive,False
3,401867804,Louisiana Tech,Baylor,offense,offensive_possession_points,19.0,1.0,19.0,observed,,mixed_eligibility_drive,False
3,401867804,Louisiana Tech,Baylor,defense,offensive_possession_points,36.0,1.0,36.0,observed,,mixed_eligibility_drive,False
3,401867804,Louisiana Tech,Baylor,offense,ppp,19.0,12.0,1.5833333333333333,observed,,mixed_eligibility_drive,True
3,401867804,Louisiana Tech,Baylor,defense,ppp,36.0,13.0,2.769230769230769,observed,,mixed_eligibility_drive,True
3,401867804,Louisiana Tech,Baylor,offense,non_offense_points,0.0,1.0,0.0,observed,,mixed_eligibility_drive,False
3,401867804,Louisiana Tech,Baylor,defense,non_offense_points,0.0,1.0,0.0,observed,,mixed_eligibility_drive,False
3,401869940,Delaware,Coastal Carolina,offense,eligible_possessions,12.0,1.0,12.0,observed,,mixed_eligibility_drive,False
3,401869940,Delaware,Coastal Carolina,defense,eligible_possessions,10.0,1.0,10.0,observed,,mixed_eligibility_drive,False
3,401869940,Delaware,Coastal Carolina,offense,offensive_possession_points,22.0,1.0,22.0,observed,,mixed_eligibility_drive,False
3,401869940,Delaware,Coastal Carolina,defense,offensive_possession_points,14.0,1.0,14.0,observed,,mixed_eligibility_drive,False
3,401869940,Delaware,Coastal Carolina,offense,ppp,22.0,12.0,1.8333333333333333,observed,,mixed_eligibility_drive,True
3,401869940,Delaware,Coastal Carolina,defense,ppp,14.0,10.0,1.4,observed,,mixed_eligibility_drive,True
3,401869940,Delaware,Coastal Carolina,offense,non_offense_points,0.0,1.0,0.0,observed,,mixed_eligibility_drive,False
3,401869940,Delaware,Coastal Carolina,defense,non_offense_points,0.0,1.0,0.0,observed,,mixed_eligibility_drive,False
3,401869940,Coastal Carolina,Delaware,offense,eligible_possessions,10.0,1.0,10.0,observed,,mixed_eligibility_drive,False
3,401869940,Coastal Carolina,Delaware,defense,eligible_possessions,12.0,1.0,12.0,observed,,mixed_eligibility_drive,False
3,401869940,Coastal Carolina,Delaware,offense,offensive_possession_points,14.0,1.0,14.0,observed,,mixed_eligibility_drive,False
3,401869940,Coastal Carolina,Delaware,defense,offensive_possession_points,22.0,1.0,22.0,observed,,mixed_eligibility_drive,False
3,401869940,Coastal Carolina,Delaware,offense,ppp,14.0,10.0,1.4,observed,,mixed_eligibility_drive,True
3,401869940,Coastal Carolina,Delaware,defense,ppp,22.0,12.0,1.8333333333333333,observed,,mixed_eligibility_drive,True
3,401869940,Coastal Carolina,Delaware,offense,non_offense_points,0.0,1.0,0.0,observed,,mixed_eligibility_drive,False
3,401869940,Coastal Carolina,Delaware,defense,non_offense_points,0.0,1.0,0.0,observed,,mixed_eligibility_drive,False
3,401869948,Jacksonville State,Georgia Southern,offense,eligible_possessions,10.0,1.0,10.0,observed,,mixed_eligibility_drive,False
3,401869948,Jacksonville State,Georgia Southern,defense,eligible_possessions,10.0,1.0,10.0,observed,,mixed_eligibility_drive,False
3,401869948,Jacksonville State,Georgia Southern,offense,offensive_possession_points,24.0,1.0,24.0,observed,,mixed_eligibility_drive,False
3,401869948,Jacksonville State,Georgia Southern,defense,offensive_possession_points,27.0,1.0,27.0,observed,,mixed_eligibility_drive,False
3,401869948,Jacksonville State,Georgia Southern,offense,ppp,24.0,10.0,2.4,observed,,mixed_eligibility_drive,True
3,401869948,Jacksonville State,Georgia Southern,defense,ppp,27.0,10.0,2.7,observed,,mixed_eligibility_drive,True
3,401869948,Jacksonville State,Georgia Southern,offense,non_offense_points,7.0,1.0,7.0,observed,,mixed_eligibility_drive,False
3,401869948,Jacksonville State,Georgia Southern,defense,non_offense_points,0.0,1.0,0.0,observed,,mixed_eligibility_drive,False
3,401869948,Georgia Southern,Jacksonville State,offense,eligible_possessions,10.0,1.0,10.0,observed,,mixed_eligibility_drive,False
3,401869948,Georgia Southern,Jacksonville State,defense,eligible_possessions,10.0,1.0,10.0,observed,,mixed_eligibility_drive,False
3,401869948,Georgia Southern,Jacksonville State,offense,offensive_possession_points,27.0,1.0,27.0,observed,,mixed_eligibility_drive,False
3,401869948,Georgia Southern,Jacksonville State,defense,offensive_possession_points,24.0,1.0,24.0,observed,,mixed_eligibility_drive,False
3,401869948,Georgia Southern,Jacksonville State,offense,ppp,27.0,10.0,2.7,observed,,mixed_eligibility_drive,True
3,401869948,Georgia Southern,Jacksonville State,defense,ppp,24.0,10.0,2.4,observed,,mixed_eligibility_drive,True
3,401869948,Georgia Southern,Jacksonville State,offense,non_offense_points,0.0,1.0,0.0,observed,,mixed_eligibility_drive,False
3,401869948,Georgia Southern,Jacksonville State,defense,non_offense_points,7.0,1.0,7.0,observed,,mixed_eligibility_drive,False
3,401871047,Missouri State,Marshall,offense,eligible_possessions,9.0,1.0,9.0,observed,,mixed_eligibility_drive,False
3,401871047,Missouri State,Marshall,defense,eligible_possessions,10.0,1.0,10.0,observed,,mixed_eligibility_drive,False
3,401871047,Missouri State,Marshall,offense,offensive_possession_points,24.0,1.0,24.0,observed,,mixed_eligibility_drive,False
3,401871047,Missouri State,Marshall,defense,offensive_possession_points,30.0,1.0,30.0,observed,,mixed_eligibility_drive,False
3,401871047,Missouri State,Marshall,offense,ppp,24.0,9.0,2.6666666666666665,observed,,mixed_eligibility_drive,True
3,401871047,Missouri State,Marshall,defense,ppp,30.0,10.0,3.0,observed,,mixed_eligibility_drive,True
3,401871047,Missouri State,Marshall,offense,non_offense_points,0.0,1.0,0.0,observed,,mixed_eligibility_drive,False
3,401871047,Missouri State,Marshall,defense,non_offense_points,0.0,1.0,0.0,observed,,mixed_eligibility_drive,False
3,401871047,Marshall,Missouri State,offense,eligible_possessions,10.0,1.0,10.0,observed,,mixed_eligibility_drive,False
3,401871047,Marshall,Missouri State,defense,eligible_possessions,9.0,1.0,9.0,observed,,mixed_eligibility_drive,False
3,401871047,Marshall,Missouri State,offense,offensive_possession_points,30.0,1.0,30.0,observed,,mixed_eligibility_drive,False
3,401871047,Marshall,Missouri State,defense,offensive_possession_points,24.0,1.0,24.0,observed,,mixed_eligibility_drive,False
3,401871047,Marshall,Missouri State,offense,ppp,30.0,10.0,3.0,observed,,mixed_eligibility_drive,True
3,401871047,Marshall,Missouri State,defense,ppp,24.0,9.0,2.6666666666666665,observed,,mixed_eligibility_drive,True
3,401871047,Marshall,Missouri State,offense,non_offense_points,0.0,1.0,0.0,observed,,mixed_eligibility_drive,False
3,401871047,Marshall,Missouri State,defense,non_offense_points,0.0,1.0,0.0,observed,,mixed_eligibility_drive,False
4,401856696,Alabama,South Carolina,offense,eligible_possessions,11.0,1.0,11.0,observed,,mixed_eligibility_drive,False
4,401856696,Alabama,South Carolina,defense,eligible_possessions,12.0,1.0,12.0,observed,,mixed_eligibility_drive,False
4,401856696,Alabama,South Carolina,offense,offensive_possession_points,42.0,1.0,42.0,observed,,mixed_eligibility_drive,False
4,401856696,Alabama,South Carolina,defense,offensive_possession_points,18.0,1.0,18.0,observed,,mixed_eligibility_drive,False
4,401856696,Alabama,South Carolina,offense,ppp,42.0,11.0,3.8181818181818183,observed,,mixed_eligibility_drive,True
4,401856696,Alabama,South Carolina,defense,ppp,18.0,12.0,1.5,observed,,mixed_eligibility_drive,True
4,401856696,Alabama,South Carolina,offense,non_offense_points,7.0,1.0,7.0,observed,,mixed_eligibility_drive,False
4,401856696,Alabama,South Carolina,defense,non_offense_points,0.0,1.0,0.0,observed,,mixed_eligibility_drive,False
4,401856696,South Carolina,Alabama,offense,eligible_possessions,12.0,1.0,12.0,observed,,mixed_eligibility_drive,False
4,401856696,South Carolina,Alabama,defense,eligible_possessions,11.0,1.0,11.0,observed,,mixed_eligibility_drive,False
4,401856696,South Carolina,Alabama,offense,offensive_possession_points,18.0,1.0,18.0,observed,,mixed_eligibility_drive,False
4,401856696,South Carolina,Alabama,defense,offensive_possession_points,42.0,1.0,42.0,observed,,mixed_eligibility_drive,False
4,401856696,South Carolina,Alabama,offense,ppp,18.0,12.0,1.5,observed,,mixed_eligibility_drive,True
4,401856696,South Carolina,Alabama,defense,ppp,42.0,11.0,3.8181818181818183,observed,,mixed_eligibility_drive,True
4,401856696,South Carolina,Alabama,offense,non_offense_points,0.0,1.0,0.0,observed,,mixed_eligibility_drive,False
4,401856696,South Carolina,Alabama,defense,non_offense_points,7.0,1.0,7.0,observed,,mixed_eligibility_drive,False
4,401856697,Arkansas,Tulsa,offense,eligible_possessions,11.0,1.0,11.0,observed,,mixed_eligibility_drive,False
4,401856697,Arkansas,Tulsa,defense,eligible_possessions,10.0,1.0,10.0,observed,,mixed_eligibility_drive,False
4,401856697,Arkansas,Tulsa,offense,offensive_possession_points,34.0,1.0,34.0,observed,,mixed_eligibility_drive,False
4,401856697,Arkansas,Tulsa,defense,offensive_possession_points,6.0,1.0,6.0,observed,,mixed_eligibility_drive,False
4,401856697,Arkansas,Tulsa,offense,ppp,34.0,11.0,3.090909090909091,observed,,mixed_eligibility_drive,True
4,401856697,Arkansas,Tulsa,defense,ppp,6.0,10.0,0.6,observed,,mixed_eligibility_drive,True
4,401856697,Arkansas,Tulsa,offense,non_offense_points,0.0,1.0,0.0,observed,,mixed_eligibility_drive,False
4,401856697,Arkansas,Tulsa,defense,non_offense_points,0.0,1.0,0.0,observed,,mixed_eligibility_drive,False
4,401856697,Tulsa,Arkansas,offense,eligible_possessions,10.0,1.0,10.0,observed,,mixed_eligibility_drive,False
4,401856697,Tulsa,Arkansas,defense,eligible_possessions,11.0,1.0,11.0,observed,,mixed_eligibility_drive,False
4,401856697,Tulsa,Arkansas,offense,offensive_possession_points,6.0,1.0,6.0,observed,,mixed_eligibility_drive,False
4,401856697,Tulsa,Arkansas,defense,offensive_possession_points,34.0,1.0,34.0,observed,,mixed_eligibility_drive,False
4,401856697,Tulsa,Arkansas,offense,ppp,6.0,10.0,0.6,observed,,mixed_eligibility_drive,True
4,401856697,Tulsa,Arkansas,defense,ppp,34.0,11.0,3.090909090909091,observed,,mixed_eligibility_drive,True
4,401856697,Tulsa,Arkansas,offense,non_offense_points,0.0,1.0,0.0,observed,,mixed_eligibility_drive,False
4,401856697,Tulsa,Arkansas,defense,non_offense_points,0.0,1.0,0.0,observed,,mixed_eligibility_drive,False
4,401856698,Auburn,Vanderbilt,offense,eligible_possessions,10.0,1.0,10.0,observed,,mixed_eligibility_drive,False
4,401856698,Auburn,Vanderbilt,defense,eligible_possessions,11.0,1.0,11.0,observed,,mixed_eligibility_drive,False
4,401856698,Auburn,Vanderbilt,offense,offensive_possession_points,14.0,1.0,14.0,observed,,mixed_eligibility_drive,False
4,401856698,Auburn,Vanderbilt,defense,offensive_possession_points,15.0,1.0,15.0,observed,,mixed_eligibility_drive,False
4,401856698,Auburn,Vanderbilt,offense,ppp,14.0,10.0,1.4,observed,,mixed_eligibility_drive,True
4,401856698,Auburn,Vanderbilt,defense,ppp,15.0,11.0,1.3636363636363635,observed,,mixed_eligibility_drive,True
4,401856698,Auburn,Vanderbilt,offense,non_offense_points,7.0,1.0,7.0,observed,,mixed_eligibility_drive,False
4,401856698,Auburn,Vanderbilt,defense,non_offense_points,0.0,1.0,0.0,observed,,mixed_eligibility_drive,False
4,401856698,Vanderbilt,Auburn,offense,eligible_possessions,11.0,1.0,11.0,observed,,mixed_eligibility_drive,False
4,401856698,Vanderbilt,Auburn,defense,eligible_possessions,10.0,1.0,10.0,observed,,mixed_eligibility_drive,False
4,401856698,Vanderbilt,Auburn,offense,offensive_possession_points,15.0,1.0,15.0,observed,,mixed_eligibility_drive,False
4,401856698,Vanderbilt,Auburn,defense,offensive_possession_points,14.0,1.0,14.0,observed,,mixed_eligibility_drive,False
4,401856698,Vanderbilt,Auburn,offense,ppp,15.0,11.0,1.3636363636363635,observed,,mixed_eligibility_drive,True
4,401856698,Vanderbilt,Auburn,defense,ppp,14.0,10.0,1.4,observed,,mixed_eligibility_drive,True
4,401856698,Vanderbilt,Auburn,offense,non_offense_points,0.0,1.0,0.0,observed,,mixed_eligibility_drive,False
4,401856698,Vanderbilt,Auburn,defense,non_offense_points,7.0,1.0,7.0,observed,,mixed_eligibility_drive,False
4,401856699,Florida,Ole Miss,offense,eligible_possessions,12.0,1.0,12.0,observed,,mixed_eligibility_drive,False
4,401856699,Florida,Ole Miss,defense,eligible_possessions,12.0,1.0,12.0,observed,,mixed_eligibility_drive,False
4,401856699,Florida,Ole Miss,offense,offensive_possession_points,52.0,1.0,52.0,observed,,mixed_eligibility_drive,False
4,401856699,Florida,Ole Miss,defense,offensive_possession_points,28.0,1.0,28.0,observed,,mixed_eligibility_drive,False
4,401856699,Florida,Ole Miss,offense,ppp,52.0,12.0,4.333333333333333,observed,,mixed_eligibility_drive,True
4,401856699,Florida,Ole Miss,defense,ppp,28.0,12.0,2.3333333333333335,observed,,mixed_eligibility_drive,True
4,401856699,Florida,Ole Miss,offense,non_offense_points,0.0,1.0,0.0,observed,,mixed_eligibility_drive,False
4,401856699,Florida,Ole Miss,defense,non_offense_points,0.0,1.0,0.0,observed,,mixed_eligibility_drive,False
4,401856699,Ole Miss,Florida,offense,eligible_possessions,12.0,1.0,12.0,observed,,mixed_eligibility_drive,False
4,401856699,Ole Miss,Florida,defense,eligible_possessions,12.0,1.0,12.0,observed,,mixed_eligibility_drive,False
4,401856699,Ole Miss,Florida,offense,offensive_possession_points,28.0,1.0,28.0,observed,,mixed_eligibility_drive,False
4,401856699,Ole Miss,Florida,defense,offensive_possession_points,52.0,1.0,52.0,observed,,mixed_eligibility_drive,False
4,401856699,Ole Miss,Florida,offense,ppp,28.0,12.0,2.3333333333333335,observed,,mixed_eligibility_drive,True
4,401856699,Ole Miss,Florida,defense,ppp,52.0,12.0,4.333333333333333,observed,,mixed_eligibility_drive,True
4,401856699,Ole Miss,Florida,offense,non_offense_points,0.0,1.0,0.0,observed,,mixed_eligibility_drive,False
4,401856699,Ole Miss,Florida,defense,non_offense_points,0.0,1.0,0.0,observed,,mixed_eligibility_drive,False
4,401856700,Georgia,Oklahoma,offense,eligible_possessions,11.0,1.0,11.0,observed,,mixed_eligibility_drive,False
4,401856700,Georgia,Oklahoma,defense,eligible_possessions,12.0,1.0,12.0,observed,,mixed_eligibility_drive,False
4,401856700,Georgia,Oklahoma,offense,offensive_possession_points,30.0,1.0,30.0,observed,,mixed_eligibility_drive,False
4,401856700,Georgia,Oklahoma,defense,offensive_possession_points,6.0,1.0,6.0,observed,,mixed_eligibility_drive,False
4,401856700,Georgia,Oklahoma,offense,ppp,30.0,11.0,2.727272727272727,observed,,mixed_eligibility_drive,True
4,401856700,Georgia,Oklahoma,defense,ppp,6.0,12.0,0.5,observed,,mixed_eligibility_drive,True
4,401856700,Georgia,Oklahoma,offense,non_offense_points,8.0,1.0,8.0,observed,,mixed_eligibility_drive,False
4,401856700,Georgia,Oklahoma,defense,non_offense_points,0.0,1.0,0.0,observed,,mixed_eligibility_drive,False
4,401856700,Oklahoma,Georgia,offense,eligible_possessions,12.0,1.0,12.0,observed,,mixed_eligibility_drive,False
4,401856700,Oklahoma,Georgia,defense,eligible_possessions,11.0,1.0,11.0,observed,,mixed_eligibility_drive,False
4,401856700,Oklahoma,Georgia,offense,offensive_possession_points,6.0,1.0,6.0,observed,,mixed_eligibility_drive,False
4,401856700,Oklahoma,Georgia,defense,offensive_possession_points,30.0,1.0,30.0,observed,,mixed_eligibility_drive,False
4,401856700,Oklahoma,Georgia,offense,ppp,6.0,12.0,0.5,observed,,mixed_eligibility_drive,True
4,401856700,Oklahoma,Georgia,defense,ppp,30.0,11.0,2.727272727272727,observed,,mixed_eligibility_drive,True
4,401856700,Oklahoma,Georgia,offense,non_offense_points,0.0,1.0,0.0,observed,,mixed_eligibility_drive,False
4,401856700,Oklahoma,Georgia,defense,non_offense_points,8.0,1.0,8.0,observed,,mixed_eligibility_drive,False
4,401856702,LSU,Texas A&M,offense,eligible_possessions,10.0,1.0,10.0,observed,,mixed_eligibility_drive,False
4,401856702,LSU,Texas A&M,defense,eligible_possessions,11.0,1.0,11.0,observed,,mixed_eligibility_drive,False
4,401856702,LSU,Texas A&M,offense,offensive_possession_points,35.0,1.0,35.0,observed,,mixed_eligibility_drive,False
4,401856702,LSU,Texas A&M,defense,offensive_possession_points,6.0,1.0,6.0,observed,,mixed_eligibility_drive,False
4,401856702,LSU,Texas A&M,offense,ppp,35.0,10.0,3.5,observed,,mixed_eligibility_drive,True
4,401856702,LSU,Texas A&M,defense,ppp,6.0,11.0,0.5454545454545454,observed,,mixed_eligibility_drive,True
4,401856702,LSU,Texas A&M,offense,non_offense_points,0.0,1.0,0.0,observed,,mixed_eligibility_drive,False
4,401856702,LSU,Texas A&M,defense,non_offense_points,0.0,1.0,0.0,observed,,mixed_eligibility_drive,False
4,401856702,Texas A&M,LSU,offense,eligible_possessions,11.0,1.0,11.0,observed,,mixed_eligibility_drive,False
4,401856702,Texas A&M,LSU,defense,eligible_possessions,10.0,1.0,10.0,observed,,mixed_eligibility_drive,False
4,401856702,Texas A&M,LSU,offense,offensive_possession_points,6.0,1.0,6.0,observed,,mixed_eligibility_drive,False
4,401856702,Texas A&M,LSU,defense,offensive_possession_points,35.0,1.0,35.0,observed,,mixed_eligibility_drive,False
4,401856702,Texas A&M,LSU,offense,ppp,6.0,11.0,0.5454545454545454,observed,,mixed_eligibility_drive,True
4,401856702,Texas A&M,LSU,defense,ppp,35.0,10.0,3.5,observed,,mixed_eligibility_drive,True
4,401856702,Texas A&M,LSU,offense,non_offense_points,0.0,1.0,0.0,observed,,mixed_eligibility_drive,False
4,401856702,Texas A&M,LSU,defense,non_offense_points,0.0,1.0,0.0,observed,,mixed_eligibility_drive,False
4,401856703,Mississippi State,Missouri,offense,eligible_possessions,12.0,1.0,12.0,observed,,mixed_eligibility_drive,False
4,401856703,Mississippi State,Missouri,defense,eligible_possessions,12.0,1.0,12.0,observed,,mixed_eligibility_drive,False
4,401856703,Mississippi State,Missouri,offense,offensive_possession_points,31.0,1.0,31.0,observed,,mixed_eligibility_drive,False
4,401856703,Mississippi State,Missouri,defense,offensive_possession_points,24.0,1.0,24.0,observed,,mixed_eligibility_drive,False
4,401856703,Mississippi State,Missouri,offense,ppp,31.0,12.0,2.5833333333333335,observed,,mixed_eligibility_drive,True
4,401856703,Mississippi State,Missouri,defense,ppp,24.0,12.0,2.0,observed,,mixed_eligibility_drive,True
4,401856703,Mississippi State,Missouri,offense,non_offense_points,0.0,1.0,0.0,observed,,mixed_eligibility_drive,False
4,401856703,Mississippi State,Missouri,defense,non_offense_points,0.0,1.0,0.0,observed,,mixed_eligibility_drive,False
4,401856703,Missouri,Mississippi State,offense,eligible_possessions,12.0,1.0,12.0,observed,,mixed_eligibility_drive,False
4,401856703,Missouri,Mississippi State,defense,eligible_possessions,12.0,1.0,12.0,observed,,mixed_eligibility_drive,False
4,401856703,Missouri,Mississippi State,offense,offensive_possession_points,24.0,1.0,24.0,observed,,mixed_eligibility_drive,False
4,401856703,Missouri,Mississippi State,defense,offensive_possession_points,31.0,1.0,31.0,observed,,mixed_eligibility_drive,False
4,401856703,Missouri,Mississippi State,offense,ppp,24.0,12.0,2.0,observed,,mixed_eligibility_drive,True
4,401856703,Missouri,Mississippi State,defense,ppp,31.0,12.0,2.5833333333333335,observed,,mixed_eligibility_drive,True
4,401856703,Missouri,Mississippi State,offense,non_offense_points,0.0,1.0,0.0,observed,,mixed_eligibility_drive,False
4,401856703,Missouri,Mississippi State,defense,non_offense_points,0.0,1.0,0.0,observed,,mixed_eligibility_drive,False
4,401856704,Tennessee,Texas,offense,eligible_possessions,13.0,1.0,13.0,observed,,mixed_eligibility_drive,False
4,401856704,Tennessee,Texas,defense,eligible_possessions,12.0,1.0,12.0,observed,,mixed_eligibility_drive,False
4,401856704,Tennessee,Texas,offense,offensive_possession_points,10.0,1.0,10.0,observed,,mixed_eligibility_drive,False
4,401856704,Tennessee,Texas,defense,offensive_possession_points,20.0,1.0,20.0,observed,,mixed_eligibility_drive,False
4,401856704,Tennessee,Texas,offense,ppp,10.0,13.0,0.7692307692307693,observed,,mixed_eligibility_drive,True
4,401856704,Tennessee,Texas,defense,ppp,20.0,12.0,1.6666666666666667,observed,,mixed_eligibility_drive,True
4,401856704,Tennessee,Texas,offense,non_offense_points,7.0,1.0,7.0,observed,,mixed_eligibility_drive,False
4,401856704,Tennessee,Texas,defense,non_offense_points,0.0,1.0,0.0,observed,,mixed_eligibility_drive,False
4,401856704,Texas,Tennessee,offense,eligible_possessions,12.0,1.0,12.0,observed,,mixed_eligibility_drive,False
4,401856704,Texas,Tennessee,defense,eligible_possessions,13.0,1.0,13.0,observed,,mixed_eligibility_drive,False
4,401856704,Texas,Tennessee,offense,offensive_possession_points,20.0,1.0,20.0,observed,,mixed_eligibility_drive,False
4,401856704,Texas,Tennessee,defense,offensive_possession_points,10.0,1.0,10.0,observed,,mixed_eligibility_drive,False
4,401856704,Texas,Tennessee,offense,ppp,20.0,12.0,1.6666666666666667,observed,,mixed_eligibility_drive,True
4,401856704,Texas,Tennessee,defense,ppp,10.0,13.0,0.7692307692307693,observed,,mixed_eligibility_drive,True
4,401856704,Texas,Tennessee,offense,non_offense_points,0.0,1.0,0.0,observed,,mixed_eligibility_drive,False
4,401856704,Texas,Tennessee,defense,non_offense_points,7.0,1.0,7.0,observed,,mixed_eligibility_drive,False
4,401856804,Washington State,Arizona,offense,eligible_possessions,12.0,1.0,12.0,observed,,mixed_eligibility_drive,False
4,401856804,Washington State,Arizona,defense,eligible_possessions,14.0,1.0,14.0,observed,,mixed_eligibility_drive,False
4,401856804,Washington State,Arizona,offense,offensive_possession_points,17.0,1.0,17.0,observed,,mixed_eligibility_drive,False
4,401856804,Washington State,Arizona,defense,offensive_possession_points,34.0,1.0,34.0,observed,,mixed_eligibility_drive,False
4,401856804,Washington State,Arizona,offense,ppp,17.0,12.0,1.4166666666666667,observed,,mixed_eligibility_drive,True
4,401856804,Washington State,Arizona,defense,ppp,34.0,14.0,2.4285714285714284,observed,,mixed_eligibility_drive,True
4,401856804,Washington State,Arizona,offense,non_offense_points,7.0,1.0,7.0,observed,,mixed_eligibility_drive,False
4,401856804,Washington State,Arizona,defense,non_offense_points,0.0,1.0,0.0,observed,,mixed_eligibility_drive,False
4,401856804,Arizona,Washington State,offense,eligible_possessions,14.0,1.0,14.0,observed,,mixed_eligibility_drive,False
4,401856804,Arizona,Washington State,defense,eligible_possessions,12.0,1.0,12.0,observed,,mixed_eligibility_drive,False
4,401856804,Arizona,Washington State,offense,offensive_possession_points,34.0,1.0,34.0,observed,,mixed_eligibility_drive,False
4,401856804,Arizona,Washington State,defense,offensive_possession_points,17.0,1.0,17.0,observed,,mixed_eligibility_drive,False
4,401856804,Arizona,Washington State,offense,ppp,34.0,14.0,2.4285714285714284,observed,,mixed_eligibility_drive,True
4,401856804,Arizona,Washington State,defense,ppp,17.0,12.0,1.4166666666666667,observed,,mixed_eligibility_drive,True
4,401856804,Arizona,Washington State,offense,non_offense_points,0.0,1.0,0.0,observed,,mixed_eligibility_drive,False
4,401856804,Arizona,Washington State,defense,non_offense_points,7.0,1.0,7.0,observed,,mixed_eligibility_drive,False
4,401856805,Texas Tech,Sam Houston,offense,eligible_possessions,12.0,1.0,12.0,observed,,mixed_eligibility_drive,False
4,401856805,Texas Tech,Sam Houston,defense,eligible_possessions,15.0,1.0,15.0,observed,,mixed_eligibility_drive,False
4,401856805,Texas Tech,Sam Houston,offense,offensive_possession_points,28.0,1.0,28.0,observed,,mixed_eligibility_drive,False
4,401856805,Texas Tech,Sam Houston,defense,offensive_possession_points,14.0,1.0,14.0,observed,,mixed_eligibility_drive,False
4,401856805,Texas Tech,Sam Houston,offense,ppp,28.0,12.0,2.3333333333333335,observed,,mixed_eligibility_drive,True
4,401856805,Texas Tech,Sam Houston,defense,ppp,14.0,15.0,0.9333333333333333,observed,,mixed_eligibility_drive,True
4,401856805,Texas Tech,Sam Houston,offense,non_offense_points,14.0,1.0,14.0,observed,,mixed_eligibility_drive,False
4,401856805,Texas Tech,Sam Houston,defense,non_offense_points,0.0,1.0,0.0,observed,,mixed_eligibility_drive,False
4,401856805,Sam Houston,Texas Tech,offense,eligible_possessions,15.0,1.0,15.0,observed,,mixed_eligibility_drive,False
4,401856805,Sam Houston,Texas Tech,defense,eligible_possessions,12.0,1.0,12.0,observed,,mixed_eligibility_drive,False
4,401856805,Sam Houston,Texas Tech,offense,offensive_possession_points,14.0,1.0,14.0,observed,,mixed_eligibility_drive,False
4,401856805,Sam Houston,Texas Tech,defense,offensive_possession_points,28.0,1.0,28.0,observed,,mixed_eligibility_drive,False
4,401856805,Sam Houston,Texas Tech,offense,ppp,14.0,15.0,0.9333333333333333,observed,,mixed_eligibility_drive,True
4,401856805,Sam Houston,Texas Tech,defense,ppp,28.0,12.0,2.3333333333333335,observed,,mixed_eligibility_drive,True
4,401856805,Sam Houston,Texas Tech,offense,non_offense_points,0.0,1.0,0.0,observed,,mixed_eligibility_drive,False
4,401856805,Sam Houston,Texas Tech,defense,non_offense_points,14.0,1.0,14.0,observed,,mixed_eligibility_drive,False
4,401856806,Georgia Southern,Houston,offense,eligible_possessions,9.0,1.0,9.0,observed,,mixed_eligibility_drive,False
4,401856806,Georgia Southern,Houston,defense,eligible_possessions,8.0,1.0,8.0,observed,,mixed_eligibility_drive,False
4,401856806,Georgia Southern,Houston,offense,offensive_possession_points,28.0,1.0,28.0,observed,,mixed_eligibility_drive,False
4,401856806,Georgia Southern,Houston,defense,offensive_possession_points,41.0,1.0,41.0,observed,,mixed_eligibility_drive,False
4,401856806,Georgia Southern,Houston,offense,ppp,28.0,9.0,3.111111111111111,observed,,mixed_eligibility_drive,True
4,401856806,Georgia Southern,Houston,defense,ppp,41.0,8.0,5.125,observed,,mixed_eligibility_drive,True
4,401856806,Georgia Southern,Houston,offense,non_offense_points,0.0,1.0,0.0,observed,,mixed_eligibility_drive,False
4,401856806,Georgia Southern,Houston,defense,non_offense_points,1.0,1.0,1.0,observed,,mixed_eligibility_drive,False
4,401856806,Houston,Georgia Southern,offense,eligible_possessions,8.0,1.0,8.0,observed,,mixed_eligibility_drive,False
4,401856806,Houston,Georgia Southern,defense,eligible_possessions,9.0,1.0,9.0,observed,,mixed_eligibility_drive,False
4,401856806,Houston,Georgia Southern,offense,offensive_possession_points,41.0,1.0,41.0,observed,,mixed_eligibility_drive,False
4,401856806,Houston,Georgia Southern,defense,offensive_possession_points,28.0,1.0,28.0,observed,,mixed_eligibility_drive,False
4,401856806,Houston,Georgia Southern,offense,ppp,41.0,8.0,5.125,observed,,mixed_eligibility_drive,True
4,401856806,Houston,Georgia Southern,defense,ppp,28.0,9.0,3.111111111111111,observed,,mixed_eligibility_drive,True
4,401856806,Houston,Georgia Southern,offense,non_offense_points,1.0,1.0,1.0,observed,,mixed_eligibility_drive,False
4,401856806,Houston,Georgia Southern,defense,non_offense_points,0.0,1.0,0.0,observed,,mixed_eligibility_drive,False
4,401856813,Baylor,Colorado,offense,eligible_possessions,15.0,1.0,15.0,observed,,mixed_eligibility_drive,False
4,401856813,Baylor,Colorado,defense,eligible_possessions,15.0,1.0,15.0,observed,,mixed_eligibility_drive,False
4,401856813,Baylor,Colorado,offense,offensive_possession_points,23.0,1.0,23.0,observed,,mixed_eligibility_drive,False
4,401856813,Baylor,Colorado,defense,offensive_possession_points,13.0,1.0,13.0,observed,,mixed_eligibility_drive,False
4,401856813,Baylor,Colorado,offense,ppp,23.0,15.0,1.5333333333333334,observed,,mixed_eligibility_drive,True
4,401856813,Baylor,Colorado,defense,ppp,13.0,15.0,0.8666666666666667,observed,,mixed_eligibility_drive,True
4,401856813,Baylor,Colorado,offense,non_offense_points,0.0,1.0,0.0,observed,,mixed_eligibility_drive,False
4,401856813,Baylor,Colorado,defense,non_offense_points,0.0,1.0,0.0,observed,,mixed_eligibility_drive,False
4,401856813,Colorado,Baylor,offense,eligible_possessions,15.0,1.0,15.0,observed,,mixed_eligibility_drive,False
4,401856813,Colorado,Baylor,defense,eligible_possessions,15.0,1.0,15.0,observed,,mixed_eligibility_drive,False
4,401856813,Colorado,Baylor,offense,offensive_possession_points,13.0,1.0,13.0,observed,,mixed_eligibility_drive,False
4,401856813,Colorado,Baylor,defense,offensive_possession_points,23.0,1.0,23.0,observed,,mixed_eligibility_drive,False
4,401856813,Colorado,Baylor,offense,ppp,13.0,15.0,0.8666666666666667,observed,,mixed_eligibility_drive,True
4,401856813,Colorado,Baylor,defense,ppp,23.0,15.0,1.5333333333333334,observed,,mixed_eligibility_drive,True
4,401856813,Colorado,Baylor,offense,non_offense_points,0.0,1.0,0.0,observed,,mixed_eligibility_drive,False
4,401856813,Colorado,Baylor,defense,non_offense_points,0.0,1.0,0.0,observed,,mixed_eligibility_drive,False
4,401856814,Cincinnati,Kansas State,offense,eligible_possessions,11.0,1.0,11.0,observed,,mixed_eligibility_drive,False
4,401856814,Cincinnati,Kansas State,defense,eligible_possessions,11.0,1.0,11.0,observed,,mixed_eligibility_drive,False
4,401856814,Cincinnati,Kansas State,offense,offensive_possession_points,31.0,1.0,31.0,observed,,mixed_eligibility_drive,False
4,401856814,Cincinnati,Kansas State,defense,offensive_possession_points,26.0,1.0,26.0,observed,,mixed_eligibility_drive,False
4,401856814,Cincinnati,Kansas State,offense,ppp,31.0,11.0,2.8181818181818183,observed,,mixed_eligibility_drive,True
4,401856814,Cincinnati,Kansas State,defense,ppp,26.0,11.0,2.3636363636363638,observed,,mixed_eligibility_drive,True
4,401856814,Cincinnati,Kansas State,offense,non_offense_points,0.0,1.0,0.0,observed,,mixed_eligibility_drive,False
4,401856814,Cincinnati,Kansas State,defense,non_offense_points,0.0,1.0,0.0,observed,,mixed_eligibility_drive,False
4,401856814,Kansas State,Cincinnati,offense,eligible_possessions,11.0,1.0,11.0,observed,,mixed_eligibility_drive,False
4,401856814,Kansas State,Cincinnati,defense,eligible_possessions,11.0,1.0,11.0,observed,,mixed_eligibility_drive,False
4,401856814,Kansas State,Cincinnati,offense,offensive_possession_points,26.0,1.0,26.0,observed,,mixed_eligibility_drive,False
4,401856814,Kansas State,Cincinnati,defense,offensive_possession_points,31.0,1.0,31.0,observed,,mixed_eligibility_drive,False
4,401856814,Kansas State,Cincinnati,offense,ppp,26.0,11.0,2.3636363636363638,observed,,mixed_eligibility_drive,True
4,401856814,Kansas State,Cincinnati,defense,ppp,31.0,11.0,2.8181818181818183,observed,,mixed_eligibility_drive,True
4,401856814,Kansas State,Cincinnati,offense,non_offense_points,0.0,1.0,0.0,observed,,mixed_eligibility_drive,False
4,401856814,Kansas State,Cincinnati,defense,non_offense_points,0.0,1.0,0.0,observed,,mixed_eligibility_drive,False
4,401856815,UCF,TCU,offense,eligible_possessions,10.0,1.0,10.0,observed,,mixed_eligibility_drive,False
4,401856815,UCF,TCU,defense,eligible_possessions,11.0,1.0,11.0,observed,,mixed_eligibility_drive,False
4,401856815,UCF,TCU,offense,offensive_possession_points,21.0,1.0,21.0,observed,,mixed_eligibility_drive,False
4,401856815,UCF,TCU,defense,offensive_possession_points,13.0,1.0,13.0,observed,,mixed_eligibility_drive,False
4,401856815,UCF,TCU,offense,ppp,21.0,10.0,2.1,observed,,mixed_eligibility_drive,True
4,401856815,UCF,TCU,defense,ppp,13.0,11.0,1.1818181818181819,observed,,mixed_eligibility_drive,True
4,401856815,UCF,TCU,offense,non_offense_points,0.0,1.0,0.0,observed,,mixed_eligibility_drive,False
4,401856815,UCF,TCU,defense,non_offense_points,0.0,1.0,0.0,observed,,mixed_eligibility_drive,False
4,401856815,TCU,UCF,offense,eligible_possessions,11.0,1.0,11.0,observed,,mixed_eligibility_drive,False
4,401856815,TCU,UCF,defense,eligible_possessions,10.0,1.0,10.0,observed,,mixed_eligibility_drive,False
4,401856815,TCU,UCF,offense,offensive_possession_points,13.0,1.0,13.0,observed,,mixed_eligibility_drive,False
4,401856815,TCU,UCF,defense,offensive_possession_points,21.0,1.0,21.0,observed,,mixed_eligibility_drive,False
4,401856815,TCU,UCF,offense,ppp,13.0,11.0,1.1818181818181819,observed,,mixed_eligibility_drive,True
4,401856815,TCU,UCF,defense,ppp,21.0,10.0,2.1,observed,,mixed_eligibility_drive,True
4,401856815,TCU,UCF,offense,non_offense_points,0.0,1.0,0.0,observed,,mixed_eligibility_drive,False
4,401856815,TCU,UCF,defense,non_offense_points,0.0,1.0,0.0,observed,,mixed_eligibility_drive,False
4,401856816,Iowa State,Utah,offense,eligible_possessions,11.0,1.0,11.0,observed,,mixed_eligibility_drive,False
4,401856816,Iowa State,Utah,defense,eligible_possessions,11.0,1.0,11.0,observed,,mixed_eligibility_drive,False
4,401856816,Iowa State,Utah,offense,offensive_possession_points,11.0,1.0,11.0,observed,,mixed_eligibility_drive,False
4,401856816,Iowa State,Utah,defense,offensive_possession_points,6.0,1.0,,missing,unresolved_scoring_attribution,mixed_eligibility_drive,False
4,401856816,Iowa State,Utah,offense,ppp,11.0,11.0,1.0,observed,,mixed_eligibility_drive,True
4,401856816,Iowa State,Utah,defense,ppp,6.0,11.0,,missing,unresolved_scoring_attribution,mixed_eligibility_drive,False
4,401856816,Iowa State,Utah,offense,non_offense_points,6.0,1.0,6.0,observed,,mixed_eligibility_drive,False
4,401856816,Iowa State,Utah,defense,non_offense_points,0.0,1.0,,missing,unresolved_scoring_attribution,mixed_eligibility_drive,False
4,401856816,Utah,Iowa State,offense,eligible_possessions,11.0,1.0,11.0,observed,,mixed_eligibility_drive,False
4,401856816,Utah,Iowa State,defense,eligible_possessions,11.0,1.0,11.0,observed,,mixed_eligibility_drive,False
4,401856816,Utah,Iowa State,offense,offensive_possession_points,6.0,1.0,,missing,unresolved_scoring_attribution,mixed_eligibility_drive,False
4,401856816,Utah,Iowa State,defense,offensive_possession_points,11.0,1.0,11.0,observed,,mixed_eligibility_drive,False
4,401856816,Utah,Iowa State,offense,ppp,6.0,11.0,,missing,unresolved_scoring_attribution,mixed_eligibility_drive,False
4,401856816,Utah,Iowa State,defense,ppp,11.0,11.0,1.0,observed,,mixed_eligibility_drive,True
4,401856816,Utah,Iowa State,offense,non_offense_points,0.0,1.0,,missing,unresolved_scoring_attribution,mixed_eligibility_drive,False
4,401856816,Utah,Iowa State,defense,non_offense_points,6.0,1.0,6.0,observed,,mixed_eligibility_drive,False
4,401856881,West Virginia,Oklahoma State,offense,eligible_possessions,11.0,1.0,11.0,observed,,mixed_eligibility_drive,False
4,401856881,West Virginia,Oklahoma State,defense,eligible_possessions,12.0,1.0,12.0,observed,,mixed_eligibility_drive,False
4,401856881,West Virginia,Oklahoma State,offense,offensive_possession_points,24.0,1.0,24.0,observed,,mixed_eligibility_drive,False
4,401856881,West Virginia,Oklahoma State,defense,offensive_possession_points,41.0,1.0,41.0,observed,,mixed_eligibility_drive,False
4,401856881,West Virginia,Oklahoma State,offense,ppp,24.0,11.0,2.1818181818181817,observed,,mixed_eligibility_drive,True
4,401856881,West Virginia,Oklahoma State,defense,ppp,41.0,12.0,3.4166666666666665,observed,,mixed_eligibility_drive,True
4,401856881,West Virginia,Oklahoma State,offense,non_offense_points,0.0,1.0,0.0,observed,,mixed_eligibility_drive,False
4,401856881,West Virginia,Oklahoma State,defense,non_offense_points,0.0,1.0,0.0,observed,,mixed_eligibility_drive,False
4,401856881,Oklahoma State,West Virginia,offense,eligible_possessions,12.0,1.0,12.0,observed,,mixed_eligibility_drive,False
4,401856881,Oklahoma State,West Virginia,defense,eligible_possessions,11.0,1.0,11.0,observed,,mixed_eligibility_drive,False
4,401856881,Oklahoma State,West Virginia,offense,offensive_possession_points,41.0,1.0,41.0,observed,,mixed_eligibility_drive,False
4,401856881,Oklahoma State,West Virginia,defense,offensive_possession_points,24.0,1.0,24.0,observed,,mixed_eligibility_drive,False
4,401856881,Oklahoma State,West Virginia,offense,ppp,41.0,12.0,3.4166666666666665,observed,,mixed_eligibility_drive,True
4,401856881,Oklahoma State,West Virginia,defense,ppp,24.0,11.0,2.1818181818181817,observed,,mixed_eligibility_drive,True
4,401856881,Oklahoma State,West Virginia,offense,non_offense_points,0.0,1.0,0.0,observed,,mixed_eligibility_drive,False
4,401856881,Oklahoma State,West Virginia,defense,non_offense_points,0.0,1.0,0.0,observed,,mixed_eligibility_drive,False
4,401858234,California,Clemson,offense,eligible_possessions,10.0,1.0,10.0,observed,,mixed_eligibility_drive,False
4,401858234,California,Clemson,defense,eligible_possessions,9.0,1.0,9.0,observed,,mixed_eligibility_drive,False
4,401858234,California,Clemson,offense,offensive_possession_points,3.0,1.0,3.0,observed,,mixed_eligibility_drive,False
4,401858234,California,Clemson,defense,offensive_possession_points,10.0,1.0,10.0,observed,,mixed_eligibility_drive,False
4,401858234,California,Clemson,offense,ppp,3.0,10.0,0.3,observed,,mixed_eligibility_drive,True
4,401858234,California,Clemson,defense,ppp,10.0,9.0,1.1111111111111112,observed,,mixed_eligibility_drive,True
4,401858234,California,Clemson,offense,non_offense_points,7.0,1.0,7.0,observed,,mixed_eligibility_drive,False
4,401858234,California,Clemson,defense,non_offense_points,14.0,1.0,14.0,observed,,mixed_eligibility_drive,False
4,401858234,Clemson,California,offense,eligible_possessions,9.0,1.0,9.0,observed,,mixed_eligibility_drive,False
4,401858234,Clemson,California,defense,eligible_possessions,10.0,1.0,10.0,observed,,mixed_eligibility_drive,False
4,401858234,Clemson,California,offense,offensive_possession_points,10.0,1.0,10.0,observed,,mixed_eligibility_drive,False
4,401858234,Clemson,California,defense,offensive_possession_points,3.0,1.0,3.0,observed,,mixed_eligibility_drive,False
4,401858234,Clemson,California,offense,ppp,10.0,9.0,1.1111111111111112,observed,,mixed_eligibility_drive,True
4,401858234,Clemson,California,defense,ppp,3.0,10.0,0.3,observed,,mixed_eligibility_drive,True
4,401858234,Clemson,California,offense,non_offense_points,14.0,1.0,14.0,observed,,mixed_eligibility_drive,False
4,401858234,Clemson,California,defense,non_offense_points,7.0,1.0,7.0,observed,,mixed_eligibility_drive,False
4,401858238,Miami,Central Michigan,offense,eligible_possessions,7.0,1.0,7.0,observed,,mixed_eligibility_drive,False
4,401858238,Miami,Central Michigan,defense,eligible_possessions,7.0,1.0,7.0,observed,,mixed_eligibility_drive,False
4,401858238,Miami,Central Michigan,offense,offensive_possession_points,35.0,1.0,35.0,observed,,mixed_eligibility_drive,False
4,401858238,Miami,Central Michigan,defense,offensive_possession_points,3.0,1.0,3.0,observed,,mixed_eligibility_drive,False
4,401858238,Miami,Central Michigan,offense,ppp,35.0,7.0,5.0,observed,,mixed_eligibility_drive,True
4,401858238,Miami,Central Michigan,defense,ppp,3.0,7.0,0.42857142857142855,observed,,mixed_eligibility_drive,True
4,401858238,Miami,Central Michigan,offense,non_offense_points,7.0,1.0,7.0,observed,,mixed_eligibility_drive,False
4,401858238,Miami,Central Michigan,defense,non_offense_points,0.0,1.0,0.0,observed,,mixed_eligibility_drive,False
4,401858238,Central Michigan,Miami,offense,eligible_possessions,7.0,1.0,7.0,observed,,mixed_eligibility_drive,False
4,401858238,Central Michigan,Miami,defense,eligible_possessions,7.0,1.0,7.0,observed,,mixed_eligibility_drive,False
4,401858238,Central Michigan,Miami,offense,offensive_possession_points,3.0,1.0,3.0,observed,,mixed_eligibility_drive,False
4,401858238,Central Michigan,Miami,defense,offensive_possession_points,35.0,1.0,35.0,observed,,mixed_eligibility_drive,False
4,401858238,Central Michigan,Miami,offense,ppp,3.0,7.0,0.42857142857142855,observed,,mixed_eligibility_drive,True
4,401858238,Central Michigan,Miami,defense,ppp,35.0,7.0,5.0,observed,,mixed_eligibility_drive,True
4,401858238,Central Michigan,Miami,offense,non_offense_points,0.0,1.0,0.0,observed,,mixed_eligibility_drive,False
4,401858238,Central Michigan,Miami,defense,non_offense_points,7.0,1.0,7.0,observed,,mixed_eligibility_drive,False
4,401858239,Virginia,Delaware,offense,eligible_possessions,9.0,1.0,9.0,observed,,mixed_eligibility_drive,False
4,401858239,Virginia,Delaware,defense,eligible_possessions,8.0,1.0,8.0,observed,,mixed_eligibility_drive,False
4,401858239,Virginia,Delaware,offense,offensive_possession_points,35.0,1.0,35.0,observed,,mixed_eligibility_drive,False
4,401858239,Virginia,Delaware,defense,offensive_possession_points,3.0,1.0,3.0,observed,,mixed_eligibility_drive,False
4,401858239,Virginia,Delaware,offense,ppp,35.0,9.0,3.888888888888889,observed,,mixed_eligibility_drive,True
4,401858239,Virginia,Delaware,defense,ppp,3.0,8.0,0.375,observed,,mixed_eligibility_drive,True
4,401858239,Virginia,Delaware,offense,non_offense_points,0.0,1.0,0.0,observed,,mixed_eligibility_drive,False
4,401858239,Virginia,Delaware,defense,non_offense_points,0.0,1.0,0.0,observed,,mixed_eligibility_drive,False
4,401858239,Delaware,Virginia,offense,eligible_possessions,8.0,1.0,8.0,observed,,mixed_eligibility_drive,False
4,401858239,Delaware,Virginia,defense,eligible_possessions,9.0,1.0,9.0,observed,,mixed_eligibility_drive,False
4,401858239,Delaware,Virginia,offense,offensive_possession_points,3.0,1.0,3.0,observed,,mixed_eligibility_drive,False
4,401858239,Delaware,Virginia,defense,offensive_possession_points,35.0,1.0,35.0,observed,,mixed_eligibility_drive,False
4,401858239,Delaware,Virginia,offense,ppp,3.0,8.0,0.375,observed,,mixed_eligibility_drive,True
4,401858239,Delaware,Virginia,defense,ppp,35.0,9.0,3.888888888888889,observed,,mixed_eligibility_drive,True
4,401858239,Delaware,Virginia,offense,non_offense_points,0.0,1.0,0.0,observed,,mixed_eligibility_drive,False
4,401858239,Delaware,Virginia,defense,non_offense_points,0.0,1.0,0.0,observed,,mixed_eligibility_drive,False
4,401858240,Stanford,Georgia Tech,offense,eligible_possessions,11.0,1.0,11.0,observed,,mixed_eligibility_drive,False
4,401858240,Stanford,Georgia Tech,defense,eligible_possessions,10.0,1.0,10.0,observed,,mixed_eligibility_drive,False
4,401858240,Stanford,Georgia Tech,offense,offensive_possession_points,34.0,1.0,34.0,observed,,mixed_eligibility_drive,False
4,401858240,Stanford,Georgia Tech,defense,offensive_possession_points,27.0,1.0,27.0,observed,,mixed_eligibility_drive,False
4,401858240,Stanford,Georgia Tech,offense,ppp,34.0,11.0,3.090909090909091,observed,,mixed_eligibility_drive,True
4,401858240,Stanford,Georgia Tech,defense,ppp,27.0,10.0,2.7,observed,,mixed_eligibility_drive,True
4,401858240,Stanford,Georgia Tech,offense,non_offense_points,0.0,1.0,0.0,observed,,mixed_eligibility_drive,False
4,401858240,Stanford,Georgia Tech,defense,non_offense_points,0.0,1.0,0.0,observed,,mixed_eligibility_drive,False
4,401858240,Georgia Tech,Stanford,offense,eligible_possessions,10.0,1.0,10.0,observed,,mixed_eligibility_drive,False
4,401858240,Georgia Tech,Stanford,defense,eligible_possessions,11.0,1.0,11.0,observed,,mixed_eligibility_drive,False
4,401858240,Georgia Tech,Stanford,offense,offensive_possession_points,27.0,1.0,27.0,observed,,mixed_eligibility_drive,False
4,401858240,Georgia Tech,Stanford,defense,offensive_possession_points,34.0,1.0,34.0,observed,,mixed_eligibility_drive,False
4,401858240,Georgia Tech,Stanford,offense,ppp,27.0,10.0,2.7,observed,,mixed_eligibility_drive,True
4,401858240,Georgia Tech,Stanford,defense,ppp,34.0,11.0,3.090909090909091,observed,,mixed_eligibility_drive,True
4,401858240,Georgia Tech,Stanford,offense,non_offense_points,0.0,1.0,0.0,observed,,mixed_eligibility_drive,False
4,401858240,Georgia Tech,Stanford,defense,non_offense_points,0.0,1.0,0.0,observed,,mixed_eligibility_drive,False
4,401858241,SMU,Missouri State,offense,eligible_possessions,12.0,1.0,12.0,observed,,mixed_eligibility_drive,False
4,401858241,SMU,Missouri State,defense,eligible_possessions,10.0,1.0,10.0,observed,,mixed_eligibility_drive,False
4,401858241,SMU,Missouri State,offense,offensive_possession_points,34.0,1.0,34.0,observed,,mixed_eligibility_drive,False
4,401858241,SMU,Missouri State,defense,offensive_possession_points,17.0,1.0,17.0,observed,,mixed_eligibility_drive,False
4,401858241,SMU,Missouri State,offense,ppp,34.0,12.0,2.8333333333333335,observed,,mixed_eligibility_drive,True
4,401858241,SMU,Missouri State,defense,ppp,17.0,10.0,1.7,observed,,mixed_eligibility_drive,True
4,401858241,SMU,Missouri State,offense,non_offense_points,0.0,1.0,0.0,observed,,mixed_eligibility_drive,False
4,401858241,SMU,Missouri State,defense,non_offense_points,7.0,1.0,7.0,observed,,mixed_eligibility_drive,False
4,401858241,Missouri State,SMU,offense,eligible_possessions,10.0,1.0,10.0,observed,,mixed_eligibility_drive,False
4,401858241,Missouri State,SMU,defense,eligible_possessions,12.0,1.0,12.0,observed,,mixed_eligibility_drive,False
4,401858241,Missouri State,SMU,offense,offensive_possession_points,17.0,1.0,17.0,observed,,mixed_eligibility_drive,False
4,401858241,Missouri State,SMU,defense,offensive_possession_points,34.0,1.0,34.0,observed,,mixed_eligibility_drive,False
4,401858241,Missouri State,SMU,offense,ppp,17.0,10.0,1.7,observed,,mixed_eligibility_drive,True
4,401858241,Missouri State,SMU,defense,ppp,34.0,12.0,2.8333333333333335,observed,,mixed_eligibility_drive,True
4,401858241,Missouri State,SMU,offense,non_offense_points,7.0,1.0,7.0,observed,,mixed_eligibility_drive,False
4,401858241,Missouri State,SMU,defense,non_offense_points,0.0,1.0,0.0,observed,,mixed_eligibility_drive,False
4,401858242,Boston College,Virginia Tech,offense,eligible_possessions,13.0,1.0,13.0,observed,,mixed_eligibility_drive,False
4,401858242,Boston College,Virginia Tech,defense,eligible_possessions,13.0,1.0,13.0,observed,,mixed_eligibility_drive,False
4,401858242,Boston College,Virginia Tech,offense,offensive_possession_points,14.0,1.0,14.0,observed,,mixed_eligibility_drive,False
4,401858242,Boston College,Virginia Tech,defense,offensive_possession_points,21.0,1.0,21.0,observed,,mixed_eligibility_drive,False
4,401858242,Boston College,Virginia Tech,offense,ppp,14.0,13.0,1.0769230769230769,observed,,mixed_eligibility_drive,True
4,401858242,Boston College,Virginia Tech,defense,ppp,21.0,13.0,1.6153846153846154,observed,,mixed_eligibility_drive,True
4,401858242,Boston College,Virginia Tech,offense,non_offense_points,0.0,1.0,0.0,observed,,mixed_eligibility_drive,False
4,401858242,Boston College,Virginia Tech,defense,non_offense_points,0.0,1.0,0.0,observed,,mixed_eligibility_drive,False
4,401858242,Virginia Tech,Boston College,offense,eligible_possessions,13.0,1.0,13.0,observed,,mixed_eligibility_drive,False
4,401858242,Virginia Tech,Boston College,defense,eligible_possessions,13.0,1.0,13.0,observed,,mixed_eligibility_drive,False
4,401858242,Virginia Tech,Boston College,offense,offensive_possession_points,21.0,1.0,21.0,observed,,mixed_eligibility_drive,False
4,401858242,Virginia Tech,Boston College,defense,offensive_possession_points,14.0,1.0,14.0,observed,,mixed_eligibility_drive,False
4,401858242,Virginia Tech,Boston College,offense,ppp,21.0,13.0,1.6153846153846154,observed,,mixed_eligibility_drive,True
4,401858242,Virginia Tech,Boston College,defense,ppp,14.0,13.0,1.0769230769230769,observed,,mixed_eligibility_drive,True
4,401858242,Virginia Tech,Boston College,offense,non_offense_points,0.0,1.0,0.0,observed,,mixed_eligibility_drive,False
4,401858242,Virginia Tech,Boston College,defense,non_offense_points,0.0,1.0,0.0,observed,,mixed_eligibility_drive,False
4,401858243,Louisville,Wake Forest,offense,eligible_possessions,12.0,1.0,12.0,observed,,mixed_eligibility_drive,False
4,401858243,Louisville,Wake Forest,defense,eligible_possessions,12.0,1.0,12.0,observed,,mixed_eligibility_drive,False
4,401858243,Louisville,Wake Forest,offense,offensive_possession_points,27.0,1.0,27.0,observed,,mixed_eligibility_drive,False
4,401858243,Louisville,Wake Forest,defense,offensive_possession_points,30.0,1.0,30.0,observed,,mixed_eligibility_drive,False
4,401858243,Louisville,Wake Forest,offense,ppp,27.0,12.0,2.25,observed,,mixed_eligibility_drive,True
4,401858243,Louisville,Wake Forest,defense,ppp,30.0,12.0,2.5,observed,,mixed_eligibility_drive,True
4,401858243,Louisville,Wake Forest,offense,non_offense_points,0.0,1.0,0.0,observed,,mixed_eligibility_drive,False
4,401858243,Louisville,Wake Forest,defense,non_offense_points,0.0,1.0,0.0,observed,,mixed_eligibility_drive,False
4,401858243,Wake Forest,Louisville,offense,eligible_possessions,12.0,1.0,12.0,observed,,mixed_eligibility_drive,False
4,401858243,Wake Forest,Louisville,defense,eligible_possessions,12.0,1.0,12.0,observed,,mixed_eligibility_drive,False
4,401858243,Wake Forest,Louisville,offense,offensive_possession_points,30.0,1.0,30.0,observed,,mixed_eligibility_drive,False
4,401858243,Wake Forest,Louisville,defense,offensive_possession_points,27.0,1.0,27.0,observed,,mixed_eligibility_drive,False
4,401858243,Wake Forest,Louisville,offense,ppp,30.0,12.0,2.5,observed,,mixed_eligibility_drive,True
4,401858243,Wake Forest,Louisville,defense,ppp,27.0,12.0,2.25,observed,,mixed_eligibility_drive,True
4,401858243,Wake Forest,Louisville,offense,non_offense_points,0.0,1.0,0.0,observed,,mixed_eligibility_drive,False
4,401858243,Wake Forest,Louisville,defense,non_offense_points,0.0,1.0,0.0,observed,,mixed_eligibility_drive,False
4,401858461,Indiana,Northwestern,offense,eligible_possessions,10.0,1.0,10.0,observed,,mixed_eligibility_drive,False
4,401858461,Indiana,Northwestern,defense,eligible_possessions,9.0,1.0,9.0,observed,,mixed_eligibility_drive,False
4,401858461,Indiana,Northwestern,offense,offensive_possession_points,27.0,1.0,27.0,observed,,mixed_eligibility_drive,False
4,401858461,Indiana,Northwestern,defense,offensive_possession_points,23.0,1.0,23.0,observed,,mixed_eligibility_drive,False
4,401858461,Indiana,Northwestern,offense,ppp,27.0,10.0,2.7,observed,,mixed_eligibility_drive,True
4,401858461,Indiana,Northwestern,defense,ppp,23.0,9.0,2.5555555555555554,observed,,mixed_eligibility_drive,True
4,401858461,Indiana,Northwestern,offense,non_offense_points,2.0,1.0,2.0,observed,,mixed_eligibility_drive,False
4,401858461,Indiana,Northwestern,defense,non_offense_points,0.0,1.0,0.0,observed,,mixed_eligibility_drive,False
4,401858461,Northwestern,Indiana,offense,eligible_possessions,9.0,1.0,9.0,observed,,mixed_eligibility_drive,False
4,401858461,Northwestern,Indiana,defense,eligible_possessions,10.0,1.0,10.0,observed,,mixed_eligibility_drive,False
4,401858461,Northwestern,Indiana,offense,offensive_possession_points,23.0,1.0,23.0,observed,,mixed_eligibility_drive,False
4,401858461,Northwestern,Indiana,defense,offensive_possession_points,27.0,1.0,27.0,observed,,mixed_eligibility_drive,False
4,401858461,Northwestern,Indiana,offense,ppp,23.0,9.0,2.5555555555555554,observed,,mixed_eligibility_drive,True
4,401858461,Northwestern,Indiana,defense,ppp,27.0,10.0,2.7,observed,,mixed_eligibility_drive,True
4,401858461,Northwestern,Indiana,offense,non_offense_points,0.0,1.0,0.0,observed,,mixed_eligibility_drive,False
4,401858461,Northwestern,Indiana,defense,non_offense_points,2.0,1.0,2.0,observed,,mixed_eligibility_drive,False
4,401858462,Maryland,UCLA,offense,eligible_possessions,12.0,1.0,12.0,observed,,mixed_eligibility_drive,False
4,401858462,Maryland,UCLA,defense,eligible_possessions,10.0,1.0,10.0,observed,,mixed_eligibility_drive,False
4,401858462,Maryland,UCLA,offense,offensive_possession_points,3.0,1.0,3.0,observed,,mixed_eligibility_drive,False
4,401858462,Maryland,UCLA,defense,offensive_possession_points,23.0,1.0,23.0,observed,,mixed_eligibility_drive,False
4,401858462,Maryland,UCLA,offense,ppp,3.0,12.0,0.25,observed,,mixed_eligibility_drive,True
4,401858462,Maryland,UCLA,defense,ppp,23.0,10.0,2.3,observed,,mixed_eligibility_drive,True
4,401858462,Maryland,UCLA,offense,non_offense_points,0.0,1.0,0.0,observed,,mixed_eligibility_drive,False
4,401858462,Maryland,UCLA,defense,non_offense_points,14.0,1.0,14.0,observed,,mixed_eligibility_drive,False
4,401858462,UCLA,Maryland,offense,eligible_possessions,10.0,1.0,10.0,observed,,mixed_eligibility_drive,False
4,401858462,UCLA,Maryland,defense,eligible_possessions,12.0,1.0,12.0,observed,,mixed_eligibility_drive,False
4,401858462,UCLA,Maryland,offense,offensive_possession_points,23.0,1.0,23.0,observed,,mixed_eligibility_drive,False
4,401858462,UCLA,Maryland,defense,offensive_possession_points,3.0,1.0,3.0,observed,,mixed_eligibility_drive,False
4,401858462,UCLA,Maryland,offense,ppp,23.0,10.0,2.3,observed,,mixed_eligibility_drive,True
4,401858462,UCLA,Maryland,defense,ppp,3.0,12.0,0.25,observed,,mixed_eligibility_drive,True
4,401858462,UCLA,Maryland,offense,non_offense_points,14.0,1.0,14.0,observed,,mixed_eligibility_drive,False
4,401858462,UCLA,Maryland,defense,non_offense_points,0.0,1.0,0.0,observed,,mixed_eligibility_drive,False
4,401858463,Michigan,Iowa,offense,eligible_possessions,10.0,1.0,10.0,observed,,mixed_eligibility_drive,False
4,401858463,Michigan,Iowa,defense,eligible_possessions,10.0,1.0,10.0,observed,,mixed_eligibility_drive,False
4,401858463,Michigan,Iowa,offense,offensive_possession_points,19.0,1.0,19.0,observed,,mixed_eligibility_drive,False
4,401858463,Michigan,Iowa,defense,offensive_possession_points,13.0,1.0,13.0,observed,,mixed_eligibility_drive,False
4,401858463,Michigan,Iowa,offense,ppp,19.0,10.0,1.9,observed,,mixed_eligibility_drive,True
4,401858463,Michigan,Iowa,defense,ppp,13.0,10.0,1.3,observed,,mixed_eligibility_drive,True
4,401858463,Michigan,Iowa,offense,non_offense_points,0.0,1.0,0.0,observed,,mixed_eligibility_drive,False
4,401858463,Michigan,Iowa,defense,non_offense_points,7.0,1.0,7.0,observed,,mixed_eligibility_drive,False
4,401858463,Iowa,Michigan,offense,eligible_possessions,10.0,1.0,10.0,observed,,mixed_eligibility_drive,False
4,401858463,Iowa,Michigan,defense,eligible_possessions,10.0,1.0,10.0,observed,,mixed_eligibility_drive,False
4,401858463,Iowa,Michigan,offense,offensive_possession_points,13.0,1.0,13.0,observed,,mixed_eligibility_drive,False
4,401858463,Iowa,Michigan,defense,offensive_possession_points,19.0,1.0,19.0,observed,,mixed_eligibility_drive,False
4,401858463,Iowa,Michigan,offense,ppp,13.0,10.0,1.3,observed,,mixed_eligibility_drive,True
4,401858463,Iowa,Michigan,defense,ppp,19.0,10.0,1.9,observed,,mixed_eligibility_drive,True
4,401858463,Iowa,Michigan,offense,non_offense_points,7.0,1.0,7.0,observed,,mixed_eligibility_drive,False
4,401858463,Iowa,Michigan,defense,non_offense_points,0.0,1.0,0.0,observed,,mixed_eligibility_drive,False
4,401858464,Michigan State,Nebraska,offense,eligible_possessions,10.0,1.0,10.0,observed,,mixed_eligibility_drive,False
4,401858464,Michigan State,Nebraska,defense,eligible_possessions,10.0,1.0,10.0,observed,,mixed_eligibility_drive,False
4,401858464,Michigan State,Nebraska,offense,offensive_possession_points,13.0,1.0,13.0,observed,,mixed_eligibility_drive,False
4,401858464,Michigan State,Nebraska,defense,offensive_possession_points,18.0,1.0,,missing,unresolved_scoring_attribution,mixed_eligibility_drive,False
4,401858464,Michigan State,Nebraska,offense,ppp,13.0,10.0,1.3,observed,,mixed_eligibility_drive,True
4,401858464,Michigan State,Nebraska,defense,ppp,18.0,10.0,,missing,unresolved_scoring_attribution,mixed_eligibility_drive,False
4,401858464,Michigan State,Nebraska,offense,non_offense_points,0.0,1.0,0.0,observed,,mixed_eligibility_drive,False
4,401858464,Michigan State,Nebraska,defense,non_offense_points,0.0,1.0,,missing,unresolved_scoring_attribution,mixed_eligibility_drive,False
4,401858464,Nebraska,Michigan State,offense,eligible_possessions,10.0,1.0,10.0,observed,,mixed_eligibility_drive,False
4,401858464,Nebraska,Michigan State,defense,eligible_possessions,10.0,1.0,10.0,observed,,mixed_eligibility_drive,False
4,401858464,Nebraska,Michigan State,offense,offensive_possession_points,18.0,1.0,,missing,unresolved_scoring_attribution,mixed_eligibility_drive,False
4,401858464,Nebraska,Michigan State,defense,offensive_possession_points,13.0,1.0,13.0,observed,,mixed_eligibility_drive,False
4,401858464,Nebraska,Michigan State,offense,ppp,18.0,10.0,,missing,unresolved_scoring_attribution,mixed_eligibility_drive,False
4,401858464,Nebraska,Michigan State,defense,ppp,13.0,10.0,1.3,observed,,mixed_eligibility_drive,True
4,401858464,Nebraska,Michigan State,offense,non_offense_points,0.0,1.0,,missing,unresolved_scoring_attribution,mixed_eligibility_drive,False
4,401858464,Nebraska,Michigan State,defense,non_offense_points,0.0,1.0,0.0,observed,,mixed_eligibility_drive,False
4,401858465,Ohio State,Illinois,offense,eligible_possessions,9.0,1.0,9.0,observed,,mixed_eligibility_drive,False
4,401858465,Ohio State,Illinois,defense,eligible_possessions,9.0,1.0,9.0,observed,,mixed_eligibility_drive,False
4,401858465,Ohio State,Illinois,offense,offensive_possession_points,41.0,1.0,41.0,observed,,mixed_eligibility_drive,False
4,401858465,Ohio State,Illinois,defense,offensive_possession_points,19.0,1.0,19.0,observed,,mixed_eligibility_drive,False
4,401858465,Ohio State,Illinois,offense,ppp,41.0,9.0,4.555555555555555,observed,,mixed_eligibility_drive,True
4,401858465,Ohio State,Illinois,defense,ppp,19.0,9.0,2.111111111111111,observed,,mixed_eligibility_drive,True
4,401858465,Ohio State,Illinois,offense,non_offense_points,1.0,1.0,1.0,observed,,mixed_eligibility_drive,False
4,401858465,Ohio State,Illinois,defense,non_offense_points,0.0,1.0,0.0,observed,,mixed_eligibility_drive,False
4,401858465,Illinois,Ohio State,offense,eligible_possessions,9.0,1.0,9.0,observed,,mixed_eligibility_drive,False
4,401858465,Illinois,Ohio State,defense,eligible_possessions,9.0,1.0,9.0,observed,,mixed_eligibility_drive,False
4,401858465,Illinois,Ohio State,offense,offensive_possession_points,19.0,1.0,19.0,observed,,mixed_eligibility_drive,False
4,401858465,Illinois,Ohio State,defense,offensive_possession_points,41.0,1.0,41.0,observed,,mixed_eligibility_drive,False
4,401858465,Illinois,Ohio State,offense,ppp,19.0,9.0,2.111111111111111,observed,,mixed_eligibility_drive,True
4,401858465,Illinois,Ohio State,defense,ppp,41.0,9.0,4.555555555555555,observed,,mixed_eligibility_drive,True
4,401858465,Illinois,Ohio State,offense,non_offense_points,0.0,1.0,0.0,observed,,mixed_eligibility_drive,False
4,401858465,Illinois,Ohio State,defense,non_offense_points,1.0,1.0,1.0,observed,,mixed_eligibility_drive,False
4,401858466,Penn State,Wisconsin,offense,eligible_possessions,13.0,1.0,13.0,observed,,mixed_eligibility_drive,False
4,401858466,Penn State,Wisconsin,defense,eligible_possessions,13.0,1.0,13.0,observed,,mixed_eligibility_drive,False
4,401858466,Penn State,Wisconsin,offense,offensive_possession_points,13.0,1.0,13.0,observed,,mixed_eligibility_drive,False
4,401858466,Penn State,Wisconsin,defense,offensive_possession_points,24.0,1.0,24.0,observed,,mixed_eligibility_drive,False
4,401858466,Penn State,Wisconsin,offense,ppp,13.0,13.0,1.0,observed,,mixed_eligibility_drive,True
4,401858466,Penn State,Wisconsin,defense,ppp,24.0,13.0,1.8461538461538463,observed,,mixed_eligibility_drive,True
4,401858466,Penn State,Wisconsin,offense,non_offense_points,7.0,1.0,7.0,observed,,mixed_eligibility_drive,False
4,401858466,Penn State,Wisconsin,defense,non_offense_points,0.0,1.0,0.0,observed,,mixed_eligibility_drive,False
4,401858466,Wisconsin,Penn State,offense,eligible_possessions,13.0,1.0,13.0,observed,,mixed_eligibility_drive,False
4,401858466,Wisconsin,Penn State,defense,eligible_possessions,13.0,1.0,13.0,observed,,mixed_eligibility_drive,False
4,401858466,Wisconsin,Penn State,offense,offensive_possession_points,24.0,1.0,24.0,observed,,mixed_eligibility_drive,False
4,401858466,Wisconsin,Penn State,defense,offensive_possession_points,13.0,1.0,13.0,observed,,mixed_eligibility_drive,False
4,401858466,Wisconsin,Penn State,offense,ppp,24.0,13.0,1.8461538461538463,observed,,mixed_eligibility_drive,True
4,401858466,Wisconsin,Penn State,defense,ppp,13.0,13.0,1.0,observed,,mixed_eligibility_drive,True
4,401858466,Wisconsin,Penn State,offense,non_offense_points,0.0,1.0,0.0,observed,,mixed_eligibility_drive,False
4,401858466,Wisconsin,Penn State,defense,non_offense_points,7.0,1.0,7.0,observed,,mixed_eligibility_drive,False
4,401858467,Purdue,Notre Dame,offense,eligible_possessions,7.0,1.0,7.0,observed,,mixed_eligibility_drive,False
4,401858467,Purdue,Notre Dame,defense,eligible_possessions,6.0,1.0,6.0,observed,,mixed_eligibility_drive,False
4,401858467,Purdue,Notre Dame,offense,offensive_possession_points,0.0,1.0,0.0,observed,,mixed_eligibility_drive,False
4,401858467,Purdue,Notre Dame,defense,offensive_possession_points,35.0,1.0,35.0,observed,,mixed_eligibility_drive,False
4,401858467,Purdue,Notre Dame,offense,ppp,0.0,7.0,0.0,observed,,mixed_eligibility_drive,True
4,401858467,Purdue,Notre Dame,defense,ppp,35.0,6.0,5.833333333333333,observed,,mixed_eligibility_drive,True
4,401858467,Purdue,Notre Dame,offense,non_offense_points,0.0,1.0,0.0,observed,,mixed_eligibility_drive,False
4,401858467,Purdue,Notre Dame,defense,non_offense_points,7.0,1.0,7.0,observed,,mixed_eligibility_drive,False
4,401858467,Notre Dame,Purdue,offense,eligible_possessions,6.0,1.0,6.0,observed,,mixed_eligibility_drive,False
4,401858467,Notre Dame,Purdue,defense,eligible_possessions,7.0,1.0,7.0,observed,,mixed_eligibility_drive,False
4,401858467,Notre Dame,Purdue,offense,offensive_possession_points,35.0,1.0,35.0,observed,,mixed_eligibility_drive,False
4,401858467,Notre Dame,Purdue,defense,offensive_possession_points,0.0,1.0,0.0,observed,,mixed_eligibility_drive,False
4,401858467,Notre Dame,Purdue,offense,ppp,35.0,6.0,5.833333333333333,observed,,mixed_eligibility_drive,True
4,401858467,Notre Dame,Purdue,defense,ppp,0.0,7.0,0.0,observed,,mixed_eligibility_drive,True
4,401858467,Notre Dame,Purdue,offense,non_offense_points,7.0,1.0,7.0,observed,,mixed_eligibility_drive,False
4,401858467,Notre Dame,Purdue,defense,non_offense_points,0.0,1.0,0.0,observed,,mixed_eligibility_drive,False
4,401858469,USC,Oregon,offense,eligible_possessions,10.0,1.0,10.0,observed,,mixed_eligibility_drive,False
4,401858469,USC,Oregon,defense,eligible_possessions,10.0,1.0,10.0,observed,,mixed_eligibility_drive,False
4,401858469,USC,Oregon,offense,offensive_possession_points,27.0,1.0,27.0,observed,,mixed_eligibility_drive,False
4,401858469,USC,Oregon,defense,offensive_possession_points,41.0,1.0,41.0,observed,,mixed_eligibility_drive,False
4,401858469,USC,Oregon,offense,ppp,27.0,10.0,2.7,observed,,mixed_eligibility_drive,True
4,401858469,USC,Oregon,defense,ppp,41.0,10.0,4.1,observed,,mixed_eligibility_drive,True
4,401858469,USC,Oregon,offense,non_offense_points,0.0,1.0,0.0,observed,,mixed_eligibility_drive,False
4,401858469,USC,Oregon,defense,non_offense_points,0.0,1.0,0.0,observed,,mixed_eligibility_drive,False
4,401858469,Oregon,USC,offense,eligible_possessions,10.0,1.0,10.0,observed,,mixed_eligibility_drive,False
4,401858469,Oregon,USC,defense,eligible_possessions,10.0,1.0,10.0,observed,,mixed_eligibility_drive,False
4,401858469,Oregon,USC,offense,offensive_possession_points,41.0,1.0,41.0,observed,,mixed_eligibility_drive,False
4,401858469,Oregon,USC,defense,offensive_possession_points,27.0,1.0,27.0,observed,,mixed_eligibility_drive,False
4,401858469,Oregon,USC,offense,ppp,41.0,10.0,4.1,observed,,mixed_eligibility_drive,True
4,401858469,Oregon,USC,defense,ppp,27.0,10.0,2.7,observed,,mixed_eligibility_drive,True
4,401858469,Oregon,USC,offense,non_offense_points,0.0,1.0,0.0,observed,,mixed_eligibility_drive,False
4,401858469,Oregon,USC,defense,non_offense_points,0.0,1.0,0.0,observed,,mixed_eligibility_drive,False
4,401858470,Washington,Minnesota,offense,eligible_possessions,13.0,1.0,13.0,observed,,mixed_eligibility_drive,False
4,401858470,Washington,Minnesota,defense,eligible_possessions,13.0,1.0,13.0,observed,,mixed_eligibility_drive,False
4,401858470,Washington,Minnesota,offense,offensive_possession_points,24.0,1.0,24.0,observed,,mixed_eligibility_drive,False
4,401858470,Washington,Minnesota,defense,offensive_possession_points,27.0,1.0,27.0,observed,,mixed_eligibility_drive,False
4,401858470,Washington,Minnesota,offense,ppp,24.0,13.0,1.8461538461538463,observed,,mixed_eligibility_drive,True
4,401858470,Washington,Minnesota,defense,ppp,27.0,13.0,2.076923076923077,observed,,mixed_eligibility_drive,True
4,401858470,Washington,Minnesota,offense,non_offense_points,0.0,1.0,0.0,observed,,mixed_eligibility_drive,False
4,401858470,Washington,Minnesota,defense,non_offense_points,0.0,1.0,0.0,observed,,mixed_eligibility_drive,False
4,401858470,Minnesota,Washington,offense,eligible_possessions,13.0,1.0,13.0,observed,,mixed_eligibility_drive,False
4,401858470,Minnesota,Washington,defense,eligible_possessions,13.0,1.0,13.0,observed,,mixed_eligibility_drive,False
4,401858470,Minnesota,Washington,offense,offensive_possession_points,27.0,1.0,27.0,observed,,mixed_eligibility_drive,False
4,401858470,Minnesota,Washington,defense,offensive_possession_points,24.0,1.0,24.0,observed,,mixed_eligibility_drive,False
4,401858470,Minnesota,Washington,offense,ppp,27.0,13.0,2.076923076923077,observed,,mixed_eligibility_drive,True
4,401858470,Minnesota,Washington,defense,ppp,24.0,13.0,1.8461538461538463,observed,,mixed_eligibility_drive,True
4,401858470,Minnesota,Washington,offense,non_offense_points,0.0,1.0,0.0,observed,,mixed_eligibility_drive,False
4,401858470,Minnesota,Washington,defense,non_offense_points,0.0,1.0,0.0,observed,,mixed_eligibility_drive,False
4,401860891,Fresno State,Rice,offense,eligible_possessions,11.0,1.0,11.0,observed,,mixed_eligibility_drive,False
4,401860891,Fresno State,Rice,defense,eligible_possessions,10.0,1.0,10.0,observed,,mixed_eligibility_drive,False
4,401860891,Fresno State,Rice,offense,offensive_possession_points,38.0,1.0,38.0,observed,,mixed_eligibility_drive,False
4,401860891,Fresno State,Rice,defense,offensive_possession_points,24.0,1.0,24.0,observed,,mixed_eligibility_drive,False
4,401860891,Fresno State,Rice,offense,ppp,38.0,11.0,3.4545454545454546,observed,,mixed_eligibility_drive,True
4,401860891,Fresno State,Rice,defense,ppp,24.0,10.0,2.4,observed,,mixed_eligibility_drive,True
4,401860891,Fresno State,Rice,offense,non_offense_points,0.0,1.0,0.0,observed,,mixed_eligibility_drive,False
4,401860891,Fresno State,Rice,defense,non_offense_points,0.0,1.0,0.0,observed,,mixed_eligibility_drive,False
4,401860891,Rice,Fresno State,offense,eligible_possessions,10.0,1.0,10.0,observed,,mixed_eligibility_drive,False
4,401860891,Rice,Fresno State,defense,eligible_possessions,11.0,1.0,11.0,observed,,mixed_eligibility_drive,False
4,401860891,Rice,Fresno State,offense,offensive_possession_points,24.0,1.0,24.0,observed,,mixed_eligibility_drive,False
4,401860891,Rice,Fresno State,defense,offensive_possession_points,38.0,1.0,38.0,observed,,mixed_eligibility_drive,False
4,401860891,Rice,Fresno State,offense,ppp,24.0,10.0,2.4,observed,,mixed_eligibility_drive,True
4,401860891,Rice,Fresno State,defense,ppp,38.0,11.0,3.4545454545454546,observed,,mixed_eligibility_drive,True
4,401860891,Rice,Fresno State,offense,non_offense_points,0.0,1.0,0.0,observed,,mixed_eligibility_drive,False
4,401860891,Rice,Fresno State,defense,non_offense_points,0.0,1.0,0.0,observed,,mixed_eligibility_drive,False
4,401860893,Toledo,San Diego State,offense,eligible_possessions,11.0,1.0,11.0,observed,,mixed_eligibility_drive,False
4,401860893,Toledo,San Diego State,defense,eligible_possessions,12.0,1.0,12.0,observed,,mixed_eligibility_drive,False
4,401860893,Toledo,San Diego State,offense,offensive_possession_points,34.0,1.0,34.0,observed,,mixed_eligibility_drive,False
4,401860893,Toledo,San Diego State,defense,offensive_possession_points,16.0,1.0,16.0,observed,,mixed_eligibility_drive,False
4,401860893,Toledo,San Diego State,offense,ppp,34.0,11.0,3.090909090909091,observed,,mixed_eligibility_drive,True
4,401860893,Toledo,San Diego State,defense,ppp,16.0,12.0,1.3333333333333333,observed,,mixed_eligibility_drive,True
4,401860893,Toledo,San Diego State,offense,non_offense_points,7.0,1.0,7.0,observed,,mixed_eligibility_drive,False
4,401860893,Toledo,San Diego State,defense,non_offense_points,0.0,1.0,0.0,observed,,mixed_eligibility_drive,False
4,401860893,San Diego State,Toledo,offense,eligible_possessions,12.0,1.0,12.0,observed,,mixed_eligibility_drive,False
4,401860893,San Diego State,Toledo,defense,eligible_possessions,11.0,1.0,11.0,observed,,mixed_eligibility_drive,False
4,401860893,San Diego State,Toledo,offense,offensive_possession_points,16.0,1.0,16.0,observed,,mixed_eligibility_drive,False
4,401860893,San Diego State,Toledo,defense,offensive_possession_points,34.0,1.0,34.0,observed,,mixed_eligibility_drive,False
4,401860893,San Diego State,Toledo,offense,ppp,16.0,12.0,1.3333333333333333,observed,,mixed_eligibility_drive,True
4,401860893,San Diego State,Toledo,defense,ppp,34.0,11.0,3.090909090909091,observed,,mixed_eligibility_drive,True
4,401860893,San Diego State,Toledo,offense,non_offense_points,0.0,1.0,0.0,observed,,mixed_eligibility_drive,False
4,401860893,San Diego State,Toledo,defense,non_offense_points,7.0,1.0,7.0,observed,,mixed_eligibility_drive,False
4,401860894,Utah State,Troy,offense,eligible_possessions,13.0,1.0,13.0,observed,,mixed_eligibility_drive,False
4,401860894,Utah State,Troy,defense,eligible_possessions,12.0,1.0,12.0,observed,,mixed_eligibility_drive,False
4,401860894,Utah State,Troy,offense,offensive_possession_points,21.0,1.0,21.0,observed,,mixed_eligibility_drive,False
4,401860894,Utah State,Troy,defense,offensive_possession_points,10.0,1.0,10.0,observed,,mixed_eligibility_drive,False
4,401860894,Utah State,Troy,offense,ppp,21.0,13.0,1.6153846153846154,observed,,mixed_eligibility_drive,True
4,401860894,Utah State,Troy,defense,ppp,10.0,12.0,0.8333333333333334,observed,,mixed_eligibility_drive,True
4,401860894,Utah State,Troy,offense,non_offense_points,0.0,1.0,0.0,observed,,mixed_eligibility_drive,False
4,401860894,Utah State,Troy,defense,non_offense_points,0.0,1.0,0.0,observed,,mixed_eligibility_drive,False
4,401860894,Troy,Utah State,offense,eligible_possessions,12.0,1.0,12.0,observed,,mixed_eligibility_drive,False
4,401860894,Troy,Utah State,defense,eligible_possessions,13.0,1.0,13.0,observed,,mixed_eligibility_drive,False
4,401860894,Troy,Utah State,offense,offensive_possession_points,10.0,1.0,10.0,observed,,mixed_eligibility_drive,False
4,401860894,Troy,Utah State,defense,offensive_possession_points,21.0,1.0,21.0,observed,,mixed_eligibility_drive,False
4,401860894,Troy,Utah State,offense,ppp,10.0,12.0,0.8333333333333334,observed,,mixed_eligibility_drive,True
4,401860894,Troy,Utah State,defense,ppp,21.0,13.0,1.6153846153846154,observed,,mixed_eligibility_drive,True
4,401860894,Troy,Utah State,offense,non_offense_points,0.0,1.0,0.0,observed,,mixed_eligibility_drive,False
4,401860894,Troy,Utah State,defense,non_offense_points,0.0,1.0,0.0,observed,,mixed_eligibility_drive,False
4,401860895,UTEP,Oregon State,offense,eligible_possessions,10.0,1.0,10.0,observed,,mixed_eligibility_drive,False
4,401860895,UTEP,Oregon State,defense,eligible_possessions,10.0,1.0,10.0,observed,,mixed_eligibility_drive,False
4,401860895,UTEP,Oregon State,offense,offensive_possession_points,7.0,1.0,7.0,observed,,mixed_eligibility_drive,False
4,401860895,UTEP,Oregon State,defense,offensive_possession_points,33.0,1.0,33.0,observed,,mixed_eligibility_drive,False
4,401860895,UTEP,Oregon State,offense,ppp,7.0,10.0,0.7,observed,,mixed_eligibility_drive,True
4,401860895,UTEP,Oregon State,defense,ppp,33.0,10.0,3.3,observed,,mixed_eligibility_drive,True
4,401860895,UTEP,Oregon State,offense,non_offense_points,0.0,1.0,0.0,observed,,mixed_eligibility_drive,False
4,401860895,UTEP,Oregon State,defense,non_offense_points,0.0,1.0,0.0,observed,,mixed_eligibility_drive,False
4,401860895,Oregon State,UTEP,offense,eligible_possessions,10.0,1.0,10.0,observed,,mixed_eligibility_drive,False
4,401860895,Oregon State,UTEP,defense,eligible_possessions,10.0,1.0,10.0,observed,,mixed_eligibility_drive,False
4,401860895,Oregon State,UTEP,offense,offensive_possession_points,33.0,1.0,33.0,observed,,mixed_eligibility_drive,False
4,401860895,Oregon State,UTEP,defense,offensive_possession_points,7.0,1.0,7.0,observed,,mixed_eligibility_drive,False
4,401860895,Oregon State,UTEP,offense,ppp,33.0,10.0,3.3,observed,,mixed_eligibility_drive,True
4,401860895,Oregon State,UTEP,defense,ppp,7.0,10.0,0.7,observed,,mixed_eligibility_drive,True
4,401860895,Oregon State,UTEP,offense,non_offense_points,0.0,1.0,0.0,observed,,mixed_eligibility_drive,False
4,401860895,Oregon State,UTEP,defense,non_offense_points,0.0,1.0,0.0,observed,,mixed_eligibility_drive,False
4,401860896,UTSA,Colorado State,offense,eligible_possessions,13.0,1.0,13.0,observed,,mixed_eligibility_drive,False
4,401860896,UTSA,Colorado State,defense,eligible_possessions,12.0,1.0,12.0,observed,,mixed_eligibility_drive,False
4,401860896,UTSA,Colorado State,offense,offensive_possession_points,52.0,1.0,52.0,observed,,mixed_eligibility_drive,False
4,401860896,UTSA,Colorado State,defense,offensive_possession_points,38.0,1.0,38.0,observed,,mixed_eligibility_drive,False
4,401860896,UTSA,Colorado State,offense,ppp,52.0,13.0,4.0,observed,,mixed_eligibility_drive,True
4,401860896,UTSA,Colorado State,defense,ppp,38.0,12.0,3.1666666666666665,observed,,mixed_eligibility_drive,True
4,401860896,UTSA,Colorado State,offense,non_offense_points,7.0,1.0,7.0,observed,,mixed_eligibility_drive,False
4,401860896,UTSA,Colorado State,defense,non_offense_points,1.0,1.0,1.0,observed,,mixed_eligibility_drive,False
4,401860896,Colorado State,UTSA,offense,eligible_possessions,12.0,1.0,12.0,observed,,mixed_eligibility_drive,False
4,401860896,Colorado State,UTSA,defense,eligible_possessions,13.0,1.0,13.0,observed,,mixed_eligibility_drive,False
4,401860896,Colorado State,UTSA,offense,offensive_possession_points,38.0,1.0,38.0,observed,,mixed_eligibility_drive,False
4,401860896,Colorado State,UTSA,defense,offensive_possession_points,52.0,1.0,52.0,observed,,mixed_eligibility_drive,False
4,401860896,Colorado State,UTSA,offense,ppp,38.0,12.0,3.1666666666666665,observed,,mixed_eligibility_drive,True
4,401860896,Colorado State,UTSA,defense,ppp,52.0,13.0,4.0,observed,,mixed_eligibility_drive,True
4,401860896,Colorado State,UTSA,offense,non_offense_points,1.0,1.0,1.0,observed,,mixed_eligibility_drive,False
4,401860896,Colorado State,UTSA,defense,non_offense_points,7.0,1.0,7.0,observed,,mixed_eligibility_drive,False
4,401860897,Western Michigan,Boise State,offense,eligible_possessions,8.0,1.0,8.0,observed,,mixed_eligibility_drive,False
4,401860897,Western Michigan,Boise State,defense,eligible_possessions,9.0,1.0,9.0,observed,,mixed_eligibility_drive,False
4,401860897,Western Michigan,Boise State,offense,offensive_possession_points,7.0,1.0,7.0,observed,,mixed_eligibility_drive,False
4,401860897,Western Michigan,Boise State,defense,offensive_possession_points,32.0,1.0,32.0,observed,,mixed_eligibility_drive,False
4,401860897,Western Michigan,Boise State,offense,ppp,7.0,8.0,0.875,observed,,mixed_eligibility_drive,True
4,401860897,Western Michigan,Boise State,defense,ppp,32.0,9.0,3.5555555555555554,observed,,mixed_eligibility_drive,True
4,401860897,Western Michigan,Boise State,offense,non_offense_points,0.0,1.0,0.0,observed,,mixed_eligibility_drive,False
4,401860897,Western Michigan,Boise State,defense,non_offense_points,0.0,1.0,0.0,observed,,mixed_eligibility_drive,False
4,401860897,Boise State,Western Michigan,offense,eligible_possessions,9.0,1.0,9.0,observed,,mixed_eligibility_drive,False
4,401860897,Boise State,Western Michigan,defense,eligible_possessions,8.0,1.0,8.0,observed,,mixed_eligibility_drive,False
4,401860897,Boise State,Western Michigan,offense,offensive_possession_points,32.0,1.0,32.0,observed,,mixed_eligibility_drive,False
4,401860897,Boise State,Western Michigan,defense,offensive_possession_points,7.0,1.0,7.0,observed,,mixed_eligibility_drive,False
4,401860897,Boise State,Western Michigan,offense,ppp,32.0,9.0,3.5555555555555554,observed,,mixed_eligibility_drive,True
4,401860897,Boise State,Western Michigan,defense,ppp,7.0,8.0,0.875,observed,,mixed_eligibility_drive,True
4,401860897,Boise State,Western Michigan,offense,non_offense_points,0.0,1.0,0.0,observed,,mixed_eligibility_drive,False
4,401860897,Boise State,Western Michigan,defense,non_offense_points,0.0,1.0,0.0,observed,,mixed_eligibility_drive,False
4,401861970,Miami (OH),UConn,offense,eligible_possessions,10.0,1.0,10.0,observed,,mixed_eligibility_drive,False
4,401861970,Miami (OH),UConn,defense,eligible_possessions,11.0,1.0,11.0,observed,,mixed_eligibility_drive,False
4,401861970,Miami (OH),UConn,offense,offensive_possession_points,1.0,1.0,,missing,unresolved_scoring_attribution,mixed_eligibility_drive,False
4,401861970,Miami (OH),UConn,defense,offensive_possession_points,20.0,1.0,20.0,observed,,mixed_eligibility_drive,False
4,401861970,Miami (OH),UConn,offense,ppp,1.0,10.0,,missing,unresolved_scoring_attribution,mixed_eligibility_drive,False
4,401861970,Miami (OH),UConn,defense,ppp,20.0,11.0,1.8181818181818181,observed,,mixed_eligibility_drive,True
4,401861970,Miami (OH),UConn,offense,non_offense_points,0.0,1.0,,missing,unresolved_scoring_attribution,mixed_eligibility_drive,False
4,401861970,Miami (OH),UConn,defense,non_offense_points,1.0,1.0,1.0,observed,,mixed_eligibility_drive,False
4,401861970,UConn,Miami (OH),offense,eligible_possessions,11.0,1.0,11.0,observed,,mixed_eligibility_drive,False
4,401861970,UConn,Miami (OH),defense,eligible_possessions,10.0,1.0,10.0,observed,,mixed_eligibility_drive,False
4,401861970,UConn,Miami (OH),offense,offensive_possession_points,20.0,1.0,20.0,observed,,mixed_eligibility_drive,False
4,401861970,UConn,Miami (OH),defense,offensive_possession_points,1.0,1.0,,missing,unresolved_scoring_attribution,mixed_eligibility_drive,False
4,401861970,UConn,Miami (OH),offense,ppp,20.0,11.0,1.8181818181818181,observed,,mixed_eligibility_drive,True
4,401861970,UConn,Miami (OH),defense,ppp,1.0,10.0,,missing,unresolved_scoring_attribution,mixed_eligibility_drive,False
4,401861970,UConn,Miami (OH),offense,non_offense_points,1.0,1.0,1.0,observed,,mixed_eligibility_drive,False
4,401861970,UConn,Miami (OH),defense,non_offense_points,0.0,1.0,,missing,unresolved_scoring_attribution,mixed_eligibility_drive,False
4,401862778,UAB,Navy,offense,eligible_possessions,11.0,1.0,11.0,observed,,mixed_eligibility_drive,False
4,401862778,UAB,Navy,defense,eligible_possessions,11.0,1.0,11.0,observed,,mixed_eligibility_drive,False
4,401862778,UAB,Navy,offense,offensive_possession_points,24.0,1.0,24.0,observed,,mixed_eligibility_drive,False
4,401862778,UAB,Navy,defense,offensive_possession_points,20.0,1.0,20.0,observed,,mixed_eligibility_drive,False
4,401862778,UAB,Navy,offense,ppp,24.0,11.0,2.1818181818181817,observed,,mixed_eligibility_drive,True
4,401862778,UAB,Navy,defense,ppp,20.0,11.0,1.8181818181818181,observed,,mixed_eligibility_drive,True
4,401862778,UAB,Navy,offense,non_offense_points,0.0,1.0,0.0,observed,,mixed_eligibility_drive,False
4,401862778,UAB,Navy,defense,non_offense_points,0.0,1.0,0.0,observed,,mixed_eligibility_drive,False
4,401862778,Navy,UAB,offense,eligible_possessions,11.0,1.0,11.0,observed,,mixed_eligibility_drive,False
4,401862778,Navy,UAB,defense,eligible_possessions,11.0,1.0,11.0,observed,,mixed_eligibility_drive,False
4,401862778,Navy,UAB,offense,offensive_possession_points,20.0,1.0,20.0,observed,,mixed_eligibility_drive,False
4,401862778,Navy,UAB,defense,offensive_possession_points,24.0,1.0,24.0,observed,,mixed_eligibility_drive,False
4,401862778,Navy,UAB,offense,ppp,20.0,11.0,1.8181818181818181,observed,,mixed_eligibility_drive,True
4,401862778,Navy,UAB,defense,ppp,24.0,11.0,2.1818181818181817,observed,,mixed_eligibility_drive,True
4,401862778,Navy,UAB,offense,non_offense_points,0.0,1.0,0.0,observed,,mixed_eligibility_drive,False
4,401862778,Navy,UAB,defense,non_offense_points,0.0,1.0,0.0,observed,,mixed_eligibility_drive,False
4,401862779,Temple,Army,offense,eligible_possessions,8.0,1.0,8.0,observed,,mixed_eligibility_drive,False
4,401862779,Temple,Army,defense,eligible_possessions,9.0,1.0,9.0,observed,,mixed_eligibility_drive,False
4,401862779,Temple,Army,offense,offensive_possession_points,17.0,1.0,17.0,observed,,mixed_eligibility_drive,False
4,401862779,Temple,Army,defense,offensive_possession_points,21.0,1.0,21.0,observed,,mixed_eligibility_drive,False
4,401862779,Temple,Army,offense,ppp,17.0,8.0,2.125,observed,,mixed_eligibility_drive,True
4,401862779,Temple,Army,defense,ppp,21.0,9.0,2.3333333333333335,observed,,mixed_eligibility_drive,True
4,401862779,Temple,Army,offense,non_offense_points,0.0,1.0,0.0,observed,,mixed_eligibility_drive,False
4,401862779,Temple,Army,defense,non_offense_points,0.0,1.0,0.0,observed,,mixed_eligibility_drive,False
4,401862779,Army,Temple,offense,eligible_possessions,9.0,1.0,9.0,observed,,mixed_eligibility_drive,False
4,401862779,Army,Temple,defense,eligible_possessions,8.0,1.0,8.0,observed,,mixed_eligibility_drive,False
4,401862779,Army,Temple,offense,offensive_possession_points,21.0,1.0,21.0,observed,,mixed_eligibility_drive,False
4,401862779,Army,Temple,defense,offensive_possession_points,17.0,1.0,17.0,observed,,mixed_eligibility_drive,False
4,401862779,Army,Temple,offense,ppp,21.0,9.0,2.3333333333333335,observed,,mixed_eligibility_drive,True
4,401862779,Army,Temple,defense,ppp,17.0,8.0,2.125,observed,,mixed_eligibility_drive,True
4,401862779,Army,Temple,offense,non_offense_points,0.0,1.0,0.0,observed,,mixed_eligibility_drive,False
4,401862779,Army,Temple,defense,non_offense_points,0.0,1.0,0.0,observed,,mixed_eligibility_drive,False
4,401862780,Charlotte,Louisiana,offense,eligible_possessions,11.0,1.0,11.0,observed,,mixed_eligibility_drive,False
4,401862780,Charlotte,Louisiana,defense,eligible_possessions,13.0,1.0,13.0,observed,,mixed_eligibility_drive,False
4,401862780,Charlotte,Louisiana,offense,offensive_possession_points,0.0,1.0,0.0,observed,,mixed_eligibility_drive,False
4,401862780,Charlotte,Louisiana,defense,offensive_possession_points,34.0,1.0,34.0,observed,,mixed_eligibility_drive,False
4,401862780,Charlotte,Louisiana,offense,ppp,0.0,11.0,0.0,observed,,mixed_eligibility_drive,True
4,401862780,Charlotte,Louisiana,defense,ppp,34.0,13.0,2.6153846153846154,observed,,mixed_eligibility_drive,True
4,401862780,Charlotte,Louisiana,offense,non_offense_points,7.0,1.0,7.0,observed,,mixed_eligibility_drive,False
4,401862780,Charlotte,Louisiana,defense,non_offense_points,0.0,1.0,0.0,observed,,mixed_eligibility_drive,False
4,401862780,Louisiana,Charlotte,offense,eligible_possessions,13.0,1.0,13.0,observed,,mixed_eligibility_drive,False
4,401862780,Louisiana,Charlotte,defense,eligible_possessions,11.0,1.0,11.0,observed,,mixed_eligibility_drive,False
4,401862780,Louisiana,Charlotte,offense,offensive_possession_points,34.0,1.0,34.0,observed,,mixed_eligibility_drive,False
4,401862780,Louisiana,Charlotte,defense,offensive_possession_points,0.0,1.0,0.0,observed,,mixed_eligibility_drive,False
4,401862780,Louisiana,Charlotte,offense,ppp,34.0,13.0,2.6153846153846154,observed,,mixed_eligibility_drive,True
4,401862780,Louisiana,Charlotte,defense,ppp,0.0,11.0,0.0,observed,,mixed_eligibility_drive,True
4,401862780,Louisiana,Charlotte,offense,non_offense_points,0.0,1.0,0.0,observed,,mixed_eligibility_drive,False
4,401862780,Louisiana,Charlotte,defense,non_offense_points,7.0,1.0,7.0,observed,,mixed_eligibility_drive,False
4,401862782,UL Monroe,Florida Atlantic,offense,eligible_possessions,10.0,1.0,10.0,observed,,mixed_eligibility_drive,False
4,401862782,UL Monroe,Florida Atlantic,defense,eligible_possessions,9.0,1.0,9.0,observed,,mixed_eligibility_drive,False
4,401862782,UL Monroe,Florida Atlantic,offense,offensive_possession_points,17.0,1.0,17.0,observed,,mixed_eligibility_drive,False
4,401862782,UL Monroe,Florida Atlantic,defense,offensive_possession_points,38.0,1.0,38.0,observed,,mixed_eligibility_drive,False
4,401862782,UL Monroe,Florida Atlantic,offense,ppp,17.0,10.0,1.7,observed,,mixed_eligibility_drive,True
4,401862782,UL Monroe,Florida Atlantic,defense,ppp,38.0,9.0,4.222222222222222,observed,,mixed_eligibility_drive,True
4,401862782,UL Monroe,Florida Atlantic,offense,non_offense_points,0.0,1.0,0.0,observed,,mixed_eligibility_drive,False
4,401862782,UL Monroe,Florida Atlantic,defense,non_offense_points,7.0,1.0,7.0,observed,,mixed_eligibility_drive,False
4,401862782,Florida Atlantic,UL Monroe,offense,eligible_possessions,9.0,1.0,9.0,observed,,mixed_eligibility_drive,False
4,401862782,Florida Atlantic,UL Monroe,defense,eligible_possessions,10.0,1.0,10.0,observed,,mixed_eligibility_drive,False
4,401862782,Florida Atlantic,UL Monroe,offense,offensive_possession_points,38.0,1.0,38.0,observed,,mixed_eligibility_drive,False
4,401862782,Florida Atlantic,UL Monroe,defense,offensive_possession_points,17.0,1.0,17.0,observed,,mixed_eligibility_drive,False
4,401862782,Florida Atlantic,UL Monroe,offense,ppp,38.0,9.0,4.222222222222222,observed,,mixed_eligibility_drive,True
4,401862782,Florida Atlantic,UL Monroe,defense,ppp,17.0,10.0,1.7,observed,,mixed_eligibility_drive,True
4,401862782,Florida Atlantic,UL Monroe,offense,non_offense_points,7.0,1.0,7.0,observed,,mixed_eligibility_drive,False
4,401862782,Florida Atlantic,UL Monroe,defense,non_offense_points,0.0,1.0,0.0,observed,,mixed_eligibility_drive,False
4,401862784,Tulane,Southern Miss,offense,eligible_possessions,15.0,1.0,15.0,observed,,mixed_eligibility_drive,False
4,401862784,Tulane,Southern Miss,defense,eligible_possessions,14.0,1.0,14.0,observed,,mixed_eligibility_drive,False
4,401862784,Tulane,Southern Miss,offense,offensive_possession_points,24.0,1.0,24.0,observed,,mixed_eligibility_drive,False
4,401862784,Tulane,Southern Miss,defense,offensive_possession_points,21.0,1.0,21.0,observed,,mixed_eligibility_drive,False
4,401862784,Tulane,Southern Miss,offense,ppp,24.0,15.0,1.6,observed,,mixed_eligibility_drive,True
4,401862784,Tulane,Southern Miss,defense,ppp,21.0,14.0,1.5,observed,,mixed_eligibility_drive,True
4,401862784,Tulane,Southern Miss,offense,non_offense_points,0.0,1.0,0.0,observed,,mixed_eligibility_drive,False
4,401862784,Tulane,Southern Miss,defense,non_offense_points,0.0,1.0,0.0,observed,,mixed_eligibility_drive,False
4,401862784,Southern Miss,Tulane,offense,eligible_possessions,14.0,1.0,14.0,observed,,mixed_eligibility_drive,False
4,401862784,Southern Miss,Tulane,defense,eligible_possessions,15.0,1.0,15.0,observed,,mixed_eligibility_drive,False
4,401862784,Southern Miss,Tulane,offense,offensive_possession_points,21.0,1.0,21.0,observed,,mixed_eligibility_drive,False
4,401862784,Southern Miss,Tulane,defense,offensive_possession_points,24.0,1.0,24.0,observed,,mixed_eligibility_drive,False
4,401862784,Southern Miss,Tulane,offense,ppp,21.0,14.0,1.5,observed,,mixed_eligibility_drive,True
4,401862784,Southern Miss,Tulane,defense,ppp,24.0,15.0,1.6,observed,,mixed_eligibility_drive,True
4,401862784,Southern Miss,Tulane,offense,non_offense_points,0.0,1.0,0.0,observed,,mixed_eligibility_drive,False
4,401862784,Southern Miss,Tulane,defense,non_offense_points,0.0,1.0,0.0,observed,,mixed_eligibility_drive,False
4,401862785,Bowling Green,South Florida,offense,eligible_possessions,10.0,1.0,10.0,observed,,mixed_eligibility_drive,False
4,401862785,Bowling Green,South Florida,defense,eligible_possessions,11.0,1.0,11.0,observed,,mixed_eligibility_drive,False
4,401862785,Bowling Green,South Florida,offense,offensive_possession_points,6.0,1.0,6.0,observed,,mixed_eligibility_drive,False
4,401862785,Bowling Green,South Florida,defense,offensive_possession_points,14.0,1.0,14.0,observed,,mixed_eligibility_drive,False
4,401862785,Bowling Green,South Florida,offense,ppp,6.0,10.0,0.6,observed,,mixed_eligibility_drive,True
4,401862785,Bowling Green,South Florida,defense,ppp,14.0,11.0,1.2727272727272727,observed,,mixed_eligibility_drive,True
4,401862785,Bowling Green,South Florida,offense,non_offense_points,0.0,1.0,0.0,observed,,mixed_eligibility_drive,False
4,401862785,Bowling Green,South Florida,defense,non_offense_points,0.0,1.0,0.0,observed,,mixed_eligibility_drive,False
4,401862785,South Florida,Bowling Green,offense,eligible_possessions,11.0,1.0,11.0,observed,,mixed_eligibility_drive,False
4,401862785,South Florida,Bowling Green,defense,eligible_possessions,10.0,1.0,10.0,observed,,mixed_eligibility_drive,False
4,401862785,South Florida,Bowling Green,offense,offensive_possession_points,14.0,1.0,14.0,observed,,mixed_eligibility_drive,False
4,401862785,South Florida,Bowling Green,defense,offensive_possession_points,6.0,1.0,6.0,observed,,mixed_eligibility_drive,False
4,401862785,South Florida,Bowling Green,offense,ppp,14.0,11.0,1.2727272727272727,observed,,mixed_eligibility_drive,True
4,401862785,South Florida,Bowling Green,defense,ppp,6.0,10.0,0.6,observed,,mixed_eligibility_drive,True
4,401862785,South Florida,Bowling Green,offense,non_offense_points,0.0,1.0,0.0,observed,,mixed_eligibility_drive,False
4,401862785,South Florida,Bowling Green,defense,non_offense_points,0.0,1.0,0.0,observed,,mixed_eligibility_drive,False
4,401864509,Nevada,Air Force,offense,eligible_possessions,10.0,1.0,10.0,observed,,mixed_eligibility_drive,False
4,401864509,Nevada,Air Force,defense,eligible_possessions,10.0,1.0,10.0,observed,,mixed_eligibility_drive,False
4,401864509,Nevada,Air Force,offense,offensive_possession_points,27.0,1.0,27.0,observed,,mixed_eligibility_drive,False
4,401864509,Nevada,Air Force,defense,offensive_possession_points,27.0,1.0,27.0,observed,,mixed_eligibility_drive,False
4,401864509,Nevada,Air Force,offense,ppp,27.0,10.0,2.7,observed,,mixed_eligibility_drive,True
4,401864509,Nevada,Air Force,defense,ppp,27.0,10.0,2.7,observed,,mixed_eligibility_drive,True
4,401864509,Nevada,Air Force,offense,non_offense_points,0.0,1.0,0.0,observed,,mixed_eligibility_drive,False
4,401864509,Nevada,Air Force,defense,non_offense_points,0.0,1.0,0.0,observed,,mixed_eligibility_drive,False
4,401864509,Air Force,Nevada,offense,eligible_possessions,10.0,1.0,10.0,observed,,mixed_eligibility_drive,False
4,401864509,Air Force,Nevada,defense,eligible_possessions,10.0,1.0,10.0,observed,,mixed_eligibility_drive,False
4,401864509,Air Force,Nevada,offense,offensive_possession_points,27.0,1.0,27.0,observed,,mixed_eligibility_drive,False
4,401864509,Air Force,Nevada,defense,offensive_possession_points,27.0,1.0,27.0,observed,,mixed_eligibility_drive,False
4,401864509,Air Force,Nevada,offense,ppp,27.0,10.0,2.7,observed,,mixed_eligibility_drive,True
4,401864509,Air Force,Nevada,defense,ppp,27.0,10.0,2.7,observed,,mixed_eligibility_drive,True
4,401864509,Air Force,Nevada,offense,non_offense_points,0.0,1.0,0.0,observed,,mixed_eligibility_drive,False
4,401864509,Air Force,Nevada,defense,non_offense_points,0.0,1.0,0.0,observed,,mixed_eligibility_drive,False
4,401864510,Wyoming,Hawai'i,offense,eligible_possessions,8.0,1.0,8.0,observed,,mixed_eligibility_drive,False
4,401864510,Wyoming,Hawai'i,defense,eligible_possessions,8.0,1.0,8.0,observed,,mixed_eligibility_drive,False
4,401864510,Wyoming,Hawai'i,offense,offensive_possession_points,27.0,1.0,27.0,observed,,mixed_eligibility_drive,False
4,401864510,Wyoming,Hawai'i,defense,offensive_possession_points,9.0,1.0,9.0,observed,,mixed_eligibility_drive,False
4,401864510,Wyoming,Hawai'i,offense,ppp,27.0,8.0,3.375,observed,,mixed_eligibility_drive,True
4,401864510,Wyoming,Hawai'i,defense,ppp,9.0,8.0,1.125,observed,,mixed_eligibility_drive,True
4,401864510,Wyoming,Hawai'i,offense,non_offense_points,0.0,1.0,0.0,observed,,mixed_eligibility_drive,False
4,401864510,Wyoming,Hawai'i,defense,non_offense_points,1.0,1.0,1.0,observed,,mixed_eligibility_drive,False
4,401864510,Hawai'i,Wyoming,offense,eligible_possessions,8.0,1.0,8.0,observed,,mixed_eligibility_drive,False
4,401864510,Hawai'i,Wyoming,defense,eligible_possessions,8.0,1.0,8.0,observed,,mixed_eligibility_drive,False
4,401864510,Hawai'i,Wyoming,offense,offensive_possession_points,9.0,1.0,9.0,observed,,mixed_eligibility_drive,False
4,401864510,Hawai'i,Wyoming,defense,offensive_possession_points,27.0,1.0,27.0,observed,,mixed_eligibility_drive,False
4,401864510,Hawai'i,Wyoming,offense,ppp,9.0,8.0,1.125,observed,,mixed_eligibility_drive,True
4,401864510,Hawai'i,Wyoming,defense,ppp,27.0,8.0,3.375,observed,,mixed_eligibility_drive,True
4,401864510,Hawai'i,Wyoming,offense,non_offense_points,1.0,1.0,1.0,observed,,mixed_eligibility_drive,False
4,401864510,Hawai'i,Wyoming,defense,non_offense_points,0.0,1.0,0.0,observed,,mixed_eligibility_drive,False
4,401864511,Georgia State,Northern Illinois,offense,eligible_possessions,12.0,1.0,12.0,observed,,mixed_eligibility_drive,False
4,401864511,Georgia State,Northern Illinois,defense,eligible_possessions,11.0,1.0,11.0,observed,,mixed_eligibility_drive,False
4,401864511,Georgia State,Northern Illinois,offense,offensive_possession_points,28.0,1.0,28.0,observed,,mixed_eligibility_drive,False
4,401864511,Georgia State,Northern Illinois,defense,offensive_possession_points,14.0,1.0,14.0,observed,,mixed_eligibility_drive,False
4,401864511,Georgia State,Northern Illinois,offense,ppp,28.0,12.0,2.3333333333333335,observed,,mixed_eligibility_drive,True
4,401864511,Georgia State,Northern Illinois,defense,ppp,14.0,11.0,1.2727272727272727,observed,,mixed_eligibility_drive,True
4,401864511,Georgia State,Northern Illinois,offense,non_offense_points,7.0,1.0,7.0,observed,,mixed_eligibility_drive,False
4,401864511,Georgia State,Northern Illinois,defense,non_offense_points,0.0,1.0,0.0,observed,,mixed_eligibility_drive,False
4,401864511,Northern Illinois,Georgia State,offense,eligible_possessions,11.0,1.0,11.0,observed,,mixed_eligibility_drive,False
4,401864511,Northern Illinois,Georgia State,defense,eligible_possessions,12.0,1.0,12.0,observed,,mixed_eligibility_drive,False
4,401864511,Northern Illinois,Georgia State,offense,offensive_possession_points,14.0,1.0,14.0,observed,,mixed_eligibility_drive,False
4,401864511,Northern Illinois,Georgia State,defense,offensive_possession_points,28.0,1.0,28.0,observed,,mixed_eligibility_drive,False
4,401864511,Northern Illinois,Georgia State,offense,ppp,14.0,11.0,1.2727272727272727,observed,,mixed_eligibility_drive,True
4,401864511,Northern Illinois,Georgia State,defense,ppp,28.0,12.0,2.3333333333333335,observed,,mixed_eligibility_drive,True
4,401864511,Northern Illinois,Georgia State,offense,non_offense_points,0.0,1.0,0.0,observed,,mixed_eligibility_drive,False
4,401864511,Northern Illinois,Georgia State,defense,non_offense_points,7.0,1.0,7.0,observed,,mixed_eligibility_drive,False
4,401864512,Akron,UNLV,offense,eligible_possessions,10.0,1.0,10.0,observed,,mixed_eligibility_drive,False
4,401864512,Akron,UNLV,defense,eligible_possessions,9.0,1.0,9.0,observed,,mixed_eligibility_drive,False
4,401864512,Akron,UNLV,offense,offensive_possession_points,10.0,1.0,10.0,observed,,mixed_eligibility_drive,False
4,401864512,Akron,UNLV,defense,offensive_possession_points,31.0,1.0,31.0,observed,,mixed_eligibility_drive,False
4,401864512,Akron,UNLV,offense,ppp,10.0,10.0,1.0,observed,,mixed_eligibility_drive,True
4,401864512,Akron,UNLV,defense,ppp,31.0,9.0,3.4444444444444446,observed,,mixed_eligibility_drive,True
4,401864512,Akron,UNLV,offense,non_offense_points,0.0,1.0,0.0,observed,,mixed_eligibility_drive,False
4,401864512,Akron,UNLV,defense,non_offense_points,7.0,1.0,7.0,observed,,mixed_eligibility_drive,False
4,401864512,UNLV,Akron,offense,eligible_possessions,9.0,1.0,9.0,observed,,mixed_eligibility_drive,False
4,401864512,UNLV,Akron,defense,eligible_possessions,10.0,1.0,10.0,observed,,mixed_eligibility_drive,False
4,401864512,UNLV,Akron,offense,offensive_possession_points,31.0,1.0,31.0,observed,,mixed_eligibility_drive,False
4,401864512,UNLV,Akron,defense,offensive_possession_points,10.0,1.0,10.0,observed,,mixed_eligibility_drive,False
4,401864512,UNLV,Akron,offense,ppp,31.0,9.0,3.4444444444444446,observed,,mixed_eligibility_drive,True
4,401864512,UNLV,Akron,defense,ppp,10.0,10.0,1.0,observed,,mixed_eligibility_drive,True
4,401864512,UNLV,Akron,offense,non_offense_points,7.0,1.0,7.0,observed,,mixed_eligibility_drive,False
4,401864512,UNLV,Akron,defense,non_offense_points,0.0,1.0,0.0,observed,,mixed_eligibility_drive,False
4,401864572,NC State,App State,offense,eligible_possessions,12.0,1.0,12.0,observed,,mixed_eligibility_drive,False
4,401864572,NC State,App State,defense,eligible_possessions,13.0,1.0,13.0,observed,,mixed_eligibility_drive,False
4,401864572,NC State,App State,offense,offensive_possession_points,40.0,1.0,40.0,observed,,mixed_eligibility_drive,False
4,401864572,NC State,App State,defense,offensive_possession_points,31.0,1.0,31.0,observed,,mixed_eligibility_drive,False
4,401864572,NC State,App State,offense,ppp,40.0,12.0,3.3333333333333335,observed,,mixed_eligibility_drive,True
4,401864572,NC State,App State,defense,ppp,31.0,13.0,2.3846153846153846,observed,,mixed_eligibility_drive,True
4,401864572,NC State,App State,offense,non_offense_points,1.0,1.0,1.0,observed,,mixed_eligibility_drive,False
4,401864572,NC State,App State,defense,non_offense_points,0.0,1.0,0.0,observed,,mixed_eligibility_drive,False
4,401864572,App State,NC State,offense,eligible_possessions,13.0,1.0,13.0,observed,,mixed_eligibility_drive,False
4,401864572,App State,NC State,defense,eligible_possessions,12.0,1.0,12.0,observed,,mixed_eligibility_drive,False
4,401864572,App State,NC State,offense,offensive_possession_points,31.0,1.0,31.0,observed,,mixed_eligibility_drive,False
4,401864572,App State,NC State,defense,offensive_possession_points,40.0,1.0,40.0,observed,,mixed_eligibility_drive,False
4,401864572,App State,NC State,offense,ppp,31.0,13.0,2.3846153846153846,observed,,mixed_eligibility_drive,True
4,401864572,App State,NC State,defense,ppp,40.0,12.0,3.3333333333333335,observed,,mixed_eligibility_drive,True
4,401864572,App State,NC State,offense,non_offense_points,0.0,1.0,0.0,observed,,mixed_eligibility_drive,False
4,401864572,App State,NC State,defense,non_offense_points,1.0,1.0,1.0,observed,,mixed_eligibility_drive,False
4,401864576,Kentucky,South Alabama,offense,eligible_possessions,13.0,1.0,13.0,observed,,mixed_eligibility_drive,False
4,401864576,Kentucky,South Alabama,defense,eligible_possessions,14.0,1.0,14.0,observed,,mixed_eligibility_drive,False
4,401864576,Kentucky,South Alabama,offense,offensive_possession_points,45.0,1.0,45.0,observed,,mixed_eligibility_drive,False
4,401864576,Kentucky,South Alabama,defense,offensive_possession_points,21.0,1.0,21.0,observed,,mixed_eligibility_drive,False
4,401864576,Kentucky,South Alabama,offense,ppp,45.0,13.0,3.4615384615384617,observed,,mixed_eligibility_drive,True
4,401864576,Kentucky,South Alabama,defense,ppp,21.0,14.0,1.5,observed,,mixed_eligibility_drive,True
4,401864576,Kentucky,South Alabama,offense,non_offense_points,0.0,1.0,0.0,observed,,mixed_eligibility_drive,False
4,401864576,Kentucky,South Alabama,defense,non_offense_points,0.0,1.0,0.0,observed,,mixed_eligibility_drive,False
4,401864576,South Alabama,Kentucky,offense,eligible_possessions,14.0,1.0,14.0,observed,,mixed_eligibility_drive,False
4,401864576,South Alabama,Kentucky,defense,eligible_possessions,13.0,1.0,13.0,observed,,mixed_eligibility_drive,False
4,401864576,South Alabama,Kentucky,offense,offensive_possession_points,21.0,1.0,21.0,observed,,mixed_eligibility_drive,False
4,401864576,South Alabama,Kentucky,defense,offensive_possession_points,45.0,1.0,45.0,observed,,mixed_eligibility_drive,False
4,401864576,South Alabama,Kentucky,offense,ppp,21.0,14.0,1.5,observed,,mixed_eligibility_drive,True
4,401864576,South Alabama,Kentucky,defense,ppp,45.0,13.0,3.4615384615384617,observed,,mixed_eligibility_drive,True
4,401864576,South Alabama,Kentucky,offense,non_offense_points,0.0,1.0,0.0,observed,,mixed_eligibility_drive,False
4,401864576,South Alabama,Kentucky,defense,non_offense_points,0.0,1.0,0.0,observed,,mixed_eligibility_drive,False
4,401864579,New Mexico State,New Mexico,offense,eligible_possessions,9.0,1.0,9.0,observed,,mixed_eligibility_drive,False
4,401864579,New Mexico State,New Mexico,defense,eligible_possessions,8.0,1.0,8.0,observed,,mixed_eligibility_drive,False
4,401864579,New Mexico State,New Mexico,offense,offensive_possession_points,5.0,1.0,5.0,observed,,mixed_eligibility_drive,False
4,401864579,New Mexico State,New Mexico,defense,offensive_possession_points,27.0,1.0,27.0,observed,,mixed_eligibility_drive,False
4,401864579,New Mexico State,New Mexico,offense,ppp,5.0,9.0,0.5555555555555556,observed,,mixed_eligibility_drive,True
4,401864579,New Mexico State,New Mexico,defense,ppp,27.0,8.0,3.375,observed,,mixed_eligibility_drive,True
4,401864579,New Mexico State,New Mexico,offense,non_offense_points,0.0,1.0,0.0,observed,,mixed_eligibility_drive,False
4,401864579,New Mexico State,New Mexico,defense,non_offense_points,9.0,1.0,9.0,observed,,mixed_eligibility_drive,False
4,401864579,New Mexico,New Mexico State,offense,eligible_possessions,8.0,1.0,8.0,observed,,mixed_eligibility_drive,False
4,401864579,New Mexico,New Mexico State,defense,eligible_possessions,9.0,1.0,9.0,observed,,mixed_eligibility_drive,False
4,401864579,New Mexico,New Mexico State,offense,offensive_possession_points,27.0,1.0,27.0,observed,,mixed_eligibility_drive,False
4,401864579,New Mexico,New Mexico State,defense,offensive_possession_points,5.0,1.0,5.0,observed,,mixed_eligibility_drive,False
4,401864579,New Mexico,New Mexico State,offense,ppp,27.0,8.0,3.375,observed,,mixed_eligibility_drive,True
4,401864579,New Mexico,New Mexico State,defense,ppp,5.0,9.0,0.5555555555555556,observed,,mixed_eligibility_drive,True
4,401864579,New Mexico,New Mexico State,offense,non_offense_points,9.0,1.0,9.0,observed,,mixed_eligibility_drive,False
4,401864579,New Mexico,New Mexico State,defense,non_offense_points,0.0,1.0,0.0,observed,,mixed_eligibility_drive,False
4,401866425,Kent State,Ball State,offense,eligible_possessions,10.0,1.0,10.0,observed,,mixed_eligibility_drive,False
4,401866425,Kent State,Ball State,defense,eligible_possessions,9.0,1.0,9.0,observed,,mixed_eligibility_drive,False
4,401866425,Kent State,Ball State,offense,offensive_possession_points,7.0,1.0,,missing,unresolved_scoring_attribution,mixed_eligibility_drive,False
4,401866425,Kent State,Ball State,defense,offensive_possession_points,13.0,1.0,13.0,observed,,mixed_eligibility_drive,False
4,401866425,Kent State,Ball State,offense,ppp,7.0,10.0,,missing,unresolved_scoring_attribution,mixed_eligibility_drive,False
4,401866425,Kent State,Ball State,defense,ppp,13.0,9.0,1.4444444444444444,observed,,mixed_eligibility_drive,True
4,401866425,Kent State,Ball State,offense,non_offense_points,0.0,1.0,,missing,unresolved_scoring_attribution,mixed_eligibility_drive,False
4,401866425,Kent State,Ball State,defense,non_offense_points,0.0,1.0,0.0,observed,,mixed_eligibility_drive,False
4,401866425,Ball State,Kent State,offense,eligible_possessions,9.0,1.0,9.0,observed,,mixed_eligibility_drive,False
4,401866425,Ball State,Kent State,defense,eligible_possessions,10.0,1.0,10.0,observed,,mixed_eligibility_drive,False
4,401866425,Ball State,Kent State,offense,offensive_possession_points,13.0,1.0,13.0,observed,,mixed_eligibility_drive,False
4,401866425,Ball State,Kent State,defense,offensive_possession_points,7.0,1.0,,missing,unresolved_scoring_attribution,mixed_eligibility_drive,False
4,401866425,Ball State,Kent State,offense,ppp,13.0,9.0,1.4444444444444444,observed,,mixed_eligibility_drive,True
4,401866425,Ball State,Kent State,defense,ppp,7.0,10.0,,missing,unresolved_scoring_attribution,mixed_eligibility_drive,False
4,401866425,Ball State,Kent State,offense,non_offense_points,0.0,1.0,0.0,observed,,mixed_eligibility_drive,False
4,401866425,Ball State,Kent State,defense,non_offense_points,0.0,1.0,,missing,unresolved_scoring_attribution,mixed_eligibility_drive,False
4,401866429,Sacramento State,Massachusetts,offense,eligible_possessions,8.0,1.0,8.0,observed,,mixed_eligibility_drive,False
4,401866429,Sacramento State,Massachusetts,defense,eligible_possessions,8.0,1.0,8.0,observed,,mixed_eligibility_drive,False
4,401866429,Sacramento State,Massachusetts,offense,offensive_possession_points,6.0,1.0,6.0,observed,,mixed_eligibility_drive,False
4,401866429,Sacramento State,Massachusetts,defense,offensive_possession_points,28.0,1.0,28.0,observed,,mixed_eligibility_drive,False
4,401866429,Sacramento State,Massachusetts,offense,ppp,6.0,8.0,0.75,observed,,mixed_eligibility_drive,True
4,401866429,Sacramento State,Massachusetts,defense,ppp,28.0,8.0,3.5,observed,,mixed_eligibility_drive,True
4,401866429,Sacramento State,Massachusetts,offense,non_offense_points,0.0,1.0,0.0,observed,,mixed_eligibility_drive,False
4,401866429,Sacramento State,Massachusetts,defense,non_offense_points,7.0,1.0,7.0,observed,,mixed_eligibility_drive,False
4,401866429,Massachusetts,Sacramento State,offense,eligible_possessions,8.0,1.0,8.0,observed,,mixed_eligibility_drive,False
4,401866429,Massachusetts,Sacramento State,defense,eligible_possessions,8.0,1.0,8.0,observed,,mixed_eligibility_drive,False
4,401866429,Massachusetts,Sacramento State,offense,offensive_possession_points,28.0,1.0,28.0,observed,,mixed_eligibility_drive,False
4,401866429,Massachusetts,Sacramento State,defense,offensive_possession_points,6.0,1.0,6.0,observed,,mixed_eligibility_drive,False
4,401866429,Massachusetts,Sacramento State,offense,ppp,28.0,8.0,3.5,observed,,mixed_eligibility_drive,True
4,401866429,Massachusetts,Sacramento State,defense,ppp,6.0,8.0,0.75,observed,,mixed_eligibility_drive,True
4,401866429,Massachusetts,Sacramento State,offense,non_offense_points,7.0,1.0,7.0,observed,,mixed_eligibility_drive,False
4,401866429,Massachusetts,Sacramento State,defense,non_offense_points,0.0,1.0,0.0,observed,,mixed_eligibility_drive,False
4,401869931,Arkansas State,Kennesaw State,offense,eligible_possessions,9.0,1.0,9.0,observed,,mixed_eligibility_drive,False
4,401869931,Arkansas State,Kennesaw State,defense,eligible_possessions,9.0,1.0,9.0,observed,,mixed_eligibility_drive,False
4,401869931,Arkansas State,Kennesaw State,offense,offensive_possession_points,17.0,1.0,17.0,observed,,mixed_eligibility_drive,False
4,401869931,Arkansas State,Kennesaw State,defense,offensive_possession_points,14.0,1.0,14.0,observed,,mixed_eligibility_drive,False
4,401869931,Arkansas State,Kennesaw State,offense,ppp,17.0,9.0,1.8888888888888888,observed,,mixed_eligibility_drive,True
4,401869931,Arkansas State,Kennesaw State,defense,ppp,14.0,9.0,1.5555555555555556,observed,,mixed_eligibility_drive,True
4,401869931,Arkansas State,Kennesaw State,offense,non_offense_points,0.0,1.0,0.0,observed,,mixed_eligibility_drive,False
4,401869931,Arkansas State,Kennesaw State,defense,non_offense_points,0.0,1.0,0.0,observed,,mixed_eligibility_drive,False
4,401869931,Kennesaw State,Arkansas State,offense,eligible_possessions,9.0,1.0,9.0,observed,,mixed_eligibility_drive,False
4,401869931,Kennesaw State,Arkansas State,defense,eligible_possessions,9.0,1.0,9.0,observed,,mixed_eligibility_drive,False
4,401869931,Kennesaw State,Arkansas State,offense,offensive_possession_points,14.0,1.0,14.0,observed,,mixed_eligibility_drive,False
4,401869931,Kennesaw State,Arkansas State,defense,offensive_possession_points,17.0,1.0,17.0,observed,,mixed_eligibility_drive,False
4,401869931,Kennesaw State,Arkansas State,offense,ppp,14.0,9.0,1.5555555555555556,observed,,mixed_eligibility_drive,True
4,401869931,Kennesaw State,Arkansas State,defense,ppp,17.0,9.0,1.8888888888888888,observed,,mixed_eligibility_drive,True
4,401869931,Kennesaw State,Arkansas State,offense,non_offense_points,0.0,1.0,0.0,observed,,mixed_eligibility_drive,False
4,401869931,Kennesaw State,Arkansas State,defense,non_offense_points,0.0,1.0,0.0,observed,,mixed_eligibility_drive,False
4,401869941,Coastal Carolina,Liberty,offense,eligible_possessions,11.0,1.0,11.0,observed,,mixed_eligibility_drive,False
4,401869941,Coastal Carolina,Liberty,defense,eligible_possessions,12.0,1.0,12.0,observed,,mixed_eligibility_drive,False
4,401869941,Coastal Carolina,Liberty,offense,offensive_possession_points,17.0,1.0,17.0,observed,,mixed_eligibility_drive,False
4,401869941,Coastal Carolina,Liberty,defense,offensive_possession_points,34.0,1.0,34.0,observed,,mixed_eligibility_drive,False
4,401869941,Coastal Carolina,Liberty,offense,ppp,17.0,11.0,1.5454545454545454,observed,,mixed_eligibility_drive,True
4,401869941,Coastal Carolina,Liberty,defense,ppp,34.0,12.0,2.8333333333333335,observed,,mixed_eligibility_drive,True
4,401869941,Coastal Carolina,Liberty,offense,non_offense_points,0.0,1.0,0.0,observed,,mixed_eligibility_drive,False
4,401869941,Coastal Carolina,Liberty,defense,non_offense_points,0.0,1.0,0.0,observed,,mixed_eligibility_drive,False
4,401869941,Liberty,Coastal Carolina,offense,eligible_possessions,12.0,1.0,12.0,observed,,mixed_eligibility_drive,False
4,401869941,Liberty,Coastal Carolina,defense,eligible_possessions,11.0,1.0,11.0,observed,,mixed_eligibility_drive,False
4,401869941,Liberty,Coastal Carolina,offense,offensive_possession_points,34.0,1.0,34.0,observed,,mixed_eligibility_drive,False
4,401869941,Liberty,Coastal Carolina,defense,offensive_possession_points,17.0,1.0,17.0,observed,,mixed_eligibility_drive,False
4,401869941,Liberty,Coastal Carolina,offense,ppp,34.0,12.0,2.8333333333333335,observed,,mixed_eligibility_drive,True
4,401869941,Liberty,Coastal Carolina,defense,ppp,17.0,11.0,1.5454545454545454,observed,,mixed_eligibility_drive,True
4,401869941,Liberty,Coastal Carolina,offense,non_offense_points,0.0,1.0,0.0,observed,,mixed_eligibility_drive,False
4,401869941,Liberty,Coastal Carolina,defense,non_offense_points,0.0,1.0,0.0,observed,,mixed_eligibility_drive,False
4,401869961,Old Dominion,James Madison,offense,eligible_possessions,15.0,1.0,15.0,observed,,mixed_eligibility_drive,False
4,401869961,Old Dominion,James Madison,defense,eligible_possessions,15.0,1.0,15.0,observed,,mixed_eligibility_drive,False
4,401869961,Old Dominion,James Madison,offense,offensive_possession_points,20.0,1.0,20.0,observed,,mixed_eligibility_drive,False
4,401869961,Old Dominion,James Madison,defense,offensive_possession_points,0.0,1.0,,missing,unresolved_scoring_attribution,mixed_eligibility_drive,False
4,401869961,Old Dominion,James Madison,offense,ppp,20.0,15.0,1.3333333333333333,observed,,mixed_eligibility_drive,True
4,401869961,Old Dominion,James Madison,defense,ppp,0.0,15.0,,missing,unresolved_scoring_attribution,mixed_eligibility_drive,False
4,401869961,Old Dominion,James Madison,offense,non_offense_points,0.0,1.0,0.0,observed,,mixed_eligibility_drive,False
4,401869961,Old Dominion,James Madison,defense,non_offense_points,0.0,1.0,,missing,unresolved_scoring_attribution,mixed_eligibility_drive,False
4,401869961,James Madison,Old Dominion,offense,eligible_possessions,15.0,1.0,15.0,observed,,mixed_eligibility_drive,False
4,401869961,James Madison,Old Dominion,defense,eligible_possessions,15.0,1.0,15.0,observed,,mixed_eligibility_drive,False
4,401869961,James Madison,Old Dominion,offense,offensive_possession_points,0.0,1.0,,missing,unresolved_scoring_attribution,mixed_eligibility_drive,False
4,401869961,James Madison,Old Dominion,defense,offensive_possession_points,20.0,1.0,20.0,observed,,mixed_eligibility_drive,False
4,401869961,James Madison,Old Dominion,offense,ppp,0.0,15.0,,missing,unresolved_scoring_attribution,mixed_eligibility_drive,False
4,401869961,James Madison,Old Dominion,defense,ppp,20.0,15.0,1.3333333333333333,observed,,mixed_eligibility_drive,True
4,401869961,James Madison,Old Dominion,offense,non_offense_points,0.0,1.0,,missing,unresolved_scoring_attribution,mixed_eligibility_drive,False
4,401869961,James Madison,Old Dominion,defense,non_offense_points,0.0,1.0,0.0,observed,,mixed_eligibility_drive,False
4,401871048,Jacksonville State,Middle Tennessee,offense,eligible_possessions,9.0,1.0,9.0,observed,,mixed_eligibility_drive,False
4,401871048,Jacksonville State,Middle Tennessee,defense,eligible_possessions,8.0,1.0,8.0,observed,,mixed_eligibility_drive,False
4,401871048,Jacksonville State,Middle Tennessee,offense,offensive_possession_points,23.0,1.0,23.0,observed,,mixed_eligibility_drive,False
4,401871048,Jacksonville State,Middle Tennessee,defense,offensive_possession_points,13.0,1.0,13.0,observed,,mixed_eligibility_drive,False
4,401871048,Jacksonville State,Middle Tennessee,offense,ppp,23.0,9.0,2.5555555555555554,observed,,mixed_eligibility_drive,True
4,401871048,Jacksonville State,Middle Tennessee,defense,ppp,13.0,8.0,1.625,observed,,mixed_eligibility_drive,True
4,401871048,Jacksonville State,Middle Tennessee,offense,non_offense_points,0.0,1.0,0.0,observed,,mixed_eligibility_drive,False
4,401871048,Jacksonville State,Middle Tennessee,defense,non_offense_points,0.0,1.0,0.0,observed,,mixed_eligibility_drive,False
4,401871048,Middle Tennessee,Jacksonville State,offense,eligible_possessions,8.0,1.0,8.0,observed,,mixed_eligibility_drive,False
4,401871048,Middle Tennessee,Jacksonville State,defense,eligible_possessions,9.0,1.0,9.0,observed,,mixed_eligibility_drive,False
4,401871048,Middle Tennessee,Jacksonville State,offense,offensive_possession_points,13.0,1.0,13.0,observed,,mixed_eligibility_drive,False
4,401871048,Middle Tennessee,Jacksonville State,defense,offensive_possession_points,23.0,1.0,23.0,observed,,mixed_eligibility_drive,False
4,401871048,Middle Tennessee,Jacksonville State,offense,ppp,13.0,8.0,1.625,observed,,mixed_eligibility_drive,True
4,401871048,Middle Tennessee,Jacksonville State,defense,ppp,23.0,9.0,2.5555555555555554,observed,,mixed_eligibility_drive,True
4,401871048,Middle Tennessee,Jacksonville State,offense,non_offense_points,0.0,1.0,0.0,observed,,mixed_eligibility_drive,False
4,401871048,Middle Tennessee,Jacksonville State,defense,non_offense_points,0.0,1.0,0.0,observed,,mixed_eligibility_drive,False
