season,game_id,has_cfbd,c1,c2,c3,c4,usable,reasons,c2_strict,non_drive_points,c2_cfbd_not_in_ledger,c2_eligible_not_in_cfbd
2015,400603827,True,True,True,True,True,True,,False,0,0,0
2015,400603828,True,True,True,True,True,True,,False,14,0,0
2015,400603829,True,True,True,True,True,True,,False,0,0,0
2015,400603830,True,True,True,True,True,True,,False,0,0,0
2015,400603831,True,True,True,True,True,True,,False,7,0,0
2015,400603832,True,True,True,True,False,False,c4:score_regression_between_drives,False,-1,0,0
2015,400603834,True,True,True,True,True,True,,False,0,0,0
2015,400603835,True,True,True,True,False,False,c4:score_regression_between_drives,False,13,0,0
2015,400603836,True,True,False,True,True,False,c2:cfbd_drive_missing_from_ledger,False,7,1,0
2015,400603838,True,False,True,True,False,False,c1:cumulative_through_period_2_differs_from_line_scores;c4:score_regression_between_drives,False,0,0,0
2015,400603839,True,True,True,True,True,True,,False,0,0,0
2015,400603840,True,True,True,True,True,True,,False,0,0,0
2015,400756882,True,True,True,True,True,True,,False,0,0,0
2015,400756883,True,True,False,True,True,False,c2:cfbd_drive_missing_from_ledger,False,0,1,0
2015,400756884,True,True,True,True,False,False,c4:score_regression_between_drives,False,7,0,0
2015,400756886,True,True,True,True,True,True,,False,0,0,0
2015,400756887,True,True,False,True,True,False,c2:cfbd_drive_missing_from_ledger,False,7,1,0
2015,400756888,True,True,True,True,True,True,,False,0,0,0
2015,400756889,True,True,True,True,True,True,,False,0,0,0
2015,400756890,True,True,True,True,True,True,,False,7,0,0
2015,400756891,True,True,True,True,True,True,,False,0,0,0
2015,400756894,True,True,False,True,True,False,c2:cfbd_drive_missing_from_ledger,False,7,1,0
2015,400756895,True,True,True,True,True,True,,False,0,0,0
2015,400756896,True,True,True,True,True,True,,False,7,0,0
2015,400756897,True,True,True,True,True,True,,False,0,0,0
2015,400756898,True,True,True,True,True,True,,False,0,0,0
2015,400756899,True,True,True,True,True,True,,False,0,0,0
2015,400756900,True,True,True,True,True,True,,False,0,0,0
2015,400756901,True,True,True,True,True,True,,False,0,0,0
2015,400756902,True,True,False,True,True,False,c2:cfbd_drive_missing_from_ledger,False,14,1,0
2015,400756903,True,True,False,True,True,False,c2:cfbd_drive_missing_from_ledger,False,0,1,0
2015,400756904,True,True,True,True,True,True,,False,0,0,0
2015,400756905,True,True,True,True,True,True,,False,14,0,0
2015,400760491,True,True,True,True,True,True,,False,0,0,0
2015,400763398,True,True,True,True,True,True,,False,0,0,0
2015,400763399,True,True,True,True,True,True,,False,0,0,0
2015,400763400,True,True,False,True,True,False,c2:cfbd_drive_missing_from_ledger,False,0,1,0
2015,400763401,True,True,False,True,True,False,c2:cfbd_drive_missing_from_ledger,False,7,1,0
2015,400763402,True,False,False,True,True,False,c1:first_drive_not_0_0;c2:cfbd_drive_missing_from_ledger,False,7,1,0
2015,400763403,True,True,True,True,True,True,,False,0,0,0
2015,400763404,True,True,True,True,True,True,,False,7,0,0
2015,400763406,True,True,False,True,True,False,c2:cfbd_drive_missing_from_ledger,False,7,1,0
2015,400763407,True,True,True,True,True,True,,False,0,0,0
2015,400763470,True,True,False,True,True,False,c2:cfbd_drive_missing_from_ledger,False,31,1,0
2015,400763472,True,True,True,True,True,True,,False,0,0,0
2015,400763473,True,True,True,True,True,True,,False,0,0,0
2015,400763494,True,True,True,True,True,True,,False,0,0,0
2015,400763495,True,True,True,True,True,True,,False,0,0,0
2015,400763496,True,True,False,True,False,False,c2:cfbd_drive_missing_from_ledger;c4:score_regression_between_drives,False,5,1,0
2015,400763497,True,True,True,True,True,True,,False,0,0,0
2015,400763498,True,True,True,True,True,True,,False,0,0,0
2015,400763587,True,True,True,True,True,True,,False,0,0,0
2015,400763588,True,True,True,True,True,True,,False,0,0,0
2015,400763589,True,True,False,False,False,False,c2:cfbd_drive_missing_from_ledger;c2:eligible_ledger_possession_missing_from_cfbd;c3:drive_23_delta_2_7;c4:score_regression_between_drives,False,1,1,1
2015,400763590,True,True,True,True,True,True,,False,0,0,0
2015,400763591,True,True,True,True,True,True,,False,14,0,0
2015,400763592,True,True,True,True,True,True,,False,7,0,0
2015,400763593,True,True,True,True,True,True,,False,0,0,0
2015,400764854,True,True,True,True,True,True,,False,0,0,0
2015,400764855,True,True,True,True,True,True,,False,0,0,0
2015,400764856,True,True,True,True,True,True,,False,0,0,0
2015,400764857,True,True,True,True,True,True,,False,0,0,0
2015,400764858,True,True,True,True,True,True,,False,7,0,0
2015,400764859,True,True,True,True,True,True,,False,0,0,0
2015,400764860,True,True,False,True,False,False,c2:eligible_ledger_possession_missing_from_cfbd;c4:score_regression_between_drives,False,0,0,1
2015,400764861,True,True,True,True,False,False,c4:score_regression_between_drives,False,-7,0,0
2015,400787107,False,False,False,False,False,False,no_drives,False,0,0,0
2015,400787108,True,True,False,True,True,False,c2:cfbd_drive_missing_from_ledger,False,0,1,0
2015,400787109,True,True,True,True,True,True,,False,0,0,0
2015,400787110,True,True,True,True,True,True,,False,0,0,0
2015,400787111,True,True,True,True,True,True,,False,0,0,0
2015,400787112,True,True,True,True,False,False,c4:score_regression_between_drives,False,14,0,0
2015,400787114,True,True,False,True,True,False,c2:eligible_ledger_possession_missing_from_cfbd,False,7,0,1
2015,400787115,True,True,True,True,True,True,,False,0,0,0
2015,400787116,True,True,False,True,True,False,c2:cfbd_drive_missing_from_ledger,False,7,1,0
2015,400787299,True,True,False,True,True,False,c2:cfbd_drive_missing_from_ledger,False,0,1,0
2015,400787302,True,False,True,False,False,False,c1:last_drive_end_differs_from_certified_final;c1:cumulative_through_period_4_differs_from_line_scores;c3:drive_2_delta_1_8;c4:score_regression_between_drives;c4:excess_points_over_certified_final,False,-111,0,0
2015,400787303,True,True,True,True,True,True,,False,0,0,0
2015,400787304,True,True,True,True,True,True,,False,0,0,0
2015,400787412,True,True,True,True,True,True,,False,0,0,0
2015,400787414,True,True,True,True,True,True,,False,9,0,0
2015,400791346,True,True,False,True,True,False,c2:cfbd_drive_missing_from_ledger,False,7,1,0
2015,400799923,True,True,True,True,True,True,,False,0,0,0
2015,400834350,True,True,True,True,True,True,,False,7,0,0
2015,400835430,True,True,True,True,True,True,,False,14,0,0
2015,400852668,True,True,True,True,True,True,,False,7,0,0
2015,400852683,True,True,True,True,True,True,,False,0,0,0
2015,400852684,True,True,True,True,True,True,,False,7,0,0
2015,400852685,True,True,True,True,True,True,,False,7,0,0
2015,400852686,True,True,False,True,True,False,c2:cfbd_drive_missing_from_ledger,False,8,1,0
2015,400852687,True,True,True,True,True,True,,False,7,0,0
2015,400852708,True,True,True,True,True,True,,False,3,0,0
2015,400852709,True,True,True,True,True,True,,False,7,0,0
2015,400852710,True,True,False,True,True,False,c2:cfbd_drive_missing_from_ledger,False,7,1,0
2015,400852711,True,True,True,True,True,True,,False,14,0,0
2015,400852713,True,True,True,True,True,True,,False,0,0,0
2015,400852714,True,False,False,True,True,False,c1:first_drive_not_0_0;c2:cfbd_drive_missing_from_ledger,False,0,1,0
2015,400852715,True,True,True,True,True,True,,False,0,0,0
2015,400852716,True,True,True,True,True,True,,False,0,0,0
2015,400852717,True,True,True,True,True,True,,False,0,0,0
2015,400852718,True,True,False,True,True,False,c2:cfbd_drive_missing_from_ledger,False,14,1,0
2015,400852719,True,True,True,True,True,True,,False,6,0,0
2015,400852720,True,True,True,True,True,True,,False,0,0,0
2015,400852721,True,False,False,True,True,False,c1:first_drive_not_0_0;c2:cfbd_drive_missing_from_ledger,False,0,1,0
2015,400852722,True,True,True,True,True,True,,False,0,0,0
2015,400852723,True,True,True,True,True,True,,False,7,0,0
2015,400852724,True,True,True,True,True,True,,False,7,0,0
2015,400852725,True,True,False,True,True,False,c2:cfbd_drive_missing_from_ledger,False,6,1,0
2015,400852726,True,True,True,True,True,True,,False,0,0,0
2015,400852727,True,True,True,True,True,True,,False,0,0,0
2015,400852728,True,True,True,True,True,True,,False,0,0,0
2015,400852729,True,True,True,True,True,True,,False,0,0,0
2015,400852730,True,True,True,True,True,True,,False,0,0,0
2015,400852731,True,True,True,True,True,True,,False,0,0,0
2015,400852732,True,True,True,True,True,True,,False,7,0,0
2015,400852733,True,True,True,True,True,True,,False,0,0,0
2015,400852734,True,True,True,True,True,True,,False,0,0,0
2015,400852735,True,True,True,True,True,True,,False,0,0,0
2015,400852736,True,True,True,True,True,True,,False,0,0,0
2015,400852737,True,True,True,True,True,True,,False,0,0,0
2015,400852738,True,True,True,True,True,True,,False,0,0,0
2015,400852739,True,True,True,True,True,True,,False,0,0,0
2015,400852740,True,True,True,True,True,True,,False,0,0,0
2015,400852741,True,True,True,True,True,True,,False,0,0,0
2015,400852742,True,True,False,True,True,False,c2:cfbd_drive_missing_from_ledger,False,0,1,0
2015,400852743,True,True,False,True,True,False,c2:cfbd_drive_missing_from_ledger,False,7,1,0
2015,400603860,True,True,True,True,True,True,,False,0,0,0
2015,400603861,True,True,True,True,True,True,,False,0,0,0
2015,400603862,True,True,True,True,True,True,,False,7,0,0
2015,400603863,True,True,True,True,True,True,,False,0,0,0
2015,400603864,True,True,True,True,True,True,,False,7,0,0
2015,400603865,True,True,True,True,True,True,,False,0,0,0
2015,400603866,True,True,True,True,True,True,,False,0,0,0
2015,400603867,True,True,True,False,False,False,c3:drive_19_delta_6_4;c4:score_regression_between_drives;c4:excess_points_over_certified_final,False,5,0,0
2015,400603868,True,True,True,True,True,True,,False,0,0,0
2015,400603869,True,True,True,True,True,True,,False,0,0,0
2015,400603870,True,True,True,True,True,True,,False,0,0,0
2015,400756892,True,True,True,True,True,True,,False,0,0,0
2015,400756893,True,True,False,True,True,False,c2:cfbd_drive_missing_from_ledger,False,0,1,0
2015,400756906,True,True,False,True,True,False,c2:cfbd_drive_missing_from_ledger,False,14,2,0
2015,400756907,True,True,True,True,True,True,,False,7,0,0
2015,400756908,True,True,True,True,True,True,,False,7,0,0
2015,400756910,True,True,True,True,True,True,,False,0,0,0
2015,400756911,True,True,False,True,True,False,c2:cfbd_drive_missing_from_ledger,False,7,1,0
2015,400756912,True,True,False,False,True,False,c2:cfbd_drive_missing_from_ledger;c2:eligible_ledger_possession_missing_from_cfbd;c3:drive_9_delta_0_3,False,0,2,2
2015,400756913,True,True,True,True,True,True,,False,0,0,0
2015,400756914,True,True,True,True,True,True,,False,0,0,0
2015,400756915,True,True,True,True,True,True,,False,0,0,0
2015,400756916,True,True,True,True,True,True,,False,7,0,0
2015,400756917,True,True,True,True,True,True,,False,7,0,0
2015,400756918,True,True,True,True,True,True,,False,7,0,0
2015,400757014,True,True,True,True,True,True,,False,7,0,0
2015,400757015,True,True,True,True,True,True,,False,0,0,0
2015,400757016,True,True,True,True,True,True,,False,0,0,0
2015,400757018,True,True,True,True,True,True,,False,0,0,0
2015,400757019,True,True,True,True,True,True,,False,0,0,0
2015,400757020,True,True,True,True,True,True,,False,7,0,0
2015,400757021,True,True,False,True,True,False,c2:cfbd_drive_missing_from_ledger,False,7,2,0
2015,400757022,True,True,True,True,True,True,,False,0,0,0
2015,400757023,True,True,True,True,True,True,,False,0,0,0
2015,400760492,True,True,True,True,True,True,,False,0,0,0
2015,400763408,True,True,True,True,True,True,,False,0,0,0
2015,400763409,True,True,True,True,True,True,,False,0,0,0
2015,400763410,True,True,True,True,True,True,,False,0,0,0
2015,400763411,True,True,True,True,False,False,c4:score_regression_between_drives,False,-1,0,0
2015,400763412,True,True,True,True,True,True,,False,0,0,0
2015,400763413,True,True,True,True,True,True,,False,0,0,0
2015,400763414,True,True,True,True,True,True,,False,0,0,0
2015,400763415,True,True,True,True,True,True,,False,0,0,0
2015,400763416,True,True,False,True,True,False,c2:eligible_ledger_possession_missing_from_cfbd,False,0,0,1
2015,400763499,True,False,False,True,True,False,c1:last_drive_end_differs_from_certified_final;c2:cfbd_drive_missing_from_ledger,False,0,1,0
2015,400763500,True,True,True,True,True,True,,False,0,0,0
2015,400763501,True,True,True,True,True,True,,False,7,0,0
2015,400763502,True,True,False,True,True,False,c2:cfbd_drive_missing_from_ledger,False,0,1,0
2015,400763503,True,True,True,True,True,True,,False,0,0,0
2015,400763504,True,True,True,True,True,True,,False,0,0,0
2015,400763505,True,True,True,True,True,True,,False,0,0,0
2015,400763506,True,True,True,True,True,True,,False,0,0,0
2015,400763507,True,True,False,True,True,False,c2:cfbd_drive_missing_from_ledger,False,0,2,0
2015,400763508,True,True,True,True,True,True,,False,0,0,0
2015,400763594,True,True,True,True,True,True,,False,7,0,0
2015,400763595,True,True,True,True,True,True,,False,0,0,0
2015,400763596,True,True,True,True,True,True,,False,0,0,0
2015,400763597,True,False,True,True,True,False,c1:last_drive_end_differs_from_certified_final;c1:cumulative_through_period_4_differs_from_line_scores,False,0,0,0
2015,400763598,True,True,True,True,True,True,,False,0,0,0
2015,400763599,True,True,False,True,True,False,c2:cfbd_drive_missing_from_ledger,False,7,1,0
2015,400764862,True,True,False,True,True,False,c2:cfbd_drive_missing_from_ledger,False,7,1,0
2015,400764863,True,True,True,True,True,True,,False,0,0,0
2015,400787117,True,True,True,True,True,True,,False,0,0,0
2015,400787118,True,True,True,True,True,True,,False,0,0,0
2015,400787119,True,True,True,True,True,True,,False,7,0,0
2015,400787305,True,True,True,True,False,False,c4:score_regression_between_drives,False,0,0,0
2015,400787306,True,True,False,True,True,False,c2:eligible_ledger_possession_missing_from_cfbd,False,0,0,1
2015,400787307,True,True,True,True,True,True,,False,0,0,0
2015,400787308,True,True,False,True,True,False,c2:cfbd_drive_missing_from_ledger,False,0,1,0
2015,400787415,True,True,True,True,True,True,,False,13,0,0
2015,400787416,True,True,False,True,True,False,c2:cfbd_drive_missing_from_ledger,False,17,1,0
2015,400787417,True,True,True,True,True,True,,False,0,0,0
2015,400787418,True,True,False,True,True,False,c2:cfbd_drive_missing_from_ledger,False,13,1,0
2015,400787419,True,True,True,True,True,True,,False,2,0,0
2015,400787981,True,True,True,True,True,True,,False,0,0,0
2015,400792601,True,True,True,True,True,True,,False,0,0,0
2015,400603850,True,True,True,True,True,True,,False,0,0,0
2015,400603851,True,True,True,True,True,True,,False,0,0,0
2015,400603852,True,True,True,True,True,True,,False,7,0,0
2015,400603853,True,True,True,True,True,True,,False,0,0,0
2015,400603854,True,True,True,True,True,True,,False,0,0,0
2015,400603855,True,True,True,True,True,True,,False,0,0,0
2015,400603856,True,True,True,True,True,True,,False,0,0,0
2015,400603857,True,True,False,True,True,False,c2:cfbd_drive_missing_from_ledger,False,14,1,0
2015,400603858,True,True,True,True,True,True,,False,0,0,0
2015,400603859,True,True,True,True,True,True,,False,0,0,0
2015,400756919,True,True,False,True,True,False,c2:cfbd_drive_missing_from_ledger,False,7,1,0
2015,400756920,True,True,True,True,True,True,,False,0,0,0
2015,400756921,True,True,False,True,True,False,c2:cfbd_drive_missing_from_ledger,False,6,1,0
2015,400756922,True,True,True,True,True,True,,False,0,0,0
2015,400756923,True,True,True,True,True,True,,False,0,0,0
2015,400756924,True,True,True,True,True,True,,False,0,0,0
2015,400756925,True,True,True,True,True,True,,False,7,0,0
2015,400756926,True,True,True,True,True,True,,False,7,0,0
2015,400756927,True,True,True,True,True,True,,False,0,0,0
2015,400756928,True,True,True,True,True,True,,False,0,0,0
2015,400756929,True,True,True,True,True,True,,False,0,0,0
2015,400756930,True,True,True,True,True,True,,False,7,0,0
2015,400757024,True,True,True,True,True,True,,False,7,0,0
2015,400757026,True,True,True,True,True,True,,False,0,0,0
2015,400757027,True,True,True,True,True,True,,False,0,0,0
2015,400757028,True,True,True,True,True,True,,False,7,0,0
2015,400757029,True,True,False,True,True,False,c2:cfbd_drive_missing_from_ledger,False,7,3,0
2015,400757030,True,True,True,True,True,True,,False,0,0,0
2015,400757031,True,True,True,True,True,True,,False,7,0,0
2015,400757032,True,True,True,True,True,True,,False,0,0,0
2015,400757033,True,True,True,True,True,True,,False,0,0,0
2015,400757034,True,True,True,True,True,True,,False,7,0,0
2015,400763417,True,True,False,True,True,False,c2:cfbd_drive_missing_from_ledger,False,0,1,0
2015,400763418,True,True,False,True,True,False,c2:cfbd_drive_missing_from_ledger,False,0,1,0
2015,400763419,True,True,False,True,True,False,c2:cfbd_drive_missing_from_ledger,False,0,1,0
2015,400763420,True,True,True,True,True,True,,False,0,0,0
2015,400763421,True,True,False,True,True,False,c2:eligible_ledger_possession_missing_from_cfbd,False,0,0,1
2015,400763509,True,True,True,True,True,True,,False,0,0,0
2015,400763510,True,True,True,True,True,True,,False,7,0,0
2015,400763511,True,True,True,True,True,True,,False,0,0,0
2015,400763512,True,True,True,True,True,True,,False,0,0,0
2015,400763513,True,True,True,True,True,True,,False,0,0,0
2015,400763514,True,True,True,True,True,True,,False,7,0,0
2015,400763515,True,True,True,True,True,True,,False,7,0,0
2015,400763516,True,True,True,True,True,True,,False,0,0,0
2015,400763600,True,True,True,True,True,True,,False,2,0,0
2015,400763601,True,True,True,True,True,True,,False,7,0,0
2015,400763602,True,True,True,True,True,True,,False,7,0,0
2015,400763603,True,True,False,True,True,False,c2:cfbd_drive_missing_from_ledger,False,21,1,0
2015,400763604,True,True,True,True,True,True,,False,2,0,0
2015,400763605,True,True,True,True,True,True,,False,7,0,0
2015,400763606,True,True,True,True,True,True,,False,0,0,0
2015,400764864,True,True,False,True,True,False,c2:cfbd_drive_missing_from_ledger,False,0,1,0
2015,400764865,True,True,True,True,True,True,,False,0,0,0
2015,400764866,True,True,True,True,True,True,,False,0,0,0
2015,400764867,True,True,True,True,True,True,,False,7,0,0
2015,400764868,True,True,False,True,True,False,c2:cfbd_drive_missing_from_ledger,False,2,1,0
2015,400764869,True,True,True,True,True,True,,False,0,0,0
2015,400787120,True,True,True,True,True,True,,False,0,0,0
2015,400787241,True,True,True,True,True,True,,False,0,0,0
2015,400787242,True,True,False,True,False,False,c2:cfbd_drive_missing_from_ledger;c4:score_regression_between_drives,False,0,1,0
2015,400787243,True,False,False,False,True,False,c1:cumulative_through_period_4_differs_from_line_scores;c2:cfbd_drive_missing_from_ledger;c3:drive_28_delta_10_0,False,0,1,0
2015,400787309,True,True,True,True,True,True,,False,0,0,0
2015,400787310,True,True,True,True,True,True,,False,0,0,0
2015,400787311,True,True,True,True,True,True,,False,0,0,0
2015,400787312,True,True,False,True,True,False,c2:cfbd_drive_missing_from_ledger,False,7,1,0
2015,400787420,True,True,True,True,True,True,,False,7,0,0
2015,400787441,True,True,True,True,True,True,,False,7,0,0
2015,400787442,True,True,False,False,False,False,c2:cfbd_drive_missing_from_ledger;c3:drive_8_delta_21_0;c4:score_regression_between_drives,False,3,1,0
2015,400603841,True,True,True,True,True,True,,False,7,0,0
2015,400603842,True,True,True,True,True,True,,False,0,0,0
2015,400603843,True,True,True,True,True,True,,False,0,0,0
2015,400603844,True,True,True,True,True,True,,False,7,0,0
2015,400603845,True,True,False,True,True,False,c2:eligible_ledger_possession_missing_from_cfbd,False,7,0,1
2015,400603846,True,True,True,True,True,True,,False,0,0,0
2015,400603847,True,True,True,True,True,True,,False,0,0,0
2015,400603848,True,True,True,True,True,True,,False,9,0,0
2015,400603849,True,True,True,True,True,True,,False,0,0,0
2015,400756931,True,True,True,True,True,True,,False,7,0,0
2015,400756932,True,True,False,True,True,False,c2:cfbd_drive_missing_from_ledger,False,7,1,0
2015,400756933,True,True,False,True,True,False,c2:cfbd_drive_missing_from_ledger,False,13,1,0
2015,400756934,True,True,True,True,False,False,c4:score_regression_between_drives,False,0,0,0
2015,400756935,True,True,True,True,True,True,,False,0,0,0
2015,400756936,True,True,True,True,True,True,,False,7,0,0
2015,400756937,True,True,True,True,True,True,,False,0,0,0
2015,400756938,True,True,True,True,True,True,,False,0,0,0
2015,400757035,True,True,True,True,True,True,,False,0,0,0
2015,400757036,True,True,True,True,True,True,,False,7,0,0
2015,400757037,True,True,False,True,True,False,c2:cfbd_drive_missing_from_ledger,False,0,1,0
2015,400757038,True,True,True,True,True,True,,False,0,0,0
2015,400757039,True,True,True,True,True,True,,False,14,0,0
2015,400757040,True,True,True,True,True,True,,False,0,0,0
2015,400760493,True,True,True,True,True,True,,False,14,0,0
2015,400763422,True,True,True,True,True,True,,False,0,0,0
2015,400763423,True,True,True,True,True,True,,False,0,0,0
2015,400763424,True,True,False,True,True,False,c2:cfbd_drive_missing_from_ledger,False,0,1,0
2015,400763425,True,True,True,True,True,True,,False,0,0,0
2015,400763426,True,True,False,True,True,False,c2:cfbd_drive_missing_from_ledger,False,0,1,0
2015,400763517,True,True,True,True,True,True,,False,2,0,0
2015,400763518,True,True,True,True,True,True,,False,7,0,0
2015,400763519,True,True,True,True,True,True,,False,0,0,0
2015,400763520,True,True,True,True,True,True,,False,0,0,0
2015,400763521,True,True,True,True,True,True,,False,0,0,0
2015,400763522,True,True,True,True,True,True,,False,0,0,0
2015,400763523,True,True,True,True,True,True,,False,7,0,0
2015,400763524,True,True,True,True,True,True,,False,0,0,0
2015,400763525,True,True,False,True,True,False,c2:cfbd_drive_missing_from_ledger,False,7,1,0
2015,400763526,True,True,True,True,True,True,,False,0,0,0
2015,400763527,True,True,True,True,True,True,,False,0,0,0
2015,400763583,True,True,False,True,True,False,c2:cfbd_drive_missing_from_ledger,False,0,1,0
2015,400763607,True,True,True,True,True,True,,False,0,0,0
2015,400763608,True,True,False,True,True,False,c2:cfbd_drive_missing_from_ledger,False,7,1,0
2015,400763609,True,True,True,True,True,True,,False,0,0,0
2015,400763610,True,True,True,True,True,True,,False,0,0,0
2015,400763611,True,False,False,True,False,False,c1:cumulative_through_period_2_differs_from_line_scores;c2:eligible_ledger_possession_missing_from_cfbd;c4:score_regression_between_drives;c4:excess_points_over_certified_final,False,7,0,1
2015,400763612,True,True,True,True,True,True,,False,0,0,0
2015,400763613,True,True,True,True,True,True,,False,7,0,0
2015,400764870,True,True,True,True,True,True,,False,0,0,0
2015,400764871,True,True,False,True,True,False,c2:cfbd_drive_missing_from_ledger,False,0,1,0
2015,400764872,True,True,True,True,True,True,,False,0,0,0
2015,400768337,True,True,True,True,True,True,,False,7,0,0
2015,400787244,True,True,True,True,True,True,,False,0,0,0
2015,400787245,True,True,True,True,True,True,,False,0,0,0
2015,400787246,True,True,True,True,True,True,,False,7,0,0
2015,400787247,True,True,True,True,True,True,,False,7,0,0
2015,400787313,True,True,True,True,True,True,,False,7,0,0
2015,400787314,True,True,False,True,True,False,c2:cfbd_drive_missing_from_ledger,False,14,2,0
2015,400787443,True,True,False,True,True,False,c2:eligible_ledger_possession_missing_from_cfbd,False,0,0,1
2015,400603877,True,True,True,True,True,True,,False,0,0,0
2015,400603878,True,True,True,True,True,True,,False,7,0,0
2015,400603879,True,True,True,True,True,True,,False,21,0,0
2015,400603880,True,False,True,True,True,False,c1:cumulative_through_period_4_differs_from_line_scores,False,0,0,0
2015,400603881,True,True,True,True,True,True,,False,0,0,0
2015,400603882,True,True,True,True,True,True,,False,0,0,0
2015,400603883,True,True,True,True,True,True,,False,0,0,0
2015,400603884,True,True,True,True,True,True,,False,0,0,0
2015,400603885,True,True,True,True,True,True,,False,0,0,0
2015,400756939,True,True,True,True,True,True,,False,0,0,0
2015,400756940,True,True,True,True,True,True,,False,0,0,0
2015,400756941,True,True,True,True,True,True,,False,7,0,0
2015,400756942,True,True,False,True,True,False,c2:cfbd_drive_missing_from_ledger;c2:eligible_ledger_possession_missing_from_cfbd,False,7,1,1
2015,400756943,True,True,True,True,True,True,,False,0,0,0
2015,400756945,True,True,True,True,False,False,c4:score_regression_between_drives,False,-7,0,0
2015,400757041,True,True,True,True,True,True,,False,0,0,0
2015,400757042,True,True,True,True,True,True,,False,0,0,0
2015,400757043,True,True,True,True,True,True,,False,0,0,0
2015,400757044,True,True,True,True,True,True,,False,0,0,0
2015,400760494,True,True,True,True,True,True,,False,0,0,0
2015,400763427,True,True,True,True,True,True,,False,13,0,0
2015,400763428,True,True,True,True,True,True,,False,0,0,0
2015,400763429,True,True,True,True,True,True,,False,7,0,0
2015,400763430,True,True,False,True,True,False,c2:cfbd_drive_missing_from_ledger;c2:eligible_ledger_possession_missing_from_cfbd,False,0,1,1
2015,400763431,True,True,True,True,True,True,,False,0,0,0
2015,400763528,True,True,True,True,True,True,,False,0,0,0
2015,400763529,True,True,True,True,True,True,,False,0,0,0
2015,400763530,True,True,True,True,True,True,,False,7,0,0
2015,400763531,True,True,True,True,True,True,,False,0,0,0
2015,400763532,True,True,True,True,True,True,,False,7,0,0
2015,400763533,True,True,False,False,False,False,c2:cfbd_drive_missing_from_ledger;c2:eligible_ledger_possession_missing_from_cfbd;c3:drive_10_delta_0_3;c4:score_regression_between_drives,False,0,17,17
2015,400763614,True,True,True,True,True,True,,False,0,0,0
2015,400763615,True,True,True,True,True,True,,False,0,0,0
2015,400763616,True,False,False,True,False,False,c1:last_drive_end_differs_from_certified_final;c1:cumulative_through_period_4_differs_from_line_scores;c2:cfbd_drive_missing_from_ledger;c4:excess_points_over_certified_final,False,7,1,0
2015,400763617,True,True,True,True,True,True,,False,7,0,0
2015,400763618,True,True,True,True,True,True,,False,7,0,0
2015,400763619,True,True,True,True,True,True,,False,7,0,0
2015,400763620,True,True,True,True,True,True,,False,0,0,0
2015,400764873,True,True,True,True,True,True,,False,7,0,0
2015,400764874,True,True,True,True,True,True,,False,7,0,0
2015,400764875,True,True,True,True,True,True,,False,0,0,0
2015,400764876,True,True,True,True,True,True,,False,0,0,0
2015,400764877,True,True,True,True,True,True,,False,7,0,0
2015,400764878,True,True,True,True,True,True,,False,7,0,0
2015,400764879,True,True,True,True,True,True,,False,0,0,0
2015,400787248,True,True,True,True,True,True,,False,7,0,0
2015,400787249,True,True,True,True,True,True,,False,0,0,0
2015,400787250,True,True,True,True,True,True,,False,0,0,0
2015,400787251,True,True,True,True,True,True,,False,0,0,0
2015,400787252,True,True,False,True,True,False,c2:cfbd_drive_missing_from_ledger,False,0,2,0
2015,400787253,True,True,False,True,True,False,c2:cfbd_drive_missing_from_ledger,False,0,1,0
2015,400787315,True,True,True,True,True,True,,False,7,0,0
2015,400787316,True,True,False,True,True,False,c2:cfbd_drive_missing_from_ledger,False,0,1,0
2015,400787317,True,True,True,True,True,True,,False,0,0,0
2015,400787318,True,True,True,True,True,True,,False,0,0,0
2015,400787319,True,True,True,True,True,True,,False,14,0,0
2015,400787444,True,True,True,True,True,True,,False,0,0,0
2015,400787445,True,True,True,True,True,True,,False,0,0,0
2015,400787446,True,True,True,True,True,True,,False,0,0,0
2015,400787447,True,True,True,True,True,True,,False,0,0,0
2015,400603899,True,True,True,True,True,True,,False,7,0,0
2015,400603900,True,True,True,True,True,True,,False,7,0,0
2015,400603901,True,True,True,True,True,True,,False,0,0,0
2015,400603902,True,True,True,True,True,True,,False,0,0,0
2015,400603903,True,True,False,True,True,False,c2:cfbd_drive_missing_from_ledger,False,7,1,0
2015,400603904,True,True,True,True,True,True,,False,0,0,0
2015,400756946,True,True,True,True,True,True,,False,0,0,0
2015,400756947,True,True,True,True,True,True,,False,0,0,0
2015,400756948,True,True,True,True,True,True,,False,0,0,0
2015,400756949,True,True,True,True,True,True,,False,0,0,0
2015,400756950,True,True,True,True,True,True,,False,0,0,0
2015,400756951,True,True,True,True,True,True,,False,0,0,0
2015,400756952,True,False,True,True,False,False,c1:cumulative_through_period_2_differs_from_line_scores;c4:score_regression_between_drives,False,0,0,0
2015,400757045,True,True,True,True,True,True,,False,7,0,0
2015,400757046,True,True,True,True,True,True,,False,0,0,0
2015,400757047,True,True,False,True,True,False,c2:cfbd_drive_missing_from_ledger,False,0,1,0
2015,400757048,True,True,True,True,True,True,,False,0,0,0
2015,400757049,True,False,False,False,False,False,c1:cumulative_through_period_4_differs_from_line_scores;c2:cfbd_drive_missing_from_ledger;c3:drive_32_delta_7_14;c4:score_regression_between_drives,False,-14,1,0
2015,400763432,True,True,True,True,True,True,,False,7,0,0
2015,400763433,True,True,True,True,True,True,,False,0,0,0
2015,400763434,True,True,True,True,True,True,,False,0,0,0
2015,400763435,True,True,True,True,True,True,,False,0,0,0
2015,400763436,True,True,True,True,True,True,,False,2,0,0
2015,400763534,True,True,True,True,True,True,,False,0,0,0
2015,400763535,True,False,False,True,True,False,c1:first_drive_not_0_0;c2:cfbd_drive_missing_from_ledger,False,0,1,0
2015,400763536,True,True,True,True,True,True,,False,0,0,0
2015,400763537,True,True,True,True,True,True,,False,7,0,0
2015,400763538,True,True,True,True,True,True,,False,0,0,0
2015,400763539,True,True,True,True,True,True,,False,0,0,0
2015,400763540,True,True,True,True,True,True,,False,0,0,0
2015,400763584,True,True,True,True,True,True,,False,7,0,0
2015,400763621,True,True,False,True,True,False,c2:cfbd_drive_missing_from_ledger;c2:eligible_ledger_possession_missing_from_cfbd,False,0,1,1
2015,400763622,True,True,True,True,True,True,,False,2,0,0
2015,400763623,True,True,True,True,True,True,,False,0,0,0
2015,400763624,True,True,True,True,True,True,,False,0,0,0
2015,400763625,True,True,True,True,True,True,,False,0,0,0
2015,400763626,True,True,False,True,True,False,c2:cfbd_drive_missing_from_ledger,False,0,1,0
2015,400764880,True,True,False,True,True,False,c2:cfbd_drive_missing_from_ledger,False,0,1,0
2015,400764881,True,True,False,True,True,False,c2:cfbd_drive_missing_from_ledger,False,0,1,0
2015,400764882,True,True,True,True,True,True,,False,0,0,0
2015,400764883,True,True,False,True,True,False,c2:cfbd_drive_missing_from_ledger,False,0,1,0
2015,400764884,True,True,False,True,True,False,c2:cfbd_drive_missing_from_ledger;c2:eligible_ledger_possession_missing_from_cfbd,False,2,1,1
2015,400787254,True,True,True,True,True,True,,False,7,0,0
2015,400787255,True,True,True,True,True,True,,False,0,0,0
2015,400787256,True,True,True,True,True,True,,False,2,0,0
2015,400787257,True,True,True,True,True,True,,False,0,0,0
2015,400787258,True,True,True,True,True,True,,False,0,0,0
2015,400787259,True,True,True,True,True,True,,False,7,0,0
2015,400787320,True,True,True,True,True,True,,False,0,0,0
2015,400787321,True,True,False,True,True,False,c2:cfbd_drive_missing_from_ledger,False,7,1,0
2015,400787322,True,True,False,True,True,False,c2:cfbd_drive_missing_from_ledger,False,0,1,0
2015,400787323,True,True,True,True,True,True,,False,0,0,0
2015,400787324,True,True,True,True,True,True,,False,0,0,0
2015,400787325,True,True,True,True,True,True,,False,0,0,0
2015,400787448,True,True,True,True,False,False,c4:score_regression_between_drives,False,0,0,0
2015,400787449,True,True,False,True,True,False,c2:cfbd_drive_missing_from_ledger,False,21,2,0
2015,400603892,True,True,True,True,True,True,,False,3,0,0
2015,400603893,True,True,True,True,False,False,c4:score_regression_between_drives,False,-14,0,0
2015,400603894,True,True,True,True,True,True,,False,0,0,0
2015,400603895,True,True,True,True,True,True,,False,7,0,0
2015,400603896,True,True,True,True,True,True,,False,0,0,0
2015,400603897,True,True,True,True,True,True,,False,0,0,0
2015,400603898,True,True,True,True,True,True,,False,0,0,0
2015,400756953,True,True,False,True,True,False,c2:cfbd_drive_missing_from_ledger,False,0,1,0
2015,400756954,True,True,True,True,True,True,,False,0,0,0
2015,400756955,True,True,True,True,True,True,,False,0,0,0
2015,400756956,True,True,False,True,True,False,c2:cfbd_drive_missing_from_ledger,False,7,1,0
2015,400756957,True,True,True,True,True,True,,False,0,0,0
2015,400756958,True,True,True,True,True,True,,False,14,0,0
2015,400757050,True,True,True,True,True,True,,False,0,0,0
2015,400757051,True,True,True,True,True,True,,False,0,0,0
2015,400757052,True,True,False,True,True,False,c2:cfbd_drive_missing_from_ledger;c2:eligible_ledger_possession_missing_from_cfbd,False,9,2,1
2015,400757053,True,True,True,True,True,True,,False,0,0,0
2015,400757054,True,True,False,True,True,False,c2:cfbd_drive_missing_from_ledger,False,0,1,0
2015,400757055,True,True,False,True,False,False,c2:cfbd_drive_missing_from_ledger;c4:score_regression_between_drives,False,7,3,0
2015,400760495,True,True,True,True,True,True,,False,0,0,0
2015,400763437,True,True,False,True,True,False,c2:cfbd_drive_missing_from_ledger,False,14,1,0
2015,400763438,True,True,False,True,True,False,c2:cfbd_drive_missing_from_ledger,False,0,1,0
2015,400763439,True,True,True,True,True,True,,False,0,0,0
2015,400763440,True,True,True,True,True,True,,False,0,0,0
2015,400763541,True,True,True,True,True,True,,False,7,0,0
2015,400763542,True,True,True,True,True,True,,False,0,0,0
2015,400763543,True,True,True,True,True,True,,False,0,0,0
2015,400763544,True,True,True,True,True,True,,False,0,0,0
2015,400763545,True,True,True,True,True,True,,False,0,0,0
2015,400763546,True,True,True,True,True,True,,False,0,0,0
2015,400763627,True,True,True,True,True,True,,False,0,0,0
2015,400763628,True,True,True,True,True,True,,False,0,0,0
2015,400763629,True,True,True,True,True,True,,False,7,0,0
2015,400763630,True,True,True,True,True,True,,False,0,0,0
2015,400763631,True,True,True,True,True,True,,False,0,0,0
2015,400764885,True,True,True,True,True,True,,False,7,0,0
2015,400764886,True,True,True,True,True,True,,False,7,0,0
2015,400764887,True,True,True,True,True,True,,False,7,0,0
2015,400764888,True,True,True,True,True,True,,False,0,0,0
2015,400764889,True,True,True,True,True,True,,False,0,0,0
2015,400787260,True,True,True,True,True,True,,False,0,0,0
2015,400787262,True,True,False,True,True,False,c2:cfbd_drive_missing_from_ledger,False,7,1,0
2015,400787264,True,True,True,True,True,True,,False,0,0,0
2015,400787265,True,True,True,True,True,True,,False,0,0,0
2015,400787326,True,True,True,True,True,True,,False,0,0,0
2015,400787327,True,True,False,True,True,False,c2:cfbd_drive_missing_from_ledger;c2:eligible_ledger_possession_missing_from_cfbd,False,9,1,1
2015,400787328,True,True,True,True,True,True,,False,0,0,0
2015,400787329,True,True,True,True,True,True,,False,0,0,0
2015,400787330,True,True,True,True,True,True,,False,0,0,0
2015,400787331,True,True,False,True,True,False,c2:cfbd_drive_missing_from_ledger,False,31,2,0
2015,400787332,True,True,True,True,True,True,,False,0,0,0
2015,400787450,True,True,True,True,True,True,,False,0,0,0
2015,400787451,True,True,True,True,True,True,,False,7,0,0
2015,400787452,True,True,True,True,True,True,,False,7,0,0
2015,400787453,True,True,True,True,True,True,,False,0,0,0
2015,400790882,True,True,True,True,True,True,,False,7,0,0
2015,400790883,True,True,True,True,True,True,,False,0,0,0
2015,400603886,True,True,True,True,True,True,,False,0,0,0
2015,400603887,True,False,True,False,False,False,c1:last_drive_end_differs_from_certified_final;c3:drive_25_delta_15_7;c4:score_regression_between_drives,False,-73,0,0
2015,400603888,True,True,True,True,True,True,,False,0,0,0
2015,400603889,True,True,False,True,True,False,c2:cfbd_drive_missing_from_ledger,False,0,1,0
2015,400603890,True,True,True,True,True,True,,False,0,0,0
2015,400603891,True,True,True,True,True,True,,False,0,0,0
2015,400756959,True,True,True,True,True,True,,False,7,0,0
2015,400756960,True,True,True,True,True,True,,False,0,0,0
2015,400756961,True,True,True,True,False,False,c4:score_regression_between_drives,False,5,0,0
2015,400756962,True,True,True,True,True,True,,False,7,0,0
2015,400756963,True,True,True,True,True,True,,False,0,0,0
2015,400756964,True,True,True,True,True,True,,False,14,0,0
2015,400756965,True,True,True,True,True,True,,False,0,0,0
2015,400757056,True,True,True,True,True,True,,False,0,0,0
2015,400757057,True,True,False,True,True,False,c2:cfbd_drive_missing_from_ledger,False,0,1,0
2015,400757058,True,True,False,True,True,False,c2:cfbd_drive_missing_from_ledger,False,7,1,0
2015,400757059,True,True,True,True,True,True,,False,0,0,0
2015,400757060,True,True,True,True,True,True,,False,0,0,0
2015,400760496,True,True,True,True,True,True,,False,0,0,0
2015,400763441,True,True,True,True,True,True,,False,0,0,0
2015,400763442,True,True,True,True,True,True,,False,7,0,0
2015,400763443,True,True,True,True,True,True,,False,0,0,0
2015,400763444,True,True,True,True,True,True,,False,0,0,0
2015,400763547,True,True,True,True,True,True,,False,0,0,0
2015,400763548,True,True,True,True,True,True,,False,0,0,0
2015,400763549,True,True,True,True,True,True,,False,0,0,0
2015,400763550,True,True,True,True,True,True,,False,2,0,0
2015,400763551,True,True,True,True,True,True,,False,0,0,0
2015,400763632,True,True,False,True,True,False,c2:cfbd_drive_missing_from_ledger,False,7,1,0
2015,400763633,True,True,False,True,True,False,c2:cfbd_drive_missing_from_ledger,False,0,1,0
2015,400763634,True,True,True,True,True,True,,False,7,0,0
2015,400763635,True,True,True,True,True,True,,False,0,0,0
2015,400763636,True,True,True,True,True,True,,False,7,0,0
2015,400764890,True,True,False,True,True,False,c2:eligible_ledger_possession_missing_from_cfbd,False,0,0,1
2015,400764891,True,True,True,True,True,True,,False,14,0,0
2015,400764892,True,True,True,True,True,True,,False,0,0,0
2015,400764893,True,True,True,True,True,True,,False,0,0,0
2015,400764894,True,True,True,True,True,True,,False,7,0,0
2015,400764895,True,True,True,True,True,True,,False,3,0,0
2015,400787266,True,True,True,True,True,True,,False,0,0,0
2015,400787267,True,True,True,True,True,True,,False,7,0,0
2015,400787268,True,True,True,True,True,True,,False,0,0,0
2015,400787269,True,True,True,True,True,True,,False,7,0,0
2015,400787333,True,True,True,True,True,True,,False,7,0,0
2015,400787334,True,False,True,True,False,False,c1:last_drive_end_differs_from_certified_final;c1:cumulative_through_period_4_differs_from_line_scores;c4:score_regression_between_drives,False,-7,0,0
2015,400787335,True,True,True,True,True,True,,False,0,0,0
2015,400787336,True,True,False,True,True,False,c2:cfbd_drive_missing_from_ledger,False,7,1,0
2015,400787337,True,True,True,True,True,True,,False,0,0,0
2015,400787338,True,True,True,True,True,True,,False,7,0,0
2015,400787429,True,True,True,True,True,True,,False,0,0,0
2015,400787454,True,True,True,True,True,True,,False,7,0,0
2015,400787455,True,True,True,True,True,True,,False,0,0,0
2015,400787456,True,True,True,True,True,True,,False,0,0,0
2015,400787457,True,True,True,True,True,True,,False,0,0,0
2015,400787458,True,True,True,True,False,False,c4:score_regression_between_drives,False,-7,0,0
2015,400790884,True,True,True,True,True,True,,False,0,0,0
2015,400603871,True,True,True,True,True,True,,False,7,0,0
2015,400603872,True,True,True,True,True,True,,False,0,0,0
2015,400603873,True,True,True,True,True,True,,False,0,0,0
2015,400603874,True,True,True,True,True,True,,False,0,0,0
2015,400603875,True,True,False,True,True,False,c2:cfbd_drive_missing_from_ledger,False,14,1,0
2015,400603876,True,True,True,True,True,True,,False,0,0,0
2015,400756966,True,True,True,True,True,True,,False,0,0,0
2015,400756967,True,True,True,True,True,True,,False,0,0,0
2015,400756968,True,True,True,True,True,True,,False,0,0,0
2015,400756969,True,True,False,True,True,False,c2:cfbd_drive_missing_from_ledger,False,7,1,0
2015,400756970,True,True,False,True,True,False,c2:cfbd_drive_missing_from_ledger,False,6,1,0
2015,400756971,True,True,True,True,True,True,,False,0,0,0
2015,400756972,True,True,True,True,True,True,,False,0,0,0
2015,400757061,True,True,False,True,True,False,c2:cfbd_drive_missing_from_ledger,False,14,1,0
2015,400757062,True,True,True,True,True,True,,False,0,0,0
2015,400757063,True,True,True,True,True,True,,False,0,0,0
2015,400757064,True,True,True,True,True,True,,False,0,0,0
2015,400757065,True,True,True,True,True,True,,False,0,0,0
2015,400757066,True,True,True,True,True,True,,False,7,0,0
2015,400763445,True,True,True,True,True,True,,False,0,0,0
2015,400763446,True,True,True,True,True,True,,False,0,0,0
2015,400763447,True,True,True,True,True,True,,False,0,0,0
2015,400763448,True,True,False,True,True,False,c2:cfbd_drive_missing_from_ledger,False,7,1,0
2015,400763552,True,True,False,True,True,False,c2:cfbd_drive_missing_from_ledger,False,8,2,0
2015,400763553,True,True,True,True,True,True,,False,0,0,0
2015,400763554,True,True,False,True,True,False,c2:eligible_ledger_possession_missing_from_cfbd,False,6,0,1
2015,400763555,True,True,True,True,True,True,,False,7,0,0
2015,400763556,True,True,True,True,True,True,,False,0,0,0
2015,400763585,True,True,True,True,True,True,,False,0,0,0
2015,400763637,True,True,True,True,True,True,,False,0,0,0
2015,400763638,True,True,True,True,True,True,,False,0,0,0
2015,400763639,True,True,True,True,True,True,,False,0,0,0
2015,400763640,True,True,True,True,True,True,,False,0,0,0
2015,400763641,True,True,True,True,True,True,,False,0,0,0
2015,400763642,True,True,True,True,True,True,,False,0,0,0
2015,400764896,True,True,True,True,True,True,,False,7,0,0
2015,400764897,True,True,True,True,True,True,,False,0,0,0
2015,400764898,True,True,True,True,True,True,,False,0,0,0
2015,400764899,True,False,False,True,True,False,c1:first_drive_not_0_0;c2:cfbd_drive_missing_from_ledger,False,0,2,0
2015,400764900,True,True,True,True,True,True,,False,0,0,0
2015,400787271,True,True,False,True,True,False,c2:cfbd_drive_missing_from_ledger,False,7,1,0
2015,400787272,True,True,False,True,True,False,c2:eligible_ledger_possession_missing_from_cfbd,False,7,0,1
2015,400787273,True,True,True,True,True,True,,False,0,0,0
2015,400787339,True,True,False,True,True,False,c2:cfbd_drive_missing_from_ledger,False,0,1,0
2015,400787340,True,True,True,True,True,True,,False,0,0,0
2015,400787341,True,True,True,True,True,True,,False,0,0,0
2015,400787342,True,True,True,True,True,True,,False,0,0,0
2015,400787459,True,True,True,True,True,True,,False,0,0,0
2015,400787460,True,True,True,True,True,True,,False,0,0,0
2015,400787461,True,True,False,True,True,False,c2:cfbd_drive_missing_from_ledger,False,7,1,0
2015,400787462,True,False,False,True,True,False,c1:cumulative_through_period_4_differs_from_line_scores;c2:cfbd_drive_missing_from_ledger,False,7,1,0
2015,400787463,True,True,False,True,True,False,c2:cfbd_drive_missing_from_ledger;c2:eligible_ledger_possession_missing_from_cfbd,False,0,1,1
2015,400790885,True,True,True,True,True,True,,False,0,0,0
2015,400603905,True,True,True,True,True,True,,False,0,0,0
2015,400603906,True,True,True,True,True,True,,False,7,0,0
2015,400603907,True,True,False,True,True,False,c2:eligible_ledger_possession_missing_from_cfbd,False,0,0,1
2015,400603908,True,True,True,True,True,True,,False,0,0,0
2015,400603909,True,True,True,True,True,True,,False,0,0,0
2015,400603910,True,True,True,True,True,True,,False,0,0,0
2015,400603911,True,True,True,True,True,True,,False,0,0,0
2015,400756973,True,True,True,True,True,True,,False,7,0,0
2015,400756974,True,True,True,True,True,True,,False,0,0,0
2015,400756975,True,True,False,True,True,False,c2:cfbd_drive_missing_from_ledger,False,7,1,0
2015,400756976,True,True,True,True,True,True,,False,7,0,0
2015,400756977,True,True,False,True,True,False,c2:cfbd_drive_missing_from_ledger,False,2,1,0
2015,400756978,True,True,True,True,True,True,,False,0,0,0
2015,400757067,True,True,True,True,True,True,,False,7,0,0
2015,400757068,True,True,True,True,True,True,,False,0,0,0
2015,400757069,True,True,True,True,True,True,,False,0,0,0
2015,400757070,True,True,False,True,True,False,c2:cfbd_drive_missing_from_ledger,False,0,1,0
2015,400757071,True,True,True,True,True,True,,False,0,0,0
2015,400757072,True,True,True,True,True,True,,False,7,0,0
2015,400760497,True,True,True,True,True,True,,False,0,0,0
2015,400763449,True,True,True,True,True,True,,False,7,0,0
2015,400763450,True,True,True,True,True,True,,False,14,0,0
2015,400763451,True,True,True,True,True,True,,False,7,0,0
2015,400763452,True,True,True,True,True,True,,False,14,0,0
2015,400763453,True,True,True,True,True,True,,False,0,0,0
2015,400763557,True,True,True,True,True,True,,False,0,0,0
2015,400763558,True,True,False,True,True,False,c2:cfbd_drive_missing_from_ledger,False,7,1,0
2015,400763559,True,True,False,True,True,False,c2:cfbd_drive_missing_from_ledger,False,7,1,0
2015,400763560,True,True,True,True,True,True,,False,0,0,0
2015,400763561,True,True,False,True,True,False,c2:cfbd_drive_missing_from_ledger,False,7,1,0
2015,400763562,True,True,True,True,True,True,,False,0,0,0
2015,400763563,True,True,True,True,False,False,c4:score_regression_between_drives;c4:excess_points_over_certified_final,False,8,0,0
2015,400763643,True,True,True,True,True,True,,False,0,0,0
2015,400763644,True,True,True,True,True,True,,False,0,0,0
2015,400763645,True,True,True,False,False,False,c3:drive_32_delta_0_3;c4:score_regression_between_drives;c4:excess_points_over_certified_final,False,-103,0,0
2015,400763646,False,False,False,False,False,False,no_drives,False,0,0,0
2015,400763647,True,True,True,True,True,True,,False,0,0,0
2015,400763648,True,True,True,True,True,True,,False,7,0,0
2015,400764901,True,True,False,True,True,False,c2:cfbd_drive_missing_from_ledger,False,7,1,0
2015,400764902,True,True,True,True,True,True,,False,9,0,0
2015,400764903,True,True,True,True,True,True,,False,0,0,0
2015,400764904,True,True,True,True,True,True,,False,0,0,0
2015,400764905,True,True,True,True,True,True,,False,0,0,0
2015,400764906,True,True,True,True,True,True,,False,0,0,0
2015,400787275,True,True,True,True,True,True,,False,0,0,0
2015,400787277,True,True,True,False,False,False,c3:drive_29_delta_28_22;c4:score_regression_between_drives;c4:excess_points_over_certified_final,False,-44,0,0
2015,400787278,True,True,True,True,True,True,,False,7,0,0
2015,400787343,True,True,True,True,True,True,,False,0,0,0
2015,400787344,True,True,True,True,True,True,,False,0,0,0
2015,400787345,False,False,False,False,False,False,no_drives,False,0,0,0
2015,400787346,True,True,True,True,True,True,,False,0,0,0
2015,400787347,True,True,True,True,True,True,,False,0,0,0
2015,400787348,True,True,True,True,True,True,,False,0,0,0
2015,400787464,True,True,True,True,True,True,,False,7,0,0
2015,400787465,True,True,True,True,True,True,,False,0,0,0
2015,400787466,True,True,False,True,True,False,c2:cfbd_drive_missing_from_ledger,False,14,2,0
2015,400787467,True,True,True,True,True,True,,False,0,0,0
2015,400787468,True,True,True,True,True,True,,False,0,0,0
2015,400790886,True,True,True,True,True,True,,False,0,0,0
2015,400790887,True,True,True,True,True,True,,False,0,0,0
2015,400603931,True,True,True,True,True,True,,False,0,0,0
2015,400603932,True,True,True,True,True,True,,False,0,0,0
2015,400603933,True,True,True,True,True,True,,False,0,0,0
2015,400603934,True,True,True,True,True,True,,False,0,0,0
2015,400603935,True,True,True,True,True,True,,False,0,0,0
2015,400603936,True,True,False,True,True,False,c2:cfbd_drive_missing_from_ledger;c2:eligible_ledger_possession_missing_from_cfbd,False,7,1,1
2015,400603937,True,True,True,True,True,True,,False,7,0,0
2015,400756979,True,True,True,True,True,True,,False,0,0,0
2015,400756980,True,True,True,True,True,True,,False,0,0,0
2015,400756981,True,True,True,True,True,True,,False,0,0,0
2015,400756982,True,True,True,True,True,True,,False,0,0,0
2015,400756983,True,True,True,True,True,True,,False,0,0,0
2015,400756984,True,True,True,True,True,True,,False,7,0,0
2015,400756985,True,True,True,True,True,True,,False,0,0,0
2015,400757073,True,True,True,True,True,True,,False,7,0,0
2015,400757074,True,True,True,True,True,True,,False,7,0,0
2015,400757075,True,True,True,True,True,True,,False,7,0,0
2015,400757076,True,True,True,True,True,True,,False,0,0,0
2015,400757077,True,True,True,True,True,True,,False,0,0,0
2015,400757078,True,True,True,True,True,True,,False,0,0,0
2015,400760498,True,True,True,True,False,False,c4:score_regression_between_drives,False,0,0,0
2015,400763454,True,True,True,True,True,True,,False,7,0,0
2015,400763455,True,True,True,True,True,True,,False,0,0,0
2015,400763456,True,True,True,True,True,True,,False,0,0,0
2015,400763457,True,True,False,True,True,False,c2:cfbd_drive_missing_from_ledger,False,14,1,0
2015,400763458,True,True,False,True,True,False,c2:cfbd_drive_missing_from_ledger,False,0,1,0
2015,400763564,True,True,True,True,True,True,,False,7,0,0
2015,400763565,True,True,True,True,True,True,,False,14,0,0
2015,400763566,True,True,True,True,True,True,,False,0,0,0
2015,400763567,True,True,False,True,True,False,c2:eligible_ledger_possession_missing_from_cfbd,False,0,0,1
2015,400763568,True,True,True,True,True,True,,False,0,0,0
2015,400763569,True,True,True,True,True,True,,False,0,0,0
2015,400763649,True,True,True,True,True,True,,False,0,0,0
2015,400763650,True,True,True,True,True,True,,False,0,0,0
2015,400763651,True,True,True,True,True,True,,False,0,0,0
2015,400763652,True,True,False,True,True,False,c2:cfbd_drive_missing_from_ledger,False,7,1,0
2015,400763653,True,True,True,True,True,True,,False,7,0,0
2015,400764907,True,True,True,True,True,True,,False,0,0,0
2015,400764908,True,True,True,True,True,True,,False,0,0,0
2015,400764909,True,True,True,True,True,True,,False,7,0,0
2015,400764910,True,True,True,True,True,True,,False,7,0,0
2015,400785063,True,True,True,True,True,True,,False,0,0,0
2015,400787280,True,True,True,True,True,True,,False,0,0,0
2015,400787281,True,True,True,True,True,True,,False,0,0,0
2015,400787282,True,True,True,True,True,True,,False,0,0,0
2015,400787283,True,True,True,True,True,True,,False,0,0,0
2015,400787284,True,False,False,True,True,False,c1:cumulative_through_period_4_differs_from_line_scores;c2:cfbd_drive_missing_from_ledger;c2:eligible_ledger_possession_missing_from_cfbd,False,0,1,1
2015,400787285,True,True,False,True,True,False,c2:eligible_ledger_possession_missing_from_cfbd,False,0,0,1
2015,400787349,True,True,True,True,True,True,,False,0,0,0
2015,400787350,True,True,True,True,True,True,,False,0,0,0
2015,400787351,True,True,True,True,True,True,,False,0,0,0
2015,400787352,True,True,True,True,True,True,,False,0,0,0
2015,400787353,True,True,True,True,True,True,,False,0,0,0
2015,400787354,True,True,True,True,True,True,,False,0,0,0
2015,400787469,True,True,True,True,True,True,,False,0,0,0
2015,400787470,True,True,True,True,True,True,,False,0,0,0
2015,400787471,True,True,True,True,True,True,,False,0,0,0
2015,400787472,True,True,True,True,True,True,,False,0,0,0
2015,400787473,True,True,True,True,True,True,,False,0,0,0
2015,400603921,True,False,False,True,True,False,c1:cumulative_through_period_3_differs_from_line_scores;c2:cfbd_drive_missing_from_ledger;c2:eligible_ledger_possession_missing_from_cfbd,False,0,2,1
2015,400603922,True,True,False,True,True,False,c2:cfbd_drive_missing_from_ledger,False,7,1,0
2015,400603923,True,True,True,True,True,True,,False,0,0,0
2015,400603924,True,True,True,True,True,True,,False,0,0,0
2015,400603925,True,True,True,True,True,True,,False,0,0,0
2015,400603926,True,True,True,True,True,True,,False,7,0,0
2015,400603927,True,True,True,True,True,True,,False,0,0,0
2015,400603928,True,True,True,True,True,True,,False,7,0,0
2015,400603929,True,True,True,True,True,True,,False,0,0,0
2015,400603930,True,True,True,True,True,True,,False,0,0,0
2015,400756986,True,True,True,True,True,True,,False,0,0,0
2015,400756987,True,True,True,True,True,True,,False,0,0,0
2015,400756988,True,True,False,True,True,False,c2:cfbd_drive_missing_from_ledger,False,7,2,0
2015,400756989,True,True,False,True,True,False,c2:cfbd_drive_missing_from_ledger,False,0,1,0
2015,400756990,True,True,True,True,True,True,,False,0,0,0
2015,400756991,True,True,False,True,True,False,c2:cfbd_drive_missing_from_ledger,False,7,1,0
2015,400756992,True,True,True,True,True,True,,False,0,0,0
2015,400756993,True,True,True,True,False,False,c4:score_regression_between_drives,False,0,0,0
2015,400757079,True,True,True,True,True,True,,False,0,0,0
2015,400757080,True,True,False,True,True,False,c2:cfbd_drive_missing_from_ledger,False,14,2,0
2015,400757081,True,True,True,True,True,True,,False,0,0,0
2015,400757082,True,True,True,True,True,True,,False,0,0,0
2015,400757083,True,True,True,True,True,True,,False,0,0,0
2015,400757084,True,True,False,True,True,False,c2:cfbd_drive_missing_from_ledger,False,7,1,0
2015,400760499,True,True,True,True,True,True,,False,0,0,0
2015,400763459,True,True,True,True,True,True,,False,0,0,0
2015,400763460,True,True,False,True,True,False,c2:cfbd_drive_missing_from_ledger,False,7,1,0
2015,400763461,True,True,True,True,True,True,,False,13,0,0
2015,400763462,True,True,True,True,True,True,,False,0,0,0
2015,400763570,True,True,True,True,True,True,,False,0,0,0
2015,400763571,True,True,True,True,True,True,,False,0,0,0
2015,400763572,True,True,False,True,True,False,c2:cfbd_drive_missing_from_ledger,False,0,1,0
2015,400763573,True,True,True,True,True,True,,False,7,0,0
2015,400763574,True,True,True,True,True,True,,False,0,0,0
2015,400763575,True,True,True,True,True,True,,False,0,0,0
2015,400763654,False,False,False,False,False,False,no_drives,False,0,0,0
2015,400763655,True,True,True,True,True,True,,False,0,0,0
2015,400763656,True,True,True,True,True,True,,False,14,0,0
2015,400763657,True,True,True,True,True,True,,False,0,0,0
2015,400763658,True,True,True,True,True,True,,False,0,0,0
2015,400764911,True,True,True,True,True,True,,False,0,0,0
2015,400764912,True,True,True,True,True,True,,False,7,0,0
2015,400764913,True,True,False,True,True,False,c2:cfbd_drive_missing_from_ledger,False,7,1,0
2015,400764914,True,True,True,True,True,True,,False,0,0,0
2015,400764915,True,True,True,True,True,True,,False,0,0,0
2015,400764916,True,True,False,True,True,False,c2:cfbd_drive_missing_from_ledger,False,7,1,0
2015,400787287,True,True,False,True,True,False,c2:cfbd_drive_missing_from_ledger,False,7,1,0
2015,400787288,True,True,True,True,True,True,,False,8,0,0
2015,400787289,True,True,True,True,True,True,,False,0,0,0
2015,400787290,True,True,False,True,True,False,c2:cfbd_drive_missing_from_ledger,False,14,1,0
2015,400787291,True,True,True,True,True,True,,False,0,0,0
2015,400787355,True,True,True,True,True,True,,False,0,0,0
2015,400787356,True,True,True,True,True,True,,False,0,0,0
2015,400787357,False,False,False,False,False,False,no_drives,False,0,0,0
2015,400787358,True,True,True,True,True,True,,False,13,0,0
2015,400787359,True,True,True,True,True,True,,False,0,0,0
2015,400787360,True,True,True,True,True,True,,False,7,0,0
2015,400787474,True,True,True,True,True,True,,False,0,0,0
2015,400787475,True,True,True,True,True,True,,False,0,0,0
2015,400787476,True,True,True,True,True,True,,False,0,0,0
2015,400790881,True,True,True,True,True,True,,False,0,0,0
2015,400603912,True,True,True,True,True,True,,False,0,0,0
2015,400603913,True,True,True,True,True,True,,False,0,0,0
2015,400603914,True,True,True,True,True,True,,False,0,0,0
2015,400603915,True,True,True,True,True,True,,False,0,0,0
2015,400603916,True,True,True,True,True,True,,False,7,0,0
2015,400603917,True,True,True,True,True,True,,False,0,0,0
2015,400603918,True,True,True,True,True,True,,False,0,0,0
2015,400603919,True,True,False,True,True,False,c2:cfbd_drive_missing_from_ledger,False,0,1,0
2015,400603920,True,True,True,True,False,False,c4:score_regression_between_drives,False,0,0,0
2015,400756994,True,True,True,True,True,True,,False,0,0,0
2015,400756995,True,True,True,True,True,True,,False,0,0,0
2015,400756996,True,True,True,True,True,True,,False,0,0,0
2015,400756997,True,True,True,True,True,True,,False,0,0,0
2015,400756998,True,True,True,True,True,True,,False,0,0,0
2015,400757085,True,True,True,True,True,True,,False,0,0,0
2015,400757086,True,True,True,True,True,True,,False,7,0,0
2015,400757087,True,True,True,True,True,True,,False,0,0,0
2015,400757088,True,True,True,True,True,True,,False,6,0,0
2015,400757089,True,True,True,True,True,True,,False,0,0,0
2015,400757090,True,True,False,True,True,False,c2:cfbd_drive_missing_from_ledger,False,14,1,0
2015,400763463,True,True,True,True,True,True,,False,14,0,0
2015,400763464,True,True,True,True,True,True,,False,0,0,0
2015,400763465,True,True,True,True,True,True,,False,7,0,0
2015,400763466,True,True,True,True,True,True,,False,7,0,0
2015,400763467,True,True,True,True,True,True,,False,7,0,0
2015,400763576,True,True,False,True,True,False,c2:cfbd_drive_missing_from_ledger,False,0,1,0
2015,400763577,True,True,True,True,True,True,,False,0,0,0
2015,400763578,True,True,True,True,True,True,,False,0,0,0
2015,400763579,True,True,True,True,True,True,,False,0,0,0
2015,400763580,True,True,True,True,True,True,,False,7,0,0
2015,400763581,True,True,True,True,True,True,,False,0,0,0
2015,400763582,True,True,True,True,True,True,,False,0,0,0
2015,400763659,True,True,True,True,True,True,,False,20,0,0
2015,400763660,True,True,False,True,True,False,c2:cfbd_drive_missing_from_ledger,False,0,1,0
2015,400763661,True,True,True,True,True,True,,False,0,0,0
2015,400763662,True,True,True,True,True,True,,False,0,0,0
2015,400763663,True,True,False,True,True,False,c2:cfbd_drive_missing_from_ledger,False,0,1,0
2015,400763664,True,True,False,True,True,False,c2:cfbd_drive_missing_from_ledger,False,7,1,0
2015,400764917,True,True,True,True,True,True,,False,0,0,0
2015,400764918,True,True,True,True,True,True,,False,0,0,0
2015,400764919,True,True,True,True,True,True,,False,0,0,0
2015,400764920,True,True,True,True,True,True,,False,7,0,0
2015,400764921,True,True,True,True,True,True,,False,0,0,0
2015,400764922,True,True,True,True,True,True,,False,7,0,0
2015,400787292,True,True,True,True,False,False,c4:score_regression_between_drives,False,0,0,0
2015,400787294,True,True,False,True,True,False,c2:cfbd_drive_missing_from_ledger,False,13,1,0
2015,400787295,True,True,True,True,True,True,,False,0,0,0
2015,400787296,True,False,False,True,False,False,c1:cumulative_through_period_2_differs_from_line_scores;c2:eligible_ledger_possession_missing_from_cfbd;c4:score_regression_between_drives,False,0,0,1
2015,400787297,True,True,True,True,True,True,,False,7,0,0
2015,400787298,True,True,True,True,True,True,,False,0,0,0
2015,400787361,True,True,True,True,True,True,,False,7,0,0
2015,400787362,True,True,True,True,True,True,,False,0,0,0
2015,400787363,False,False,False,False,False,False,no_drives,False,0,0,0
2015,400787364,True,True,True,True,True,True,,False,14,0,0
2015,400787365,True,True,True,True,True,True,,False,0,0,0
2015,400787366,True,True,False,True,True,False,c2:cfbd_drive_missing_from_ledger,False,7,1,0
2015,400787477,True,True,True,True,True,True,,False,0,0,0
2015,400787478,True,True,True,True,True,True,,False,0,0,0
2015,400787479,True,True,True,True,True,True,,False,7,0,0
2015,400787480,True,True,True,True,True,True,,False,0,0,0
2015,400787481,False,False,False,False,False,False,no_drives,False,0,0,0
2015,400790888,True,True,True,True,True,True,,False,7,0,0
2015,400763468,True,True,True,True,True,True,,False,0,0,0
2015,400763469,True,True,False,True,True,False,c2:cfbd_drive_missing_from_ledger,False,14,1,0
2015,400787482,True,True,False,True,False,False,c2:cfbd_drive_missing_from_ledger;c4:score_regression_between_drives,False,-1,1,0
2015,400787483,True,True,True,True,True,True,,False,0,0,0
2015,400787484,True,True,True,True,True,True,,False,0,0,0
2015,400787485,True,True,True,True,True,True,,False,0,0,0
2015,400787486,True,True,False,True,True,False,c2:eligible_ledger_possession_missing_from_cfbd,False,7,0,1
2015,400852672,True,True,True,True,True,True,,False,0,0,0
2015,400852675,True,True,True,True,True,True,,False,0,0,0
2015,400852676,True,True,False,True,True,False,c2:cfbd_drive_missing_from_ledger,False,6,1,0
2015,400852677,True,True,True,True,True,True,,False,0,0,0
2015,400852678,True,True,True,True,True,True,,False,0,0,0
2015,400852680,True,True,True,True,True,True,,False,0,0,0
2015,400852681,True,True,True,True,True,True,,False,0,0,0
2015,400852682,True,True,True,True,True,True,,False,0,0,0
2015,400760500,True,True,True,True,True,True,,False,7,0,0
2016,400868876,True,True,True,True,True,True,,False,0,0,0
2016,400868887,True,True,True,True,True,True,,False,0,0,0
2016,400868910,True,True,True,True,True,True,,False,0,0,0
2016,400868922,False,False,False,False,False,False,no_drives,False,0,0,0
2016,400868946,True,True,True,True,True,True,,False,7,0,0
2016,400868957,True,True,True,True,True,True,,False,0,0,0
2016,400868968,True,True,True,True,True,True,,False,0,0,0
2016,400868969,True,True,True,True,True,True,,False,0,0,0
2016,400868970,True,True,True,True,True,True,,False,0,0,0
2016,400868971,True,True,False,True,True,False,c2:cfbd_drive_missing_from_ledger,False,0,1,0
2016,400868972,True,True,False,True,True,False,c2:cfbd_drive_missing_from_ledger,False,14,1,0
2016,400868973,True,True,True,True,True,True,,False,0,0,0
2016,400868974,True,True,True,True,True,True,,False,0,0,0
2016,400868975,True,True,True,True,True,True,,False,0,0,0
2016,400868976,True,True,True,True,True,True,,False,0,0,0
2016,400868977,True,True,True,True,True,True,,False,0,0,0
2016,400868978,True,True,True,True,True,True,,False,0,0,0
2016,400868979,True,True,True,True,True,True,,False,0,0,0
2016,400869090,True,True,True,True,True,True,,False,0,0,0
2016,400869091,True,True,True,False,False,False,c3:drive_17_delta_0_17;c4:score_regression_between_drives,False,-17,0,0
2016,400869092,True,True,True,True,True,True,,False,0,0,0
2016,400869093,True,True,True,True,True,True,,False,0,0,0
2016,400869094,True,True,False,False,False,False,c2:cfbd_drive_missing_from_ledger;c3:drive_2_delta_0_3;c4:score_regression_between_drives,False,-1,1,0
2016,400869095,True,True,True,True,True,True,,False,7,0,0
2016,400869096,True,True,True,True,True,True,,False,0,0,0
2016,400869097,True,True,False,True,True,False,c2:cfbd_drive_missing_from_ledger,False,14,1,0
2016,400869098,True,True,True,True,True,True,,False,0,0,0
2016,400869173,True,True,True,True,True,True,,False,7,0,0
2016,400869174,True,True,True,True,True,True,,False,0,0,0
2016,400869175,True,True,True,True,True,True,,False,0,0,0
2016,400869176,True,True,True,True,True,True,,False,0,0,0
2016,400869177,True,True,True,True,True,True,,False,0,0,0
2016,400869178,True,True,False,True,True,False,c2:cfbd_drive_missing_from_ledger,False,0,1,0
2016,400869179,True,True,True,True,True,True,,False,0,0,0
2016,400869180,True,True,True,True,True,True,,False,0,0,0
2016,400869181,True,False,True,True,True,False,c1:last_drive_end_differs_from_certified_final,False,10,0,0
2016,400869182,False,False,False,False,False,False,no_drives,False,0,0,0
2016,400869183,True,True,True,True,True,True,,False,0,0,0
2016,400869257,True,True,True,True,True,True,,False,0,0,0
2016,400869258,True,True,True,True,True,True,,False,0,0,0
2016,400869259,True,True,True,True,True,True,,False,0,0,0
2016,400869260,True,True,True,True,True,True,,False,0,0,0
2016,400869261,True,True,True,True,True,True,,False,7,0,0
2016,400869262,True,True,True,True,True,True,,False,0,0,0
2016,400869263,True,True,True,True,True,True,,False,7,0,0
2016,400869264,True,False,False,False,True,False,c1:cumulative_through_period_4_differs_from_line_scores;c2:cfbd_drive_missing_from_ledger;c3:drive_34_delta_16_21,False,7,2,0
2016,400869265,True,True,True,True,True,True,,False,0,0,0
2016,400869266,True,True,True,True,True,True,,False,0,0,0
2016,400869267,True,True,False,False,True,False,c2:eligible_ledger_possession_missing_from_cfbd;c3:drive_8_delta_0_3,False,0,0,1
2016,400869341,True,True,False,True,True,False,c2:cfbd_drive_missing_from_ledger,False,0,1,0
2016,400869342,True,True,True,False,False,False,c3:drive_4_delta_2_3;c4:score_regression_between_drives,False,-5,0,0
2016,400869343,True,True,True,True,True,True,,False,7,0,0
2016,400869344,True,True,True,True,True,True,,False,0,0,0
2016,400869345,True,True,True,True,True,True,,False,0,0,0
2016,400869346,True,True,True,True,True,True,,False,0,0,0
2016,400869347,True,True,True,True,True,True,,False,0,0,0
2016,400869348,True,True,True,True,True,True,,False,7,0,0
2016,400869349,True,True,False,True,True,False,c2:cfbd_drive_missing_from_ledger,False,0,1,0
2016,400869421,True,True,True,True,True,True,,False,0,0,0
2016,400869422,True,True,True,True,True,True,,False,0,0,0
2016,400869423,True,True,True,True,True,True,,False,7,0,0
2016,400869424,True,True,True,True,True,True,,False,7,0,0
2016,400869425,True,True,True,True,True,True,,False,7,0,0
2016,400869426,True,True,False,True,True,False,c2:cfbd_drive_missing_from_ledger,False,7,1,0
2016,400869427,True,True,False,True,True,False,c2:cfbd_drive_missing_from_ledger,False,0,1,0
2016,400869428,True,True,True,False,False,False,c3:drive_22_delta_2_0;c4:score_regression_between_drives;c4:excess_points_over_certified_final,False,-27,0,0
2016,400869502,True,True,True,True,True,True,,False,0,0,0
2016,400869503,True,True,True,True,False,False,c4:score_regression_between_drives,False,0,0,0
2016,400869504,True,True,True,True,True,True,,False,0,0,0
2016,400869505,True,True,True,True,True,True,,False,0,0,0
2016,400869506,True,True,True,True,True,True,,False,14,0,0
2016,400869507,True,True,True,True,True,True,,False,0,0,0
2016,400869508,True,True,True,True,True,True,,False,0,0,0
2016,400869509,True,True,False,True,True,False,c2:cfbd_drive_missing_from_ledger,False,7,1,0
2016,400869578,True,True,True,True,True,True,,False,0,0,0
2016,400869597,True,True,True,True,True,True,,False,0,0,0
2016,400869619,True,True,False,False,False,False,c2:eligible_ledger_possession_missing_from_cfbd;c3:drive_26_delta_0_3;c4:score_regression_between_drives,False,-10,0,1
2016,400869624,True,True,True,True,True,True,,False,0,0,0
2016,400869625,True,True,True,True,True,True,,False,14,0,0
2016,400869651,True,True,True,True,True,True,,False,0,0,0
2016,400869652,True,True,True,True,True,True,,False,7,0,0
2016,400869653,True,True,True,True,True,True,,False,0,0,0
2016,400869718,True,True,True,True,True,True,,False,7,0,0
2016,400869725,True,True,True,True,True,True,,False,0,0,0
2016,400869808,True,True,True,True,True,True,,False,7,0,0
2016,400869809,True,True,True,True,True,True,,False,0,0,0
2016,400869810,True,True,True,True,True,True,,False,6,0,0
2016,400876038,True,True,True,True,True,True,,False,0,0,0
2016,400876039,True,True,True,True,True,True,,False,7,0,0
2016,400876040,True,True,False,True,True,False,c2:cfbd_drive_missing_from_ledger,False,7,1,0
2016,400876041,True,True,True,True,True,True,,False,0,0,0
2016,400876042,True,True,True,True,True,True,,False,0,0,0
2016,400876043,True,True,True,True,True,True,,False,0,0,0
2016,400876044,True,True,True,True,True,True,,False,0,0,0
2016,400876045,True,True,True,True,True,True,,False,0,0,0
2016,400876046,True,True,True,True,True,True,,False,0,0,0
2016,400876047,True,True,True,True,True,True,,False,0,0,0
2016,400876048,True,True,True,True,True,True,,False,7,0,0
2016,400876049,True,True,True,True,True,True,,False,7,0,0
2016,400876090,True,True,True,True,True,True,,False,0,0,0
2016,400876091,True,True,True,True,True,True,,False,7,0,0
2016,400876092,True,True,False,True,True,False,c2:cfbd_drive_missing_from_ledger,False,7,1,0
2016,400876093,True,True,True,True,True,True,,False,7,0,0
2016,400876094,True,True,True,True,True,True,,False,14,0,0
2016,400876095,True,True,True,True,True,True,,False,0,0,0
2016,400876096,True,True,True,True,True,True,,False,0,0,0
2016,400876097,True,True,True,True,True,True,,False,0,0,0
2016,400876098,True,True,True,True,True,True,,False,7,0,0
2016,400876099,True,True,True,True,True,True,,False,7,0,0
2016,400876100,True,True,True,True,True,True,,False,7,0,0
2016,400876101,True,True,True,True,True,True,,False,7,0,0
2016,400876102,True,True,True,True,True,True,,False,0,0,0
2016,400876103,True,True,True,True,True,True,,False,0,0,0
2016,400876104,True,True,True,True,True,True,,False,0,0,0
2016,400876105,True,True,True,True,True,True,,False,7,0,0
2016,400876106,True,True,True,True,True,True,,False,0,0,0
2016,400876107,True,True,True,True,True,True,,False,0,0,0
2016,400876108,True,True,True,True,True,True,,False,0,0,0
2016,400876109,True,True,True,True,True,True,,False,7,0,0
2016,400876110,True,True,True,True,True,True,,False,0,0,0
2016,400876111,True,True,True,True,True,True,,False,21,0,0
2016,400876112,True,True,True,True,True,True,,False,0,0,0
2016,400876113,True,True,True,True,True,True,,False,0,0,0
2016,400876570,True,True,True,True,True,True,,False,0,0,0
2016,400878692,True,True,True,True,True,True,,False,0,0,0
2016,400903226,True,True,True,True,False,False,c4:score_regression_between_drives,False,0,0,0
2016,400903611,True,True,True,True,True,True,,False,0,0,0
2016,400928102,True,True,True,True,True,True,,False,0,0,0
2016,400868877,True,True,True,True,True,True,,False,0,0,0
2016,400868888,True,True,True,True,True,True,,False,0,0,0
2016,400868911,True,True,True,True,True,True,,False,7,0,0
2016,400868923,True,True,True,True,True,True,,False,0,0,0
2016,400868947,True,True,False,True,True,False,c2:cfbd_drive_missing_from_ledger;c2:eligible_ledger_possession_missing_from_cfbd,False,2,1,1
2016,400868958,True,True,True,True,True,True,,False,13,0,0
2016,400868980,True,True,True,True,True,True,,False,0,0,0
2016,400868981,True,True,True,True,True,True,,False,0,0,0
2016,400868982,True,True,True,True,True,True,,False,0,0,0
2016,400868983,True,True,True,True,True,True,,False,14,0,0
2016,400868984,True,True,True,True,True,True,,False,0,0,0
2016,400868985,True,True,False,True,True,False,c2:cfbd_drive_missing_from_ledger;c2:eligible_ledger_possession_missing_from_cfbd,False,0,1,1
2016,400868986,True,True,True,True,True,True,,False,0,0,0
2016,400868987,True,True,True,True,True,True,,False,0,0,0
2016,400868988,True,True,False,True,True,False,c2:cfbd_drive_missing_from_ledger,False,6,1,0
2016,400868989,True,True,True,True,True,True,,False,14,0,0
2016,400868990,True,True,True,True,True,True,,False,7,0,0
2016,400868991,True,True,True,False,False,False,c3:drive_4_delta_2_0;c4:score_regression_between_drives,False,-2,0,0
2016,400869099,True,True,True,True,True,True,,False,0,0,0
2016,400869100,True,True,True,True,False,False,c4:score_regression_between_drives,False,9,0,0
2016,400869101,True,True,True,True,True,True,,False,0,0,0
2016,400869102,True,True,True,True,True,True,,False,0,0,0
2016,400869103,True,True,True,True,True,True,,False,0,0,0
2016,400869104,True,True,True,True,True,True,,False,0,0,0
2016,400869105,True,True,False,True,True,False,c2:cfbd_drive_missing_from_ledger,False,7,1,0
2016,400869106,True,True,False,True,True,False,c2:cfbd_drive_missing_from_ledger,False,7,1,0
2016,400869107,True,True,False,True,True,False,c2:cfbd_drive_missing_from_ledger,False,21,1,0
2016,400869184,True,True,False,True,True,False,c2:cfbd_drive_missing_from_ledger,False,7,1,0
2016,400869185,True,True,True,True,True,True,,False,0,0,0
2016,400869186,True,True,True,True,True,True,,False,0,0,0
2016,400869187,True,True,True,True,True,True,,False,14,0,0
2016,400869188,True,True,True,True,True,True,,False,3,0,0
2016,400869189,True,True,True,True,True,True,,False,0,0,0
2016,400869190,True,True,False,True,True,False,c2:cfbd_drive_missing_from_ledger,False,14,1,0
2016,400869268,True,True,True,True,True,True,,False,0,0,0
2016,400869269,True,True,True,True,True,True,,False,0,0,0
2016,400869270,True,True,True,True,False,False,c4:score_regression_between_drives,False,-7,0,0
2016,400869271,True,True,True,True,True,True,,False,0,0,0
2016,400869272,True,True,True,True,True,True,,False,7,0,0
2016,400869273,True,True,True,False,False,False,c3:drive_7_delta_10_0;c4:score_regression_between_drives,False,-11,0,0
2016,400869274,False,False,False,False,False,False,no_drives,False,0,0,0
2016,400869275,True,True,False,True,True,False,c2:cfbd_drive_missing_from_ledger,False,7,1,0
2016,400869276,True,True,True,True,True,True,,False,7,0,0
2016,400869277,True,True,False,True,True,False,c2:cfbd_drive_missing_from_ledger;c2:eligible_ledger_possession_missing_from_cfbd,False,7,1,1
2016,400869350,True,True,True,True,True,True,,False,0,0,0
2016,400869351,True,True,True,True,True,True,,False,0,0,0
2016,400869352,True,True,True,True,True,True,,False,0,0,0
2016,400869353,False,False,False,False,False,False,no_drives,False,0,0,0
2016,400869354,True,True,True,True,True,True,,False,0,0,0
2016,400869355,True,True,True,True,True,True,,False,0,0,0
2016,400869356,True,False,True,True,True,False,c1:cumulative_through_period_1_differs_from_line_scores,False,0,0,0
2016,400869357,True,True,True,True,True,True,,False,0,0,0
2016,400869429,True,True,True,True,True,True,,False,21,0,0
2016,400869430,True,True,True,True,True,True,,False,0,0,0
2016,400869431,True,True,True,True,True,True,,False,0,0,0
2016,400869432,True,True,True,True,True,True,,False,2,0,0
2016,400869433,True,True,True,True,True,True,,False,0,0,0
2016,400869434,True,True,True,True,True,True,,False,0,0,0
2016,400869435,True,True,True,True,True,True,,False,0,0,0
2016,400869436,True,True,True,True,True,True,,False,0,0,0
2016,400869510,True,True,True,True,True,True,,False,7,0,0
2016,400869511,True,True,True,True,True,True,,False,0,0,0
2016,400869512,True,True,False,True,True,False,c2:cfbd_drive_missing_from_ledger,False,7,1,0
2016,400869513,True,True,False,False,False,False,c2:cfbd_drive_missing_from_ledger;c3:drive_7_delta_1_0;c4:score_regression_between_drives,False,-1,1,0
2016,400869514,True,True,True,True,True,True,,False,0,0,0
2016,400869515,True,True,False,True,True,False,c2:cfbd_drive_missing_from_ledger,False,7,1,0
2016,400869516,True,True,True,True,True,True,,False,0,0,0
2016,400869612,True,True,True,True,True,True,,False,7,0,0
2016,400869626,True,True,True,True,True,True,,False,7,0,0
2016,400869633,True,True,False,False,False,False,c2:cfbd_drive_missing_from_ledger;c3:drive_3_delta_1_1;c4:score_regression_between_drives;c4:excess_points_over_certified_final,False,12,1,0
2016,400869654,True,True,True,True,True,True,,False,0,0,0
2016,400869655,True,True,True,True,True,True,,False,0,0,0
2016,400869719,True,True,True,True,True,True,,False,0,0,0
2016,400869811,True,True,True,True,True,True,,False,0,0,0
2016,400869812,True,True,False,True,True,False,c2:eligible_ledger_possession_missing_from_cfbd,False,7,0,1
2016,400868889,True,True,True,True,True,True,,False,7,0,0
2016,400868912,True,True,False,True,False,False,c2:cfbd_drive_missing_from_ledger;c4:score_regression_between_drives,False,-14,2,0
2016,400868924,True,True,True,True,True,True,,False,0,0,0
2016,400868948,True,True,True,True,True,True,,False,8,0,0
2016,400868959,True,True,True,True,True,True,,False,0,0,0
2016,400868992,True,True,True,True,True,True,,False,0,0,0
2016,400868993,True,True,True,True,True,True,,False,0,0,0
2016,400868994,True,True,True,True,True,True,,False,0,0,0
2016,400868995,True,True,True,True,False,False,c4:score_regression_between_drives,False,14,0,0
2016,400868996,True,True,True,True,True,True,,False,0,0,0
2016,400868997,True,True,True,True,True,True,,False,0,0,0
2016,400868998,True,True,True,True,True,True,,False,14,0,0
2016,400868999,True,True,True,True,True,True,,False,0,0,0
2016,400869000,True,True,True,True,True,True,,False,0,0,0
2016,400869001,True,True,True,True,True,True,,False,0,0,0
2016,400869108,True,True,True,True,True,True,,False,7,0,0
2016,400869109,True,True,False,True,True,False,c2:cfbd_drive_missing_from_ledger,False,7,1,0
2016,400869110,True,True,True,True,True,True,,False,0,0,0
2016,400869111,True,True,True,True,True,True,,False,7,0,0
2016,400869112,True,True,True,True,True,True,,False,0,0,0
2016,400869113,True,True,False,True,True,False,c2:cfbd_drive_missing_from_ledger,False,0,1,0
2016,400869114,True,True,True,True,False,False,c4:score_regression_between_drives,False,7,0,0
2016,400869115,True,True,True,True,True,True,,False,0,0,0
2016,400869116,True,True,False,True,True,False,c2:cfbd_drive_missing_from_ledger,False,7,1,0
2016,400869117,True,True,True,True,True,True,,False,7,0,0
2016,400869191,True,True,True,True,True,True,,False,0,0,0
2016,400869192,True,True,True,True,True,True,,False,14,0,0
2016,400869193,True,True,True,True,True,True,,False,0,0,0
2016,400869194,True,True,True,True,True,True,,False,7,0,0
2016,400869195,True,True,True,True,True,True,,False,7,0,0
2016,400869196,True,True,True,True,True,True,,False,0,0,0
2016,400869197,True,True,True,True,True,True,,False,7,0,0
2016,400869198,True,True,True,True,True,True,,False,7,0,0
2016,400869278,True,True,True,True,True,True,,False,0,0,0
2016,400869279,True,True,True,True,True,True,,False,0,0,0
2016,400869280,True,False,True,True,False,False,c1:cumulative_through_period_3_differs_from_line_scores;c4:score_regression_between_drives,False,0,0,0
2016,400869281,True,False,False,True,False,False,c1:cumulative_through_period_1_differs_from_line_scores;c2:cfbd_drive_missing_from_ledger;c4:score_regression_between_drives,False,0,1,0
2016,400869282,True,True,True,True,True,True,,False,0,0,0
2016,400869283,True,True,True,True,True,True,,False,0,0,0
2016,400869284,True,True,True,True,True,True,,False,0,0,0
2016,400869358,True,False,False,False,False,False,c1:last_drive_end_differs_from_certified_final;c1:cumulative_through_period_2_differs_from_line_scores;c1:cumulative_through_period_4_differs_from_line_scores;c2:eligible_ledger_possession_missing_from_cfbd;c3:drive_16_delta_14_0;c4:score_regression_between_drives;c4:excess_points_over_certified_final,False,-14,0,1
2016,400869359,True,True,True,True,True,True,,False,0,0,0
2016,400869360,True,True,True,True,True,True,,False,0,0,0
2016,400869361,True,True,True,True,True,True,,False,0,0,0
2016,400869362,True,True,False,True,True,False,c2:cfbd_drive_missing_from_ledger,False,0,1,0
2016,400869437,True,True,True,True,True,True,,False,7,0,0
2016,400869438,True,True,False,True,True,False,c2:cfbd_drive_missing_from_ledger;c2:eligible_ledger_possession_missing_from_cfbd,False,7,1,1
2016,400869439,True,True,True,True,True,True,,False,7,0,0
2016,400869440,True,True,True,True,True,True,,False,7,0,0
2016,400869441,True,True,True,True,True,True,,False,0,0,0
2016,400869442,True,True,True,True,True,True,,False,14,0,0
2016,400869443,True,True,True,True,True,True,,False,0,0,0
2016,400869444,True,True,True,True,True,True,,False,0,0,0
2016,400869445,True,True,False,True,True,False,c2:eligible_ledger_possession_missing_from_cfbd,False,0,0,1
2016,400869517,True,True,True,True,True,True,,False,0,0,0
2016,400869518,True,True,True,True,True,True,,False,0,0,0
2016,400869519,True,True,True,True,True,True,,False,0,0,0
2016,400869520,True,True,True,True,True,True,,False,14,0,0
2016,400869521,True,True,True,True,True,True,,False,0,0,0
2016,400869522,True,True,True,True,True,True,,False,0,0,0
2016,400869523,True,True,False,True,True,False,c2:cfbd_drive_missing_from_ledger,False,7,1,0
2016,400869613,True,True,False,True,True,False,c2:cfbd_drive_missing_from_ledger,False,14,1,0
2016,400869656,True,True,True,True,True,True,,False,0,0,0
2016,400869657,True,True,True,True,True,True,,False,0,0,0
2016,400869720,True,True,True,True,True,True,,False,7,0,0
2016,400869813,True,True,False,True,True,False,c2:eligible_ledger_possession_missing_from_cfbd,False,0,0,2
2016,400869814,True,True,True,True,True,True,,False,0,0,0
2016,400868878,True,True,True,True,True,True,,False,7,0,0
2016,400868913,True,True,True,True,True,True,,False,0,0,0
2016,400868925,True,True,True,True,True,True,,False,0,0,0
2016,400868949,True,True,False,True,True,False,c2:cfbd_drive_missing_from_ledger,False,14,1,0
2016,400868960,True,True,True,True,True,True,,False,7,0,0
2016,400869002,True,True,True,True,True,True,,False,0,0,0
2016,400869003,True,True,True,True,True,True,,False,0,0,0
2016,400869004,True,True,True,True,True,True,,False,0,0,0
2016,400869005,True,True,True,True,True,True,,False,7,0,0
2016,400869006,True,True,True,True,True,True,,False,14,0,0
2016,400869007,True,True,True,True,True,True,,False,0,0,0
2016,400869008,True,True,True,True,True,True,,False,0,0,0
2016,400869009,True,True,True,True,True,True,,False,0,0,0
2016,400869118,True,True,False,True,True,False,c2:cfbd_drive_missing_from_ledger;c2:eligible_ledger_possession_missing_from_cfbd,False,7,1,1
2016,400869119,True,True,True,True,False,False,c4:score_regression_between_drives,False,0,0,0
2016,400869120,True,True,False,True,True,False,c2:cfbd_drive_missing_from_ledger,False,7,1,0
2016,400869121,True,True,True,True,True,True,,False,0,0,0
2016,400869122,True,True,True,True,True,True,,False,0,0,0
2016,400869123,True,True,False,True,False,False,c2:cfbd_drive_missing_from_ledger;c4:score_regression_between_drives,False,7,1,0
2016,400869199,True,True,True,True,True,True,,False,0,0,0
2016,400869200,True,True,True,True,True,True,,False,0,0,0
2016,400869201,True,True,True,True,True,True,,False,0,0,0
2016,400869202,True,True,True,True,True,True,,False,14,0,0
2016,400869203,True,True,True,True,True,True,,False,0,0,0
2016,400869204,True,True,True,True,True,True,,False,0,0,0
2016,400869205,True,True,True,True,True,True,,False,0,0,0
2016,400869285,True,True,False,True,True,False,c2:cfbd_drive_missing_from_ledger,False,0,1,0
2016,400869286,True,True,True,True,True,True,,False,0,0,0
2016,400869287,True,True,True,True,True,True,,False,14,0,0
2016,400869288,True,True,True,True,True,True,,False,7,0,0
2016,400869289,True,True,True,True,True,True,,False,0,0,0
2016,400869290,True,True,False,True,True,False,c2:cfbd_drive_missing_from_ledger,False,7,1,0
2016,400869291,True,True,True,True,True,True,,False,7,0,0
2016,400869292,True,True,True,True,True,True,,False,0,0,0
2016,400869363,True,True,True,True,True,True,,False,7,0,0
2016,400869364,True,True,False,True,True,False,c2:cfbd_drive_missing_from_ledger;c2:eligible_ledger_possession_missing_from_cfbd,False,14,1,1
2016,400869365,True,False,True,True,False,False,c1:cumulative_through_period_1_differs_from_line_scores;c4:score_regression_between_drives,False,0,0,0
2016,400869366,True,True,False,True,True,False,c2:cfbd_drive_missing_from_ledger,False,0,1,0
2016,400869367,True,True,True,True,True,True,,False,7,0,0
2016,400869368,True,True,True,True,True,True,,False,0,0,0
2016,400869369,True,True,True,True,False,False,c4:score_regression_between_drives,False,7,0,0
2016,400869446,True,True,True,False,True,False,c3:drive_11_delta_2_0,False,0,0,0
2016,400869447,True,True,True,True,True,True,,False,14,0,0
2016,400869448,True,True,True,True,True,True,,False,0,0,0
2016,400869449,True,True,False,True,True,False,c2:cfbd_drive_missing_from_ledger,False,2,1,0
2016,400869450,True,True,True,True,True,True,,False,0,0,0
2016,400869451,True,True,True,True,True,True,,False,2,0,0
2016,400869452,True,True,True,True,True,True,,False,0,0,0
2016,400869524,True,True,True,True,True,True,,False,0,0,0
2016,400869525,True,False,False,False,False,False,c1:cumulative_through_period_3_differs_from_line_scores;c2:cfbd_drive_missing_from_ledger;c3:drive_20_delta_14_0;c4:score_regression_between_drives,False,0,1,0
2016,400869526,True,True,True,True,True,True,,False,14,0,0
2016,400869605,True,True,True,True,True,True,,False,0,0,0
2016,400869634,True,True,True,True,True,True,,False,21,0,0
2016,400869658,True,True,True,True,True,True,,False,0,0,0
2016,400869659,True,True,True,True,True,True,,False,7,0,0
2016,400869660,True,True,True,True,True,True,,False,7,0,0
2016,400869815,True,True,True,True,True,True,,False,0,0,0
2016,400869816,True,True,False,True,True,False,c2:cfbd_drive_missing_from_ledger,False,7,1,0
2016,400869817,True,False,False,True,False,False,c1:first_drive_not_0_0;c2:cfbd_drive_missing_from_ledger;c4:score_regression_between_drives,False,6,1,0
2016,400868879,True,True,True,True,True,True,,False,0,0,0
2016,400868926,True,True,True,True,True,True,,False,0,0,0
2016,400868950,True,True,False,True,True,False,c2:cfbd_drive_missing_from_ledger,False,7,1,0
2016,400868961,True,True,False,True,True,False,c2:cfbd_drive_missing_from_ledger,False,7,1,0
2016,400869010,True,True,True,True,True,True,,False,0,0,0
2016,400869011,True,True,True,True,True,True,,False,14,0,0
2016,400869012,True,True,True,True,True,True,,False,2,0,0
2016,400869013,True,True,False,True,True,False,c2:eligible_ledger_possession_missing_from_cfbd,False,0,0,1
2016,400869014,True,True,True,True,True,True,,False,0,0,0
2016,400869015,True,True,True,True,True,True,,False,0,0,0
2016,400869016,True,True,True,True,True,True,,False,0,0,0
2016,400869017,True,True,True,True,True,True,,False,0,0,0
2016,400869124,True,True,True,True,True,True,,False,0,0,0
2016,400869125,True,True,True,True,True,True,,False,7,0,0
2016,400869126,True,True,True,True,True,True,,False,0,0,0
2016,400869127,True,True,True,True,True,True,,False,0,0,0
2016,400869128,True,True,True,True,True,True,,False,0,0,0
2016,400869129,True,True,False,True,True,False,c2:cfbd_drive_missing_from_ledger,False,6,1,0
2016,400869206,True,True,True,True,True,True,,False,0,0,0
2016,400869207,True,True,True,True,True,True,,False,0,0,0
2016,400869208,True,True,True,True,True,True,,False,7,0,0
2016,400869209,True,True,True,True,True,True,,False,0,0,0
2016,400869210,True,True,True,True,True,True,,False,0,0,0
2016,400869211,True,True,True,True,True,True,,False,0,0,0
2016,400869212,True,True,True,True,True,True,,False,7,0,0
2016,400869293,True,True,True,True,True,True,,False,0,0,0
2016,400869294,True,True,True,True,True,True,,False,0,0,0
2016,400869295,True,True,True,True,True,True,,False,0,0,0
2016,400869296,True,True,True,True,True,True,,False,0,0,0
2016,400869297,True,True,True,True,True,True,,False,0,0,0
2016,400869298,True,True,True,True,False,False,c4:score_regression_between_drives,False,0,0,0
2016,400869370,False,False,False,False,False,False,no_drives,False,0,0,0
2016,400869371,True,True,True,True,True,True,,False,6,0,0
2016,400869372,True,True,True,True,True,True,,False,0,0,0
2016,400869373,True,True,True,True,True,True,,False,0,0,0
2016,400869374,True,True,True,True,True,True,,False,0,0,0
2016,400869375,True,True,True,True,True,True,,False,0,0,0
2016,400869376,True,True,True,True,True,True,,False,6,0,0
2016,400869453,True,True,True,True,True,True,,False,0,0,0
2016,400869454,True,True,True,True,True,True,,False,0,0,0
2016,400869455,True,True,True,False,False,False,c3:drive_19_delta_7_1;c4:score_regression_between_drives,False,-1,0,0
2016,400869456,True,True,True,True,True,True,,False,0,0,0
2016,400869527,True,True,True,True,True,True,,False,0,0,0
2016,400869528,True,True,False,True,True,False,c2:cfbd_drive_missing_from_ledger,False,9,1,0
2016,400869529,True,True,True,True,True,True,,False,0,0,0
2016,400869530,True,True,True,True,False,False,c4:score_regression_between_drives,False,7,0,0
2016,400869598,True,False,True,True,True,False,c1:cumulative_through_period_3_differs_from_line_scores,False,0,0,0
2016,400869606,True,True,True,True,True,True,,False,0,0,0
2016,400869614,True,True,True,True,True,True,,False,15,0,0
2016,400869620,True,True,False,True,True,False,c2:eligible_ledger_possession_missing_from_cfbd,False,0,0,1
2016,400869635,True,True,True,True,True,True,,False,0,0,0
2016,400869661,True,True,True,True,True,True,,False,0,0,0
2016,400869662,True,True,True,True,True,True,,False,7,0,0
2016,400869663,True,True,True,True,True,True,,False,0,0,0
2016,400869664,True,True,True,True,True,True,,False,0,0,0
2016,400869665,True,True,True,True,True,True,,False,0,0,0
2016,400869666,True,True,False,True,True,False,c2:cfbd_drive_missing_from_ledger,False,6,2,0
2016,400869721,True,True,True,True,True,True,,False,7,0,0
2016,400869818,True,True,True,True,True,True,,False,0,0,0
2016,400869819,False,False,False,False,False,False,no_drives,False,0,0,0
2016,400869820,True,False,False,True,True,False,c1:last_drive_end_differs_from_certified_final;c1:cumulative_through_period_4_differs_from_line_scores;c2:cfbd_drive_missing_from_ledger,False,0,1,0
2016,400869821,True,True,False,True,False,False,c2:eligible_ledger_possession_missing_from_cfbd;c4:score_regression_between_drives,False,-7,0,1
2016,400868914,False,False,False,False,False,False,no_drives,False,0,0,0
2016,400868927,True,True,True,True,True,True,,False,0,0,0
2016,400868951,True,True,True,True,True,True,,False,0,0,0
2016,400868962,True,True,True,True,True,True,,False,0,0,0
2016,400869018,True,True,True,True,True,True,,False,0,0,0
2016,400869020,True,True,True,True,False,False,c4:score_regression_between_drives,False,7,0,0
2016,400869021,True,True,True,True,True,True,,False,0,0,0
2016,400869022,True,True,False,True,True,False,c2:cfbd_drive_missing_from_ledger,False,7,1,0
2016,400869023,True,False,False,False,True,False,c1:cumulative_through_period_2_differs_from_line_scores;c1:cumulative_through_period_4_differs_from_line_scores;c2:cfbd_drive_missing_from_ledger;c2:eligible_ledger_possession_missing_from_cfbd;c3:drive_36_delta_0_3,False,7,15,18
2016,400869130,True,True,True,True,True,True,,False,0,0,0
2016,400869131,True,True,True,True,True,True,,False,0,0,0
2016,400869132,True,True,True,True,True,True,,False,7,0,0
2016,400869133,True,True,True,True,True,True,,False,7,0,0
2016,400869134,True,True,True,True,True,True,,False,0,0,0
2016,400869135,True,True,True,True,True,True,,False,0,0,0
2016,400869213,True,True,True,True,True,True,,False,7,0,0
2016,400869214,True,True,True,True,True,True,,False,0,0,0
2016,400869215,True,True,False,True,True,False,c2:cfbd_drive_missing_from_ledger;c2:eligible_ledger_possession_missing_from_cfbd,False,0,1,1
2016,400869216,True,True,True,True,True,True,,False,0,0,0
2016,400869217,True,True,True,True,True,True,,False,0,0,0
2016,400869218,True,True,True,True,True,True,,False,0,0,0
2016,400869299,True,True,False,True,True,False,c2:cfbd_drive_missing_from_ledger,False,7,1,0
2016,400869300,True,True,True,True,True,True,,False,0,0,0
2016,400869301,True,True,True,True,True,True,,False,7,0,0
2016,400869302,True,True,True,True,True,True,,False,7,0,0
2016,400869303,True,True,False,True,True,False,c2:cfbd_drive_missing_from_ledger,False,10,2,0
2016,400869304,True,True,False,True,True,False,c2:cfbd_drive_missing_from_ledger,False,0,1,0
2016,400869377,True,True,True,True,True,True,,False,0,0,0
2016,400869378,True,True,True,True,True,True,,False,0,0,0
2016,400869379,True,True,True,True,True,True,,False,0,0,0
2016,400869380,True,True,False,True,True,False,c2:cfbd_drive_missing_from_ledger,False,7,1,0
2016,400869381,True,True,True,True,True,True,,False,7,0,0
2016,400869457,True,True,True,True,True,True,,False,7,0,0
2016,400869458,True,True,False,True,True,False,c2:cfbd_drive_missing_from_ledger,False,7,2,0
2016,400869459,True,True,True,True,True,True,,False,7,0,0
2016,400869460,True,True,False,True,True,False,c2:eligible_ledger_possession_missing_from_cfbd,False,0,0,1
2016,400869531,True,True,False,True,True,False,c2:cfbd_drive_missing_from_ledger,False,7,1,0
2016,400869533,True,False,False,False,True,False,c1:cumulative_through_period_1_differs_from_line_scores;c2:cfbd_drive_missing_from_ledger;c2:eligible_ledger_possession_missing_from_cfbd;c3:drive_6_delta_0_3,False,0,9,9
2016,400869534,True,True,True,True,True,True,,False,7,0,0
2016,400869535,True,True,True,True,True,True,,False,0,0,0
2016,400869536,True,True,True,True,True,True,,False,0,0,0
2016,400869590,True,True,True,True,True,True,,False,0,0,0
2016,400869599,True,True,True,True,True,True,,False,7,0,0
2016,400869607,True,True,False,True,True,False,c2:cfbd_drive_missing_from_ledger,False,7,1,0
2016,400869615,True,True,True,True,True,True,,False,0,0,0
2016,400869636,True,True,True,True,True,True,,False,7,0,0
2016,400869643,True,True,True,True,True,True,,False,0,0,0
2016,400869667,True,True,True,True,True,True,,False,0,0,0
2016,400869668,True,True,True,True,True,True,,False,8,0,0
2016,400869669,True,True,True,True,True,True,,False,0,0,0
2016,400869722,True,True,True,True,True,True,,False,0,0,0
2016,400869822,True,True,True,True,True,True,,False,7,0,0
2016,400869823,True,True,True,True,True,True,,False,0,0,0
2016,400869824,True,True,True,True,True,True,,False,0,0,0
2016,400868880,True,True,True,True,True,True,,False,7,0,0
2016,400868915,True,True,True,True,True,True,,False,7,0,0
2016,400868928,True,True,True,True,True,True,,False,7,0,0
2016,400868952,True,True,True,True,True,True,,False,2,0,0
2016,400868963,True,True,True,True,True,True,,False,7,0,0
2016,400869024,True,True,True,True,False,False,c4:score_regression_between_drives,False,-7,0,0
2016,400869025,True,True,False,True,True,False,c2:cfbd_drive_missing_from_ledger,False,14,1,0
2016,400869026,True,True,True,True,True,True,,False,0,0,0
2016,400869027,True,True,True,True,True,True,,False,14,0,0
2016,400869028,True,True,True,True,True,True,,False,0,0,0
2016,400869136,True,True,True,True,True,True,,False,0,0,0
2016,400869137,True,True,True,True,True,True,,False,0,0,0
2016,400869138,True,True,True,True,True,True,,False,0,0,0
2016,400869139,True,True,True,True,True,True,,False,0,0,0
2016,400869219,True,True,True,True,True,True,,False,0,0,0
2016,400869220,True,True,True,True,True,True,,False,0,0,0
2016,400869221,True,True,True,True,True,True,,False,0,0,0
2016,400869222,True,True,True,False,False,False,c3:drive_19_delta_17_13;c4:score_regression_between_drives,False,-23,0,0
2016,400869223,True,True,True,True,True,True,,False,0,0,0
2016,400869305,True,True,True,True,True,True,,False,0,0,0
2016,400869306,False,False,False,False,False,False,no_drives,False,0,0,0
2016,400869307,True,False,True,False,False,False,c1:last_drive_end_differs_from_certified_final;c3:drive_28_delta_7_13;c4:score_regression_between_drives,False,-40,0,0
2016,400869308,True,True,True,True,True,True,,False,0,0,0
2016,400869309,True,True,True,True,True,True,,False,2,0,0
2016,400869310,True,True,True,True,True,True,,False,0,0,0
2016,400869382,True,True,True,True,True,True,,False,0,0,0
2016,400869383,False,False,False,False,False,False,no_drives,False,0,0,0
2016,400869384,True,True,False,True,True,False,c2:cfbd_drive_missing_from_ledger,False,30,5,0
2016,400869385,True,True,True,True,True,True,,False,7,0,0
2016,400869461,True,True,True,True,True,True,,False,0,0,0
2016,400869462,True,True,True,True,True,True,,False,0,0,0
2016,400869463,True,True,True,True,True,True,,False,0,0,0
2016,400869464,True,True,True,True,True,True,,False,0,0,0
2016,400869465,True,True,False,True,True,False,c2:cfbd_drive_missing_from_ledger,False,7,1,0
2016,400869466,True,True,False,True,True,False,c2:cfbd_drive_missing_from_ledger,False,0,1,0
2016,400869538,True,True,True,True,True,True,,False,0,0,0
2016,400869539,True,True,True,True,True,True,,False,0,0,0
2016,400869540,True,True,True,True,True,True,,False,14,0,0
2016,400869541,True,True,True,True,True,True,,False,0,0,0
2016,400869591,True,True,True,True,True,True,,False,0,0,0
2016,400869608,True,True,True,True,True,True,,False,7,0,0
2016,400869627,True,True,True,True,True,True,,False,0,0,0
2016,400869637,True,True,True,True,True,True,,False,0,0,0
2016,400869644,True,True,True,True,True,True,,False,0,0,0
2016,400869670,True,True,True,True,True,True,,False,0,0,0
2016,400869671,True,True,True,True,True,True,,False,0,0,0
2016,400869672,True,True,False,True,True,False,c2:cfbd_drive_missing_from_ledger,False,14,1,0
2016,400869673,True,True,True,True,True,True,,False,0,0,0
2016,400869723,True,True,True,True,True,True,,False,0,0,0
2016,400869825,True,True,True,True,True,True,,False,0,0,0
2016,400869826,True,True,True,True,True,True,,False,0,0,0
2016,400869827,True,True,True,True,True,True,,False,7,0,0
2016,400869828,False,False,False,False,False,False,no_drives,False,0,0,0
2016,400869829,True,True,True,True,True,True,,False,0,0,0
2016,400868916,True,True,True,True,True,True,,False,0,0,0
2016,400868964,True,True,False,True,True,False,c2:cfbd_drive_missing_from_ledger;c2:eligible_ledger_possession_missing_from_cfbd,False,0,1,1
2016,400869029,True,True,False,True,True,False,c2:cfbd_drive_missing_from_ledger,False,0,1,0
2016,400869030,True,True,True,True,True,True,,False,7,0,0
2016,400869031,True,True,True,True,True,True,,False,0,0,0
2016,400869032,True,True,True,True,True,True,,False,7,0,0
2016,400869033,True,True,True,True,True,True,,False,7,0,0
2016,400869034,True,True,True,True,True,True,,False,0,0,0
2016,400869140,True,True,True,True,True,True,,False,0,0,0
2016,400869141,True,True,False,True,True,False,c2:cfbd_drive_missing_from_ledger,False,7,1,0
2016,400869142,True,False,False,True,True,False,c1:first_drive_not_0_0;c2:cfbd_drive_missing_from_ledger,False,14,1,0
2016,400869143,True,True,False,True,True,False,c2:cfbd_drive_missing_from_ledger,False,0,2,0
2016,400869144,True,True,True,True,True,True,,False,0,0,0
2016,400869224,True,True,True,True,True,True,,False,0,0,0
2016,400869225,True,False,False,False,False,False,c1:cumulative_through_period_2_differs_from_line_scores;c1:cumulative_through_period_4_differs_from_line_scores;c2:cfbd_drive_missing_from_ledger;c2:eligible_ledger_possession_missing_from_cfbd;c3:drive_9_delta_14_0;c4:score_regression_between_drives,False,-29,3,2
2016,400869226,True,True,False,True,True,False,c2:cfbd_drive_missing_from_ledger,False,0,1,0
2016,400869227,True,True,False,True,True,False,c2:cfbd_drive_missing_from_ledger,False,21,1,0
2016,400869228,True,True,True,True,True,True,,False,0,0,0
2016,400869229,False,False,False,False,False,False,no_drives,False,0,0,0
2016,400869230,True,True,True,True,True,True,,False,0,0,0
2016,400869311,True,True,True,True,True,True,,False,0,0,0
2016,400869312,True,False,False,True,True,False,c1:first_drive_not_0_0;c2:cfbd_drive_missing_from_ledger,False,0,1,0
2016,400869313,True,True,True,True,True,True,,False,0,0,0
2016,400869314,True,True,True,False,False,False,c3:drive_13_delta_3_1;c4:score_regression_between_drives,False,-1,0,0
2016,400869315,True,True,True,True,True,True,,False,0,0,0
2016,400869316,True,True,True,True,True,True,,False,0,0,0
2016,400869386,True,True,True,True,True,True,,False,7,0,0
2016,400869387,True,True,False,True,True,False,c2:cfbd_drive_missing_from_ledger,False,7,1,0
2016,400869388,True,True,True,True,True,True,,False,0,0,0
2016,400869389,True,True,False,True,True,False,c2:cfbd_drive_missing_from_ledger,False,21,1,0
2016,400869390,False,False,False,False,False,False,no_drives,False,0,0,0
2016,400869467,True,True,True,True,True,True,,False,0,0,0
2016,400869468,True,True,False,True,True,False,c2:cfbd_drive_missing_from_ledger,False,7,1,0
2016,400869469,True,True,True,True,True,True,,False,0,0,0
2016,400869470,True,True,True,True,True,True,,False,0,0,0
2016,400869542,True,True,False,True,True,False,c2:cfbd_drive_missing_from_ledger,False,7,1,0
2016,400869543,True,True,False,True,True,False,c2:cfbd_drive_missing_from_ledger,False,0,1,0
2016,400869544,True,True,True,True,True,True,,False,0,0,0
2016,400869545,True,True,True,True,True,True,,False,0,0,0
2016,400869546,True,True,False,True,True,False,c2:cfbd_drive_missing_from_ledger,False,7,1,0
2016,400869547,True,True,True,True,True,True,,False,0,0,0
2016,400869600,True,True,True,True,True,True,,False,14,0,0
2016,400869609,True,True,True,True,True,True,,False,0,0,0
2016,400869616,True,True,True,True,True,True,,False,0,0,0
2016,400869628,True,True,True,True,True,True,,False,0,0,0
2016,400869638,True,True,False,True,True,False,c2:cfbd_drive_missing_from_ledger,False,7,1,0
2016,400869645,True,True,True,True,True,True,,False,0,0,0
2016,400869674,True,True,True,True,True,True,,False,0,0,0
2016,400869675,True,True,True,True,False,False,c4:score_regression_between_drives,False,-7,0,0
2016,400869676,True,True,True,True,True,True,,False,8,0,0
2016,400869677,True,True,True,True,True,True,,False,7,0,0
2016,400869678,True,True,True,True,True,True,,False,0,0,0
2016,400869830,True,True,True,True,True,True,,False,7,0,0
2016,400869831,True,True,True,True,True,True,,False,0,0,0
2016,400869832,True,True,False,True,True,False,c2:cfbd_drive_missing_from_ledger,False,0,1,0
2016,400869833,True,True,True,True,True,True,,False,0,0,0
2016,400869834,True,True,True,True,True,True,,False,0,0,0
2016,400868881,True,True,True,True,True,True,,False,9,0,0
2016,400868917,True,True,True,True,True,True,,False,7,0,0
2016,400868953,True,True,True,True,True,True,,False,0,0,0
2016,400868965,True,True,True,True,True,True,,False,0,0,0
2016,400869035,True,True,True,True,True,True,,False,0,0,0
2016,400869036,True,True,False,True,True,False,c2:cfbd_drive_missing_from_ledger,False,0,1,0
2016,400869037,True,True,True,True,True,True,,False,0,0,0
2016,400869038,True,True,True,True,True,True,,False,14,0,0
2016,400869039,True,True,False,True,True,False,c2:cfbd_drive_missing_from_ledger,False,7,1,0
2016,400869040,True,True,True,True,True,True,,False,0,0,0
2016,400869145,True,True,True,True,True,True,,False,0,0,0
2016,400869146,True,True,True,True,True,True,,False,7,0,0
2016,400869147,True,True,True,True,True,True,,False,0,0,0
2016,400869148,True,True,True,True,True,True,,False,0,0,0
2016,400869149,True,True,True,True,True,True,,False,7,0,0
2016,400869231,True,True,True,True,True,True,,False,0,0,0
2016,400869232,True,True,True,True,True,True,,False,0,0,0
2016,400869233,True,True,True,True,True,True,,False,7,0,0
2016,400869234,True,True,True,True,True,True,,False,0,0,0
2016,400869235,True,True,True,True,True,True,,False,0,0,0
2016,400869317,True,True,True,True,True,True,,False,0,0,0
2016,400869318,True,True,False,True,True,False,c2:cfbd_drive_missing_from_ledger,False,0,1,0
2016,400869319,True,True,True,True,False,False,c4:score_regression_between_drives,False,0,0,0
2016,400869391,True,True,True,True,True,True,,False,0,0,0
2016,400869392,True,True,True,True,True,True,,False,1,0,0
2016,400869393,True,True,True,True,True,True,,False,14,0,0
2016,400869394,True,True,True,True,True,True,,False,0,0,0
2016,400869395,True,True,True,True,True,True,,False,0,0,0
2016,400869396,True,True,True,True,True,True,,False,0,0,0
2016,400869471,True,True,True,True,True,True,,False,0,0,0
2016,400869472,True,True,True,True,True,True,,False,7,0,0
2016,400869473,True,True,True,True,True,True,,False,14,0,0
2016,400869474,True,True,False,True,True,False,c2:cfbd_drive_missing_from_ledger,False,7,1,0
2016,400869475,True,True,True,True,True,True,,False,0,0,0
2016,400869548,True,True,True,True,True,True,,False,7,0,0
2016,400869549,True,True,True,True,True,True,,False,0,0,0
2016,400869550,True,True,False,True,True,False,c2:cfbd_drive_missing_from_ledger,False,0,1,0
2016,400869551,True,True,True,True,True,True,,False,0,0,0
2016,400869552,True,True,True,True,True,True,,False,7,0,0
2016,400869553,True,True,True,True,True,True,,False,0,0,0
2016,400869592,True,True,True,True,True,True,,False,0,0,0
2016,400869601,True,True,True,True,True,True,,False,0,0,0
2016,400869621,True,True,True,True,True,True,,False,0,0,0
2016,400869629,True,True,True,True,True,True,,False,0,0,0
2016,400869646,True,True,True,True,True,True,,False,0,0,0
2016,400869679,True,True,True,True,True,True,,False,16,0,0
2016,400869680,True,True,True,True,True,True,,False,0,0,0
2016,400869681,True,True,True,True,True,True,,False,0,0,0
2016,400869682,True,True,True,True,True,True,,False,7,0,0
2016,400869683,True,True,True,True,True,True,,False,0,0,0
2016,400869717,True,True,True,True,True,True,,False,0,0,0
2016,400869835,True,True,True,True,True,True,,False,0,0,0
2016,400869836,True,True,True,True,True,True,,False,0,0,0
2016,400869837,True,True,True,True,True,True,,False,0,0,0
2016,400868882,True,True,True,True,True,True,,False,0,0,0
2016,400868918,True,True,True,True,True,True,,False,0,0,0
2016,400868930,True,True,True,True,True,True,,False,0,0,0
2016,400868954,True,True,True,True,True,True,,False,0,0,0
2016,400868966,True,True,False,True,True,False,c2:cfbd_drive_missing_from_ledger,False,7,1,0
2016,400869041,True,True,True,True,True,True,,False,7,0,0
2016,400869042,True,True,True,True,True,True,,False,0,0,0
2016,400869043,True,True,True,True,True,True,,False,0,0,0
2016,400869044,True,True,True,True,True,True,,False,0,0,0
2016,400869045,True,True,True,True,True,True,,False,0,0,0
2016,400869046,True,True,True,True,True,True,,False,14,0,0
2016,400869047,True,True,True,True,True,True,,False,0,0,0
2016,400869048,True,True,True,True,True,True,,False,7,0,0
2016,400869150,True,True,True,True,True,True,,False,0,0,0
2016,400869151,True,True,True,True,True,True,,False,7,0,0
2016,400869152,True,True,True,True,True,True,,False,6,0,0
2016,400869153,True,True,True,True,True,True,,False,14,0,0
2016,400869154,True,True,True,True,True,True,,False,0,0,0
2016,400869236,True,True,False,True,True,False,c2:cfbd_drive_missing_from_ledger,False,0,1,0
2016,400869237,True,True,True,True,True,True,,False,0,0,0
2016,400869238,True,True,True,True,True,True,,False,6,0,0
2016,400869239,True,True,True,True,True,True,,False,0,0,0
2016,400869240,True,True,True,True,True,True,,False,0,0,0
2016,400869320,True,True,True,True,True,True,,False,0,0,0
2016,400869321,True,True,True,True,True,True,,False,7,0,0
2016,400869322,True,True,True,True,True,True,,False,7,0,0
2016,400869323,True,True,False,True,True,False,c2:cfbd_drive_missing_from_ledger,False,0,1,0
2016,400869324,True,True,False,True,True,False,c2:cfbd_drive_missing_from_ledger,False,0,1,0
2016,400869397,True,True,True,True,True,True,,False,7,0,0
2016,400869398,True,True,True,True,True,True,,False,0,0,0
2016,400869399,True,True,True,True,True,True,,False,7,0,0
2016,400869400,True,True,True,True,True,True,,False,0,0,0
2016,400869401,True,True,True,True,True,True,,False,0,0,0
2016,400869402,True,True,True,True,True,True,,False,7,0,0
2016,400869403,True,True,True,True,True,True,,False,0,0,0
2016,400869476,True,True,True,True,True,True,,False,7,0,0
2016,400869477,True,True,True,True,True,True,,False,0,0,0
2016,400869478,True,True,True,True,True,True,,False,0,0,0
2016,400869479,True,True,True,True,True,True,,False,0,0,0
2016,400869480,True,True,True,True,True,True,,False,7,0,0
2016,400869481,True,True,False,True,True,False,c2:cfbd_drive_missing_from_ledger,False,7,1,0
2016,400869482,True,True,True,True,True,True,,False,0,0,0
2016,400869554,True,True,True,True,True,True,,False,0,0,0
2016,400869555,True,True,True,True,True,True,,False,0,0,0
2016,400869556,True,True,False,True,True,False,c2:cfbd_drive_missing_from_ledger,False,7,1,0
2016,400869593,True,True,False,True,True,False,c2:cfbd_drive_missing_from_ledger,False,0,1,0
2016,400869602,True,True,True,True,True,True,,False,0,0,0
2016,400869610,True,True,True,True,True,True,,False,0,0,0
2016,400869630,True,True,True,True,True,True,,False,0,0,0
2016,400869639,True,True,False,True,False,False,c2:cfbd_drive_missing_from_ledger;c4:score_regression_between_drives,False,0,1,0
2016,400869647,True,True,False,True,True,False,c2:cfbd_drive_missing_from_ledger,False,0,1,0
2016,400869684,True,True,True,True,True,True,,False,0,0,0
2016,400869685,True,True,True,True,True,True,,False,0,0,0
2016,400869686,True,True,True,True,True,True,,False,7,0,0
2016,400869687,True,True,True,True,True,True,,False,0,0,0
2016,400869688,True,True,True,True,True,True,,False,7,0,0
2016,400869838,True,True,False,True,True,False,c2:cfbd_drive_missing_from_ledger,False,6,1,0
2016,400869839,True,True,True,True,True,True,,False,0,0,0
2016,400869840,True,True,True,True,True,True,,False,0,0,0
2016,400869841,True,True,False,True,True,False,c2:cfbd_drive_missing_from_ledger,False,0,1,0
2016,400921256,True,True,True,True,True,True,,False,0,0,0
2016,400868883,True,True,True,True,True,True,,False,7,0,0
2016,400868919,True,False,False,True,True,False,c1:first_drive_not_0_0;c2:cfbd_drive_missing_from_ledger,False,0,1,0
2016,400868931,True,True,True,True,True,True,,False,0,0,0
2016,400869049,True,True,True,True,True,True,,False,0,0,0
2016,400869050,True,True,True,True,True,True,,False,0,0,0
2016,400869051,True,True,True,True,True,True,,False,0,0,0
2016,400869052,True,True,True,True,True,True,,False,0,0,0
2016,400869053,True,True,True,True,True,True,,False,6,0,0
2016,400869054,True,True,False,True,False,False,c2:eligible_ledger_possession_missing_from_cfbd;c4:score_regression_between_drives,False,-7,0,2
2016,400869055,True,True,True,True,True,True,,False,0,0,0
2016,400869155,True,True,True,True,True,True,,False,7,0,0
2016,400869156,False,False,False,False,False,False,no_drives,False,0,0,0
2016,400869157,True,True,True,True,True,True,,False,0,0,0
2016,400869158,True,False,False,True,False,False,c1:cumulative_through_period_1_differs_from_line_scores;c2:cfbd_drive_missing_from_ledger;c4:score_regression_between_drives,False,0,1,0
2016,400869159,True,True,True,True,True,True,,False,0,0,0
2016,400869160,True,True,True,True,True,True,,False,0,0,0
2016,400869241,False,False,False,False,False,False,no_drives,False,0,0,0
2016,400869242,True,True,True,True,True,True,,False,0,0,0
2016,400869243,True,True,True,True,True,True,,False,0,0,0
2016,400869244,True,True,False,True,True,False,c2:cfbd_drive_missing_from_ledger,False,7,2,0
2016,400869245,True,True,False,True,True,False,c2:cfbd_drive_missing_from_ledger;c2:eligible_ledger_possession_missing_from_cfbd,False,0,1,1
2016,400869325,True,True,True,True,True,True,,False,0,0,0
2016,400869326,True,True,True,True,True,True,,False,9,0,0
2016,400869327,True,True,True,True,True,True,,False,7,0,0
2016,400869328,True,True,True,True,True,True,,False,0,0,0
2016,400869329,True,True,True,True,True,True,,False,7,0,0
2016,400869404,True,True,True,True,True,True,,False,6,0,0
2016,400869405,True,True,True,True,True,True,,False,0,0,0
2016,400869406,True,False,False,True,True,False,c1:first_drive_not_0_0;c2:cfbd_drive_missing_from_ledger,False,7,2,0
2016,400869407,True,True,True,True,True,True,,False,0,0,0
2016,400869408,True,True,True,True,True,True,,False,14,0,0
2016,400869409,True,True,True,True,True,True,,False,0,0,0
2016,400869483,True,True,True,True,True,True,,False,0,0,0
2016,400869484,True,True,True,True,True,True,,False,0,0,0
2016,400869485,True,True,False,True,True,False,c2:cfbd_drive_missing_from_ledger;c2:eligible_ledger_possession_missing_from_cfbd,False,0,1,1
2016,400869486,True,True,False,True,False,False,c2:cfbd_drive_missing_from_ledger;c2:eligible_ledger_possession_missing_from_cfbd;c4:score_regression_between_drives,False,0,1,1
2016,400869487,True,True,True,True,True,True,,False,0,0,0
2016,400869488,True,False,False,True,True,False,c1:cumulative_through_period_2_differs_from_line_scores;c2:cfbd_drive_missing_from_ledger;c2:eligible_ledger_possession_missing_from_cfbd,False,48,7,13
2016,400869557,True,True,True,True,True,True,,False,0,0,0
2016,400869558,True,True,True,True,True,True,,False,0,0,0
2016,400869559,True,True,True,True,True,True,,False,0,0,0
2016,400869560,True,True,False,True,True,False,c2:cfbd_drive_missing_from_ledger,False,0,1,0
2016,400869561,True,True,True,True,True,True,,False,0,0,0
2016,400869594,True,True,True,True,True,True,,False,0,0,0
2016,400869622,True,True,True,True,True,True,,False,0,0,0
2016,400869631,True,True,False,True,True,False,c2:cfbd_drive_missing_from_ledger,False,0,1,0
2016,400869640,True,True,True,True,True,True,,False,0,0,0
2016,400869648,True,True,True,True,True,True,,False,0,0,0
2016,400869689,True,True,True,True,True,True,,False,7,0,0
2016,400869690,True,True,True,True,True,True,,False,0,0,0
2016,400869691,True,True,True,True,True,True,,False,0,0,0
2016,400869692,True,True,True,True,True,True,,False,7,0,0
2016,400869693,True,True,True,True,True,True,,False,0,0,0
2016,400869724,True,True,True,True,True,True,,False,0,0,0
2016,400869842,False,False,False,False,False,False,no_drives,False,0,0,0
2016,400869843,True,True,False,True,True,False,c2:cfbd_drive_missing_from_ledger,False,9,1,0
2016,400869844,True,True,False,True,True,False,c2:cfbd_drive_missing_from_ledger,False,7,1,0
2016,400869845,True,True,True,True,True,True,,False,0,0,0
2016,400869846,True,True,False,True,True,False,c2:cfbd_drive_missing_from_ledger,False,2,1,0
2016,400868884,True,True,False,True,True,False,c2:cfbd_drive_missing_from_ledger,False,0,1,0
2016,400868920,True,True,True,True,True,True,,False,0,0,0
2016,400868932,True,True,False,True,True,False,c2:cfbd_drive_missing_from_ledger,False,0,2,0
2016,400868955,True,True,True,True,True,True,,False,0,0,0
2016,400869056,True,True,True,True,True,True,,False,0,0,0
2016,400869057,True,True,True,True,True,True,,False,7,0,0
2016,400869059,True,True,True,True,True,True,,False,0,0,0
2016,400869060,True,True,True,True,False,False,c4:score_regression_between_drives,False,14,0,0
2016,400869062,True,True,True,True,True,True,,False,0,0,0
2016,400869063,True,True,False,True,True,False,c2:cfbd_drive_missing_from_ledger,False,13,2,0
2016,400869064,True,True,False,True,True,False,c2:eligible_ledger_possession_missing_from_cfbd,False,0,0,1
2016,400869065,True,True,True,True,True,True,,False,0,0,0
2016,400869066,True,True,True,True,True,True,,False,7,0,0
2016,400869161,True,True,True,True,True,True,,False,0,0,0
2016,400869162,True,True,False,True,True,False,c2:cfbd_drive_missing_from_ledger,False,7,1,0
2016,400869163,True,True,True,True,True,True,,False,0,0,0
2016,400869164,True,True,True,True,True,True,,False,0,0,0
2016,400869165,True,True,False,True,True,False,c2:cfbd_drive_missing_from_ledger,False,0,1,0
2016,400869166,True,True,True,True,True,True,,False,7,0,0
2016,400869246,True,True,True,True,True,True,,False,7,0,0
2016,400869247,True,True,True,True,True,True,,False,0,0,0
2016,400869248,True,True,False,True,True,False,c2:eligible_ledger_possession_missing_from_cfbd,False,0,0,1
2016,400869249,True,True,False,True,True,False,c2:eligible_ledger_possession_missing_from_cfbd,False,7,0,1
2016,400869250,True,False,False,True,True,False,c1:first_drive_not_0_0;c2:cfbd_drive_missing_from_ledger,False,7,2,0
2016,400869251,True,True,True,True,True,True,,False,0,0,0
2016,400869330,True,True,True,True,True,True,,False,7,0,0
2016,400869331,True,True,True,True,True,True,,False,0,0,0
2016,400869332,True,True,True,True,True,True,,False,0,0,0
2016,400869333,True,True,True,True,True,True,,False,0,0,0
2016,400869334,True,True,True,True,True,True,,False,0,0,0
2016,400869410,True,True,True,True,True,True,,False,8,0,0
2016,400869411,True,True,True,True,True,True,,False,0,0,0
2016,400869412,True,True,True,True,True,True,,False,0,0,0
2016,400869413,True,True,True,True,True,True,,False,7,0,0
2016,400869414,True,True,True,True,True,True,,False,0,0,0
2016,400869490,True,True,True,True,True,True,,False,0,0,0
2016,400869491,True,True,True,True,True,True,,False,0,0,0
2016,400869492,True,True,False,True,True,False,c2:cfbd_drive_missing_from_ledger,False,0,1,0
2016,400869493,True,True,True,True,True,True,,False,0,0,0
2016,400869494,True,True,True,True,True,True,,False,0,0,0
2016,400869495,True,True,True,True,True,True,,False,0,0,0
2016,400869496,True,True,False,True,True,False,c2:cfbd_drive_missing_from_ledger,False,14,1,0
2016,400869562,True,True,True,True,True,True,,False,0,0,0
2016,400869563,True,True,True,True,True,True,,False,0,0,0
2016,400869564,True,True,True,True,True,True,,False,0,0,0
2016,400869565,True,True,False,True,True,False,c2:cfbd_drive_missing_from_ledger,False,14,1,0
2016,400869566,True,True,False,True,True,False,c2:cfbd_drive_missing_from_ledger,False,0,1,0
2016,400869595,True,True,True,True,True,True,,False,0,0,0
2016,400869603,True,True,True,True,True,True,,False,0,0,0
2016,400869617,True,True,True,True,True,True,,False,0,0,0
2016,400869623,True,True,True,True,True,True,,False,0,0,0
2016,400869641,True,True,False,True,True,False,c2:cfbd_drive_missing_from_ledger,False,0,1,0
2016,400869649,True,True,True,True,True,True,,False,0,0,0
2016,400869694,True,True,False,True,True,False,c2:cfbd_drive_missing_from_ledger,False,0,1,0
2016,400869695,True,True,True,True,True,True,,False,0,0,0
2016,400869696,True,True,False,True,True,False,c2:cfbd_drive_missing_from_ledger,False,0,1,0
2016,400869697,True,True,True,True,True,True,,False,0,0,0
2016,400869698,True,True,True,True,True,True,,False,7,0,0
2016,400869847,True,True,True,True,True,True,,False,0,0,0
2016,400869848,True,True,True,True,True,True,,False,0,0,0
2016,400869849,True,True,True,True,True,True,,False,0,0,0
2016,400869850,True,True,True,True,True,True,,False,6,0,0
2016,400922541,True,True,False,True,True,False,c2:cfbd_drive_missing_from_ledger,False,0,1,0
2016,400922862,True,True,True,True,True,True,,False,7,0,0
2016,400925661,True,True,True,True,True,True,,False,0,0,0
2016,400868885,True,True,True,True,True,True,,False,20,0,0
2016,400868933,True,True,True,True,True,True,,False,0,0,0
2016,400868956,True,True,False,True,True,False,c2:cfbd_drive_missing_from_ledger,False,7,1,0
2016,400868967,True,True,True,True,True,True,,False,0,0,0
2016,400869067,True,True,True,True,True,True,,False,0,0,0
2016,400869068,True,True,True,True,True,True,,False,0,0,0
2016,400869069,True,True,False,True,True,False,c2:eligible_ledger_possession_missing_from_cfbd,False,0,0,1
2016,400869070,True,True,True,True,True,True,,False,0,0,0
2016,400869071,True,True,True,True,True,True,,False,0,0,0
2016,400869072,True,True,True,True,True,True,,False,0,0,0
2016,400869073,True,True,True,True,True,True,,False,0,0,0
2016,400869074,True,True,False,True,True,False,c2:cfbd_drive_missing_from_ledger,False,0,1,0
2016,400869075,True,True,True,True,True,True,,False,0,0,0
2016,400869167,True,True,True,True,True,True,,False,0,0,0
2016,400869168,True,True,True,True,True,True,,False,0,0,0
2016,400869169,True,True,True,True,True,True,,False,0,0,0
2016,400869170,True,True,True,True,True,True,,False,7,0,0
2016,400869171,True,True,True,True,True,True,,False,0,0,0
2016,400869172,True,True,True,True,True,True,,False,7,0,0
2016,400869252,True,True,True,True,True,True,,False,0,0,0
2016,400869253,True,True,True,True,True,True,,False,0,0,0
2016,400869254,True,True,True,True,True,True,,False,7,0,0
2016,400869255,True,True,True,True,True,True,,False,0,0,0
2016,400869256,True,True,True,True,True,True,,False,0,0,0
2016,400869335,True,True,True,True,True,True,,False,0,0,0
2016,400869336,True,True,True,True,True,True,,False,0,0,0
2016,400869337,True,True,True,True,True,True,,False,0,0,0
2016,400869338,True,True,True,True,True,True,,False,0,0,0
2016,400869339,True,False,False,True,True,False,c1:cumulative_through_period_1_differs_from_line_scores;c1:cumulative_through_period_2_differs_from_line_scores;c1:cumulative_through_period_3_differs_from_line_scores;c2:cfbd_drive_missing_from_ledger;c2:eligible_ledger_possession_missing_from_cfbd,False,0,1,1
2016,400869340,True,True,True,True,True,True,,False,7,0,0
2016,400869415,True,True,True,True,True,True,,False,0,0,0
2016,400869416,True,True,True,True,True,True,,False,0,0,0
2016,400869417,True,True,True,True,True,True,,False,7,0,0
2016,400869418,True,True,True,True,True,True,,False,0,0,0
2016,400869419,True,False,False,True,True,False,c1:first_drive_not_0_0;c2:cfbd_drive_missing_from_ledger,False,7,1,0
2016,400869420,True,False,False,False,False,False,c1:cumulative_through_period_2_differs_from_line_scores;c2:cfbd_drive_missing_from_ledger;c3:drive_11_delta_0_13;c4:score_regression_between_drives,False,35,1,0
2016,400869497,True,True,True,True,True,True,,False,0,0,0
2016,400869498,True,True,True,True,True,True,,False,0,0,0
2016,400869499,True,True,True,True,True,True,,False,7,0,0
2016,400869500,True,True,True,True,True,True,,False,14,0,0
2016,400869501,True,True,False,True,True,False,c2:cfbd_drive_missing_from_ledger,False,7,1,0
2016,400869567,True,True,True,True,True,True,,False,7,0,0
2016,400869568,True,True,True,True,True,True,,False,0,0,0
2016,400869569,False,False,False,False,False,False,no_drives,False,0,0,0
2016,400869570,True,True,True,True,True,True,,False,0,0,0
2016,400869571,True,True,True,True,True,True,,False,0,0,0
2016,400869572,True,True,False,True,True,False,c2:cfbd_drive_missing_from_ledger,False,7,2,0
2016,400869596,True,True,False,True,True,False,c2:cfbd_drive_missing_from_ledger,False,7,1,0
2016,400869604,True,True,True,True,True,True,,False,6,0,0
2016,400869632,True,True,True,True,True,True,,False,0,0,0
2016,400869642,True,True,True,True,True,True,,False,0,0,0
2016,400869650,True,True,False,True,True,False,c2:cfbd_drive_missing_from_ledger,False,7,1,0
2016,400869699,True,True,True,True,True,True,,False,7,0,0
2016,400869700,True,True,False,True,True,False,c2:cfbd_drive_missing_from_ledger,False,7,1,0
2016,400869701,True,True,True,True,True,True,,False,0,0,0
2016,400869702,True,True,True,True,True,True,,False,0,0,0
2016,400869703,True,True,True,True,True,True,,False,7,0,0
2016,400869851,True,True,True,True,True,True,,False,14,0,0
2016,400869852,True,True,True,True,True,True,,False,7,0,0
2016,400869853,True,False,True,False,False,False,c1:last_drive_end_differs_from_certified_final;c1:cumulative_through_period_4_differs_from_line_scores;c3:drive_5_delta_14_7;c4:score_regression_between_drives;c4:excess_points_over_certified_final,False,-52,0,0
2016,400869854,True,True,True,True,True,True,,False,0,0,0
2016,400868886,True,True,True,True,True,True,,False,0,0,0
2016,400869611,True,True,True,True,True,True,,False,0,0,0
2016,400869618,True,True,True,True,True,True,,False,7,0,0
2016,400869855,True,True,True,True,True,True,,False,0,0,0
2016,400869856,True,True,True,True,True,True,,False,0,0,0
2016,400869857,True,True,True,True,True,True,,False,0,0,0
2016,400869858,True,True,True,True,True,True,,False,0,0,0
2016,400869859,True,True,True,True,True,True,,False,0,0,0
2016,400926941,True,True,True,True,True,True,,False,6,0,0
2016,400926942,True,True,True,True,True,True,,False,0,0,0
2016,400926943,True,True,True,False,True,False,c3:drive_6_delta_2_6,False,0,0,0
2016,400926944,True,True,True,True,True,True,,False,7,0,0
2016,400926946,True,True,True,True,True,True,,False,7,0,0
2016,400926947,True,True,True,True,True,True,,False,0,0,0
2016,400926948,True,True,False,True,True,False,c2:cfbd_drive_missing_from_ledger,False,0,1,0
2016,400926949,True,True,True,True,True,True,,False,0,0,0
2016,400868921,True,True,True,True,True,True,,False,0,0,0
2017,400933827,True,True,True,True,True,True,,False,0,0,0
2017,400933828,True,True,False,True,True,False,c2:cfbd_drive_missing_from_ledger;c2:eligible_ledger_possession_missing_from_cfbd,False,0,1,1
2017,400933829,True,True,True,True,True,True,,False,7,0,0
2017,400933830,True,True,True,True,True,True,,False,0,0,0
2017,400933831,True,True,True,True,True,True,,False,0,0,0
2017,400933832,True,True,True,True,True,True,,False,0,0,0
2017,400933833,True,True,True,True,True,True,,False,7,0,0
2017,400933834,True,True,False,True,True,False,c2:cfbd_drive_missing_from_ledger,False,7,1,0
2017,400933835,True,True,True,True,True,True,,False,0,0,0
2017,400933836,True,True,True,True,True,True,,False,0,0,0
2017,400933837,True,False,False,True,True,False,c1:first_drive_not_0_0;c2:cfbd_drive_missing_from_ledger,False,0,1,0
2017,400933838,True,True,True,True,True,True,,False,0,0,0
2017,400933839,True,True,True,True,True,True,,False,0,0,0
2017,400933840,True,True,True,True,True,True,,False,0,0,0
2017,400934488,True,True,True,True,True,True,,False,0,0,0
2017,400934489,True,True,True,True,True,True,,False,0,0,0
2017,400934490,True,True,True,True,True,True,,False,7,0,0
2017,400934491,True,True,True,True,True,True,,False,0,0,0
2017,400934492,True,True,True,True,True,True,,False,0,0,0
2017,400934493,True,True,False,True,True,False,c2:eligible_ledger_possession_missing_from_cfbd,False,7,0,1
2017,400934494,True,True,True,True,True,True,,False,0,0,0
2017,400934495,True,True,True,True,True,True,,False,0,0,0
2017,400934496,True,True,True,True,True,True,,False,0,0,0
2017,400934497,True,True,True,True,True,True,,False,0,0,0
2017,400934570,True,True,True,True,False,False,c4:score_regression_between_drives,False,0,0,0
2017,400934573,True,True,True,True,True,True,,False,0,0,0
2017,400935229,True,True,True,True,True,True,,False,7,0,0
2017,400935230,True,True,True,True,True,True,,False,0,0,0
2017,400935231,True,True,True,True,True,True,,False,0,0,0
2017,400935232,True,True,True,True,True,True,,False,6,0,0
2017,400935233,True,True,True,True,True,True,,False,0,0,0
2017,400935234,True,True,True,True,True,True,,False,0,0,0
2017,400935235,True,True,False,True,True,False,c2:cfbd_drive_missing_from_ledger,False,9,1,0
2017,400935236,True,True,True,True,True,True,,False,0,0,0
2017,400935237,True,True,True,True,True,True,,False,0,0,0
2017,400935238,True,True,True,True,True,True,,False,0,0,0
2017,400935247,True,True,True,True,True,True,,False,6,0,0
2017,400935248,True,True,False,True,True,False,c2:cfbd_drive_missing_from_ledger,False,7,1,0
2017,400935249,True,True,True,True,True,True,,False,0,0,0
2017,400935250,True,True,True,True,True,True,,False,0,0,0
2017,400935251,True,True,True,True,True,True,,False,7,0,0
2017,400935252,True,True,False,True,True,False,c2:cfbd_drive_missing_from_ledger,False,7,1,0
2017,400935253,True,False,False,True,True,False,c1:first_drive_not_0_0;c2:cfbd_drive_missing_from_ledger,False,0,2,0
2017,400935254,True,True,True,True,True,True,,False,8,0,0
2017,400935255,True,True,True,True,True,True,,False,0,0,0
2017,400935256,True,True,True,True,True,True,,False,0,0,0
2017,400935257,True,True,True,True,True,True,,False,0,0,0
2017,400935282,True,True,True,True,True,True,,False,0,0,0
2017,400937445,True,True,True,True,True,True,,False,7,0,0
2017,400937446,True,True,True,True,True,True,,False,0,0,0
2017,400937447,True,True,True,True,True,True,,False,0,0,0
2017,400937448,True,True,True,True,True,True,,False,0,0,0
2017,400937449,True,True,True,True,True,True,,False,0,0,0
2017,400937450,True,True,True,True,True,True,,False,0,0,0
2017,400937451,True,True,True,True,False,False,c4:score_regression_between_drives,False,-1,0,0
2017,400937452,True,True,False,True,True,False,c2:cfbd_drive_missing_from_ledger,False,0,1,0
2017,400938591,True,True,True,True,True,True,,False,23,0,0
2017,400938592,True,True,True,True,True,True,,False,14,0,0
2017,400938593,True,True,False,True,True,False,c2:cfbd_drive_missing_from_ledger,False,21,2,0
2017,400938594,True,False,False,True,True,False,c1:first_drive_not_0_0;c2:cfbd_drive_missing_from_ledger,False,7,2,0
2017,400938595,True,True,True,True,True,True,,False,0,0,0
2017,400938596,True,True,True,True,True,True,,False,0,0,0
2017,400938597,True,True,True,True,True,True,,False,0,0,0
2017,400938599,True,True,True,True,True,True,,False,0,0,0
2017,400938887,True,True,True,True,True,True,,False,0,0,0
2017,400938888,True,True,True,True,True,True,,False,0,0,0
2017,400941786,True,True,True,True,True,True,,False,13,0,0
2017,400941787,True,True,True,True,True,True,,False,0,0,0
2017,400941788,True,True,False,True,True,False,c2:cfbd_drive_missing_from_ledger,False,0,1,0
2017,400941789,True,True,False,True,True,False,c2:cfbd_drive_missing_from_ledger,False,14,2,0
2017,400941790,True,True,True,True,True,True,,False,6,0,0
2017,400941791,True,True,True,False,False,False,c3:drive_19_delta_10_0;c4:score_regression_between_drives,False,-7,0,0
2017,400941792,True,True,True,True,True,True,,False,7,0,0
2017,400941793,True,True,True,True,True,True,,False,0,0,0
2017,400944826,True,True,True,True,True,True,,False,0,0,0
2017,400944827,True,True,True,True,True,True,,False,0,0,0
2017,400944828,False,False,False,False,False,False,no_drives,False,0,0,0
2017,400944829,True,True,True,True,True,True,,False,0,0,0
2017,400944830,True,True,True,True,True,True,,False,0,0,0
2017,400944889,True,True,False,True,True,False,c2:cfbd_drive_missing_from_ledger,False,7,1,0
2017,400944890,True,True,True,True,False,False,c4:score_regression_between_drives,False,7,0,0
2017,400944891,True,True,True,True,True,True,,False,0,0,0
2017,400944892,True,True,True,True,True,True,,False,14,0,0
2017,400945031,True,True,True,True,True,True,,False,0,0,0
2017,400945246,True,True,True,True,True,True,,False,0,0,0
2017,400945247,True,True,True,True,True,True,,False,0,0,0
2017,400945248,True,True,True,True,True,True,,False,2,0,0
2017,400945249,True,True,True,False,False,False,c3:drive_24_delta_2_0;c4:score_regression_between_drives;c4:excess_points_over_certified_final,False,-4,0,0
2017,400945250,True,True,True,True,True,True,,False,7,0,0
2017,400945251,True,True,True,True,True,True,,False,0,0,0
2017,400945252,True,True,False,True,True,False,c2:cfbd_drive_missing_from_ledger,False,9,1,0
2017,400953322,True,True,True,True,True,True,,False,0,0,0
2017,400953323,True,True,True,True,True,True,,False,0,0,0
2017,400953324,True,True,True,True,True,True,,False,14,0,0
2017,400953325,True,True,True,True,True,True,,False,0,0,0
2017,400953386,True,True,True,True,True,True,,False,0,0,0
2017,400953387,True,True,True,True,True,True,,False,0,0,0
2017,400953388,True,True,True,True,True,True,,False,14,0,0
2017,400953389,True,True,True,True,True,True,,False,0,0,0
2017,400953390,True,True,True,True,True,True,,False,0,0,0
2017,400953391,True,True,False,True,False,False,c2:cfbd_drive_missing_from_ledger;c4:score_regression_between_drives,False,0,1,0
2017,400953392,True,True,True,True,True,True,,False,0,0,0
2017,400953393,True,True,True,True,True,True,,False,0,0,0
2017,400953394,True,True,True,True,True,True,,False,0,0,0
2017,400953395,True,True,True,True,True,True,,False,0,0,0
2017,400953396,True,True,True,True,True,True,,False,0,0,0
2017,400953397,True,True,True,True,True,True,,False,0,0,0
2017,400953398,True,True,True,True,True,True,,False,0,0,0
2017,400953399,True,True,True,True,True,True,,False,0,0,0
2017,400953400,True,False,False,True,True,False,c1:first_drive_not_0_0;c2:cfbd_drive_missing_from_ledger,False,0,1,0
2017,400953401,True,True,True,True,True,True,,False,6,0,0
2017,400953402,True,True,True,True,True,True,,False,0,0,0
2017,400953403,True,True,True,True,True,True,,False,0,0,0
2017,400953404,True,True,True,True,True,True,,False,0,0,0
2017,400953405,True,True,True,True,True,True,,False,0,0,0
2017,400953406,True,True,True,True,True,True,,False,0,0,0
2017,400953407,True,True,True,True,True,True,,False,0,0,0
2017,400953408,True,True,True,True,True,True,,False,0,0,0
2017,400953409,True,True,True,True,True,True,,False,0,0,0
2017,400953410,True,True,True,True,True,True,,False,7,0,0
2017,400953411,True,True,True,True,True,True,,False,0,0,0
2017,400953412,True,True,True,True,True,True,,False,7,0,0
2017,400953413,True,True,True,True,True,True,,False,0,0,0
2017,400953414,True,True,False,True,True,False,c2:cfbd_drive_missing_from_ledger,False,0,1,0
2017,400953415,True,True,True,True,True,True,,False,0,0,0
2017,400953416,True,True,True,True,True,True,,False,0,0,0
2017,400953417,True,True,False,True,True,False,c2:cfbd_drive_missing_from_ledger,False,0,1,0
2017,400954523,True,True,True,True,True,True,,False,0,0,0
2017,400959397,True,True,True,True,True,True,,False,0,0,0
2017,400959398,True,True,False,True,True,False,c2:eligible_ledger_possession_missing_from_cfbd,False,0,0,1
2017,400966332,True,True,False,True,True,False,c2:cfbd_drive_missing_from_ledger,False,14,2,0
2017,400933841,True,True,True,True,True,True,,False,0,0,0
2017,400933842,True,True,True,True,True,True,,False,0,0,0
2017,400933843,True,True,True,True,True,True,,False,0,0,0
2017,400933845,True,True,True,True,True,True,,False,0,0,0
2017,400933846,True,True,True,True,True,True,,False,0,0,0
2017,400933847,True,True,True,True,True,True,,False,0,0,0
2017,400933848,True,True,True,True,True,True,,False,0,0,0
2017,400933849,True,True,True,True,True,True,,False,6,0,0
2017,400933850,True,True,False,True,True,False,c2:cfbd_drive_missing_from_ledger,False,21,1,0
2017,400933851,True,False,False,True,True,False,c1:first_drive_not_0_0;c2:cfbd_drive_missing_from_ledger,False,0,1,0
2017,400933852,True,True,True,True,True,True,,False,0,0,0
2017,400933853,True,True,True,True,True,True,,False,7,0,0
2017,400934498,True,True,True,True,True,True,,False,7,0,0
2017,400934499,True,True,True,True,True,True,,False,0,0,0
2017,400934500,True,True,True,True,True,True,,False,0,0,0
2017,400934501,True,True,True,True,True,True,,False,0,0,0
2017,400934502,True,True,True,True,True,True,,False,0,0,0
2017,400934503,True,True,True,True,True,True,,False,0,0,0
2017,400934504,True,True,False,True,True,False,c2:cfbd_drive_missing_from_ledger,False,0,1,0
2017,400934505,True,True,True,True,True,True,,False,0,0,0
2017,400934562,True,True,False,True,True,False,c2:eligible_ledger_possession_missing_from_cfbd,False,0,0,1
2017,400935239,False,False,False,False,False,False,no_drives,False,0,0,0
2017,400935240,True,True,True,True,True,True,,False,0,0,0
2017,400935241,True,True,True,True,True,True,,False,0,0,0
2017,400935242,True,True,True,True,True,True,,False,7,0,0
2017,400935243,True,True,True,True,True,True,,False,7,0,0
2017,400935244,True,True,False,True,True,False,c2:cfbd_drive_missing_from_ledger,False,7,1,0
2017,400935245,True,True,True,True,True,True,,False,14,0,0
2017,400935246,True,True,True,True,True,True,,False,0,0,0
2017,400935258,True,True,True,True,True,True,,False,2,0,0
2017,400935259,True,True,False,True,True,False,c2:cfbd_drive_missing_from_ledger,False,7,1,0
2017,400935260,True,True,True,True,False,False,c4:score_regression_between_drives,False,-7,0,0
2017,400935261,True,True,True,True,True,True,,False,0,0,0
2017,400935262,True,True,True,True,True,True,,False,0,0,0
2017,400935263,True,True,True,True,True,True,,False,0,0,0
2017,400935264,True,True,True,True,True,True,,False,0,0,0
2017,400935265,True,True,True,True,True,True,,False,0,0,0
2017,400935266,True,True,True,True,True,True,,False,0,0,0
2017,400935267,True,True,True,True,True,True,,False,0,0,0
2017,400935268,True,True,True,True,True,True,,False,0,0,0
2017,400935347,True,True,True,False,True,False,c3:drive_23_delta_1_0,False,6,0,0
2017,400935348,True,True,False,True,True,False,c2:cfbd_drive_missing_from_ledger,False,0,1,0
2017,400937453,True,True,True,True,True,True,,False,0,0,0
2017,400937455,True,True,True,True,True,True,,False,0,0,0
2017,400937456,True,True,False,True,True,False,c2:cfbd_drive_missing_from_ledger,False,7,1,0
2017,400937458,True,True,True,True,True,True,,False,7,0,0
2017,400937459,True,True,True,True,False,False,c4:score_regression_between_drives,False,-14,0,0
2017,400937460,True,True,True,True,True,True,,False,0,0,0
2017,400938600,True,True,True,True,True,True,,False,0,0,0
2017,400938601,True,True,True,True,True,True,,False,21,0,0
2017,400938602,True,True,True,True,True,True,,False,0,0,0
2017,400938603,True,True,True,True,True,True,,False,0,0,0
2017,400938604,True,True,True,True,True,True,,False,0,0,0
2017,400938605,True,True,False,True,True,False,c2:cfbd_drive_missing_from_ledger,False,7,2,0
2017,400941794,False,False,False,False,False,False,no_drives,False,0,0,0
2017,400941797,True,True,False,True,True,False,c2:cfbd_drive_missing_from_ledger,False,0,1,0
2017,400941798,True,True,True,True,True,True,,False,0,0,0
2017,400944831,True,True,True,True,True,True,,False,9,0,0
2017,400944832,True,True,True,True,True,True,,False,0,0,0
2017,400944833,True,True,True,True,True,True,,False,0,0,0
2017,400944834,True,True,True,True,True,True,,False,10,0,0
2017,400944835,True,True,True,True,True,True,,False,0,0,0
2017,400944893,True,True,True,True,True,True,,False,7,0,0
2017,400944894,True,True,True,True,True,True,,False,0,0,0
2017,400944895,True,True,True,True,True,True,,False,0,0,0
2017,400944896,True,True,True,True,True,True,,False,7,0,0
2017,400944897,True,True,False,True,True,False,c2:cfbd_drive_missing_from_ledger,False,0,1,0
2017,400944898,True,True,True,True,True,True,,False,0,0,0
2017,400945253,True,True,True,True,True,True,,False,0,0,0
2017,400945254,True,True,True,True,True,True,,False,0,0,0
2017,400945255,True,True,True,True,True,True,,False,0,0,0
2017,400933854,True,True,True,True,True,True,,False,0,0,0
2017,400933855,True,True,True,True,True,True,,False,0,0,0
2017,400933856,True,True,True,True,True,True,,False,0,0,0
2017,400933857,True,True,True,True,True,True,,False,0,0,0
2017,400933858,True,True,True,False,False,False,c3:drive_10_delta_0_1;c4:score_regression_between_drives,False,5,0,0
2017,400933859,True,True,False,True,True,False,c2:cfbd_drive_missing_from_ledger,False,0,1,0
2017,400933860,True,True,True,True,True,True,,False,0,0,0
2017,400933861,True,True,True,True,True,True,,False,0,0,0
2017,400933862,True,True,False,True,True,False,c2:cfbd_drive_missing_from_ledger,False,0,1,0
2017,400933863,True,True,True,True,True,True,,False,0,0,0
2017,400934506,True,True,True,True,True,True,,False,0,0,0
2017,400934507,True,True,True,True,True,True,,False,0,0,0
2017,400934508,True,True,True,True,True,True,,False,0,0,0
2017,400934509,True,True,True,True,True,True,,False,0,0,0
2017,400934510,True,True,True,True,True,True,,False,0,0,0
2017,400934511,True,True,True,True,False,False,c4:score_regression_between_drives,False,7,0,0
2017,400934512,True,True,True,True,True,True,,False,0,0,0
2017,400934513,True,True,False,True,True,False,c2:cfbd_drive_missing_from_ledger,False,0,1,0
2017,400934517,True,True,True,True,True,True,,False,0,0,0
2017,400934563,True,True,True,True,True,True,,False,0,0,0
2017,400934574,True,True,True,True,True,True,,False,0,0,0
2017,400935269,True,True,True,True,True,True,,False,0,0,0
2017,400935270,True,True,True,True,True,True,,False,0,0,0
2017,400935271,True,True,True,True,True,True,,False,7,0,0
2017,400935272,True,True,True,True,True,True,,False,0,0,0
2017,400935273,True,True,True,True,True,True,,False,0,0,0
2017,400935274,True,True,False,True,True,False,c2:cfbd_drive_missing_from_ledger,False,2,1,0
2017,400935275,True,True,True,True,True,True,,False,6,0,0
2017,400935276,True,True,True,True,True,True,,False,0,0,0
2017,400935349,True,True,True,True,True,True,,False,0,0,0
2017,400935351,True,True,True,True,True,True,,False,0,0,0
2017,400935352,True,True,True,True,True,True,,False,0,0,0
2017,400935353,True,True,True,True,True,True,,False,0,0,0
2017,400935354,True,True,True,True,True,True,,False,0,0,0
2017,400935355,True,True,True,True,True,True,,False,7,0,0
2017,400935356,True,False,False,True,True,False,c1:cumulative_through_period_2_differs_from_line_scores;c2:cfbd_drive_missing_from_ledger;c2:eligible_ledger_possession_missing_from_cfbd,False,7,8,8
2017,400935357,True,True,True,False,False,False,c3:drive_15_delta_1_0;c4:score_regression_between_drives,False,-1,0,0
2017,400937461,True,True,True,True,True,True,,False,0,0,0
2017,400937464,True,True,False,True,True,False,c2:cfbd_drive_missing_from_ledger,False,7,1,0
2017,400937465,True,True,True,True,True,True,,False,0,0,0
2017,400937466,True,True,True,True,True,True,,False,7,0,0
2017,400937467,True,True,False,True,True,False,c2:cfbd_drive_missing_from_ledger,False,0,1,0
2017,400937468,True,True,True,True,True,True,,False,7,0,0
2017,400937469,True,True,True,True,True,True,,False,16,0,0
2017,400938606,True,False,False,True,False,False,c1:cumulative_through_period_1_differs_from_line_scores;c2:cfbd_drive_missing_from_ledger;c4:score_regression_between_drives,False,0,1,0
2017,400938607,True,True,True,True,True,True,,False,7,0,0
2017,400938608,True,True,True,True,True,True,,False,0,0,0
2017,400938609,True,True,True,True,True,True,,False,0,0,0
2017,400938610,True,True,True,True,True,True,,False,0,0,0
2017,400938611,True,True,True,True,True,True,,False,7,0,0
2017,400938612,True,True,False,True,True,False,c2:cfbd_drive_missing_from_ledger,False,0,1,0
2017,400938613,True,True,True,True,True,True,,False,0,0,0
2017,400941799,True,True,True,True,False,False,c4:score_regression_between_drives,False,-2,0,0
2017,400941800,True,True,True,True,True,True,,False,0,0,0
2017,400941801,True,True,True,True,True,True,,False,0,0,0
2017,400941802,True,True,True,True,True,True,,False,7,0,0
2017,400944836,True,True,True,True,True,True,,False,0,0,0
2017,400944837,True,True,True,True,True,True,,False,0,0,0
2017,400944838,True,True,True,True,True,True,,False,0,0,0
2017,400944839,True,True,True,True,True,True,,False,13,0,0
2017,400944840,True,True,True,True,True,True,,False,0,0,0
2017,400944899,True,True,True,True,True,True,,False,0,0,0
2017,400944900,True,True,True,True,True,True,,False,0,0,0
2017,400945256,True,True,True,True,True,True,,False,0,0,0
2017,400945257,True,True,True,True,True,True,,False,0,0,0
2017,400933864,True,True,False,True,True,False,c2:cfbd_drive_missing_from_ledger,False,7,2,0
2017,400933865,True,True,True,True,True,True,,False,7,0,0
2017,400933866,True,True,True,True,True,True,,False,0,0,0
2017,400933867,True,True,True,True,True,True,,False,9,0,0
2017,400933868,True,True,True,True,True,True,,False,7,0,0
2017,400933869,True,True,True,True,True,True,,False,0,0,0
2017,400933870,True,True,True,True,True,True,,False,0,0,0
2017,400933871,True,True,True,True,True,True,,False,0,0,0
2017,400934514,True,True,True,True,True,True,,False,7,0,0
2017,400934515,True,True,True,True,True,True,,False,7,0,0
2017,400934516,True,True,True,True,True,True,,False,0,0,0
2017,400934518,True,True,True,True,True,True,,False,0,0,0
2017,400934561,True,True,True,True,True,True,,False,0,0,0
2017,400934575,True,True,True,True,True,True,,False,0,0,0
2017,400935277,True,True,True,True,True,True,,False,0,0,0
2017,400935278,True,True,True,True,True,True,,False,0,0,0
2017,400935279,True,True,True,True,True,True,,False,0,0,0
2017,400935280,True,True,True,True,True,True,,False,0,0,0
2017,400935281,True,True,True,True,True,True,,False,6,0,0
2017,400935283,True,True,True,True,True,True,,False,0,0,0
2017,400935359,True,True,False,True,True,False,c2:eligible_ledger_possession_missing_from_cfbd,False,7,0,1
2017,400935360,True,True,True,True,True,True,,False,7,0,0
2017,400935361,True,True,True,True,True,True,,False,0,0,0
2017,400935362,True,True,True,True,True,True,,False,7,0,0
2017,400935363,True,True,True,True,True,True,,False,2,0,0
2017,400935364,True,True,True,True,True,True,,False,0,0,0
2017,400937470,True,True,True,True,True,True,,False,0,0,0
2017,400937471,True,True,True,True,True,True,,False,0,0,0
2017,400937472,True,True,True,True,True,True,,False,0,0,0
2017,400937473,True,True,True,True,True,True,,False,7,0,0
2017,400937474,True,True,True,True,True,True,,False,0,0,0
2017,400937475,True,True,True,True,False,False,c4:score_regression_between_drives;c4:excess_points_over_certified_final,False,6,0,0
2017,400937477,True,True,True,True,True,True,,False,0,0,0
2017,400937478,True,True,True,True,True,True,,False,0,0,0
2017,400938614,True,True,False,True,True,False,c2:eligible_ledger_possession_missing_from_cfbd,False,0,0,1
2017,400938615,True,False,True,True,False,False,c1:last_drive_end_differs_from_certified_final;c1:cumulative_through_period_4_differs_from_line_scores;c4:excess_points_over_certified_final,False,0,0,0
2017,400938616,True,True,True,True,True,True,,False,0,0,0
2017,400938617,True,True,True,True,True,True,,False,0,0,0
2017,400938618,True,True,False,True,True,False,c2:cfbd_drive_missing_from_ledger,False,0,1,0
2017,400938619,True,True,True,True,False,False,c4:score_regression_between_drives,False,6,0,0
2017,400938620,True,True,True,False,True,False,c3:drive_2_delta_0_4,False,3,0,0
2017,400938621,True,True,True,True,True,True,,False,0,0,0
2017,400941803,True,True,True,True,True,True,,False,0,0,0
2017,400941804,True,True,True,True,True,True,,False,0,0,0
2017,400941805,True,True,False,True,True,False,c2:cfbd_drive_missing_from_ledger,False,7,1,0
2017,400941806,True,True,True,True,True,True,,False,0,0,0
2017,400941807,True,True,True,True,True,True,,False,0,0,0
2017,400941838,True,True,True,True,True,True,,False,0,0,0
2017,400944818,True,True,True,True,True,True,,False,0,0,0
2017,400944841,True,True,False,True,True,False,c2:cfbd_drive_missing_from_ledger,False,0,1,0
2017,400944842,True,True,True,True,True,True,,False,0,0,0
2017,400944843,True,True,True,True,True,True,,False,14,0,0
2017,400944901,True,True,True,True,True,True,,False,0,0,0
2017,400944902,True,True,True,True,True,True,,False,7,0,0
2017,400944903,True,True,True,True,True,True,,False,7,0,0
2017,400945258,True,True,True,True,True,True,,False,9,0,0
2017,400945259,True,True,True,True,True,True,,False,0,0,0
2017,400945260,True,True,False,True,True,False,c2:cfbd_drive_missing_from_ledger,False,0,1,0
2017,400945261,True,False,False,True,True,False,c1:cumulative_through_period_4_differs_from_line_scores;c2:cfbd_drive_missing_from_ledger,False,0,1,0
2017,400933872,True,True,True,True,True,True,,False,0,0,0
2017,400933873,True,True,False,True,True,False,c2:cfbd_drive_missing_from_ledger,False,0,1,0
2017,400933874,True,True,True,True,True,True,,False,7,0,0
2017,400933875,True,True,True,True,True,True,,False,0,0,0
2017,400933876,True,True,True,True,True,True,,False,14,0,0
2017,400933877,True,True,True,True,True,True,,False,0,0,0
2017,400933878,True,True,True,True,True,True,,False,0,0,0
2017,400933879,True,True,True,True,True,True,,False,0,0,0
2017,400934519,True,True,False,True,True,False,c2:cfbd_drive_missing_from_ledger,False,0,1,0
2017,400934520,True,True,True,True,True,True,,False,0,0,0
2017,400934521,True,True,True,True,True,True,,False,0,0,0
2017,400934566,True,True,True,True,True,True,,False,0,0,0
2017,400934576,True,True,True,True,True,True,,False,0,0,0
2017,400935284,True,True,True,True,True,True,,False,0,0,0
2017,400935285,True,True,True,True,True,True,,False,0,0,0
2017,400935286,True,True,True,True,True,True,,False,0,0,0
2017,400935287,True,True,True,True,True,True,,False,7,0,0
2017,400935288,True,True,True,True,True,True,,False,0,0,0
2017,400935365,True,True,True,True,True,True,,False,0,0,0
2017,400935366,True,True,True,True,True,True,,False,0,0,0
2017,400935367,True,True,True,True,True,True,,False,0,0,0
2017,400935368,True,False,False,True,True,False,c1:first_drive_not_0_0;c2:cfbd_drive_missing_from_ledger,False,0,1,0
2017,400935369,True,True,True,True,True,True,,False,0,0,0
2017,400935370,True,True,True,True,True,True,,False,0,0,0
2017,400937479,True,True,False,True,True,False,c2:cfbd_drive_missing_from_ledger,False,7,1,0
2017,400937480,True,True,True,True,True,True,,False,9,0,0
2017,400937481,True,True,True,True,True,True,,False,7,0,0
2017,400937482,True,True,True,True,True,True,,False,7,0,0
2017,400937483,True,True,True,True,True,True,,False,7,0,0
2017,400937484,True,True,True,True,True,True,,False,0,0,0
2017,400937485,True,True,True,False,False,False,c3:drive_8_delta_0_1;c4:score_regression_between_drives,False,-1,0,0
2017,400937486,True,True,True,True,True,True,,False,7,0,0
2017,400938622,True,True,True,True,True,True,,False,0,0,0
2017,400938623,True,True,True,True,False,False,c4:score_regression_between_drives,False,0,0,0
2017,400938624,True,True,True,True,True,True,,False,7,0,0
2017,400938625,True,True,False,True,True,False,c2:cfbd_drive_missing_from_ledger,False,14,1,0
2017,400938626,True,True,True,True,True,True,,False,0,0,0
2017,400938890,True,True,True,True,True,True,,False,2,0,0
2017,400941809,True,True,False,True,True,False,c2:cfbd_drive_missing_from_ledger,False,0,1,0
2017,400941810,True,True,True,True,True,True,,False,0,0,0
2017,400941811,True,True,True,False,False,False,c3:drive_18_delta_0_1;c4:score_regression_between_drives,False,-1,0,0
2017,400941813,True,True,True,True,True,True,,False,7,0,0
2017,400944844,True,True,False,True,True,False,c2:cfbd_drive_missing_from_ledger,False,7,1,0
2017,400944845,True,True,False,True,True,False,c2:cfbd_drive_missing_from_ledger,False,7,1,0
2017,400944904,True,True,True,True,True,True,,False,0,0,0
2017,400944905,True,False,False,True,True,False,c1:first_drive_not_0_0;c2:cfbd_drive_missing_from_ledger,False,0,1,0
2017,400944986,True,True,True,True,True,True,,False,0,0,0
2017,400944987,True,False,False,True,True,False,c1:first_drive_not_0_0;c2:cfbd_drive_missing_from_ledger,False,7,1,0
2017,400945262,True,True,True,True,True,True,,False,7,0,0
2017,400945263,True,True,False,True,True,False,c2:cfbd_drive_missing_from_ledger,False,7,1,0
2017,400945264,True,True,True,True,True,True,,False,0,0,0
2017,400945265,True,True,False,True,True,False,c2:cfbd_drive_missing_from_ledger,False,14,1,0
2017,400945266,True,True,True,True,True,True,,False,0,0,0
2017,400985406,True,True,True,True,True,True,,False,0,0,0
2017,400933880,True,True,True,True,True,True,,False,0,0,0
2017,400933881,True,True,True,True,True,True,,False,7,0,0
2017,400933882,True,True,True,True,True,True,,False,0,0,0
2017,400933883,True,True,True,True,True,True,,False,0,0,0
2017,400933884,True,True,True,True,True,True,,False,0,0,0
2017,400933885,True,True,True,True,True,True,,False,0,0,0
2017,400934522,True,True,True,True,True,True,,False,7,0,0
2017,400934523,True,True,True,True,True,True,,False,0,0,0
2017,400934524,True,False,False,False,False,False,c1:last_drive_end_differs_from_certified_final;c1:cumulative_through_period_4_differs_from_line_scores;c2:cfbd_drive_missing_from_ledger;c2:eligible_ledger_possession_missing_from_cfbd;c3:drive_26_delta_13_7;c4:score_regression_between_drives,False,-20,1,1
2017,400934525,True,True,True,True,True,True,,False,0,0,0
2017,400934564,True,True,True,True,True,True,,False,7,0,0
2017,400934577,True,True,True,True,True,True,,False,0,0,0
2017,400935289,True,True,True,True,True,True,,False,7,0,0
2017,400935290,True,True,False,True,True,False,c2:cfbd_drive_missing_from_ledger,False,0,1,0
2017,400935291,True,True,True,True,True,True,,False,0,0,0
2017,400935292,True,True,True,True,True,True,,False,21,0,0
2017,400935293,True,True,True,True,True,True,,False,0,0,0
2017,400935371,True,True,True,True,True,True,,False,0,0,0
2017,400935372,True,True,True,True,True,True,,False,0,0,0
2017,400935373,True,True,True,True,True,True,,False,7,0,0
2017,400935374,True,True,True,True,True,True,,False,0,0,0
2017,400935375,True,True,False,True,True,False,c2:cfbd_drive_missing_from_ledger,False,7,1,0
2017,400935376,True,True,True,True,True,True,,False,0,0,0
2017,400937487,True,True,True,True,True,True,,False,0,0,0
2017,400937488,True,True,True,True,True,True,,False,0,0,0
2017,400937489,True,True,True,True,True,True,,False,0,0,0
2017,400937490,True,True,True,True,True,True,,False,7,0,0
2017,400937491,True,True,True,True,True,True,,False,0,0,0
2017,400938627,True,True,True,True,True,True,,False,0,0,0
2017,400938628,True,True,True,True,True,True,,False,0,0,0
2017,400938629,True,True,True,True,True,True,,False,0,0,0
2017,400938630,True,True,True,True,True,True,,False,0,0,0
2017,400938631,True,True,True,True,True,True,,False,0,0,0
2017,400938676,True,True,True,True,True,True,,False,14,0,0
2017,400941814,True,True,True,True,True,True,,False,0,0,0
2017,400941815,True,True,True,True,True,True,,False,7,0,0
2017,400941816,True,True,True,True,True,True,,False,6,0,0
2017,400941817,True,True,True,True,True,True,,False,0,0,0
2017,400941818,True,True,True,True,True,True,,False,0,0,0
2017,400941819,True,True,True,True,True,True,,False,7,0,0
2017,400944846,True,True,True,True,True,True,,False,14,0,0
2017,400944847,True,False,False,True,True,False,c1:first_drive_not_0_0;c2:cfbd_drive_missing_from_ledger,False,0,1,0
2017,400944848,True,True,True,True,True,True,,False,0,0,0
2017,400944849,True,True,True,True,True,True,,False,0,0,0
2017,400944850,True,True,False,True,True,False,c2:eligible_ledger_possession_missing_from_cfbd,False,0,0,1
2017,400944988,True,True,True,True,True,True,,False,0,0,0
2017,400944989,True,True,True,True,True,True,,False,0,0,0
2017,400944990,True,True,True,True,False,False,c4:score_regression_between_drives,False,-6,0,0
2017,400944991,True,True,True,True,True,True,,False,7,0,0
2017,400944992,True,True,True,True,True,True,,False,0,0,0
2017,400944993,True,True,True,True,True,True,,False,0,0,0
2017,400945267,True,True,True,True,True,True,,False,0,0,0
2017,400945268,True,True,True,True,True,True,,False,0,0,0
2017,400945269,True,True,True,True,True,True,,False,0,0,0
2017,400945270,True,True,True,True,True,True,,False,0,0,0
2017,400945271,True,True,True,True,True,True,,False,7,0,0
2017,400981507,True,True,False,True,True,False,c2:cfbd_drive_missing_from_ledger,False,7,1,0
2017,400982707,True,True,False,True,True,False,c2:eligible_ledger_possession_missing_from_cfbd,False,0,0,1
2017,400933886,True,True,True,True,True,True,,False,0,0,0
2017,400933887,True,True,True,True,True,True,,False,0,0,0
2017,400933888,True,True,True,True,True,True,,False,0,0,0
2017,400933889,True,True,True,True,True,True,,False,0,0,0
2017,400933890,True,True,True,True,True,True,,False,0,0,0
2017,400933891,True,True,False,True,True,False,c2:cfbd_drive_missing_from_ledger,False,0,1,0
2017,400933892,True,True,True,False,False,False,c3:drive_8_delta_0_3;c4:score_regression_between_drives,False,-3,0,0
2017,400934526,True,True,True,True,True,True,,False,0,0,0
2017,400934527,True,True,True,True,True,True,,False,0,0,0
2017,400934528,True,True,True,True,True,True,,False,0,0,0
2017,400934529,True,True,True,True,True,True,,False,0,0,0
2017,400934530,True,True,True,True,True,True,,False,0,0,0
2017,400934567,True,True,True,True,True,True,,False,6,0,0
2017,400935294,True,True,True,True,True,True,,False,0,0,0
2017,400935295,True,True,True,True,True,True,,False,0,0,0
2017,400935296,True,True,True,True,True,True,,False,0,0,0
2017,400935297,True,True,True,True,True,True,,False,7,0,0
2017,400935298,True,True,True,True,True,True,,False,0,0,0
2017,400935299,True,True,True,True,True,True,,False,7,0,0
2017,400935377,True,True,True,False,False,False,c3:drive_23_delta_0_3;c4:score_regression_between_drives,False,-3,0,0
2017,400935378,True,True,True,True,True,True,,False,0,0,0
2017,400935379,True,True,True,True,True,True,,False,7,0,0
2017,400935380,True,True,True,True,True,True,,False,0,0,0
2017,400935381,True,True,True,True,True,True,,False,0,0,0
2017,400935382,True,True,True,True,True,True,,False,0,0,0
2017,400937493,True,True,True,True,True,True,,False,0,0,0
2017,400937494,True,True,True,True,True,True,,False,7,0,0
2017,400937495,True,True,True,True,True,True,,False,0,0,0
2017,400937496,True,True,True,True,True,True,,False,14,0,0
2017,400937497,True,True,False,True,True,False,c2:cfbd_drive_missing_from_ledger;c2:eligible_ledger_possession_missing_from_cfbd,False,0,1,1
2017,400938632,True,True,True,True,True,True,,False,0,0,0
2017,400938633,True,True,True,True,True,True,,False,0,0,0
2017,400938634,True,True,False,True,True,False,c2:cfbd_drive_missing_from_ledger,False,7,1,0
2017,400938635,True,True,True,True,True,True,,False,0,0,0
2017,400938636,True,True,False,True,True,False,c2:eligible_ledger_possession_missing_from_cfbd,False,0,0,1
2017,400938637,True,True,True,True,True,True,,False,7,0,0
2017,400941820,True,True,True,True,True,True,,False,0,0,0
2017,400941821,True,True,True,True,True,True,,False,7,0,0
2017,400941822,True,True,True,True,True,True,,False,0,0,0
2017,400941823,True,True,True,True,True,True,,False,0,0,0
2017,400941832,True,True,False,True,False,False,c2:cfbd_drive_missing_from_ledger;c4:score_regression_between_drives,False,0,1,0
2017,400944851,True,True,False,True,True,False,c2:eligible_ledger_possession_missing_from_cfbd,False,0,0,1
2017,400944852,True,True,True,True,True,True,,False,0,0,0
2017,400944853,True,True,True,True,True,True,,False,0,0,0
2017,400944854,True,True,True,True,True,True,,False,7,0,0
2017,400944855,True,True,False,True,True,False,c2:cfbd_drive_missing_from_ledger,False,14,1,0
2017,400944856,True,True,False,True,True,False,c2:cfbd_drive_missing_from_ledger,False,7,1,0
2017,400944994,True,True,True,True,True,True,,False,0,0,0
2017,400944995,True,True,True,True,True,True,,False,7,0,0
2017,400944996,True,True,True,True,True,True,,False,0,0,0
2017,400944997,True,True,True,True,True,True,,False,0,0,0
2017,400944998,True,True,True,True,True,True,,False,0,0,0
2017,400945272,True,True,True,True,True,True,,False,0,0,0
2017,400945273,True,True,True,True,True,True,,False,7,0,0
2017,400945274,True,True,True,True,False,False,c4:score_regression_between_drives,False,0,0,0
2017,400945275,True,True,True,True,True,True,,False,7,0,0
2017,400945276,True,True,True,True,True,True,,False,0,0,0
2017,400945277,True,True,True,True,True,True,,False,0,0,0
2017,400981508,True,True,False,True,True,False,c2:cfbd_drive_missing_from_ledger,False,7,1,0
2017,400933893,True,True,True,True,True,True,,False,0,0,0
2017,400933894,True,False,False,True,False,False,c1:last_drive_end_differs_from_certified_final;c1:cumulative_through_period_2_differs_from_line_scores;c1:cumulative_through_period_4_differs_from_line_scores;c2:cfbd_drive_missing_from_ledger;c2:eligible_ledger_possession_missing_from_cfbd;c4:score_regression_between_drives,False,58,7,8
2017,400933895,True,True,True,True,True,True,,False,0,0,0
2017,400933896,True,True,False,True,True,False,c2:eligible_ledger_possession_missing_from_cfbd,False,0,0,1
2017,400933897,True,True,False,True,False,False,c2:cfbd_drive_missing_from_ledger;c4:score_regression_between_drives,False,-1,1,0
2017,400934531,True,True,True,True,True,True,,False,0,0,0
2017,400934532,True,True,True,True,True,True,,False,0,0,0
2017,400934533,True,True,False,True,True,False,c2:cfbd_drive_missing_from_ledger,False,0,1,0
2017,400934534,True,True,True,True,True,True,,False,0,0,0
2017,400934535,True,True,True,True,True,True,,False,0,0,0
2017,400934568,True,True,True,True,True,True,,False,0,0,0
2017,400934578,True,True,True,True,True,True,,False,0,0,0
2017,400935300,True,False,False,True,False,False,c1:last_drive_end_differs_from_certified_final;c1:cumulative_through_period_4_differs_from_line_scores;c2:cfbd_drive_missing_from_ledger;c4:score_regression_between_drives,False,-6,1,0
2017,400935301,True,True,True,True,True,True,,False,0,0,0
2017,400935302,True,True,True,True,True,True,,False,0,0,0
2017,400935303,True,True,True,True,True,True,,False,0,0,0
2017,400935383,True,True,True,True,True,True,,False,0,0,0
2017,400935384,True,True,True,True,True,True,,False,0,0,0
2017,400935385,True,False,False,True,True,False,c1:cumulative_through_period_4_differs_from_line_scores;c2:cfbd_drive_missing_from_ledger,False,0,1,0
2017,400935386,True,True,True,True,False,False,c4:score_regression_between_drives,False,-1,0,0
2017,400935387,True,True,True,True,True,True,,False,0,0,0
2017,400935388,True,True,True,True,True,True,,False,0,0,0
2017,400937498,True,True,True,True,True,True,,False,7,0,0
2017,400937499,True,True,True,True,True,True,,False,7,0,0
2017,400937500,True,True,False,True,True,False,c2:eligible_ledger_possession_missing_from_cfbd,False,0,0,1
2017,400937501,True,True,True,True,True,True,,False,6,0,0
2017,400937502,True,True,True,True,True,True,,False,0,0,0
2017,400937503,True,True,True,True,True,True,,False,7,0,0
2017,400938638,True,True,True,True,True,True,,False,14,0,0
2017,400938639,True,True,True,True,True,True,,False,1,0,0
2017,400938640,True,True,False,True,True,False,c2:cfbd_drive_missing_from_ledger,False,7,1,0
2017,400938641,True,True,True,True,True,True,,False,0,0,0
2017,400938642,True,True,True,True,True,True,,False,0,0,0
2017,400938674,True,True,True,True,True,True,,False,0,0,0
2017,400938892,True,True,False,True,True,False,c2:cfbd_drive_missing_from_ledger,False,20,1,0
2017,400941824,True,True,False,True,True,False,c2:cfbd_drive_missing_from_ledger,False,7,1,0
2017,400941825,True,True,True,True,True,True,,False,0,0,0
2017,400941826,True,False,False,True,True,False,c1:cumulative_through_period_4_differs_from_line_scores;c2:cfbd_drive_missing_from_ledger;c2:eligible_ledger_possession_missing_from_cfbd,False,0,1,1
2017,400941827,True,True,True,True,True,True,,False,7,0,0
2017,400941828,True,True,True,True,True,True,,False,0,0,0
2017,400941829,True,True,True,True,True,True,,False,0,0,0
2017,400944857,True,True,False,True,True,False,c2:cfbd_drive_missing_from_ledger,False,0,1,0
2017,400944858,True,True,True,True,True,True,,False,0,0,0
2017,400944859,True,True,True,True,True,True,,False,0,0,0
2017,400944860,False,False,False,False,False,False,no_drives,False,0,0,0
2017,400944999,True,True,True,True,True,True,,False,0,0,0
2017,400945000,True,True,True,True,True,True,,False,7,0,0
2017,400945001,True,True,True,True,True,True,,False,0,0,0
2017,400945002,True,True,True,True,True,True,,False,0,0,0
2017,400945003,True,True,True,True,True,True,,False,7,0,0
2017,400945004,True,False,False,False,True,False,c1:cumulative_through_period_4_differs_from_line_scores;c2:cfbd_drive_missing_from_ledger;c3:drive_25_delta_0_3,False,0,1,0
2017,400945278,True,True,True,True,True,True,,False,0,0,0
2017,400945279,True,True,True,True,True,True,,False,0,0,0
2017,400945280,True,True,True,True,True,True,,False,0,0,0
2017,400945281,True,True,True,True,True,True,,False,0,0,0
2017,400945282,True,True,True,True,True,True,,False,0,0,0
2017,400933898,True,True,True,True,True,True,,False,7,0,0
2017,400933899,True,True,True,True,True,True,,False,0,0,0
2017,400933900,True,True,False,True,True,False,c2:cfbd_drive_missing_from_ledger,False,7,1,0
2017,400933901,True,True,True,True,True,True,,False,0,0,0
2017,400933902,True,True,True,True,True,True,,False,0,0,0
2017,400933903,True,True,True,True,True,True,,False,0,0,0
2017,400934536,True,True,False,True,True,False,c2:cfbd_drive_missing_from_ledger,False,7,1,0
2017,400934537,True,True,True,True,True,True,,False,7,0,0
2017,400934538,True,True,True,True,True,True,,False,7,0,0
2017,400934539,True,True,True,True,False,False,c4:score_regression_between_drives,False,-7,0,0
2017,400934540,True,True,False,True,True,False,c2:cfbd_drive_missing_from_ledger,False,7,1,0
2017,400934579,True,True,True,True,True,True,,False,0,0,0
2017,400935304,True,True,True,True,True,True,,False,0,0,0
2017,400935305,True,True,True,True,True,True,,False,0,0,0
2017,400935306,True,True,True,True,True,True,,False,0,0,0
2017,400935307,True,True,True,True,True,True,,False,0,0,0
2017,400935308,True,True,True,True,True,True,,False,0,0,0
2017,400935309,True,True,True,True,True,True,,False,0,0,0
2017,400935389,True,True,True,True,True,True,,False,0,0,0
2017,400935390,True,True,True,True,True,True,,False,0,0,0
2017,400935391,True,True,True,True,True,True,,False,0,0,0
2017,400935392,True,True,True,True,True,True,,False,7,0,0
2017,400935393,True,True,True,True,True,True,,False,0,0,0
2017,400935394,True,False,False,True,True,False,c1:first_drive_not_0_0;c2:cfbd_drive_missing_from_ledger,False,0,1,0
2017,400935395,True,True,False,True,True,False,c2:eligible_ledger_possession_missing_from_cfbd,False,0,0,1
2017,400937504,True,True,True,True,True,True,,False,0,0,0
2017,400937505,True,True,True,True,True,True,,False,0,0,0
2017,400937506,True,True,True,True,True,True,,False,0,0,0
2017,400937507,True,True,True,True,True,True,,False,0,0,0
2017,400937508,True,True,True,True,True,True,,False,0,0,0
2017,400937509,True,True,True,True,True,True,,False,0,0,0
2017,400938643,True,True,True,True,True,True,,False,7,0,0
2017,400938644,True,True,True,True,True,True,,False,0,0,0
2017,400938645,True,True,True,True,True,True,,False,0,0,0
2017,400938646,True,True,False,True,True,False,c2:cfbd_drive_missing_from_ledger,False,14,2,0
2017,400938647,True,True,True,True,True,True,,False,0,0,0
2017,400938648,True,True,True,True,True,True,,False,0,0,0
2017,400938893,True,True,False,True,True,False,c2:cfbd_drive_missing_from_ledger,False,7,1,0
2017,400941830,True,True,True,True,True,True,,False,7,0,0
2017,400941831,True,True,True,True,True,True,,False,0,0,0
2017,400941839,True,True,True,True,False,False,c4:score_regression_between_drives,False,-10,0,0
2017,400944861,True,True,True,True,True,True,,False,0,0,0
2017,400944862,True,True,True,True,True,True,,False,0,0,0
2017,400944863,True,True,True,True,True,True,,False,0,0,0
2017,400944864,True,True,False,True,True,False,c2:cfbd_drive_missing_from_ledger,False,7,1,0
2017,400944865,True,True,False,True,True,False,c2:cfbd_drive_missing_from_ledger,False,0,1,0
2017,400945005,True,False,True,False,False,False,c1:last_drive_end_differs_from_certified_final;c3:drive_12_delta_8_1;c4:score_regression_between_drives;c4:excess_points_over_certified_final,False,-11,0,0
2017,400945006,True,True,False,False,True,False,c2:eligible_ledger_possession_missing_from_cfbd;c3:drive_16_delta_0_3,False,13,0,1
2017,400945007,True,True,False,True,True,False,c2:cfbd_drive_missing_from_ledger,False,0,1,0
2017,400945283,True,True,True,True,False,False,c4:score_regression_between_drives,False,7,0,0
2017,400945284,True,True,True,True,True,True,,False,0,0,0
2017,400945285,True,True,True,True,True,True,,False,7,0,0
2017,400945286,True,True,False,True,True,False,c2:cfbd_drive_missing_from_ledger,False,0,1,0
2017,400945287,True,True,True,True,True,True,,False,0,0,0
2017,400945288,True,True,False,True,True,False,c2:cfbd_drive_missing_from_ledger,False,0,1,0
2017,400986609,True,True,False,True,True,False,c2:cfbd_drive_missing_from_ledger;c2:eligible_ledger_possession_missing_from_cfbd,False,13,2,1
2017,400933904,True,True,True,True,True,True,,False,0,0,0
2017,400933905,True,True,True,True,True,True,,False,7,0,0
2017,400933906,True,True,True,True,True,True,,False,0,0,0
2017,400933907,True,True,False,True,True,False,c2:cfbd_drive_missing_from_ledger,False,0,1,0
2017,400933908,True,True,True,True,True,True,,False,0,0,0
2017,400933909,True,True,True,True,True,True,,False,0,0,0
2017,400933910,True,True,True,True,True,True,,False,7,0,0
2017,400933911,True,True,True,True,True,True,,False,0,0,0
2017,400933912,True,True,True,True,True,True,,False,0,0,0
2017,400934541,True,True,True,True,True,True,,False,0,0,0
2017,400934542,True,True,True,True,True,True,,False,0,0,0
2017,400934543,True,True,False,True,True,False,c2:cfbd_drive_missing_from_ledger,False,0,1,0
2017,400934544,True,True,True,True,True,True,,False,0,0,0
2017,400934545,True,True,True,True,True,True,,False,0,0,0
2017,400934569,True,True,True,True,True,True,,False,0,0,0
2017,400934580,True,True,True,True,True,True,,False,7,0,0
2017,400935310,True,True,True,True,True,True,,False,0,0,0
2017,400935311,True,True,True,True,True,True,,False,0,0,0
2017,400935312,True,True,True,True,True,True,,False,0,0,0
2017,400935313,True,True,True,True,True,True,,False,7,0,0
2017,400935314,True,True,True,False,False,False,c3:drive_5_delta_0_1;c4:score_regression_between_drives,False,-1,0,0
2017,400935315,True,True,True,True,True,True,,False,7,0,0
2017,400935396,True,True,True,True,True,True,,False,0,0,0
2017,400935397,True,True,True,True,True,True,,False,7,0,0
2017,400935398,True,True,True,True,True,True,,False,6,0,0
2017,400935399,True,True,True,True,True,True,,False,7,0,0
2017,400935400,True,True,True,True,True,True,,False,0,0,0
2017,400935401,True,True,True,True,True,True,,False,0,0,0
2017,400935402,True,True,True,True,False,False,c4:score_regression_between_drives,False,0,0,0
2017,400937510,True,True,True,True,True,True,,False,7,0,0
2017,400937511,True,True,True,True,True,True,,False,7,0,0
2017,400937512,True,True,False,True,True,False,c2:cfbd_drive_missing_from_ledger,False,9,1,0
2017,400937513,True,True,True,True,True,True,,False,0,0,0
2017,400938649,True,True,True,True,True,True,,False,0,0,0
2017,400938650,True,True,False,True,True,False,c2:cfbd_drive_missing_from_ledger,False,7,1,0
2017,400938651,True,True,True,True,True,True,,False,0,0,0
2017,400938652,True,True,True,True,True,True,,False,0,0,0
2017,400938653,True,True,True,True,True,True,,False,7,0,0
2017,400938675,True,True,True,True,True,True,,False,6,0,0
2017,400941833,True,True,True,True,True,True,,False,7,0,0
2017,400941834,True,True,True,True,True,True,,False,0,0,0
2017,400941835,True,True,True,True,True,True,,False,0,0,0
2017,400941836,True,True,True,True,True,True,,False,7,0,0
2017,400941837,True,True,True,True,True,True,,False,0,0,0
2017,400944866,True,True,True,True,True,True,,False,0,0,0
2017,400944867,True,True,False,True,True,False,c2:cfbd_drive_missing_from_ledger,False,14,1,0
2017,400944868,True,True,True,True,True,True,,False,0,0,0
2017,400944869,True,True,True,True,True,True,,False,0,0,0
2017,400944870,True,True,True,True,True,True,,False,0,0,0
2017,400945008,True,True,True,True,True,True,,False,0,0,0
2017,400945009,True,True,True,True,True,True,,False,0,0,0
2017,400945010,True,True,True,True,True,True,,False,7,0,0
2017,400945011,True,True,True,True,True,True,,False,0,0,0
2017,400945012,True,True,True,True,True,True,,False,0,0,0
2017,400945289,True,True,True,True,True,True,,False,0,0,0
2017,400945290,True,True,True,True,True,True,,False,0,0,0
2017,400945291,True,True,True,True,True,True,,False,0,0,0
2017,400945292,True,True,True,True,True,True,,False,0,0,0
2017,400945293,True,True,True,True,True,True,,False,0,0,0
2017,400945294,True,True,True,True,True,True,,False,7,0,0
2017,400985386,True,True,True,True,True,True,,False,7,0,0
2017,400933913,True,True,True,True,True,True,,False,0,0,0
2017,400933914,True,True,False,True,True,False,c2:eligible_ledger_possession_missing_from_cfbd,False,0,0,1
2017,400933915,True,True,True,True,True,True,,False,0,0,0
2017,400933916,True,True,True,True,True,True,,False,0,0,0
2017,400933917,True,True,True,True,True,True,,False,0,0,0
2017,400933918,True,True,True,True,True,True,,False,0,0,0
2017,400933919,True,True,False,True,True,False,c2:cfbd_drive_missing_from_ledger,False,7,1,0
2017,400933920,True,True,True,True,True,True,,False,0,0,0
2017,400934546,True,True,False,True,True,False,c2:cfbd_drive_missing_from_ledger,False,0,1,0
2017,400934547,True,True,True,True,True,True,,False,7,0,0
2017,400934548,True,True,True,True,True,True,,False,0,0,0
2017,400934549,True,False,False,True,True,False,c1:first_drive_not_0_0;c2:cfbd_drive_missing_from_ledger,False,7,1,0
2017,400934550,True,True,True,True,True,True,,False,0,0,0
2017,400934565,True,True,True,True,True,True,,False,0,0,0
2017,400934581,True,True,True,True,True,True,,False,0,0,0
2017,400935316,True,True,False,True,True,False,c2:eligible_ledger_possession_missing_from_cfbd,False,0,0,1
2017,400935317,True,True,True,True,True,True,,False,0,0,0
2017,400935318,True,True,True,True,True,True,,False,7,0,0
2017,400935319,True,True,True,True,True,True,,False,0,0,0
2017,400935320,True,True,True,True,True,True,,False,0,0,0
2017,400935403,True,True,True,True,True,True,,False,0,0,0
2017,400935404,True,True,True,True,True,True,,False,7,0,0
2017,400935405,True,False,False,True,True,False,c1:first_drive_not_0_0;c2:cfbd_drive_missing_from_ledger,False,0,2,0
2017,400935406,True,True,True,True,True,True,,False,0,0,0
2017,400935407,True,True,True,True,True,True,,False,7,0,0
2017,400935408,True,True,False,True,True,False,c2:cfbd_drive_missing_from_ledger,False,0,1,0
2017,400935409,True,True,True,True,True,True,,False,0,0,0
2017,400937514,True,False,False,True,True,False,c1:first_drive_not_0_0;c2:cfbd_drive_missing_from_ledger,False,0,1,0
2017,400937515,True,True,True,True,True,True,,False,0,0,0
2017,400937516,True,True,True,True,True,True,,False,7,0,0
2017,400937517,True,True,True,True,True,True,,False,0,0,0
2017,400937518,True,True,True,True,True,True,,False,0,0,0
2017,400937519,True,True,True,True,True,True,,False,0,0,0
2017,400938654,True,True,True,True,True,True,,False,0,0,0
2017,400938655,True,True,True,True,True,True,,False,0,0,0
2017,400938656,True,True,False,True,True,False,c2:cfbd_drive_missing_from_ledger,False,7,1,0
2017,400938657,True,True,False,True,True,False,c2:cfbd_drive_missing_from_ledger,False,0,2,0
2017,400938658,True,True,True,True,True,True,,False,0,0,0
2017,400938659,True,True,True,True,True,True,,False,0,0,0
2017,400938660,True,True,True,True,True,True,,False,0,0,0
2017,400938894,True,True,False,True,True,False,c2:cfbd_drive_missing_from_ledger,False,7,1,0
2017,400941840,True,True,False,True,True,False,c2:cfbd_drive_missing_from_ledger,False,8,1,0
2017,400941841,True,True,True,True,True,True,,False,7,0,0
2017,400941842,True,True,True,True,True,True,,False,7,0,0
2017,400941843,True,False,False,True,True,False,c1:cumulative_through_period_4_differs_from_line_scores;c2:cfbd_drive_missing_from_ledger,False,7,1,0
2017,400944871,True,True,True,True,True,True,,False,0,0,0
2017,400944872,True,True,True,True,True,True,,False,0,0,0
2017,400944873,False,False,False,False,False,False,no_drives,False,0,0,0
2017,400944874,True,False,False,True,True,False,c1:first_drive_not_0_0;c2:cfbd_drive_missing_from_ledger,False,7,2,0
2017,400945013,True,True,True,True,True,True,,False,0,0,0
2017,400945014,True,True,True,True,True,True,,False,0,0,0
2017,400945015,True,True,True,True,True,True,,False,14,0,0
2017,400945016,True,True,True,True,True,True,,False,7,0,0
2017,400945017,True,True,True,True,True,True,,False,0,0,0
2017,400945018,True,True,True,True,True,True,,False,7,0,0
2017,400945295,True,True,True,True,True,True,,False,0,0,0
2017,400945296,True,True,True,True,True,True,,False,0,0,0
2017,400945297,True,True,True,True,False,False,c4:score_regression_between_drives,False,0,0,0
2017,400945298,True,True,True,False,False,False,c3:drive_23_delta_8_39;c4:score_regression_between_drives;c4:excess_points_over_certified_final,False,-94,0,0
2017,400945299,True,True,True,True,True,True,,False,0,0,0
2017,400933921,True,True,True,True,True,True,,False,0,0,0
2017,400933922,True,True,True,True,True,True,,False,7,0,0
2017,400933923,True,True,True,True,True,True,,False,0,0,0
2017,400933924,True,True,True,True,True,True,,False,0,0,0
2017,400933925,True,True,True,True,True,True,,False,0,0,0
2017,400933926,True,True,True,True,True,True,,False,0,0,0
2017,400933927,True,True,True,True,True,True,,False,0,0,0
2017,400933928,True,True,True,True,True,True,,False,0,0,0
2017,400933929,True,True,True,True,True,True,,False,7,0,0
2017,400934551,True,True,True,True,True,True,,False,7,0,0
2017,400934552,True,True,False,True,True,False,c2:cfbd_drive_missing_from_ledger,False,7,1,0
2017,400934553,True,True,True,True,True,True,,False,0,0,0
2017,400934554,True,True,True,True,True,True,,False,0,0,0
2017,400934555,True,True,True,True,True,True,,False,0,0,0
2017,400934571,True,True,True,True,True,True,,False,0,0,0
2017,400934582,True,True,False,True,True,False,c2:cfbd_drive_missing_from_ledger,False,0,1,0
2017,400935321,True,True,True,True,True,True,,False,0,0,0
2017,400935322,True,True,True,True,True,True,,False,0,0,0
2017,400935323,True,True,True,True,True,True,,False,0,0,0
2017,400935324,True,True,True,True,True,True,,False,0,0,0
2017,400935325,True,True,True,True,True,True,,False,0,0,0
2017,400935410,True,True,True,True,True,True,,False,7,0,0
2017,400935411,True,True,True,True,True,True,,False,0,0,0
2017,400935412,True,True,True,True,True,True,,False,0,0,0
2017,400935413,True,True,True,True,True,True,,False,7,0,0
2017,400935414,True,True,True,True,True,True,,False,0,0,0
2017,400935415,True,True,True,True,True,True,,False,0,0,0
2017,400935416,True,True,True,True,True,True,,False,0,0,0
2017,400937520,True,True,True,True,True,True,,False,13,0,0
2017,400937521,True,True,False,True,True,False,c2:cfbd_drive_missing_from_ledger,False,0,1,0
2017,400937522,True,True,True,True,True,True,,False,7,0,0
2017,400937523,True,True,True,True,True,True,,False,7,0,0
2017,400937524,True,True,True,True,True,True,,False,0,0,0
2017,400937525,True,True,True,True,True,True,,False,7,0,0
2017,400937526,True,True,True,True,True,True,,False,7,0,0
2017,400937527,True,True,True,True,True,True,,False,0,0,0
2017,400937528,True,True,True,True,True,True,,False,0,0,0
2017,400938661,True,True,True,True,True,True,,False,7,0,0
2017,400938662,True,True,True,False,False,False,c3:drive_15_delta_7_1;c4:score_regression_between_drives,False,0,0,0
2017,400938663,True,True,True,True,True,True,,False,0,0,0
2017,400938664,True,True,True,True,True,True,,False,0,0,0
2017,400938665,True,False,True,False,False,False,c1:last_drive_end_differs_from_certified_final;c3:drive_26_delta_82_49;c4:score_regression_between_drives;c4:excess_points_over_certified_final,False,-5,0,0
2017,400938666,True,True,True,True,True,True,,False,0,0,0
2017,400938895,True,True,True,True,True,True,,False,0,0,0
2017,400941844,True,True,True,True,True,True,,False,7,0,0
2017,400941845,True,True,True,True,True,True,,False,7,0,0
2017,400941846,True,True,True,True,True,True,,False,0,0,0
2017,400941847,True,True,True,True,True,True,,False,14,0,0
2017,400941848,True,True,True,True,True,True,,False,0,0,0
2017,400944875,True,True,False,True,True,False,c2:cfbd_drive_missing_from_ledger,False,0,1,0
2017,400944876,True,True,True,True,True,True,,False,0,0,0
2017,400944877,True,True,True,True,True,True,,False,0,0,0
2017,400944878,True,True,False,True,True,False,c2:cfbd_drive_missing_from_ledger,False,7,1,0
2017,400945019,True,True,False,True,True,False,c2:cfbd_drive_missing_from_ledger,False,14,1,0
2017,400945020,True,True,False,True,True,False,c2:cfbd_drive_missing_from_ledger,False,14,1,0
2017,400945021,True,True,True,True,True,True,,False,7,0,0
2017,400945022,True,True,True,True,True,True,,False,14,0,0
2017,400945023,True,True,True,True,True,True,,False,14,0,0
2017,400945024,True,True,True,True,True,True,,False,6,0,0
2017,400945300,True,True,True,True,True,True,,False,7,0,0
2017,400945301,True,True,True,True,True,True,,False,0,0,0
2017,400945302,True,True,True,True,True,True,,False,7,0,0
2017,400945303,True,True,True,True,True,True,,False,7,0,0
2017,400945304,True,True,True,True,True,True,,False,7,0,0
2017,400945305,True,True,False,True,True,False,c2:cfbd_drive_missing_from_ledger,False,7,1,0
2017,400933930,True,True,True,True,True,True,,False,0,0,0
2017,400933931,True,True,True,True,True,True,,False,0,0,0
2017,400933932,True,True,True,True,True,True,,False,0,0,0
2017,400933933,True,True,True,True,True,True,,False,7,0,0
2017,400933934,True,True,True,True,True,True,,False,0,0,0
2017,400933935,True,True,True,True,True,True,,False,0,0,0
2017,400933936,True,True,True,True,True,True,,False,0,0,0
2017,400933937,True,True,True,True,True,True,,False,0,0,0
2017,400933938,True,True,True,True,True,True,,False,0,0,0
2017,400934556,True,True,True,True,True,True,,False,0,0,0
2017,400934557,True,True,True,True,True,True,,False,7,0,0
2017,400934558,True,True,True,True,True,True,,False,0,0,0
2017,400934559,True,True,True,True,True,True,,False,7,0,0
2017,400934560,True,True,True,True,True,True,,False,3,0,0
2017,400934583,True,True,True,True,True,True,,False,0,0,0
2017,400935326,True,True,True,True,True,True,,False,0,0,0
2017,400935327,True,True,True,True,True,True,,False,7,0,0
2017,400935328,True,True,True,True,True,True,,False,0,0,0
2017,400935329,True,True,True,True,True,True,,False,0,0,0
2017,400935330,True,True,True,True,True,True,,False,0,0,0
2017,400935417,True,True,True,True,True,True,,False,0,0,0
2017,400935418,True,True,True,True,True,True,,False,0,0,0
2017,400935419,True,True,False,True,True,False,c2:cfbd_drive_missing_from_ledger,False,0,1,0
2017,400935420,True,True,True,True,True,True,,False,0,0,0
2017,400935421,True,True,True,True,True,True,,False,0,0,0
2017,400935422,True,True,True,True,True,True,,False,7,0,0
2017,400935423,True,True,True,True,True,True,,False,0,0,0
2017,400937529,True,True,False,True,True,False,c2:cfbd_drive_missing_from_ledger;c2:eligible_ledger_possession_missing_from_cfbd,False,0,1,1
2017,400937530,True,True,True,True,True,True,,False,0,0,0
2017,400937531,True,True,True,True,True,True,,False,0,0,0
2017,400937532,True,True,False,True,True,False,c2:cfbd_drive_missing_from_ledger,False,7,1,0
2017,400937533,True,True,True,True,True,True,,False,7,0,0
2017,400938667,True,True,True,True,True,True,,False,0,0,0
2017,400938668,True,True,True,True,True,True,,False,0,0,0
2017,400938669,True,True,True,True,True,True,,False,0,0,0
2017,400938670,True,True,True,True,True,True,,False,0,0,0
2017,400938671,True,True,True,True,True,True,,False,0,0,0
2017,400938672,True,True,True,True,True,True,,False,0,0,0
2017,400938673,True,True,True,True,True,True,,False,0,0,0
2017,400941849,True,True,False,True,True,False,c2:cfbd_drive_missing_from_ledger,False,7,1,0
2017,400941850,True,True,True,True,True,True,,False,0,0,0
2017,400941851,True,True,True,True,True,True,,False,0,0,0
2017,400941852,True,True,False,True,True,False,c2:cfbd_drive_missing_from_ledger,False,14,1,0
2017,400941853,True,True,True,True,False,False,c4:score_regression_between_drives,False,7,0,0
2017,400941854,True,True,False,True,True,False,c2:cfbd_drive_missing_from_ledger,False,7,1,0
2017,400944879,True,True,True,True,True,True,,False,0,0,0
2017,400944880,True,True,False,True,True,False,c2:cfbd_drive_missing_from_ledger,False,7,1,0
2017,400944881,True,True,True,True,True,True,,False,0,0,0
2017,400944882,True,True,True,True,True,True,,False,0,0,0
2017,400944883,True,True,True,True,True,True,,False,7,0,0
2017,400945025,True,True,True,True,True,True,,False,14,0,0
2017,400945026,True,True,True,True,True,True,,False,0,0,0
2017,400945027,True,True,True,True,True,True,,False,0,0,0
2017,400945028,True,True,True,True,True,True,,False,0,0,0
2017,400945029,True,True,True,True,True,True,,False,0,0,0
2017,400945030,True,True,True,True,True,True,,False,0,0,0
2017,400945306,True,True,True,True,True,True,,False,0,0,0
2017,400945307,True,True,False,True,True,False,c2:cfbd_drive_missing_from_ledger,False,0,1,0
2017,400945308,True,True,True,True,True,True,,False,0,0,0
2017,400945309,True,True,True,True,True,True,,False,0,0,0
2017,400945310,True,True,True,True,True,True,,False,0,0,0
2017,400945311,True,True,True,True,True,True,,False,0,0,0
2017,400944884,True,True,False,True,True,False,c2:cfbd_drive_missing_from_ledger,False,0,1,0
2017,400944885,True,True,False,False,False,False,c2:cfbd_drive_missing_from_ledger;c3:drive_32_delta_0_1;c4:score_regression_between_drives,False,6,1,0
2017,400944886,True,True,True,True,True,True,,False,0,0,0
2017,400944887,True,True,False,True,True,False,c2:cfbd_drive_missing_from_ledger,False,0,1,0
2017,400944888,True,True,True,False,False,False,c3:drive_8_delta_3_1;c4:score_regression_between_drives,False,-1,0,0
2017,400955149,True,True,True,True,True,True,,False,0,0,0
2017,400955150,True,True,True,True,True,True,,False,14,0,0
2017,400955151,True,True,True,True,True,True,,False,0,0,0
2017,400955152,True,True,True,True,True,True,,False,6,0,0
2017,400955153,True,True,True,True,True,True,,False,0,0,0
2017,400955154,True,True,True,True,True,True,,False,0,0,0
2017,400955155,True,True,True,True,True,True,,False,0,0,0
2017,400955156,True,True,True,True,True,True,,False,0,0,0
2017,400955157,True,True,True,True,True,True,,False,7,0,0
2017,400985387,True,True,True,True,True,True,,False,0,0,0
2017,401000149,True,True,True,True,True,True,,False,0,0,0
2017,400934572,True,True,True,True,True,True,,False,0,0,0
2018,401012246,True,True,True,True,True,True,,False,7,0,0
2018,401012247,True,True,True,True,True,True,,False,7,0,0
2018,401012248,True,True,False,True,True,False,c2:eligible_ledger_possession_missing_from_cfbd,False,0,0,1
2018,401012249,True,True,True,True,True,True,,False,0,0,0
2018,401012250,True,True,True,True,True,True,,False,7,0,0
2018,401012251,True,True,True,True,True,True,,False,1,0,0
2018,401012253,True,True,False,True,True,False,c2:cfbd_drive_missing_from_ledger,False,7,1,0
2018,401012254,True,True,True,True,True,True,,False,14,0,0
2018,401012255,True,True,True,True,True,True,,False,0,0,0
2018,401012256,True,True,True,True,True,True,,False,0,0,0
2018,401012257,True,True,True,True,True,True,,False,0,0,0
2018,401012258,True,True,True,True,True,True,,False,7,0,0
2018,401012259,True,True,True,True,True,True,,False,7,0,0
2018,401012675,True,True,True,True,True,True,,False,14,0,0
2018,401012676,True,True,True,True,True,True,,False,0,0,0
2018,401012677,True,True,True,True,True,True,,False,0,0,0
2018,401012678,True,True,True,True,True,True,,False,0,0,0
2018,401012679,True,True,True,True,True,True,,False,2,0,0
2018,401012680,True,True,True,True,True,True,,False,0,0,0
2018,401012681,True,True,True,True,True,True,,False,0,0,0
2018,401012682,True,True,True,True,True,True,,False,0,0,0
2018,401012683,True,True,True,True,True,True,,False,0,0,0
2018,401012684,True,True,True,True,True,True,,False,0,0,0
2018,401012804,True,True,True,True,True,True,,False,0,0,0
2018,401012820,True,True,True,True,True,True,,False,0,0,0
2018,401012851,True,True,True,True,True,True,,False,0,0,0
2018,401012862,True,True,True,False,False,False,c3:drive_26_delta_7_1;c4:score_regression_between_drives,False,-1,0,0
2018,401012872,True,True,True,True,True,True,,False,14,0,0
2018,401012880,True,True,True,True,True,True,,False,0,0,0
2018,401012888,True,True,False,True,True,False,c2:cfbd_drive_missing_from_ledger,False,7,1,0
2018,401013026,True,True,True,True,True,True,,False,0,0,0
2018,401013048,True,True,True,False,False,False,c3:drive_6_delta_0_3;c4:score_regression_between_drives,False,-3,0,0
2018,401013057,True,True,True,True,True,True,,False,0,0,0
2018,401013065,True,True,True,True,True,True,,False,7,0,0
2018,401013072,True,True,True,True,True,True,,False,7,0,0
2018,401013086,True,True,False,True,True,False,c2:cfbd_drive_missing_from_ledger,False,0,1,0
2018,401013087,True,True,True,True,True,True,,False,6,0,0
2018,401013088,True,True,True,True,True,True,,False,0,0,0
2018,401013089,True,True,True,True,True,True,,False,0,0,0
2018,401013090,True,True,True,True,True,True,,False,0,0,0
2018,401013091,True,True,True,True,True,True,,False,0,0,0
2018,401013092,True,False,False,True,True,False,c1:first_drive_not_0_0;c2:cfbd_drive_missing_from_ledger,False,0,1,0
2018,401013094,True,True,True,True,True,True,,False,0,0,0
2018,401013095,True,True,True,True,True,True,,False,0,0,0
2018,401013096,True,True,True,True,True,True,,False,0,0,0
2018,401013328,True,False,True,True,True,False,c1:cumulative_through_period_1_differs_from_line_scores,False,0,0,0
2018,401013342,True,True,True,True,True,True,,False,7,0,0
2018,401013349,True,True,False,True,True,False,c2:cfbd_drive_missing_from_ledger,False,7,1,0
2018,401013354,True,True,True,True,True,True,,False,7,0,0
2018,401013357,True,True,False,True,True,False,c2:cfbd_drive_missing_from_ledger,False,7,1,0
2018,401013437,True,True,True,True,True,True,,False,7,0,0
2018,401013448,True,True,True,True,True,True,,False,0,0,0
2018,401013489,True,False,True,True,True,False,c1:cumulative_through_period_3_differs_from_line_scores,False,0,0,0
2018,401014972,True,True,False,True,True,False,c2:cfbd_drive_missing_from_ledger,False,0,1,0
2018,401014973,True,True,True,True,True,True,,False,0,0,0
2018,401014974,True,True,True,True,True,True,,False,0,0,0
2018,401014975,True,True,True,True,True,True,,False,0,0,0
2018,401014976,True,True,False,True,True,False,c2:cfbd_drive_missing_from_ledger,False,14,1,0
2018,401014977,True,True,True,True,True,True,,False,0,0,0
2018,401014978,True,True,True,True,True,True,,False,0,0,0
2018,401014979,True,True,True,True,True,True,,False,0,0,0
2018,401014980,True,True,True,True,True,True,,False,14,0,0
2018,401019470,True,True,True,True,True,True,,False,0,0,0
2018,401019472,True,True,True,True,True,True,,False,0,0,0
2018,401019473,True,True,True,True,True,True,,False,0,0,0
2018,401019474,True,True,True,True,True,True,,False,14,0,0
2018,401019475,True,True,True,True,True,True,,False,0,0,0
2018,401019476,True,True,False,True,True,False,c2:cfbd_drive_missing_from_ledger,False,0,2,0
2018,401020671,True,True,False,True,True,False,c2:cfbd_drive_missing_from_ledger;c2:eligible_ledger_possession_missing_from_cfbd,False,0,3,2
2018,401020672,True,True,True,True,True,True,,False,6,0,0
2018,401020673,True,True,True,True,True,True,,False,7,0,0
2018,401020674,True,True,True,True,True,True,,False,0,0,0
2018,401020675,True,True,False,True,True,False,c2:cfbd_drive_missing_from_ledger,False,7,1,0
2018,401020676,True,True,False,True,True,False,c2:cfbd_drive_missing_from_ledger,False,7,1,0
2018,401021651,True,True,False,True,True,False,c2:cfbd_drive_missing_from_ledger,False,7,2,0
2018,401021652,True,True,True,True,True,True,,False,14,0,0
2018,401021653,True,True,True,True,True,True,,False,0,0,0
2018,401021654,True,True,True,True,True,True,,False,0,0,0
2018,401021655,True,True,True,True,True,True,,False,7,0,0
2018,401021656,True,True,True,True,True,True,,False,7,0,0
2018,401022510,True,True,True,True,True,True,,False,0,0,0
2018,401022511,True,True,True,True,True,True,,False,7,0,0
2018,401022512,True,True,True,True,True,True,,False,0,0,0
2018,401022514,True,True,True,True,True,True,,False,0,0,0
2018,401022515,True,True,True,True,True,True,,False,13,0,0
2018,401022516,True,True,False,True,True,False,c2:cfbd_drive_missing_from_ledger,False,7,1,0
2018,401022517,True,True,True,True,True,True,,False,7,0,0
2018,401032054,True,True,True,True,True,True,,False,0,0,0
2018,401032055,True,True,True,True,True,True,,False,0,0,0
2018,401032056,True,True,True,True,True,True,,False,0,0,0
2018,401032057,True,True,True,True,True,True,,False,7,0,0
2018,401032058,True,True,True,True,True,True,,False,0,0,0
2018,401032059,True,True,True,True,True,True,,False,0,0,0
2018,401032060,True,True,False,True,True,False,c2:cfbd_drive_missing_from_ledger,False,7,1,0
2018,401032061,True,True,False,True,True,False,c2:cfbd_drive_missing_from_ledger,False,0,1,0
2018,401032062,True,True,True,True,True,True,,False,0,0,0
2018,401032063,True,True,False,True,True,False,c2:cfbd_drive_missing_from_ledger,False,7,1,0
2018,401032064,True,True,True,True,True,True,,False,1,0,0
2018,401032065,True,True,True,True,True,True,,False,7,0,0
2018,401032066,True,True,True,True,True,True,,False,0,0,0
2018,401032068,True,True,True,True,True,True,,False,0,0,0
2018,401032069,True,True,True,True,False,False,c4:score_regression_between_drives,False,-7,0,0
2018,401032070,True,True,True,True,True,True,,False,0,0,0
2018,401032071,True,True,True,True,True,True,,False,7,0,0
2018,401032072,True,True,True,True,True,True,,False,0,0,0
2018,401032073,True,True,True,True,True,True,,False,0,0,0
2018,401032074,True,True,True,True,True,True,,False,0,0,0
2018,401032075,True,True,True,True,True,True,,False,0,0,0
2018,401032076,True,False,True,True,False,False,c1:last_drive_end_differs_from_certified_final;c1:cumulative_through_period_4_differs_from_line_scores;c4:score_regression_between_drives,False,-4,0,0
2018,401032077,True,True,True,True,True,True,,False,0,0,0
2018,401032078,True,True,True,True,True,True,,False,0,0,0
2018,401032079,True,True,True,True,True,True,,False,0,0,0
2018,401032080,True,True,True,True,True,True,,False,0,0,0
2018,401032081,True,True,False,False,False,False,c2:eligible_ledger_possession_missing_from_cfbd;c3:drive_4_delta_0_3;c4:score_regression_between_drives,False,4,0,1
2018,401032082,True,True,True,True,True,True,,False,7,0,0
2018,401032083,True,True,True,True,True,True,,False,7,0,0
2018,401032084,True,True,True,True,True,True,,False,0,0,0
2018,401032085,True,True,True,True,True,True,,False,0,0,0
2018,401032086,True,True,False,True,True,False,c2:cfbd_drive_missing_from_ledger,False,0,1,0
2018,401032087,True,True,True,True,True,True,,False,0,0,0
2018,401032088,True,True,False,True,True,False,c2:cfbd_drive_missing_from_ledger,False,0,1,0
2018,401035250,True,True,True,True,True,True,,False,0,0,0
2018,401035251,True,True,True,True,True,True,,False,0,0,0
2018,401035252,True,False,False,False,True,False,c1:last_drive_end_differs_from_certified_final;c2:cfbd_drive_missing_from_ledger;c3:drive_32_delta_0_3,False,0,1,0
2018,401035253,True,True,True,True,True,True,,False,0,0,0
2018,401035254,True,True,True,True,True,True,,False,0,0,0
2018,401079833,True,True,False,True,True,False,c2:cfbd_drive_missing_from_ledger,False,0,1,0
2018,401012260,True,True,True,True,True,True,,False,0,0,0
2018,401012261,True,True,True,True,True,True,,False,7,0,0
2018,401012262,True,True,False,True,True,False,c2:cfbd_drive_missing_from_ledger,False,9,1,0
2018,401012263,True,True,True,True,True,True,,False,0,0,0
2018,401012264,True,True,True,True,True,True,,False,0,0,0
2018,401012265,True,True,True,True,True,True,,False,0,0,0
2018,401012266,True,True,True,True,True,True,,False,7,0,0
2018,401012267,True,True,True,True,True,True,,False,0,0,0
2018,401012268,True,True,True,True,True,True,,False,0,0,0
2018,401012269,True,True,True,True,True,True,,False,7,0,0
2018,401012270,True,True,True,True,True,True,,False,14,0,0
2018,401012271,True,True,True,True,True,True,,False,7,0,0
2018,401012726,True,True,True,True,True,True,,False,2,0,0
2018,401012727,True,True,True,True,True,True,,False,0,0,0
2018,401012728,True,True,True,True,True,True,,False,0,0,0
2018,401012729,True,True,True,True,True,True,,False,0,0,0
2018,401012730,True,True,True,True,True,True,,False,7,0,0
2018,401012731,True,True,True,True,True,True,,False,0,0,0
2018,401012732,True,True,True,True,True,True,,False,7,0,0
2018,401012733,True,True,True,True,True,True,,False,0,0,0
2018,401012734,True,True,True,True,True,True,,False,0,0,0
2018,401012735,True,True,True,True,True,True,,False,0,0,0
2018,401012736,True,True,True,True,True,True,,False,0,0,0
2018,401012805,True,True,True,True,True,True,,False,0,0,0
2018,401012821,True,True,True,True,True,True,,False,0,0,0
2018,401012852,True,True,False,True,True,False,c2:cfbd_drive_missing_from_ledger,False,0,1,0
2018,401012863,True,True,True,True,True,True,,False,0,0,0
2018,401012873,True,True,False,True,True,False,c2:cfbd_drive_missing_from_ledger,False,0,1,0
2018,401012889,True,True,True,True,True,True,,False,7,0,0
2018,401013027,True,True,True,True,True,True,,False,0,0,0
2018,401013049,True,True,True,True,True,True,,False,0,0,0
2018,401013097,True,True,True,True,False,False,c4:score_regression_between_drives,False,7,0,0
2018,401013098,True,True,True,True,True,True,,False,7,0,0
2018,401013099,True,True,True,True,True,True,,False,6,0,0
2018,401013100,True,True,False,True,True,False,c2:cfbd_drive_missing_from_ledger,False,14,2,0
2018,401013101,True,True,True,True,True,True,,False,0,0,0
2018,401013102,True,True,True,True,True,True,,False,7,0,0
2018,401013103,True,True,True,True,True,True,,False,0,0,0
2018,401013104,True,True,True,True,True,True,,False,0,0,0
2018,401013105,True,True,True,True,True,True,,False,7,0,0
2018,401013106,True,True,True,True,True,True,,False,0,0,0
2018,401013107,True,True,True,True,True,True,,False,0,0,0
2018,401013108,True,True,True,True,True,True,,False,0,0,0
2018,401013319,True,True,True,True,True,True,,False,0,0,0
2018,401013322,True,True,True,True,True,True,,False,7,0,0
2018,401013326,True,True,True,True,True,True,,False,0,0,0
2018,401013329,True,True,True,True,True,True,,False,0,0,0
2018,401013352,True,True,False,True,True,False,c2:cfbd_drive_missing_from_ledger,False,0,1,0
2018,401013355,True,True,True,True,True,True,,False,0,0,0
2018,401013358,True,True,True,True,True,True,,False,0,0,0
2018,401013367,True,True,True,True,True,True,,False,0,0,0
2018,401013377,True,True,True,True,True,True,,False,7,0,0
2018,401013438,True,True,False,True,True,False,c2:cfbd_drive_missing_from_ledger,False,7,1,0
2018,401013490,True,True,True,True,True,True,,False,0,0,0
2018,401014981,True,True,True,True,False,False,c4:score_regression_between_drives,False,7,0,0
2018,401014982,True,True,True,True,True,True,,False,7,0,0
2018,401014983,True,True,True,True,True,True,,False,12,0,0
2018,401014984,True,True,False,True,True,False,c2:cfbd_drive_missing_from_ledger,False,0,1,0
2018,401014985,True,True,False,True,True,False,c2:cfbd_drive_missing_from_ledger,False,7,2,0
2018,401014986,True,True,True,True,True,True,,False,0,0,0
2018,401014987,True,True,True,True,True,True,,False,0,0,0
2018,401014988,True,True,True,True,True,True,,False,2,0,0
2018,401014989,True,True,True,True,True,True,,False,7,0,0
2018,401014990,True,True,True,True,False,False,c4:score_regression_between_drives,False,6,0,0
2018,401014991,True,True,True,True,True,True,,False,0,0,0
2018,401014992,True,True,True,True,True,True,,False,7,0,0
2018,401019477,True,True,True,True,True,True,,False,0,0,0
2018,401019478,True,True,True,True,True,True,,False,0,0,0
2018,401019479,True,True,True,True,True,True,,False,0,0,0
2018,401019480,True,True,True,True,True,True,,False,0,0,0
2018,401019481,True,True,True,True,True,True,,False,0,0,0
2018,401019482,True,True,True,True,True,True,,False,7,0,0
2018,401019483,True,True,True,True,True,True,,False,0,0,0
2018,401020677,True,False,True,False,False,False,c1:cumulative_through_period_2_differs_from_line_scores;c3:drive_22_delta_4_0;c4:score_regression_between_drives,False,10,0,0
2018,401020678,True,True,True,True,True,True,,False,0,0,0
2018,401021657,True,True,True,True,True,True,,False,1,0,0
2018,401021658,True,True,True,True,True,True,,False,7,0,0
2018,401022518,True,True,False,True,True,False,c2:cfbd_drive_missing_from_ledger,False,7,1,0
2018,401012272,True,True,True,True,True,True,,False,14,0,0
2018,401012273,True,True,True,True,True,True,,False,6,0,0
2018,401012274,True,True,True,True,True,True,,False,7,0,0
2018,401012275,True,True,True,True,True,True,,False,0,0,0
2018,401012276,True,True,True,True,True,True,,False,0,0,0
2018,401012277,True,True,True,True,True,True,,False,0,0,0
2018,401012278,True,True,True,True,True,True,,False,0,0,0
2018,401012279,True,True,True,True,True,True,,False,0,0,0
2018,401012281,True,True,True,True,True,True,,False,7,0,0
2018,401012282,True,True,True,True,True,True,,False,0,0,0
2018,401012283,True,True,True,True,True,True,,False,0,0,0
2018,401012737,True,True,False,True,True,False,c2:cfbd_drive_missing_from_ledger,False,7,1,0
2018,401012738,True,True,True,True,True,True,,False,0,0,0
2018,401012739,True,True,True,True,True,True,,False,0,0,0
2018,401012740,True,True,True,True,True,True,,False,0,0,0
2018,401012741,True,True,True,True,True,True,,False,0,0,0
2018,401012742,True,True,True,True,True,True,,False,0,0,0
2018,401012743,True,True,True,True,False,False,c4:score_regression_between_drives,False,-2,0,0
2018,401012744,True,True,True,True,False,False,c4:score_regression_between_drives,False,0,0,0
2018,401012745,True,True,False,True,True,False,c2:cfbd_drive_missing_from_ledger,False,7,2,0
2018,401012746,True,True,False,True,True,False,c2:cfbd_drive_missing_from_ledger,False,14,1,0
2018,401012747,True,False,True,True,True,False,c1:last_drive_end_differs_from_certified_final;c1:cumulative_through_period_4_differs_from_line_scores,False,0,0,0
2018,401012806,True,True,True,True,True,True,,False,0,0,0
2018,401012822,True,False,True,True,True,False,c1:cumulative_through_period_3_differs_from_line_scores,False,0,0,0
2018,401012853,True,True,True,True,True,True,,False,0,0,0
2018,401012864,True,True,True,True,True,True,,False,0,0,0
2018,401012874,True,True,True,True,False,False,c4:score_regression_between_drives,False,0,0,0
2018,401012890,True,True,True,True,False,False,c4:score_regression_between_drives,False,-1,0,0
2018,401013028,True,True,True,True,True,True,,False,6,0,0
2018,401013039,True,True,True,True,True,True,,False,7,0,0
2018,401013058,True,True,True,True,True,True,,False,7,0,0
2018,401013074,True,True,True,True,True,True,,False,0,0,0
2018,401013109,True,True,True,True,True,True,,False,0,0,0
2018,401013110,True,True,True,True,True,True,,False,0,0,0
2018,401013111,True,True,True,True,True,True,,False,0,0,0
2018,401013112,True,True,True,True,True,True,,False,0,0,0
2018,401013113,True,True,True,True,True,True,,False,0,0,0
2018,401013114,True,True,True,True,True,True,,False,0,0,0
2018,401013117,True,True,False,True,True,False,c2:cfbd_drive_missing_from_ledger,False,21,1,0
2018,401013323,True,True,True,True,True,True,,False,7,0,0
2018,401013330,True,True,True,True,False,False,c4:score_regression_between_drives,False,0,0,0
2018,401013337,True,True,True,True,True,True,,False,0,0,0
2018,401013343,True,True,False,True,False,False,c2:cfbd_drive_missing_from_ledger;c4:score_regression_between_drives,False,7,1,0
2018,401013350,True,True,True,True,True,True,,False,0,0,0
2018,401013356,True,True,True,True,True,True,,False,0,0,0
2018,401013359,True,True,False,True,True,False,c2:cfbd_drive_missing_from_ledger,False,0,1,0
2018,401013368,True,True,True,True,True,True,,False,0,0,0
2018,401013439,True,True,True,True,True,True,,False,0,0,0
2018,401013491,True,True,True,True,True,True,,False,0,0,0
2018,401014993,True,True,True,True,True,True,,False,0,0,0
2018,401014994,True,True,False,True,True,False,c2:cfbd_drive_missing_from_ledger,False,0,1,0
2018,401014996,True,True,True,True,True,True,,False,0,0,0
2018,401019484,True,True,True,True,True,True,,False,0,0,0
2018,401019485,True,True,True,True,True,True,,False,7,0,0
2018,401019486,True,True,False,True,True,False,c2:cfbd_drive_missing_from_ledger,False,0,1,0
2018,401019487,True,True,True,True,True,True,,False,0,0,0
2018,401019488,True,True,True,True,True,True,,False,2,0,0
2018,401020679,True,True,True,True,True,True,,False,0,0,0
2018,401020680,True,True,True,True,False,False,c4:score_regression_between_drives,False,7,0,0
2018,401020681,True,True,True,True,True,True,,False,0,0,0
2018,401020682,True,True,True,True,True,True,,False,0,0,0
2018,401021659,True,False,True,True,True,False,c1:last_drive_end_differs_from_certified_final;c1:cumulative_through_period_4_differs_from_line_scores,False,0,0,0
2018,401021660,True,False,True,True,False,False,c1:cumulative_through_period_3_differs_from_line_scores;c4:score_regression_between_drives,False,0,0,0
2018,401022519,True,True,False,True,True,False,c2:cfbd_drive_missing_from_ledger,False,7,1,0
2018,401022520,True,True,True,True,True,True,,False,0,0,0
2018,401022521,True,False,True,True,False,False,c1:last_drive_end_differs_from_certified_final;c1:cumulative_through_period_4_differs_from_line_scores;c4:score_regression_between_drives,False,-6,0,0
2018,401012284,True,True,True,True,True,True,,False,7,0,0
2018,401012285,True,True,False,True,True,False,c2:cfbd_drive_missing_from_ledger,False,7,1,0
2018,401012286,True,True,True,True,True,True,,False,7,0,0
2018,401012287,True,True,True,True,True,True,,False,7,0,0
2018,401012288,True,True,True,True,True,True,,False,0,0,0
2018,401012289,True,True,True,True,True,True,,False,0,0,0
2018,401012290,True,True,True,True,True,True,,False,0,0,0
2018,401012291,True,True,True,True,True,True,,False,0,0,0
2018,401012748,True,True,True,True,True,True,,False,0,0,0
2018,401012749,True,False,True,False,False,False,c1:last_drive_end_differs_from_certified_final;c3:drive_22_delta_0_1;c4:excess_points_over_certified_final,False,0,0,0
2018,401012750,True,True,True,True,True,True,,False,0,0,0
2018,401012751,True,True,True,True,True,True,,False,0,0,0
2018,401012807,True,True,True,True,True,True,,False,7,0,0
2018,401012823,True,True,True,False,False,False,c3:drive_16_delta_0_1;c4:score_regression_between_drives,False,-1,0,0
2018,401012854,True,True,True,True,True,True,,False,0,0,0
2018,401012865,True,True,False,True,True,False,c2:cfbd_drive_missing_from_ledger,False,0,1,0
2018,401012875,True,True,True,True,True,True,,False,0,0,0
2018,401012891,True,True,False,False,True,False,c2:cfbd_drive_missing_from_ledger;c2:eligible_ledger_possession_missing_from_cfbd;c3:drive_14_delta_2_0,False,7,4,8
2018,401013029,True,True,True,True,True,True,,False,0,0,0
2018,401013040,True,True,True,True,True,True,,False,0,0,0
2018,401013059,True,True,False,True,True,False,c2:cfbd_drive_missing_from_ledger,False,0,1,0
2018,401013066,True,True,True,True,True,True,,False,0,0,0
2018,401013075,True,True,False,True,True,False,c2:cfbd_drive_missing_from_ledger,False,7,1,0
2018,401013119,True,True,False,True,True,False,c2:cfbd_drive_missing_from_ledger,False,6,1,0
2018,401013120,True,True,True,True,True,True,,False,0,0,0
2018,401013121,True,True,True,True,True,True,,False,0,0,0
2018,401013122,True,True,True,True,True,True,,False,0,0,0
2018,401013123,True,True,True,True,True,True,,False,0,0,0
2018,401013124,True,True,True,True,True,True,,False,0,0,0
2018,401013125,True,True,False,False,False,False,c2:cfbd_drive_missing_from_ledger;c3:drive_22_delta_3_3;c4:score_regression_between_drives,False,-6,1,0
2018,401013126,True,True,False,True,False,False,c2:cfbd_drive_missing_from_ledger;c4:score_regression_between_drives,False,7,2,0
2018,401013127,True,True,True,True,True,True,,False,0,0,0
2018,401013128,True,True,True,True,True,True,,False,14,0,0
2018,401013129,True,True,True,True,True,True,,False,0,0,0
2018,401013324,True,True,True,True,True,True,,False,0,0,0
2018,401013346,True,False,False,True,True,False,c1:cumulative_through_period_1_differs_from_line_scores;c2:cfbd_drive_missing_from_ledger;c2:eligible_ledger_possession_missing_from_cfbd,False,0,2,3
2018,401013360,True,False,False,True,True,False,c1:first_drive_not_0_0;c2:cfbd_drive_missing_from_ledger,False,0,1,0
2018,401013440,True,True,True,True,True,True,,False,7,0,0
2018,401013450,True,True,True,True,True,True,,False,0,0,0
2018,401014998,True,True,True,False,False,False,c3:drive_3_delta_1_1;c4:score_regression_between_drives,False,15,0,0
2018,401014999,True,True,True,True,True,True,,False,0,0,0
2018,401015000,True,True,True,True,True,True,,False,0,0,0
2018,401016406,True,True,True,True,True,True,,False,0,0,0
2018,401019489,True,True,True,True,True,True,,False,1,0,0
2018,401019490,True,True,True,True,True,True,,False,0,0,0
2018,401019491,True,True,True,True,True,True,,False,0,0,0
2018,401019492,True,True,True,True,True,True,,False,0,0,0
2018,401019493,True,True,False,True,True,False,c2:cfbd_drive_missing_from_ledger,False,0,1,0
2018,401019494,True,True,True,True,True,True,,False,0,0,0
2018,401019495,True,True,False,True,True,False,c2:cfbd_drive_missing_from_ledger,False,7,1,0
2018,401020683,True,True,True,True,True,True,,False,0,0,0
2018,401020684,True,False,True,True,False,False,c1:last_drive_end_differs_from_certified_final;c1:cumulative_through_period_4_differs_from_line_scores;c4:excess_points_over_certified_final,False,0,0,0
2018,401020685,True,True,False,True,True,False,c2:cfbd_drive_missing_from_ledger,False,7,1,0
2018,401020686,True,True,True,True,True,True,,False,7,0,0
2018,401020811,True,True,True,True,True,True,,False,0,0,0
2018,401021661,True,True,True,True,True,True,,False,7,0,0
2018,401021662,True,True,True,True,True,True,,False,6,0,0
2018,401021663,True,True,False,True,True,False,c2:cfbd_drive_missing_from_ledger,False,0,1,0
2018,401021664,True,True,True,True,True,True,,False,0,0,0
2018,401022522,True,True,False,True,True,False,c2:cfbd_drive_missing_from_ledger,False,14,1,0
2018,401022523,True,True,False,True,False,False,c2:cfbd_drive_missing_from_ledger;c4:score_regression_between_drives;c4:excess_points_over_certified_final,False,5,1,0
2018,401022524,True,True,True,True,True,True,,False,0,0,0
2018,401012292,True,True,True,True,True,True,,False,0,0,0
2018,401012293,True,False,False,True,True,False,c1:first_drive_not_0_0;c2:cfbd_drive_missing_from_ledger,False,0,1,0
2018,401012294,True,True,True,True,True,True,,False,0,0,0
2018,401012295,True,True,True,True,True,True,,False,0,0,0
2018,401012296,True,True,True,True,True,True,,False,0,0,0
2018,401012297,True,True,True,True,True,True,,False,0,0,0
2018,401012298,True,True,True,True,True,True,,False,0,0,0
2018,401012299,True,True,True,True,True,True,,False,0,0,0
2018,401012752,True,True,True,True,True,True,,False,0,0,0
2018,401012753,True,True,True,True,True,True,,False,7,0,0
2018,401012754,True,True,True,True,True,True,,False,0,0,0
2018,401012755,True,True,True,True,True,True,,False,0,0,0
2018,401012756,True,True,True,True,True,True,,False,0,0,0
2018,401012757,True,True,True,True,True,True,,False,1,0,0
2018,401012758,True,True,False,True,True,False,c2:eligible_ledger_possession_missing_from_cfbd,False,7,0,1
2018,401012824,True,True,True,True,True,True,,False,0,0,0
2018,401012881,True,True,True,True,True,True,,False,0,0,0
2018,401012892,True,True,True,True,True,True,,False,0,0,0
2018,401013030,True,True,True,True,True,True,,False,0,0,0
2018,401013041,True,True,True,True,True,True,,False,0,0,0
2018,401013050,True,True,True,True,True,True,,False,0,0,0
2018,401013060,True,True,True,True,True,True,,False,0,0,0
2018,401013130,True,True,False,True,True,False,c2:cfbd_drive_missing_from_ledger,False,8,1,0
2018,401013131,True,True,True,True,True,True,,False,0,0,0
2018,401013132,True,True,True,True,True,True,,False,0,0,0
2018,401013133,True,True,True,True,True,True,,False,7,0,0
2018,401013134,True,True,True,True,True,True,,False,7,0,0
2018,401013135,True,True,True,True,True,True,,False,0,0,0
2018,401013136,True,True,True,True,True,True,,False,0,0,0
2018,401013137,True,True,True,True,True,True,,False,0,0,0
2018,401013325,True,True,True,True,True,True,,False,0,0,0
2018,401013338,True,True,True,True,True,True,,False,0,0,0
2018,401013347,True,True,True,True,True,True,,False,0,0,0
2018,401013361,True,False,True,True,True,False,c1:cumulative_through_period_1_differs_from_line_scores,False,0,0,0
2018,401013369,True,True,True,True,True,True,,False,0,0,0
2018,401013451,True,True,True,True,True,True,,False,7,0,0
2018,401013466,True,True,True,True,True,True,,False,0,0,0
2018,401015001,True,True,True,True,True,True,,False,0,0,0
2018,401015002,True,True,True,True,True,True,,False,14,0,0
2018,401015003,True,True,False,True,True,False,c2:cfbd_drive_missing_from_ledger,False,1,1,0
2018,401015004,True,True,True,True,True,True,,False,7,0,0
2018,401015005,True,True,True,True,True,True,,False,14,0,0
2018,401015006,True,True,True,True,True,True,,False,8,0,0
2018,401015007,True,True,True,True,True,True,,False,7,0,0
2018,401019496,True,True,True,True,True,True,,False,0,0,0
2018,401019497,True,True,True,True,True,True,,False,0,0,0
2018,401019498,True,True,False,True,True,False,c2:cfbd_drive_missing_from_ledger,False,7,1,0
2018,401020687,True,True,True,True,True,True,,False,0,0,0
2018,401020688,True,True,True,True,True,True,,False,0,0,0
2018,401020689,True,True,True,True,True,True,,False,7,0,0
2018,401020750,True,False,False,True,True,False,c1:first_drive_not_0_0;c2:cfbd_drive_missing_from_ledger,False,0,1,0
2018,401021665,True,True,True,True,True,True,,False,0,0,0
2018,401021666,True,True,True,True,True,True,,False,0,0,0
2018,401021667,True,False,False,True,True,False,c1:first_drive_not_0_0;c2:cfbd_drive_missing_from_ledger,False,7,1,0
2018,401021668,True,True,True,True,True,True,,False,7,0,0
2018,401022525,True,True,True,True,True,True,,False,0,0,0
2018,401022526,True,True,True,True,True,True,,False,0,0,0
2018,401022527,True,True,True,True,True,True,,False,7,0,0
2018,401012300,True,True,True,True,True,True,,False,7,0,0
2018,401012301,True,True,True,True,True,True,,False,0,0,0
2018,401012302,True,True,True,True,True,True,,False,0,0,0
2018,401012303,True,True,False,True,True,False,c2:cfbd_drive_missing_from_ledger,False,0,1,0
2018,401012304,True,True,True,True,True,True,,False,0,0,0
2018,401012305,True,True,True,True,True,True,,False,0,0,0
2018,401012306,True,True,True,True,True,True,,False,0,0,0
2018,401012759,True,True,True,True,True,True,,False,8,0,0
2018,401012760,True,True,True,True,True,True,,False,0,0,0
2018,401012761,True,True,True,True,True,True,,False,0,0,0
2018,401012762,True,True,True,True,True,True,,False,7,0,0
2018,401012763,True,True,True,True,True,True,,False,0,0,0
2018,401012808,True,True,True,True,True,True,,False,7,0,0
2018,401012855,True,True,True,True,True,True,,False,0,0,0
2018,401012866,True,True,True,True,True,True,,False,0,0,0
2018,401012876,True,True,False,True,True,False,c2:cfbd_drive_missing_from_ledger,False,7,1,0
2018,401012882,True,True,True,True,True,True,,False,0,0,0
2018,401013031,True,True,False,True,True,False,c2:cfbd_drive_missing_from_ledger,False,0,1,0
2018,401013042,True,True,True,True,True,True,,False,0,0,0
2018,401013051,True,True,True,True,True,True,,False,0,0,0
2018,401013067,True,True,True,True,True,True,,False,7,0,0
2018,401013138,True,True,True,True,True,True,,False,0,0,0
2018,401013139,True,True,True,True,True,True,,False,0,0,0
2018,401013140,True,True,True,True,True,True,,False,21,0,0
2018,401013141,True,True,True,True,True,True,,False,7,0,0
2018,401013142,True,False,False,True,True,False,c1:cumulative_through_period_4_differs_from_line_scores;c2:cfbd_drive_missing_from_ledger;c2:eligible_ledger_possession_missing_from_cfbd,False,0,1,1
2018,401013143,True,True,True,True,True,True,,False,0,0,0
2018,401013339,True,True,True,True,True,True,,False,7,0,0
2018,401013362,True,True,False,True,True,False,c2:cfbd_drive_missing_from_ledger,False,21,2,0
2018,401013441,True,True,True,True,True,True,,False,0,0,0
2018,401015008,True,True,False,True,True,False,c2:cfbd_drive_missing_from_ledger,False,6,2,0
2018,401015009,True,True,True,True,True,True,,False,0,0,0
2018,401015010,True,True,True,True,True,True,,False,0,0,0
2018,401015011,True,True,True,True,True,True,,False,0,0,0
2018,401015012,True,True,True,True,True,True,,False,7,0,0
2018,401016407,True,True,True,True,True,True,,False,0,0,0
2018,401019499,True,True,True,True,True,True,,False,7,0,0
2018,401019500,True,True,False,True,True,False,c2:cfbd_drive_missing_from_ledger,False,0,1,0
2018,401019501,True,True,True,True,True,True,,False,6,0,0
2018,401019502,True,True,True,True,True,True,,False,7,0,0
2018,401019503,True,True,True,True,True,True,,False,0,0,0
2018,401019504,True,True,True,True,True,True,,False,0,0,0
2018,401020751,True,True,True,True,True,True,,False,0,0,0
2018,401020752,True,True,True,True,True,True,,False,7,0,0
2018,401020753,True,True,True,True,True,True,,False,0,0,0
2018,401020754,True,True,True,True,True,True,,False,7,0,0
2018,401020755,True,True,True,True,True,True,,False,0,0,0
2018,401020812,True,True,True,True,True,True,,False,1,0,0
2018,401021669,True,True,False,True,True,False,c2:cfbd_drive_missing_from_ledger,False,2,3,0
2018,401021670,True,True,True,True,True,True,,False,7,0,0
2018,401021671,True,True,True,True,True,True,,False,6,0,0
2018,401022528,True,True,True,True,True,True,,False,0,0,0
2018,401022529,True,True,True,True,True,True,,False,0,0,0
2018,401022530,True,True,True,True,True,True,,False,7,0,0
2018,401022531,True,True,True,True,True,True,,False,0,0,0
2018,401022532,True,True,True,True,True,True,,False,0,0,0
2018,401012307,True,True,True,True,True,True,,False,9,0,0
2018,401012308,True,True,True,True,True,True,,False,0,0,0
2018,401012309,True,True,True,True,True,True,,False,0,0,0
2018,401012310,True,True,True,True,True,True,,False,0,0,0
2018,401012311,True,True,True,True,True,True,,False,0,0,0
2018,401012312,True,True,True,True,True,True,,False,0,0,0
2018,401012764,True,True,True,True,True,True,,False,0,0,0
2018,401012765,True,True,True,True,True,True,,False,0,0,0
2018,401012766,True,False,True,True,True,False,c1:last_drive_end_differs_from_certified_final,False,0,0,0
2018,401012767,True,False,True,True,True,False,c1:last_drive_end_differs_from_certified_final,False,0,0,0
2018,401012809,True,True,True,True,True,True,,False,0,0,0
2018,401012825,True,True,True,True,True,True,,False,0,0,0
2018,401012856,True,True,False,True,True,False,c2:cfbd_drive_missing_from_ledger;c2:eligible_ledger_possession_missing_from_cfbd,False,0,4,5
2018,401012883,True,True,True,True,True,True,,False,0,0,0
2018,401012893,True,True,True,True,True,True,,False,0,0,0
2018,401013032,True,True,True,True,True,True,,False,0,0,0
2018,401013043,True,True,True,True,True,True,,False,0,0,0
2018,401013061,True,True,True,True,True,True,,False,0,0,0
2018,401013076,True,True,True,True,True,True,,False,7,0,0
2018,401013144,True,True,False,True,True,False,c2:cfbd_drive_missing_from_ledger,False,0,2,0
2018,401013145,True,True,False,True,True,False,c2:cfbd_drive_missing_from_ledger,False,7,1,0
2018,401013146,True,True,True,True,True,True,,False,0,0,0
2018,401013147,True,True,True,True,True,True,,False,0,0,0
2018,401013148,True,True,False,True,True,False,c2:cfbd_drive_missing_from_ledger,False,7,2,0
2018,401013331,True,True,True,True,True,True,,False,0,0,0
2018,401013340,True,True,True,True,True,True,,False,0,0,0
2018,401013370,True,True,True,True,True,True,,False,0,0,0
2018,401013442,True,True,False,True,True,False,c2:cfbd_drive_missing_from_ledger,False,7,1,0
2018,401013452,True,True,True,True,True,True,,False,0,0,0
2018,401015013,True,True,True,True,True,True,,False,6,0,0
2018,401015014,True,True,True,True,True,True,,False,0,0,0
2018,401015015,True,True,True,True,True,True,,False,0,0,0
2018,401015016,True,True,True,True,True,True,,False,0,0,0
2018,401015017,True,True,True,True,True,True,,False,0,0,0
2018,401015018,True,True,True,True,True,True,,False,0,0,0
2018,401016408,True,True,True,True,True,True,,False,7,0,0
2018,401019505,True,True,True,True,True,True,,False,0,0,0
2018,401019506,True,True,True,True,True,True,,False,0,0,0
2018,401019507,True,True,True,True,True,True,,False,0,0,0
2018,401019508,True,True,True,True,True,True,,False,7,0,0
2018,401020756,True,True,True,True,True,True,,False,0,0,0
2018,401020757,True,True,True,True,True,True,,False,0,0,0
2018,401020758,True,True,True,True,True,True,,False,0,0,0
2018,401020759,True,True,False,True,True,False,c2:cfbd_drive_missing_from_ledger;c2:eligible_ledger_possession_missing_from_cfbd,False,7,1,1
2018,401020760,True,True,True,True,False,False,c4:score_regression_between_drives,False,-6,0,0
2018,401020810,True,True,True,True,True,True,,False,0,0,0
2018,401021672,True,True,True,True,True,True,,False,0,0,0
2018,401021673,True,True,False,True,True,False,c2:cfbd_drive_missing_from_ledger,False,2,1,0
2018,401021674,True,True,True,True,True,True,,False,0,0,0
2018,401021675,False,False,False,False,False,False,no_drives,False,0,0,0
2018,401022533,True,True,True,True,True,True,,False,0,0,0
2018,401022534,True,True,True,True,True,True,,False,7,0,0
2018,401022535,True,True,True,True,True,True,,False,12,0,0
2018,401022536,True,True,True,True,True,True,,False,0,0,0
2018,401022537,True,True,True,True,True,True,,False,0,0,0
2018,401012313,True,True,True,True,True,True,,False,0,0,0
2018,401012314,True,True,True,True,True,True,,False,0,0,0
2018,401012315,True,True,True,True,True,True,,False,0,0,0
2018,401012316,True,True,True,True,True,True,,False,0,0,0
2018,401012317,True,True,True,True,True,True,,False,14,0,0
2018,401012318,True,True,True,True,True,True,,False,7,0,0
2018,401012768,True,True,True,True,True,True,,False,0,0,0
2018,401012769,True,True,True,True,True,True,,False,0,0,0
2018,401012770,True,True,True,True,True,True,,False,0,0,0
2018,401012771,True,True,True,True,True,True,,False,0,0,0
2018,401012772,True,True,True,True,True,True,,False,0,0,0
2018,401012773,True,True,True,True,True,True,,False,0,0,0
2018,401012810,True,True,True,True,True,True,,False,14,0,0
2018,401012846,True,True,True,True,True,True,,False,0,0,0
2018,401012857,True,True,True,True,True,True,,False,0,0,0
2018,401012867,True,True,True,True,True,True,,False,0,0,0
2018,401012884,True,True,True,True,True,True,,False,7,0,0
2018,401013052,True,True,True,True,True,True,,False,0,0,0
2018,401013068,True,True,False,True,True,False,c2:cfbd_drive_missing_from_ledger,False,14,1,0
2018,401013149,True,True,True,True,True,True,,False,0,0,0
2018,401013150,True,True,True,True,True,True,,False,0,0,0
2018,401013151,True,True,True,True,True,True,,False,0,0,0
2018,401013152,True,True,True,True,True,True,,False,0,0,0
2018,401013332,True,True,True,True,True,True,,False,2,0,0
2018,401013348,True,True,True,True,True,True,,False,0,0,0
2018,401013363,True,True,False,True,True,False,c2:cfbd_drive_missing_from_ledger,False,0,1,0
2018,401013371,True,True,True,True,True,True,,False,0,0,0
2018,401013443,True,True,False,True,True,False,c2:cfbd_drive_missing_from_ledger,False,0,1,0
2018,401013453,True,True,True,True,True,True,,False,0,0,0
2018,401015019,True,True,True,True,True,True,,False,0,0,0
2018,401015020,True,True,True,True,False,False,c4:score_regression_between_drives,False,-1,0,0
2018,401015021,True,True,True,True,True,True,,False,7,0,0
2018,401015022,True,True,True,True,True,True,,False,0,0,0
2018,401015023,True,True,True,True,True,True,,False,2,0,0
2018,401015024,True,True,True,True,True,True,,False,3,0,0
2018,401015025,True,True,True,True,True,True,,False,7,0,0
2018,401019509,True,True,False,True,True,False,c2:eligible_ledger_possession_missing_from_cfbd,False,0,0,1
2018,401019510,True,True,False,True,True,False,c2:cfbd_drive_missing_from_ledger,False,0,1,0
2018,401019511,True,False,True,False,False,False,c1:cumulative_through_period_2_differs_from_line_scores;c3:drive_12_delta_14_0;c4:score_regression_between_drives;c4:excess_points_over_certified_final,False,-33,0,0
2018,401019512,True,True,True,True,True,True,,False,0,0,0
2018,401019513,True,True,True,True,True,True,,False,2,0,0
2018,401020761,True,False,True,True,True,False,c1:last_drive_end_differs_from_certified_final,False,7,0,0
2018,401020762,True,True,True,True,True,True,,False,0,0,0
2018,401020763,True,True,True,True,True,True,,False,14,0,0
2018,401020764,True,True,True,True,True,True,,False,0,0,0
2018,401020765,True,True,True,True,True,True,,False,7,0,0
2018,401021676,True,True,True,True,True,True,,False,0,0,0
2018,401021677,True,True,True,True,True,True,,False,0,0,0
2018,401021678,True,True,True,True,True,True,,False,0,0,0
2018,401022538,True,True,False,True,True,False,c2:cfbd_drive_missing_from_ledger,False,7,1,0
2018,401022539,True,True,True,True,True,True,,False,0,0,0
2018,401022540,True,True,False,True,True,False,c2:cfbd_drive_missing_from_ledger,False,14,1,0
2018,401022541,True,True,True,True,True,True,,False,0,0,0
2018,401022542,True,True,True,True,True,True,,False,0,0,0
2018,401022543,True,True,True,True,True,True,,False,0,0,0
2018,401012319,True,True,True,True,True,True,,False,0,0,0
2018,401012320,True,True,False,True,True,False,c2:cfbd_drive_missing_from_ledger,False,0,1,0
2018,401012321,True,True,True,True,True,True,,False,0,0,0
2018,401012322,True,False,True,True,True,False,c1:last_drive_end_differs_from_certified_final;c1:cumulative_through_period_4_differs_from_line_scores,False,0,0,0
2018,401012323,True,True,True,True,True,True,,False,0,0,0
2018,401012774,True,True,True,True,True,True,,False,0,0,0
2018,401012775,True,True,True,True,True,True,,False,0,0,0
2018,401012776,True,True,True,True,True,True,,False,7,0,0
2018,401012777,True,False,False,True,True,False,c1:last_drive_end_differs_from_certified_final;c2:cfbd_drive_missing_from_ledger,False,0,1,0
2018,401012778,True,True,True,True,True,True,,False,0,0,0
2018,401012779,True,True,True,True,True,True,,False,0,0,0
2018,401012811,True,True,False,True,True,False,c2:cfbd_drive_missing_from_ledger,False,7,1,0
2018,401012858,True,True,True,True,True,True,,False,7,0,0
2018,401012868,True,True,True,True,True,True,,False,7,0,0
2018,401012885,True,True,True,True,True,True,,False,0,0,0
2018,401013033,True,True,True,True,True,True,,False,0,0,0
2018,401013044,True,True,True,True,True,True,,False,2,0,0
2018,401013053,True,False,False,True,True,False,c1:cumulative_through_period_3_differs_from_line_scores;c2:cfbd_drive_missing_from_ledger,False,0,1,0
2018,401013062,True,True,True,True,True,True,,False,0,0,0
2018,401013153,True,True,True,True,True,True,,False,0,0,0
2018,401013154,True,True,True,True,True,True,,False,7,0,0
2018,401013155,True,True,True,True,True,True,,False,7,0,0
2018,401013156,True,True,False,False,True,False,c2:cfbd_drive_missing_from_ledger;c3:drive_23_delta_9_0,False,0,1,0
2018,401013157,True,True,True,True,True,True,,False,0,0,0
2018,401013158,True,True,True,True,True,True,,False,0,0,0
2018,401013159,True,True,False,True,True,False,c2:cfbd_drive_missing_from_ledger;c2:eligible_ledger_possession_missing_from_cfbd,False,0,1,1
2018,401013189,True,True,True,True,True,True,,False,0,0,0
2018,401013320,True,True,False,True,True,False,c2:cfbd_drive_missing_from_ledger,False,0,2,0
2018,401013344,True,True,True,True,True,True,,False,0,0,0
2018,401013364,True,True,True,True,True,True,,False,0,0,0
2018,401013372,True,True,True,True,True,True,,False,0,0,0
2018,401013444,True,True,True,True,True,True,,False,0,0,0
2018,401015026,True,True,False,True,True,False,c2:cfbd_drive_missing_from_ledger,False,0,1,0
2018,401015027,True,True,True,True,True,True,,False,0,0,0
2018,401015028,True,True,True,True,True,True,,False,0,0,0
2018,401015029,True,True,True,True,True,True,,False,7,0,0
2018,401015030,True,True,False,True,True,False,c2:cfbd_drive_missing_from_ledger,False,7,1,0
2018,401015031,True,True,True,True,True,True,,False,2,0,0
2018,401016409,True,True,True,True,True,True,,False,0,0,0
2018,401019514,True,False,False,False,True,False,c1:cumulative_through_period_4_differs_from_line_scores;c2:cfbd_drive_missing_from_ledger;c3:drive_29_delta_9_0,False,7,1,0
2018,401019515,True,True,True,True,True,True,,False,7,0,0
2018,401019516,True,True,True,True,True,True,,False,0,0,0
2018,401020766,True,True,False,True,True,False,c2:cfbd_drive_missing_from_ledger,False,0,1,0
2018,401020767,True,True,True,True,True,True,,False,0,0,0
2018,401020768,True,True,True,True,True,True,,False,0,0,0
2018,401021679,True,True,True,True,True,True,,False,0,0,0
2018,401021680,True,True,True,True,True,True,,False,14,0,0
2018,401021681,True,True,False,True,True,False,c2:cfbd_drive_missing_from_ledger,False,7,1,0
2018,401021682,True,True,True,True,True,True,,False,0,0,0
2018,401022544,True,True,True,True,True,True,,False,0,0,0
2018,401022545,True,True,False,True,False,False,c2:cfbd_drive_missing_from_ledger;c4:score_regression_between_drives,False,8,2,0
2018,401022546,True,True,True,True,True,True,,False,7,0,0
2018,401022547,True,True,True,True,True,True,,False,0,0,0
2018,401022548,True,True,True,True,True,True,,False,0,0,0
2018,401022549,True,True,True,True,True,True,,False,0,0,0
2018,401085385,True,True,True,True,True,True,,False,0,0,0
2018,401012324,True,True,True,True,True,True,,False,0,0,0
2018,401012325,True,True,True,True,True,True,,False,0,0,0
2018,401012326,True,True,True,True,True,True,,False,0,0,0
2018,401012327,True,True,True,True,True,True,,False,0,0,0
2018,401012328,True,False,False,True,True,False,c1:first_drive_not_0_0;c2:cfbd_drive_missing_from_ledger,False,0,1,0
2018,401012329,True,True,True,True,True,True,,False,0,0,0
2018,401012330,True,True,True,True,True,True,,False,0,0,0
2018,401012780,True,True,True,True,True,True,,False,0,0,0
2018,401012781,True,True,True,True,True,True,,False,0,0,0
2018,401012782,True,True,True,True,True,True,,False,0,0,0
2018,401012783,True,True,True,True,True,True,,False,7,0,0
2018,401012784,True,True,False,True,True,False,c2:cfbd_drive_missing_from_ledger,False,0,1,0
2018,401012785,True,True,False,True,True,False,c2:cfbd_drive_missing_from_ledger,False,0,1,0
2018,401012812,True,True,False,True,True,False,c2:cfbd_drive_missing_from_ledger,False,7,1,0
2018,401012847,True,True,True,True,True,True,,False,0,0,0
2018,401012869,True,True,True,True,True,True,,False,7,0,0
2018,401012877,True,True,True,True,True,True,,False,7,0,0
2018,401012894,True,True,False,True,True,False,c2:eligible_ledger_possession_missing_from_cfbd,False,0,0,1
2018,401013034,True,True,False,False,False,False,c2:cfbd_drive_missing_from_ledger;c3:drive_11_delta_0_1;c4:score_regression_between_drives,False,-1,1,0
2018,401013045,True,True,True,True,True,True,,False,0,0,0
2018,401013063,True,True,True,True,True,True,,False,0,0,0
2018,401013069,True,True,False,True,True,False,c2:cfbd_drive_missing_from_ledger,False,0,1,0
2018,401013160,True,True,False,True,True,False,c2:cfbd_drive_missing_from_ledger,False,0,1,0
2018,401013161,True,True,True,True,True,True,,False,0,0,0
2018,401013162,True,True,True,True,True,True,,False,20,0,0
2018,401013163,True,True,True,True,True,True,,False,6,0,0
2018,401013164,True,True,False,True,True,False,c2:cfbd_drive_missing_from_ledger,False,0,1,0
2018,401013165,True,True,True,True,True,True,,False,7,0,0
2018,401013166,True,True,True,True,True,True,,False,0,0,0
2018,401013188,True,True,True,True,True,True,,False,0,0,0
2018,401013341,True,True,True,True,True,True,,False,0,0,0
2018,401013345,True,True,True,True,True,True,,False,0,0,0
2018,401013365,True,True,True,False,False,False,c3:drive_11_delta_18_22;c4:score_regression_between_drives,False,2,0,0
2018,401013373,True,True,True,True,True,True,,False,0,0,0
2018,401013445,True,False,False,True,True,False,c1:first_drive_not_0_0;c2:cfbd_drive_missing_from_ledger,False,0,1,0
2018,401015032,True,True,True,True,True,True,,False,0,0,0
2018,401015033,True,True,True,True,True,True,,False,0,0,0
2018,401015034,True,True,False,True,True,False,c2:cfbd_drive_missing_from_ledger,False,0,1,0
2018,401015035,True,True,True,True,True,True,,False,0,0,0
2018,401015036,True,True,True,True,True,True,,False,7,0,0
2018,401016410,True,True,False,True,True,False,c2:cfbd_drive_missing_from_ledger,False,0,1,0
2018,401019517,True,True,True,True,True,True,,False,0,0,0
2018,401019518,True,True,True,True,True,True,,False,7,0,0
2018,401019519,True,True,True,True,True,True,,False,7,0,0
2018,401019520,True,True,True,True,True,True,,False,0,0,0
2018,401019521,False,False,False,False,False,False,no_drives,False,0,0,0
2018,401019522,True,True,False,True,True,False,c2:cfbd_drive_missing_from_ledger,False,0,1,0
2018,401020769,True,True,True,True,True,True,,False,0,0,0
2018,401020770,True,True,True,True,True,True,,False,0,0,0
2018,401020771,True,True,True,True,True,True,,False,0,0,0
2018,401020772,True,True,True,True,True,True,,False,7,0,0
2018,401020773,True,True,False,True,True,False,c2:cfbd_drive_missing_from_ledger,False,0,2,0
2018,401020774,True,True,True,True,True,True,,False,0,0,0
2018,401021683,True,True,True,True,False,False,c4:score_regression_between_drives,False,-12,0,0
2018,401021684,True,True,True,True,True,True,,False,0,0,0
2018,401021685,True,True,False,True,False,False,c2:cfbd_drive_missing_from_ledger;c4:score_regression_between_drives,False,14,1,0
2018,401021686,True,False,True,True,True,False,c1:last_drive_end_differs_from_certified_final;c1:cumulative_through_period_4_differs_from_line_scores,False,0,0,0
2018,401021687,True,True,True,True,True,True,,False,0,0,0
2018,401022550,True,True,True,True,True,True,,False,0,0,0
2018,401022551,True,True,True,True,True,True,,False,0,0,0
2018,401022552,True,True,True,True,True,True,,False,0,0,0
2018,401022553,True,True,True,True,True,True,,False,7,0,0
2018,401012331,True,True,True,True,True,True,,False,0,0,0
2018,401012332,True,True,True,True,True,True,,False,7,0,0
2018,401012333,True,True,True,True,True,True,,False,0,0,0
2018,401012334,True,True,True,True,True,True,,False,0,0,0
2018,401012335,True,True,True,True,True,True,,False,0,0,0
2018,401012336,True,True,True,True,True,True,,False,0,0,0
2018,401012337,True,True,True,True,True,True,,False,0,0,0
2018,401012786,True,True,True,True,True,True,,False,0,0,0
2018,401012787,True,True,True,True,True,True,,False,2,0,0
2018,401012788,True,True,True,True,True,True,,False,0,0,0
2018,401012789,True,True,True,True,True,True,,False,8,0,0
2018,401012790,True,True,True,True,True,True,,False,14,0,0
2018,401012813,True,True,True,True,True,True,,False,0,0,0
2018,401012848,True,True,True,True,True,True,,False,7,0,0
2018,401012859,True,True,False,True,True,False,c2:cfbd_drive_missing_from_ledger,False,0,1,0
2018,401012870,True,True,True,True,True,True,,False,0,0,0
2018,401012886,True,True,True,True,True,True,,False,7,0,0
2018,401013035,True,True,True,True,True,True,,False,0,0,0
2018,401013054,True,True,False,True,True,False,c2:cfbd_drive_missing_from_ledger,False,0,1,0
2018,401013070,True,True,True,True,True,True,,False,0,0,0
2018,401013077,True,True,True,True,True,True,,False,0,0,0
2018,401013167,True,True,True,True,True,True,,False,0,0,0
2018,401013168,True,True,False,True,True,False,c2:cfbd_drive_missing_from_ledger,False,0,1,0
2018,401013169,True,True,True,True,True,True,,False,0,0,0
2018,401013170,True,True,True,True,True,True,,False,0,0,0
2018,401013171,True,True,True,True,True,True,,False,0,0,0
2018,401013172,True,True,False,True,True,False,c2:cfbd_drive_missing_from_ledger,False,0,1,0
2018,401013173,True,True,True,True,True,True,,False,14,0,0
2018,401013174,True,True,False,True,True,False,c2:cfbd_drive_missing_from_ledger,False,14,2,0
2018,401013321,True,False,True,True,True,False,c1:cumulative_through_period_1_differs_from_line_scores,False,0,0,0
2018,401013333,True,True,True,True,True,True,,False,0,0,0
2018,401013351,True,True,True,True,True,True,,False,0,0,0
2018,401013366,True,True,True,True,True,True,,False,0,0,0
2018,401013374,True,True,True,True,True,True,,False,7,0,0
2018,401015037,True,True,True,True,True,True,,False,7,0,0
2018,401015038,True,True,True,True,False,False,c4:score_regression_between_drives,False,7,0,0
2018,401015039,True,True,True,True,True,True,,False,0,0,0
2018,401015040,True,True,True,True,True,True,,False,0,0,0
2018,401015041,True,True,False,True,True,False,c2:cfbd_drive_missing_from_ledger,False,7,1,0
2018,401015042,True,True,True,True,True,True,,False,0,0,0
2018,401015043,True,False,True,True,True,False,c1:last_drive_end_differs_from_certified_final,False,0,0,0
2018,401019523,True,True,True,True,True,True,,False,0,0,0
2018,401019524,True,True,True,True,True,True,,False,0,0,0
2018,401019525,True,True,True,True,True,True,,False,0,0,0
2018,401019526,True,True,True,True,True,True,,False,7,0,0
2018,401019527,True,True,False,True,True,False,c2:cfbd_drive_missing_from_ledger,False,0,2,0
2018,401019528,True,True,True,True,True,True,,False,0,0,0
2018,401020775,True,True,True,True,True,True,,False,0,0,0
2018,401020776,True,True,True,True,True,True,,False,0,0,0
2018,401020777,True,True,True,True,True,True,,False,0,0,0
2018,401020778,True,True,False,True,True,False,c2:cfbd_drive_missing_from_ledger,False,7,1,0
2018,401020779,True,True,False,True,True,False,c2:cfbd_drive_missing_from_ledger,False,0,1,0
2018,401021688,True,True,True,True,True,True,,False,0,0,0
2018,401021689,True,True,True,True,True,True,,False,0,0,0
2018,401021690,True,True,True,True,True,True,,False,7,0,0
2018,401021691,True,True,True,True,True,True,,False,7,0,0
2018,401021702,True,True,True,True,True,True,,False,0,0,0
2018,401022554,True,True,True,True,True,True,,False,7,0,0
2018,401022555,True,True,True,True,True,True,,False,0,0,0
2018,401022556,True,True,True,True,True,True,,False,0,0,0
2018,401022557,True,True,True,True,True,True,,False,14,0,0
2018,401022558,True,True,True,True,True,True,,False,0,0,0
2018,401012338,True,True,True,True,True,True,,False,7,0,0
2018,401012339,True,True,True,True,True,True,,False,0,0,0
2018,401012340,True,True,True,True,True,True,,False,7,0,0
2018,401012341,True,True,True,True,True,True,,False,7,0,0
2018,401012342,True,True,True,True,True,True,,False,0,0,0
2018,401012343,True,True,True,True,True,True,,False,0,0,0
2018,401012344,True,True,True,True,True,True,,False,7,0,0
2018,401012345,True,True,True,True,True,True,,False,0,0,0
2018,401012346,True,True,True,True,True,True,,False,0,0,0
2018,401012347,True,False,True,True,True,False,c1:first_drive_not_0_0,False,0,0,0
2018,401012348,True,False,False,True,True,False,c1:cumulative_through_period_4_differs_from_line_scores;c2:cfbd_drive_missing_from_ledger,False,7,1,0
2018,401012791,True,True,False,True,True,False,c2:cfbd_drive_missing_from_ledger;c2:eligible_ledger_possession_missing_from_cfbd,False,7,1,1
2018,401012792,True,True,True,True,True,True,,False,0,0,0
2018,401012793,True,True,True,True,True,True,,False,7,0,0
2018,401012794,True,True,False,True,True,False,c2:cfbd_drive_missing_from_ledger,False,7,1,0
2018,401012795,True,True,True,True,True,True,,False,49,0,0
2018,401012814,True,True,True,True,True,True,,False,7,0,0
2018,401012849,True,True,True,True,True,True,,False,0,0,0
2018,401012860,True,True,True,True,True,True,,False,0,0,0
2018,401012878,True,True,True,True,True,True,,False,7,0,0
2018,401012887,True,True,True,True,True,True,,False,0,0,0
2018,401013036,True,True,True,True,True,True,,False,0,0,0
2018,401013046,True,True,False,True,True,False,c2:cfbd_drive_missing_from_ledger;c2:eligible_ledger_possession_missing_from_cfbd,False,3,1,1
2018,401013055,True,True,False,True,True,False,c2:cfbd_drive_missing_from_ledger,False,0,1,0
2018,401013064,True,True,True,True,True,True,,False,0,0,0
2018,401013175,True,True,True,True,True,True,,False,0,0,0
2018,401013176,True,True,True,True,True,True,,False,0,0,0
2018,401013177,True,True,False,False,True,False,c2:cfbd_drive_missing_from_ledger;c3:drive_19_delta_0_3,False,8,2,0
2018,401013178,True,True,True,True,True,True,,False,0,0,0
2018,401013179,True,True,True,True,True,True,,False,7,0,0
2018,401013180,True,True,True,True,True,True,,False,0,0,0
2018,401013181,True,True,True,True,True,True,,False,0,0,0
2018,401013182,True,True,True,True,True,True,,False,7,0,0
2018,401013327,True,True,True,True,True,True,,False,0,0,0
2018,401013334,True,True,True,True,True,True,,False,0,0,0
2018,401013353,True,True,True,True,True,True,,False,17,0,0
2018,401013375,True,True,True,True,True,True,,False,1,0,0
2018,401013446,True,True,True,True,True,True,,False,0,0,0
2018,401015044,True,True,True,True,True,True,,False,0,0,0
2018,401015045,True,True,True,True,True,True,,False,14,0,0
2018,401015046,True,True,True,True,True,True,,False,0,0,0
2018,401015047,True,True,False,True,True,False,c2:cfbd_drive_missing_from_ledger,False,7,1,0
2018,401015048,True,True,True,True,True,True,,False,0,0,0
2018,401015049,True,True,True,True,True,True,,False,0,0,0
2018,401019529,True,True,True,True,True,True,,False,0,0,0
2018,401019530,True,True,True,True,True,True,,False,0,0,0
2018,401019531,True,True,True,True,True,True,,False,6,0,0
2018,401019532,True,True,True,True,True,True,,False,0,0,0
2018,401019533,True,True,False,True,True,False,c2:cfbd_drive_missing_from_ledger,False,7,1,0
2018,401019534,True,True,True,True,True,True,,False,0,0,0
2018,401020780,True,True,True,True,True,True,,False,0,0,0
2018,401020781,True,True,True,True,True,True,,False,0,0,0
2018,401020782,True,True,True,True,True,True,,False,0,0,0
2018,401020783,True,True,True,True,True,True,,False,7,0,0
2018,401020784,True,True,True,True,True,True,,False,0,0,0
2018,401021692,True,True,True,True,True,True,,False,0,0,0
2018,401021693,True,True,True,True,True,True,,False,0,0,0
2018,401021694,True,True,True,True,True,True,,False,0,0,0
2018,401021695,True,True,True,True,True,True,,False,0,0,0
2018,401021696,True,True,True,True,True,True,,False,0,0,0
2018,401022559,True,True,True,True,True,True,,False,0,0,0
2018,401022560,True,True,True,True,True,True,,False,7,0,0
2018,401022561,True,False,True,True,False,False,c1:last_drive_end_differs_from_certified_final;c1:cumulative_through_period_4_differs_from_line_scores;c4:score_regression_between_drives;c4:excess_points_over_certified_final,False,-2,0,0
2018,401022562,True,True,True,True,True,True,,False,6,0,0
2018,401022563,True,True,True,True,True,True,,False,7,0,0
2018,401022564,True,True,True,True,True,True,,False,0,0,0
2018,401012349,True,True,True,True,True,True,,False,0,0,0
2018,401012350,True,True,True,True,True,True,,False,7,0,0
2018,401012351,True,True,True,True,True,True,,False,14,0,0
2018,401012352,True,True,False,True,True,False,c2:cfbd_drive_missing_from_ledger,False,14,1,0
2018,401012353,True,True,True,True,True,True,,False,0,0,0
2018,401012354,True,True,True,True,True,True,,False,0,0,0
2018,401012355,True,True,True,True,True,True,,False,0,0,0
2018,401012356,True,True,True,True,True,True,,False,16,0,0
2018,401012357,True,True,True,True,True,True,,False,0,0,0
2018,401012797,True,True,True,False,False,False,c3:drive_8_delta_15_1;c4:score_regression_between_drives,False,-9,0,0
2018,401012798,True,True,True,True,True,True,,False,0,0,0
2018,401012799,True,True,True,True,True,True,,False,6,0,0
2018,401012800,True,True,True,True,True,True,,False,0,0,0
2018,401012801,True,True,False,True,True,False,c2:cfbd_drive_missing_from_ledger,False,9,1,0
2018,401012802,True,True,True,True,True,True,,False,7,0,0
2018,401012803,True,True,True,True,True,True,,False,0,0,0
2018,401012815,True,True,True,True,True,True,,False,0,0,0
2018,401012850,True,True,True,True,True,True,,False,0,0,0
2018,401012861,True,True,True,True,True,True,,False,7,0,0
2018,401012871,True,True,True,True,True,True,,False,0,0,0
2018,401012879,True,True,True,True,True,True,,False,0,0,0
2018,401012895,True,True,True,True,True,True,,False,0,0,0
2018,401013037,True,True,True,True,True,True,,False,0,0,0
2018,401013047,True,True,True,True,True,True,,False,0,0,0
2018,401013056,True,True,True,True,True,True,,False,0,0,0
2018,401013071,True,True,True,True,True,True,,False,0,0,0
2018,401013078,True,True,True,True,False,False,c4:score_regression_between_drives,False,7,0,0
2018,401013183,True,True,True,True,True,True,,False,0,0,0
2018,401013184,True,True,True,True,True,True,,False,0,0,0
2018,401013185,True,True,True,True,False,False,c4:score_regression_between_drives,False,7,0,0
2018,401013186,True,True,True,True,True,True,,False,0,0,0
2018,401013187,True,True,False,True,True,False,c2:cfbd_drive_missing_from_ledger,False,0,1,0
2018,401013335,True,True,False,True,True,False,c2:cfbd_drive_missing_from_ledger,False,7,1,0
2018,401013447,True,True,False,True,True,False,c2:cfbd_drive_missing_from_ledger,False,7,1,0
2018,401015050,False,False,False,False,False,False,no_drives,False,0,0,0
2018,401015051,True,True,True,True,True,True,,False,0,0,0
2018,401015052,True,True,True,True,True,True,,False,9,0,0
2018,401015053,True,True,True,True,True,True,,False,0,0,0
2018,401015054,True,True,True,True,True,True,,False,0,0,0
2018,401015055,True,True,True,True,True,True,,False,7,0,0
2018,401015056,True,True,True,True,False,False,c4:score_regression_between_drives,False,7,0,0
2018,401019535,True,True,True,True,True,True,,False,0,0,0
2018,401019536,True,True,True,True,True,True,,False,7,0,0
2018,401019537,True,True,True,True,True,True,,False,0,0,0
2018,401019538,True,True,False,True,True,False,c2:cfbd_drive_missing_from_ledger,False,6,1,0
2018,401019539,True,True,True,True,True,True,,False,8,0,0
2018,401019540,True,True,True,True,True,True,,False,0,0,0
2018,401020785,True,True,True,True,True,True,,False,0,0,0
2018,401020786,True,True,True,True,True,True,,False,0,0,0
2018,401020787,True,True,False,True,True,False,c2:cfbd_drive_missing_from_ledger,False,0,1,0
2018,401020788,True,True,True,True,True,True,,False,0,0,0
2018,401020789,True,True,True,True,True,True,,False,0,0,0
2018,401020790,True,True,True,True,True,True,,False,0,0,0
2018,401021697,True,True,True,True,True,True,,False,0,0,0
2018,401021698,True,True,True,True,True,True,,False,9,0,0
2018,401021699,True,True,True,True,True,True,,False,14,0,0
2018,401021700,True,True,True,True,True,True,,False,7,0,0
2018,401021701,True,True,True,True,True,True,,False,0,0,0
2018,401022565,True,True,True,True,True,True,,False,0,0,0
2018,401022566,True,True,False,True,True,False,c2:cfbd_drive_missing_from_ledger,False,0,1,0
2018,401022567,True,True,True,True,True,True,,False,0,0,0
2018,401022568,True,True,True,True,True,True,,False,13,0,0
2018,401022569,True,True,True,True,True,True,,False,0,0,0
2018,401022570,True,True,False,True,True,False,c2:cfbd_drive_missing_from_ledger,False,0,1,0
2018,401056696,True,True,False,True,True,False,c2:cfbd_drive_missing_from_ledger,False,0,1,0
2018,401056697,True,True,True,True,True,True,,False,14,0,0
2018,401056698,True,True,True,True,True,True,,False,0,0,0
2018,401056699,True,True,True,True,True,True,,False,0,0,0
2018,401056700,True,True,True,True,True,True,,False,0,0,0
2018,401056701,True,True,True,True,True,True,,False,0,0,0
2018,401056702,True,True,True,True,True,True,,False,0,0,0
2018,401056703,True,True,True,True,True,True,,False,0,0,0
2018,401056704,True,True,True,True,True,True,,False,0,0,0
2018,401056705,True,True,True,True,True,True,,False,0,0,0
2018,401081953,True,True,False,True,True,False,c2:cfbd_drive_missing_from_ledger,False,0,1,0
2018,401082044,True,True,True,True,True,True,,False,0,0,0
2018,401088766,True,True,False,True,True,False,c2:cfbd_drive_missing_from_ledger,False,7,1,0
2018,401098253,True,True,True,True,True,True,,False,0,0,0
2018,401099853,True,True,True,True,True,True,,False,7,0,0
2018,401100159,True,True,True,True,True,True,,False,0,0,0
2018,401013376,True,True,True,True,True,True,,False,0,0,0
2019,401110720,True,True,True,True,True,True,,False,0,0,0
2019,401110721,True,True,True,True,True,True,,False,0,0,0
2019,401110722,True,True,True,True,True,True,,False,0,0,0
2019,401110723,True,True,True,True,True,True,,False,0,0,0
2019,401110724,True,True,True,True,True,True,,False,0,0,0
2019,401110725,True,True,True,True,True,True,,False,0,0,0
2019,401110726,True,True,True,True,True,True,,False,2,0,0
2019,401110727,True,True,False,True,True,False,c2:eligible_ledger_possession_missing_from_cfbd,False,14,0,2
2019,401110728,True,False,True,True,True,False,c1:cumulative_through_period_2_differs_from_line_scores,False,3,0,0
2019,401110729,True,True,True,True,True,True,,False,0,0,0
2019,401110730,True,True,True,True,True,True,,False,0,0,0
2019,401110731,True,True,True,True,True,True,,False,0,0,0
2019,401110732,True,True,False,True,True,False,c2:cfbd_drive_missing_from_ledger,False,0,1,0
2019,401111653,True,True,True,True,True,True,,False,14,0,0
2019,401112073,True,True,True,True,True,True,,False,0,0,0
2019,401112085,True,True,True,True,True,True,,False,0,0,0
2019,401112096,True,True,False,True,True,False,c2:cfbd_drive_missing_from_ledger,False,0,1,0
2019,401112106,True,True,True,True,True,True,,False,0,0,0
2019,401112114,True,True,True,True,True,True,,False,0,0,0
2019,401112122,True,True,True,True,True,True,,False,0,0,0
2019,401112129,True,True,True,True,True,True,,False,0,0,0
2019,401112135,True,True,True,True,True,True,,False,0,0,0
2019,401112139,True,True,True,True,True,True,,False,0,0,0
2019,401112143,True,True,True,True,True,True,,False,0,0,0
2019,401112145,True,True,True,True,True,True,,False,0,0,0
2019,401112157,True,True,True,True,True,True,,False,0,0,0
2019,401112191,True,True,True,True,True,True,,False,0,0,0
2019,401112201,True,True,True,True,False,False,c4:score_regression_between_drives,False,3,0,0
2019,401112212,True,True,True,True,True,True,,False,0,0,0
2019,401112222,True,True,True,True,True,True,,False,0,0,0
2019,401112229,True,True,True,True,True,True,,False,0,0,0
2019,401112238,True,True,True,True,True,True,,False,0,0,0
2019,401112245,True,True,True,True,True,True,,False,7,0,0
2019,401112251,True,True,True,True,True,True,,False,0,0,0
2019,401112257,True,True,True,True,True,True,,False,0,0,0
2019,401112262,True,True,True,True,True,True,,False,0,0,0
2019,401112264,True,True,True,True,True,True,,False,0,0,0
2019,401112430,True,True,True,True,True,True,,False,7,0,0
2019,401112431,True,True,True,True,True,True,,False,0,0,0
2019,401112432,True,True,True,True,True,True,,False,0,0,0
2019,401112433,True,True,True,True,True,True,,False,0,0,0
2019,401112434,True,True,True,True,True,True,,False,0,0,0
2019,401112435,True,True,True,True,True,True,,False,0,0,0
2019,401112436,True,True,True,True,True,True,,False,0,0,0
2019,401114153,True,True,True,True,True,True,,False,0,0,0
2019,401114164,True,True,True,True,True,True,,False,0,0,0
2019,401114174,True,True,False,True,True,False,c2:cfbd_drive_missing_from_ledger,False,0,2,0
2019,401114184,True,True,False,True,True,False,c2:eligible_ledger_possession_missing_from_cfbd,False,0,0,1
2019,401114218,True,True,False,True,True,False,c2:cfbd_drive_missing_from_ledger,False,7,1,0
2019,401114223,True,True,True,True,True,True,,False,0,0,0
2019,401114228,True,True,True,True,True,True,,False,7,0,0
2019,401114233,True,True,True,True,True,True,,False,9,0,0
2019,401114236,True,True,True,True,True,True,,False,7,0,0
2019,401114237,True,True,False,True,True,False,c2:cfbd_drive_missing_from_ledger,False,13,2,0
2019,401114238,True,True,True,True,True,True,,False,0,0,0
2019,401114240,True,True,True,True,True,True,,False,0,0,0
2019,401114241,True,True,False,False,False,False,c2:cfbd_drive_missing_from_ledger;c3:drive_16_delta_3_1;c4:score_regression_between_drives,False,4,1,0
2019,401114242,True,True,True,True,True,True,,False,6,0,0
2019,401114243,True,False,False,True,True,False,c1:first_drive_not_0_0;c2:cfbd_drive_missing_from_ledger,False,0,1,0
2019,401114244,True,True,True,True,True,True,,False,7,0,0
2019,401114245,True,True,True,True,True,True,,False,0,0,0
2019,401114246,True,True,True,True,True,True,,False,14,0,0
2019,401117493,True,True,True,True,True,True,,False,0,0,0
2019,401117494,True,True,True,True,True,True,,False,7,0,0
2019,401117495,True,True,True,True,True,True,,False,0,0,0
2019,401117496,True,True,True,True,True,True,,False,0,0,0
2019,401117497,True,True,False,True,True,False,c2:cfbd_drive_missing_from_ledger,False,2,1,0
2019,401117853,True,True,True,True,True,True,,False,0,0,0
2019,401117854,True,True,True,True,True,True,,False,0,0,0
2019,401117855,True,True,True,True,True,True,,False,0,0,0
2019,401117856,True,True,False,True,True,False,c2:cfbd_drive_missing_from_ledger,False,0,1,0
2019,401117857,True,True,True,True,True,True,,False,0,0,0
2019,401117858,True,True,False,True,True,False,c2:cfbd_drive_missing_from_ledger,False,13,1,0
2019,401117859,True,True,True,True,False,False,c4:score_regression_between_drives,False,0,0,0
2019,401119253,True,True,True,True,True,True,,False,0,0,0
2019,401119254,True,True,True,True,True,True,,False,2,0,0
2019,401119255,True,True,True,True,True,True,,False,0,0,0
2019,401119256,True,True,False,True,True,False,c2:cfbd_drive_missing_from_ledger,False,0,1,0
2019,401119257,True,True,True,True,True,True,,False,7,0,0
2019,401119258,True,True,True,True,True,True,,False,0,0,0
2019,401119259,True,True,True,True,True,True,,False,7,0,0
2019,401121934,True,True,True,True,True,True,,False,0,0,0
2019,401121935,True,True,True,True,True,True,,False,7,0,0
2019,401128468,True,True,True,True,True,True,,False,0,0,0
2019,401135260,True,True,True,True,True,True,,False,0,0,0
2019,401135261,True,True,True,True,True,True,,False,0,0,0
2019,401135263,True,True,True,True,True,True,,False,14,0,0
2019,401135264,True,True,True,True,True,True,,False,7,0,0
2019,401135265,True,True,True,True,True,True,,False,0,0,0
2019,401135266,True,True,True,True,True,True,,False,0,0,0
2019,401135267,True,True,False,False,True,False,c2:cfbd_drive_missing_from_ledger;c2:eligible_ledger_possession_missing_from_cfbd;c3:drive_8_delta_0_3,False,0,2,2
2019,401135268,True,True,True,True,True,True,,False,0,0,0
2019,401135269,True,True,True,True,True,True,,False,0,0,0
2019,401135270,True,True,True,True,True,True,,False,0,0,0
2019,401135271,True,True,True,True,True,True,,False,7,0,0
2019,401135272,True,True,True,True,True,True,,False,0,0,0
2019,401135273,True,True,True,True,True,True,,False,0,0,0
2019,401135274,True,True,True,True,True,True,,False,0,0,0
2019,401135275,True,True,True,True,True,True,,False,0,0,0
2019,401135276,True,True,True,True,True,True,,False,7,0,0
2019,401135277,True,True,True,True,True,True,,False,7,0,0
2019,401135278,True,True,True,True,True,True,,False,7,0,0
2019,401135279,True,True,True,True,True,True,,False,7,0,0
2019,401135280,True,False,True,True,True,False,c1:last_drive_end_differs_from_certified_final;c1:cumulative_through_period_4_differs_from_line_scores,False,0,0,0
2019,401135281,True,True,False,True,True,False,c2:cfbd_drive_missing_from_ledger,False,0,1,0
2019,401135282,True,True,True,True,True,True,,False,7,0,0
2019,401135283,True,False,True,True,True,False,c1:last_drive_end_differs_from_certified_final;c1:cumulative_through_period_4_differs_from_line_scores,False,0,0,0
2019,401135284,True,True,False,True,True,False,c2:cfbd_drive_missing_from_ledger,False,0,1,0
2019,401135285,True,True,True,True,True,True,,False,7,0,0
2019,401135286,True,True,True,True,True,True,,False,7,0,0
2019,401135287,True,True,False,True,True,False,c2:cfbd_drive_missing_from_ledger,False,21,1,0
2019,401135288,True,True,False,True,True,False,c2:cfbd_drive_missing_from_ledger,False,14,1,0
2019,401135289,True,True,True,True,True,True,,False,0,0,0
2019,401135290,True,True,True,True,True,True,,False,0,0,0
2019,401135291,True,True,True,True,True,True,,False,0,0,0
2019,401135292,True,True,True,True,True,True,,False,0,0,0
2019,401135293,True,True,True,True,True,True,,False,0,0,0
2019,401135294,True,True,True,True,True,True,,False,0,0,0
2019,401135295,True,True,True,True,True,True,,False,0,0,0
2019,401135910,True,True,False,True,True,False,c2:cfbd_drive_missing_from_ledger,False,7,1,0
2019,401136253,True,True,False,True,True,False,c2:cfbd_drive_missing_from_ledger,False,14,1,0
2019,401136254,True,True,True,True,True,True,,False,0,0,0
2019,401136255,True,True,True,True,True,True,,False,7,0,0
2019,401147693,True,True,False,False,True,False,c2:eligible_ledger_possession_missing_from_cfbd;c3:drive_29_delta_0_3,False,0,0,1
2019,401147695,True,True,True,True,True,True,,False,0,0,0
2019,401110773,True,True,True,True,True,True,,False,7,0,0
2019,401110774,True,True,True,True,True,True,,False,0,0,0
2019,401110775,True,True,True,True,True,True,,False,0,0,0
2019,401110776,True,True,False,True,True,False,c2:cfbd_drive_missing_from_ledger,False,0,1,0
2019,401110777,True,True,True,True,True,True,,False,0,0,0
2019,401110778,True,True,False,True,True,False,c2:cfbd_drive_missing_from_ledger,False,0,1,0
2019,401110779,True,True,True,True,True,True,,False,0,0,0
2019,401110780,True,True,True,True,True,True,,False,0,0,0
2019,401110781,True,True,True,True,True,True,,False,0,0,0
2019,401110782,True,True,True,True,True,True,,False,0,0,0
2019,401110783,True,True,False,True,True,False,c2:cfbd_drive_missing_from_ledger,False,0,1,0
2019,401110784,True,True,True,True,True,True,,False,0,0,0
2019,401110785,True,True,True,True,True,True,,False,0,0,0
2019,401112074,True,True,True,True,True,True,,False,0,0,0
2019,401112097,True,True,True,True,True,True,,False,0,0,0
2019,401112107,True,True,True,True,True,True,,False,0,0,0
2019,401112115,True,True,True,True,True,True,,False,0,0,0
2019,401112123,True,True,True,True,True,True,,False,7,0,0
2019,401112140,True,True,True,True,True,True,,False,0,0,0
2019,401112146,True,True,True,True,True,True,,False,0,0,0
2019,401112158,True,True,True,True,True,True,,False,7,0,0
2019,401112192,True,True,True,True,True,True,,False,0,0,0
2019,401112202,True,True,True,True,True,True,,False,0,0,0
2019,401112213,True,True,True,True,True,True,,False,0,0,0
2019,401112223,True,True,False,True,True,False,c2:cfbd_drive_missing_from_ledger,False,0,2,0
2019,401112230,True,True,True,True,True,True,,False,0,0,0
2019,401112239,True,True,True,True,False,False,c4:score_regression_between_drives,False,7,0,0
2019,401112252,True,True,True,True,True,True,,False,0,0,0
2019,401112258,True,True,True,True,True,True,,False,7,0,0
2019,401112268,True,True,True,True,True,True,,False,0,0,0
2019,401112437,True,True,False,True,True,False,c2:cfbd_drive_missing_from_ledger,False,7,1,0
2019,401112438,True,True,True,True,True,True,,False,0,0,0
2019,401112439,True,True,True,True,True,True,,False,0,0,0
2019,401112440,True,True,True,True,True,True,,False,0,0,0
2019,401112441,True,True,True,True,True,True,,False,0,0,0
2019,401112442,True,True,True,True,True,True,,False,0,0,0
2019,401112443,True,True,True,True,True,True,,False,7,0,0
2019,401112444,True,True,True,True,True,True,,False,0,0,0
2019,401112445,True,True,True,True,True,True,,False,7,0,0
2019,401112446,True,True,True,True,True,True,,False,0,0,0
2019,401112447,True,True,True,True,True,True,,False,7,0,0
2019,401114154,True,True,True,True,True,True,,False,0,0,0
2019,401114165,True,False,True,True,False,False,c1:cumulative_through_period_2_differs_from_line_scores;c4:score_regression_between_drives,False,-2,0,0
2019,401114175,True,True,True,True,True,True,,False,0,0,0
2019,401114193,True,True,True,True,True,True,,False,7,0,0
2019,401114200,True,True,True,True,True,True,,False,0,0,0
2019,401114207,True,True,True,True,True,True,,False,0,0,0
2019,401114214,True,True,True,True,True,True,,False,0,0,0
2019,401114224,True,True,True,True,True,True,,False,0,0,0
2019,401114229,True,False,True,False,True,False,c1:last_drive_end_differs_from_certified_final;c1:cumulative_through_period_4_differs_from_line_scores;c3:drive_18_delta_0_1,False,0,0,0
2019,401114247,True,True,True,True,False,False,c4:score_regression_between_drives,False,-7,0,0
2019,401114248,True,True,True,True,True,True,,False,0,0,0
2019,401114249,True,True,True,True,True,True,,False,14,0,0
2019,401114250,True,True,True,True,True,True,,False,0,0,0
2019,401114251,True,True,True,True,True,True,,False,0,0,0
2019,401114252,True,True,True,True,True,True,,False,13,0,0
2019,401114253,True,True,True,True,True,True,,False,0,0,0
2019,401114254,True,True,True,True,True,True,,False,51,0,0
2019,401114347,True,True,True,True,True,True,,False,0,0,0
2019,401114354,True,True,True,True,True,True,,False,7,0,0
2019,401117498,True,True,True,True,True,True,,False,0,0,0
2019,401117499,True,True,True,True,True,True,,False,0,0,0
2019,401117500,True,True,True,True,True,True,,False,0,0,0
2019,401117501,True,True,True,True,True,True,,False,0,0,0
2019,401117502,True,True,True,True,True,True,,False,0,0,0
2019,401117860,True,True,True,True,True,True,,False,0,0,0
2019,401117861,True,False,True,True,False,False,c1:last_drive_end_differs_from_certified_final;c1:cumulative_through_period_4_differs_from_line_scores;c4:score_regression_between_drives,False,-7,0,0
2019,401117862,True,True,True,True,True,True,,False,7,0,0
2019,401119260,True,True,True,True,True,True,,False,0,0,0
2019,401119261,True,True,True,True,True,True,,False,0,0,0
2019,401119262,True,True,True,True,True,True,,False,7,0,0
2019,401121936,True,True,True,True,True,True,,False,0,0,0
2019,401121937,True,True,True,True,True,True,,False,0,0,0
2019,401121938,True,True,True,True,True,True,,False,2,0,0
2019,401110786,True,True,True,True,True,True,,False,0,0,0
2019,401110787,True,True,True,True,True,True,,False,0,0,0
2019,401110788,True,True,True,True,True,True,,False,0,0,0
2019,401110789,True,True,True,True,True,True,,False,0,0,0
2019,401110790,True,True,True,True,True,True,,False,0,0,0
2019,401110791,True,True,False,True,True,False,c2:cfbd_drive_missing_from_ledger,False,7,2,0
2019,401110792,True,True,False,True,True,False,c2:cfbd_drive_missing_from_ledger,False,7,1,0
2019,401110793,True,True,True,True,True,True,,False,0,0,0
2019,401110794,True,True,True,True,True,True,,False,0,0,0
2019,401110795,True,True,True,True,True,True,,False,0,0,0
2019,401110796,True,True,True,True,True,True,,False,14,0,0
2019,401112086,True,True,True,True,True,True,,False,0,0,0
2019,401112098,True,True,False,True,True,False,c2:cfbd_drive_missing_from_ledger,False,7,1,0
2019,401112116,True,True,True,True,True,True,,False,0,0,0
2019,401112124,True,True,True,True,True,True,,False,6,0,0
2019,401112130,True,True,True,True,True,True,,False,0,0,0
2019,401112136,True,True,False,True,True,False,c2:cfbd_drive_missing_from_ledger,False,7,1,0
2019,401112141,True,True,True,True,True,True,,False,0,0,0
2019,401112144,True,True,True,True,True,True,,False,0,0,0
2019,401112147,True,True,True,True,True,True,,False,0,0,0
2019,401112159,True,True,True,True,True,True,,False,0,0,0
2019,401112203,True,True,False,True,True,False,c2:cfbd_drive_missing_from_ledger,False,0,1,0
2019,401112214,True,True,True,True,True,True,,False,0,0,0
2019,401112231,True,True,False,True,False,False,c2:cfbd_drive_missing_from_ledger;c4:score_regression_between_drives,False,7,1,0
2019,401112240,True,True,False,True,True,False,c2:cfbd_drive_missing_from_ledger,False,9,1,0
2019,401112246,True,True,True,True,True,True,,False,7,0,0
2019,401112259,True,True,True,True,True,True,,False,0,0,0
2019,401112448,True,True,False,True,True,False,c2:eligible_ledger_possession_missing_from_cfbd,False,0,0,1
2019,401112449,True,True,True,True,True,True,,False,0,0,0
2019,401112450,True,True,True,True,True,True,,False,0,0,0
2019,401112451,True,True,True,True,True,True,,False,0,0,0
2019,401112452,True,True,False,True,True,False,c2:cfbd_drive_missing_from_ledger,False,8,1,0
2019,401112453,True,True,True,True,True,True,,False,7,0,0
2019,401112454,True,True,False,True,True,False,c2:cfbd_drive_missing_from_ledger,False,0,1,0
2019,401112455,True,True,True,True,True,True,,False,0,0,0
2019,401114176,True,True,True,True,True,True,,False,0,0,0
2019,401114185,True,True,True,True,True,True,,False,7,0,0
2019,401114194,True,True,True,True,True,True,,False,0,0,0
2019,401114201,True,True,True,True,True,True,,False,0,0,0
2019,401114208,True,True,True,True,True,True,,False,7,0,0
2019,401114219,True,True,True,True,True,True,,False,0,0,0
2019,401114225,True,True,True,True,True,True,,False,0,0,0
2019,401114230,True,True,True,True,True,True,,False,0,0,0
2019,401114234,True,True,False,True,True,False,c2:eligible_ledger_possession_missing_from_cfbd,False,0,0,1
2019,401114255,True,True,True,True,True,True,,False,0,0,0
2019,401114256,True,True,True,True,True,True,,False,0,0,0
2019,401114257,True,True,True,True,True,True,,False,7,0,0
2019,401114258,True,True,True,True,True,True,,False,0,0,0
2019,401114259,True,True,True,True,True,True,,False,0,0,0
2019,401114260,True,True,False,True,True,False,c2:cfbd_drive_missing_from_ledger,False,14,2,0
2019,401114261,True,True,True,True,True,True,,False,7,0,0
2019,401114336,True,True,True,True,True,True,,False,7,0,0
2019,401114339,True,True,True,True,True,True,,False,7,0,0
2019,401114348,True,True,True,True,True,True,,False,7,0,0
2019,401117503,True,True,False,True,True,False,c2:cfbd_drive_missing_from_ledger,False,7,1,0
2019,401117504,True,True,True,True,True,True,,False,7,0,0
2019,401117505,True,True,True,True,True,True,,False,0,0,0
2019,401117863,True,True,True,True,True,True,,False,0,0,0
2019,401117864,True,True,True,True,True,True,,False,7,0,0
2019,401117865,True,True,True,True,True,True,,False,0,0,0
2019,401117866,True,True,True,True,True,True,,False,7,0,0
2019,401117867,True,True,True,True,True,True,,False,6,0,0
2019,401117868,True,True,True,True,True,True,,False,6,0,0
2019,401119263,True,True,False,True,True,False,c2:cfbd_drive_missing_from_ledger,False,0,1,0
2019,401119264,True,True,True,True,True,True,,False,0,0,0
2019,401119265,True,True,True,True,True,True,,False,14,0,0
2019,401121939,True,True,True,True,True,True,,False,0,0,0
2019,401121940,True,True,True,True,True,True,,False,0,0,0
2019,401110797,True,True,True,True,True,True,,False,0,0,0
2019,401110798,True,True,True,True,True,True,,False,0,0,0
2019,401110799,True,True,True,True,True,True,,False,0,0,0
2019,401110800,True,True,True,True,True,True,,False,0,0,0
2019,401110801,True,True,True,True,True,True,,False,0,0,0
2019,401110802,True,True,True,True,False,False,c4:score_regression_between_drives,False,0,0,0
2019,401110803,True,True,True,True,True,True,,False,7,0,0
2019,401110804,True,True,True,True,True,True,,False,0,0,0
2019,401110805,True,True,True,True,True,True,,False,7,0,0
2019,401112075,True,True,True,True,True,True,,False,0,0,0
2019,401112087,True,True,False,True,True,False,c2:cfbd_drive_missing_from_ledger,False,0,1,0
2019,401112099,True,True,True,True,True,True,,False,0,0,0
2019,401112125,True,True,True,True,True,True,,False,0,0,0
2019,401112131,True,True,True,True,True,True,,False,0,0,0
2019,401112148,True,True,True,True,True,True,,False,7,0,0
2019,401112160,True,True,True,True,True,True,,False,0,0,0
2019,401112215,True,True,True,True,True,True,,False,0,0,0
2019,401112224,True,True,True,True,True,True,,False,7,0,0
2019,401112253,True,True,True,True,True,True,,False,0,0,0
2019,401112265,True,True,True,True,True,True,,False,0,0,0
2019,401112456,True,True,True,True,True,True,,False,0,0,0
2019,401112457,True,True,True,True,True,True,,False,0,0,0
2019,401112458,True,True,True,True,True,True,,False,0,0,0
2019,401112459,True,True,False,True,True,False,c2:cfbd_drive_missing_from_ledger,False,0,1,0
2019,401112460,True,True,False,True,True,False,c2:cfbd_drive_missing_from_ledger,False,0,1,0
2019,401112461,True,True,False,True,True,False,c2:cfbd_drive_missing_from_ledger,False,0,1,0
2019,401112462,True,True,True,True,True,True,,False,0,0,0
2019,401112463,True,True,True,True,True,True,,False,0,0,0
2019,401112464,True,True,True,True,True,True,,False,0,0,0
2019,401114155,True,True,False,True,True,False,c2:cfbd_drive_missing_from_ledger,False,0,1,0
2019,401114195,True,True,True,True,True,True,,False,0,0,0
2019,401114215,True,True,False,True,True,False,c2:cfbd_drive_missing_from_ledger,False,28,1,0
2019,401114220,True,True,True,True,True,True,,False,0,0,0
2019,401114235,True,True,True,True,True,True,,False,7,0,0
2019,401114262,True,True,False,True,True,False,c2:cfbd_drive_missing_from_ledger,False,7,1,0
2019,401114263,True,True,True,True,True,True,,False,0,0,0
2019,401114264,True,True,True,True,True,True,,False,7,0,0
2019,401114265,True,True,True,True,True,True,,False,0,0,0
2019,401114266,True,True,True,True,True,True,,False,0,0,0
2019,401114327,True,True,True,True,True,True,,False,14,0,0
2019,401114340,True,True,True,True,True,True,,False,0,0,0
2019,401114349,True,True,True,True,True,True,,False,0,0,0
2019,401114355,True,True,True,True,False,False,c4:score_regression_between_drives;c4:excess_points_over_certified_final,False,-1,0,0
2019,401116697,True,True,True,True,True,True,,False,0,0,0
2019,401117506,True,True,True,True,True,True,,False,0,0,0
2019,401117507,True,True,True,True,True,True,,False,0,0,0
2019,401117508,True,True,True,True,True,True,,False,0,0,0
2019,401117509,True,True,True,True,True,True,,False,0,0,0
2019,401117510,True,True,True,True,True,True,,False,0,0,0
2019,401117511,True,True,True,True,True,True,,False,0,0,0
2019,401117869,True,True,False,True,True,False,c2:cfbd_drive_missing_from_ledger,False,0,1,0
2019,401117870,True,True,True,True,True,True,,False,0,0,0
2019,401119266,True,True,True,True,True,True,,False,0,0,0
2019,401119267,True,True,True,True,True,True,,False,0,0,0
2019,401119268,True,True,True,True,True,True,,False,7,0,0
2019,401119269,True,True,False,True,False,False,c2:cfbd_drive_missing_from_ledger;c2:eligible_ledger_possession_missing_from_cfbd;c4:score_regression_between_drives,False,14,1,2
2019,401121941,True,True,True,True,True,True,,False,0,0,0
2019,401121942,False,False,False,False,False,False,no_drives,False,0,0,0
2019,401110806,True,True,True,True,True,True,,False,0,0,0
2019,401110807,True,True,True,True,True,True,,False,7,0,0
2019,401110808,True,True,True,True,True,True,,False,7,0,0
2019,401110809,True,True,True,True,True,True,,False,0,0,0
2019,401110810,True,True,True,True,True,True,,False,7,0,0
2019,401110811,True,True,True,True,True,True,,False,0,0,0
2019,401112076,True,True,True,True,True,True,,False,0,0,0
2019,401112100,True,True,False,True,True,False,c2:cfbd_drive_missing_from_ledger,False,0,1,0
2019,401112108,True,True,True,True,True,True,,False,7,0,0
2019,401112117,True,True,True,False,False,False,c3:drive_13_delta_7_3;c4:score_regression_between_drives,False,-3,0,0
2019,401112161,True,True,True,True,True,True,,False,0,0,0
2019,401112193,True,True,True,True,True,True,,False,0,0,0
2019,401112204,True,True,True,True,True,True,,False,0,0,0
2019,401112225,True,True,False,True,True,False,c2:cfbd_drive_missing_from_ledger,False,0,1,0
2019,401112232,True,True,True,True,True,True,,False,7,0,0
2019,401112241,True,True,True,True,True,True,,False,0,0,0
2019,401112247,True,True,True,True,True,True,,False,7,0,0
2019,401112465,True,True,True,True,True,True,,False,14,0,0
2019,401112466,True,True,True,True,True,True,,False,0,0,0
2019,401112467,True,True,True,True,True,True,,False,0,0,0
2019,401112468,True,True,True,True,True,True,,False,0,0,0
2019,401112469,True,True,True,True,True,True,,False,2,0,0
2019,401112470,True,True,True,True,True,True,,False,0,0,0
2019,401112471,True,True,True,True,True,True,,False,14,0,0
2019,401112472,True,True,True,True,True,True,,False,0,0,0
2019,401114156,True,True,True,True,True,True,,False,0,0,0
2019,401114166,True,True,True,True,True,True,,False,0,0,0
2019,401114202,True,True,False,True,True,False,c2:cfbd_drive_missing_from_ledger,False,0,1,0
2019,401114221,True,True,True,True,True,True,,False,0,0,0
2019,401114226,True,True,True,True,True,True,,False,0,0,0
2019,401114267,True,True,True,True,True,True,,False,0,0,0
2019,401114268,True,False,False,True,False,False,c1:cumulative_through_period_4_differs_from_line_scores;c2:cfbd_drive_missing_from_ledger;c4:score_regression_between_drives,False,-6,1,0
2019,401114269,True,True,True,True,True,True,,False,7,0,0
2019,401114270,True,True,False,True,True,False,c2:cfbd_drive_missing_from_ledger,False,7,1,0
2019,401114271,True,True,True,True,True,True,,False,0,0,0
2019,401114272,True,True,True,True,True,True,,False,7,0,0
2019,401114273,True,True,True,True,True,True,,False,0,0,0
2019,401114341,True,False,True,True,False,False,c1:cumulative_through_period_2_differs_from_line_scores;c4:score_regression_between_drives,False,0,0,0
2019,401114350,True,True,True,True,True,True,,False,0,0,0
2019,401114356,True,True,True,True,True,True,,False,7,0,0
2019,401117213,True,True,True,True,True,True,,False,0,0,0
2019,401117512,True,True,True,True,True,True,,False,0,0,0
2019,401117513,True,True,False,True,False,False,c2:cfbd_drive_missing_from_ledger;c4:score_regression_between_drives,False,14,1,0
2019,401117514,True,True,True,True,True,True,,False,7,0,0
2019,401117515,True,True,False,True,True,False,c2:cfbd_drive_missing_from_ledger,False,0,2,0
2019,401117871,True,True,False,True,True,False,c2:cfbd_drive_missing_from_ledger,False,7,1,0
2019,401117872,True,True,True,True,True,True,,False,14,0,0
2019,401117873,True,True,True,True,True,True,,False,0,0,0
2019,401119270,True,True,True,True,True,True,,False,0,0,0
2019,401119271,True,True,True,True,True,True,,False,0,0,0
2019,401121943,True,True,True,True,True,True,,False,0,0,0
2019,401121944,True,True,False,True,True,False,c2:cfbd_drive_missing_from_ledger,False,23,1,0
2019,401121945,True,False,True,True,True,False,c1:cumulative_through_period_2_differs_from_line_scores,False,7,0,0
2019,401121946,True,True,True,True,True,True,,False,0,0,0
2019,401121947,True,True,True,True,True,True,,False,0,0,0
2019,401110812,True,True,True,True,True,True,,False,14,0,0
2019,401110813,True,True,True,True,True,True,,False,0,0,0
2019,401110814,True,True,True,True,True,True,,False,0,0,0
2019,401110815,True,True,False,True,True,False,c2:cfbd_drive_missing_from_ledger,False,0,1,0
2019,401110816,True,True,True,True,True,True,,False,0,0,0
2019,401112077,True,True,True,True,True,True,,False,0,0,0
2019,401112088,True,True,False,True,True,False,c2:cfbd_drive_missing_from_ledger,False,7,1,0
2019,401112101,True,True,True,True,True,True,,False,14,0,0
2019,401112126,True,True,True,True,True,True,,False,0,0,0
2019,401112137,True,True,True,True,True,True,,False,0,0,0
2019,401112149,True,True,True,True,True,True,,False,0,0,0
2019,401112194,True,True,False,True,True,False,c2:eligible_ledger_possession_missing_from_cfbd,False,0,0,1
2019,401112205,True,True,False,True,True,False,c2:cfbd_drive_missing_from_ledger,False,34,1,0
2019,401112216,True,True,True,True,True,True,,False,0,0,0
2019,401112242,True,True,True,True,True,True,,False,0,0,0
2019,401112260,True,True,True,True,True,True,,False,0,0,0
2019,401112269,True,True,True,True,True,True,,False,0,0,0
2019,401112473,True,True,True,True,True,True,,False,0,0,0
2019,401112474,True,True,True,True,True,True,,False,20,0,0
2019,401112475,True,True,True,True,True,True,,False,0,0,0
2019,401112476,True,True,True,True,True,True,,False,0,0,0
2019,401114167,True,True,False,True,True,False,c2:cfbd_drive_missing_from_ledger,False,7,1,0
2019,401114177,True,True,True,True,True,True,,False,0,0,0
2019,401114203,True,True,False,True,True,False,c2:cfbd_drive_missing_from_ledger,False,7,1,0
2019,401114209,True,True,True,True,True,True,,False,0,0,0
2019,401114274,True,True,False,True,False,False,c2:cfbd_drive_missing_from_ledger;c4:score_regression_between_drives,False,0,1,0
2019,401114275,True,True,True,True,True,True,,False,0,0,0
2019,401114276,True,True,True,True,True,True,,False,0,0,0
2019,401114277,True,True,True,True,True,True,,False,7,0,0
2019,401114278,True,True,True,True,True,True,,False,0,0,0
2019,401114328,True,True,True,True,True,True,,False,0,0,0
2019,401114337,True,True,True,True,True,True,,False,0,0,0
2019,401114342,True,True,True,True,True,True,,False,0,0,0
2019,401117516,True,True,True,True,True,True,,False,0,0,0
2019,401117517,True,True,True,True,True,True,,False,7,0,0
2019,401117518,True,True,False,True,True,False,c2:eligible_ledger_possession_missing_from_cfbd,False,0,0,1
2019,401117519,True,True,True,True,True,True,,False,7,0,0
2019,401117874,True,True,True,False,False,False,c3:drive_12_delta_0_3;c4:score_regression_between_drives,False,-6,0,0
2019,401117875,True,True,True,True,True,True,,False,7,0,0
2019,401117876,True,True,True,True,True,True,,False,0,0,0
2019,401117877,True,True,True,True,True,True,,False,0,0,0
2019,401117878,True,True,False,True,True,False,c2:cfbd_drive_missing_from_ledger;c2:eligible_ledger_possession_missing_from_cfbd,False,12,1,1
2019,401119272,True,True,True,True,True,True,,False,15,0,0
2019,401119273,True,True,False,True,True,False,c2:cfbd_drive_missing_from_ledger;c2:eligible_ledger_possession_missing_from_cfbd,False,7,1,1
2019,401119274,True,False,False,True,True,False,c1:cumulative_through_period_4_differs_from_line_scores;c2:cfbd_drive_missing_from_ledger,False,7,1,0
2019,401119275,True,True,True,True,True,True,,False,0,0,0
2019,401121948,True,True,True,True,True,True,,False,0,0,0
2019,401121949,True,True,True,True,True,True,,False,0,0,0
2019,401110817,True,True,True,True,True,True,,False,0,0,0
2019,401110818,True,True,True,True,True,True,,False,0,0,0
2019,401110819,True,True,True,True,True,True,,False,0,0,0
2019,401110820,True,True,True,True,True,True,,False,0,0,0
2019,401110821,True,True,True,True,True,True,,False,0,0,0
2019,401110822,True,True,True,True,True,True,,False,0,0,0
2019,401110823,True,True,True,True,True,True,,False,0,0,0
2019,401112078,True,True,True,False,False,False,c3:drive_29_delta_6_10;c4:score_regression_between_drives,False,-3,0,0
2019,401112089,True,True,True,True,True,True,,False,0,0,0
2019,401112118,True,True,True,True,True,True,,False,0,0,0
2019,401112150,True,True,True,True,True,True,,False,14,0,0
2019,401112162,True,True,True,True,True,True,,False,0,0,0
2019,401112195,True,True,True,True,True,True,,False,0,0,0
2019,401112206,True,True,True,True,True,True,,False,0,0,0
2019,401112217,True,True,True,True,True,True,,False,7,0,0
2019,401112233,True,True,True,True,True,True,,False,0,0,0
2019,401112477,True,True,True,True,True,True,,False,0,0,0
2019,401112478,True,True,True,True,True,True,,False,0,0,0
2019,401112479,True,True,True,True,True,True,,False,0,0,0
2019,401112480,True,True,True,True,True,True,,False,0,0,0
2019,401112481,True,True,False,True,True,False,c2:cfbd_drive_missing_from_ledger,False,7,1,0
2019,401112482,True,True,True,True,True,True,,False,0,0,0
2019,401114157,True,True,True,True,True,True,,False,0,0,0
2019,401114168,True,True,True,True,True,True,,False,0,0,0
2019,401114186,True,True,True,True,True,True,,False,0,0,0
2019,401114204,True,True,True,True,True,True,,False,0,0,0
2019,401114222,True,True,True,True,True,True,,False,0,0,0
2019,401114279,True,True,True,True,True,True,,False,0,0,0
2019,401114280,True,True,True,True,True,True,,False,0,0,0
2019,401114281,True,True,True,True,True,True,,False,0,0,0
2019,401114282,True,True,True,True,True,True,,False,8,0,0
2019,401114283,True,True,True,True,True,True,,False,0,0,0
2019,401114284,True,True,True,True,True,True,,False,7,0,0
2019,401114285,True,True,True,True,True,True,,False,0,0,0
2019,401114343,True,True,False,True,True,False,c2:eligible_ledger_possession_missing_from_cfbd,False,0,0,1
2019,401117214,True,True,False,False,False,False,c2:cfbd_drive_missing_from_ledger;c3:drive_13_delta_14_7;c4:score_regression_between_drives;c4:excess_points_over_certified_final,False,-42,1,0
2019,401117520,True,True,True,True,True,True,,False,0,0,0
2019,401117521,True,True,True,True,True,True,,False,0,0,0
2019,401117522,True,True,True,True,True,True,,False,7,0,0
2019,401117523,True,True,True,True,True,True,,False,0,0,0
2019,401117524,True,True,True,True,True,True,,False,0,0,0
2019,401117879,True,True,True,True,True,True,,False,0,0,0
2019,401117880,True,True,True,True,True,True,,False,0,0,0
2019,401117881,True,True,True,True,True,True,,False,3,0,0
2019,401117882,True,True,False,True,True,False,c2:cfbd_drive_missing_from_ledger,False,0,1,0
2019,401119276,True,True,True,True,True,True,,False,0,0,0
2019,401119277,True,True,True,True,True,True,,False,0,0,0
2019,401119278,True,True,True,True,True,True,,False,0,0,0
2019,401119279,True,True,True,True,True,True,,False,0,0,0
2019,401119280,True,True,False,True,True,False,c2:cfbd_drive_missing_from_ledger,False,0,1,0
2019,401121950,True,True,True,True,True,True,,False,0,0,0
2019,401121951,True,True,True,True,True,True,,False,7,0,0
2019,401121952,True,True,True,True,True,True,,False,0,0,0
2019,401110824,True,True,True,True,True,True,,False,0,0,0
2019,401110825,True,True,True,True,True,True,,False,7,0,0
2019,401110826,True,True,True,True,True,True,,False,7,0,0
2019,401110827,True,True,False,True,True,False,c2:eligible_ledger_possession_missing_from_cfbd,False,0,0,1
2019,401110828,True,True,True,True,True,True,,False,0,0,0
2019,401110829,True,True,True,True,True,True,,False,0,0,0
2019,401110830,True,True,True,True,True,True,,False,7,0,0
2019,401112079,True,True,True,True,True,True,,False,7,0,0
2019,401112090,True,True,True,True,True,True,,False,0,0,0
2019,401112102,True,True,True,True,True,True,,False,6,0,0
2019,401112109,True,True,True,True,True,True,,False,0,0,0
2019,401112119,True,True,True,True,True,True,,False,0,0,0
2019,401112151,True,True,True,True,True,True,,False,0,0,0
2019,401112163,True,True,True,True,True,True,,False,0,0,0
2019,401112196,True,True,True,True,True,True,,False,0,0,0
2019,401112226,True,True,True,True,True,True,,False,0,0,0
2019,401112234,True,True,True,True,True,True,,False,0,0,0
2019,401112248,True,True,True,True,True,True,,False,7,0,0
2019,401112483,True,True,True,True,True,True,,False,0,0,0
2019,401112484,True,True,True,True,True,True,,False,0,0,0
2019,401112485,True,True,True,True,True,True,,False,0,0,0
2019,401112486,True,True,False,True,True,False,c2:cfbd_drive_missing_from_ledger,False,7,1,0
2019,401112487,True,True,True,True,True,True,,False,0,0,0
2019,401112488,True,False,False,True,True,False,c1:cumulative_through_period_4_differs_from_line_scores;c2:cfbd_drive_missing_from_ledger,False,7,1,0
2019,401112489,True,False,False,True,False,False,c1:last_drive_end_differs_from_certified_final;c1:cumulative_through_period_2_differs_from_line_scores;c1:cumulative_through_period_3_differs_from_line_scores;c1:cumulative_through_period_4_differs_from_line_scores;c2:cfbd_drive_missing_from_ledger;c4:score_regression_between_drives,False,0,3,0
2019,401114158,True,True,False,True,True,False,c2:cfbd_drive_missing_from_ledger,False,7,1,0
2019,401114169,True,True,True,True,True,True,,False,0,0,0
2019,401114178,True,True,True,True,True,True,,False,0,0,0
2019,401114187,True,True,True,True,True,True,,False,0,0,0
2019,401114196,True,True,True,True,True,True,,False,0,0,0
2019,401114210,True,True,True,True,True,True,,False,0,0,0
2019,401114286,True,True,True,True,True,True,,False,0,0,0
2019,401114287,True,True,True,True,True,True,,False,0,0,0
2019,401114288,True,True,True,True,True,True,,False,0,0,0
2019,401114289,True,False,False,True,True,False,c1:first_drive_not_0_0;c2:cfbd_drive_missing_from_ledger,False,7,1,0
2019,401114290,True,True,True,True,True,True,,False,0,0,0
2019,401114291,True,True,True,True,True,True,,False,0,0,0
2019,401114292,True,True,True,True,False,False,c4:score_regression_between_drives,False,-1,0,0
2019,401114329,True,True,True,True,True,True,,False,0,0,0
2019,401114351,True,True,False,True,True,False,c2:cfbd_drive_missing_from_ledger,False,7,1,0
2019,401117215,True,True,True,True,True,True,,False,0,0,0
2019,401117525,True,True,True,True,True,True,,False,0,0,0
2019,401117526,True,True,True,True,True,True,,False,0,0,0
2019,401117527,True,True,False,True,True,False,c2:cfbd_drive_missing_from_ledger,False,9,1,0
2019,401117528,True,True,True,True,True,True,,False,14,0,0
2019,401117529,True,False,False,True,True,False,c1:first_drive_not_0_0;c2:cfbd_drive_missing_from_ledger,False,0,1,0
2019,401117883,True,True,True,True,True,True,,False,0,0,0
2019,401117884,True,True,True,True,True,True,,False,7,0,0
2019,401117885,True,True,True,True,True,True,,False,7,0,0
2019,401117886,True,True,True,True,True,True,,False,0,0,0
2019,401117887,True,True,True,True,True,True,,False,0,0,0
2019,401117888,True,True,True,True,True,True,,False,0,0,0
2019,401119281,True,True,True,True,True,True,,False,0,0,0
2019,401119282,True,True,True,True,True,True,,False,0,0,0
2019,401119283,True,True,False,True,True,False,c2:cfbd_drive_missing_from_ledger,False,0,1,0
2019,401119284,True,True,True,True,True,True,,False,0,0,0
2019,401119285,True,True,True,True,True,True,,False,0,0,0
2019,401119286,True,True,True,True,True,True,,False,0,0,0
2019,401121953,True,True,True,True,True,True,,False,14,0,0
2019,401121954,True,True,True,True,True,True,,False,7,0,0
2019,401121955,True,True,True,True,True,True,,False,0,0,0
2019,401121956,True,True,True,True,True,True,,False,7,0,0
2019,401110831,True,True,True,True,True,True,,False,7,0,0
2019,401110832,True,True,True,True,True,True,,False,0,0,0
2019,401110833,True,True,True,True,True,True,,False,0,0,0
2019,401110834,True,True,True,True,True,True,,False,0,0,0
2019,401110835,True,True,True,True,True,True,,False,0,0,0
2019,401112091,True,True,False,True,True,False,c2:cfbd_drive_missing_from_ledger,False,0,1,0
2019,401112103,True,True,True,True,True,True,,False,0,0,0
2019,401112110,True,False,False,False,True,False,c1:cumulative_through_period_2_differs_from_line_scores;c2:cfbd_drive_missing_from_ledger;c2:eligible_ledger_possession_missing_from_cfbd;c3:drive_6_delta_0_3,False,7,5,18
2019,401112132,True,True,True,True,True,True,,False,7,0,0
2019,401112152,True,True,True,True,True,True,,False,0,0,0
2019,401112164,True,True,True,True,True,True,,False,7,0,0
2019,401112197,True,True,True,True,True,True,,False,0,0,0
2019,401112207,True,True,True,True,True,True,,False,0,0,0
2019,401112218,True,True,True,True,True,True,,False,7,0,0
2019,401112227,True,True,True,True,True,True,,False,0,0,0
2019,401112254,True,True,True,True,True,True,,False,0,0,0
2019,401112266,True,True,False,True,True,False,c2:cfbd_drive_missing_from_ledger,False,0,1,0
2019,401112490,True,True,True,True,True,True,,False,0,0,0
2019,401112491,True,True,True,True,True,True,,False,7,0,0
2019,401112492,True,True,True,True,True,True,,False,0,0,0
2019,401112493,True,True,True,True,True,True,,False,0,0,0
2019,401112494,True,True,True,True,True,True,,False,0,0,0
2019,401114159,True,True,True,True,True,True,,False,0,0,0
2019,401114170,True,True,True,True,True,True,,False,0,0,0
2019,401114179,True,True,True,True,True,True,,False,0,0,0
2019,401114188,True,True,True,True,True,True,,False,0,0,0
2019,401114197,True,True,True,True,True,True,,False,6,0,0
2019,401114293,True,True,False,True,True,False,c2:cfbd_drive_missing_from_ledger,False,0,1,0
2019,401114294,True,True,False,True,True,False,c2:cfbd_drive_missing_from_ledger,False,7,1,0
2019,401114295,True,True,True,True,True,True,,False,7,0,0
2019,401114296,True,True,True,True,True,True,,False,0,0,0
2019,401114297,True,True,True,True,True,True,,False,0,0,0
2019,401114298,True,True,True,True,True,True,,False,0,0,0
2019,401114330,True,True,True,True,True,True,,False,0,0,0
2019,401114344,True,True,False,True,True,False,c2:cfbd_drive_missing_from_ledger,False,7,1,0
2019,401114357,True,True,False,True,True,False,c2:cfbd_drive_missing_from_ledger,False,0,1,0
2019,401117530,True,True,True,True,True,True,,False,0,0,0
2019,401117531,True,True,True,True,True,True,,False,0,0,0
2019,401117532,True,True,True,True,True,True,,False,7,0,0
2019,401117533,True,True,True,True,True,True,,False,7,0,0
2019,401117534,True,True,True,True,True,True,,False,0,0,0
2019,401117889,True,True,True,True,True,True,,False,15,0,0
2019,401117890,True,True,True,True,True,True,,False,7,0,0
2019,401117891,True,True,True,True,True,True,,False,7,0,0
2019,401117892,True,False,False,True,True,False,c1:first_drive_not_0_0;c2:cfbd_drive_missing_from_ledger,False,0,1,0
2019,401117893,True,True,False,True,True,False,c2:cfbd_drive_missing_from_ledger,False,0,1,0
2019,401119287,True,True,True,True,True,True,,False,14,0,0
2019,401119288,True,True,True,True,True,True,,False,0,0,0
2019,401119289,True,True,True,True,True,True,,False,7,0,0
2019,401119290,True,True,True,True,False,False,c4:score_regression_between_drives,False,4,0,0
2019,401119291,True,True,True,True,True,True,,False,0,0,0
2019,401119292,True,True,True,True,True,True,,False,0,0,0
2019,401121957,True,True,True,True,True,True,,False,0,0,0
2019,401121958,True,True,True,True,True,True,,False,14,0,0
2019,401121959,True,True,True,True,True,True,,False,7,0,0
2019,401110836,True,True,True,True,True,True,,False,0,0,0
2019,401110837,True,True,True,True,True,True,,False,0,0,0
2019,401110838,True,True,True,True,True,True,,False,0,0,0
2019,401110839,True,True,True,True,True,True,,False,0,0,0
2019,401110840,True,True,True,True,True,True,,False,0,0,0
2019,401110841,True,True,True,True,True,True,,False,0,0,0
2019,401112080,True,True,False,True,True,False,c2:cfbd_drive_missing_from_ledger,False,14,1,0
2019,401112104,True,True,True,True,True,True,,False,0,0,0
2019,401112127,True,True,True,True,True,True,,False,7,0,0
2019,401112153,True,True,True,True,True,True,,False,0,0,0
2019,401112165,True,True,True,True,True,True,,False,0,0,0
2019,401112208,True,False,False,True,True,False,c1:first_drive_not_0_0;c2:cfbd_drive_missing_from_ledger,False,7,2,0
2019,401112243,True,True,True,True,True,True,,False,0,0,0
2019,401112495,True,True,True,True,True,True,,False,6,0,0
2019,401112496,True,True,True,True,True,True,,False,0,0,0
2019,401112497,True,True,True,True,True,True,,False,7,0,0
2019,401112498,True,True,True,True,True,True,,False,14,0,0
2019,401112499,True,True,True,True,True,True,,False,0,0,0
2019,401112500,True,True,True,True,True,True,,False,0,0,0
2019,401112501,True,True,True,True,True,True,,False,0,0,0
2019,401114171,True,True,False,True,True,False,c2:cfbd_drive_missing_from_ledger,False,0,1,0
2019,401114189,True,True,True,True,True,True,,False,7,0,0
2019,401114198,True,True,False,True,True,False,c2:cfbd_drive_missing_from_ledger,False,7,1,0
2019,401114227,True,True,True,True,True,True,,False,0,0,0
2019,401114299,True,True,True,True,True,True,,False,0,0,0
2019,401114300,True,True,True,True,True,True,,False,0,0,0
2019,401114301,True,True,True,True,True,True,,False,0,0,0
2019,401114302,True,True,True,True,True,True,,False,0,0,0
2019,401114303,True,True,False,True,True,False,c2:cfbd_drive_missing_from_ledger,False,21,2,0
2019,401114331,True,True,True,True,True,True,,False,0,0,0
2019,401114352,True,True,True,True,True,True,,False,0,0,0
2019,401117216,True,True,True,True,True,True,,False,7,0,0
2019,401117535,True,False,True,True,True,False,c1:last_drive_end_differs_from_certified_final;c1:cumulative_through_period_4_differs_from_line_scores,False,0,0,0
2019,401117536,True,True,True,True,True,True,,False,0,0,0
2019,401117537,True,True,False,True,True,False,c2:cfbd_drive_missing_from_ledger,False,0,1,0
2019,401117538,True,False,False,True,True,False,c1:first_drive_not_0_0;c2:cfbd_drive_missing_from_ledger,False,0,1,0
2019,401117894,True,True,True,True,True,True,,False,7,0,0
2019,401117895,True,True,True,True,True,True,,False,21,0,0
2019,401117896,True,True,False,True,True,False,c2:cfbd_drive_missing_from_ledger,False,0,1,0
2019,401117897,True,True,False,True,True,False,c2:cfbd_drive_missing_from_ledger,False,14,1,0
2019,401117898,True,True,True,True,True,True,,False,1,0,0
2019,401119293,True,True,True,True,True,True,,False,0,0,0
2019,401119294,True,True,True,True,True,True,,False,0,0,0
2019,401119295,True,True,True,True,True,True,,False,0,0,0
2019,401121960,True,True,True,True,True,True,,False,0,0,0
2019,401121961,True,True,False,True,True,False,c2:cfbd_drive_missing_from_ledger,False,7,1,0
2019,401121962,True,True,True,True,True,True,,False,0,0,0
2019,401121963,True,True,True,True,True,True,,False,0,0,0
2019,401110842,True,True,True,True,True,True,,False,0,0,0
2019,401110843,True,True,True,True,True,True,,False,0,0,0
2019,401110844,True,True,True,True,True,True,,False,7,0,0
2019,401110845,True,True,True,True,True,True,,False,0,0,0
2019,401110846,True,True,True,True,True,True,,False,0,0,0
2019,401110847,True,True,True,True,True,True,,False,0,0,0
2019,401110848,True,True,True,True,True,True,,False,0,0,0
2019,401111654,True,True,True,True,True,True,,False,0,0,0
2019,401112081,True,True,False,True,True,False,c2:cfbd_drive_missing_from_ledger,False,0,1,0
2019,401112092,True,True,False,True,True,False,c2:cfbd_drive_missing_from_ledger,False,0,1,0
2019,401112111,True,True,False,True,True,False,c2:cfbd_drive_missing_from_ledger,False,7,1,0
2019,401112142,True,True,True,True,True,True,,False,0,0,0
2019,401112154,True,True,False,True,True,False,c2:cfbd_drive_missing_from_ledger,False,0,2,0
2019,401112198,True,True,True,True,True,True,,False,0,0,0
2019,401112209,True,True,True,True,True,True,,False,0,0,0
2019,401112235,True,True,True,True,True,True,,False,0,0,0
2019,401112249,True,True,False,True,True,False,c2:cfbd_drive_missing_from_ledger,False,0,1,0
2019,401112502,True,True,True,True,False,False,c4:score_regression_between_drives,False,0,0,0
2019,401112503,True,True,True,True,True,True,,False,0,0,0
2019,401112504,True,True,True,True,True,True,,False,0,0,0
2019,401112505,True,True,True,True,True,True,,False,7,0,0
2019,401112506,True,True,True,True,True,True,,False,7,0,0
2019,401114160,True,True,True,True,False,False,c4:score_regression_between_drives,False,0,0,0
2019,401114180,True,True,False,True,True,False,c2:eligible_ledger_possession_missing_from_cfbd,False,6,0,1
2019,401114190,True,True,True,True,True,True,,False,0,0,0
2019,401114205,True,True,True,True,True,True,,False,6,0,0
2019,401114304,True,True,True,True,True,True,,False,0,0,0
2019,401114305,True,True,True,True,True,True,,False,0,0,0
2019,401114306,True,True,True,True,True,True,,False,7,0,0
2019,401114307,True,True,True,True,True,True,,False,0,0,0
2019,401114308,True,True,True,True,True,True,,False,0,0,0
2019,401114332,True,True,True,True,True,True,,False,7,0,0
2019,401114353,True,True,True,True,True,True,,False,0,0,0
2019,401117540,True,True,True,True,True,True,,False,0,0,0
2019,401117541,True,False,False,False,True,False,c1:cumulative_through_period_4_differs_from_line_scores;c2:cfbd_drive_missing_from_ledger;c3:drive_24_delta_0_3,False,0,2,0
2019,401117542,True,True,True,True,True,True,,False,0,0,0
2019,401117543,True,True,True,True,True,True,,False,0,0,0
2019,401117899,True,True,True,True,True,True,,False,0,0,0
2019,401117900,True,True,False,True,True,False,c2:cfbd_drive_missing_from_ledger,False,0,3,0
2019,401117901,True,True,True,True,True,True,,False,0,0,0
2019,401117902,True,True,False,True,True,False,c2:cfbd_drive_missing_from_ledger,False,0,1,0
2019,401119296,True,True,False,True,True,False,c2:cfbd_drive_missing_from_ledger,False,7,1,0
2019,401119297,True,True,True,True,True,True,,False,0,0,0
2019,401119298,True,True,True,True,True,True,,False,7,0,0
2019,401121964,True,True,True,True,True,True,,False,7,0,0
2019,401121965,True,True,True,True,True,True,,False,7,0,0
2019,401121966,True,True,True,True,True,True,,False,0,0,0
2019,401121967,True,True,True,True,True,True,,False,0,0,0
2019,401110849,True,True,True,True,True,True,,False,0,0,0
2019,401110850,True,True,True,True,True,True,,False,7,0,0
2019,401110851,True,True,True,True,True,True,,False,7,0,0
2019,401110852,True,True,True,True,True,True,,False,0,0,0
2019,401110853,True,True,True,True,True,True,,False,0,0,0
2019,401110854,True,True,True,True,True,True,,False,0,0,0
2019,401112082,True,True,False,True,True,False,c2:cfbd_drive_missing_from_ledger,False,7,1,0
2019,401112093,True,True,True,True,True,True,,False,0,0,0
2019,401112105,True,True,True,True,True,True,,False,0,0,0
2019,401112112,True,True,True,True,True,True,,False,7,0,0
2019,401112133,True,True,False,True,True,False,c2:cfbd_drive_missing_from_ledger,False,0,1,0
2019,401112166,True,True,False,True,True,False,c2:cfbd_drive_missing_from_ledger,False,0,1,0
2019,401112199,True,True,True,True,True,True,,False,0,0,0
2019,401112219,True,True,True,True,True,True,,False,7,0,0
2019,401112244,True,True,False,True,True,False,c2:cfbd_drive_missing_from_ledger,False,7,1,0
2019,401112250,True,True,True,True,True,True,,False,7,0,0
2019,401112255,True,True,True,True,True,True,,False,0,0,0
2019,401112507,True,True,True,True,True,True,,False,7,0,0
2019,401112508,True,True,True,True,True,True,,False,7,0,0
2019,401112509,True,True,True,True,True,True,,False,0,0,0
2019,401112510,True,True,True,True,True,True,,False,0,0,0
2019,401112511,True,True,True,True,True,True,,False,7,0,0
2019,401112512,True,True,True,True,True,True,,False,0,0,0
2019,401114161,True,True,True,True,True,True,,False,0,0,0
2019,401114172,True,True,True,True,True,True,,False,0,0,0
2019,401114181,True,True,True,True,True,True,,False,0,0,0
2019,401114216,True,True,True,True,True,True,,False,0,0,0
2019,401114231,True,True,True,True,True,True,,False,0,0,0
2019,401114309,True,True,True,True,True,True,,False,0,0,0
2019,401114310,True,True,True,True,True,True,,False,7,0,0
2019,401114311,True,True,True,True,True,True,,False,0,0,0
2019,401114312,True,True,True,True,True,True,,False,0,0,0
2019,401114333,True,True,False,True,True,False,c2:cfbd_drive_missing_from_ledger,False,0,1,0
2019,401114338,True,True,True,True,True,True,,False,7,0,0
2019,401114345,True,True,False,True,True,False,c2:cfbd_drive_missing_from_ledger,False,7,1,0
2019,401117217,True,True,True,True,True,True,,False,7,0,0
2019,401117544,True,True,True,True,True,True,,False,0,0,0
2019,401117545,True,True,True,True,True,True,,False,0,0,0
2019,401117546,True,True,True,True,True,True,,False,0,0,0
2019,401117547,True,True,True,True,True,True,,False,0,0,0
2019,401117548,True,True,True,True,True,True,,False,0,0,0
2019,401117903,True,True,True,True,True,True,,False,0,0,0
2019,401117904,True,True,True,True,True,True,,False,0,0,0
2019,401117905,True,True,True,True,True,True,,False,0,0,0
2019,401119299,True,True,True,True,True,True,,False,7,0,0
2019,401119300,True,True,True,True,True,True,,False,0,0,0
2019,401119301,True,True,True,True,True,True,,False,6,0,0
2019,401119302,True,True,True,True,True,True,,False,0,0,0
2019,401119303,True,True,True,True,True,True,,False,0,0,0
2019,401119304,True,True,False,True,True,False,c2:cfbd_drive_missing_from_ledger,False,0,1,0
2019,401121968,True,True,True,True,True,True,,False,0,0,0
2019,401121969,True,True,False,True,True,False,c2:cfbd_drive_missing_from_ledger,False,0,1,0
2019,401121970,True,True,False,True,True,False,c2:cfbd_drive_missing_from_ledger,False,7,1,0
2019,401121971,True,True,True,True,True,True,,False,0,0,0
2019,401121972,True,True,True,True,True,True,,False,0,0,0
2019,401110855,True,True,True,True,True,True,,False,7,0,0
2019,401110856,True,True,True,True,True,True,,False,0,0,0
2019,401110857,True,True,True,True,True,True,,False,0,0,0
2019,401110858,True,True,True,True,True,True,,False,7,0,0
2019,401110859,True,True,True,True,True,True,,False,14,0,0
2019,401110860,True,True,True,True,True,True,,False,7,0,0
2019,401110861,True,True,True,True,True,True,,False,0,0,0
2019,401110862,True,True,True,True,True,True,,False,0,0,0
2019,401112083,True,True,False,True,True,False,c2:cfbd_drive_missing_from_ledger,False,0,1,0
2019,401112094,True,True,True,True,True,True,,False,0,0,0
2019,401112113,True,True,False,True,True,False,c2:cfbd_drive_missing_from_ledger,False,7,1,0
2019,401112120,True,True,True,True,True,True,,False,0,0,0
2019,401112128,True,True,True,True,True,True,,False,0,0,0
2019,401112155,True,True,True,True,True,True,,False,0,0,0
2019,401112167,True,True,True,True,True,True,,False,7,0,0
2019,401112210,True,True,False,True,True,False,c2:cfbd_drive_missing_from_ledger,False,0,1,0
2019,401112220,True,True,True,True,True,True,,False,0,0,0
2019,401112236,True,True,True,True,True,True,,False,2,0,0
2019,401112256,True,True,True,True,True,True,,False,0,0,0
2019,401112263,True,True,True,True,True,True,,False,0,0,0
2019,401112513,True,True,True,True,True,True,,False,0,0,0
2019,401112514,True,True,False,True,True,False,c2:cfbd_drive_missing_from_ledger,False,7,1,0
2019,401112515,True,True,False,True,True,False,c2:cfbd_drive_missing_from_ledger,False,14,2,0
2019,401112516,True,True,True,True,True,True,,False,7,0,0
2019,401112517,True,True,False,True,True,False,c2:cfbd_drive_missing_from_ledger,False,0,1,0
2019,401112518,True,True,True,True,True,True,,False,7,0,0
2019,401112519,True,True,True,True,True,True,,False,0,0,0
2019,401112520,True,False,True,True,True,False,c1:last_drive_end_differs_from_certified_final;c1:cumulative_through_period_4_differs_from_line_scores,False,0,0,0
2019,401114162,True,True,True,True,True,True,,False,0,0,0
2019,401114173,True,True,True,True,True,True,,False,0,0,0
2019,401114182,True,True,False,True,True,False,c2:cfbd_drive_missing_from_ledger,False,0,1,0
2019,401114191,True,True,True,True,True,True,,False,0,0,0
2019,401114206,True,True,False,True,True,False,c2:cfbd_drive_missing_from_ledger,False,0,1,0
2019,401114217,True,True,True,True,True,True,,False,0,0,0
2019,401114313,True,True,True,True,True,True,,False,0,0,0
2019,401114314,True,True,True,True,True,True,,False,0,0,0
2019,401114315,True,True,True,True,True,True,,False,0,0,0
2019,401114316,True,True,True,True,True,True,,False,7,0,0
2019,401114317,True,True,False,True,True,False,c2:cfbd_drive_missing_from_ledger,False,0,1,0
2019,401114318,True,True,True,True,True,True,,False,14,0,0
2019,401114319,True,True,True,True,True,True,,False,0,0,0
2019,401114358,True,True,False,True,True,False,c2:cfbd_drive_missing_from_ledger,False,15,1,0
2019,401117549,True,True,True,True,True,True,,False,7,0,0
2019,401117550,True,True,True,True,True,True,,False,0,0,0
2019,401117551,True,True,False,True,True,False,c2:cfbd_drive_missing_from_ledger,False,0,1,0
2019,401117552,True,True,True,True,True,True,,False,0,0,0
2019,401117553,True,True,True,True,False,False,c4:score_regression_between_drives,False,-1,0,0
2019,401117906,True,True,False,True,True,False,c2:cfbd_drive_missing_from_ledger,False,7,1,0
2019,401117907,True,True,True,True,True,True,,False,0,0,0
2019,401117908,True,True,True,True,True,True,,False,7,0,0
2019,401117909,True,True,True,True,True,True,,False,0,0,0
2019,401117910,True,True,False,True,True,False,c2:cfbd_drive_missing_from_ledger,False,7,1,0
2019,401117911,True,True,False,True,False,False,c2:cfbd_drive_missing_from_ledger;c4:score_regression_between_drives,False,-3,1,0
2019,401119305,True,True,True,True,True,True,,False,7,0,0
2019,401119306,True,True,False,True,True,False,c2:cfbd_drive_missing_from_ledger,False,7,1,0
2019,401119307,True,True,True,True,True,True,,False,0,0,0
2019,401119308,True,True,True,True,True,True,,False,7,0,0
2019,401119309,True,True,False,True,True,False,c2:cfbd_drive_missing_from_ledger,False,0,1,0
2019,401121973,True,True,False,True,True,False,c2:cfbd_drive_missing_from_ledger,False,0,1,0
2019,401121974,True,True,False,True,True,False,c2:cfbd_drive_missing_from_ledger,False,21,1,0
2019,401121975,True,True,True,True,True,True,,False,7,0,0
2019,401121976,True,True,True,True,True,True,,False,6,0,0
2019,401121977,True,True,True,True,True,True,,False,7,0,0
2019,401183793,True,True,True,True,True,True,,False,0,0,0
2019,401110863,True,True,True,True,True,True,,False,0,0,0
2019,401110864,True,True,True,True,True,True,,False,0,0,0
2019,401110865,True,True,False,True,True,False,c2:cfbd_drive_missing_from_ledger,False,7,1,0
2019,401110866,True,True,True,True,True,True,,False,0,0,0
2019,401110867,True,True,True,True,True,True,,False,7,0,0
2019,401110868,True,True,False,True,True,False,c2:cfbd_drive_missing_from_ledger,False,7,1,0
2019,401110869,True,True,True,True,True,True,,False,0,0,0
2019,401110870,True,True,True,True,True,True,,False,0,0,0
2019,401110871,True,True,True,True,True,True,,False,7,0,0
2019,401112084,True,True,True,True,True,True,,False,24,0,0
2019,401112095,True,False,False,True,True,False,c1:first_drive_not_0_0;c2:cfbd_drive_missing_from_ledger,False,0,1,0
2019,401112121,True,True,True,True,True,True,,False,0,0,0
2019,401112134,True,True,False,True,True,False,c2:cfbd_drive_missing_from_ledger,False,0,1,0
2019,401112138,True,True,True,True,True,True,,False,0,0,0
2019,401112156,True,True,True,True,True,True,,False,0,0,0
2019,401112168,True,True,True,True,True,True,,False,7,0,0
2019,401112200,True,True,False,True,True,False,c2:cfbd_drive_missing_from_ledger,False,7,1,0
2019,401112221,True,True,True,True,True,True,,False,6,0,0
2019,401112228,True,True,True,True,True,True,,False,0,0,0
2019,401112237,True,True,True,True,True,True,,False,0,0,0
2019,401112261,True,True,True,True,True,True,,False,0,0,0
2019,401112521,True,True,True,True,True,True,,False,0,0,0
2019,401112522,True,True,True,True,True,True,,False,7,0,0
2019,401112523,True,True,True,True,True,True,,False,0,0,0
2019,401112524,True,True,True,True,True,True,,False,0,0,0
2019,401112525,True,True,True,True,True,True,,False,0,0,0
2019,401114163,True,True,True,True,True,True,,False,0,0,0
2019,401114183,True,True,True,True,True,True,,False,0,0,0
2019,401114192,True,True,True,True,True,True,,False,0,0,0
2019,401114199,True,True,False,True,True,False,c2:cfbd_drive_missing_from_ledger,False,7,1,0
2019,401114212,True,True,True,True,True,True,,False,7,0,0
2019,401114232,True,True,True,True,True,True,,False,0,0,0
2019,401114320,True,True,True,True,True,True,,False,0,0,0
2019,401114321,True,True,True,True,True,True,,False,7,0,0
2019,401114322,True,True,True,True,True,True,,False,14,0,0
2019,401114323,True,True,True,True,True,True,,False,0,0,0
2019,401114324,True,True,True,True,True,True,,False,0,0,0
2019,401114325,True,False,False,True,False,False,c1:cumulative_through_period_3_differs_from_line_scores;c2:cfbd_drive_missing_from_ledger;c4:score_regression_between_drives,False,0,2,0
2019,401114326,True,True,True,True,True,True,,False,0,0,0
2019,401114334,True,True,True,True,False,False,c4:score_regression_between_drives,False,0,0,0
2019,401114346,True,True,True,True,True,True,,False,7,0,0
2019,401117218,True,True,True,True,True,True,,False,0,0,0
2019,401117554,True,True,True,True,True,True,,False,0,0,0
2019,401117555,True,True,True,True,True,True,,False,0,0,0
2019,401117556,True,True,True,True,True,True,,False,0,0,0
2019,401117557,True,True,True,True,True,True,,False,0,0,0
2019,401117558,True,True,False,True,True,False,c2:cfbd_drive_missing_from_ledger;c2:eligible_ledger_possession_missing_from_cfbd,False,7,1,1
2019,401117912,True,True,False,True,True,False,c2:cfbd_drive_missing_from_ledger,False,0,1,0
2019,401117913,True,False,False,True,True,False,c1:first_drive_not_0_0;c2:cfbd_drive_missing_from_ledger,False,0,1,0
2019,401117914,True,True,True,True,True,True,,False,0,0,0
2019,401117915,True,True,True,True,True,True,,False,0,0,0
2019,401117916,True,True,False,True,True,False,c2:cfbd_drive_missing_from_ledger,False,0,1,0
2019,401117917,True,True,True,True,True,True,,False,0,0,0
2019,401119310,True,True,True,True,True,True,,False,7,0,0
2019,401119311,True,True,True,True,True,True,,False,7,0,0
2019,401119312,True,True,True,True,True,True,,False,0,0,0
2019,401119313,True,True,False,True,True,False,c2:cfbd_drive_missing_from_ledger,False,7,1,0
2019,401119314,True,True,True,True,True,True,,False,14,0,0
2019,401119315,True,True,True,True,True,True,,False,0,0,0
2019,401121978,True,True,True,True,True,True,,False,0,0,0
2019,401121979,True,True,True,True,True,True,,False,0,0,0
2019,401121980,True,True,True,True,True,True,,False,7,0,0
2019,401121981,True,True,True,True,True,True,,False,0,0,0
2019,401121982,True,True,True,True,True,True,,False,7,0,0
2019,401114335,True,True,False,True,True,False,c2:cfbd_drive_missing_from_ledger,False,0,1,0
2019,401132973,True,True,True,True,True,True,,False,0,0,0
2019,401132974,True,True,True,True,True,True,,False,0,0,0
2019,401132975,True,True,True,True,True,True,,False,0,0,0
2019,401132976,True,True,True,True,True,True,,False,0,0,0
2019,401132979,True,True,True,True,True,True,,False,0,0,0
2019,401132980,True,True,True,True,True,True,,False,0,0,0
2019,401132981,True,True,True,True,True,True,,False,0,0,0
2019,401132982,True,True,True,True,True,True,,False,0,0,0
2019,401132983,True,True,True,True,True,True,,False,0,0,0
2019,401132984,True,True,True,True,True,True,,False,0,0,0
2021,401281942,True,True,True,True,True,True,,False,0,0,0
2021,401281943,True,True,True,True,True,True,,False,0,0,0
2021,401281944,True,True,True,True,False,False,c4:score_regression_between_drives,False,7,0,0
2021,401281945,True,True,True,True,True,True,,False,0,0,0
2021,401281946,True,True,True,True,True,True,,False,0,0,0
2021,401281947,True,True,True,True,True,True,,False,7,0,0
2021,401281948,True,True,True,True,True,True,,False,0,0,0
2021,401281949,True,True,True,True,True,True,,False,0,0,0
2021,401281950,True,True,True,True,True,True,,False,0,0,0
2021,401281951,True,True,True,True,True,True,,False,0,0,0
2021,401281952,True,True,True,True,True,True,,False,0,0,0
2021,401282049,True,True,True,True,True,True,,False,0,0,0
2021,401282050,True,True,True,True,True,True,,False,0,0,0
2021,401282051,True,True,False,True,True,False,c2:cfbd_drive_missing_from_ledger,False,51,3,0
2021,401282052,True,True,True,True,True,True,,False,7,0,0
2021,401282053,True,True,True,True,True,True,,False,0,0,0
2021,401282054,True,True,False,True,True,False,c2:cfbd_drive_missing_from_ledger,False,1,1,0
2021,401282055,True,True,False,True,True,False,c2:cfbd_drive_missing_from_ledger,False,0,1,0
2021,401282173,True,True,False,True,True,False,c2:cfbd_drive_missing_from_ledger,False,9,2,0
2021,401282174,True,True,True,True,True,True,,False,7,0,0
2021,401282175,True,True,True,True,True,True,,False,0,0,0
2021,401282177,True,False,True,True,False,False,c1:last_drive_end_differs_from_certified_final;c1:cumulative_through_period_1_differs_from_line_scores;c1:cumulative_through_period_2_differs_from_line_scores;c1:cumulative_through_period_3_differs_from_line_scores;c1:cumulative_through_period_4_differs_from_line_scores;c4:excess_points_over_certified_final,False,0,0,0
2021,401282178,True,False,True,True,True,False,c1:last_drive_end_differs_from_certified_final;c1:cumulative_through_period_4_differs_from_line_scores,False,13,0,0
2021,401282179,True,True,True,True,True,True,,False,3,0,0
2021,401282180,True,True,True,True,True,True,,False,0,0,0
2021,401282607,True,True,True,True,True,True,,False,0,0,0
2021,401282608,True,True,True,True,True,True,,True,7,0,0
2021,401282609,True,True,True,True,True,True,,False,0,0,0
2021,401282610,True,True,True,True,True,True,,True,0,0,0
2021,401282611,True,False,True,True,True,False,c1:cumulative_through_period_1_differs_from_line_scores,True,0,0,0
2021,401282612,True,False,True,True,True,False,c1:last_drive_end_differs_from_certified_final;c1:cumulative_through_period_4_differs_from_line_scores,False,14,0,0
2021,401282613,True,True,True,True,True,True,,False,0,0,0
2021,401282614,True,True,True,True,True,True,,False,0,0,0
2021,401282714,True,True,True,False,True,False,c3:drive_4_delta_2_0,False,0,0,0
2021,401282723,True,True,True,True,True,True,,False,7,0,0
2021,401282764,True,True,True,True,True,True,,False,0,0,0
2021,401282772,True,True,True,True,True,True,,False,0,0,0
2021,401282782,True,True,True,True,True,True,,False,0,0,0
2021,401282789,True,True,True,True,True,True,,False,7,0,0
2021,401282815,True,True,True,True,True,True,,False,0,0,0
2021,401282819,True,True,True,True,True,True,,False,0,0,0
2021,401282822,True,True,True,True,True,True,,False,7,0,0
2021,401286187,True,True,True,True,True,True,,False,14,0,0
2021,401286188,True,True,True,True,True,True,,False,7,0,0
2021,401286294,True,True,True,True,True,True,,False,7,0,0
2021,401287886,True,True,True,True,True,True,,False,14,0,0
2021,401287887,True,True,True,True,True,True,,False,0,0,0
2021,401287888,True,True,True,True,True,True,,False,0,0,0
2021,401287889,True,True,True,True,True,True,,False,0,0,0
2021,401287890,True,True,True,True,True,True,,False,0,0,0
2021,401287891,True,True,True,True,True,True,,True,7,0,0
2021,401287892,True,True,True,True,True,True,,False,0,0,0
2021,401287893,True,False,True,False,False,False,c1:last_drive_end_differs_from_certified_final;c1:cumulative_through_period_4_differs_from_line_scores;c3:drive_23_delta_2_2;c4:score_regression_between_drives;c4:excess_points_over_certified_final,False,4,0,0
2021,401287894,True,True,True,True,False,False,c4:score_regression_between_drives,False,-7,0,0
2021,401300993,True,True,True,True,True,True,,False,0,0,0
2021,401300994,True,True,True,True,True,True,,True,0,0,0
2021,401300995,True,True,False,True,True,False,c2:cfbd_drive_missing_from_ledger,False,0,1,0
2021,401300996,True,True,False,True,True,False,c2:cfbd_drive_missing_from_ledger,False,0,1,0
2021,401300997,True,True,True,True,True,True,,False,0,0,0
2021,401300998,True,True,False,False,False,False,c2:eligible_ledger_possession_missing_from_cfbd;c3:drive_3_delta_0_1;c4:score_regression_between_drives,False,-2,0,2
2021,401309540,True,True,True,True,True,True,,False,0,0,0
2021,401309541,True,True,True,True,True,True,,True,0,0,0
2021,401309542,True,True,True,True,True,True,,True,7,0,0
2021,401309543,True,True,True,True,True,True,,False,17,0,0
2021,401309598,True,True,True,True,True,True,,False,14,0,0
2021,401309600,True,True,True,True,True,True,,True,0,0,0
2021,401309601,True,True,True,True,True,True,,False,13,0,0
2021,401309602,True,True,True,True,True,True,,False,0,0,0
2021,401309833,True,True,True,True,True,True,,False,0,0,0
2021,401309834,True,True,True,True,True,True,,False,0,0,0
2021,401309835,True,True,True,True,True,True,,False,8,0,0
2021,401309836,True,True,True,True,True,True,,False,0,0,0
2021,401309837,True,True,True,True,False,False,c4:score_regression_between_drives,False,0,0,0
2021,401309838,True,True,True,True,True,True,,False,0,0,0
2021,401309839,True,True,True,True,True,True,,False,0,0,0
2021,401309840,True,True,True,False,False,False,c3:drive_16_delta_13_0;c4:score_regression_between_drives,False,-33,0,0
2021,401309841,True,True,True,True,True,True,,False,0,0,0
2021,401309842,True,True,False,True,True,False,c2:cfbd_drive_missing_from_ledger,False,1,1,0
2021,401309937,True,True,True,True,True,True,,False,0,0,0
2021,401310693,True,True,False,True,True,False,c2:cfbd_drive_missing_from_ledger,False,1,1,0
2021,401310694,True,False,False,True,False,False,c1:last_drive_end_differs_from_certified_final;c1:cumulative_through_period_2_differs_from_line_scores;c1:cumulative_through_period_4_differs_from_line_scores;c2:cfbd_drive_missing_from_ledger;c4:score_regression_between_drives;c4:period_order_conflict,False,15,1,0
2021,401310695,True,True,True,True,True,True,,True,0,0,0
2021,401310696,True,True,False,False,True,False,c2:cfbd_drive_missing_from_ledger;c3:drive_11_delta_7_3,False,1,1,0
2021,401310697,True,False,True,False,False,False,c1:last_drive_end_differs_from_certified_final;c1:cumulative_through_period_2_differs_from_line_scores;c1:cumulative_through_period_4_differs_from_line_scores;c3:drive_8_delta_0_1;c4:score_regression_between_drives,False,5,0,0
2021,401310698,True,True,True,True,True,True,,True,14,0,0
2021,401310699,True,True,True,True,True,True,,False,0,0,0
2021,401310861,True,True,True,True,True,True,,True,0,0,0
2021,401327913,True,False,True,False,False,False,c1:last_drive_end_differs_from_certified_final;c1:cumulative_through_period_4_differs_from_line_scores;c3:drive_6_delta_6_1;c4:score_regression_between_drives,False,-2,0,0
2021,401328545,True,True,True,False,True,False,c3:drive_6_delta_14_0,True,3,0,0
2021,401331164,True,True,True,True,True,True,,False,0,0,0
2021,401331165,True,True,True,True,True,True,,False,8,0,0
2021,401331166,True,True,True,True,True,True,,False,7,0,0
2021,401331167,True,False,False,True,False,False,c1:first_drive_not_0_0;c2:cfbd_drive_missing_from_ledger;c4:score_regression_between_drives,False,-2,1,0
2021,401331168,True,True,True,True,True,True,,False,0,0,0
2021,401331169,True,True,True,True,True,True,,False,7,0,0
2021,401331170,True,True,True,True,True,True,,False,7,0,0
2021,401331171,True,True,True,True,True,True,,False,0,0,0
2021,401331172,True,False,False,True,True,False,c1:first_drive_not_0_0;c2:cfbd_drive_missing_from_ledger,False,0,1,0
2021,401331213,True,True,True,True,True,True,,False,7,0,0
2021,401331214,True,True,True,True,True,True,,False,0,0,0
2021,401331215,True,True,False,True,True,False,c2:cfbd_drive_missing_from_ledger,False,0,1,0
2021,401331216,True,True,True,True,True,True,,False,7,0,0
2021,401331218,True,True,True,True,True,True,,False,0,0,0
2021,401331219,True,True,False,True,True,False,c2:cfbd_drive_missing_from_ledger,False,7,1,0
2021,401331221,True,True,True,True,True,True,,False,0,0,0
2021,401331222,True,False,True,False,False,False,c1:cumulative_through_period_2_differs_from_line_scores;c3:drive_15_delta_7_1;c4:score_regression_between_drives,False,-1,0,0
2021,401331223,True,True,True,True,True,True,,False,0,0,0
2021,401331224,True,True,True,True,True,True,,False,0,0,0
2021,401331226,True,True,True,True,True,True,,False,0,0,0
2021,401331227,True,True,True,True,True,True,,False,0,0,0
2021,401331228,True,True,True,True,True,True,,False,0,0,0
2021,401331229,True,True,True,True,True,True,,False,0,0,0
2021,401331230,True,True,True,True,True,True,,False,0,0,0
2021,401331231,True,True,True,True,True,True,,False,0,0,0
2021,401331232,True,True,False,True,True,False,c2:cfbd_drive_missing_from_ledger,False,0,1,0
2021,401331233,True,True,True,True,True,True,,False,0,0,0
2021,401331234,True,True,True,True,True,True,,False,0,0,0
2021,401331235,True,True,True,True,True,True,,False,0,0,0
2021,401331236,True,True,True,True,True,True,,False,7,0,0
2021,401331237,True,True,True,True,True,True,,False,0,0,0
2021,401331238,True,True,True,True,True,True,,False,0,0,0
2021,401331239,True,True,False,True,True,False,c2:cfbd_drive_missing_from_ledger,False,7,2,0
2021,401331240,True,True,True,True,True,True,,False,0,0,0
2021,401331241,True,True,True,True,True,True,,False,0,0,0
2021,401331242,True,True,True,True,True,True,,False,0,0,0
2021,401331654,True,True,True,True,True,True,,False,0,0,0
2021,401391158,True,True,True,True,True,True,,False,0,0,0
2021,401282056,True,True,True,True,True,True,,False,0,0,0
2021,401282057,True,True,True,True,True,True,,False,7,0,0
2021,401282058,True,True,True,True,True,True,,False,7,0,0
2021,401282059,True,True,True,True,True,True,,False,7,0,0
2021,401282060,True,True,True,True,True,True,,False,14,0,0
2021,401282061,True,True,True,True,True,True,,False,1,0,0
2021,401282062,True,True,True,True,True,True,,False,0,0,0
2021,401282063,True,True,True,True,True,True,,False,0,0,0
2021,401282064,True,False,False,False,False,False,c1:first_drive_not_0_0;c2:eligible_ledger_possession_missing_from_cfbd;c3:drive_2_delta_8_1;c4:score_regression_between_drives,False,-9,0,1
2021,401282065,True,True,True,True,True,True,,False,0,0,0
2021,401282066,True,True,False,True,True,False,c2:eligible_ledger_possession_missing_from_cfbd,False,0,0,1
2021,401282067,True,True,True,True,True,True,,False,0,0,0
2021,401282068,True,True,False,False,False,False,c2:eligible_ledger_possession_missing_from_cfbd;c3:drive_3_delta_1_0;c4:score_regression_between_drives,False,-4,0,4
2021,401282181,True,False,True,False,False,False,c1:first_drive_not_0_0;c1:cumulative_through_period_2_differs_from_line_scores;c3:drive_16_delta_8_1;c4:score_regression_between_drives,False,-6,0,0
2021,401282182,True,True,False,False,False,False,c2:cfbd_drive_missing_from_ledger;c3:drive_2_delta_0_1;c4:score_regression_between_drives,False,-10,1,0
2021,401282183,True,False,False,False,False,False,c1:first_drive_not_0_0;c1:last_drive_end_differs_from_certified_final;c1:cumulative_through_period_2_differs_from_line_scores;c1:cumulative_through_period_4_differs_from_line_scores;c2:eligible_ledger_possession_missing_from_cfbd;c3:drive_4_delta_1_0;c4:score_regression_between_drives;c4:excess_points_over_certified_final,False,-17,0,9
2021,401282184,True,True,True,False,False,False,c3:drive_4_delta_7_1;c4:score_regression_between_drives,False,-13,0,0
2021,401282185,True,True,True,True,True,True,,True,0,0,0
2021,401282186,True,True,True,True,True,True,,True,0,0,0
2021,401282187,True,True,True,True,True,True,,False,7,0,0
2021,401282188,True,True,True,True,True,True,,False,0,0,0
2021,401282189,True,False,True,True,False,False,c1:last_drive_end_differs_from_certified_final;c4:score_regression_between_drives,False,-13,0,0
2021,401282190,True,True,True,True,False,False,c4:score_regression_between_drives,False,0,0,0
2021,401282191,True,True,True,True,True,True,,False,14,0,0
2021,401282192,True,False,False,True,False,False,c1:last_drive_end_differs_from_certified_final;c1:cumulative_through_period_2_differs_from_line_scores;c1:cumulative_through_period_4_differs_from_line_scores;c2:eligible_ledger_possession_missing_from_cfbd;c4:excess_points_over_certified_final,False,7,0,1
2021,401282193,True,True,True,True,True,True,,False,0,0,0
2021,401282615,True,True,True,True,True,True,,False,7,0,0
2021,401282616,True,True,True,True,True,True,,False,0,0,0
2021,401282617,True,True,True,True,True,True,,False,0,0,0
2021,401282618,True,True,True,True,True,True,,False,0,0,0
2021,401282619,True,True,True,True,True,True,,False,0,0,0
2021,401282620,True,True,False,True,True,False,c2:cfbd_drive_missing_from_ledger,False,7,1,0
2021,401282621,True,True,True,True,True,True,,False,0,0,0
2021,401282622,True,True,True,True,True,True,,False,0,0,0
2021,401282623,True,True,False,True,False,False,c2:cfbd_drive_missing_from_ledger;c4:score_regression_between_drives,False,14,1,0
2021,401282624,True,True,True,True,True,True,,False,0,0,0
2021,401282625,True,True,True,True,True,True,,False,0,0,0
2021,401282705,True,True,True,True,True,True,,False,7,0,0
2021,401282724,True,True,True,True,True,True,,False,0,0,0
2021,401282754,True,True,False,True,True,False,c2:cfbd_drive_missing_from_ledger,False,7,1,0
2021,401282773,True,True,True,True,True,True,,False,0,0,0
2021,401282783,True,True,True,True,True,True,,False,0,0,0
2021,401282790,True,True,True,True,True,True,,False,0,0,0
2021,401282797,True,True,True,True,True,True,,False,14,0,0
2021,401282804,True,True,True,True,True,True,,False,0,0,0
2021,401282809,True,True,True,True,True,True,,False,0,0,0
2021,401282816,True,True,True,True,False,False,c4:score_regression_between_drives,False,1,0,0
2021,401282820,True,True,True,True,True,True,,False,0,0,0
2021,401282825,True,True,True,True,True,True,,False,7,0,0
2021,401286207,True,True,True,True,True,True,,False,7,0,0
2021,401286295,True,True,True,True,False,False,c4:score_regression_between_drives,False,0,0,0
2021,401287895,True,True,True,True,False,False,c4:score_regression_between_drives,False,14,0,0
2021,401287896,True,True,True,True,False,False,c4:score_regression_between_drives,False,-7,0,0
2021,401287897,True,True,False,True,True,False,c2:cfbd_drive_missing_from_ledger,False,0,1,0
2021,401287898,True,True,True,True,True,True,,False,0,0,0
2021,401287899,True,True,True,False,False,False,c3:drive_21_delta_18_22;c4:score_regression_between_drives;c4:excess_points_over_certified_final,False,-66,0,0
2021,401287900,True,True,True,True,True,True,,False,0,0,0
2021,401287901,True,False,True,False,True,False,c1:cumulative_through_period_1_differs_from_line_scores;c3:drive_8_delta_4_0,True,0,0,0
2021,401287902,True,False,True,False,False,False,c1:first_drive_not_0_0;c1:last_drive_end_differs_from_certified_final;c1:cumulative_through_period_2_differs_from_line_scores;c1:cumulative_through_period_4_differs_from_line_scores;c3:drive_1_delta_1_8;c4:score_regression_between_drives;c4:excess_points_over_certified_final,False,-36,0,0
2021,401300999,True,True,True,False,False,False,c3:drive_6_delta_24_0;c4:score_regression_between_drives;c4:excess_points_over_certified_final,False,-89,0,0
2021,401301000,True,False,False,False,False,False,c1:first_drive_not_0_0;c1:last_drive_end_differs_from_certified_final;c1:cumulative_through_period_2_differs_from_line_scores;c1:cumulative_through_period_4_differs_from_line_scores;c2:cfbd_drive_missing_from_ledger;c2:eligible_ledger_possession_missing_from_cfbd;c3:drive_6_delta_11_1;c4:score_regression_between_drives,False,-39,14,10
2021,401301001,True,True,True,True,True,True,,False,0,0,0
2021,401301002,True,True,False,True,True,False,c2:eligible_ledger_possession_missing_from_cfbd,False,14,0,1
2021,401301003,True,True,True,True,True,True,,False,0,0,0
2021,401301004,True,True,True,True,True,True,,False,0,0,0
2021,401309544,True,True,True,True,True,True,,False,0,0,0
2021,401309545,True,True,True,True,True,True,,False,0,0,0
2021,401309546,True,False,True,False,False,False,c1:first_drive_not_0_0;c1:last_drive_end_differs_from_certified_final;c1:cumulative_through_period_2_differs_from_line_scores;c1:cumulative_through_period_4_differs_from_line_scores;c3:drive_1_delta_1_1;c4:score_regression_between_drives,False,-17,0,0
2021,401309547,True,False,True,True,False,False,c1:last_drive_end_differs_from_certified_final;c1:cumulative_through_period_4_differs_from_line_scores;c4:excess_points_over_certified_final,False,9,0,0
2021,401309548,True,False,True,False,True,False,c1:cumulative_through_period_1_differs_from_line_scores;c1:cumulative_through_period_2_differs_from_line_scores;c1:cumulative_through_period_3_differs_from_line_scores;c3:drive_13_delta_9_0,False,0,0,0
2021,401309603,True,True,True,True,True,True,,False,0,0,0
2021,401309753,True,False,True,True,False,False,c1:first_drive_not_0_0;c4:score_regression_between_drives,False,-5,0,0
2021,401309843,True,True,True,True,True,True,,False,7,0,0
2021,401309844,True,True,True,True,True,True,,False,7,0,0
2021,401309845,True,True,True,True,True,True,,False,0,0,0
2021,401309846,True,True,True,True,True,True,,False,0,0,0
2021,401309847,True,True,True,True,True,True,,False,0,0,0
2021,401309848,True,True,True,True,True,True,,False,0,0,0
2021,401310700,True,True,True,False,False,False,c3:drive_23_delta_5_0;c4:score_regression_between_drives,False,-1,0,0
2021,401310701,True,True,True,False,False,False,c3:drive_6_delta_3_13;c4:score_regression_between_drives;c4:excess_points_over_certified_final,False,-54,0,0
2021,401310702,True,True,True,True,True,True,,False,14,0,0
2021,401310703,True,True,True,False,False,False,c3:drive_3_delta_14_0;c4:score_regression_between_drives,False,-7,0,0
2021,401282069,True,True,True,True,True,True,,False,7,0,0
2021,401282070,True,True,True,True,True,True,,False,0,0,0
2021,401282071,True,True,True,True,True,True,,False,0,0,0
2021,401282072,True,True,True,True,True,True,,False,2,0,0
2021,401282073,True,True,True,True,True,True,,False,0,0,0
2021,401282074,True,True,True,True,True,True,,False,0,0,0
2021,401282075,True,True,True,True,True,True,,False,0,0,0
2021,401282076,True,True,True,True,True,True,,False,0,0,0
2021,401282077,True,True,True,True,True,True,,False,0,0,0
2021,401282078,True,True,True,True,True,True,,False,0,0,0
2021,401282079,True,True,True,True,True,True,,False,7,0,0
2021,401282080,True,True,True,True,True,True,,False,0,0,0
2021,401282194,True,False,True,True,False,False,c1:last_drive_end_differs_from_certified_final;c4:score_regression_between_drives,False,-23,0,0
2021,401282195,True,True,True,True,True,True,,False,0,0,0
2021,401282196,True,True,True,False,False,False,c3:drive_22_delta_2_0;c4:score_regression_between_drives,False,-8,0,0
2021,401282197,True,True,True,True,True,True,,False,7,0,0
2021,401282198,True,True,True,True,True,True,,False,7,0,0
2021,401282199,True,True,True,True,True,True,,False,0,0,0
2021,401282200,True,False,True,True,False,False,c1:first_drive_not_0_0;c4:score_regression_between_drives,False,-17,0,0
2021,401282201,True,True,True,True,True,True,,False,0,0,0
2021,401282202,True,True,True,True,True,True,,True,0,0,0
2021,401282203,True,True,True,True,True,True,,False,0,0,0
2021,401282626,True,True,True,True,True,True,,False,0,0,0
2021,401282627,True,True,True,True,True,True,,False,0,0,0
2021,401282628,True,True,True,True,True,True,,False,0,0,0
2021,401282629,True,True,True,True,True,True,,False,0,0,0
2021,401282630,True,True,True,True,True,True,,False,0,0,0
2021,401282631,True,True,True,True,True,True,,False,0,0,0
2021,401282632,True,True,True,False,False,False,c3:drive_13_delta_0_1;c4:score_regression_between_drives,False,4,0,0
2021,401282633,True,True,True,True,True,True,,False,7,0,0
2021,401282634,True,True,True,True,True,True,,False,0,0,0
2021,401282635,True,True,True,True,True,True,,False,0,0,0
2021,401282636,True,True,True,True,True,True,,False,0,0,0
2021,401282706,True,True,True,True,True,True,,False,7,0,0
2021,401282715,True,True,False,True,False,False,c2:cfbd_drive_missing_from_ledger;c4:score_regression_between_drives;c4:excess_points_over_certified_final,False,-7,1,0
2021,401282725,True,True,False,True,True,False,c2:cfbd_drive_missing_from_ledger,False,6,1,0
2021,401282755,True,True,True,True,True,True,,False,0,0,0
2021,401282774,True,True,True,True,True,True,,False,7,0,0
2021,401282791,True,True,True,True,True,True,,False,0,0,0
2021,401282798,True,True,True,True,True,True,,False,0,0,0
2021,401282810,True,True,False,True,True,False,c2:cfbd_drive_missing_from_ledger;c2:eligible_ledger_possession_missing_from_cfbd,False,0,1,1
2021,401282823,True,True,True,True,True,True,,False,0,0,0
2021,401286189,True,True,False,True,True,False,c2:cfbd_drive_missing_from_ledger,False,7,1,0
2021,401286300,True,True,True,True,True,True,,False,0,0,0
2021,401287903,True,True,True,False,False,False,c3:drive_7_delta_1_1;c4:score_regression_between_drives;c4:excess_points_over_certified_final,False,-3,0,0
2021,401287904,True,True,True,True,True,True,,False,7,0,0
2021,401287905,True,True,True,True,True,True,,False,0,0,0
2021,401287906,True,True,True,True,True,True,,True,0,0,0
2021,401301005,True,True,True,True,True,True,,False,0,0,0
2021,401301006,True,True,True,True,True,True,,False,0,0,0
2021,401308843,True,True,True,True,True,True,,True,0,0,0
2021,401309549,True,True,True,True,True,True,,False,7,0,0
2021,401309550,True,True,True,True,True,True,,False,0,0,0
2021,401309551,True,False,True,False,True,False,c1:last_drive_end_differs_from_certified_final;c1:cumulative_through_period_1_differs_from_line_scores;c1:cumulative_through_period_2_differs_from_line_scores;c1:cumulative_through_period_3_differs_from_line_scores;c1:cumulative_through_period_4_differs_from_line_scores;c3:drive_6_delta_4_0,False,0,0,0
2021,401309552,True,True,True,True,True,True,,False,0,0,0
2021,401309553,True,True,True,True,True,True,,False,0,0,0
2021,401309604,True,True,True,True,True,True,,False,0,0,0
2021,401309605,True,True,True,True,True,True,,False,0,0,0
2021,401309606,True,True,True,True,True,True,,False,0,0,0
2021,401309607,True,True,True,True,True,True,,True,0,0,0
2021,401309608,True,True,True,True,True,True,,False,0,0,0
2021,401309609,True,True,True,True,True,True,,False,1,0,0
2021,401309849,True,True,True,False,False,False,c3:drive_15_delta_7_29;c4:score_regression_between_drives;c4:excess_points_over_certified_final,False,-25,0,0
2021,401309850,True,True,True,True,True,True,,False,0,0,0
2021,401309851,True,True,True,True,True,True,,False,0,0,0
2021,401309852,True,True,True,True,True,True,,False,7,0,0
2021,401309853,True,True,True,True,False,False,c4:score_regression_between_drives;c4:excess_points_over_certified_final,False,7,0,0
2021,401309854,True,True,True,True,True,True,,False,0,0,0
2021,401309855,True,True,True,True,True,True,,False,0,0,0
2021,401309856,True,False,True,True,True,False,c1:last_drive_end_differs_from_certified_final,False,28,0,0
2021,401310704,True,False,True,False,False,False,c1:cumulative_through_period_2_differs_from_line_scores;c3:drive_12_delta_7_1;c4:score_regression_between_drives,False,0,0,0
2021,401310705,True,True,True,True,True,True,,False,0,0,0
2021,401319455,True,False,True,True,False,False,c1:last_drive_end_differs_from_certified_final;c1:cumulative_through_period_4_differs_from_line_scores;c4:excess_points_over_certified_final,False,2,0,0
2021,401282081,True,False,False,True,True,False,c1:first_drive_not_0_0;c2:cfbd_drive_missing_from_ledger,False,14,2,0
2021,401282082,True,True,True,True,True,True,,False,0,0,0
2021,401282083,True,True,True,True,True,True,,False,0,0,0
2021,401282084,True,True,True,True,True,True,,False,0,0,0
2021,401282085,True,True,True,True,True,True,,False,7,0,0
2021,401282086,True,True,False,True,True,False,c2:cfbd_drive_missing_from_ledger,False,0,1,0
2021,401282087,True,True,True,True,True,True,,False,0,0,0
2021,401282088,True,True,True,True,True,True,,False,0,0,0
2021,401282204,True,True,True,True,True,True,,False,1,0,0
2021,401282205,True,True,True,True,True,True,,False,0,0,0
2021,401282206,True,True,True,True,True,True,,False,0,0,0
2021,401282207,True,True,True,True,True,True,,False,7,0,0
2021,401282208,True,True,False,True,True,False,c2:cfbd_drive_missing_from_ledger;c2:eligible_ledger_possession_missing_from_cfbd,False,7,2,1
2021,401282209,True,True,True,True,True,True,,False,0,0,0
2021,401282210,True,True,True,True,True,True,,False,0,0,0
2021,401282211,True,True,True,True,True,True,,False,0,0,0
2021,401282212,True,True,True,True,True,True,,False,0,0,0
2021,401282213,True,True,True,True,True,True,,False,0,0,0
2021,401282214,True,False,True,True,True,False,c1:cumulative_through_period_1_differs_from_line_scores,False,0,0,0
2021,401282637,True,True,True,True,True,True,,False,0,0,0
2021,401282638,True,True,True,True,True,True,,False,0,0,0
2021,401282639,True,True,True,True,True,True,,False,0,0,0
2021,401282640,True,True,True,True,True,True,,False,0,0,0
2021,401282641,True,True,True,True,True,True,,False,0,0,0
2021,401282642,True,True,True,True,True,True,,True,14,0,0
2021,401282643,True,True,True,True,True,True,,False,0,0,0
2021,401282644,True,True,True,True,True,True,,False,0,0,0
2021,401282645,True,True,True,True,True,True,,False,7,0,0
2021,401282707,True,True,False,True,True,False,c2:cfbd_drive_missing_from_ledger,False,7,1,0
2021,401282716,True,True,True,True,True,True,,False,0,0,0
2021,401282756,True,True,True,True,True,True,,False,7,0,0
2021,401282765,True,True,True,True,True,True,,False,0,0,0
2021,401282775,True,True,True,True,True,True,,False,0,0,0
2021,401282784,True,True,True,True,True,True,,False,0,0,0
2021,401282792,True,True,True,True,True,True,,False,0,0,0
2021,401282805,True,True,True,True,True,True,,False,7,0,0
2021,401282811,True,True,True,True,True,True,,False,0,0,0
2021,401282817,True,True,True,True,True,True,,False,7,0,0
2021,401286190,True,True,True,True,True,True,,False,0,0,0
2021,401286301,True,True,True,True,True,True,,False,0,0,0
2021,401287907,True,True,True,False,False,False,c3:drive_13_delta_17_29;c4:score_regression_between_drives;c4:excess_points_over_certified_final,False,-78,0,0
2021,401287908,True,True,True,True,True,True,,False,0,0,0
2021,401287909,True,True,False,False,False,False,c2:cfbd_drive_missing_from_ledger;c2:eligible_ledger_possession_missing_from_cfbd;c3:drive_6_delta_28_10;c4:score_regression_between_drives,False,-24,1,1
2021,401287910,True,False,True,False,True,False,c1:cumulative_through_period_2_differs_from_line_scores;c3:drive_19_delta_5_0,False,2,0,0
2021,401287911,True,True,True,True,True,True,,False,0,0,0
2021,401301007,True,True,True,True,True,True,,False,0,0,0
2021,401301008,True,True,True,True,True,True,,False,0,0,0
2021,401301009,True,True,False,True,True,False,c2:cfbd_drive_missing_from_ledger,False,0,2,0
2021,401301010,True,False,True,True,False,False,c1:first_drive_not_0_0;c4:score_regression_between_drives,False,-7,0,0
2021,401301011,True,True,True,True,True,True,,True,28,0,0
2021,401308834,True,True,True,False,False,False,c3:drive_8_delta_1_4;c4:score_regression_between_drives,False,2,0,0
2021,401309554,True,True,True,True,True,True,,False,0,0,0
2021,401309555,True,True,True,True,True,True,,False,0,0,0
2021,401309556,True,True,True,True,True,True,,False,0,0,0
2021,401309557,True,True,True,True,True,True,,False,0,0,0
2021,401309610,True,True,True,True,True,True,,False,0,0,0
2021,401309611,True,True,True,True,True,True,,False,0,0,0
2021,401309857,True,False,True,True,True,False,c1:last_drive_end_differs_from_certified_final,False,0,0,0
2021,401309858,True,False,True,True,False,False,c1:first_drive_not_0_0;c4:score_regression_between_drives,False,7,0,0
2021,401309859,True,True,True,False,False,False,c3:drive_14_delta_9_0;c4:score_regression_between_drives,False,-2,0,0
2021,401309860,True,True,True,True,True,True,,False,0,0,0
2021,401309861,True,True,True,True,True,True,,False,0,0,0
2021,401309862,True,True,True,True,True,True,,False,0,0,0
2021,401310706,True,True,True,True,True,True,,False,0,0,0
2021,401310707,True,True,True,True,True,True,,False,0,0,0
2021,401310708,True,True,True,True,True,True,,False,2,0,0
2021,401310709,True,True,True,True,True,True,,False,0,0,0
2021,401282089,True,True,True,True,True,True,,False,0,0,0
2021,401282090,True,True,True,True,True,True,,False,0,0,0
2021,401282091,True,True,True,True,True,True,,False,0,0,0
2021,401282092,True,True,False,False,False,False,c2:cfbd_drive_missing_from_ledger;c3:drive_14_delta_0_3;c4:score_regression_between_drives,False,-3,2,0
2021,401282093,True,False,True,False,False,False,c1:cumulative_through_period_2_differs_from_line_scores;c3:drive_17_delta_49_18;c4:score_regression_between_drives;c4:excess_points_over_certified_final,False,-39,0,0
2021,401282094,True,True,True,True,True,True,,False,0,0,0
2021,401282095,True,True,True,True,True,True,,False,0,0,0
2021,401282096,True,True,True,True,True,True,,False,0,0,0
2021,401282215,True,True,True,False,False,False,c3:drive_14_delta_7_1;c4:score_regression_between_drives,False,-3,0,0
2021,401282216,True,False,True,True,False,False,c1:first_drive_not_0_0;c4:score_regression_between_drives,False,-42,0,0
2021,401282217,True,False,True,False,False,False,c1:last_drive_end_differs_from_certified_final;c1:cumulative_through_period_2_differs_from_line_scores;c1:cumulative_through_period_4_differs_from_line_scores;c3:drive_9_delta_5_1;c4:score_regression_between_drives,False,-9,0,0
2021,401282218,True,False,True,False,False,False,c1:last_drive_end_differs_from_certified_final;c1:cumulative_through_period_4_differs_from_line_scores;c3:drive_15_delta_25_15;c4:score_regression_between_drives;c4:excess_points_over_certified_final,False,-60,0,0
2021,401282219,True,True,True,True,True,True,,False,7,0,0
2021,401282220,True,True,True,True,True,True,,False,0,0,0
2021,401282221,True,True,True,True,True,True,,False,7,0,0
2021,401282222,True,True,True,True,True,True,,False,0,0,0
2021,401282223,True,True,True,True,True,True,,False,0,0,0
2021,401282646,True,True,True,True,True,True,,False,2,0,0
2021,401282647,True,True,True,True,True,True,,False,0,0,0
2021,401282648,True,True,True,True,True,True,,False,0,0,0
2021,401282649,True,True,True,True,True,True,,False,0,0,0
2021,401282650,True,True,True,True,True,True,,False,0,0,0
2021,401282651,True,True,True,True,True,True,,False,0,0,0
2021,401282708,True,True,True,True,True,True,,False,0,0,0
2021,401282729,True,True,False,True,True,False,c2:eligible_ledger_possession_missing_from_cfbd,False,0,0,1
2021,401282759,True,True,True,True,True,True,,False,0,0,0
2021,401282776,True,True,True,True,True,True,,False,0,0,0
2021,401282793,True,True,True,True,True,True,,False,0,0,0
2021,401282800,True,True,True,True,True,True,,False,7,0,0
2021,401282813,True,True,True,True,True,True,,False,0,0,0
2021,401286302,True,True,True,True,True,True,,False,21,0,0
2021,401287912,True,True,True,True,True,True,,False,7,0,0
2021,401287913,True,True,False,True,True,False,c2:cfbd_drive_missing_from_ledger,False,0,1,0
2021,401287914,True,True,True,True,True,True,,False,0,0,0
2021,401287915,True,True,True,True,True,True,,False,0,0,0
2021,401287916,True,True,True,True,True,True,,False,0,0,0
2021,401301012,True,True,True,True,True,True,,False,0,0,0
2021,401301013,True,True,True,True,True,True,,False,14,0,0
2021,401301014,True,True,True,True,True,True,,False,0,0,0
2021,401301015,True,True,True,True,True,True,,False,7,0,0
2021,401301016,True,True,True,True,True,True,,False,1,0,0
2021,401308835,True,True,True,True,True,True,,True,0,0,0
2021,401309558,True,True,True,True,True,True,,False,0,0,0
2021,401309559,True,False,True,True,True,False,c1:first_drive_not_0_0,False,7,0,0
2021,401309560,True,False,True,False,False,False,c1:last_drive_end_differs_from_certified_final;c1:cumulative_through_period_2_differs_from_line_scores;c1:cumulative_through_period_4_differs_from_line_scores;c3:drive_1_delta_2_1;c4:score_regression_between_drives;c4:excess_points_over_certified_final,False,-9,0,0
2021,401309561,True,True,True,True,True,True,,False,7,0,0
2021,401309562,True,True,True,True,True,True,,False,0,0,0
2021,401309612,True,True,True,True,True,True,,False,7,0,0
2021,401309613,True,True,True,True,True,True,,False,0,0,0
2021,401309614,True,True,True,True,True,True,,False,0,0,0
2021,401309615,True,True,True,True,True,True,,True,0,0,0
2021,401309863,True,False,True,False,True,False,c1:cumulative_through_period_2_differs_from_line_scores;c3:drive_15_delta_4_0,False,3,0,0
2021,401309864,True,True,True,True,True,True,,False,0,0,0
2021,401309865,True,True,True,True,True,True,,False,7,0,0
2021,401309866,True,True,False,True,True,False,c2:eligible_ledger_possession_missing_from_cfbd,False,0,0,1
2021,401309867,True,True,True,True,True,True,,False,0,0,0
2021,401309912,True,True,True,True,True,True,,False,0,0,0
2021,401310710,True,True,True,True,True,True,,False,0,0,0
2021,401310711,True,True,True,True,True,True,,False,0,0,0
2021,401310712,True,True,True,True,True,True,,False,0,0,0
2021,401310713,True,True,True,True,True,True,,False,7,0,0
2021,401282097,True,True,True,True,True,True,,False,7,0,0
2021,401282098,True,True,True,True,True,True,,False,0,0,0
2021,401282099,True,True,True,True,True,True,,False,0,0,0
2021,401282100,True,True,True,True,True,True,,False,0,0,0
2021,401282101,True,True,True,False,True,False,c3:drive_23_delta_7_1,True,0,0,0
2021,401282102,True,True,True,True,True,True,,False,0,0,0
2021,401282103,True,True,False,False,False,False,c2:cfbd_drive_missing_from_ledger;c3:drive_21_delta_0_3;c4:score_regression_between_drives,False,-6,2,0
2021,401282224,True,True,True,True,True,True,,False,0,0,0
2021,401282225,True,True,True,True,True,True,,False,0,0,0
2021,401282226,True,False,False,False,False,False,c1:last_drive_end_differs_from_certified_final;c2:eligible_ledger_possession_missing_from_cfbd;c3:drive_6_delta_7_3;c4:score_regression_between_drives,False,-44,0,8
2021,401282227,True,True,True,True,True,True,,False,0,0,0
2021,401282228,True,True,True,True,True,True,,False,0,0,0
2021,401282229,True,False,True,True,False,False,c1:cumulative_through_period_3_differs_from_line_scores;c4:score_regression_between_drives,False,0,0,0
2021,401282652,True,True,True,True,True,True,,False,0,0,0
2021,401282653,True,True,True,True,True,True,,False,1,0,0
2021,401282654,True,True,True,True,True,True,,False,0,0,0
2021,401282655,True,True,True,True,True,True,,False,6,0,0
2021,401282656,True,True,True,True,True,True,,False,0,0,0
2021,401282718,True,True,True,True,True,True,,False,0,0,0
2021,401282758,True,True,True,True,True,True,,False,7,0,0
2021,401282769,True,True,True,True,True,True,,False,0,0,0
2021,401282778,True,True,True,True,True,True,,False,8,0,0
2021,401282788,True,True,True,True,True,True,,False,7,0,0
2021,401286191,True,True,False,True,True,False,c2:cfbd_drive_missing_from_ledger,False,0,1,0
2021,401287917,True,False,True,True,False,False,c1:last_drive_end_differs_from_certified_final;c4:score_regression_between_drives,False,-10,0,0
2021,401287918,True,True,False,True,True,False,c2:cfbd_drive_missing_from_ledger,False,0,1,0
2021,401287919,True,True,True,True,True,True,,False,0,0,0
2021,401301017,True,True,True,True,True,True,,False,7,0,0
2021,401301018,True,True,True,True,True,True,,False,0,0,0
2021,401301019,True,True,True,True,True,True,,False,0,0,0
2021,401301020,True,True,True,True,True,True,,False,0,0,0
2021,401301021,True,True,False,True,True,False,c2:cfbd_drive_missing_from_ledger,False,7,1,0
2021,401308836,True,True,True,True,True,True,,False,0,0,0
2021,401309563,True,True,True,True,True,True,,False,0,0,0
2021,401309564,True,True,True,True,True,True,,False,0,0,0
2021,401309565,True,True,True,True,True,True,,False,0,0,0
2021,401309566,True,True,True,True,True,True,,True,0,0,0
2021,401309567,True,True,True,True,True,True,,False,0,0,0
2021,401309616,True,True,True,True,True,True,,False,0,0,0
2021,401309617,True,True,True,True,True,True,,False,0,0,0
2021,401309618,True,True,True,True,True,True,,False,0,0,0
2021,401309619,True,False,True,True,False,False,c1:last_drive_end_differs_from_certified_final;c1:cumulative_through_period_2_differs_from_line_scores;c1:cumulative_through_period_3_differs_from_line_scores;c1:cumulative_through_period_4_differs_from_line_scores;c4:period_order_conflict,True,0,0,0
2021,401309868,True,True,True,True,True,True,,False,0,0,0
2021,401309869,True,True,True,True,True,True,,False,0,0,0
2021,401309870,True,True,True,True,True,True,,False,0,0,0
2021,401309871,True,True,True,True,False,False,c4:score_regression_between_drives,False,0,0,0
2021,401309913,True,True,True,True,True,True,,False,0,0,0
2021,401310714,True,True,True,True,True,True,,False,0,0,0
2021,401310715,True,True,True,False,False,False,c3:drive_2_delta_0_1;c4:score_regression_between_drives,False,-2,0,0
2021,401310716,True,True,True,True,True,True,,False,1,0,0
2021,401310717,True,True,True,True,True,True,,False,0,0,0
2021,401282104,True,True,True,True,True,True,,False,7,0,0
2021,401282105,True,True,False,True,True,False,c2:cfbd_drive_missing_from_ledger,False,0,1,0
2021,401282106,True,True,True,True,True,True,,False,7,0,0
2021,401282107,True,True,True,True,True,True,,False,0,0,0
2021,401282108,True,True,True,True,True,True,,False,0,0,0
2021,401282109,True,True,True,True,False,False,c4:score_regression_between_drives,False,0,0,0
2021,401282110,True,True,True,True,True,True,,False,0,0,0
2021,401282230,True,True,True,True,True,True,,False,2,0,0
2021,401282231,True,True,True,True,True,True,,False,7,0,0
2021,401282232,True,True,True,True,True,True,,False,0,0,0
2021,401282233,True,True,True,True,True,True,,False,0,0,0
2021,401282234,True,True,True,True,True,True,,False,0,0,0
2021,401282657,True,True,True,True,True,True,,False,0,0,0
2021,401282658,True,True,True,True,True,True,,False,2,0,0
2021,401282659,True,True,True,True,True,True,,False,7,0,0
2021,401282660,True,True,True,True,True,True,,False,0,0,0
2021,401282661,True,True,True,True,True,True,,False,0,0,0
2021,401282731,True,True,True,True,True,True,,False,0,0,0
2021,401282760,True,True,True,True,True,True,,False,0,0,0
2021,401282796,True,True,True,True,True,True,,False,2,0,0
2021,401282807,True,True,True,True,True,True,,False,0,0,0
2021,401282826,True,True,True,True,True,True,,False,7,0,0
2021,401286192,True,True,True,True,True,True,,False,0,0,0
2021,401286296,True,True,True,True,True,True,,False,7,0,0
2021,401287920,True,True,True,True,True,True,,False,0,0,0
2021,401287921,True,True,True,True,True,True,,False,0,0,0
2021,401287922,True,True,True,True,True,True,,False,0,0,0
2021,401287923,True,True,True,True,False,False,c4:score_regression_between_drives,False,-7,0,0
2021,401287924,True,True,True,True,True,True,,False,0,0,0
2021,401301022,True,True,True,True,True,True,,False,0,0,0
2021,401301023,True,True,True,True,True,True,,False,7,0,0
2021,401301024,True,True,True,False,False,False,c3:drive_9_delta_11_18;c4:score_regression_between_drives;c4:excess_points_over_certified_final,False,-15,0,0
2021,401308837,True,True,True,True,True,True,,False,7,0,0
2021,401309568,True,True,True,True,True,True,,False,0,0,0
2021,401309569,True,False,True,True,True,False,c1:last_drive_end_differs_from_certified_final,False,0,0,0
2021,401309570,True,False,True,False,False,False,c1:cumulative_through_period_2_differs_from_line_scores;c3:drive_10_delta_14_22;c4:score_regression_between_drives;c4:excess_points_over_certified_final,False,-52,0,0
2021,401309571,True,True,True,True,True,True,,False,0,0,0
2021,401309572,True,True,True,True,True,True,,False,7,0,0
2021,401309620,True,True,True,True,True,True,,False,0,0,0
2021,401309621,True,True,True,True,True,True,,False,7,0,0
2021,401309622,True,True,True,True,True,True,,False,0,0,0
2021,401309872,True,True,True,True,True,True,,False,0,0,0
2021,401309873,True,True,True,True,True,True,,False,7,0,0
2021,401309874,True,True,True,True,True,True,,False,0,0,0
2021,401309875,True,True,True,False,False,False,c3:drive_18_delta_0_1;c4:score_regression_between_drives,False,-2,0,0
2021,401309876,True,True,True,True,True,True,,False,0,0,0
2021,401310718,True,True,False,True,True,False,c2:cfbd_drive_missing_from_ledger,False,0,1,0
2021,401310719,True,True,True,True,True,True,,False,0,0,0
2021,401310720,True,True,True,True,False,False,c4:score_regression_between_drives,False,0,0,0
2021,401310721,True,True,True,True,True,True,,False,0,0,0
2021,401310722,True,True,True,True,True,True,,False,0,0,0
2021,401310723,True,False,True,True,False,False,c1:last_drive_end_differs_from_certified_final;c4:excess_points_over_certified_final,False,14,0,0
2021,401282111,True,True,True,True,True,True,,False,0,0,0
2021,401282112,True,False,True,True,False,False,c1:first_drive_not_0_0;c4:score_regression_between_drives,False,0,0,0
2021,401282113,True,True,True,True,True,True,,False,0,0,0
2021,401282114,True,True,True,True,True,True,,False,0,0,0
2021,401282115,True,True,True,True,False,False,c4:score_regression_between_drives,False,-6,0,0
2021,401282235,True,True,True,True,True,True,,False,7,0,0
2021,401282236,True,True,True,True,True,True,,True,0,0,0
2021,401282237,True,False,True,False,False,False,c1:last_drive_end_differs_from_certified_final;c1:cumulative_through_period_1_differs_from_line_scores;c1:cumulative_through_period_2_differs_from_line_scores;c1:cumulative_through_period_3_differs_from_line_scores;c1:cumulative_through_period_4_differs_from_line_scores;c3:drive_8_delta_7_1;c4:score_regression_between_drives,False,0,0,0
2021,401282238,True,True,True,True,True,True,,False,0,0,0
2021,401282239,True,True,True,False,True,False,c3:drive_22_delta_4_0,False,0,0,0
2021,401282240,True,True,True,True,True,True,,False,0,0,0
2021,401282662,True,True,True,True,True,True,,False,0,0,0
2021,401282663,True,True,True,True,True,True,,False,0,0,0
2021,401282664,True,True,True,True,True,True,,False,0,0,0
2021,401282665,True,True,True,False,False,False,c3:drive_22_delta_7_1;c4:score_regression_between_drives,False,-1,0,0
2021,401282666,True,True,True,True,True,True,,False,0,0,0
2021,401282667,True,True,True,False,False,False,c3:drive_18_delta_2_0;c4:score_regression_between_drives,False,-8,0,0
2021,401282668,True,True,True,True,True,True,,False,2,0,0
2021,401282709,True,True,True,True,True,True,,False,0,0,0
2021,401282717,True,False,True,True,True,False,c1:last_drive_end_differs_from_certified_final,True,0,0,0
2021,401282730,True,True,True,True,True,True,,False,0,0,0
2021,401282767,True,True,True,True,True,True,,False,0,0,0
2021,401282779,True,True,True,True,True,True,,False,0,0,0
2021,401282821,True,True,True,True,True,True,,False,0,0,0
2021,401287925,True,True,True,True,True,True,,False,0,0,0
2021,401287926,True,True,True,True,True,True,,False,0,0,0
2021,401287927,True,False,True,True,True,False,c1:first_drive_not_0_0,False,0,0,0
2021,401287928,True,True,True,True,True,True,,False,2,0,0
2021,401301025,True,True,True,True,True,True,,False,0,0,0
2021,401301026,True,True,True,True,True,True,,False,0,0,0
2021,401301027,True,True,True,True,True,True,,False,3,0,0
2021,401301028,True,True,False,True,True,False,c2:cfbd_drive_missing_from_ledger,False,14,1,0
2021,401301029,True,True,True,True,True,True,,False,0,0,0
2021,401308838,True,True,True,True,True,True,,False,0,0,0
2021,401309573,True,True,True,True,True,True,,False,0,0,0
2021,401309574,True,False,False,False,False,False,c1:last_drive_end_differs_from_certified_final;c1:cumulative_through_period_2_differs_from_line_scores;c1:cumulative_through_period_4_differs_from_line_scores;c2:eligible_ledger_possession_missing_from_cfbd;c3:drive_11_delta_6_1;c4:score_regression_between_drives,False,6,0,1
2021,401309575,True,False,True,False,False,False,c1:last_drive_end_differs_from_certified_final;c1:cumulative_through_period_2_differs_from_line_scores;c1:cumulative_through_period_4_differs_from_line_scores;c3:drive_14_delta_9_1;c4:score_regression_between_drives,False,6,0,0
2021,401309576,True,True,True,True,True,True,,False,0,0,0
2021,401309577,True,True,True,True,True,True,,False,4,0,0
2021,401309623,True,True,True,True,True,True,,False,0,0,0
2021,401309624,True,True,True,True,True,True,,False,0,0,0
2021,401309625,True,True,True,True,True,True,,False,0,0,0
2021,401309626,True,True,True,True,True,True,,False,0,0,0
2021,401309877,True,True,True,True,True,True,,False,0,0,0
2021,401309878,True,True,True,True,True,True,,False,0,0,0
2021,401309879,True,True,False,True,True,False,c2:eligible_ledger_possession_missing_from_cfbd,False,3,0,1
2021,401309880,True,True,True,True,True,True,,False,0,0,0
2021,401309881,True,True,True,True,True,True,,False,1,0,0
2021,401310724,True,True,True,True,True,True,,False,0,0,0
2021,401310725,True,True,True,True,True,True,,False,1,0,0
2021,401310726,True,True,True,True,True,True,,False,0,0,0
2021,401310727,True,True,True,True,True,True,,False,0,0,0
2021,401310728,True,True,True,True,True,True,,False,0,0,0
2021,401310729,True,True,True,False,False,False,c3:drive_2_delta_3_1;c4:score_regression_between_drives,False,-4,0,0
2021,401282116,True,True,True,True,True,True,,False,0,0,0
2021,401282117,True,True,True,True,True,True,,False,14,0,0
2021,401282118,True,True,True,True,True,True,,False,0,0,0
2021,401282119,True,False,True,False,True,False,c1:last_drive_end_differs_from_certified_final;c1:cumulative_through_period_1_differs_from_line_scores;c1:cumulative_through_period_2_differs_from_line_scores;c1:cumulative_through_period_3_differs_from_line_scores;c1:cumulative_through_period_4_differs_from_line_scores;c3:drive_6_delta_6_1,False,0,0,0
2021,401282241,True,True,True,True,True,True,,False,0,0,0
2021,401282242,True,False,True,False,False,False,c1:last_drive_end_differs_from_certified_final;c1:cumulative_through_period_1_differs_from_line_scores;c1:cumulative_through_period_2_differs_from_line_scores;c1:cumulative_through_period_3_differs_from_line_scores;c1:cumulative_through_period_4_differs_from_line_scores;c3:drive_16_delta_9_0;c4:score_regression_between_drives,False,0,0,0
2021,401282243,True,False,True,False,False,False,c1:last_drive_end_differs_from_certified_final;c1:cumulative_through_period_2_differs_from_line_scores;c1:cumulative_through_period_4_differs_from_line_scores;c3:drive_13_delta_7_1;c4:score_regression_between_drives,False,-12,0,0
2021,401282244,True,True,True,False,False,False,c3:drive_11_delta_11_11;c4:score_regression_between_drives,False,-11,0,0
2021,401282245,True,True,True,True,True,True,,False,0,0,0
2021,401282246,True,False,True,True,True,False,c1:last_drive_end_differs_from_certified_final,False,0,0,0
2021,401282669,True,True,True,True,True,True,,False,0,0,0
2021,401282670,True,True,True,True,True,True,,False,0,0,0
2021,401282671,True,True,True,False,False,False,c3:drive_7_delta_1_0;c4:score_regression_between_drives,False,-3,0,0
2021,401282672,True,True,True,True,True,True,,False,0,0,0
2021,401282673,True,True,True,True,True,True,,False,7,0,0
2021,401282674,True,True,True,False,False,False,c3:drive_5_delta_0_1;c4:score_regression_between_drives,False,-2,0,0
2021,401282675,True,False,True,False,False,False,c1:last_drive_end_differs_from_certified_final;c1:cumulative_through_period_4_differs_from_line_scores;c3:drive_19_delta_0_1;c4:score_regression_between_drives,False,-3,0,0
2021,401282676,True,True,True,True,True,True,,False,0,0,0
2021,401282719,True,True,True,True,True,True,,False,0,0,0
2021,401282726,True,False,True,False,False,False,c1:last_drive_end_differs_from_certified_final;c1:cumulative_through_period_4_differs_from_line_scores;c3:drive_15_delta_4_0;c4:score_regression_between_drives,False,-8,0,0
2021,401282763,True,False,True,False,False,False,c1:last_drive_end_differs_from_certified_final;c1:cumulative_through_period_4_differs_from_line_scores;c3:drive_5_delta_0_1;c4:score_regression_between_drives,False,1,0,0
2021,401282777,True,True,True,False,False,False,c3:drive_3_delta_0_1;c4:score_regression_between_drives,False,-9,0,0
2021,401282795,True,False,True,False,False,False,c1:last_drive_end_differs_from_certified_final;c1:cumulative_through_period_2_differs_from_line_scores;c1:cumulative_through_period_4_differs_from_line_scores;c3:drive_4_delta_4_0;c4:score_regression_between_drives,False,-6,0,0
2021,401282801,True,True,True,False,False,False,c3:drive_7_delta_3_1;c4:score_regression_between_drives,False,-2,0,0
2021,401282814,True,True,True,True,True,True,,False,0,0,0
2021,401286297,True,True,True,True,True,True,,False,0,0,0
2021,401287929,True,True,True,False,False,False,c3:drive_5_delta_4_0;c4:score_regression_between_drives,False,-14,0,0
2021,401287930,True,False,True,False,False,False,c1:last_drive_end_differs_from_certified_final;c1:cumulative_through_period_2_differs_from_line_scores;c1:cumulative_through_period_4_differs_from_line_scores;c3:drive_1_delta_6_15;c4:score_regression_between_drives;c4:excess_points_over_certified_final,False,-46,0,0
2021,401287931,True,False,True,False,False,False,c1:first_drive_not_0_0;c1:cumulative_through_period_2_differs_from_line_scores;c3:drive_1_delta_8_9;c4:score_regression_between_drives,False,1,0,0
2021,401287932,True,True,True,True,True,True,,False,0,0,0
2021,401287933,True,True,True,True,True,True,,False,7,0,0
2021,401301030,True,True,False,True,True,False,c2:cfbd_drive_missing_from_ledger,False,7,1,0
2021,401301031,True,True,True,False,False,False,c3:drive_5_delta_0_1;c4:score_regression_between_drives,False,-1,0,0
2021,401301032,True,True,True,True,True,True,,False,0,0,0
2021,401301033,True,True,True,True,True,True,,False,0,0,0
2021,401301034,True,True,False,True,True,False,c2:cfbd_drive_missing_from_ledger,False,14,1,0
2021,401309578,True,False,True,False,False,False,c1:cumulative_through_period_2_differs_from_line_scores;c3:drive_1_delta_7_1;c4:score_regression_between_drives,False,-28,0,0
2021,401309627,True,True,True,True,True,True,,False,0,0,0
2021,401309628,True,False,True,False,True,False,c1:last_drive_end_differs_from_certified_final;c1:cumulative_through_period_1_differs_from_line_scores;c1:cumulative_through_period_2_differs_from_line_scores;c1:cumulative_through_period_3_differs_from_line_scores;c1:cumulative_through_period_4_differs_from_line_scores;c3:drive_14_delta_6_1,False,0,0,0
2021,401309629,True,True,False,True,True,False,c2:cfbd_drive_missing_from_ledger,False,7,1,0
2021,401309630,True,True,True,True,True,True,,True,0,0,0
2021,401309631,True,False,True,False,False,False,c1:last_drive_end_differs_from_certified_final;c1:cumulative_through_period_4_differs_from_line_scores;c3:drive_12_delta_4_0;c4:score_regression_between_drives,False,-6,0,0
2021,401309882,True,False,True,True,False,False,c1:last_drive_end_differs_from_certified_final;c1:cumulative_through_period_4_differs_from_line_scores;c4:score_regression_between_drives;c4:excess_points_over_certified_final,False,5,0,0
2021,401309883,True,True,True,True,True,True,,False,2,0,0
2021,401309884,True,True,True,False,False,False,c3:drive_9_delta_3_1;c4:score_regression_between_drives,False,-1,0,0
2021,401309885,True,True,True,True,True,True,,False,0,0,0
2021,401309886,True,True,True,True,True,True,,False,0,0,0
2021,401309887,True,True,True,True,True,True,,False,2,0,0
2021,401310730,True,False,True,False,True,False,c1:last_drive_end_differs_from_certified_final;c1:cumulative_through_period_4_differs_from_line_scores;c3:drive_5_delta_4_0,False,0,0,0
2021,401310731,True,False,True,False,False,False,c1:last_drive_end_differs_from_certified_final;c1:cumulative_through_period_4_differs_from_line_scores;c3:drive_3_delta_0_1;c4:score_regression_between_drives,False,-13,0,0
2021,401310732,True,False,True,False,True,False,c1:last_drive_end_differs_from_certified_final;c1:cumulative_through_period_2_differs_from_line_scores;c1:cumulative_through_period_3_differs_from_line_scores;c1:cumulative_through_period_4_differs_from_line_scores;c3:drive_9_delta_4_0,False,0,0,0
2021,401310733,True,False,True,False,False,False,c1:last_drive_end_differs_from_certified_final;c1:cumulative_through_period_2_differs_from_line_scores;c1:cumulative_through_period_4_differs_from_line_scores;c3:drive_7_delta_4_0;c4:score_regression_between_drives,False,-4,0,0
2021,401310734,True,True,True,True,True,True,,False,0,0,0
2021,401282120,True,True,True,True,True,True,,False,0,0,0
2021,401282121,True,False,True,False,False,False,c1:last_drive_end_differs_from_certified_final;c1:cumulative_through_period_2_differs_from_line_scores;c1:cumulative_through_period_4_differs_from_line_scores;c3:drive_9_delta_4_0;c4:score_regression_between_drives,False,-5,0,0
2021,401282122,True,True,True,True,True,True,,False,0,0,0
2021,401282123,True,True,True,True,True,True,,False,0,0,0
2021,401282124,True,True,True,True,True,True,,False,0,0,0
2021,401282125,True,True,True,True,True,True,,False,0,0,0
2021,401282126,True,True,True,True,True,True,,False,0,0,0
2021,401282247,True,True,True,True,True,True,,False,7,0,0
2021,401282248,True,True,True,False,False,False,c3:drive_7_delta_3_1;c4:score_regression_between_drives,False,-2,0,0
2021,401282249,True,False,True,False,False,False,c1:last_drive_end_differs_from_certified_final;c1:cumulative_through_period_2_differs_from_line_scores;c1:cumulative_through_period_4_differs_from_line_scores;c3:drive_4_delta_10_7;c4:score_regression_between_drives,False,-198,0,0
2021,401282250,True,True,True,True,True,True,,False,7,0,0
2021,401282251,True,True,True,True,True,True,,False,0,0,0
2021,401282252,True,True,True,True,True,True,,False,0,0,0
2021,401282253,True,True,True,True,True,True,,False,0,0,0
2021,401282677,True,True,True,True,True,True,,False,0,0,0
2021,401282678,True,True,True,False,False,False,c3:drive_11_delta_15_20;c4:score_regression_between_drives;c4:excess_points_over_certified_final,False,-58,0,0
2021,401282679,True,True,True,True,True,True,,False,7,0,0
2021,401282680,True,False,True,False,False,False,c1:cumulative_through_period_2_differs_from_line_scores;c3:drive_2_delta_7_1;c4:score_regression_between_drives,False,-2,0,0
2021,401282681,True,True,True,False,False,False,c3:drive_22_delta_3_1;c4:score_regression_between_drives,False,8,0,0
2021,401282682,True,True,True,True,True,True,,False,0,0,0
2021,401282710,True,True,True,True,True,True,,False,0,0,0
2021,401282720,True,True,True,True,True,True,,False,0,0,0
2021,401282727,True,True,False,True,False,False,c2:cfbd_drive_missing_from_ledger;c2:eligible_ledger_possession_missing_from_cfbd;c4:score_regression_between_drives,False,0,1,1
2021,401282757,True,True,True,False,False,False,c3:drive_3_delta_0_1;c4:score_regression_between_drives,False,-1,0,0
2021,401282768,True,False,True,False,False,False,c1:last_drive_end_differs_from_certified_final;c1:cumulative_through_period_4_differs_from_line_scores;c3:drive_7_delta_1_0;c4:score_regression_between_drives,False,-8,0,0
2021,401282787,True,True,True,True,True,True,,False,0,0,0
2021,401282799,True,True,False,True,True,False,c2:cfbd_drive_missing_from_ledger;c2:eligible_ledger_possession_missing_from_cfbd,False,0,1,1
2021,401282824,True,True,True,True,True,True,,False,7,0,0
2021,401286303,True,True,True,True,True,True,,False,0,0,0
2021,401287934,True,True,True,False,False,False,c3:drive_17_delta_7_1;c4:score_regression_between_drives,False,6,0,0
2021,401287935,True,True,True,True,True,True,,False,0,0,0
2021,401287936,True,True,True,True,True,True,,False,0,0,0
2021,401287937,True,True,True,True,True,True,,False,0,0,0
2021,401301035,True,False,True,False,True,False,c1:cumulative_through_period_1_differs_from_line_scores;c1:cumulative_through_period_2_differs_from_line_scores;c1:cumulative_through_period_3_differs_from_line_scores;c3:drive_24_delta_3_1,False,0,0,0
2021,401301036,True,True,True,False,False,False,c3:drive_4_delta_0_1;c4:score_regression_between_drives,False,-1,0,0
2021,401301037,True,True,True,True,True,True,,False,0,0,0
2021,401301038,True,False,False,True,True,False,c1:first_drive_not_0_0;c2:cfbd_drive_missing_from_ledger,False,14,2,0
2021,401301039,True,False,True,False,True,False,c1:last_drive_end_differs_from_certified_final;c1:cumulative_through_period_3_differs_from_line_scores;c1:cumulative_through_period_4_differs_from_line_scores;c3:drive_9_delta_6_1,False,0,0,0
2021,401308839,True,True,True,True,True,True,,False,0,0,0
2021,401309579,True,False,False,False,False,False,c1:last_drive_end_differs_from_certified_final;c1:cumulative_through_period_2_differs_from_line_scores;c1:cumulative_through_period_4_differs_from_line_scores;c2:eligible_ledger_possession_missing_from_cfbd;c3:drive_4_delta_3_1;c4:score_regression_between_drives,False,-59,0,1
2021,401309580,True,True,False,True,True,False,c2:cfbd_drive_missing_from_ledger,False,21,1,0
2021,401309581,True,True,True,True,True,True,,False,0,0,0
2021,401309582,True,True,True,True,True,True,,False,0,0,0
2021,401309632,True,True,True,True,True,True,,False,0,0,0
2021,401309633,True,True,True,False,False,False,c3:drive_4_delta_0_1;c4:score_regression_between_drives,False,-10,0,0
2021,401309634,True,True,True,True,True,True,,False,0,0,0
2021,401309635,True,True,True,True,True,True,,False,0,0,0
2021,401309636,True,False,True,False,False,False,c1:first_drive_not_0_0;c3:drive_1_delta_13_0;c4:score_regression_between_drives,False,-6,0,0
2021,401309888,True,True,True,True,True,True,,False,14,0,0
2021,401309889,True,True,True,True,True,True,,False,0,0,0
2021,401309890,True,True,True,True,True,True,,False,2,0,0
2021,401309891,True,True,True,False,False,False,c3:drive_4_delta_7_1;c4:score_regression_between_drives,False,0,0,0
2021,401309892,True,True,True,False,False,False,c3:drive_14_delta_3_3;c4:score_regression_between_drives,False,-3,0,0
2021,401309914,True,True,True,True,True,True,,False,0,0,0
2021,401310253,True,False,True,False,False,False,c1:last_drive_end_differs_from_certified_final;c3:drive_13_delta_0_1;c4:score_regression_between_drives;c4:excess_points_over_certified_final,False,-5,0,0
2021,401310735,True,True,True,True,True,True,,False,0,0,0
2021,401310736,True,False,True,False,True,False,c1:last_drive_end_differs_from_certified_final;c1:cumulative_through_period_1_differs_from_line_scores;c1:cumulative_through_period_3_differs_from_line_scores;c1:cumulative_through_period_4_differs_from_line_scores;c3:drive_4_delta_6_1,False,0,0,0
2021,401310737,True,False,True,False,True,False,c1:last_drive_end_differs_from_certified_final;c1:cumulative_through_period_4_differs_from_line_scores;c3:drive_9_delta_6_1,False,7,0,0
2021,401310738,True,True,True,True,True,True,,False,1,0,0
2021,401310739,True,True,True,True,True,True,,False,7,0,0
2021,401310740,True,True,True,True,True,True,,False,0,0,0
2021,401282127,True,True,True,True,True,True,,False,0,0,0
2021,401282128,True,True,True,True,True,True,,False,0,0,0
2021,401282129,True,True,True,True,True,True,,False,7,0,0
2021,401282130,True,True,True,True,True,True,,False,0,0,0
2021,401282131,True,True,True,True,True,True,,False,2,0,0
2021,401282132,True,True,True,True,True,True,,False,0,0,0
2021,401282133,True,True,True,True,True,True,,False,0,0,0
2021,401282134,True,True,True,True,True,True,,False,0,0,0
2021,401282254,True,True,True,True,True,True,,False,0,0,0
2021,401282255,True,True,True,False,True,False,c3:drive_7_delta_4_0,True,0,0,0
2021,401282256,True,True,True,True,True,True,,False,2,0,0
2021,401282257,True,True,True,True,False,False,c4:score_regression_between_drives,False,-3,0,0
2021,401282258,True,True,True,True,True,True,,False,7,0,0
2021,401282259,True,False,True,False,False,False,c1:first_drive_not_0_0;c3:drive_1_delta_0_3;c4:score_regression_between_drives,False,-60,0,0
2021,401282260,True,True,True,True,True,True,,False,7,0,0
2021,401282683,True,True,True,True,True,True,,False,0,0,0
2021,401282684,True,False,True,True,True,False,c1:first_drive_not_0_0,False,0,0,0
2021,401282685,True,True,True,True,True,True,,False,7,0,0
2021,401282686,True,True,True,True,False,False,c4:score_regression_between_drives,False,-9,0,0
2021,401282687,True,True,True,True,True,True,,False,0,0,0
2021,401282688,True,True,True,True,True,True,,False,0,0,0
2021,401282689,True,True,True,True,True,True,,False,7,0,0
2021,401282690,True,True,False,True,True,False,c2:cfbd_drive_missing_from_ledger,False,14,1,0
2021,401282728,True,True,True,True,True,True,,False,0,0,0
2021,401282762,True,True,True,True,True,True,,False,7,0,0
2021,401282771,True,True,True,True,True,True,,False,0,0,0
2021,401282780,True,True,True,True,True,True,,False,0,0,0
2021,401282806,True,True,True,True,True,True,,False,0,0,0
2021,401282812,True,True,True,True,True,True,,False,7,0,0
2021,401286304,True,True,True,False,False,False,c3:drive_8_delta_14_0;c4:score_regression_between_drives,False,-7,0,0
2021,401287938,True,False,False,False,False,False,c1:cumulative_through_period_2_differs_from_line_scores;c2:eligible_ledger_possession_missing_from_cfbd;c3:drive_9_delta_1_14;c4:score_regression_between_drives,False,-65,0,11
2021,401287939,True,True,True,True,True,True,,False,0,0,0
2021,401287940,True,True,True,False,True,False,c3:drive_21_delta_7_1,True,0,0,0
2021,401287941,True,False,True,True,True,False,c1:last_drive_end_differs_from_certified_final,False,7,0,0
2021,401287942,True,True,True,True,True,True,,False,0,0,0
2021,401301040,True,True,True,True,True,True,,False,21,0,0
2021,401301041,True,True,True,False,False,False,c3:drive_22_delta_7_1;c4:score_regression_between_drives,False,-1,0,0
2021,401301042,True,True,True,True,True,True,,False,7,0,0
2021,401301043,True,True,True,True,True,True,,False,0,0,0
2021,401301044,True,False,False,True,True,False,c1:cumulative_through_period_4_differs_from_line_scores;c2:cfbd_drive_missing_from_ledger,False,0,1,0
2021,401308840,True,True,True,True,True,True,,False,9,0,0
2021,401309583,True,False,True,True,True,False,c1:cumulative_through_period_3_differs_from_line_scores,False,0,0,0
2021,401309584,True,True,True,False,False,False,c3:drive_7_delta_18_14;c4:score_regression_between_drives;c4:excess_points_over_certified_final,False,-53,0,0
2021,401309585,True,True,True,True,True,True,,False,7,0,0
2021,401309586,True,True,True,True,True,True,,False,7,0,0
2021,401309587,True,True,True,True,True,True,,False,0,0,0
2021,401309637,True,True,True,True,True,True,,False,7,0,0
2021,401309638,True,True,True,True,True,True,,False,0,0,0
2021,401309639,True,True,True,True,False,False,c4:score_regression_between_drives,False,-2,0,0
2021,401309640,True,True,True,True,True,True,,False,0,0,0
2021,401309641,True,True,True,True,True,True,,False,0,0,0
2021,401309894,True,True,True,True,True,True,,False,0,0,0
2021,401309895,True,True,True,True,True,True,,False,0,0,0
2021,401309896,True,True,True,True,True,True,,False,0,0,0
2021,401309897,True,True,True,True,True,True,,False,0,0,0
2021,401309898,True,True,True,True,True,True,,False,0,0,0
2021,401310254,True,True,False,True,True,False,c2:cfbd_drive_missing_from_ledger,False,0,1,0
2021,401310741,True,True,True,True,True,True,,False,0,0,0
2021,401310742,True,True,True,True,True,True,,False,0,0,0
2021,401310743,True,True,True,True,True,True,,False,0,0,0
2021,401310744,True,True,True,True,True,True,,False,0,0,0
2021,401310745,True,True,True,True,True,True,,True,0,0,0
2021,401310746,True,True,True,True,True,True,,False,0,0,0
2021,401282135,True,True,True,True,True,True,,False,0,0,0
2021,401282136,True,True,True,True,True,True,,False,7,0,0
2021,401282137,True,True,True,True,True,True,,False,0,0,0
2021,401282138,True,True,True,True,True,True,,False,0,0,0
2021,401282139,True,True,True,True,True,True,,False,0,0,0
2021,401282140,True,True,True,True,True,True,,False,0,0,0
2021,401282141,True,True,True,True,True,True,,False,0,0,0
2021,401282142,True,True,True,True,True,True,,False,0,0,0
2021,401282143,True,False,True,False,False,False,c1:last_drive_end_differs_from_certified_final;c1:cumulative_through_period_2_differs_from_line_scores;c1:cumulative_through_period_4_differs_from_line_scores;c3:drive_10_delta_8_36;c4:score_regression_between_drives;c4:excess_points_over_certified_final,False,-72,0,0
2021,401282144,True,True,True,True,True,True,,False,0,0,0
2021,401282261,True,True,True,True,True,True,,False,0,0,0
2021,401282262,True,False,True,False,False,False,c1:cumulative_through_period_2_differs_from_line_scores;c3:drive_1_delta_4_1;c4:score_regression_between_drives;c4:excess_points_over_certified_final,False,-38,0,0
2021,401282263,True,True,True,True,True,True,,False,0,0,0
2021,401282264,True,False,True,False,True,False,c1:last_drive_end_differs_from_certified_final;c1:cumulative_through_period_4_differs_from_line_scores;c3:drive_8_delta_7_3,True,0,0,0
2021,401282265,True,True,True,True,True,True,,True,0,0,0
2021,401282266,True,False,True,False,False,False,c1:last_drive_end_differs_from_certified_final;c1:cumulative_through_period_4_differs_from_line_scores;c3:drive_22_delta_14_0;c4:score_regression_between_drives;c4:excess_points_over_certified_final,False,0,0,0
2021,401282267,True,True,True,True,True,True,,False,0,0,0
2021,401282691,True,True,True,True,True,True,,False,0,0,0
2021,401282692,True,True,True,True,True,True,,False,0,0,0
2021,401282693,True,True,True,True,True,True,,False,0,0,0
2021,401282694,True,True,True,True,True,True,,False,0,0,0
2021,401282695,True,True,True,False,False,False,c3:drive_10_delta_8_22;c4:score_regression_between_drives;c4:excess_points_over_certified_final,False,-76,0,0
2021,401282696,True,True,True,True,True,True,,False,0,0,0
2021,401282697,True,True,True,True,True,True,,False,0,0,0
2021,401282698,True,True,False,True,True,False,c2:cfbd_drive_missing_from_ledger;c2:eligible_ledger_possession_missing_from_cfbd,False,14,1,1
2021,401282721,True,True,True,False,False,False,c3:drive_4_delta_11_8;c4:score_regression_between_drives,False,-24,0,0
2021,401282732,True,True,True,True,True,True,,False,0,0,0
2021,401282770,True,True,False,True,True,False,c2:cfbd_drive_missing_from_ledger,False,7,1,0
2021,401282786,True,True,True,True,True,True,,False,0,0,0
2021,401282803,True,False,False,True,True,False,c1:first_drive_not_0_0;c2:cfbd_drive_missing_from_ledger,False,0,1,0
2021,401282808,True,True,True,True,True,True,,False,0,0,0
2021,401282818,True,True,True,True,True,True,,False,0,0,0
2021,401286293,True,True,True,True,True,True,,False,7,0,0
2021,401286298,True,True,True,True,True,True,,False,0,0,0
2021,401286305,True,True,True,True,True,True,,False,0,0,0
2021,401287943,True,True,True,True,True,True,,False,0,0,0
2021,401287944,True,False,True,False,False,False,c1:last_drive_end_differs_from_certified_final;c1:cumulative_through_period_2_differs_from_line_scores;c1:cumulative_through_period_4_differs_from_line_scores;c3:drive_1_delta_7_1;c4:score_regression_between_drives,False,-23,0,0
2021,401287945,True,True,False,True,True,False,c2:cfbd_drive_missing_from_ledger,False,0,1,0
2021,401287946,True,True,True,True,True,True,,False,0,0,0
2021,401287947,True,True,True,True,True,True,,False,0,0,0
2021,401301045,True,True,True,True,True,True,,False,7,0,0
2021,401301046,True,True,True,True,True,True,,False,7,0,0
2021,401301047,True,True,False,True,True,False,c2:cfbd_drive_missing_from_ledger,False,14,1,0
2021,401301048,True,True,True,True,True,True,,False,7,0,0
2021,401301049,True,False,True,True,False,False,c1:first_drive_not_0_0;c4:score_regression_between_drives,False,-27,0,0
2021,401308841,True,True,True,True,True,True,,False,7,0,0
2021,401309588,True,True,True,True,True,True,,False,0,0,0
2021,401309589,True,False,True,True,False,False,c1:cumulative_through_period_2_differs_from_line_scores;c4:score_regression_between_drives,False,-28,0,0
2021,401309590,True,True,True,True,True,True,,False,0,0,0
2021,401309591,True,False,True,False,False,False,c1:cumulative_through_period_2_differs_from_line_scores;c3:drive_2_delta_0_1;c4:score_regression_between_drives,False,-32,0,0
2021,401309592,True,True,True,True,True,True,,True,0,0,0
2021,401309642,True,True,True,True,True,True,,False,7,0,0
2021,401309643,True,False,True,True,True,False,c1:last_drive_end_differs_from_certified_final;c1:cumulative_through_period_4_differs_from_line_scores,True,0,0,0
2021,401309644,True,True,True,True,True,True,,False,0,0,0
2021,401309645,True,True,True,True,True,True,,False,0,0,0
2021,401309899,True,True,True,True,False,False,c4:score_regression_between_drives,False,0,0,0
2021,401309900,True,True,True,True,False,False,c4:score_regression_between_drives;c4:excess_points_over_certified_final,False,-2,0,0
2021,401309901,True,True,True,True,True,True,,False,0,0,0
2021,401309902,True,True,False,True,True,False,c2:cfbd_drive_missing_from_ledger,False,0,1,0
2021,401309903,True,True,True,True,True,True,,False,0,0,0
2021,401309904,True,True,True,False,False,False,c3:drive_21_delta_27_43;c4:score_regression_between_drives,False,-63,0,0
2021,401310747,True,False,True,True,True,False,c1:last_drive_end_differs_from_certified_final,False,7,0,0
2021,401310748,True,True,True,True,True,True,,False,0,0,0
2021,401310749,True,True,True,True,True,True,,False,0,0,0
2021,401310750,True,True,True,False,False,False,c3:drive_5_delta_8_15;c4:score_regression_between_drives,False,-9,0,0
2021,401310751,True,True,True,True,True,True,,False,0,0,0
2021,401282145,True,True,True,True,True,True,,False,0,0,0
2021,401282146,True,False,True,False,False,False,c1:last_drive_end_differs_from_certified_final;c3:drive_32_delta_3_3;c4:score_regression_between_drives,False,-1,0,0
2021,401282147,True,True,True,True,True,True,,False,0,0,0
2021,401282148,True,True,True,True,True,True,,False,0,0,0
2021,401282149,True,True,True,True,True,True,,False,0,0,0
2021,401282150,True,True,True,True,True,True,,False,0,0,0
2021,401282151,True,True,True,True,True,True,,False,0,0,0
2021,401282152,True,True,True,True,True,True,,False,0,0,0
2021,401282153,True,True,True,True,True,True,,False,2,0,0
2021,401282268,True,True,True,True,True,True,,False,0,0,0
2021,401282269,True,True,True,True,True,True,,False,20,0,0
2021,401282270,True,False,True,False,False,False,c1:last_drive_end_differs_from_certified_final;c1:cumulative_through_period_2_differs_from_line_scores;c1:cumulative_through_period_4_differs_from_line_scores;c3:drive_16_delta_4_0;c4:score_regression_between_drives,False,7,0,0
2021,401282271,True,False,True,True,False,False,c1:first_drive_not_0_0;c4:score_regression_between_drives,False,-66,0,0
2021,401282272,True,True,True,False,False,False,c3:drive_25_delta_22_44;c4:score_regression_between_drives;c4:excess_points_over_certified_final,False,-182,0,0
2021,401282273,True,True,True,True,True,True,,False,0,0,0
2021,401282274,True,True,True,True,True,True,,False,0,0,0
2021,401282699,True,True,True,True,True,True,,False,0,0,0
2021,401282700,True,True,True,True,True,True,,False,0,0,0
2021,401282701,True,True,True,False,False,False,c3:drive_3_delta_11_11;c4:score_regression_between_drives,False,-8,0,0
2021,401282702,True,True,True,True,True,True,,False,0,0,0
2021,401282703,True,True,True,True,True,True,,False,0,0,0
2021,401282711,True,True,True,True,True,True,,False,0,0,0
2021,401282722,True,True,True,True,True,True,,False,14,0,0
2021,401282753,True,True,True,False,False,False,c3:drive_5_delta_7_1;c4:score_regression_between_drives,False,-1,0,0
2021,401282761,True,True,True,True,True,True,,False,0,0,0
2021,401282766,True,True,True,False,True,False,c3:drive_11_delta_1_0,False,6,0,0
2021,401282781,True,True,True,True,True,True,,False,0,0,0
2021,401282785,True,True,True,True,True,True,,False,0,0,0
2021,401282794,True,True,True,True,True,True,,False,0,0,0
2021,401286299,True,True,True,True,True,True,,False,0,0,0
2021,401286306,True,True,True,True,True,True,,False,0,0,0
2021,401287948,True,True,True,True,True,True,,False,0,0,0
2021,401287949,True,True,True,True,True,True,,False,0,0,0
2021,401287950,True,True,True,True,True,True,,False,2,0,0
2021,401287951,True,True,False,True,True,False,c2:cfbd_drive_missing_from_ledger,False,9,1,0
2021,401287952,True,True,True,True,True,True,,False,0,0,0
2021,401301050,True,True,True,True,True,True,,False,0,0,0
2021,401301051,True,True,True,True,True,True,,False,0,0,0
2021,401301052,True,True,True,True,True,True,,False,0,0,0
2021,401301053,True,True,True,True,True,True,,False,0,0,0
2021,401301054,True,True,True,True,True,True,,False,7,0,0
2021,401301055,True,True,True,True,True,True,,False,7,0,0
2021,401308842,True,False,True,True,True,False,c1:last_drive_end_differs_from_certified_final,False,9,0,0
2021,401309593,True,True,True,False,False,False,c3:drive_7_delta_2_3;c4:score_regression_between_drives,False,-5,0,0
2021,401309594,True,True,True,True,True,True,,False,7,0,0
2021,401309595,True,True,True,True,True,True,,False,7,0,0
2021,401309596,True,True,True,True,True,True,,False,0,0,0
2021,401309597,True,True,True,True,True,True,,False,0,0,0
2021,401309646,True,True,True,True,True,True,,False,14,0,0
2021,401309647,True,True,True,True,False,False,c4:score_regression_between_drives,False,0,0,0
2021,401309648,True,False,False,True,True,False,c1:cumulative_through_period_4_differs_from_line_scores;c2:cfbd_drive_missing_from_ledger,False,0,1,0
2021,401309649,True,True,True,True,True,True,,False,0,0,0
2021,401309650,True,True,True,True,True,True,,False,0,0,0
2021,401309905,True,True,True,True,True,True,,False,0,0,0
2021,401309906,True,True,True,False,False,False,c3:drive_11_delta_15_14;c4:score_regression_between_drives;c4:excess_points_over_certified_final,False,-15,0,0
2021,401309907,True,True,True,True,True,True,,False,0,0,0
2021,401309908,True,True,True,True,True,True,,False,0,0,0
2021,401309909,True,True,True,True,True,True,,False,9,0,0
2021,401309910,True,True,True,True,True,True,,False,0,0,0
2021,401310752,True,True,True,True,True,True,,False,7,0,0
2021,401310753,True,True,True,True,True,True,,False,0,0,0
2021,401310754,True,True,True,True,True,True,,False,7,0,0
2021,401310755,True,True,True,True,True,True,,False,0,0,0
2021,401310756,True,True,True,True,True,True,,False,0,0,0
2021,401310757,True,True,True,False,False,False,c3:drive_10_delta_5_0;c4:score_regression_between_drives,False,4,0,0
2021,401282154,True,True,True,True,True,True,,False,0,0,0
2021,401282156,True,True,True,True,True,True,,False,7,0,0
2021,401287953,True,True,True,True,True,True,,False,0,0,0
2021,401310676,True,True,True,True,True,True,,False,0,0,0
2021,401331159,True,True,True,True,True,True,,False,0,0,0
2021,401331160,True,True,True,True,True,True,,False,0,0,0
2021,401331161,True,True,True,True,True,True,,False,0,0,0
2021,401331162,True,True,True,True,True,True,,False,0,0,0
2021,401331163,True,True,True,True,True,True,,False,0,0,0
2021,401331447,True,True,True,True,True,True,,False,7,0,0
2021,401387250,True,True,False,False,False,False,c2:eligible_ledger_possession_missing_from_cfbd;c3:drive_3_delta_0_3;c4:score_regression_between_drives,False,-11,0,11
2021,401301056,True,False,True,False,False,False,c1:last_drive_end_differs_from_certified_final;c1:cumulative_through_period_1_differs_from_line_scores;c1:cumulative_through_period_2_differs_from_line_scores;c1:cumulative_through_period_3_differs_from_line_scores;c1:cumulative_through_period_4_differs_from_line_scores;c3:drive_3_delta_0_3;c4:excess_points_over_certified_final,False,0,0,0
2022,401403853,True,True,True,True,True,True,,False,7,0,0
2022,401403854,True,True,True,True,True,True,,False,0,0,0
2022,401403855,True,True,True,True,True,True,,False,0,0,0
2022,401403856,True,True,True,True,True,True,,False,0,0,0
2022,401403857,True,True,True,True,True,True,,False,0,0,0
2022,401403858,True,True,True,True,True,True,,False,0,0,0
2022,401403859,True,True,True,False,False,False,c3:drive_11_delta_22_42;c4:score_regression_between_drives;c4:excess_points_over_certified_final,False,-264,0,0
2022,401403860,True,True,True,True,True,True,,False,0,0,0
2022,401403861,True,True,True,True,True,True,,False,0,0,0
2022,401403863,True,True,True,False,False,False,c3:drive_19_delta_0_3;c4:score_regression_between_drives,False,-12,0,0
2022,401403864,True,True,True,True,True,True,,False,7,0,0
2022,401403865,True,True,True,True,True,True,,False,0,0,0
2022,401403866,True,True,True,True,True,True,,False,0,0,0
2022,401403867,True,False,True,False,False,False,c1:last_drive_end_differs_from_certified_final;c1:cumulative_through_period_1_differs_from_line_scores;c1:cumulative_through_period_2_differs_from_line_scores;c1:cumulative_through_period_3_differs_from_line_scores;c1:cumulative_through_period_4_differs_from_line_scores;c3:drive_1_delta_0_3;c4:excess_points_over_certified_final,False,0,0,0
2022,401403965,True,False,True,False,True,False,c1:cumulative_through_period_2_differs_from_line_scores;c3:drive_13_delta_7_3,True,0,0,0
2022,401403966,True,True,True,True,True,True,,False,0,0,0
2022,401403967,True,True,True,True,True,True,,False,0,0,0
2022,401403968,True,True,True,True,True,True,,False,0,0,0
2022,401403969,True,True,True,True,True,True,,False,0,0,0
2022,401403970,True,True,False,True,True,False,c2:eligible_ledger_possession_missing_from_cfbd,False,0,0,1
2022,401403971,True,True,True,True,True,True,,False,7,0,0
2022,401403973,True,True,True,True,True,True,,False,0,0,0
2022,401403974,True,True,True,True,True,True,,False,7,0,0
2022,401404052,True,True,True,True,True,True,,False,7,0,0
2022,401404055,True,True,True,True,True,True,,False,0,0,0
2022,401404056,True,True,True,True,True,True,,False,0,0,0
2022,401404057,True,True,True,True,True,True,,False,0,0,0
2022,401404059,True,True,True,True,True,True,,False,0,0,0
2022,401404124,True,True,True,True,True,True,,False,0,0,0
2022,401404134,True,True,True,True,True,True,,False,0,0,0
2022,401404146,True,True,True,True,True,True,,False,0,0,0
2022,401404147,True,True,True,True,True,True,,False,0,0,0
2022,401404157,True,False,True,False,False,False,c1:last_drive_end_differs_from_certified_final;c3:drive_31_delta_3_3;c4:score_regression_between_drives,False,-9,0,0
2022,401405058,True,True,True,True,True,True,,False,0,0,0
2022,401405059,True,True,True,True,True,True,,False,0,0,0
2022,401405060,True,True,True,True,False,False,c4:score_regression_between_drives,False,0,0,0
2022,401405061,True,True,True,True,True,True,,False,7,0,0
2022,401405062,True,True,True,True,True,True,,False,2,0,0
2022,401405063,True,True,True,True,True,True,,False,0,0,0
2022,401405064,True,True,False,True,True,False,c2:cfbd_drive_missing_from_ledger,False,0,1,0
2022,401405065,True,True,True,True,True,True,,False,0,0,0
2022,401405066,True,True,True,True,False,False,c4:score_regression_between_drives,False,0,0,0
2022,401405067,True,True,True,True,True,True,,False,0,0,0
2022,401405069,True,True,True,True,True,True,,False,0,0,0
2022,401409235,True,True,True,True,True,True,,False,0,0,0
2022,401411090,True,True,True,True,True,True,,False,0,0,0
2022,401411091,True,True,False,True,True,False,c2:cfbd_drive_missing_from_ledger,False,7,1,0
2022,401411092,True,True,True,True,False,False,c4:score_regression_between_drives,False,0,0,0
2022,401411093,True,True,True,True,True,True,,False,0,0,0
2022,401411094,True,True,True,True,True,True,,False,0,0,0
2022,401411095,True,True,True,False,False,False,c3:drive_26_delta_56_64;c4:score_regression_between_drives;c4:excess_points_over_certified_final,False,-107,0,0
2022,401411096,True,True,True,True,True,True,,False,0,0,0
2022,401411097,True,False,True,True,False,False,c1:last_drive_end_differs_from_certified_final;c1:cumulative_through_period_4_differs_from_line_scores;c4:score_regression_between_drives,False,-12,0,0
2022,401411099,True,True,True,True,True,True,,False,0,0,0
2022,401411100,True,True,True,True,True,True,,False,0,0,0
2022,401411101,True,True,True,True,True,True,,False,0,0,0
2022,401413224,True,True,True,True,True,True,,False,0,0,0
2022,401413256,True,True,True,True,True,True,,True,0,0,0
2022,401414778,True,True,True,True,True,True,,True,0,0,0
2022,401415015,True,True,True,True,True,True,,True,0,0,0
2022,401415209,True,True,True,False,False,False,c3:drive_3_delta_0_14;c4:score_regression_between_drives,False,-14,0,0
2022,401415210,True,True,True,False,False,False,c3:drive_8_delta_0_27;c4:score_regression_between_drives,False,-55,0,0
2022,401415211,True,True,True,False,False,False,c3:drive_30_delta_0_3;c4:score_regression_between_drives,False,-3,0,0
2022,401415212,True,False,True,False,True,False,c1:cumulative_through_period_3_differs_from_line_scores;c3:drive_25_delta_7_1,True,0,0,0
2022,401415213,True,True,True,True,False,False,c4:score_regression_between_drives,False,0,0,0
2022,401415610,True,False,True,True,True,False,c1:last_drive_end_differs_from_certified_final;c1:cumulative_through_period_2_differs_from_line_scores;c1:cumulative_through_period_4_differs_from_line_scores,True,17,0,0
2022,401415611,True,True,True,True,True,True,,False,0,0,0
2022,401415612,True,True,False,True,True,False,c2:cfbd_drive_missing_from_ledger,False,7,1,0
2022,401416568,True,False,True,False,False,False,c1:last_drive_end_differs_from_certified_final;c1:cumulative_through_period_2_differs_from_line_scores;c3:drive_6_delta_10_0;c4:score_regression_between_drives,False,6,0,0
2022,401416569,True,True,True,True,True,True,,False,2,0,0
2022,401416590,True,True,True,True,True,True,,False,0,0,0
2022,401416591,True,True,True,True,True,True,,False,7,0,0
2022,401416592,True,True,True,True,True,True,,False,0,0,0
2022,401420777,True,True,True,True,True,True,,False,0,0,0
2022,401421116,True,True,True,True,True,True,,False,7,0,0
2022,401421121,True,True,True,True,True,True,,False,0,0,0
2022,401424416,True,True,True,True,True,True,,False,0,0,0
2022,401425418,True,False,True,True,False,False,c1:first_drive_not_0_0;c4:score_regression_between_drives,False,-5,0,0
2022,401426330,True,True,True,True,False,False,c4:score_regression_between_drives,False,0,0,0
2022,401426530,True,False,True,False,False,False,c1:first_drive_not_0_0;c1:last_drive_end_differs_from_certified_final;c1:cumulative_through_period_4_differs_from_line_scores;c3:drive_1_delta_7_13;c4:score_regression_between_drives,False,-49,0,0
2022,401426531,True,True,True,True,False,False,c4:score_regression_between_drives,False,0,0,0
2022,401426532,True,True,True,True,True,True,,False,0,0,0
2022,401426533,True,False,False,False,False,False,c1:first_drive_not_0_0;c1:last_drive_end_differs_from_certified_final;c1:cumulative_through_period_2_differs_from_line_scores;c1:cumulative_through_period_4_differs_from_line_scores;c2:cfbd_drive_missing_from_ledger;c3:drive_1_delta_24_19;c4:score_regression_between_drives,False,-90,2,0
2022,401426534,True,True,True,True,True,True,,False,0,0,0
2022,401426535,True,False,False,False,False,False,c1:first_drive_not_0_0;c1:last_drive_end_differs_from_certified_final;c1:cumulative_through_period_2_differs_from_line_scores;c1:cumulative_through_period_4_differs_from_line_scores;c2:eligible_ledger_possession_missing_from_cfbd;c3:drive_1_delta_12_9;c4:score_regression_between_drives;c4:excess_points_over_certified_final,False,-141,0,1
2022,401426536,True,True,True,True,True,True,,False,0,0,0
2022,401426537,True,True,False,True,True,False,c2:cfbd_drive_missing_from_ledger,False,0,1,0
2022,401426538,True,True,True,False,False,False,c3:drive_27_delta_0_1;c4:score_regression_between_drives,False,-1,0,0
2022,401426539,True,True,True,True,True,True,,False,0,0,0
2022,401426540,True,True,True,True,True,True,,False,0,0,0
2022,401426541,True,True,True,True,True,True,,False,0,0,0
2022,401426542,True,False,False,False,False,False,c1:last_drive_end_differs_from_certified_final;c1:cumulative_through_period_2_differs_from_line_scores;c2:cfbd_drive_missing_from_ledger;c3:drive_12_delta_0_16;c4:score_regression_between_drives,False,-59,1,0
2022,401426543,True,True,True,True,True,True,,False,7,0,0
2022,401441990,True,True,True,True,True,True,,False,0,0,0
2022,401441993,True,True,True,True,True,True,,False,7,0,0
2022,401441994,True,True,True,True,True,True,,False,0,0,0
2022,401441995,True,True,True,True,True,True,,False,7,0,0
2022,401441997,True,True,True,True,True,True,,False,0,0,0
2022,401441998,True,True,True,True,True,True,,False,8,0,0
2022,401441999,True,True,True,True,True,True,,False,0,0,0
2022,401442000,True,True,True,True,True,True,,False,0,0,0
2022,401442001,True,True,True,True,True,True,,False,0,0,0
2022,401442002,True,True,True,True,True,True,,False,0,0,0
2022,401442003,True,True,True,True,True,True,,False,0,0,0
2022,401442004,True,True,True,True,True,True,,False,0,0,0
2022,401442005,True,True,True,True,True,True,,False,7,0,0
2022,401442006,True,True,True,True,True,True,,False,6,0,0
2022,401442007,True,True,True,True,True,True,,False,0,0,0
2022,401442008,True,True,True,True,True,True,,False,0,0,0
2022,401442009,True,True,True,True,True,True,,False,0,0,0
2022,401442010,True,True,True,True,True,True,,False,6,0,0
2022,401442011,True,False,False,True,True,False,c1:last_drive_end_differs_from_certified_final;c1:cumulative_through_period_4_differs_from_line_scores;c2:cfbd_drive_missing_from_ledger,False,0,1,0
2022,401442012,True,True,True,True,True,True,,False,7,0,0
2022,401442013,True,True,True,True,True,True,,False,0,0,0
2022,401442014,True,True,True,True,True,True,,False,0,0,0
2022,401442015,True,True,True,True,True,True,,False,8,0,0
2022,401442016,True,True,True,True,True,True,,False,7,0,0
2022,401442017,True,True,True,True,True,True,,False,0,0,0
2022,401442018,True,True,True,True,True,True,,False,14,0,0
2022,401442019,True,True,True,True,True,True,,False,0,0,0
2022,401442030,True,True,True,True,True,True,,False,2,0,0
2022,401442031,True,True,False,True,True,False,c2:cfbd_drive_missing_from_ledger,False,7,1,0
2022,401442032,True,True,False,True,True,False,c2:cfbd_drive_missing_from_ledger,False,0,1,0
2022,401442033,True,True,True,True,True,True,,False,0,0,0
2022,401442034,True,True,True,True,True,True,,False,0,0,0
2022,401442035,True,True,True,True,True,True,,False,0,0,0
2022,401442036,True,True,True,True,True,True,,False,7,0,0
2022,401442037,True,True,False,True,True,False,c2:cfbd_drive_missing_from_ledger,False,7,1,0
2022,401442038,True,True,True,True,True,True,,False,0,0,0
2022,401442039,True,True,True,True,True,True,,False,0,0,0
2022,401442040,True,True,True,True,True,True,,False,0,0,0
2022,401442041,True,True,True,True,True,True,,False,14,0,0
2022,401442042,True,True,False,True,True,False,c2:cfbd_drive_missing_from_ledger,False,0,1,0
2022,401443542,True,True,True,True,True,True,,False,0,0,0
2022,401443543,True,True,False,True,True,False,c2:cfbd_drive_missing_from_ledger,False,7,1,0
2022,401470891,True,True,True,True,True,True,,False,7,0,0
2022,401403868,True,True,True,True,True,True,,False,0,0,0
2022,401403869,True,True,True,True,True,True,,False,2,0,0
2022,401403870,True,True,True,True,True,True,,False,0,0,0
2022,401403871,True,True,True,True,True,True,,False,0,0,0
2022,401403872,True,True,True,True,True,True,,False,0,0,0
2022,401403873,True,True,True,False,False,False,c3:drive_23_delta_14_0;c4:score_regression_between_drives,False,-7,0,0
2022,401403874,True,True,True,True,True,True,,False,0,0,0
2022,401403875,True,True,True,True,True,True,,False,0,0,0
2022,401403876,True,False,True,False,False,False,c1:first_drive_not_0_0;c3:drive_1_delta_7_3;c4:score_regression_between_drives,False,-6,0,0
2022,401403877,True,True,True,True,True,True,,False,7,0,0
2022,401403878,True,True,False,True,False,False,c2:cfbd_drive_missing_from_ledger;c4:score_regression_between_drives,False,0,1,0
2022,401403879,True,True,True,True,True,True,,False,7,0,0
2022,401403975,True,True,True,True,True,True,,False,0,0,0
2022,401403976,True,True,True,True,True,True,,False,0,0,0
2022,401403977,True,False,True,True,True,False,c1:first_drive_not_0_0,True,7,0,0
2022,401403978,True,True,True,True,True,True,,False,0,0,0
2022,401403979,True,True,True,True,True,True,,False,0,0,0
2022,401403980,True,True,True,True,True,True,,False,0,0,0
2022,401403981,True,True,True,True,True,True,,False,7,0,0
2022,401403982,True,False,False,True,False,False,c1:first_drive_not_0_0;c1:last_drive_end_differs_from_certified_final;c1:cumulative_through_period_2_differs_from_line_scores;c1:cumulative_through_period_4_differs_from_line_scores;c2:cfbd_drive_missing_from_ledger;c4:score_regression_between_drives;c4:excess_points_over_certified_final,False,45,2,0
2022,401403983,True,True,True,True,True,True,,False,0,0,0
2022,401403984,True,True,True,True,True,True,,True,0,0,0
2022,401404062,True,True,True,True,True,True,,False,0,0,0
2022,401404063,True,True,True,False,False,False,c3:drive_31_delta_3_1;c4:score_regression_between_drives,False,-9,0,0
2022,401404064,True,True,True,True,True,True,,False,0,0,0
2022,401404065,True,False,False,False,False,False,c1:first_drive_not_0_0;c1:last_drive_end_differs_from_certified_final;c1:cumulative_through_period_2_differs_from_line_scores;c1:cumulative_through_period_4_differs_from_line_scores;c2:cfbd_drive_missing_from_ledger;c3:drive_1_delta_13_7;c4:score_regression_between_drives;c4:excess_points_over_certified_final,False,-234,2,0
2022,401404066,True,False,True,False,False,False,c1:first_drive_not_0_0;c1:cumulative_through_period_2_differs_from_line_scores;c3:drive_1_delta_0_17;c4:score_regression_between_drives,False,-28,0,0
2022,401404067,True,False,True,False,False,False,c1:first_drive_not_0_0;c1:last_drive_end_differs_from_certified_final;c1:cumulative_through_period_2_differs_from_line_scores;c1:cumulative_through_period_4_differs_from_line_scores;c3:drive_2_delta_18_7;c4:score_regression_between_drives,False,-55,0,0
2022,401404125,True,True,True,True,True,True,,False,0,0,0
2022,401404148,True,False,True,True,False,False,c1:first_drive_not_0_0;c4:score_regression_between_drives,False,0,0,0
2022,401405070,True,True,True,False,False,False,c3:drive_5_delta_0_3;c4:score_regression_between_drives;c4:excess_points_over_certified_final,False,-3,0,0
2022,401405071,True,True,True,False,False,False,c3:drive_9_delta_14_0;c4:score_regression_between_drives,False,-21,0,0
2022,401405072,True,True,True,True,True,True,,False,0,0,0
2022,401405073,True,True,True,False,False,False,c3:drive_11_delta_4_0;c4:score_regression_between_drives;c4:excess_points_over_certified_final,False,-28,0,0
2022,401405074,True,True,True,True,True,True,,False,0,0,0
2022,401405075,True,True,True,True,True,True,,False,0,0,0
2022,401405077,True,True,True,True,True,True,,False,0,0,0
2022,401405078,True,True,True,True,True,True,,False,0,0,0
2022,401405079,True,True,True,True,True,True,,False,0,0,0
2022,401405080,True,True,True,True,True,True,,False,2,0,0
2022,401405081,True,True,True,True,False,False,c4:score_regression_between_drives,False,14,0,0
2022,401411102,True,True,True,True,True,True,,False,0,0,0
2022,401411103,True,True,True,False,False,False,c3:drive_6_delta_14_0;c4:score_regression_between_drives,False,-7,0,0
2022,401411104,True,True,True,False,False,False,c3:drive_14_delta_0_1;c4:score_regression_between_drives;c4:excess_points_over_certified_final,False,-3,0,0
2022,401411105,True,True,True,True,True,True,,False,7,0,0
2022,401411106,True,True,True,True,True,True,,False,7,0,0
2022,401411108,True,False,True,False,False,False,c1:first_drive_not_0_0;c3:drive_1_delta_10_20;c4:score_regression_between_drives;c4:excess_points_over_certified_final,False,-74,0,0
2022,401413257,True,True,True,True,True,True,,False,0,0,0
2022,401414779,True,True,True,True,True,True,,False,0,0,0
2022,401415024,True,True,True,True,False,False,c4:score_regression_between_drives,False,8,0,0
2022,401415177,True,True,True,True,True,True,,False,7,0,0
2022,401415214,True,True,True,True,True,True,,False,7,0,0
2022,401415215,True,False,True,True,False,False,c1:last_drive_end_differs_from_certified_final;c1:cumulative_through_period_4_differs_from_line_scores;c4:score_regression_between_drives;c4:excess_points_over_certified_final,False,14,0,0
2022,401415216,True,True,True,True,True,True,,False,0,0,0
2022,401415613,True,True,True,True,True,True,,False,0,0,0
2022,401415614,True,True,False,False,False,False,c2:cfbd_drive_missing_from_ledger;c3:drive_6_delta_0_1;c4:score_regression_between_drives,False,-11,1,0
2022,401415615,True,True,True,True,True,True,,False,7,0,0
2022,401415616,True,True,True,False,False,False,c3:drive_6_delta_14_0;c4:score_regression_between_drives,False,-57,0,0
2022,401415617,True,True,True,True,True,True,,False,14,0,0
2022,401415618,True,True,True,True,True,True,,False,0,0,0
2022,401415619,True,True,True,False,False,False,c3:drive_17_delta_7_28;c4:score_regression_between_drives,False,-1,0,0
2022,401415620,True,True,True,True,True,True,,False,0,0,0
2022,401416594,True,False,True,False,False,False,c1:last_drive_end_differs_from_certified_final;c1:cumulative_through_period_4_differs_from_line_scores;c3:drive_23_delta_30_31;c4:score_regression_between_drives;c4:excess_points_over_certified_final,False,-53,0,0
2022,401416595,True,False,True,False,True,False,c1:last_drive_end_differs_from_certified_final;c3:drive_11_delta_0_4,False,6,0,0
2022,401416596,True,False,True,False,False,False,c1:cumulative_through_period_2_differs_from_line_scores;c1:cumulative_through_period_4_differs_from_line_scores;c3:drive_1_delta_31_31;c4:score_regression_between_drives,False,-166,0,0
2022,401416597,True,True,True,True,True,True,,False,0,0,0
2022,401416598,True,True,True,True,False,False,c4:score_regression_between_drives,False,-21,0,0
2022,401416599,True,False,True,False,False,False,c1:first_drive_not_0_0;c1:cumulative_through_period_2_differs_from_line_scores;c3:drive_2_delta_21_13;c4:score_regression_between_drives,False,-279,0,0
2022,401420788,True,True,True,True,True,True,,False,0,0,0
2022,401421117,True,True,True,True,False,False,c4:score_regression_between_drives;c4:excess_points_over_certified_final,False,7,0,0
2022,401423439,True,False,True,False,False,False,c1:last_drive_end_differs_from_certified_final;c1:cumulative_through_period_2_differs_from_line_scores;c1:cumulative_through_period_4_differs_from_line_scores;c3:drive_23_delta_28_0;c4:score_regression_between_drives,False,-18,0,0
2022,401426332,True,True,True,False,False,False,c3:drive_11_delta_11_4;c4:score_regression_between_drives,False,-1,0,0
2022,401426544,True,True,True,True,True,True,,False,0,0,0
2022,401426545,True,True,True,True,True,True,,True,0,0,0
2022,401426546,True,False,True,False,False,False,c1:first_drive_not_0_0;c1:last_drive_end_differs_from_certified_final;c1:cumulative_through_period_2_differs_from_line_scores;c1:cumulative_through_period_4_differs_from_line_scores;c3:drive_8_delta_0_14;c4:score_regression_between_drives,False,-38,0,0
2022,401426547,True,True,True,False,False,False,c3:drive_23_delta_9_0;c4:score_regression_between_drives,False,-5,0,0
2022,401426548,True,False,True,True,False,False,c1:first_drive_not_0_0;c4:score_regression_between_drives,False,-7,0,0
2022,401426549,True,True,True,True,True,True,,True,7,0,0
2022,401426550,True,False,True,False,False,False,c1:cumulative_through_period_2_differs_from_line_scores;c3:drive_2_delta_14_4;c4:score_regression_between_drives,False,-21,0,0
2022,401426551,True,True,True,True,True,True,,False,0,0,0
2022,401426552,True,False,True,False,False,False,c1:first_drive_not_0_0;c3:drive_1_delta_9_0;c4:score_regression_between_drives,False,10,0,0
2022,401426553,True,False,True,False,False,False,c1:first_drive_not_0_0;c1:last_drive_end_differs_from_certified_final;c1:cumulative_through_period_2_differs_from_line_scores;c1:cumulative_through_period_4_differs_from_line_scores;c3:drive_1_delta_6_12;c4:score_regression_between_drives,False,35,0,0
2022,401403880,True,True,True,False,False,False,c3:drive_24_delta_8_57;c4:score_regression_between_drives;c4:excess_points_over_certified_final,False,-123,0,0
2022,401403881,True,True,True,False,True,False,c3:drive_23_delta_0_4,False,3,0,0
2022,401403882,True,True,True,True,True,True,,False,0,0,0
2022,401403883,True,True,True,True,False,False,c4:score_regression_between_drives;c4:excess_points_over_certified_final,False,-8,0,0
2022,401403884,True,True,True,True,True,True,,False,0,0,0
2022,401403885,True,True,True,True,True,True,,False,0,0,0
2022,401403886,True,True,True,True,True,True,,False,0,0,0
2022,401403887,True,True,True,False,True,False,c3:drive_4_delta_3_1,True,0,0,0
2022,401403888,True,True,True,True,True,True,,False,0,0,0
2022,401403889,True,True,True,False,False,False,c3:drive_11_delta_13_0;c4:score_regression_between_drives,False,1,0,0
2022,401403890,True,True,True,True,True,True,,False,0,0,0
2022,401403891,True,True,True,True,True,True,,False,7,0,0
2022,401403985,True,True,True,False,False,False,c3:drive_14_delta_7_3;c4:score_regression_between_drives,False,-3,0,0
2022,401403986,True,True,True,True,True,True,,True,0,0,0
2022,401403987,True,True,True,True,True,True,,False,0,0,0
2022,401403988,True,True,True,True,True,True,,False,0,0,0
2022,401403989,True,True,True,True,True,True,,False,0,0,0
2022,401403990,True,True,True,True,True,True,,False,7,0,0
2022,401403991,True,False,True,False,False,False,c1:cumulative_through_period_2_differs_from_line_scores;c3:drive_3_delta_14_0;c4:score_regression_between_drives,False,-68,0,0
2022,401403992,True,False,True,True,False,False,c1:first_drive_not_0_0;c4:score_regression_between_drives,False,-14,0,0
2022,401403993,True,True,True,True,True,True,,False,0,0,0
2022,401403994,True,True,True,True,True,True,,False,2,0,0
2022,401403995,True,True,False,True,True,False,c2:cfbd_drive_missing_from_ledger,False,0,1,0
2022,401404068,True,True,True,True,True,True,,False,7,0,0
2022,401404069,True,True,True,True,False,False,c4:score_regression_between_drives;c4:excess_points_over_certified_final,False,-18,0,0
2022,401404070,True,True,True,False,False,False,c3:drive_9_delta_12_6;c4:score_regression_between_drives,False,-11,0,0
2022,401404071,True,True,True,True,True,True,,False,0,0,0
2022,401404072,True,True,True,True,True,True,,False,7,0,0
2022,401404073,True,True,True,False,False,False,c3:drive_2_delta_13_0;c4:score_regression_between_drives,False,1,0,0
2022,401404074,True,True,True,True,True,True,,False,0,0,0
2022,401404075,True,True,True,True,True,True,,False,7,0,0
2022,401404136,True,True,True,True,True,True,,False,0,0,0
2022,401404149,True,True,True,True,True,True,,False,0,0,0
2022,401404159,True,True,True,True,True,True,,False,0,0,0
2022,401405082,True,True,True,True,True,True,,False,7,0,0
2022,401405083,True,True,True,True,False,False,c4:score_regression_between_drives,False,0,0,0
2022,401405084,True,True,True,False,True,False,c3:drive_17_delta_7_1,True,0,0,0
2022,401405085,True,True,True,True,True,True,,False,0,0,0
2022,401405087,True,False,True,True,False,False,c1:cumulative_through_period_2_differs_from_line_scores;c4:score_regression_between_drives,False,-7,0,0
2022,401405088,True,True,True,True,True,True,,False,0,0,0
2022,401405089,True,True,True,True,True,True,,False,0,0,0
2022,401411109,True,True,True,True,True,True,,False,0,0,0
2022,401411110,True,True,True,False,False,False,c3:drive_7_delta_7_3;c4:score_regression_between_drives,False,-3,0,0
2022,401411112,True,False,True,False,True,False,c1:cumulative_through_period_1_differs_from_line_scores;c3:drive_5_delta_3_1,True,0,0,0
2022,401411113,True,True,True,True,False,False,c4:score_regression_between_drives,False,-15,0,0
2022,401411114,True,False,True,False,False,False,c1:cumulative_through_period_4_differs_from_line_scores;c3:drive_17_delta_1_0;c4:score_regression_between_drives,False,-6,0,0
2022,401411115,True,True,True,False,False,False,c3:drive_8_delta_3_3;c4:score_regression_between_drives,False,4,0,0
2022,401413216,True,True,True,False,False,False,c3:drive_13_delta_7_3;c4:score_regression_between_drives,False,-13,0,0
2022,401414780,True,False,True,True,False,False,c1:first_drive_not_0_0;c4:score_regression_between_drives,False,-7,0,0
2022,401415029,True,True,True,True,True,True,,True,0,0,0
2022,401415032,True,True,True,False,True,False,c3:drive_24_delta_5_0,False,11,0,0
2022,401415217,True,True,True,True,True,True,,False,0,0,0
2022,401415218,True,True,True,True,False,False,c4:score_regression_between_drives;c4:excess_points_over_certified_final,False,-6,0,0
2022,401415219,True,True,True,False,False,False,c3:drive_5_delta_0_3;c4:score_regression_between_drives;c4:excess_points_over_certified_final,False,-9,0,0
2022,401415621,True,True,True,False,False,False,c3:drive_2_delta_7_3;c4:score_regression_between_drives,False,-3,0,0
2022,401415622,True,True,True,True,True,True,,False,0,0,0
2022,401415623,True,True,True,True,True,True,,True,0,0,0
2022,401416600,True,True,True,True,True,True,,False,0,0,0
2022,401416601,True,True,True,False,False,False,c3:drive_25_delta_12_15;c4:score_regression_between_drives;c4:excess_points_over_certified_final,False,-40,0,0
2022,401416602,True,True,True,True,True,True,,False,0,0,0
2022,401416603,True,False,True,False,False,False,c1:first_drive_not_0_0;c1:cumulative_through_period_2_differs_from_line_scores;c3:drive_1_delta_16_81;c4:score_regression_between_drives,False,-106,0,0
2022,401426333,True,True,True,False,True,False,c3:drive_18_delta_4_0,False,4,0,0
2022,401426554,True,False,True,False,False,False,c1:cumulative_through_period_2_differs_from_line_scores;c3:drive_12_delta_1_0;c4:score_regression_between_drives,False,-2,0,0
2022,401426555,True,False,True,False,False,False,c1:first_drive_not_0_0;c1:cumulative_through_period_2_differs_from_line_scores;c3:drive_1_delta_13_6;c4:score_regression_between_drives,False,-30,0,0
2022,401426556,True,True,True,True,True,True,,False,14,0,0
2022,401426557,True,True,True,True,True,True,,False,0,0,0
2022,401426558,True,False,True,False,False,False,c1:cumulative_through_period_2_differs_from_line_scores;c3:drive_5_delta_12_2;c4:score_regression_between_drives,False,-18,0,0
2022,401426559,True,False,True,False,False,False,c1:first_drive_not_0_0;c1:cumulative_through_period_4_differs_from_line_scores;c3:drive_9_delta_7_13;c4:score_regression_between_drives;c4:excess_points_over_certified_final,False,-102,0,0
2022,401426560,True,True,True,True,False,False,c4:score_regression_between_drives,False,-12,0,0
2022,401426561,True,True,True,True,True,True,,False,0,0,0
2022,401426562,True,False,True,True,True,False,c1:cumulative_through_period_3_differs_from_line_scores,True,0,0,0
2022,401426563,True,False,True,False,False,False,c1:cumulative_through_period_4_differs_from_line_scores;c3:drive_3_delta_0_3;c4:score_regression_between_drives;c4:excess_points_over_certified_final,False,-27,0,0
2022,401403892,True,True,True,True,True,True,,False,7,0,0
2022,401403893,True,True,True,True,True,True,,False,0,0,0
2022,401403894,True,True,True,True,True,True,,False,0,0,0
2022,401403895,True,True,True,True,True,True,,False,0,0,0
2022,401403896,True,True,False,True,True,False,c2:cfbd_drive_missing_from_ledger,False,0,1,0
2022,401403897,True,True,True,True,True,True,,False,0,0,0
2022,401403898,True,True,True,True,True,True,,False,0,0,0
2022,401403899,True,True,True,True,True,True,,False,0,0,0
2022,401403901,True,True,False,True,False,False,c2:cfbd_drive_missing_from_ledger;c4:score_regression_between_drives,False,-7,1,0
2022,401403996,True,True,True,True,True,True,,False,0,0,0
2022,401403997,True,True,True,True,True,True,,False,0,0,0
2022,401403998,True,True,True,True,True,True,,False,0,0,0
2022,401403999,True,True,True,False,False,False,c3:drive_7_delta_3_1;c4:score_regression_between_drives,False,-8,0,0
2022,401404000,True,False,True,False,False,False,c1:cumulative_through_period_2_differs_from_line_scores;c3:drive_8_delta_1_0;c4:score_regression_between_drives,False,-30,0,0
2022,401404001,True,True,True,True,True,True,,False,0,0,0
2022,401404078,True,True,True,True,True,True,,False,7,0,0
2022,401404079,True,True,True,True,True,True,,False,0,0,0
2022,401404080,True,True,True,True,True,True,,False,0,0,0
2022,401404081,True,True,True,True,True,True,,False,0,0,0
2022,401404082,True,True,True,True,True,True,,False,0,0,0
2022,401404126,True,True,True,True,True,True,,False,0,0,0
2022,401404150,True,True,True,True,True,True,,False,0,0,0
2022,401404160,True,True,True,True,True,True,,False,0,0,0
2022,401405091,True,True,True,True,True,True,,False,0,0,0
2022,401405092,True,True,True,True,True,True,,False,0,0,0
2022,401405093,True,True,True,True,False,False,c4:score_regression_between_drives,False,0,0,0
2022,401405095,True,True,True,True,True,True,,False,0,0,0
2022,401405096,True,True,True,True,True,True,,False,0,0,0
2022,401405097,True,True,True,False,False,False,c3:drive_7_delta_0_3;c4:score_regression_between_drives,False,-6,0,0
2022,401405098,True,True,True,True,True,True,,False,0,0,0
2022,401409237,True,False,False,True,True,False,c1:last_drive_end_differs_from_certified_final;c1:cumulative_through_period_4_differs_from_line_scores;c2:cfbd_drive_missing_from_ledger,False,0,1,0
2022,401411116,True,True,True,True,True,True,,False,0,0,0
2022,401411117,True,True,True,True,True,True,,False,0,0,0
2022,401411118,True,False,True,True,True,False,c1:first_drive_not_0_0,False,0,0,0
2022,401411119,True,True,True,True,True,True,,False,0,0,0
2022,401411121,True,True,True,True,True,True,,False,0,0,0
2022,401411122,True,True,True,True,True,True,,False,0,0,0
2022,401411123,True,True,True,True,True,True,,False,0,0,0
2022,401414781,True,True,True,True,True,True,,False,7,0,0
2022,401415037,True,True,True,True,True,True,,False,0,0,0
2022,401415040,True,True,True,True,True,True,,False,0,0,0
2022,401415220,True,True,True,True,False,False,c4:score_regression_between_drives,False,7,0,0
2022,401415221,True,True,True,True,True,True,,False,0,0,0
2022,401415222,True,True,True,True,True,True,,True,0,0,0
2022,401415223,True,True,True,True,True,True,,False,0,0,0
2022,401415224,True,True,True,True,True,True,,False,0,0,0
2022,401415225,True,True,True,False,False,False,c3:drive_11_delta_25_7;c4:score_regression_between_drives;c4:excess_points_over_certified_final,False,-51,0,0
2022,401415624,True,False,True,True,False,False,c1:cumulative_through_period_2_differs_from_line_scores;c1:cumulative_through_period_3_differs_from_line_scores;c1:cumulative_through_period_4_differs_from_line_scores;c4:period_order_conflict,True,0,0,0
2022,401416604,True,True,True,True,False,False,c4:score_regression_between_drives,False,-3,0,0
2022,401416605,True,True,True,True,True,True,,False,0,0,0
2022,401416606,True,True,True,True,True,True,,True,7,0,0
2022,401418793,True,True,True,True,True,True,,False,0,0,0
2022,401421129,True,True,True,True,True,True,,False,0,0,0
2022,401426334,True,True,True,True,True,True,,False,0,0,0
2022,401426335,True,False,True,False,False,False,c1:cumulative_through_period_2_differs_from_line_scores;c3:drive_11_delta_1_0;c4:score_regression_between_drives,False,-4,0,0
2022,401426336,True,True,True,True,True,True,,False,0,0,0
2022,401426393,True,True,True,True,True,True,,False,0,0,0
2022,401426564,True,True,True,True,False,False,c4:score_regression_between_drives,False,-6,0,0
2022,401426565,True,True,True,False,False,False,c3:drive_21_delta_0_1;c4:score_regression_between_drives,False,-4,0,0
2022,401426566,True,True,True,True,True,True,,False,0,0,0
2022,401426567,True,True,True,True,True,True,,False,0,0,0
2022,401426568,True,True,False,True,True,False,c2:cfbd_drive_missing_from_ledger,False,14,1,0
2022,401426569,True,True,True,True,True,True,,False,0,0,0
2022,401426570,True,True,True,True,True,True,,False,0,0,0
2022,401426571,True,False,True,False,False,False,c1:first_drive_not_0_0;c3:drive_1_delta_9_0;c4:score_regression_between_drives,False,-23,0,0
2022,401426572,True,True,True,True,True,True,,False,0,0,0
2022,401403902,True,True,True,True,True,True,,False,13,0,0
2022,401403903,True,True,True,True,True,True,,False,7,0,0
2022,401403904,True,True,True,True,True,True,,False,7,0,0
2022,401403905,True,True,True,True,True,True,,False,0,0,0
2022,401403906,True,True,True,True,True,True,,False,0,0,0
2022,401403907,True,True,True,True,True,True,,False,0,0,0
2022,401403908,True,True,True,True,True,True,,False,14,0,0
2022,401404002,True,False,True,False,False,False,c1:first_drive_not_0_0;c1:cumulative_through_period_2_differs_from_line_scores;c3:drive_1_delta_13_7;c4:score_regression_between_drives,False,-14,0,0
2022,401404003,True,True,True,True,True,True,,False,0,0,0
2022,401404004,True,True,True,True,True,True,,False,0,0,0
2022,401404005,True,True,True,True,True,True,,False,7,0,0
2022,401404006,True,True,True,True,True,True,,False,0,0,0
2022,401404007,True,True,True,True,True,True,,False,7,0,0
2022,401404083,True,False,False,True,True,False,c1:cumulative_through_period_2_differs_from_line_scores;c2:cfbd_drive_missing_from_ledger,False,2,1,0
2022,401404084,True,True,True,True,True,True,,False,0,0,0
2022,401404085,True,True,True,True,True,True,,False,0,0,0
2022,401404086,True,True,True,True,True,True,,False,7,0,0
2022,401404087,True,True,True,True,True,True,,False,0,0,0
2022,401404137,True,True,True,True,True,True,,False,0,0,0
2022,401404151,True,True,True,True,True,True,,False,0,0,0
2022,401404161,True,True,True,True,True,True,,False,7,0,0
2022,401405099,True,False,True,True,True,False,c1:cumulative_through_period_2_differs_from_line_scores,False,1,0,0
2022,401405100,True,True,True,True,True,True,,False,0,0,0
2022,401405101,True,True,True,True,True,True,,False,0,0,0
2022,401405102,True,True,True,True,True,True,,False,0,0,0
2022,401405103,True,True,True,True,True,True,,False,0,0,0
2022,401405104,True,True,True,True,True,True,,False,0,0,0
2022,401405105,True,True,True,True,True,True,,False,0,0,0
2022,401411124,True,True,True,True,True,True,,False,0,0,0
2022,401411125,True,True,True,True,True,True,,False,0,0,0
2022,401411126,True,False,True,False,False,False,c1:first_drive_not_0_0;c1:cumulative_through_period_2_differs_from_line_scores;c3:drive_1_delta_10_6;c4:score_regression_between_drives,False,5,0,0
2022,401411127,True,True,False,True,True,False,c2:cfbd_drive_missing_from_ledger,False,0,1,0
2022,401411128,True,True,True,True,True,True,,False,7,0,0
2022,401411129,True,True,True,True,True,True,,False,0,0,0
2022,401411130,True,True,True,True,True,True,,False,0,0,0
2022,401414782,True,True,True,True,True,True,,False,0,0,0
2022,401415226,True,True,True,True,True,True,,False,0,0,0
2022,401415227,True,True,True,True,True,True,,False,0,0,0
2022,401415228,True,False,True,True,True,False,c1:cumulative_through_period_2_differs_from_line_scores,True,0,0,0
2022,401415229,True,True,True,True,False,False,c4:score_regression_between_drives,False,-3,0,0
2022,401415230,True,True,True,True,True,True,,False,2,0,0
2022,401415625,True,True,True,True,True,True,,False,0,0,0
2022,401415626,True,False,True,False,False,False,c1:cumulative_through_period_2_differs_from_line_scores;c3:drive_16_delta_7_1;c4:score_regression_between_drives,True,4,0,0
2022,401415627,True,True,True,True,True,True,,False,7,0,0
2022,401415628,True,True,True,True,True,True,,False,0,0,0
2022,401416607,True,True,True,True,True,True,,False,0,0,0
2022,401416608,True,False,True,True,True,False,c1:last_drive_end_differs_from_certified_final,False,0,0,0
2022,401416609,True,False,False,False,False,False,c1:first_drive_not_0_0;c2:cfbd_drive_missing_from_ledger;c2:eligible_ledger_possession_missing_from_cfbd;c3:drive_2_delta_16_6;c4:score_regression_between_drives,False,-35,1,1
2022,401416610,True,False,True,False,False,False,c1:first_drive_not_0_0;c1:last_drive_end_differs_from_certified_final;c1:cumulative_through_period_4_differs_from_line_scores;c3:drive_1_delta_7_1;c4:score_regression_between_drives;c4:excess_points_over_certified_final,False,16,0,0
2022,401416611,True,False,True,True,False,False,c1:last_drive_end_differs_from_certified_final;c4:score_regression_between_drives,False,-48,0,0
2022,401416612,True,False,True,True,False,False,c1:first_drive_not_0_0;c4:score_regression_between_drives,False,-7,0,0
2022,401421140,True,True,True,True,True,True,,False,14,0,0
2022,401426337,True,True,True,True,True,True,,False,0,0,0
2022,401426338,True,True,True,True,True,True,,False,7,0,0
2022,401426339,True,True,True,True,True,True,,False,7,0,0
2022,401426340,True,True,True,False,False,False,c3:drive_17_delta_22_39;c4:score_regression_between_drives;c4:excess_points_over_certified_final,False,-101,0,0
2022,401426341,True,True,True,True,True,True,,False,0,0,0
2022,401426573,True,True,True,True,True,True,,False,0,0,0
2022,401426574,True,True,True,True,True,True,,False,0,0,0
2022,401426575,True,True,True,True,True,True,,False,7,0,0
2022,401426576,True,True,True,True,True,True,,False,0,0,0
2022,401426577,True,True,True,True,True,True,,False,7,0,0
2022,401426578,True,True,True,True,False,False,c4:score_regression_between_drives,False,-2,0,0
2022,401403909,True,True,True,True,True,True,,False,0,0,0
2022,401403910,True,True,True,True,True,True,,False,0,0,0
2022,401403911,True,True,True,True,True,True,,False,7,0,0
2022,401403912,True,True,True,True,True,True,,False,7,0,0
2022,401403913,True,True,True,True,True,True,,False,7,0,0
2022,401403914,True,True,True,True,True,True,,False,0,0,0
2022,401403915,True,True,True,True,True,True,,False,14,0,0
2022,401404008,True,True,True,True,True,True,,False,0,0,0
2022,401404009,True,True,True,True,True,True,,False,0,0,0
2022,401404010,True,True,True,True,True,True,,False,0,0,0
2022,401404011,True,True,True,True,True,True,,False,0,0,0
2022,401404012,True,True,True,True,True,True,,False,0,0,0
2022,401404088,True,True,True,True,True,True,,False,0,0,0
2022,401404089,True,True,True,True,True,True,,False,0,0,0
2022,401404090,True,True,True,True,True,True,,False,0,0,0
2022,401404091,True,True,True,True,True,True,,False,0,0,0
2022,401404127,True,True,True,False,False,False,c3:drive_10_delta_4_2;c4:score_regression_between_drives,False,2,0,0
2022,401404138,True,True,True,True,True,True,,False,0,0,0
2022,401404164,True,False,True,True,False,False,c1:first_drive_not_0_0;c4:score_regression_between_drives,False,-14,0,0
2022,401405106,True,True,True,True,True,True,,False,0,0,0
2022,401405107,True,True,True,True,True,True,,False,0,0,0
2022,401405108,True,True,True,True,True,True,,False,0,0,0
2022,401405109,True,False,True,True,False,False,c1:last_drive_end_differs_from_certified_final;c1:cumulative_through_period_4_differs_from_line_scores;c4:score_regression_between_drives,False,3,0,0
2022,401405110,True,True,True,True,True,True,,False,0,0,0
2022,401405111,True,True,True,True,True,True,,False,7,0,0
2022,401411131,True,True,True,True,True,True,,False,0,0,0
2022,401411132,True,True,True,True,True,True,,False,0,0,0
2022,401411133,True,True,True,True,True,True,,False,0,0,0
2022,401411134,True,True,False,True,True,False,c2:cfbd_drive_missing_from_ledger,False,0,1,0
2022,401411135,True,True,True,True,True,True,,False,7,0,0
2022,401411136,True,True,True,True,True,True,,False,0,0,0
2022,401415231,True,True,True,True,True,True,,False,0,0,0
2022,401415232,True,True,True,True,True,True,,False,0,0,0
2022,401415233,True,True,True,True,True,True,,False,0,0,0
2022,401415234,True,True,True,True,True,True,,False,0,0,0
2022,401415235,True,True,True,True,True,True,,False,0,0,0
2022,401415236,True,True,True,True,True,True,,False,6,0,0
2022,401415629,True,True,True,True,True,True,,False,0,0,0
2022,401415630,True,True,False,True,True,False,c2:cfbd_drive_missing_from_ledger,False,0,1,0
2022,401415631,True,True,True,True,True,True,,False,0,0,0
2022,401415632,True,True,True,False,False,False,c3:drive_16_delta_5_0;c4:score_regression_between_drives,False,-8,0,0
2022,401415633,True,True,True,True,True,True,,False,0,0,0
2022,401416613,True,True,True,True,False,False,c4:score_regression_between_drives,False,0,0,0
2022,401416614,True,True,False,True,False,False,c2:eligible_ledger_possession_missing_from_cfbd;c4:score_regression_between_drives,False,-13,0,2
2022,401416615,True,True,True,True,True,True,,False,0,0,0
2022,401416616,True,True,True,True,True,True,,False,0,0,0
2022,401416617,True,True,True,True,True,True,,False,0,0,0
2022,401416618,True,True,True,False,True,False,c3:drive_5_delta_10_0,True,0,0,0
2022,401426342,True,True,True,True,True,True,,True,0,0,0
2022,401426343,True,True,True,True,True,True,,False,7,0,0
2022,401426344,True,False,True,True,False,False,c1:last_drive_end_differs_from_certified_final;c1:cumulative_through_period_4_differs_from_line_scores;c4:score_regression_between_drives,False,-1,0,0
2022,401426345,True,True,True,True,True,True,,False,0,0,0
2022,401426346,True,True,True,True,True,True,,False,14,0,0
2022,401426579,True,True,True,True,True,True,,False,0,0,0
2022,401426580,True,True,True,True,True,True,,False,0,0,0
2022,401426581,True,True,True,True,True,True,,False,0,0,0
2022,401426582,True,True,True,True,True,True,,False,0,0,0
2022,401403916,True,True,True,True,True,True,,False,0,0,0
2022,401403917,True,True,True,True,True,True,,False,0,0,0
2022,401403918,True,True,True,True,True,True,,False,0,0,0
2022,401403919,True,True,True,True,True,True,,False,0,0,0
2022,401403920,True,True,True,True,True,True,,False,0,0,0
2022,401403921,True,True,True,True,True,True,,False,0,0,0
2022,401404013,True,True,True,True,True,True,,False,0,0,0
2022,401404014,True,True,True,True,True,True,,False,0,0,0
2022,401404015,True,True,True,True,True,True,,False,0,0,0
2022,401404016,True,True,True,True,True,True,,False,0,0,0
2022,401404017,True,True,True,True,True,True,,False,0,0,0
2022,401404092,True,True,True,False,False,False,c3:drive_5_delta_7_1;c4:score_regression_between_drives,False,-11,0,0
2022,401404093,True,True,True,True,True,True,,False,0,0,0
2022,401404094,True,False,True,False,False,False,c1:first_drive_not_0_0;c1:cumulative_through_period_2_differs_from_line_scores;c3:drive_1_delta_58_54;c4:score_regression_between_drives,False,-164,0,0
2022,401404095,True,True,True,True,True,True,,False,0,0,0
2022,401404139,True,True,True,True,True,True,,False,7,0,0
2022,401404153,True,True,True,True,True,True,,False,0,0,0
2022,401404162,True,True,True,True,True,True,,False,0,0,0
2022,401405112,True,True,True,True,True,True,,False,7,0,0
2022,401405113,True,True,True,True,True,True,,False,0,0,0
2022,401405114,True,True,True,True,True,True,,False,0,0,0
2022,401405115,True,True,True,False,False,False,c3:drive_2_delta_0_3;c4:score_regression_between_drives,False,-3,0,0
2022,401405116,True,True,True,False,False,False,c3:drive_25_delta_12_0;c4:score_regression_between_drives,False,1,0,0
2022,401409239,True,True,True,True,True,True,,False,7,0,0
2022,401411137,True,True,True,True,True,True,,False,0,0,0
2022,401411138,True,True,True,True,True,True,,False,0,0,0
2022,401411139,True,True,True,True,True,True,,False,0,0,0
2022,401411140,True,False,True,True,True,False,c1:last_drive_end_differs_from_certified_final;c1:cumulative_through_period_4_differs_from_line_scores,False,0,0,0
2022,401414783,True,True,True,True,True,True,,False,0,0,0
2022,401415237,True,False,True,False,False,False,c1:first_drive_not_0_0;c1:cumulative_through_period_2_differs_from_line_scores;c3:drive_3_delta_1_0;c4:score_regression_between_drives,False,20,0,0
2022,401415238,True,True,True,True,True,True,,False,0,0,0
2022,401415239,True,True,True,True,True,True,,False,7,0,0
2022,401415240,True,True,True,True,True,True,,False,0,0,0
2022,401415634,True,True,True,True,True,True,,False,7,0,0
2022,401415635,True,True,True,True,True,True,,False,0,0,0
2022,401415636,True,True,True,True,True,True,,False,7,0,0
2022,401415637,True,False,True,False,False,False,c1:last_drive_end_differs_from_certified_final;c3:drive_20_delta_7_20;c4:score_regression_between_drives,False,-21,0,0
2022,401416619,True,False,True,True,True,False,c1:last_drive_end_differs_from_certified_final;c1:cumulative_through_period_4_differs_from_line_scores,True,0,0,0
2022,401416620,True,True,True,False,False,False,c3:drive_3_delta_7_1;c4:score_regression_between_drives,False,-1,0,0
2022,401416621,True,True,True,True,True,True,,False,7,0,0
2022,401416622,True,True,True,True,True,True,,False,0,0,0
2022,401416623,True,True,True,True,True,True,,False,0,0,0
2022,401426347,True,True,True,True,True,True,,False,0,0,0
2022,401426348,True,True,True,True,False,False,c4:score_regression_between_drives,False,-7,0,0
2022,401426349,True,True,True,True,True,True,,False,0,0,0
2022,401426350,True,False,True,True,False,False,c1:first_drive_not_0_0;c4:score_regression_between_drives,False,-75,0,0
2022,401426351,True,True,True,True,True,True,,False,0,0,0
2022,401426352,True,True,True,True,True,True,,False,7,0,0
2022,401426583,True,True,True,True,True,True,,False,0,0,0
2022,401426584,True,True,True,True,True,True,,False,0,0,0
2022,401426585,True,True,True,True,True,True,,True,0,0,0
2022,401426586,True,True,True,True,True,True,,False,14,0,0
2022,401426587,True,True,True,False,False,False,c3:drive_30_delta_7_1;c4:score_regression_between_drives;c4:excess_points_over_certified_final,False,6,0,0
2022,401403922,True,True,True,True,True,True,,False,0,0,0
2022,401403923,True,True,True,True,True,True,,False,0,0,0
2022,401403924,True,True,True,True,True,True,,False,7,0,0
2022,401403925,True,False,True,True,True,False,c1:first_drive_not_0_0,False,0,0,0
2022,401403926,True,True,True,True,True,True,,False,0,0,0
2022,401404018,True,True,True,True,True,True,,False,0,0,0
2022,401404019,True,True,True,True,True,True,,False,0,0,0
2022,401404020,True,True,True,True,True,True,,False,0,0,0
2022,401404021,True,True,True,True,False,False,c4:score_regression_between_drives,False,-7,0,0
2022,401404096,True,True,True,True,False,False,c4:score_regression_between_drives,False,0,0,0
2022,401404097,True,True,True,True,True,True,,False,0,0,0
2022,401404098,True,True,True,True,True,True,,False,0,0,0
2022,401404099,True,True,True,True,True,True,,False,0,0,0
2022,401404128,True,True,True,True,True,True,,False,0,0,0
2022,401404140,True,True,True,True,True,True,,False,7,0,0
2022,401404163,True,True,True,True,True,True,,False,7,0,0
2022,401405117,True,True,True,True,True,True,,False,0,0,0
2022,401405118,True,True,True,True,True,True,,False,0,0,0
2022,401405119,True,True,True,True,True,True,,False,7,0,0
2022,401405120,True,True,False,True,True,False,c2:eligible_ledger_possession_missing_from_cfbd,False,0,0,1
2022,401405121,True,False,True,True,True,False,c1:first_drive_not_0_0,False,0,0,0
2022,401411141,True,True,True,True,True,True,,False,0,0,0
2022,401411142,True,True,True,True,True,True,,False,0,0,0
2022,401411143,True,True,True,True,True,True,,False,0,0,0
2022,401411144,True,True,True,True,True,True,,False,7,0,0
2022,401411145,True,True,True,True,True,True,,False,0,0,0
2022,401415241,True,True,True,True,True,True,,False,0,0,0
2022,401415242,True,True,True,True,True,True,,False,0,0,0
2022,401415243,True,True,True,True,True,True,,False,7,0,0
2022,401415244,True,True,True,True,True,True,,False,0,0,0
2022,401415245,True,False,False,True,False,False,c1:cumulative_through_period_2_differs_from_line_scores;c2:eligible_ledger_possession_missing_from_cfbd;c4:score_regression_between_drives;c4:excess_points_over_certified_final,False,-7,0,1
2022,401415638,True,True,True,True,True,True,,False,7,0,0
2022,401415639,True,True,True,True,True,True,,False,0,0,0
2022,401415640,True,True,True,True,True,True,,False,0,0,0
2022,401415641,True,True,True,True,True,True,,False,7,0,0
2022,401415642,True,True,True,True,True,True,,False,0,0,0
2022,401416624,True,True,True,True,True,True,,False,0,0,0
2022,401416625,True,True,True,True,True,True,,False,0,0,0
2022,401416626,True,True,True,False,True,False,c3:drive_8_delta_7_1,True,6,0,0
2022,401416627,True,False,True,False,False,False,c1:first_drive_not_0_0;c1:cumulative_through_period_2_differs_from_line_scores;c3:drive_6_delta_0_3;c4:score_regression_between_drives,False,13,0,0
2022,401416628,True,True,True,True,False,False,c4:score_regression_between_drives,False,7,0,0
2022,401416629,True,True,True,True,True,True,,False,7,0,0
2022,401426353,True,True,True,True,False,False,c4:score_regression_between_drives,False,-7,0,0
2022,401426354,True,True,True,True,True,True,,False,0,0,0
2022,401426355,True,True,True,False,False,False,c3:drive_9_delta_2_0;c4:score_regression_between_drives;c4:excess_points_over_certified_final,False,7,0,0
2022,401426356,True,True,True,True,True,True,,False,0,0,0
2022,401426357,True,True,True,False,False,False,c3:drive_21_delta_9_0;c4:score_regression_between_drives,False,-6,0,0
2022,401426358,True,True,True,True,True,True,,False,0,0,0
2022,401426588,True,True,True,True,True,True,,False,0,0,0
2022,401426589,True,True,True,True,True,True,,False,0,0,0
2022,401426590,True,True,True,True,True,True,,False,7,0,0
2022,401426591,True,True,True,True,True,True,,False,0,0,0
2022,401426592,True,True,True,True,True,True,,False,0,0,0
2022,401403927,True,True,True,True,True,True,,False,0,0,0
2022,401403928,True,True,True,True,True,True,,False,0,0,0
2022,401403929,True,True,True,True,True,True,,False,0,0,0
2022,401403930,True,True,True,True,True,True,,False,7,0,0
2022,401403931,True,True,True,True,False,False,c4:score_regression_between_drives,False,-7,0,0
2022,401404022,True,True,True,True,True,True,,False,0,0,0
2022,401404023,True,True,True,True,True,True,,False,0,0,0
2022,401404024,True,True,True,True,True,True,,False,0,0,0
2022,401404025,True,True,True,True,True,True,,False,7,0,0
2022,401404026,True,True,True,True,True,True,,False,0,0,0
2022,401404100,True,True,True,True,True,True,,False,0,0,0
2022,401404101,True,True,True,True,True,True,,False,7,0,0
2022,401404102,True,True,True,True,True,True,,False,0,0,0
2022,401404103,True,True,True,True,True,True,,False,7,0,0
2022,401404129,True,True,True,True,True,True,,False,7,0,0
2022,401404154,True,True,True,True,True,True,,True,0,0,0
2022,401405122,True,True,True,True,True,True,,False,0,0,0
2022,401405123,True,True,True,True,True,True,,False,7,0,0
2022,401405124,True,True,True,True,True,True,,False,0,0,0
2022,401405125,True,True,True,True,True,True,,False,0,0,0
2022,401405126,True,True,True,True,True,True,,False,7,0,0
2022,401409242,True,True,True,True,True,True,,False,0,0,0
2022,401411146,True,True,False,True,True,False,c2:cfbd_drive_missing_from_ledger,False,0,1,0
2022,401411147,True,True,True,True,True,True,,False,0,0,0
2022,401411148,True,True,True,True,True,True,,False,7,0,0
2022,401411149,True,True,True,True,True,True,,False,0,0,0
2022,401411150,True,False,False,True,False,False,c1:first_drive_not_0_0;c1:last_drive_end_differs_from_certified_final;c2:cfbd_drive_missing_from_ledger;c4:score_regression_between_drives,False,-14,1,0
2022,401415246,True,True,True,True,True,True,,False,0,0,0
2022,401415247,True,True,True,True,True,True,,False,0,0,0
2022,401415248,True,True,True,True,True,True,,False,7,0,0
2022,401415249,True,True,True,True,True,True,,False,0,0,0
2022,401415643,True,True,True,True,True,True,,False,0,0,0
2022,401415644,True,True,True,True,True,True,,False,0,0,0
2022,401415645,True,True,True,True,True,True,,False,0,0,0
2022,401415646,True,True,True,True,True,True,,True,0,0,0
2022,401415647,True,True,True,True,True,True,,False,0,0,0
2022,401416630,True,True,True,True,True,True,,False,0,0,0
2022,401416631,True,True,True,True,True,True,,False,0,0,0
2022,401426359,True,True,True,True,False,False,c4:score_regression_between_drives,False,7,0,0
2022,401426360,True,False,True,True,False,False,c1:cumulative_through_period_1_differs_from_line_scores;c4:score_regression_between_drives,False,0,0,0
2022,401426361,True,True,True,True,True,True,,False,7,0,0
2022,401426362,True,True,True,True,True,True,,True,0,0,0
2022,401426363,True,True,True,True,True,True,,False,2,0,0
2022,401426593,True,False,True,False,False,False,c1:cumulative_through_period_2_differs_from_line_scores;c3:drive_12_delta_9_0;c4:score_regression_between_drives,False,-1,0,0
2022,401426594,True,False,True,True,True,False,c1:last_drive_end_differs_from_certified_final,False,0,0,0
2022,401426595,True,True,True,True,True,True,,True,0,0,0
2022,401426596,True,True,False,False,False,False,c2:eligible_ledger_possession_missing_from_cfbd;c3:drive_21_delta_7_3;c4:score_regression_between_drives,False,-10,0,1
2022,401426597,True,True,True,True,True,True,,True,0,0,0
2022,401403932,True,True,True,True,False,False,c4:score_regression_between_drives,False,2,0,0
2022,401403933,True,True,True,True,True,True,,False,7,0,0
2022,401403934,True,True,True,True,True,True,,False,0,0,0
2022,401403935,True,True,True,True,True,True,,False,13,0,0
2022,401403936,True,True,True,True,True,True,,False,0,0,0
2022,401403937,True,True,True,True,True,True,,False,0,0,0
2022,401403938,True,True,True,True,True,True,,False,0,0,0
2022,401404027,True,True,True,False,True,False,c3:drive_23_delta_2_0,False,7,0,0
2022,401404028,True,True,True,True,True,True,,False,0,0,0
2022,401404029,True,True,True,True,True,True,,False,0,0,0
2022,401404030,True,True,True,True,True,True,,False,0,0,0
2022,401404031,True,True,True,True,True,True,,False,0,0,0
2022,401404032,True,True,True,True,True,True,,False,7,0,0
2022,401404104,True,False,True,False,False,False,c1:first_drive_not_0_0;c1:last_drive_end_differs_from_certified_final;c1:cumulative_through_period_2_differs_from_line_scores;c1:cumulative_through_period_4_differs_from_line_scores;c3:drive_1_delta_13_12;c4:score_regression_between_drives;c4:excess_points_over_certified_final,False,11,0,0
2022,401404105,True,True,True,True,True,True,,False,0,0,0
2022,401404106,True,True,True,True,True,True,,False,0,0,0
2022,401404107,True,True,True,True,True,True,,False,0,0,0
2022,401404108,True,True,True,True,True,True,,False,0,0,0
2022,401404130,True,True,True,False,False,False,c3:drive_19_delta_7_1;c4:score_regression_between_drives,False,-1,0,0
2022,401404141,True,True,True,True,True,True,,False,0,0,0
2022,401404155,True,True,False,True,True,False,c2:eligible_ledger_possession_missing_from_cfbd,False,0,0,1
2022,401405127,True,True,True,True,True,True,,False,0,0,0
2022,401405128,True,True,True,True,True,True,,False,0,0,0
2022,401405129,True,True,True,True,True,True,,False,0,0,0
2022,401405130,True,True,True,True,True,True,,False,0,0,0
2022,401405131,True,True,True,True,True,True,,False,7,0,0
2022,401405132,True,True,True,True,True,True,,False,7,0,0
2022,401405133,True,True,True,True,True,True,,False,0,0,0
2022,401411151,True,True,True,True,True,True,,False,0,0,0
2022,401411152,True,True,True,True,True,True,,False,7,0,0
2022,401411153,True,True,True,True,True,True,,False,0,0,0
2022,401411154,True,True,True,True,True,True,,False,3,0,0
2022,401411155,True,True,True,False,False,False,c3:drive_25_delta_2_0;c4:score_regression_between_drives,False,0,0,0
2022,401411156,True,True,True,True,True,True,,False,0,0,0
2022,401411157,True,False,True,False,False,False,c1:first_drive_not_0_0;c1:cumulative_through_period_2_differs_from_line_scores;c3:drive_2_delta_4_14;c4:score_regression_between_drives,False,-230,0,0
2022,401415250,True,True,True,True,True,True,,True,0,0,0
2022,401415251,True,False,True,False,False,False,c1:first_drive_not_0_0;c3:drive_1_delta_16_20;c4:score_regression_between_drives;c4:excess_points_over_certified_final,False,-33,0,0
2022,401415252,True,True,True,True,True,True,,False,0,0,0
2022,401415253,True,True,True,True,True,True,,False,0,0,0
2022,401415254,True,True,True,True,True,True,,False,0,0,0
2022,401415648,True,True,True,True,True,True,,False,0,0,0
2022,401415649,True,True,True,True,True,True,,False,0,0,0
2022,401415650,True,True,True,True,True,True,,False,0,0,0
2022,401415651,True,True,True,True,True,True,,False,0,0,0
2022,401415652,True,True,True,True,False,False,c4:score_regression_between_drives,False,0,0,0
2022,401416632,True,True,True,True,True,True,,False,0,0,0
2022,401416633,True,True,True,True,True,True,,False,0,0,0
2022,401416634,True,True,True,True,True,True,,False,0,0,0
2022,401416635,True,True,True,True,True,True,,False,0,0,0
2022,401426364,True,True,True,True,True,True,,False,0,0,0
2022,401426365,True,True,True,True,True,True,,False,0,0,0
2022,401426366,True,True,True,True,True,True,,False,0,0,0
2022,401426367,True,True,True,True,True,True,,False,0,0,0
2022,401426368,True,True,True,True,True,True,,False,0,0,0
2022,401426369,True,True,True,True,True,True,,False,0,0,0
2022,401426598,True,True,False,True,True,False,c2:eligible_ledger_possession_missing_from_cfbd,False,14,0,1
2022,401426599,True,True,True,True,True,True,,False,0,0,0
2022,401426600,True,True,True,True,True,True,,False,0,0,0
2022,401426601,True,True,True,True,True,True,,False,0,0,0
2022,401426602,True,False,True,True,True,False,c1:last_drive_end_differs_from_certified_final,False,0,0,0
2022,401403939,True,True,True,True,True,True,,False,0,0,0
2022,401403940,True,True,True,True,True,True,,False,0,0,0
2022,401403941,True,True,True,True,True,True,,False,0,0,0
2022,401403942,True,True,True,True,True,True,,False,0,0,0
2022,401403943,True,True,True,True,True,True,,False,0,0,0
2022,401403944,True,True,False,True,True,False,c2:cfbd_drive_missing_from_ledger,False,0,1,0
2022,401403945,True,True,True,True,True,True,,False,0,0,0
2022,401404033,True,True,True,True,True,True,,False,2,0,0
2022,401404034,True,True,True,True,True,True,,False,0,0,0
2022,401404035,True,True,True,True,True,True,,False,0,0,0
2022,401404036,True,True,True,True,True,True,,False,0,0,0
2022,401404037,True,True,True,True,True,True,,False,0,0,0
2022,401404038,True,True,True,True,True,True,,False,0,0,0
2022,401404109,True,False,True,True,False,False,c1:last_drive_end_differs_from_certified_final;c1:cumulative_through_period_4_differs_from_line_scores;c4:score_regression_between_drives;c4:excess_points_over_certified_final,False,7,0,0
2022,401404110,True,True,True,True,True,True,,False,0,0,0
2022,401404111,True,True,True,False,False,False,c3:drive_7_delta_0_1;c4:score_regression_between_drives,False,0,0,0
2022,401404112,True,False,True,False,True,False,c1:cumulative_through_period_2_differs_from_line_scores;c3:drive_18_delta_1_0,False,8,0,0
2022,401404113,True,True,True,True,True,True,,False,0,0,0
2022,401404131,True,True,True,True,True,True,,False,15,0,0
2022,401404142,True,True,True,True,True,True,,False,0,0,0
2022,401404156,True,True,True,True,True,True,,False,0,0,0
2022,401405134,True,True,True,True,True,True,,False,0,0,0
2022,401405135,True,True,True,True,True,True,,False,0,0,0
2022,401405136,True,True,True,True,True,True,,False,0,0,0
2022,401405137,True,True,True,True,True,True,,False,0,0,0
2022,401405138,True,True,True,True,True,True,,False,0,0,0
2022,401405139,True,True,True,True,True,True,,False,14,0,0
2022,401405140,True,True,True,True,True,True,,False,0,0,0
2022,401409241,True,True,True,False,True,False,c3:drive_2_delta_14_0,True,0,0,0
2022,401411158,True,True,True,True,True,True,,False,7,0,0
2022,401411159,True,True,True,True,True,True,,False,0,0,0
2022,401411160,True,True,True,True,True,True,,False,0,0,0
2022,401411161,True,True,True,True,True,True,,False,0,0,0
2022,401411162,True,True,True,True,True,True,,False,7,0,0
2022,401411163,True,True,True,True,True,True,,False,0,0,0
2022,401411164,True,True,True,True,True,True,,False,0,0,0
2022,401414784,True,True,True,True,True,True,,False,0,0,0
2022,401415255,True,True,True,True,True,True,,False,0,0,0
2022,401415256,True,True,True,True,True,True,,False,0,0,0
2022,401415257,True,True,True,False,False,False,c3:drive_20_delta_4_0;c4:score_regression_between_drives,False,6,0,0
2022,401415258,True,True,True,True,True,True,,False,0,0,0
2022,401415259,True,False,True,False,False,False,c1:first_drive_not_0_0;c1:cumulative_through_period_2_differs_from_line_scores;c1:cumulative_through_period_4_differs_from_line_scores;c3:drive_1_delta_33_43;c4:score_regression_between_drives,False,-76,0,0
2022,401415260,True,True,True,False,True,False,c3:drive_4_delta_0_1,False,9,0,0
2022,401415653,True,True,True,True,True,True,,False,0,0,0
2022,401415654,True,True,False,True,True,False,c2:cfbd_drive_missing_from_ledger;c2:eligible_ledger_possession_missing_from_cfbd,False,14,1,1
2022,401415655,True,True,True,True,True,True,,False,0,0,0
2022,401415656,True,True,True,True,True,True,,False,7,0,0
2022,401415657,True,True,True,True,True,True,,False,0,0,0
2022,401416636,True,True,True,True,True,True,,False,0,0,0
2022,401416637,True,True,True,True,True,True,,True,14,0,0
2022,401416638,True,True,True,True,True,True,,False,0,0,0
2022,401416639,True,True,True,True,True,True,,False,0,0,0
2022,401416640,True,True,True,True,True,True,,False,0,0,0
2022,401416641,True,True,True,True,True,True,,False,0,0,0
2022,401426370,True,True,True,True,True,True,,False,7,0,0
2022,401426371,True,True,True,True,True,True,,False,0,0,0
2022,401426372,True,True,True,True,True,True,,False,0,0,0
2022,401426373,True,True,True,False,False,False,c3:drive_17_delta_7_1;c4:score_regression_between_drives,False,6,0,0
2022,401426374,True,True,True,True,True,True,,False,0,0,0
2022,401426375,True,True,True,True,True,True,,False,7,0,0
2022,401426603,True,True,True,True,True,True,,False,0,0,0
2022,401426604,True,True,False,False,False,False,c2:eligible_ledger_possession_missing_from_cfbd;c3:drive_2_delta_0_12;c4:score_regression_between_drives,False,-44,0,1
2022,401426605,True,True,True,True,True,True,,False,7,0,0
2022,401426606,True,True,True,True,True,True,,False,0,0,0
2022,401426607,True,True,True,True,True,True,,False,0,0,0
2022,401403946,True,True,True,True,True,True,,False,0,0,0
2022,401403947,True,True,True,True,True,True,,False,0,0,0
2022,401403949,True,True,True,True,True,True,,False,0,0,0
2022,401403951,True,True,True,True,True,True,,False,0,0,0
2022,401403952,True,True,True,True,True,True,,False,0,0,0
2022,401403953,True,True,True,True,True,True,,False,0,0,0
2022,401403954,True,True,True,True,True,True,,False,0,0,0
2022,401403955,True,True,False,True,True,False,c2:eligible_ledger_possession_missing_from_cfbd,False,7,0,1
2022,401404039,True,True,True,True,True,True,,False,0,0,0
2022,401404040,True,True,True,True,True,True,,False,0,0,0
2022,401404041,True,True,True,True,True,True,,False,0,0,0
2022,401404042,True,True,True,True,True,True,,False,0,0,0
2022,401404043,True,True,True,True,True,True,,False,7,0,0
2022,401404044,True,True,True,True,True,True,,False,7,0,0
2022,401404114,True,True,True,True,True,True,,False,0,0,0
2022,401404115,True,True,True,False,False,False,c3:drive_5_delta_1_3;c4:score_regression_between_drives,False,13,0,0
2022,401404116,True,True,True,True,True,True,,False,0,0,0
2022,401404117,True,True,True,True,True,True,,False,0,0,0
2022,401404118,True,False,True,False,True,False,c1:cumulative_through_period_2_differs_from_line_scores;c3:drive_27_delta_4_0,False,3,0,0
2022,401404132,True,True,True,True,True,True,,False,0,0,0
2022,401404143,True,True,True,True,True,True,,False,0,0,0
2022,401404165,True,False,True,True,False,False,c1:last_drive_end_differs_from_certified_final;c1:cumulative_through_period_4_differs_from_line_scores;c4:score_regression_between_drives,False,3,0,0
2022,401405141,True,True,True,True,True,True,,False,0,0,0
2022,401405142,True,True,True,True,True,True,,False,0,0,0
2022,401405143,True,True,True,True,True,True,,False,0,0,0
2022,401405144,True,True,True,True,True,True,,False,0,0,0
2022,401405145,True,True,True,True,True,True,,False,0,0,0
2022,401405146,True,True,True,False,False,False,c3:drive_5_delta_1_0;c4:score_regression_between_drives,False,13,0,0
2022,401405147,True,True,True,False,True,False,c3:drive_14_delta_14_0,True,7,0,0
2022,401411165,True,True,True,True,True,True,,False,2,0,0
2022,401411166,True,True,True,True,True,True,,False,0,0,0
2022,401411167,True,False,True,False,True,False,c1:cumulative_through_period_2_differs_from_line_scores;c3:drive_9_delta_0_1,False,7,0,0
2022,401411168,True,True,True,True,True,True,,False,7,0,0
2022,401411169,True,True,True,True,True,True,,False,7,0,0
2022,401411171,True,True,True,True,True,True,,False,0,0,0
2022,401415261,True,True,True,True,True,True,,False,0,0,0
2022,401415262,True,True,True,True,True,True,,False,0,0,0
2022,401415263,True,True,True,True,True,True,,False,0,0,0
2022,401415264,True,True,True,True,True,True,,False,0,0,0
2022,401415265,True,True,True,True,True,True,,False,0,0,0
2022,401415266,True,True,True,True,True,True,,False,0,0,0
2022,401415658,True,True,True,True,True,True,,False,14,0,0
2022,401415659,True,True,False,True,True,False,c2:cfbd_drive_missing_from_ledger,False,0,1,0
2022,401415660,True,True,True,True,True,True,,False,0,0,0
2022,401415661,True,True,True,True,True,True,,False,0,0,0
2022,401415662,True,True,True,True,True,True,,False,0,0,0
2022,401415663,True,True,True,True,True,True,,False,0,0,0
2022,401416642,True,True,True,True,True,True,,False,0,0,0
2022,401416643,True,True,True,True,True,True,,False,0,0,0
2022,401416644,True,True,True,True,True,True,,False,0,0,0
2022,401416645,True,False,True,False,False,False,c1:first_drive_not_0_0;c1:last_drive_end_differs_from_certified_final;c1:cumulative_through_period_4_differs_from_line_scores;c3:drive_18_delta_5_3;c4:score_regression_between_drives;c4:excess_points_over_certified_final,False,-15,0,0
2022,401416646,True,True,True,True,True,True,,False,0,0,0
2022,401420863,True,True,True,True,True,True,,False,0,0,0
2022,401426376,True,True,True,True,True,True,,False,7,0,0
2022,401426377,True,True,True,True,True,True,,False,0,0,0
2022,401426378,True,True,True,True,True,True,,False,0,0,0
2022,401426379,True,True,True,True,True,True,,False,0,0,0
2022,401426380,True,True,False,True,True,False,c2:cfbd_drive_missing_from_ledger,False,0,1,0
2022,401426381,True,True,True,True,True,True,,False,0,0,0
2022,401426608,True,True,True,True,True,True,,False,0,0,0
2022,401426609,True,False,True,False,False,False,c1:first_drive_not_0_0;c1:last_drive_end_differs_from_certified_final;c1:cumulative_through_period_2_differs_from_line_scores;c1:cumulative_through_period_4_differs_from_line_scores;c3:drive_1_delta_22_6;c4:score_regression_between_drives;c4:excess_points_over_certified_final,False,-5,0,0
2022,401426610,True,True,True,True,True,True,,False,0,0,0
2022,401426611,True,True,True,True,True,True,,False,7,0,0
2022,401426612,True,True,True,True,True,True,,False,0,0,0
2022,401426613,True,True,True,True,True,True,,False,0,0,0
2022,401403956,True,True,True,True,True,True,,False,0,0,0
2022,401403957,True,False,True,True,True,False,c1:cumulative_through_period_3_differs_from_line_scores,False,0,0,0
2022,401403958,True,True,True,True,True,True,,False,0,0,0
2022,401403959,True,True,True,True,True,True,,False,0,0,0
2022,401403960,True,False,True,False,False,False,c1:last_drive_end_differs_from_certified_final;c1:cumulative_through_period_4_differs_from_line_scores;c3:drive_20_delta_2_0;c4:score_regression_between_drives,False,-4,0,0
2022,401403961,True,True,True,True,True,True,,False,0,0,0
2022,401403962,True,True,True,True,True,True,,False,9,0,0
2022,401403963,True,True,True,True,True,True,,False,0,0,0
2022,401403964,True,True,True,True,True,True,,False,14,0,0
2022,401404045,True,True,True,False,False,False,c3:drive_17_delta_7_1;c4:score_regression_between_drives,False,-1,0,0
2022,401404046,True,False,True,True,False,False,c1:last_drive_end_differs_from_certified_final;c1:cumulative_through_period_4_differs_from_line_scores;c4:excess_points_over_certified_final,False,2,0,0
2022,401404047,True,True,True,True,True,True,,False,7,0,0
2022,401404048,True,True,True,True,True,True,,False,0,0,0
2022,401404049,True,True,True,False,False,False,c3:drive_7_delta_7_1;c4:score_regression_between_drives,False,-2,0,0
2022,401404051,True,True,True,False,False,False,c3:drive_9_delta_7_1;c4:score_regression_between_drives,False,-2,0,0
2022,401404119,True,True,True,True,True,True,,False,0,0,0
2022,401404120,True,True,True,True,True,True,,False,0,0,0
2022,401404121,True,True,True,False,False,False,c3:drive_6_delta_5_0;c4:score_regression_between_drives,False,9,0,0
2022,401404122,True,True,True,False,False,False,c3:drive_4_delta_13_0;c4:score_regression_between_drives,False,-81,0,0
2022,401404123,True,True,True,True,True,True,,False,7,0,0
2022,401404133,True,True,True,True,True,True,,False,0,0,0
2022,401404144,True,True,True,True,True,True,,False,0,0,0
2022,401404166,True,True,True,True,True,True,,False,0,0,0
2022,401405148,True,True,True,True,True,True,,False,7,0,0
2022,401405149,True,True,True,True,True,True,,False,0,0,0
2022,401405150,True,True,True,True,True,True,,False,0,0,0
2022,401405151,True,False,True,True,False,False,c1:last_drive_end_differs_from_certified_final;c1:cumulative_through_period_4_differs_from_line_scores;c4:score_regression_between_drives,False,-1,0,0
2022,401405152,True,True,True,True,True,True,,False,0,0,0
2022,401405153,True,True,True,True,True,True,,False,0,0,0
2022,401405154,True,True,True,True,True,True,,False,7,0,0
2022,401411172,True,True,True,True,True,True,,False,0,0,0
2022,401411173,True,True,True,True,True,True,,False,0,0,0
2022,401411174,True,True,True,True,True,True,,False,0,0,0
2022,401411175,True,True,True,True,True,True,,False,0,0,0
2022,401415267,True,True,True,True,True,True,,False,0,0,0
2022,401415268,True,True,True,True,True,True,,False,0,0,0
2022,401415269,True,True,True,True,True,True,,False,0,0,0
2022,401415270,True,True,True,False,True,False,c3:drive_9_delta_5_0,False,4,0,0
2022,401415271,True,True,True,True,True,True,,False,0,0,0
2022,401415272,True,True,True,False,False,False,c3:drive_1_delta_17_13;c4:score_regression_between_drives,False,-84,0,0
2022,401415664,True,True,True,False,True,False,c3:drive_9_delta_0_1,False,7,0,0
2022,401415665,True,True,True,True,True,True,,False,0,0,0
2022,401415666,True,True,True,True,True,True,,False,0,0,0
2022,401415667,True,True,True,True,True,True,,False,0,0,0
2022,401415668,True,True,True,True,True,True,,False,0,0,0
2022,401416648,True,True,True,True,True,True,,True,0,0,0
2022,401416649,True,True,True,True,True,True,,False,0,0,0
2022,401416650,True,True,True,True,True,True,,False,7,0,0
2022,401416651,True,True,True,True,True,True,,False,0,0,0
2022,401416652,True,True,True,True,True,True,,False,0,0,0
2022,401416653,True,False,False,False,False,False,c1:first_drive_not_0_0;c1:last_drive_end_differs_from_certified_final;c1:cumulative_through_period_2_differs_from_line_scores;c2:cfbd_drive_missing_from_ledger;c3:drive_3_delta_9_6;c4:score_regression_between_drives,False,-66,2,0
2022,401426382,True,True,True,False,False,False,c3:drive_29_delta_6_3;c4:score_regression_between_drives,False,4,0,0
2022,401426383,True,True,True,True,False,False,c4:score_regression_between_drives,False,-1,0,0
2022,401426384,True,True,True,True,True,True,,False,0,0,0
2022,401426385,True,True,True,True,True,True,,False,7,0,0
2022,401426386,True,True,True,True,True,True,,False,0,0,0
2022,401426389,True,True,True,True,True,True,,False,0,0,0
2022,401426390,True,True,True,True,True,True,,False,7,0,0
2022,401426614,True,True,True,True,True,True,,False,0,0,0
2022,401426615,True,False,False,False,False,False,c1:last_drive_end_differs_from_certified_final;c1:cumulative_through_period_2_differs_from_line_scores;c1:cumulative_through_period_4_differs_from_line_scores;c2:cfbd_drive_missing_from_ledger;c3:drive_1_delta_24_24;c4:score_regression_between_drives,False,-105,3,0
2022,401426616,True,True,True,True,True,True,,False,0,0,0
2022,401426617,True,True,True,True,True,True,,False,0,0,0
2022,401426618,True,True,True,True,True,True,,False,7,0,0
2022,401437008,True,True,True,True,True,True,,False,7,0,0
2022,401437009,True,True,True,True,True,True,,False,0,0,0
2022,401437030,True,True,True,True,True,True,,False,0,0,0
2022,401437031,True,True,True,True,True,True,,False,0,0,0
2022,401437032,True,True,False,True,True,False,c2:eligible_ledger_possession_missing_from_cfbd,False,0,0,1
2022,401437033,True,True,True,True,True,True,,False,0,0,0
2022,401437034,True,True,False,True,True,False,c2:cfbd_drive_missing_from_ledger,False,0,1,0
2022,401437035,True,True,False,True,True,False,c2:cfbd_drive_missing_from_ledger,False,0,1,0
2022,401437036,True,True,True,True,True,True,,False,7,0,0
2022,401437037,True,True,True,True,True,True,,False,7,0,0
2022,401506450,True,False,True,False,True,False,c1:cumulative_through_period_1_differs_from_line_scores;c3:drive_8_delta_9_0,True,0,0,0
2022,401507088,True,True,True,True,True,True,,False,21,0,0
2022,401404145,True,True,True,True,True,True,,False,21,0,0
2023,401520145,True,True,True,True,True,True,,False,0,0,0
2023,401520146,True,True,True,True,True,True,,False,7,0,0
2023,401520147,True,False,False,False,False,False,c1:cumulative_through_period_2_differs_from_line_scores;c2:cfbd_drive_missing_from_ledger;c2:eligible_ledger_possession_missing_from_cfbd;c3:drive_4_delta_2_0;c4:score_regression_between_drives,False,2,9,14
2023,401520148,True,True,True,True,True,True,,False,0,0,0
2023,401520149,True,False,True,True,False,False,c1:first_drive_not_0_0;c4:score_regression_between_drives,False,-35,0,0
2023,401520150,True,True,True,True,True,True,,False,7,0,0
2023,401520151,True,True,True,True,True,True,,False,21,0,0
2023,401520152,True,True,True,True,True,True,,False,0,0,0
2023,401520153,True,True,False,True,True,False,c2:eligible_ledger_possession_missing_from_cfbd,False,0,0,3
2023,401520154,True,True,True,True,True,True,,False,0,0,0
2023,401520155,True,True,True,True,True,True,,False,0,0,0
2023,401520156,True,True,True,True,True,True,,False,0,0,0
2023,401520157,True,True,True,True,True,True,,False,0,0,0
2023,401520158,True,True,True,True,True,True,,False,0,0,0
2023,401520159,True,True,True,False,True,False,c3:drive_16_delta_0_1,False,7,0,0
2023,401520160,True,True,True,True,True,True,,False,0,0,0
2023,401520161,True,True,True,True,True,True,,False,0,0,0
2023,401520162,True,True,True,True,True,True,,False,0,0,0
2023,401520163,True,True,True,True,True,True,,False,0,0,0
2023,401520164,True,True,True,True,True,True,,False,0,0,0
2023,401520165,True,True,True,True,True,True,,False,0,0,0
2023,401520166,True,True,True,True,True,True,,False,7,0,0
2023,401520167,True,False,True,False,False,False,c1:last_drive_end_differs_from_certified_final;c1:cumulative_through_period_2_differs_from_line_scores;c1:cumulative_through_period_3_differs_from_line_scores;c1:cumulative_through_period_4_differs_from_line_scores;c3:drive_6_delta_0_3;c4:excess_points_over_certified_final,False,0,0,0
2023,401520168,True,True,True,True,True,True,,False,0,0,0
2023,401520169,True,True,True,True,True,True,,True,0,0,0
2023,401520170,True,True,True,False,False,False,c3:drive_16_delta_8_1;c4:score_regression_between_drives,False,4,0,0
2023,401520171,True,True,True,True,False,False,c4:score_regression_between_drives,False,-7,0,0
2023,401520172,True,True,True,True,True,True,,False,7,0,0
2023,401520173,True,True,True,True,True,True,,False,0,0,0
2023,401520174,True,True,True,True,True,True,,False,0,0,0
2023,401520175,True,True,True,True,True,True,,False,7,0,0
2023,401520176,True,True,True,True,True,True,,False,7,0,0
2023,401520177,True,True,True,True,True,True,,False,0,0,0
2023,401520178,True,True,True,False,True,False,c3:drive_6_delta_5_0,False,4,0,0
2023,401520179,True,True,True,True,True,True,,False,0,0,0
2023,401520180,True,True,True,True,True,True,,False,7,0,0
2023,401520181,True,True,True,True,True,True,,False,0,0,0
2023,401520182,True,True,True,True,True,True,,False,0,0,0
2023,401523986,True,False,False,False,True,False,c1:cumulative_through_period_2_differs_from_line_scores;c2:cfbd_drive_missing_from_ledger;c2:eligible_ledger_possession_missing_from_cfbd;c3:drive_17_delta_0_1,False,7,6,7
2023,401523987,True,True,True,True,True,True,,False,0,0,0
2023,401523988,True,True,True,True,True,True,,False,0,0,0
2023,401523989,True,True,True,True,True,True,,False,0,0,0
2023,401523990,True,True,True,False,False,False,c3:drive_21_delta_7_1;c4:score_regression_between_drives,False,6,0,0
2023,401523991,True,True,True,True,True,True,,False,0,0,0
2023,401523992,True,True,True,True,True,True,,False,0,0,0
2023,401523994,True,True,True,True,True,True,,False,0,0,0
2023,401523995,True,True,True,True,True,True,,False,7,0,0
2023,401523996,True,True,True,True,True,True,,False,0,0,0
2023,401523997,True,True,False,True,True,False,c2:cfbd_drive_missing_from_ledger,False,0,1,0
2023,401525434,True,True,False,True,True,False,c2:cfbd_drive_missing_from_ledger,False,0,1,0
2023,401525435,True,True,True,True,True,True,,False,0,0,0
2023,401525450,True,True,False,True,True,False,c2:cfbd_drive_missing_from_ledger,False,0,1,0
2023,401525461,True,True,True,True,True,True,,False,0,0,0
2023,401525462,True,True,True,True,True,True,,True,7,0,0
2023,401525463,True,True,True,True,True,True,,False,0,0,0
2023,401525464,True,True,True,False,False,False,c3:drive_24_delta_6_3;c4:score_regression_between_drives,False,42,0,0
2023,401525465,True,True,True,True,True,True,,False,0,0,0
2023,401525466,True,True,True,True,True,True,,False,7,0,0
2023,401525467,True,True,True,False,False,False,c3:drive_5_delta_5_2;c4:score_regression_between_drives,False,0,0,0
2023,401525468,True,True,True,True,True,True,,False,0,0,0
2023,401525815,True,True,True,True,True,True,,False,0,0,0
2023,401525816,True,False,False,True,False,False,c1:cumulative_through_period_2_differs_from_line_scores;c2:cfbd_drive_missing_from_ledger;c4:score_regression_between_drives,False,-7,1,0
2023,401525817,True,True,True,True,True,True,,False,0,0,0
2023,401525818,True,True,True,True,True,True,,False,0,0,0
2023,401525819,True,True,True,True,True,True,,False,0,0,0
2023,401525820,True,True,True,True,True,True,,False,0,0,0
2023,401525821,True,True,True,True,True,True,,False,0,0,0
2023,401525822,True,True,True,True,True,True,,False,0,0,0
2023,401525823,True,False,True,True,False,False,c1:first_drive_not_0_0;c4:score_regression_between_drives,False,-10,0,0
2023,401525824,True,False,False,False,False,False,c1:cumulative_through_period_1_differs_from_line_scores;c1:cumulative_through_period_2_differs_from_line_scores;c1:cumulative_through_period_3_differs_from_line_scores;c2:cfbd_drive_missing_from_ledger;c3:drive_20_delta_0_3;c4:score_regression_between_drives;c4:excess_points_over_certified_final,False,0,1,0
2023,401525825,True,True,True,False,False,False,c3:drive_25_delta_14_6;c4:score_regression_between_drives,False,-77,0,0
2023,401531337,True,True,True,True,True,True,,False,0,0,0
2023,401531347,True,True,True,True,True,True,,False,0,0,0
2023,401531377,True,True,True,True,True,True,,False,0,0,0
2023,401531387,True,True,True,True,True,True,,False,0,0,0
2023,401531402,True,True,True,True,True,True,,False,0,0,0
2023,401531418,True,False,True,True,False,False,c1:first_drive_not_0_0;c4:score_regression_between_drives,False,0,0,0
2023,401531426,True,True,True,True,True,True,,False,0,0,0
2023,401531834,True,True,True,False,False,False,c3:drive_19_delta_1_0;c4:score_regression_between_drives,False,-6,0,0
2023,401531835,True,True,True,True,True,True,,False,7,0,0
2023,401531836,True,True,True,True,True,True,,False,0,0,0
2023,401531837,True,True,True,True,True,True,,False,0,0,0
2023,401531838,True,True,True,True,True,True,,False,0,0,0
2023,401531839,True,True,True,True,True,True,,False,0,0,0
2023,401531840,True,True,True,True,True,True,,False,0,0,0
2023,401531841,True,True,True,True,True,True,,False,0,0,0
2023,401532392,True,True,True,True,True,True,,False,0,0,0
2023,401532393,True,True,True,True,False,False,c4:score_regression_between_drives,False,0,0,0
2023,401532394,True,False,True,True,False,False,c1:first_drive_not_0_0;c4:score_regression_between_drives,False,-32,0,0
2023,401532395,True,True,True,True,True,True,,False,0,0,0
2023,401532570,True,True,False,True,True,False,c2:cfbd_drive_missing_from_ledger,False,0,2,0
2023,401532571,True,True,True,True,True,True,,False,0,0,0
2023,401532572,True,False,True,False,False,False,c1:last_drive_end_differs_from_certified_final;c1:cumulative_through_period_2_differs_from_line_scores;c1:cumulative_through_period_4_differs_from_line_scores;c3:drive_4_delta_0_1;c4:score_regression_between_drives;c4:excess_points_over_certified_final,False,-203,0,0
2023,401532573,True,True,True,True,True,True,,False,0,0,0
2023,401551469,True,True,True,True,True,True,,False,0,0,0
2023,401551731,True,True,True,True,True,True,,False,6,0,0
2023,401551732,True,True,True,True,True,True,,False,0,0,0
2023,401551733,True,True,True,True,True,True,,False,7,0,0
2023,401551735,True,True,True,True,True,True,,False,7,0,0
2023,401551737,True,True,True,True,True,True,,False,0,0,0
2023,401551739,True,True,True,True,True,True,,False,0,0,0
2023,401551741,True,True,True,True,True,True,,False,7,0,0
2023,401551742,True,True,True,True,True,True,,False,0,0,0
2023,401551743,True,True,True,True,True,True,,False,0,0,0
2023,401551744,True,True,True,True,True,True,,False,0,0,0
2023,401551746,True,True,True,True,True,True,,False,0,0,0
2023,401551748,True,True,True,True,True,True,,False,7,0,0
2023,401551749,True,True,True,True,True,True,,False,0,0,0
2023,401551750,True,True,False,False,True,False,c2:cfbd_drive_missing_from_ledger;c2:eligible_ledger_possession_missing_from_cfbd;c3:drive_2_delta_0_3,False,0,1,1
2023,401551751,True,True,True,True,True,True,,False,0,0,0
2023,401551752,True,True,True,True,True,True,,False,7,0,0
2023,401551753,True,True,True,True,True,True,,False,0,0,0
2023,401551754,True,True,True,True,True,True,,False,0,0,0
2023,401551755,True,False,True,False,False,False,c1:last_drive_end_differs_from_certified_final;c1:cumulative_through_period_1_differs_from_line_scores;c1:cumulative_through_period_2_differs_from_line_scores;c1:cumulative_through_period_3_differs_from_line_scores;c1:cumulative_through_period_4_differs_from_line_scores;c3:drive_1_delta_0_3;c4:excess_points_over_certified_final,False,0,0,0
2023,401551756,True,True,True,True,True,True,,False,0,0,0
2023,401551757,True,True,True,True,True,True,,False,7,0,0
2023,401551758,True,True,True,True,True,True,,False,7,0,0
2023,401551761,True,True,True,True,True,True,,False,0,0,0
2023,401551762,True,True,True,True,True,True,,False,0,0,0
2023,401551764,True,True,True,True,True,True,,False,0,0,0
2023,401551765,True,True,False,True,True,False,c2:eligible_ledger_possession_missing_from_cfbd,False,7,0,1
2023,401551766,True,True,True,False,False,False,c3:drive_15_delta_14_0;c4:score_regression_between_drives,False,-6,0,0
2023,401551767,True,False,True,False,False,False,c1:last_drive_end_differs_from_certified_final;c1:cumulative_through_period_2_differs_from_line_scores;c1:cumulative_through_period_4_differs_from_line_scores;c3:drive_8_delta_0_3;c4:score_regression_between_drives;c4:excess_points_over_certified_final,False,-10,0,0
2023,401551768,True,True,True,True,True,True,,False,0,0,0
2023,401551769,True,True,True,True,True,True,,False,0,0,0
2023,401551770,True,True,True,True,True,True,,False,0,0,0
2023,401551773,True,True,True,True,True,True,,False,0,0,0
2023,401551778,True,True,True,True,True,True,,False,0,0,0
2023,401551780,True,True,True,True,True,True,,False,0,0,0
2023,401551782,True,True,True,False,False,False,c3:drive_2_delta_3_1;c4:score_regression_between_drives;c4:excess_points_over_certified_final,False,-3,0,0
2023,401551786,True,True,True,True,True,True,,False,0,0,0
2023,401551788,True,True,True,True,True,True,,False,0,0,0
2023,401551789,True,True,True,True,True,True,,False,0,0,0
2023,401551798,True,True,True,True,True,True,,False,2,0,0
2023,401554566,True,True,True,True,True,True,,False,7,0,0
2023,401581109,True,True,True,True,True,True,,False,0,0,0
2023,401520183,True,True,True,True,True,True,,False,7,0,0
2023,401520184,True,True,True,True,True,True,,False,7,0,0
2023,401520185,True,True,True,True,True,True,,False,14,0,0
2023,401520186,True,True,True,True,True,True,,False,0,0,0
2023,401520187,True,True,True,True,True,True,,False,7,0,0
2023,401520188,True,True,True,True,True,True,,False,7,0,0
2023,401520189,True,False,False,False,False,False,c1:last_drive_end_differs_from_certified_final;c1:cumulative_through_period_2_differs_from_line_scores;c1:cumulative_through_period_4_differs_from_line_scores;c2:cfbd_drive_missing_from_ledger;c2:eligible_ledger_possession_missing_from_cfbd;c3:drive_31_delta_2_0;c4:score_regression_between_drives;c4:excess_points_over_certified_final,False,5,1,1
2023,401520190,True,True,True,False,False,False,c3:drive_13_delta_0_1;c4:score_regression_between_drives;c4:excess_points_over_certified_final,False,8,0,0
2023,401520191,True,True,True,True,True,True,,False,0,0,0
2023,401520192,True,True,True,True,True,True,,False,7,0,0
2023,401520193,True,True,True,True,True,True,,False,0,0,0
2023,401520194,True,True,True,True,True,True,,False,0,0,0
2023,401520195,True,False,True,True,False,False,c1:first_drive_not_0_0;c4:score_regression_between_drives,False,-14,0,0
2023,401520196,True,True,True,True,True,True,,False,7,0,0
2023,401520197,True,True,True,True,True,True,,False,21,0,0
2023,401520198,True,True,True,True,True,True,,False,0,0,0
2023,401520199,True,True,True,True,True,True,,False,0,0,0
2023,401520200,True,True,True,True,True,True,,False,0,0,0
2023,401520201,True,True,False,True,True,False,c2:cfbd_drive_missing_from_ledger,False,7,1,0
2023,401520202,True,True,True,True,True,True,,False,0,0,0
2023,401520203,True,True,True,True,True,True,,False,7,0,0
2023,401520204,True,True,True,False,False,False,c3:drive_16_delta_2_0;c4:score_regression_between_drives,False,3,0,0
2023,401520205,True,True,False,True,True,False,c2:cfbd_drive_missing_from_ledger,False,0,1,0
2023,401520206,True,True,True,True,True,True,,False,0,0,0
2023,401520207,True,True,True,True,True,True,,False,0,0,0
2023,401520208,True,True,True,True,True,True,,False,0,0,0
2023,401520209,True,True,True,True,False,False,c4:score_regression_between_drives,False,0,0,0
2023,401520210,True,True,True,True,True,True,,False,0,0,0
2023,401520211,True,True,True,True,True,True,,False,0,0,0
2023,401520212,True,True,True,True,True,True,,False,7,0,0
2023,401520213,True,False,True,True,False,False,c1:first_drive_not_0_0;c4:score_regression_between_drives,False,-19,0,0
2023,401520214,True,False,True,True,False,False,c1:first_drive_not_0_0;c4:score_regression_between_drives,False,-27,0,0
2023,401520215,True,True,True,True,True,True,,False,0,0,0
2023,401520216,True,True,False,True,True,False,c2:eligible_ledger_possession_missing_from_cfbd,False,0,0,1
2023,401520217,True,True,True,False,False,False,c3:drive_8_delta_3_3;c4:score_regression_between_drives,False,-3,0,0
2023,401520218,True,False,True,True,False,False,c1:first_drive_not_0_0;c4:score_regression_between_drives,False,-52,0,0
2023,401523998,True,True,True,True,True,True,,False,0,0,0
2023,401523999,True,True,True,True,True,True,,False,0,0,0
2023,401524000,True,True,True,True,True,True,,False,7,0,0
2023,401524001,True,True,True,True,True,True,,False,7,0,0
2023,401524002,True,True,True,True,True,True,,False,0,0,0
2023,401524003,True,False,True,False,False,False,c1:cumulative_through_period_2_differs_from_line_scores;c3:drive_8_delta_3_28;c4:score_regression_between_drives,False,-61,0,0
2023,401524004,True,True,True,True,True,True,,False,0,0,0
2023,401525436,True,True,True,True,True,True,,False,7,0,0
2023,401525469,True,True,True,True,True,True,,False,0,0,0
2023,401525490,True,True,True,True,True,True,,False,0,0,0
2023,401525491,True,True,True,True,True,True,,False,7,0,0
2023,401525492,True,True,True,True,True,True,,False,0,0,0
2023,401525493,True,True,True,True,True,True,,False,7,0,0
2023,401525494,True,True,True,True,True,True,,False,7,0,0
2023,401525495,True,True,True,True,True,True,,False,20,0,0
2023,401525496,True,True,True,True,True,True,,False,0,0,0
2023,401525497,True,False,True,False,True,False,c1:cumulative_through_period_2_differs_from_line_scores;c3:drive_18_delta_4_0,True,7,0,0
2023,401525498,True,False,True,True,False,False,c1:first_drive_not_0_0;c4:score_regression_between_drives,False,-24,0,0
2023,401525827,True,False,True,False,False,False,c1:last_drive_end_differs_from_certified_final;c1:cumulative_through_period_2_differs_from_line_scores;c1:cumulative_through_period_4_differs_from_line_scores;c3:drive_14_delta_6_9;c4:score_regression_between_drives;c4:excess_points_over_certified_final,False,-21,0,0
2023,401525828,True,True,True,True,True,True,,False,0,0,0
2023,401525829,True,True,True,True,True,True,,False,0,0,0
2023,401525830,True,False,True,True,True,False,c1:cumulative_through_period_2_differs_from_line_scores;c1:cumulative_through_period_4_differs_from_line_scores,False,7,0,0
2023,401525831,True,True,False,False,False,False,c2:eligible_ledger_possession_missing_from_cfbd;c3:drive_5_delta_14_0;c4:score_regression_between_drives,False,-91,0,3
2023,401525832,True,False,False,True,False,False,c1:cumulative_through_period_2_differs_from_line_scores;c2:cfbd_drive_missing_from_ledger;c4:score_regression_between_drives,False,17,3,0
2023,401525833,True,True,True,True,True,True,,False,0,0,0
2023,401526833,True,False,True,True,False,False,c1:first_drive_not_0_0;c4:score_regression_between_drives,False,-45,0,0
2023,401531378,True,True,True,True,True,True,,False,0,0,0
2023,401531395,True,True,True,True,True,True,,False,0,0,0
2023,401531411,True,True,True,True,True,True,,False,7,0,0
2023,401531419,True,True,True,True,True,True,,False,0,0,0
2023,401531422,True,True,True,True,True,True,,False,0,0,0
2023,401531427,True,True,True,True,True,True,,False,0,0,0
2023,401531432,True,True,True,True,True,True,,False,0,0,0
2023,401531842,True,True,True,True,True,True,,False,0,0,0
2023,401531843,True,True,True,True,True,True,,False,0,0,0
2023,401531844,True,True,True,True,True,True,,False,0,0,0
2023,401532396,True,True,True,True,True,True,,False,14,0,0
2023,401532397,True,True,True,True,True,True,,False,0,0,0
2023,401532398,True,True,True,True,True,True,,False,7,0,0
2023,401532399,True,False,False,True,True,False,c1:cumulative_through_period_2_differs_from_line_scores;c1:cumulative_through_period_4_differs_from_line_scores;c2:cfbd_drive_missing_from_ledger,False,14,1,0
2023,401532400,True,True,True,True,True,True,,False,0,0,0
2023,401532401,True,True,True,True,True,True,,True,7,0,0
2023,401532574,True,True,True,True,True,True,,False,0,0,0
2023,401532575,True,True,True,True,True,True,,False,0,0,0
2023,401532576,True,True,True,True,True,True,,True,0,0,0
2023,401532577,True,True,True,True,True,True,,False,14,0,0
2023,401532578,True,True,True,True,True,True,,False,0,0,0
2023,401532579,True,False,True,True,False,False,c1:cumulative_through_period_2_differs_from_line_scores;c4:score_regression_between_drives,False,2,0,0
2023,401532580,True,True,True,True,True,True,,False,0,0,0
2023,401520219,True,True,True,True,True,True,,False,0,0,0
2023,401520220,True,True,True,True,True,True,,False,7,0,0
2023,401520221,True,True,True,True,True,True,,False,0,0,0
2023,401520222,True,False,False,True,False,False,c1:cumulative_through_period_2_differs_from_line_scores;c2:cfbd_drive_missing_from_ledger;c4:score_regression_between_drives,False,7,1,0
2023,401520223,True,True,True,True,True,True,,False,0,0,0
2023,401520224,True,True,True,True,True,True,,False,0,0,0
2023,401520225,True,True,True,True,True,True,,False,0,0,0
2023,401520226,True,True,True,True,True,True,,False,0,0,0
2023,401520227,True,True,True,True,True,True,,False,11,0,0
2023,401520228,True,True,True,True,True,True,,False,0,0,0
2023,401520229,True,True,True,True,True,True,,False,0,0,0
2023,401520230,True,True,True,True,True,True,,False,0,0,0
2023,401520231,True,True,True,False,False,False,c3:drive_5_delta_0_1;c4:score_regression_between_drives,False,6,0,0
2023,401520232,True,True,True,True,True,True,,False,7,0,0
2023,401520233,True,True,True,True,True,True,,False,0,0,0
2023,401520234,True,True,True,True,True,True,,False,7,0,0
2023,401520235,True,True,True,True,True,True,,False,0,0,0
2023,401520236,True,True,True,True,True,True,,False,0,0,0
2023,401520237,True,True,True,True,True,True,,False,0,0,0
2023,401520238,True,True,True,True,True,True,,False,0,0,0
2023,401520239,True,True,True,True,True,True,,False,0,0,0
2023,401520240,True,True,True,True,True,True,,False,14,0,0
2023,401520241,True,True,True,True,True,True,,True,0,0,0
2023,401520242,True,True,True,False,False,False,c3:drive_21_delta_7_1;c4:score_regression_between_drives,False,-15,0,0
2023,401520243,True,True,True,True,True,True,,False,7,0,0
2023,401520244,True,True,True,True,True,True,,False,0,0,0
2023,401520245,True,True,True,True,True,True,,False,0,0,0
2023,401520246,True,True,True,True,True,True,,False,0,0,0
2023,401520247,True,True,True,True,True,True,,False,0,0,0
2023,401520249,True,True,True,True,True,True,,False,0,0,0
2023,401524005,True,True,True,True,True,True,,False,0,0,0
2023,401524006,True,True,True,True,True,True,,False,0,0,0
2023,401524007,True,True,True,True,True,True,,False,0,0,0
2023,401524008,True,True,True,True,True,True,,False,0,0,0
2023,401524009,True,True,True,True,True,True,,False,0,0,0
2023,401524010,True,True,True,True,True,True,,True,0,0,0
2023,401524011,True,True,True,True,True,True,,False,14,0,0
2023,401524012,True,True,True,True,True,True,,False,0,0,0
2023,401524013,True,True,True,True,True,True,,False,0,0,0
2023,401525437,True,True,True,True,True,True,,False,0,0,0
2023,401525499,True,True,False,True,True,False,c2:eligible_ledger_possession_missing_from_cfbd,False,0,0,1
2023,401525500,True,True,True,True,True,True,,False,0,0,0
2023,401525501,True,True,True,True,True,True,,False,0,0,0
2023,401525502,True,True,True,False,True,False,c3:drive_15_delta_0_1,False,7,0,0
2023,401525503,True,True,True,True,True,True,,False,7,0,0
2023,401525504,True,True,True,True,True,True,,False,0,0,0
2023,401525834,True,True,True,True,True,True,,False,0,0,0
2023,401525835,True,False,True,True,False,False,c1:last_drive_end_differs_from_certified_final;c4:excess_points_over_certified_final,False,14,0,0
2023,401525836,True,False,True,False,False,False,c1:last_drive_end_differs_from_certified_final;c1:cumulative_through_period_4_differs_from_line_scores;c3:drive_12_delta_7_1;c4:score_regression_between_drives,False,4,0,0
2023,401525837,True,False,True,True,False,False,c1:first_drive_not_0_0;c1:cumulative_through_period_2_differs_from_line_scores;c4:score_regression_between_drives,False,-7,0,0
2023,401525838,True,True,True,True,True,True,,False,0,0,0
2023,401525839,True,True,True,True,True,True,,False,6,0,0
2023,401525840,True,True,True,True,True,True,,False,0,0,0
2023,401525841,True,True,True,True,True,True,,False,0,0,0
2023,401525842,True,True,True,True,True,True,,False,7,0,0
2023,401525843,True,True,True,True,True,True,,False,0,0,0
2023,401526834,True,True,True,True,True,True,,False,0,0,0
2023,401531348,True,True,True,True,True,True,,False,0,0,0
2023,401531379,True,True,True,True,True,True,,False,7,0,0
2023,401531388,True,True,True,True,False,False,c4:score_regression_between_drives;c4:excess_points_over_certified_final,False,0,0,0
2023,401531396,True,True,True,True,True,True,,False,0,0,0
2023,401531403,True,True,True,False,False,False,c3:drive_20_delta_7_1;c4:score_regression_between_drives,False,5,0,0
2023,401531412,True,False,False,True,False,False,c1:first_drive_not_0_0;c2:cfbd_drive_missing_from_ledger;c2:eligible_ledger_possession_missing_from_cfbd;c4:score_regression_between_drives,False,-30,2,7
2023,401531428,True,True,True,True,True,True,,False,0,0,0
2023,401531438,True,True,True,True,True,True,,False,7,0,0
2023,401531441,True,True,True,True,True,True,,False,7,0,0
2023,401531845,True,True,True,True,True,True,,False,0,0,0
2023,401531846,True,True,True,True,True,True,,False,0,0,0
2023,401531847,True,True,True,True,True,True,,False,7,0,0
2023,401531848,True,True,True,True,True,True,,False,0,0,0
2023,401532402,True,True,True,True,True,True,,False,0,0,0
2023,401532403,True,True,True,True,True,True,,False,0,0,0
2023,401532404,True,True,True,True,True,True,,False,0,0,0
2023,401532581,True,True,True,True,True,True,,False,0,0,0
2023,401532582,True,True,True,False,False,False,c3:drive_7_delta_7_1;c4:score_regression_between_drives,False,-1,0,0
2023,401520250,True,True,True,True,True,True,,False,0,0,0
2023,401520251,True,True,True,True,True,True,,False,0,0,0
2023,401520252,True,True,True,True,True,True,,False,0,0,0
2023,401520253,True,True,True,True,True,True,,False,0,0,0
2023,401520254,True,True,True,True,True,True,,False,7,0,0
2023,401520255,True,True,True,True,True,True,,False,0,0,0
2023,401520256,True,True,True,True,True,True,,False,22,0,0
2023,401520257,True,True,True,True,True,True,,False,0,0,0
2023,401520258,True,True,True,True,True,True,,False,0,0,0
2023,401520259,True,True,True,False,False,False,c3:drive_10_delta_4_0;c4:score_regression_between_drives,False,-1,0,0
2023,401520260,True,True,True,True,True,True,,False,0,0,0
2023,401520261,True,True,True,True,True,True,,False,0,0,0
2023,401520262,True,True,True,True,True,True,,False,0,0,0
2023,401520263,True,True,True,True,True,True,,False,0,0,0
2023,401520264,True,False,False,True,False,False,c1:first_drive_not_0_0;c1:last_drive_end_differs_from_certified_final;c1:cumulative_through_period_4_differs_from_line_scores;c2:cfbd_drive_missing_from_ledger;c4:score_regression_between_drives,False,-3,2,0
2023,401520265,True,True,True,True,True,True,,False,0,0,0
2023,401520266,True,True,True,True,True,True,,False,0,0,0
2023,401520267,True,True,True,True,True,True,,False,0,0,0
2023,401520268,True,True,True,True,True,True,,False,6,0,0
2023,401520269,True,True,True,False,False,False,c3:drive_14_delta_4_0;c4:score_regression_between_drives,False,-1,0,0
2023,401520270,True,True,False,False,False,False,c2:cfbd_drive_missing_from_ledger;c3:drive_4_delta_0_3;c4:score_regression_between_drives,False,-3,1,0
2023,401520271,True,True,True,True,True,True,,False,0,0,0
2023,401520272,True,True,True,True,True,True,,False,7,0,0
2023,401520273,True,False,True,True,False,False,c1:first_drive_not_0_0;c1:cumulative_through_period_1_differs_from_line_scores;c1:cumulative_through_period_2_differs_from_line_scores;c4:score_regression_between_drives,False,0,0,0
2023,401520274,True,True,True,True,True,True,,False,0,0,0
2023,401520275,True,True,True,True,True,True,,False,0,0,0
2023,401521330,True,True,True,True,True,True,,False,7,0,0
2023,401524014,True,True,True,True,True,True,,False,0,0,0
2023,401524015,True,True,True,True,True,True,,False,0,0,0
2023,401524016,True,True,True,True,True,True,,False,0,0,0
2023,401524017,True,True,True,True,True,True,,False,0,0,0
2023,401524018,True,True,True,True,True,True,,False,0,0,0
2023,401524019,True,True,True,True,True,True,,False,0,0,0
2023,401525505,True,True,True,True,True,True,,False,0,0,0
2023,401525506,True,True,True,True,True,True,,False,0,0,0
2023,401525507,True,True,True,True,True,True,,False,0,0,0
2023,401525508,True,True,True,True,True,True,,False,0,0,0
2023,401525509,True,True,False,True,True,False,c2:cfbd_drive_missing_from_ledger,False,0,1,0
2023,401525510,True,True,True,False,False,False,c3:drive_14_delta_3_1;c4:score_regression_between_drives;c4:excess_points_over_certified_final,False,6,0,0
2023,401525511,True,True,True,True,True,True,,False,0,0,0
2023,401525844,True,True,True,False,False,False,c3:drive_13_delta_0_1;c4:score_regression_between_drives,False,-4,0,0
2023,401525845,True,True,True,True,True,True,,False,0,0,0
2023,401525846,True,True,True,True,True,True,,False,0,0,0
2023,401525847,True,True,True,False,False,False,c3:drive_10_delta_0_3;c4:score_regression_between_drives,False,-16,0,0
2023,401525848,True,True,True,True,True,True,,False,0,0,0
2023,401525849,True,True,True,True,True,True,,False,0,0,0
2023,401525850,True,True,True,True,True,True,,False,0,0,0
2023,401526835,True,True,True,True,True,True,,False,9,0,0
2023,401531338,True,True,True,True,True,True,,False,0,0,0
2023,401531349,True,True,True,True,True,True,,False,7,0,0
2023,401531413,True,True,True,True,True,True,,False,0,0,0
2023,401531423,True,False,True,False,False,False,c1:last_drive_end_differs_from_certified_final;c1:cumulative_through_period_4_differs_from_line_scores;c3:drive_23_delta_2_2;c4:score_regression_between_drives;c4:excess_points_over_certified_final,False,5,0,0
2023,401531849,True,True,True,True,True,True,,False,0,0,0
2023,401531870,True,False,True,True,False,False,c1:last_drive_end_differs_from_certified_final;c1:cumulative_through_period_4_differs_from_line_scores;c4:excess_points_over_certified_final,False,16,0,0
2023,401531871,True,True,True,True,True,True,,False,0,0,0
2023,401531872,True,True,True,True,True,True,,False,0,0,0
2023,401531873,True,True,True,True,True,True,,False,0,0,0
2023,401531874,True,True,True,True,True,True,,False,0,0,0
2023,401531875,True,True,True,True,True,True,,False,0,0,0
2023,401531876,True,True,True,True,True,True,,False,0,0,0
2023,401531877,True,True,False,True,True,False,c2:eligible_ledger_possession_missing_from_cfbd,False,0,0,1
2023,401532405,True,True,True,True,True,True,,False,0,0,0
2023,401532406,True,True,True,True,False,False,c4:score_regression_between_drives,False,-6,0,0
2023,401532407,True,True,True,False,False,False,c3:drive_7_delta_3_3;c4:score_regression_between_drives;c4:excess_points_over_certified_final,False,-5,0,0
2023,401532408,True,False,True,True,False,False,c1:first_drive_not_0_0;c4:score_regression_between_drives,False,-14,0,0
2023,401532583,True,True,True,True,True,True,,False,0,0,0
2023,401532584,True,True,True,True,True,True,,False,0,0,0
2023,401520276,True,True,True,True,False,False,c4:score_regression_between_drives,False,0,0,0
2023,401520277,True,True,True,True,True,True,,False,0,0,0
2023,401520278,True,False,True,True,False,False,c1:first_drive_not_0_0;c1:cumulative_through_period_2_differs_from_line_scores;c4:score_regression_between_drives,False,-14,0,0
2023,401520279,True,True,True,True,True,True,,False,0,0,0
2023,401520280,True,True,True,True,True,True,,False,0,0,0
2023,401520281,True,True,True,True,True,True,,False,7,0,0
2023,401520282,True,True,True,True,True,True,,False,0,0,0
2023,401520283,True,True,True,True,True,True,,False,7,0,0
2023,401520284,True,True,True,True,True,True,,False,0,0,0
2023,401520285,True,True,True,True,True,True,,False,0,0,0
2023,401520286,True,True,True,True,True,True,,False,0,0,0
2023,401520287,True,True,True,True,True,True,,False,7,0,0
2023,401520288,True,True,True,True,True,True,,False,0,0,0
2023,401520289,True,True,True,True,True,True,,False,0,0,0
2023,401520290,True,True,True,True,True,True,,False,0,0,0
2023,401520291,True,True,True,True,True,True,,False,0,0,0
2023,401520292,True,True,True,True,True,True,,False,0,0,0
2023,401520293,True,True,True,True,True,True,,False,0,0,0
2023,401524020,True,True,True,True,True,True,,False,0,0,0
2023,401524021,True,True,True,True,True,True,,False,0,0,0
2023,401524022,True,True,True,True,True,True,,False,0,0,0
2023,401524023,True,True,True,False,False,False,c3:drive_24_delta_9_0;c4:score_regression_between_drives,False,-4,0,0
2023,401524024,True,True,True,True,True,True,,False,0,0,0
2023,401525438,True,True,True,True,True,True,,False,0,0,0
2023,401525512,True,True,True,True,True,True,,False,0,0,0
2023,401525513,True,True,True,True,False,False,c4:score_regression_between_drives,False,-7,0,0
2023,401525514,True,True,True,True,True,True,,False,7,0,0
2023,401525515,True,True,True,True,True,True,,False,0,0,0
2023,401525516,True,True,True,True,False,False,c4:score_regression_between_drives,False,6,0,0
2023,401525851,True,True,True,True,True,True,,False,0,0,0
2023,401525852,True,False,True,True,True,False,c1:cumulative_through_period_1_differs_from_line_scores;c1:cumulative_through_period_2_differs_from_line_scores;c1:cumulative_through_period_3_differs_from_line_scores,False,0,0,0
2023,401525853,True,True,True,True,True,True,,False,0,0,0
2023,401525854,True,True,True,True,False,False,c4:score_regression_between_drives,False,-7,0,0
2023,401525855,True,True,True,True,True,True,,False,7,0,0
2023,401525856,True,True,True,True,True,True,,False,14,0,0
2023,401526836,True,False,True,True,False,False,c1:first_drive_not_0_0;c4:score_regression_between_drives,False,-10,0,0
2023,401531339,True,True,True,True,False,False,c4:score_regression_between_drives,False,6,0,0
2023,401531370,True,True,True,True,True,True,,False,0,0,0
2023,401531404,True,True,True,True,True,True,,False,7,0,0
2023,401531414,True,True,True,True,True,True,,False,0,0,0
2023,401531424,True,True,True,False,True,False,c3:drive_15_delta_1_0,False,1,0,0
2023,401531429,True,True,True,True,True,True,,False,0,0,0
2023,401531436,True,True,True,True,True,True,,False,0,0,0
2023,401531878,True,True,True,True,True,True,,False,0,0,0
2023,401531879,True,True,True,True,True,True,,False,0,0,0
2023,401531880,True,True,True,True,True,True,,False,7,0,0
2023,401531881,True,True,True,True,True,True,,False,7,0,0
2023,401531882,True,True,True,True,True,True,,False,0,0,0
2023,401531883,True,False,True,False,False,False,c1:first_drive_not_0_0;c3:drive_1_delta_0_1;c4:score_regression_between_drives,False,-1,0,0
2023,401532409,True,False,False,True,False,False,c1:cumulative_through_period_1_differs_from_line_scores;c2:eligible_ledger_possession_missing_from_cfbd;c4:score_regression_between_drives,False,0,0,1
2023,401532410,True,True,True,False,True,False,c3:drive_12_delta_5_0,False,0,0,0
2023,401532411,True,True,True,True,True,True,,False,0,0,0
2023,401532412,True,False,False,True,False,False,c1:cumulative_through_period_1_differs_from_line_scores;c2:cfbd_drive_missing_from_ledger;c4:score_regression_between_drives,False,0,3,0
2023,401532413,True,True,True,True,True,True,,False,0,0,0
2023,401532585,True,True,True,True,True,True,,False,14,0,0
2023,401532586,True,True,True,True,True,True,,False,7,0,0
2023,401532587,True,True,True,True,True,True,,False,2,0,0
2023,401532588,True,False,True,True,False,False,c1:cumulative_through_period_4_differs_from_line_scores;c4:score_regression_between_drives,False,10,0,0
2023,401532589,True,True,True,True,True,True,,False,0,0,0
2023,401520294,True,True,True,True,True,True,,False,14,0,0
2023,401520295,True,True,True,True,True,True,,False,0,0,0
2023,401520296,True,True,True,True,True,True,,False,0,0,0
2023,401520297,True,True,True,True,True,True,,False,0,0,0
2023,401520298,True,True,True,True,True,True,,False,0,0,0
2023,401520299,True,True,True,True,True,True,,False,0,0,0
2023,401520300,True,True,True,True,True,True,,False,0,0,0
2023,401520301,True,True,True,True,True,True,,False,0,0,0
2023,401520302,True,True,True,True,True,True,,False,0,0,0
2023,401520303,True,False,True,True,True,False,c1:cumulative_through_period_1_differs_from_line_scores;c1:cumulative_through_period_2_differs_from_line_scores;c1:cumulative_through_period_3_differs_from_line_scores,False,0,0,0
2023,401520304,True,True,True,True,True,True,,False,0,0,0
2023,401520305,True,True,True,True,True,True,,False,0,0,0
2023,401520306,True,True,True,True,True,True,,False,6,0,0
2023,401520307,True,True,True,True,True,True,,False,0,0,0
2023,401520308,True,True,True,True,True,True,,False,0,0,0
2023,401520309,True,True,True,True,True,True,,False,0,0,0
2023,401520310,True,True,True,False,False,False,c3:drive_26_delta_2_0;c4:score_regression_between_drives,False,5,0,0
2023,401520311,True,True,True,True,True,True,,False,0,0,0
2023,401524025,True,True,True,True,True,True,,False,9,0,0
2023,401524026,True,True,True,True,True,True,,False,0,0,0
2023,401524027,True,True,True,True,True,True,,False,0,0,0
2023,401524028,True,True,True,True,True,True,,False,0,0,0
2023,401525439,True,True,True,True,True,True,,False,0,0,0
2023,401525517,True,True,True,True,True,True,,False,0,0,0
2023,401525518,True,True,False,True,True,False,c2:cfbd_drive_missing_from_ledger,False,14,1,0
2023,401525519,True,True,True,True,True,True,,False,0,0,0
2023,401525520,True,True,False,False,False,False,c2:cfbd_drive_missing_from_ledger;c3:drive_19_delta_0_3;c4:score_regression_between_drives,False,0,3,0
2023,401525521,True,True,True,True,True,True,,False,7,0,0
2023,401525522,True,True,True,True,True,True,,False,0,0,0
2023,401525857,True,True,True,True,True,True,,False,0,0,0
2023,401525858,True,False,False,False,False,False,c1:cumulative_through_period_2_differs_from_line_scores;c2:cfbd_drive_missing_from_ledger;c3:drive_11_delta_0_3;c4:score_regression_between_drives,False,-6,1,0
2023,401525859,True,True,True,True,True,True,,False,0,0,0
2023,401525860,True,True,True,False,False,False,c3:drive_14_delta_5_6;c4:score_regression_between_drives,False,-2,0,0
2023,401525861,True,True,True,True,True,True,,False,0,0,0
2023,401526837,True,True,True,True,True,True,,False,0,0,0
2023,401531340,True,True,True,True,True,True,,False,0,0,0
2023,401531380,True,True,True,True,True,True,,False,0,0,0
2023,401531389,True,True,True,True,True,True,,False,7,0,0
2023,401531433,True,True,True,True,True,True,,False,7,0,0
2023,401531884,True,True,True,False,False,False,c3:drive_19_delta_1_0;c4:score_regression_between_drives;c4:excess_points_over_certified_final,False,12,0,0
2023,401531885,True,True,True,True,True,True,,False,0,0,0
2023,401531886,True,True,True,True,True,True,,False,0,0,0
2023,401531887,True,True,True,True,True,True,,False,0,0,0
2023,401532414,True,True,True,True,True,True,,False,0,0,0
2023,401532415,True,False,True,True,True,False,c1:cumulative_through_period_2_differs_from_line_scores,False,0,0,0
2023,401532416,True,True,True,True,True,True,,False,0,0,0
2023,401532417,True,True,True,True,True,True,,False,0,0,0
2023,401532418,True,True,True,True,False,False,c4:score_regression_between_drives,False,-21,0,0
2023,401532590,True,True,True,True,True,True,,False,0,0,0
2023,401532591,True,True,True,False,False,False,c3:drive_6_delta_14_7;c4:score_regression_between_drives,False,-35,0,0
2023,401532592,True,True,True,True,True,True,,False,0,0,0
2023,401520312,True,True,True,True,True,True,,False,0,0,0
2023,401520313,True,True,True,True,True,True,,False,0,0,0
2023,401520314,True,True,True,True,True,True,,False,7,0,0
2023,401520315,True,True,True,True,True,True,,False,0,0,0
2023,401520316,True,True,True,True,True,True,,False,0,0,0
2023,401520317,True,True,True,True,True,True,,False,0,0,0
2023,401520318,True,True,True,True,True,True,,False,0,0,0
2023,401520319,True,True,True,True,False,False,c4:score_regression_between_drives,False,-7,0,0
2023,401520320,True,True,True,True,True,True,,False,0,0,0
2023,401520321,True,True,True,True,True,True,,False,0,0,0
2023,401520322,True,True,True,True,True,True,,False,0,0,0
2023,401520323,True,True,True,True,True,True,,False,0,0,0
2023,401520324,True,True,True,True,True,True,,False,13,0,0
2023,401520325,True,True,True,True,True,True,,False,0,0,0
2023,401520326,True,False,True,True,False,False,c1:first_drive_not_0_0;c1:cumulative_through_period_4_differs_from_line_scores;c4:score_regression_between_drives,False,-7,0,0
2023,401520327,True,True,True,True,True,True,,False,6,0,0
2023,401520328,True,True,True,True,True,True,,False,0,0,0
2023,401524029,True,True,True,True,False,False,c4:score_regression_between_drives,False,-1,0,0
2023,401524030,True,True,True,True,True,True,,False,7,0,0
2023,401524031,True,True,True,False,False,False,c3:drive_22_delta_0_1;c4:score_regression_between_drives,False,13,0,0
2023,401524032,True,True,True,True,True,True,,False,0,0,0
2023,401524033,True,True,True,True,True,True,,False,0,0,0
2023,401524034,True,True,True,True,True,True,,False,0,0,0
2023,401525523,True,True,True,True,True,True,,False,14,0,0
2023,401525524,True,True,True,True,True,True,,False,0,0,0
2023,401525525,True,True,True,True,True,True,,False,0,0,0
2023,401525526,True,True,True,True,True,True,,False,0,0,0
2023,401525527,True,True,True,False,False,False,c3:drive_12_delta_7_1;c4:score_regression_between_drives,False,5,0,0
2023,401525862,True,True,True,False,False,False,c3:drive_3_delta_7_1;c4:score_regression_between_drives,False,-1,0,0
2023,401525863,True,True,True,True,True,True,,False,0,0,0
2023,401525864,True,True,True,True,True,True,,False,0,0,0
2023,401525865,True,True,True,True,True,True,,False,0,0,0
2023,401525866,True,True,True,True,True,True,,False,7,0,0
2023,401531371,True,True,True,True,True,True,,False,0,0,0
2023,401531381,True,True,True,True,True,True,,False,7,0,0
2023,401531390,True,True,True,True,True,True,,False,0,0,0
2023,401531405,True,True,True,True,True,True,,False,7,0,0
2023,401531415,True,True,True,True,True,True,,False,0,0,0
2023,401531420,True,True,True,True,True,True,,False,0,0,0
2023,401531888,True,True,True,True,True,True,,False,0,0,0
2023,401531889,True,True,True,True,True,True,,False,0,0,0
2023,401531890,True,True,True,True,True,True,,False,7,0,0
2023,401531891,True,True,True,True,True,True,,False,0,0,0
2023,401532419,True,True,True,True,True,True,,False,0,0,0
2023,401532420,True,True,True,True,True,True,,False,0,0,0
2023,401532421,True,False,True,True,True,False,c1:cumulative_through_period_1_differs_from_line_scores;c1:cumulative_through_period_2_differs_from_line_scores;c1:cumulative_through_period_3_differs_from_line_scores,False,0,0,0
2023,401532422,True,False,True,True,True,False,c1:first_drive_not_0_0,False,0,0,0
2023,401532423,True,True,True,True,True,True,,False,0,0,0
2023,401532424,True,True,True,True,True,True,,False,0,0,0
2023,401532593,True,True,True,True,True,True,,False,0,0,0
2023,401532594,True,True,True,True,True,True,,False,0,0,0
2023,401532595,True,True,True,False,False,False,c3:drive_23_delta_7_1;c4:score_regression_between_drives,False,-1,0,0
2023,401532596,True,True,True,True,True,True,,False,0,0,0
2023,401532597,True,False,True,True,False,False,c1:last_drive_end_differs_from_certified_final;c1:cumulative_through_period_4_differs_from_line_scores;c4:score_regression_between_drives,False,-1,0,0
2023,401532598,True,True,True,True,True,True,,False,0,0,0
2023,401520329,True,True,True,True,True,True,,False,0,0,0
2023,401520330,True,True,True,True,True,True,,False,0,0,0
2023,401520331,True,False,True,True,False,False,c1:last_drive_end_differs_from_certified_final;c4:score_regression_between_drives,False,-40,0,0
2023,401520332,True,True,True,True,True,True,,False,0,0,0
2023,401520333,True,True,True,True,True,True,,False,0,0,0
2023,401520334,True,True,True,True,True,True,,False,0,0,0
2023,401520335,True,True,True,True,True,True,,False,0,0,0
2023,401520336,True,False,True,True,False,False,c1:first_drive_not_0_0;c4:score_regression_between_drives,False,-21,0,0
2023,401520337,True,True,True,True,True,True,,False,0,0,0
2023,401520338,True,True,True,True,True,True,,False,0,0,0
2023,401520339,True,True,True,True,True,True,,False,0,0,0
2023,401520340,True,True,True,True,True,True,,False,0,0,0
2023,401520341,True,True,True,True,True,True,,False,0,0,0
2023,401520342,True,True,True,True,True,True,,False,7,0,0
2023,401520343,True,True,True,True,True,True,,False,0,0,0
2023,401520344,True,True,True,True,True,True,,False,0,0,0
2023,401524035,True,True,False,True,True,False,c2:cfbd_drive_missing_from_ledger,False,0,1,0
2023,401524036,True,True,True,True,True,True,,False,0,0,0
2023,401524037,True,True,True,True,True,True,,False,6,0,0
2023,401524038,True,True,True,True,True,True,,False,0,0,0
2023,401525528,True,True,True,True,True,True,,False,0,0,0
2023,401525529,True,True,True,False,False,False,c3:drive_7_delta_0_1;c4:score_regression_between_drives,False,-9,0,0
2023,401525530,True,True,False,True,True,False,c2:cfbd_drive_missing_from_ledger,False,7,1,0
2023,401525531,True,True,True,True,True,True,,False,0,0,0
2023,401525532,True,True,True,True,True,True,,False,0,0,0
2023,401525867,True,True,True,True,True,True,,False,0,0,0
2023,401525868,True,False,True,False,False,False,c1:last_drive_end_differs_from_certified_final;c1:cumulative_through_period_2_differs_from_line_scores;c1:cumulative_through_period_4_differs_from_line_scores;c3:drive_8_delta_10_0;c4:score_regression_between_drives,False,-42,0,0
2023,401525869,True,True,True,True,True,True,,False,0,0,0
2023,401525870,True,True,True,True,True,True,,False,0,0,0
2023,401525871,True,True,True,True,True,True,,False,0,0,0
2023,401525872,True,True,True,True,True,True,,False,7,0,0
2023,401531341,True,True,True,True,True,True,,False,0,0,0
2023,401531372,True,True,True,True,True,True,,False,0,0,0
2023,401531382,True,True,True,True,True,True,,False,7,0,0
2023,401531391,True,True,True,True,True,True,,False,0,0,0
2023,401531397,True,True,True,True,True,True,,False,0,0,0
2023,401531406,True,True,True,True,True,True,,False,0,0,0
2023,401531434,True,True,True,True,True,True,,False,0,0,0
2023,401531892,True,True,True,True,True,True,,False,0,0,0
2023,401531893,True,True,False,False,False,False,c2:eligible_ledger_possession_missing_from_cfbd;c3:drive_22_delta_1_0;c4:score_regression_between_drives;c4:excess_points_over_certified_final,False,6,0,1
2023,401531894,True,True,True,True,True,True,,False,15,0,0
2023,401531895,True,True,True,True,True,True,,False,0,0,0
2023,401531896,True,True,True,True,True,True,,False,0,0,0
2023,401531897,True,True,True,True,True,True,,False,0,0,0
2023,401532425,True,True,True,True,True,True,,False,0,0,0
2023,401532426,True,False,False,True,False,False,c1:first_drive_not_0_0;c2:cfbd_drive_missing_from_ledger;c4:score_regression_between_drives,False,-20,1,0
2023,401532427,True,True,False,True,True,False,c2:cfbd_drive_missing_from_ledger;c2:eligible_ledger_possession_missing_from_cfbd,False,0,7,7
2023,401532428,True,True,True,True,True,True,,False,0,0,0
2023,401532429,True,True,True,True,False,False,c4:score_regression_between_drives,False,0,0,0
2023,401532430,True,False,True,True,True,False,c1:first_drive_not_0_0,False,0,0,0
2023,401532599,True,False,True,True,True,False,c1:cumulative_through_period_2_differs_from_line_scores;c1:cumulative_through_period_3_differs_from_line_scores;c1:cumulative_through_period_4_differs_from_line_scores,False,0,0,0
2023,401532600,True,True,True,True,True,True,,False,0,0,0
2023,401532601,True,True,True,True,True,True,,False,0,0,0
2023,401532602,True,True,True,True,True,True,,False,0,0,0
2023,401520345,True,True,True,True,True,True,,False,0,0,0
2023,401520346,True,True,True,True,True,True,,False,0,0,0
2023,401520347,True,True,True,True,True,True,,False,0,0,0
2023,401520348,True,True,True,True,True,True,,False,0,0,0
2023,401520349,True,True,True,True,True,True,,False,0,0,0
2023,401520350,True,True,True,True,True,True,,False,0,0,0
2023,401520351,True,False,True,True,True,False,c1:cumulative_through_period_1_differs_from_line_scores;c1:cumulative_through_period_2_differs_from_line_scores;c1:cumulative_through_period_3_differs_from_line_scores,False,0,0,0
2023,401520352,True,True,True,True,True,True,,False,0,0,0
2023,401520353,True,True,False,True,True,False,c2:cfbd_drive_missing_from_ledger,False,0,1,0
2023,401520354,True,True,True,True,True,True,,False,0,0,0
2023,401520355,True,True,True,True,True,True,,False,7,0,0
2023,401520356,True,True,True,True,True,True,,False,0,0,0
2023,401520357,True,True,True,True,True,True,,False,0,0,0
2023,401520358,True,True,True,True,True,True,,False,14,0,0
2023,401520359,True,True,True,True,True,True,,False,7,0,0
2023,401520360,True,True,True,True,True,True,,False,0,0,0
2023,401524039,True,True,True,True,True,True,,False,0,0,0
2023,401524040,True,True,True,True,True,True,,False,0,0,0
2023,401524041,True,True,True,False,False,False,c3:drive_2_delta_0_3;c4:score_regression_between_drives,False,-18,0,0
2023,401524042,True,True,True,False,False,False,c3:drive_13_delta_3_1;c4:score_regression_between_drives,False,6,0,0
2023,401524043,True,True,True,True,True,True,,False,0,0,0
2023,401524044,True,True,True,True,False,False,c4:score_regression_between_drives,False,0,0,0
2023,401525440,True,True,True,True,False,False,c4:score_regression_between_drives,False,-6,0,0
2023,401525533,True,True,True,True,True,True,,False,2,0,0
2023,401525534,True,True,True,True,True,True,,False,7,0,0
2023,401525535,True,True,True,True,True,True,,False,0,0,0
2023,401525536,True,True,True,True,True,True,,False,7,0,0
2023,401525537,True,True,True,True,True,True,,False,0,0,0
2023,401525538,True,True,True,True,True,True,,False,3,0,0
2023,401525873,True,True,True,True,True,True,,False,0,0,0
2023,401525874,True,False,True,True,False,False,c1:first_drive_not_0_0;c4:score_regression_between_drives,False,-32,0,0
2023,401525875,True,True,True,True,False,False,c4:score_regression_between_drives,False,-14,0,0
2023,401525876,True,True,True,True,True,True,,False,0,0,0
2023,401525877,True,True,True,True,True,True,,False,0,0,0
2023,401525878,True,True,True,True,True,True,,False,0,0,0
2023,401531342,True,True,True,True,True,True,,False,7,0,0
2023,401531373,True,True,True,True,True,True,,False,0,0,0
2023,401531398,True,True,True,True,True,True,,False,0,0,0
2023,401531407,True,True,True,True,True,True,,False,0,0,0
2023,401531430,True,True,True,True,True,True,,False,0,0,0
2023,401531898,True,True,True,True,True,True,,False,7,0,0
2023,401531899,True,False,False,True,True,False,c1:cumulative_through_period_1_differs_from_line_scores;c1:cumulative_through_period_2_differs_from_line_scores;c1:cumulative_through_period_4_differs_from_line_scores;c2:cfbd_drive_missing_from_ledger,False,0,1,0
2023,401531900,True,True,True,True,True,True,,False,0,0,0
2023,401531901,True,True,True,True,True,True,,False,0,0,0
2023,401531902,True,True,True,True,True,True,,False,0,0,0
2023,401531903,True,True,True,True,True,True,,False,0,0,0
2023,401531929,True,True,True,True,True,True,,False,0,0,0
2023,401532431,True,True,True,True,True,True,,False,2,0,0
2023,401532432,True,True,True,True,True,True,,False,0,0,0
2023,401532603,True,True,True,True,True,True,,False,7,0,0
2023,401532604,True,False,True,True,False,False,c1:cumulative_through_period_1_differs_from_line_scores;c1:cumulative_through_period_2_differs_from_line_scores;c1:cumulative_through_period_3_differs_from_line_scores;c4:score_regression_between_drives,False,0,0,0
2023,401532605,True,True,True,True,True,True,,False,7,0,0
2023,401532606,True,True,True,True,True,True,,False,0,0,0
2023,401532607,True,True,True,True,True,True,,False,7,0,0
2023,401520361,True,True,True,True,True,True,,False,0,0,0
2023,401520362,True,True,True,True,True,True,,False,0,0,0
2023,401520363,True,True,True,True,True,True,,False,6,0,0
2023,401520364,True,True,True,False,False,False,c3:drive_16_delta_5_2;c4:score_regression_between_drives;c4:excess_points_over_certified_final,False,-4,0,0
2023,401520365,True,True,True,True,True,True,,False,0,0,0
2023,401520366,True,True,True,True,True,True,,False,0,0,0
2023,401520367,True,True,True,True,True,True,,False,0,0,0
2023,401520368,True,True,True,True,True,True,,False,0,0,0
2023,401520369,True,True,True,True,True,True,,False,0,0,0
2023,401520370,True,True,True,True,True,True,,False,0,0,0
2023,401520371,True,True,True,True,True,True,,False,7,0,0
2023,401520372,True,True,True,True,True,True,,False,0,0,0
2023,401520373,True,True,True,True,True,True,,False,0,0,0
2023,401520374,True,True,True,True,True,True,,False,0,0,0
2023,401520375,True,True,True,True,True,True,,False,0,0,0
2023,401520376,True,True,True,True,True,True,,False,7,0,0
2023,401520377,True,True,True,True,True,True,,False,0,0,0
2023,401520378,True,True,True,True,True,True,,False,0,0,0
2023,401520379,True,True,True,True,True,True,,False,0,0,0
2023,401520400,True,True,True,False,True,False,c3:drive_20_delta_7_1,False,6,0,0
2023,401524045,True,True,True,True,True,True,,False,0,0,0
2023,401524046,True,True,True,True,True,True,,False,0,0,0
2023,401524047,True,True,True,True,True,True,,False,7,0,0
2023,401524048,True,True,True,True,True,True,,False,0,0,0
2023,401524049,True,True,True,True,True,True,,False,7,0,0
2023,401524050,True,True,True,True,True,True,,False,0,0,0
2023,401525441,True,True,True,True,True,True,,False,14,0,0
2023,401525451,True,True,True,True,True,True,,False,0,0,0
2023,401525539,True,True,True,True,True,True,,False,0,0,0
2023,401525540,True,False,True,True,False,False,c1:cumulative_through_period_1_differs_from_line_scores;c1:cumulative_through_period_2_differs_from_line_scores;c4:score_regression_between_drives,False,0,0,0
2023,401525541,True,True,True,True,True,True,,False,0,0,0
2023,401525542,True,False,True,True,False,False,c1:first_drive_not_0_0;c4:score_regression_between_drives,False,-17,0,0
2023,401525543,True,True,True,True,True,True,,False,0,0,0
2023,401525544,True,True,True,True,True,True,,False,0,0,0
2023,401525545,True,False,True,True,False,False,c1:last_drive_end_differs_from_certified_final;c1:cumulative_through_period_4_differs_from_line_scores;c4:excess_points_over_certified_final,False,14,0,0
2023,401525879,True,True,True,True,True,True,,False,0,0,0
2023,401525880,True,False,False,True,True,False,c1:last_drive_end_differs_from_certified_final;c2:cfbd_drive_missing_from_ledger,False,0,1,0
2023,401525881,True,True,True,True,True,True,,False,0,0,0
2023,401525882,True,True,False,True,True,False,c2:cfbd_drive_missing_from_ledger;c2:eligible_ledger_possession_missing_from_cfbd,False,0,1,1
2023,401525883,True,True,True,True,True,True,,False,0,0,0
2023,401525884,True,True,True,True,True,True,,False,13,0,0
2023,401525885,True,True,True,True,True,True,,False,0,0,0
2023,401531343,True,True,True,True,True,True,,False,7,0,0
2023,401531374,True,True,True,True,True,True,,False,0,0,0
2023,401531383,True,True,True,True,True,True,,False,7,0,0
2023,401531392,True,True,True,True,True,True,,False,0,0,0
2023,401531399,True,True,True,True,True,True,,False,0,0,0
2023,401531425,True,True,True,True,True,True,,False,7,0,0
2023,401531440,True,True,True,True,True,True,,False,0,0,0
2023,401531904,True,True,True,True,True,True,,False,0,0,0
2023,401531905,True,True,False,False,True,False,c2:cfbd_drive_missing_from_ledger;c2:eligible_ledger_possession_missing_from_cfbd;c3:drive_5_delta_0_3,False,0,7,9
2023,401531906,True,True,True,True,True,True,,False,0,0,0
2023,401531907,True,True,True,True,True,True,,False,0,0,0
2023,401531908,True,True,True,True,True,True,,False,0,0,0
2023,401531909,True,True,True,True,True,True,,False,21,0,0
2023,401531910,True,True,True,True,True,True,,False,0,0,0
2023,401532433,True,False,True,True,False,False,c1:first_drive_not_0_0;c4:score_regression_between_drives,False,-68,0,0
2023,401532434,True,False,True,True,True,False,c1:first_drive_not_0_0,False,7,0,0
2023,401532435,True,True,True,True,True,True,,False,0,0,0
2023,401532436,True,False,True,False,False,False,c1:cumulative_through_period_2_differs_from_line_scores;c1:cumulative_through_period_4_differs_from_line_scores;c3:drive_13_delta_27_10;c4:score_regression_between_drives;c4:excess_points_over_certified_final,False,-52,0,0
2023,401532608,True,False,True,False,False,False,c1:cumulative_through_period_2_differs_from_line_scores;c3:drive_13_delta_0_1;c4:score_regression_between_drives,False,6,0,0
2023,401532609,True,True,True,True,True,True,,False,0,0,0
2023,401532610,True,False,True,True,False,False,c1:cumulative_through_period_2_differs_from_line_scores;c1:cumulative_through_period_3_differs_from_line_scores;c4:score_regression_between_drives,False,0,0,0
2023,401532611,True,True,True,True,True,True,,False,21,0,0
2023,401532612,True,False,False,True,True,False,c1:last_drive_end_differs_from_certified_final;c2:cfbd_drive_missing_from_ledger;c2:eligible_ledger_possession_missing_from_cfbd,False,0,1,1
2023,401520380,True,True,True,True,True,True,,False,7,0,0
2023,401520381,True,True,True,True,True,True,,False,0,0,0
2023,401520382,True,True,True,True,True,True,,False,0,0,0
2023,401520383,True,False,True,True,False,False,c1:last_drive_end_differs_from_certified_final;c4:score_regression_between_drives,False,6,0,0
2023,401520384,True,True,True,True,True,True,,False,0,0,0
2023,401520385,True,True,True,True,True,True,,False,0,0,0
2023,401520386,True,True,True,True,False,False,c4:score_regression_between_drives,False,-7,0,0
2023,401520387,True,True,True,True,True,True,,False,0,0,0
2023,401520388,True,False,True,False,False,False,c1:last_drive_end_differs_from_certified_final;c1:cumulative_through_period_2_differs_from_line_scores;c1:cumulative_through_period_4_differs_from_line_scores;c3:drive_18_delta_1_0;c4:score_regression_between_drives;c4:excess_points_over_certified_final,False,-1,0,0
2023,401520389,True,True,True,True,True,True,,False,7,0,0
2023,401520390,True,True,True,True,True,True,,False,0,0,0
2023,401520391,True,True,True,True,True,True,,False,0,0,0
2023,401520392,True,True,True,True,True,True,,False,0,0,0
2023,401520393,True,True,True,True,True,True,,False,0,0,0
2023,401520394,True,True,True,True,True,True,,False,7,0,0
2023,401520395,True,True,True,True,True,True,,False,0,0,0
2023,401520396,True,True,True,True,True,True,,False,0,0,0
2023,401520397,True,False,True,True,True,False,c1:first_drive_not_0_0,False,0,0,0
2023,401520398,True,True,True,True,True,True,,False,0,0,0
2023,401520399,True,True,True,True,True,True,,False,0,0,0
2023,401524051,True,True,True,True,True,True,,False,0,0,0
2023,401524052,True,True,True,True,True,True,,False,0,0,0
2023,401524053,True,True,True,True,True,True,,False,0,0,0
2023,401524054,True,True,True,True,True,True,,False,0,0,0
2023,401524055,True,True,True,True,True,True,,False,0,0,0
2023,401524056,True,True,True,True,True,True,,False,2,0,0
2023,401525546,True,True,True,False,False,False,c3:drive_23_delta_14_0;c4:score_regression_between_drives,False,-14,0,0
2023,401525547,True,True,True,True,True,True,,False,0,0,0
2023,401525548,True,True,True,True,True,True,,False,0,0,0
2023,401525549,True,False,True,True,True,False,c1:last_drive_end_differs_from_certified_final,False,0,0,0
2023,401525550,True,True,True,True,True,True,,False,0,0,0
2023,401525551,True,True,True,True,True,True,,True,0,0,0
2023,401525552,True,True,True,True,True,True,,False,0,0,0
2023,401525886,True,True,True,True,True,True,,False,0,0,0
2023,401525887,True,True,True,True,True,True,,False,0,0,0
2023,401525888,True,True,True,True,True,True,,False,0,0,0
2023,401525889,True,True,True,True,True,True,,False,7,0,0
2023,401525890,True,False,True,True,False,False,c1:cumulative_through_period_2_differs_from_line_scores;c4:score_regression_between_drives,False,-13,0,0
2023,401525891,True,True,True,True,True,True,,False,0,0,0
2023,401525892,True,True,True,True,True,True,,False,7,0,0
2023,401531344,True,True,True,False,False,False,c3:drive_15_delta_0_1;c4:score_regression_between_drives,False,6,0,0
2023,401531384,True,True,True,True,True,True,,False,0,0,0
2023,401531393,True,True,True,True,True,True,,False,0,0,0
2023,401531400,True,True,True,True,True,True,,False,0,0,0
2023,401531408,True,True,True,True,True,True,,False,0,0,0
2023,401531416,True,True,True,True,True,True,,False,0,0,0
2023,401531437,True,True,True,True,True,True,,False,0,0,0
2023,401531911,True,True,True,False,False,False,c3:drive_7_delta_0_1;c4:score_regression_between_drives,False,22,0,0
2023,401531912,True,True,True,True,True,True,,False,0,0,0
2023,401531913,True,True,True,True,True,True,,False,0,0,0
2023,401531914,True,False,True,False,False,False,c1:first_drive_not_0_0;c3:drive_1_delta_0_1;c4:score_regression_between_drives,False,13,0,0
2023,401531915,True,True,True,True,True,True,,False,0,0,0
2023,401531916,True,True,True,True,True,True,,False,0,0,0
2023,401532437,True,True,True,True,True,True,,False,0,0,0
2023,401532438,True,False,False,True,False,False,c1:first_drive_not_0_0;c2:cfbd_drive_missing_from_ledger;c4:score_regression_between_drives,False,0,1,0
2023,401532439,True,False,True,True,True,False,c1:cumulative_through_period_2_differs_from_line_scores;c1:cumulative_through_period_3_differs_from_line_scores;c1:cumulative_through_period_4_differs_from_line_scores,False,0,0,0
2023,401532440,True,False,True,True,False,False,c1:last_drive_end_differs_from_certified_final;c1:cumulative_through_period_4_differs_from_line_scores;c4:excess_points_over_certified_final,False,14,0,0
2023,401532441,True,True,True,True,True,True,,False,0,0,0
2023,401532442,True,True,True,True,True,True,,False,7,0,0
2023,401532613,True,True,True,True,True,True,,False,0,0,0
2023,401532614,True,True,True,True,True,True,,False,0,0,0
2023,401532615,True,True,True,True,True,True,,False,0,0,0
2023,401532616,True,True,True,True,True,True,,False,0,0,0
2023,401532617,True,True,False,True,True,False,c2:eligible_ledger_possession_missing_from_cfbd,False,0,0,1
2023,401532618,True,True,True,True,True,True,,False,0,0,0
2023,401520401,True,True,True,True,True,True,,False,0,0,0
2023,401520402,True,True,True,True,True,True,,False,0,0,0
2023,401520403,True,True,True,True,True,True,,False,0,0,0
2023,401520404,True,True,True,True,True,True,,False,0,0,0
2023,401520405,True,True,True,True,True,True,,False,0,0,0
2023,401520406,True,True,True,True,True,True,,False,0,0,0
2023,401520407,True,True,True,True,True,True,,False,0,0,0
2023,401520408,True,True,True,True,True,True,,False,0,0,0
2023,401520409,True,True,True,True,True,True,,False,7,0,0
2023,401520410,True,True,True,True,True,True,,False,0,0,0
2023,401520411,True,True,True,True,True,True,,False,0,0,0
2023,401520412,True,True,True,False,False,False,c3:drive_24_delta_8_1;c4:score_regression_between_drives;c4:excess_points_over_certified_final,False,6,0,0
2023,401520413,True,True,True,True,True,True,,False,0,0,0
2023,401520414,True,True,True,True,True,True,,False,0,0,0
2023,401520415,True,True,True,True,True,True,,False,0,0,0
2023,401520416,True,True,True,True,True,True,,False,0,0,0
2023,401520417,True,True,True,True,True,True,,False,0,0,0
2023,401520418,True,True,True,True,True,True,,False,0,0,0
2023,401520419,True,True,True,True,True,True,,False,0,0,0
2023,401520420,True,True,True,False,False,False,c3:drive_4_delta_1_0;c4:score_regression_between_drives,False,-2,0,0
2023,401520421,True,True,True,True,True,True,,False,0,0,0
2023,401520422,True,True,True,True,True,True,,False,7,0,0
2023,401520423,True,True,True,True,True,True,,False,0,0,0
2023,401524057,True,True,True,False,False,False,c3:drive_7_delta_0_1;c4:score_regression_between_drives,False,6,0,0
2023,401524058,True,True,True,True,True,True,,False,0,0,0
2023,401524059,True,True,True,True,True,True,,False,0,0,0
2023,401524060,True,True,True,True,True,True,,False,0,0,0
2023,401524061,True,True,True,False,False,False,c3:drive_21_delta_5_0;c4:score_regression_between_drives,False,-2,0,0
2023,401524062,True,True,True,True,True,True,,False,0,0,0
2023,401525442,True,True,True,True,True,True,,False,7,0,0
2023,401525553,True,True,True,True,True,True,,False,0,0,0
2023,401525554,True,True,True,True,True,True,,False,0,0,0
2023,401525555,True,True,True,True,True,True,,False,0,0,0
2023,401525556,True,True,True,True,True,True,,False,14,0,0
2023,401525557,True,False,True,True,False,False,c1:last_drive_end_differs_from_certified_final;c1:cumulative_through_period_4_differs_from_line_scores;c4:score_regression_between_drives;c4:excess_points_over_certified_final,False,-16,0,0
2023,401525558,True,True,True,True,True,True,,False,0,0,0
2023,401525559,True,True,True,True,True,True,,False,0,0,0
2023,401525893,True,True,True,True,True,True,,False,0,0,0
2023,401525894,True,True,True,True,True,True,,False,2,0,0
2023,401525895,True,True,True,False,False,False,c3:drive_14_delta_6_4;c4:score_regression_between_drives,False,-8,0,0
2023,401525896,True,False,True,False,False,False,c1:first_drive_not_0_0;c3:drive_8_delta_9_0;c4:score_regression_between_drives,False,-55,0,0
2023,401525897,True,True,True,True,True,True,,False,7,0,0
2023,401525898,True,True,True,True,True,True,,False,0,0,0
2023,401525899,True,True,True,True,True,True,,False,0,0,0
2023,401531345,True,True,True,True,True,True,,False,0,0,0
2023,401531375,True,True,True,True,True,True,,False,0,0,0
2023,401531385,True,True,True,True,True,True,,False,0,0,0
2023,401531401,True,True,True,True,True,True,,False,0,0,0
2023,401531409,True,True,True,True,True,True,,False,0,0,0
2023,401531417,True,True,True,True,True,True,,False,0,0,0
2023,401531431,True,True,True,True,True,True,,False,0,0,0
2023,401531917,True,True,True,True,False,False,c4:score_regression_between_drives,False,-7,0,0
2023,401531918,True,True,True,False,False,False,c3:drive_26_delta_6_3;c4:score_regression_between_drives,False,-1,0,0
2023,401531919,True,True,True,True,True,True,,False,7,0,0
2023,401531920,True,True,True,False,False,False,c3:drive_8_delta_2_0;c4:score_regression_between_drives,False,-2,0,0
2023,401531921,True,True,True,True,True,True,,False,0,0,0
2023,401532443,True,True,True,True,True,True,,False,0,0,0
2023,401532444,True,True,True,True,True,True,,False,0,0,0
2023,401532445,True,False,True,True,True,False,c1:last_drive_end_differs_from_certified_final,False,0,0,0
2023,401532446,True,True,True,True,True,True,,False,0,0,0
2023,401532447,True,True,True,True,True,True,,False,0,0,0
2023,401532448,True,True,True,True,True,True,,False,0,0,0
2023,401532619,True,True,True,False,False,False,c3:drive_17_delta_4_0;c4:score_regression_between_drives,False,13,0,0
2023,401532620,True,True,True,True,True,True,,False,7,0,0
2023,401532621,True,True,True,True,True,True,,False,0,0,0
2023,401532622,True,True,True,True,True,True,,False,0,0,0
2023,401532623,True,True,True,True,True,True,,False,0,0,0
2023,401532624,True,True,True,False,False,False,c3:drive_3_delta_0_1;c4:score_regression_between_drives,False,-3,0,0
2023,401520424,True,True,True,True,True,True,,False,0,0,0
2023,401520425,True,True,True,True,True,True,,False,0,0,0
2023,401520426,True,True,True,True,True,True,,False,0,0,0
2023,401520427,True,True,True,True,True,True,,False,0,0,0
2023,401520428,True,True,True,True,True,True,,False,6,0,0
2023,401520429,True,True,True,True,True,True,,False,0,0,0
2023,401520430,True,True,True,True,True,True,,False,0,0,0
2023,401520431,True,True,True,True,True,True,,False,7,0,0
2023,401520432,True,True,True,False,False,False,c3:drive_11_delta_7_1;c4:score_regression_between_drives,False,6,0,0
2023,401520433,True,False,False,True,True,False,c1:cumulative_through_period_2_differs_from_line_scores;c1:cumulative_through_period_4_differs_from_line_scores;c2:cfbd_drive_missing_from_ledger,False,42,1,0
2023,401520434,True,True,True,True,True,True,,False,0,0,0
2023,401520435,True,True,True,True,True,True,,False,0,0,0
2023,401520436,True,True,True,True,True,True,,False,0,0,0
2023,401520437,True,True,True,True,True,True,,False,0,0,0
2023,401520438,True,True,True,False,False,False,c3:drive_19_delta_3_1;c4:score_regression_between_drives,False,6,0,0
2023,401520439,True,True,True,True,True,True,,False,7,0,0
2023,401520440,True,True,True,True,True,True,,False,0,0,0
2023,401520441,True,True,True,True,True,True,,False,0,0,0
2023,401520442,True,True,True,True,True,True,,False,0,0,0
2023,401520443,True,True,True,True,True,True,,False,0,0,0
2023,401520444,True,True,True,True,True,True,,False,7,0,0
2023,401524063,True,True,True,True,True,True,,False,0,0,0
2023,401524064,True,True,True,True,True,True,,False,0,0,0
2023,401524065,True,True,True,True,True,True,,False,7,0,0
2023,401524066,True,False,True,False,False,False,c1:cumulative_through_period_2_differs_from_line_scores;c3:drive_10_delta_0_1;c4:score_regression_between_drives,False,5,0,0
2023,401524067,True,True,True,True,True,True,,False,0,0,0
2023,401524068,True,True,True,True,True,True,,False,0,0,0
2023,401525560,True,True,True,True,True,True,,False,0,0,0
2023,401525561,True,True,True,True,True,True,,False,0,0,0
2023,401525562,True,True,True,True,True,True,,False,6,0,0
2023,401525563,True,True,True,True,True,True,,False,0,0,0
2023,401525564,True,True,True,True,False,False,c4:score_regression_between_drives,False,0,0,0
2023,401525900,True,False,True,False,False,False,c1:cumulative_through_period_2_differs_from_line_scores;c3:drive_20_delta_10_0;c4:score_regression_between_drives,False,-2,0,0
2023,401525901,True,True,False,True,True,False,c2:cfbd_drive_missing_from_ledger,False,7,1,0
2023,401525902,True,True,True,True,False,False,c4:score_regression_between_drives,False,9,0,0
2023,401525903,True,True,True,True,False,False,c4:score_regression_between_drives,False,-6,0,0
2023,401525904,True,True,True,True,True,True,,False,0,0,0
2023,401525905,True,True,True,True,False,False,c4:score_regression_between_drives,False,8,0,0
2023,401525906,True,False,True,True,True,False,c1:cumulative_through_period_1_differs_from_line_scores;c1:cumulative_through_period_3_differs_from_line_scores,False,0,0,0
2023,401531346,True,True,True,True,True,True,,False,7,0,0
2023,401531376,True,True,True,True,True,True,,False,0,0,0
2023,401531386,True,True,True,False,False,False,c3:drive_2_delta_7_1;c4:score_regression_between_drives,False,-1,0,0
2023,401531394,True,True,True,True,True,True,,False,0,0,0
2023,401531410,True,True,True,True,True,True,,False,0,0,0
2023,401531421,True,True,True,True,True,True,,False,0,0,0
2023,401531435,True,True,False,True,True,False,c2:eligible_ledger_possession_missing_from_cfbd,False,7,0,1
2023,401531922,True,False,True,False,False,False,c1:last_drive_end_differs_from_certified_final;c1:cumulative_through_period_4_differs_from_line_scores;c3:drive_22_delta_2_0;c4:excess_points_over_certified_final,False,12,0,0
2023,401531923,True,False,True,True,True,False,c1:cumulative_through_period_1_differs_from_line_scores;c1:cumulative_through_period_2_differs_from_line_scores;c1:cumulative_through_period_3_differs_from_line_scores;c1:cumulative_through_period_4_differs_from_line_scores,False,0,0,0
2023,401531924,True,False,True,True,False,False,c1:first_drive_not_0_0;c1:cumulative_through_period_2_differs_from_line_scores;c4:score_regression_between_drives,False,-7,0,0
2023,401531925,True,True,True,True,True,True,,False,0,0,0
2023,401531926,True,True,True,True,True,True,,False,7,0,0
2023,401531927,True,True,True,True,True,True,,False,0,0,0
2023,401531928,True,True,True,True,True,True,,False,14,0,0
2023,401532449,True,False,False,False,True,False,c1:cumulative_through_period_3_differs_from_line_scores;c2:cfbd_drive_missing_from_ledger;c3:drive_16_delta_10_0,False,0,1,0
2023,401532450,True,True,True,True,True,True,,False,0,0,0
2023,401532451,True,True,True,True,False,False,c4:score_regression_between_drives,False,-2,0,0
2023,401532452,True,False,True,False,False,False,c1:last_drive_end_differs_from_certified_final;c1:cumulative_through_period_4_differs_from_line_scores;c3:drive_15_delta_2_0;c4:excess_points_over_certified_final,False,12,0,0
2023,401532453,True,True,True,True,True,True,,False,13,0,0
2023,401532454,True,False,True,False,False,False,c1:last_drive_end_differs_from_certified_final;c3:drive_11_delta_14_12;c4:score_regression_between_drives,False,-29,0,0
2023,401532625,True,True,True,True,True,True,,False,0,0,0
2023,401532626,True,True,True,True,True,True,,False,0,0,0
2023,401532627,True,True,True,True,True,True,,False,0,0,0
2023,401532628,True,True,True,True,True,True,,False,0,0,0
2023,401532629,True,False,True,True,False,False,c1:cumulative_through_period_2_differs_from_line_scores;c1:cumulative_through_period_3_differs_from_line_scores;c1:cumulative_through_period_4_differs_from_line_scores;c4:period_order_conflict,True,0,0,0
2023,401532630,True,False,True,False,False,False,c1:cumulative_through_period_2_differs_from_line_scores;c3:drive_8_delta_0_14;c4:score_regression_between_drives,False,-14,0,0
2023,401539475,True,True,True,True,True,True,,False,0,0,0
2023,401539476,True,True,True,True,True,True,,False,0,0,0
2023,401539477,True,True,False,True,True,False,c2:cfbd_drive_missing_from_ledger;c2:eligible_ledger_possession_missing_from_cfbd,False,7,1,1
2023,401539478,True,True,True,True,True,True,,False,0,0,0
2023,401539479,True,True,True,True,True,True,,False,0,0,0
2023,401539480,True,True,True,True,True,True,,False,7,0,0
2023,401539481,True,True,True,True,True,True,,False,0,0,0
2023,401539482,True,True,True,True,True,True,,False,7,0,0
2023,401539483,True,True,True,True,True,True,,False,0,0,0
2023,401539484,True,True,True,True,True,True,,False,0,0,0
2023,401520445,True,False,True,False,False,False,c1:last_drive_end_differs_from_certified_final;c1:cumulative_through_period_2_differs_from_line_scores;c1:cumulative_through_period_4_differs_from_line_scores;c3:drive_10_delta_0_3;c4:excess_points_over_certified_final,False,1,0,0
2024,401628319,True,True,True,True,True,True,,False,0,0,0
2024,401628320,True,True,True,True,True,True,,False,0,0,0
2024,401628321,True,True,True,True,True,True,,False,14,0,0
2024,401628322,True,True,True,True,True,True,,False,7,0,0
2024,401628323,True,True,True,True,True,True,,False,0,0,0
2024,401628324,True,True,True,True,True,True,,False,0,0,0
2024,401628325,True,True,True,True,True,True,,False,14,0,0
2024,401628326,True,True,True,True,True,True,,False,0,0,0
2024,401628327,True,True,True,True,True,True,,False,0,0,0
2024,401628328,True,True,True,True,True,True,,False,0,0,0
2024,401628329,True,True,True,True,True,True,,False,0,0,0
2024,401628330,True,True,True,True,True,True,,False,0,0,0
2024,401628331,True,True,True,True,True,True,,False,0,0,0
2024,401628332,True,True,True,True,True,True,,False,0,0,0
2024,401628333,True,True,True,True,True,True,,False,0,0,0
2024,401628334,True,True,True,True,True,True,,False,0,0,0
2024,401628448,True,True,True,True,True,True,,False,0,0,0
2024,401628449,True,True,True,True,True,True,,False,0,0,0
2024,401628450,True,True,True,True,True,True,,False,0,0,0
2024,401628451,True,True,True,True,True,True,,False,0,0,0
2024,401628452,True,True,True,True,True,True,,False,0,0,0
2024,401628453,True,True,True,True,True,True,,False,7,0,0
2024,401628454,True,True,True,True,True,True,,False,0,0,0
2024,401628455,True,True,True,True,True,True,,False,0,0,0
2024,401628456,True,True,True,True,True,True,,False,7,0,0
2024,401628457,True,True,True,True,True,True,,False,0,0,0
2024,401628458,True,True,True,True,True,True,,False,0,0,0
2024,401628459,True,True,True,True,True,True,,False,0,0,0
2024,401628460,True,True,True,True,True,True,,False,0,0,0
2024,401628461,True,True,True,True,True,True,,False,0,0,0
2024,401628581,True,True,True,True,False,False,c4:score_regression_between_drives,False,14,0,0
2024,401628582,True,True,True,True,True,True,,False,7,0,0
2024,401628584,True,True,False,True,False,False,c2:cfbd_drive_missing_from_ledger;c4:score_regression_between_drives,False,-7,1,0
2024,401628586,True,True,True,True,True,True,,False,0,0,0
2024,401628589,True,True,True,True,True,True,,False,0,0,0
2024,401628590,True,True,True,True,True,True,,False,7,0,0
2024,401628591,True,True,True,True,True,True,,False,0,0,0
2024,401629039,True,True,True,True,True,True,,False,0,0,0
2024,401632062,True,True,True,True,True,True,,False,7,0,0
2024,401632064,True,True,True,True,True,True,,False,0,0,0
2024,401634133,True,True,True,True,True,True,,False,0,0,0
2024,401634169,True,True,True,True,True,True,,False,0,0,0
2024,401634197,True,True,True,True,True,True,,False,0,0,0
2024,401634206,True,True,True,True,False,False,c4:score_regression_between_drives,False,-7,0,0
2024,401634212,True,True,True,False,False,False,c3:drive_17_delta_4_0;c4:score_regression_between_drives;c4:excess_points_over_certified_final,False,-1,0,0
2024,401634240,True,True,True,True,True,True,,False,0,0,0
2024,401634299,True,True,True,True,True,True,,False,7,0,0
2024,401634300,True,True,True,True,True,True,,False,0,0,0
2024,401634301,True,False,True,True,True,False,c1:last_drive_end_differs_from_certified_final;c1:cumulative_through_period_4_differs_from_line_scores,False,13,0,0
2024,401634302,True,True,True,True,True,True,,False,7,0,0
2024,401634303,True,True,True,True,True,True,,False,0,0,0
2024,401634304,True,True,True,True,True,True,,False,0,0,0
2024,401634305,True,True,False,True,True,False,c2:eligible_ledger_possession_missing_from_cfbd,False,0,0,1
2024,401634306,True,True,True,True,True,True,,False,0,0,0
2024,401635525,True,True,True,True,True,True,,False,0,0,0
2024,401636363,True,True,True,True,True,True,,False,7,0,0
2024,401636380,True,True,True,True,True,True,,False,0,0,0
2024,401636387,True,True,True,True,True,True,,True,7,0,0
2024,401636606,True,True,True,True,True,True,,False,0,0,0
2024,401636607,True,True,True,True,True,True,,False,14,0,0
2024,401636608,True,True,True,True,True,True,,False,7,0,0
2024,401636609,True,True,False,True,True,False,c2:cfbd_drive_missing_from_ledger,False,0,1,0
2024,401636610,True,True,True,True,True,True,,False,0,0,0
2024,401636611,True,True,True,True,True,True,,False,0,0,0
2024,401636612,True,True,True,True,True,True,,False,0,0,0
2024,401636613,True,False,True,False,False,False,c1:last_drive_end_differs_from_certified_final;c3:drive_8_delta_3_1;c4:excess_points_over_certified_final,False,0,0,0
2024,401637159,True,True,True,True,True,True,,False,8,0,0
2024,401640998,True,True,True,True,True,True,,False,0,0,0
2024,401641007,True,True,True,True,True,True,,False,2,0,0
2024,401641015,True,True,True,True,True,True,,False,0,0,0
2024,401641023,True,True,True,True,True,True,,False,2,0,0
2024,401641032,True,True,True,True,False,False,c4:score_regression_between_drives,False,2,0,0
2024,401641039,True,True,True,True,True,True,,False,7,0,0
2024,401643696,True,True,True,True,True,True,,False,0,0,0
2024,401643697,True,True,True,True,True,True,,False,7,0,0
2024,401643698,True,True,True,True,True,True,,False,7,0,0
2024,401643699,True,True,True,True,True,True,,False,0,0,0
2024,401643700,True,True,True,True,True,True,,False,7,0,0
2024,401643701,True,True,True,True,True,True,,False,0,0,0
2024,401643702,True,True,True,False,False,False,c3:drive_17_delta_8_3;c4:score_regression_between_drives,False,-3,0,0
2024,401643703,True,True,True,True,True,True,,False,0,0,0
2024,401643704,True,True,True,False,False,False,c3:drive_7_delta_9_0;c4:score_regression_between_drives,False,5,0,0
2024,401643774,True,True,True,True,True,True,,False,6,0,0
2024,401643775,True,True,True,True,True,True,,False,0,0,0
2024,401643776,True,True,True,True,True,True,,False,0,0,0
2024,401643858,True,True,True,True,True,True,,False,0,0,0
2024,401644683,True,True,True,True,True,True,,False,0,0,0
2024,401644727,True,False,True,True,False,False,c1:cumulative_through_period_2_differs_from_line_scores;c4:score_regression_between_drives,False,7,0,0
2024,401644728,True,True,True,True,True,True,,False,0,0,0
2024,401644729,True,False,True,True,True,False,c1:first_drive_not_0_0,False,7,0,0
2024,401644730,True,False,True,True,True,False,c1:last_drive_end_differs_from_certified_final;c1:cumulative_through_period_3_differs_from_line_scores;c1:cumulative_through_period_4_differs_from_line_scores,True,0,0,0
2024,401644731,True,False,True,False,False,False,c1:first_drive_not_0_0;c3:drive_2_delta_12_0;c4:score_regression_between_drives,False,-27,0,0
2024,401645316,True,True,True,True,True,True,,False,0,0,0
2024,401645317,True,True,True,True,True,True,,False,0,0,0
2024,401645318,True,True,True,False,False,False,c3:drive_21_delta_7_1;c4:score_regression_between_drives,False,6,0,0
2024,401645319,True,True,True,True,True,True,,False,0,0,0
2024,401645320,True,True,True,True,True,True,,False,0,0,0
2024,401645321,True,True,True,True,True,True,,False,0,0,0
2024,401645322,True,True,True,True,True,True,,False,14,0,0
2024,401654845,True,True,True,True,True,True,,False,0,0,0
2024,401677077,True,True,True,True,True,True,,False,0,0,0
2024,401677079,True,True,True,True,True,True,,False,0,0,0
2024,401677080,True,True,True,True,True,True,,False,7,0,0
2024,401677081,True,True,True,True,True,True,,False,7,0,0
2024,401677082,True,True,False,True,True,False,c2:eligible_ledger_possession_missing_from_cfbd,False,7,0,1
2024,401677083,True,True,True,True,True,True,,False,0,0,0
2024,401677084,True,True,True,True,True,True,,False,0,0,0
2024,401677085,True,False,False,False,False,False,c1:last_drive_end_differs_from_certified_final;c1:cumulative_through_period_2_differs_from_line_scores;c1:cumulative_through_period_4_differs_from_line_scores;c2:cfbd_drive_missing_from_ledger;c3:drive_13_delta_0_3;c4:score_regression_between_drives;c4:excess_points_over_certified_final,False,-1,1,0
2024,401677086,True,True,True,True,True,True,,False,8,0,0
2024,401677087,True,False,True,False,False,False,c1:last_drive_end_differs_from_certified_final;c3:drive_30_delta_3_3;c4:score_regression_between_drives,False,4,0,0
2024,401677088,True,True,True,True,True,True,,False,6,0,0
2024,401677089,True,True,True,True,True,True,,False,0,0,0
2024,401677090,True,True,True,True,True,True,,False,0,0,0
2024,401677091,True,True,True,True,True,True,,False,0,0,0
2024,401677092,True,True,True,True,True,True,,False,0,0,0
2024,401677093,True,False,True,False,False,False,c1:last_drive_end_differs_from_certified_final;c1:cumulative_through_period_1_differs_from_line_scores;c1:cumulative_through_period_3_differs_from_line_scores;c1:cumulative_through_period_4_differs_from_line_scores;c3:drive_15_delta_0_3;c4:excess_points_over_certified_final,False,0,0,0
2024,401677094,True,True,False,True,True,False,c2:cfbd_drive_missing_from_ledger,False,7,1,0
2024,401677095,True,True,True,True,True,True,,False,7,0,0
2024,401677096,True,True,True,True,True,True,,False,0,0,0
2024,401677097,True,True,True,True,True,True,,False,0,0,0
2024,401677098,True,True,False,True,True,False,c2:cfbd_drive_missing_from_ledger,False,0,1,0
2024,401677099,True,True,True,True,True,True,,False,0,0,0
2024,401677100,True,True,True,True,True,True,,False,0,0,0
2024,401677101,True,True,True,True,True,True,,False,0,0,0
2024,401677102,True,True,True,True,True,True,,False,0,0,0
2024,401677103,True,True,True,True,True,True,,False,0,0,0
2024,401677104,True,True,True,True,True,True,,False,0,0,0
2024,401677105,True,True,False,True,True,False,c2:cfbd_drive_missing_from_ledger,False,6,1,0
2024,401677106,True,True,True,True,True,True,,False,0,0,0
2024,401677107,True,True,True,True,True,True,,False,0,0,0
2024,401677108,True,True,True,True,True,True,,False,0,0,0
2024,401677176,True,True,True,True,True,True,,False,0,0,0
2024,401677177,True,True,True,True,True,True,,False,0,0,0
2024,401677178,True,True,True,True,True,True,,False,0,0,0
2024,401677179,True,True,True,True,True,True,,False,7,0,0
2024,401677180,True,True,True,True,True,True,,False,14,0,0
2024,401677181,True,True,True,True,True,True,,False,0,0,0
2024,401677182,True,True,False,False,False,False,c2:cfbd_drive_missing_from_ledger;c3:drive_23_delta_7_15;c4:score_regression_between_drives,False,-5,1,0
2024,401677183,True,True,True,True,True,True,,False,7,0,0
2024,401677184,True,False,True,True,True,False,c1:cumulative_through_period_2_differs_from_line_scores,False,10,0,0
2024,401677188,True,True,True,True,True,True,,False,7,0,0
2024,401677189,True,True,True,True,True,True,,False,0,0,0
2024,401677190,True,True,True,True,True,True,,False,7,0,0
2024,401677191,True,True,True,True,True,True,,False,0,0,0
2024,401677192,True,True,True,True,True,True,,False,0,0,0
2024,401729867,True,True,True,True,False,False,c4:score_regression_between_drives,False,-2,0,0
2024,401628335,True,True,True,True,True,True,,False,7,0,0
2024,401628336,True,True,True,True,False,False,c4:score_regression_between_drives,False,-7,0,0
2024,401628337,True,False,True,True,False,False,c1:last_drive_end_differs_from_certified_final;c1:cumulative_through_period_4_differs_from_line_scores;c4:score_regression_between_drives;c4:excess_points_over_certified_final,False,7,0,0
2024,401628338,True,True,True,True,True,True,,False,7,0,0
2024,401628339,True,True,True,True,True,True,,False,7,0,0
2024,401628340,True,True,True,True,True,True,,False,0,0,0
2024,401628341,True,True,True,False,False,False,c3:drive_3_delta_5_2;c4:score_regression_between_drives,False,0,0,0
2024,401628342,True,True,True,True,True,True,,False,0,0,0
2024,401628343,True,True,True,True,True,True,,False,7,0,0
2024,401628344,True,True,True,True,True,True,,False,0,0,0
2024,401628345,True,True,True,True,True,True,,False,9,0,0
2024,401628346,True,True,True,True,True,True,,False,0,0,0
2024,401628347,True,True,True,True,True,True,,False,0,0,0
2024,401628348,True,True,True,True,True,True,,False,0,0,0
2024,401628349,True,True,True,True,True,True,,False,14,0,0
2024,401628462,True,True,True,True,True,True,,False,0,0,0
2024,401628463,True,True,True,True,True,True,,False,14,0,0
2024,401628464,True,True,True,True,True,True,,False,0,0,0
2024,401628465,True,True,True,True,True,True,,False,7,0,0
2024,401628466,True,True,True,True,True,True,,False,0,0,0
2024,401628467,True,True,True,True,True,True,,False,7,0,0
2024,401628468,True,False,True,True,False,False,c1:last_drive_end_differs_from_certified_final;c1:cumulative_through_period_4_differs_from_line_scores;c4:excess_points_over_certified_final,False,0,0,0
2024,401628469,True,True,True,False,True,False,c3:drive_26_delta_0_1,False,14,0,0
2024,401628470,True,True,True,True,True,True,,False,7,0,0
2024,401628471,True,True,True,True,True,True,,False,0,0,0
2024,401628472,True,True,True,True,False,False,c4:score_regression_between_drives,False,3,0,0
2024,401628473,True,True,True,True,True,True,,False,0,0,0
2024,401628474,True,True,True,True,True,True,,False,0,0,0
2024,401628593,True,True,True,True,True,True,,False,0,0,0
2024,401628603,True,False,True,True,True,False,c1:cumulative_through_period_2_differs_from_line_scores,False,3,0,0
2024,401628977,True,True,True,True,True,True,,False,0,0,0
2024,401629040,True,True,True,True,True,True,,False,14,0,0
2024,401632068,True,True,True,True,True,True,,False,0,0,0
2024,401632071,True,True,True,True,True,True,,False,0,0,0
2024,401632072,True,True,True,True,True,True,,False,0,0,0
2024,401632459,True,True,True,True,True,True,,False,0,0,0
2024,401634181,True,False,False,True,False,False,c1:last_drive_end_differs_from_certified_final;c1:cumulative_through_period_4_differs_from_line_scores;c2:cfbd_drive_missing_from_ledger;c2:eligible_ledger_possession_missing_from_cfbd;c4:score_regression_between_drives;c4:excess_points_over_certified_final,False,-26,1,1
2024,401634765,True,True,True,True,True,True,,False,0,0,0
2024,401635531,True,True,True,True,True,True,,False,0,0,0
2024,401635532,True,True,True,True,True,True,,False,0,0,0
2024,401635533,True,True,True,True,True,True,,False,7,0,0
2024,401635534,True,False,True,True,True,False,c1:cumulative_through_period_1_differs_from_line_scores;c1:cumulative_through_period_2_differs_from_line_scores;c1:cumulative_through_period_3_differs_from_line_scores,False,0,0,0
2024,401635535,True,True,True,True,True,True,,False,0,0,0
2024,401635536,True,True,True,True,True,True,,False,0,0,0
2024,401635537,True,True,True,True,True,True,,True,0,0,0
2024,401635538,True,True,True,True,True,True,,False,0,0,0
2024,401635539,True,True,True,True,True,True,,False,0,0,0
2024,401635540,True,True,True,True,True,True,,False,0,0,0
2024,401635639,True,True,True,True,True,True,,False,0,0,0
2024,401636614,True,True,True,True,True,True,,False,0,0,0
2024,401636615,True,True,True,True,True,True,,False,0,0,0
2024,401636616,True,True,True,False,False,False,c3:drive_8_delta_7_42;c4:score_regression_between_drives;c4:excess_points_over_certified_final,False,-42,0,0
2024,401636617,True,True,True,True,True,True,,False,7,0,0
2024,401636618,True,True,True,True,True,True,,False,7,0,0
2024,401636859,True,True,True,True,True,True,,False,14,0,0
2024,401636999,True,True,True,True,True,True,,False,14,0,0
2024,401640979,True,True,True,True,False,False,c4:score_regression_between_drives;c4:excess_points_over_certified_final,False,-4,0,0
2024,401640989,True,True,True,True,False,False,c4:score_regression_between_drives,False,0,0,0
2024,401641016,True,True,True,True,True,True,,False,0,0,0
2024,401643705,True,True,True,True,True,True,,False,0,0,0
2024,401643706,True,True,True,True,True,True,,False,0,0,0
2024,401643707,True,True,True,True,True,True,,False,0,0,0
2024,401643708,True,True,True,True,True,True,,False,0,0,0
2024,401643709,True,True,True,True,True,True,,False,0,0,0
2024,401643710,True,True,True,True,True,True,,False,0,0,0
2024,401643777,True,True,True,True,True,True,,False,0,0,0
2024,401643778,True,True,True,True,True,True,,False,7,0,0
2024,401643779,True,True,True,True,True,True,,False,0,0,0
2024,401643780,True,False,True,False,False,False,c1:cumulative_through_period_2_differs_from_line_scores;c3:drive_12_delta_0_3;c4:score_regression_between_drives,False,2,0,0
2024,401643781,True,True,True,True,True,True,,False,0,0,0
2024,401643782,True,True,True,True,True,True,,False,7,0,0
2024,401643783,True,True,True,True,True,True,,True,0,0,0
2024,401643784,True,True,True,True,True,True,,False,0,0,0
2024,401644732,True,True,True,True,True,True,,False,0,0,0
2024,401645323,True,True,True,True,True,True,,False,0,0,0
2024,401645324,True,True,True,True,True,True,,False,14,0,0
2024,401645325,True,True,True,True,True,True,,False,0,0,0
2024,401645326,True,True,True,True,False,False,c4:score_regression_between_drives,False,7,0,0
2024,401628350,True,True,True,True,True,True,,False,7,0,0
2024,401628351,True,True,True,True,True,True,,False,0,0,0
2024,401628352,True,True,True,True,True,True,,False,0,0,0
2024,401628353,True,True,True,True,True,True,,False,0,0,0
2024,401628354,True,True,True,True,True,True,,False,0,0,0
2024,401628355,True,True,True,True,True,True,,False,0,0,0
2024,401628356,True,True,True,True,True,True,,False,0,0,0
2024,401628357,True,True,True,True,True,True,,False,0,0,0
2024,401628358,True,True,True,True,True,True,,False,0,0,0
2024,401628359,True,True,True,True,False,False,c4:score_regression_between_drives,False,7,0,0
2024,401628360,True,True,True,True,True,True,,False,7,0,0
2024,401628361,True,True,True,True,True,True,,False,7,0,0
2024,401628362,True,True,True,False,False,False,c3:drive_7_delta_2_0;c4:score_regression_between_drives,False,-2,0,0
2024,401628475,True,True,True,True,True,True,,False,0,0,0
2024,401628476,True,True,True,True,True,True,,False,0,0,0
2024,401628477,True,True,True,True,True,True,,False,7,0,0
2024,401628478,True,True,True,True,True,True,,False,0,0,0
2024,401628479,True,True,True,True,True,True,,False,0,0,0
2024,401628480,True,True,True,True,True,True,,False,0,0,0
2024,401628481,True,True,True,True,True,True,,False,0,0,0
2024,401628482,True,True,True,True,True,True,,False,0,0,0
2024,401628483,True,True,True,True,True,True,,False,0,0,0
2024,401628484,True,True,True,True,True,True,,False,0,0,0
2024,401628978,True,True,True,True,True,True,,False,7,0,0
2024,401629030,True,True,True,True,True,True,,False,0,0,0
2024,401629041,True,True,True,False,False,False,c3:drive_19_delta_0_27;c4:score_regression_between_drives,False,-14,0,0
2024,401635541,True,True,True,False,True,False,c3:drive_16_delta_7_3,True,0,0,0
2024,401635542,True,True,True,True,True,True,,False,0,0,0
2024,401635543,True,True,True,True,True,True,,False,0,0,0
2024,401635544,True,True,True,True,True,True,,False,0,0,0
2024,401635545,True,True,True,True,True,True,,False,0,0,0
2024,401635546,True,True,True,True,True,True,,False,7,0,0
2024,401635547,True,True,True,True,True,True,,False,0,0,0
2024,401635548,True,True,True,True,True,True,,False,7,0,0
2024,401636364,True,False,True,False,False,False,c1:cumulative_through_period_2_differs_from_line_scores;c3:drive_14_delta_0_1;c4:score_regression_between_drives,False,19,0,0
2024,401636860,True,True,True,True,True,True,,False,0,0,0
2024,401636861,True,True,True,True,True,True,,False,0,0,0
2024,401636862,True,True,True,True,True,True,,False,12,0,0
2024,401636863,True,True,True,True,True,True,,False,0,0,0
2024,401636864,True,True,True,True,True,True,,False,0,0,0
2024,401636865,True,True,True,False,False,False,c3:drive_18_delta_7_14;c4:score_regression_between_drives;c4:excess_points_over_certified_final,False,13,0,0
2024,401636866,True,True,True,True,True,True,,True,0,0,0
2024,401636867,True,True,True,True,True,True,,True,0,0,0
2024,401636868,True,False,True,False,False,False,c1:last_drive_end_differs_from_certified_final;c1:cumulative_through_period_2_differs_from_line_scores;c1:cumulative_through_period_4_differs_from_line_scores;c3:drive_2_delta_9_0;c4:score_regression_between_drives,False,-101,0,0
2024,401636869,True,True,True,True,True,True,,False,0,0,0
2024,401636870,True,True,True,True,True,True,,False,0,0,0
2024,401636871,True,True,True,False,False,False,c3:drive_16_delta_1_0;c4:score_regression_between_drives,False,2,0,0
2024,401640980,True,True,True,True,True,True,,False,0,0,0
2024,401640990,True,True,True,True,True,True,,False,0,0,0
2024,401640999,True,True,True,True,True,True,,False,7,0,0
2024,401641017,True,False,True,False,False,False,c1:cumulative_through_period_2_differs_from_line_scores;c3:drive_14_delta_7_1;c4:score_regression_between_drives,False,-4,0,0
2024,401641024,True,True,True,True,True,True,,False,0,0,0
2024,401641033,True,True,True,True,True,True,,False,0,0,0
2024,401641040,True,True,True,True,True,True,,False,0,0,0
2024,401643785,True,True,True,True,True,True,,False,0,0,0
2024,401643786,True,True,True,True,True,True,,False,0,0,0
2024,401643787,True,True,True,True,True,True,,False,0,0,0
2024,401643788,True,True,True,True,True,True,,False,7,0,0
2024,401643789,True,True,True,True,True,True,,False,0,0,0
2024,401644733,True,False,True,True,True,False,c1:cumulative_through_period_2_differs_from_line_scores,False,7,0,0
2024,401644734,True,True,True,True,True,True,,False,0,0,0
2024,401645327,True,True,True,True,True,True,,False,7,0,0
2024,401655632,True,False,True,False,False,False,c1:cumulative_through_period_2_differs_from_line_scores;c3:drive_14_delta_4_0;c4:score_regression_between_drives,False,-1,0,0
2024,401628363,True,True,True,True,True,True,,False,0,0,0
2024,401628364,True,True,True,True,True,True,,False,0,0,0
2024,401628365,True,True,True,True,True,True,,False,0,0,0
2024,401628366,True,True,True,True,True,True,,False,0,0,0
2024,401628367,True,True,True,True,True,True,,False,0,0,0
2024,401628368,True,True,True,False,False,False,c3:drive_24_delta_21_20;c4:score_regression_between_drives,False,-24,0,0
2024,401628369,True,True,True,True,False,False,c4:score_regression_between_drives,False,-6,0,0
2024,401628370,True,True,True,True,True,True,,False,0,0,0
2024,401628371,True,True,True,True,True,True,,False,0,0,0
2024,401628372,True,True,True,True,True,True,,False,0,0,0
2024,401628485,True,True,True,True,True,True,,False,7,0,0
2024,401628486,True,True,True,False,False,False,c3:drive_19_delta_0_1;c4:score_regression_between_drives;c4:excess_points_over_certified_final,False,1,0,0
2024,401628487,True,True,True,True,True,True,,False,0,0,0
2024,401628488,True,True,True,True,True,True,,False,0,0,0
2024,401628489,True,True,True,True,True,True,,False,0,0,0
2024,401628490,True,True,True,True,True,True,,False,7,0,0
2024,401628491,True,True,True,True,True,True,,False,0,0,0
2024,401628492,True,True,True,True,True,True,,True,14,0,0
2024,401628493,True,True,True,True,True,True,,False,0,0,0
2024,401628494,True,True,True,True,True,True,,False,0,0,0
2024,401628625,True,True,True,True,True,True,,False,0,0,0
2024,401628979,True,True,True,True,True,True,,False,0,0,0
2024,401629031,True,False,True,True,False,False,c1:last_drive_end_differs_from_certified_final;c1:cumulative_through_period_4_differs_from_line_scores;c4:excess_points_over_certified_final,False,6,0,0
2024,401629042,True,True,True,True,True,True,,False,0,0,0
2024,401634247,True,True,True,True,True,True,,False,0,0,0
2024,401634766,True,True,True,True,True,True,,False,0,0,0
2024,401635551,True,True,True,True,True,True,,False,0,0,0
2024,401635552,True,True,True,False,False,False,c3:drive_2_delta_0_14;c4:score_regression_between_drives,False,7,0,0
2024,401635553,True,True,True,True,True,True,,False,7,0,0
2024,401635554,True,False,True,True,False,False,c1:last_drive_end_differs_from_certified_final;c1:cumulative_through_period_4_differs_from_line_scores;c4:excess_points_over_certified_final,False,23,0,0
2024,401635555,True,True,True,True,True,True,,False,0,0,0
2024,401635556,True,True,True,True,True,True,,False,7,0,0
2024,401635557,True,True,True,True,False,False,c4:score_regression_between_drives,False,1,0,0
2024,401635558,True,True,True,True,True,True,,False,0,0,0
2024,401636374,True,True,True,True,True,True,,False,0,0,0
2024,401636872,True,True,True,True,True,True,,False,0,0,0
2024,401636873,True,True,True,True,True,True,,False,0,0,0
2024,401636874,True,True,True,False,False,False,c3:drive_10_delta_5_0;c4:score_regression_between_drives;c4:excess_points_over_certified_final,False,3,0,0
2024,401636875,True,True,True,True,True,True,,False,0,0,0
2024,401636876,True,True,True,True,True,True,,False,6,0,0
2024,401636877,True,True,True,True,True,True,,False,0,0,0
2024,401636879,True,True,True,True,True,True,,False,0,0,0
2024,401637162,True,True,True,True,True,True,,False,7,0,0
2024,401640991,True,True,True,True,True,True,,False,7,0,0
2024,401641000,True,True,True,True,True,True,,False,0,0,0
2024,401641008,True,True,True,True,True,True,,False,0,0,0
2024,401641028,True,True,True,False,False,False,c3:drive_18_delta_2_0;c4:score_regression_between_drives,False,0,0,0
2024,401641034,True,True,True,True,True,True,,True,0,0,0
2024,401641037,True,True,True,True,True,True,,False,2,0,0
2024,401643711,True,True,True,True,True,True,,False,0,0,0
2024,401643712,True,True,True,True,True,True,,False,0,0,0
2024,401643713,True,True,True,True,True,True,,False,0,0,0
2024,401643714,True,True,True,True,False,False,c4:score_regression_between_drives,False,-8,0,0
2024,401643715,True,True,True,True,True,True,,False,0,0,0
2024,401643716,True,False,True,False,False,False,c1:cumulative_through_period_2_differs_from_line_scores;c3:drive_4_delta_10_0;c4:score_regression_between_drives;c4:excess_points_over_certified_final,False,-5,0,0
2024,401643717,True,True,True,True,True,True,,False,7,0,0
2024,401643790,True,True,True,True,True,True,,False,0,0,0
2024,401643791,True,True,True,False,False,False,c3:drive_10_delta_6_1;c4:score_regression_between_drives,False,6,0,0
2024,401644735,True,True,True,True,True,True,,False,0,0,0
2024,401644736,True,True,True,True,True,True,,False,3,0,0
2024,401644737,True,True,True,True,True,True,,False,0,0,0
2024,401645328,True,True,True,True,True,True,,True,0,0,0
2024,401645329,True,True,True,False,False,False,c3:drive_22_delta_2_7;c4:score_regression_between_drives,False,5,0,0
2024,401645330,True,True,True,True,True,True,,False,0,0,0
2024,401628373,True,True,True,True,True,True,,False,0,0,0
2024,401628374,True,True,True,False,False,False,c3:drive_4_delta_0_14;c4:score_regression_between_drives,False,-22,0,0
2024,401628375,True,True,True,True,True,True,,False,0,0,0
2024,401628376,True,True,True,True,True,True,,False,0,0,0
2024,401628377,True,True,True,True,True,True,,False,0,0,0
2024,401628378,True,True,True,True,True,True,,False,0,0,0
2024,401628495,True,True,True,True,True,True,,False,0,0,0
2024,401628496,True,True,True,True,True,True,,False,0,0,0
2024,401628497,True,False,False,True,False,False,c1:cumulative_through_period_2_differs_from_line_scores;c2:cfbd_drive_missing_from_ledger;c2:eligible_ledger_possession_missing_from_cfbd;c4:score_regression_between_drives;c4:excess_points_over_certified_final,False,10,1,1
2024,401628498,True,True,True,True,True,True,,False,7,0,0
2024,401628499,True,True,True,True,True,True,,False,0,0,0
2024,401628500,True,True,True,True,True,True,,False,0,0,0
2024,401628501,True,True,True,True,True,True,,False,0,0,0
2024,401628502,True,True,True,True,True,True,,False,7,0,0
2024,401628980,True,True,True,True,True,True,,False,7,0,0
2024,401629032,True,True,True,True,True,True,,False,0,0,0
2024,401629043,True,True,True,True,True,True,,False,3,0,0
2024,401634767,True,True,True,True,True,True,,False,0,0,0
2024,401635560,True,True,True,True,True,True,,False,0,0,0
2024,401635561,True,True,True,True,True,True,,False,6,0,0
2024,401635562,True,True,True,True,True,True,,False,0,0,0
2024,401635563,True,True,True,False,False,False,c3:drive_12_delta_2_0;c4:score_regression_between_drives,False,-2,0,0
2024,401635564,True,True,True,True,True,True,,False,0,0,0
2024,401635565,True,True,True,True,True,True,,False,0,0,0
2024,401635659,True,True,True,True,True,True,,False,0,0,0
2024,401636880,True,True,True,True,True,True,,False,0,0,0
2024,401636881,True,True,True,True,True,True,,False,0,0,0
2024,401636882,True,True,True,True,True,True,,False,0,0,0
2024,401636883,True,True,True,True,True,True,,False,0,0,0
2024,401636884,True,True,True,True,True,True,,False,7,0,0
2024,401636885,True,True,True,True,True,True,,False,0,0,0
2024,401636886,True,True,True,True,True,True,,False,0,0,0
2024,401640981,True,True,True,True,True,True,,False,0,0,0
2024,401640992,False,False,False,False,False,False,no_certified_final,False,0,0,0
2024,401641018,True,True,True,True,True,True,,False,0,0,0
2024,401641025,True,True,True,True,True,True,,False,0,0,0
2024,401641035,True,True,True,True,True,True,,False,0,0,0
2024,401641041,True,True,True,True,True,True,,False,0,0,0
2024,401643718,True,True,True,True,True,True,,False,0,0,0
2024,401643719,True,True,True,True,True,True,,False,0,0,0
2024,401643720,True,True,True,False,False,False,c3:drive_22_delta_0_1;c4:score_regression_between_drives,False,6,0,0
2024,401643721,True,True,True,True,True,True,,False,0,0,0
2024,401643792,True,True,True,False,False,False,c3:drive_7_delta_9_0;c4:score_regression_between_drives,False,8,0,0
2024,401643793,True,True,True,True,True,True,,False,0,0,0
2024,401643794,True,True,True,True,True,True,,False,0,0,0
2024,401643795,True,True,True,True,True,True,,False,0,0,0
2024,401643796,True,True,True,True,True,True,,False,0,0,0
2024,401644738,True,True,True,True,True,True,,False,0,0,0
2024,401644739,True,True,True,True,True,True,,False,7,0,0
2024,401645331,True,True,True,True,True,True,,False,0,0,0
2024,401645332,True,True,True,True,True,True,,False,14,0,0
2024,401645333,True,True,True,True,True,True,,False,0,0,0
2024,401645334,True,True,True,True,True,True,,False,0,0,0
2024,401645335,True,True,True,True,True,True,,True,0,0,0
2024,401645336,True,True,True,True,True,True,,False,7,0,0
2024,401645337,True,True,True,True,True,True,,False,0,0,0
2024,401628379,True,True,True,True,True,True,,False,0,0,0
2024,401628380,True,True,True,True,True,True,,False,0,0,0
2024,401628381,True,True,True,True,True,True,,False,0,0,0
2024,401628382,True,True,True,True,True,True,,False,0,0,0
2024,401628383,True,True,True,True,True,True,,False,0,0,0
2024,401628384,True,True,True,True,True,True,,False,0,0,0
2024,401628503,True,True,True,True,True,True,,False,0,0,0
2024,401628504,True,True,True,True,True,True,,True,0,0,0
2024,401628505,True,True,True,True,True,True,,False,0,0,0
2024,401628506,True,True,True,True,True,True,,False,0,0,0
2024,401628507,True,False,True,True,True,False,c1:cumulative_through_period_2_differs_from_line_scores,False,0,0,0
2024,401628508,True,True,True,True,True,True,,True,0,0,0
2024,401628509,True,True,True,True,True,True,,False,7,0,0
2024,401628510,True,True,True,True,True,True,,False,0,0,0
2024,401629033,True,True,True,True,True,True,,False,0,0,0
2024,401629044,True,True,True,True,True,True,,False,0,0,0
2024,401634779,True,True,True,True,True,True,,False,16,0,0
2024,401635567,True,True,True,True,True,True,,False,0,0,0
2024,401635568,True,True,True,True,True,True,,False,7,0,0
2024,401635569,True,True,True,True,True,True,,False,0,0,0
2024,401635570,True,True,True,True,True,True,,False,7,0,0
2024,401635571,True,True,True,True,True,True,,False,0,0,0
2024,401635572,True,True,True,True,True,True,,False,0,0,0
2024,401635573,True,True,True,True,True,True,,False,0,0,0
2024,401635638,True,True,True,True,True,True,,False,0,0,0
2024,401636887,True,True,True,True,True,True,,False,0,0,0
2024,401636888,True,True,True,True,True,True,,False,0,0,0
2024,401636889,True,True,True,True,True,True,,False,0,0,0
2024,401636890,True,True,True,True,True,True,,False,0,0,0
2024,401636891,True,True,True,True,True,True,,False,0,0,0
2024,401641001,True,True,True,False,False,False,c3:drive_11_delta_0_1;c4:score_regression_between_drives,False,6,0,0
2024,401641029,True,True,True,True,True,True,,False,7,0,0
2024,401643722,True,True,True,True,True,True,,False,0,0,0
2024,401643723,True,True,True,False,False,False,c3:drive_16_delta_0_1;c4:score_regression_between_drives,False,13,0,0
2024,401643724,True,False,True,False,False,False,c1:cumulative_through_period_2_differs_from_line_scores;c3:drive_11_delta_0_16;c4:score_regression_between_drives,False,-20,0,0
2024,401643725,True,True,True,True,True,True,,False,0,0,0
2024,401643726,True,True,True,True,True,True,,False,0,0,0
2024,401643797,True,True,True,True,True,True,,False,0,0,0
2024,401643798,True,True,True,True,True,True,,False,0,0,0
2024,401643799,True,True,True,True,True,True,,False,0,0,0
2024,401643800,True,True,True,True,True,True,,False,0,0,0
2024,401643801,True,True,True,True,True,True,,False,0,0,0
2024,401643802,True,True,True,True,True,True,,False,0,0,0
2024,401644684,True,True,True,True,True,True,,False,14,0,0
2024,401644740,True,True,False,False,False,False,c2:eligible_ledger_possession_missing_from_cfbd;c3:drive_7_delta_0_10;c4:score_regression_between_drives,False,-10,0,1
2024,401644741,True,True,True,True,True,True,,False,7,0,0
2024,401645338,True,True,True,True,True,True,,False,13,0,0
2024,401645339,True,True,True,True,True,True,,False,0,0,0
2024,401645340,True,True,True,False,False,False,c3:drive_23_delta_0_1;c4:score_regression_between_drives;c4:excess_points_over_certified_final,False,6,0,0
2024,401628385,True,True,True,True,True,True,,False,3,0,0
2024,401628386,True,True,True,True,True,True,,False,0,0,0
2024,401628387,True,True,True,True,True,True,,False,0,0,0
2024,401628388,True,True,True,True,True,True,,False,6,0,0
2024,401628389,True,True,True,True,True,True,,False,7,0,0
2024,401628390,True,True,True,True,True,True,,False,7,0,0
2024,401628391,True,True,True,True,True,True,,False,0,0,0
2024,401628511,True,True,True,False,True,False,c3:drive_14_delta_10_0,True,7,0,0
2024,401628512,True,True,True,True,True,True,,False,0,0,0
2024,401628513,True,True,True,True,True,True,,False,0,0,0
2024,401628514,True,True,True,True,True,True,,False,0,0,0
2024,401628515,True,True,True,True,True,True,,False,0,0,0
2024,401628516,True,True,True,True,True,True,,False,0,0,0
2024,401628517,True,True,True,True,True,True,,False,0,0,0
2024,401628981,True,True,True,True,True,True,,False,0,0,0
2024,401635574,True,True,True,True,True,True,,False,0,0,0
2024,401635575,True,True,True,True,False,False,c4:score_regression_between_drives,False,-7,0,0
2024,401635576,True,True,True,True,True,True,,False,0,0,0
2024,401635577,True,True,True,True,True,True,,False,0,0,0
2024,401635578,True,True,True,True,True,True,,False,0,0,0
2024,401636892,True,True,True,True,True,True,,False,0,0,0
2024,401636893,True,True,True,True,True,True,,False,7,0,0
2024,401636894,True,True,True,True,True,True,,False,0,0,0
2024,401636895,True,True,True,True,True,True,,False,0,0,0
2024,401636896,True,True,True,True,True,True,,False,0,0,0
2024,401640982,True,False,True,True,False,False,c1:last_drive_end_differs_from_certified_final;c4:excess_points_over_certified_final,False,1,0,0
2024,401641002,True,True,True,True,True,True,,False,2,0,0
2024,401641009,True,True,True,True,True,True,,False,0,0,0
2024,401641030,True,True,True,True,True,True,,False,14,0,0
2024,401643727,True,True,True,True,True,True,,False,0,0,0
2024,401643728,True,True,True,True,True,True,,False,0,0,0
2024,401643729,True,True,True,True,True,True,,False,0,0,0
2024,401643730,True,True,True,True,True,True,,True,0,0,0
2024,401643731,True,True,True,True,True,True,,False,0,0,0
2024,401643732,True,True,True,True,True,True,,False,0,0,0
2024,401643733,True,True,True,True,True,True,,False,0,0,0
2024,401643803,True,True,True,True,True,True,,False,0,0,0
2024,401643804,True,True,False,True,True,False,c2:eligible_ledger_possession_missing_from_cfbd,False,0,0,1
2024,401643805,True,True,True,True,True,True,,False,0,0,0
2024,401643806,True,True,True,True,True,True,,False,7,0,0
2024,401643807,True,True,True,True,True,True,,False,8,0,0
2024,401643808,True,True,True,True,True,True,,False,0,0,0
2024,401644685,True,True,True,True,True,True,,False,0,0,0
2024,401644742,True,True,False,True,False,False,c2:eligible_ledger_possession_missing_from_cfbd;c4:score_regression_between_drives,False,-14,0,1
2024,401644743,True,True,True,True,True,True,,False,0,0,0
2024,401644744,True,True,True,True,True,True,,False,0,0,0
2024,401644745,True,True,True,False,False,False,c3:drive_20_delta_12_0;c4:score_regression_between_drives;c4:excess_points_over_certified_final,False,-4,0,0
2024,401644746,True,True,True,True,False,False,c4:score_regression_between_drives,False,-6,0,0
2024,401645341,True,True,True,True,True,True,,False,7,0,0
2024,401645342,True,False,False,False,False,False,c1:cumulative_through_period_2_differs_from_line_scores;c2:eligible_ledger_possession_missing_from_cfbd;c3:drive_7_delta_0_13;c4:score_regression_between_drives;c4:excess_points_over_certified_final,False,-126,0,6
2024,401645343,True,True,True,True,True,True,,False,14,0,0
2024,401645344,True,True,True,True,True,True,,False,0,0,0
2024,401628392,True,True,True,True,True,True,,False,8,0,0
2024,401628393,True,True,False,True,False,False,c2:cfbd_drive_missing_from_ledger;c2:eligible_ledger_possession_missing_from_cfbd;c4:score_regression_between_drives,False,7,3,7
2024,401628394,True,True,True,True,True,True,,False,7,0,0
2024,401628395,True,True,False,True,True,False,c2:eligible_ledger_possession_missing_from_cfbd,False,0,0,1
2024,401628396,True,False,True,False,True,False,c1:cumulative_through_period_1_differs_from_line_scores;c3:drive_10_delta_4_0,True,0,0,0
2024,401628397,True,True,False,True,True,False,c2:eligible_ledger_possession_missing_from_cfbd,False,0,0,1
2024,401628398,True,True,True,True,True,True,,False,0,0,0
2024,401628399,True,True,True,True,True,True,,False,0,0,0
2024,401628518,True,True,True,True,True,True,,False,0,0,0
2024,401628519,True,True,True,True,True,True,,False,0,0,0
2024,401628520,True,True,True,True,True,True,,False,0,0,0
2024,401628521,True,True,True,True,True,True,,False,7,0,0
2024,401628522,True,True,True,True,True,True,,False,7,0,0
2024,401628523,True,True,True,True,True,True,,False,0,0,0
2024,401628524,True,True,True,True,True,True,,False,0,0,0
2024,401628982,True,True,True,True,True,True,,False,7,0,0
2024,401629034,True,True,True,True,True,True,,False,0,0,0
2024,401634768,True,True,True,True,True,True,,False,7,0,0
2024,401634769,True,False,True,True,True,False,c1:cumulative_through_period_2_differs_from_line_scores,False,0,0,0
2024,401635587,True,True,True,True,True,True,,False,0,0,0
2024,401635588,True,True,True,True,True,True,,False,0,0,0
2024,401635589,True,True,False,True,True,False,c2:cfbd_drive_missing_from_ledger,False,14,1,0
2024,401635590,True,True,True,True,True,True,,False,0,0,0
2024,401636897,True,True,True,True,True,True,,False,0,0,0
2024,401636898,True,True,True,True,False,False,c4:score_regression_between_drives,False,0,0,0
2024,401636899,True,True,True,True,True,True,,False,0,0,0
2024,401636900,True,True,True,True,True,True,,False,7,0,0
2024,401636901,True,True,True,True,True,True,,False,7,0,0
2024,401636902,True,True,True,True,True,True,,False,7,0,0
2024,401636903,True,True,True,True,True,True,,False,0,0,0
2024,401636904,True,True,True,True,True,True,,False,0,0,0
2024,401640983,True,True,True,True,True,True,,False,7,0,0
2024,401641010,True,False,True,False,False,False,c1:cumulative_through_period_2_differs_from_line_scores;c3:drive_13_delta_9_12;c4:score_regression_between_drives;c4:excess_points_over_certified_final,False,-31,0,0
2024,401641019,True,True,True,True,True,True,,False,2,0,0
2024,401641038,True,True,True,False,False,False,c3:drive_9_delta_14_0;c4:score_regression_between_drives,False,-7,0,0
2024,401643734,True,True,True,True,True,True,,False,0,0,0
2024,401643735,True,True,True,True,True,True,,False,0,0,0
2024,401643736,True,True,True,True,True,True,,False,0,0,0
2024,401643737,True,False,True,True,True,False,c1:last_drive_end_differs_from_certified_final;c1:cumulative_through_period_2_differs_from_line_scores;c1:cumulative_through_period_3_differs_from_line_scores;c1:cumulative_through_period_4_differs_from_line_scores,True,0,0,0
2024,401643738,True,True,True,True,True,True,,False,0,0,0
2024,401643739,True,True,True,True,True,True,,False,7,0,0
2024,401643809,True,True,True,False,False,False,c3:drive_11_delta_5_0;c4:score_regression_between_drives,False,0,0,0
2024,401643810,True,True,True,True,True,True,,False,7,0,0
2024,401643811,True,True,True,True,True,True,,False,0,0,0
2024,401643812,True,True,True,True,True,True,,False,0,0,0
2024,401643813,True,True,True,True,True,True,,True,0,0,0
2024,401643814,True,True,True,True,True,True,,False,7,0,0
2024,401644686,True,True,True,True,True,True,,False,14,0,0
2024,401644748,True,True,True,True,True,True,,False,0,0,0
2024,401644749,True,False,True,False,False,False,c1:cumulative_through_period_2_differs_from_line_scores;c3:drive_3_delta_10_7;c4:score_regression_between_drives,False,-23,0,0
2024,401644750,True,True,True,True,True,True,,False,7,0,0
2024,401644751,True,True,True,True,True,True,,False,0,0,0
2024,401645345,True,True,True,False,False,False,c3:drive_30_delta_5_2;c4:score_regression_between_drives,False,7,0,0
2024,401645346,True,True,True,True,True,True,,False,7,0,0
2024,401645347,True,True,True,True,True,True,,False,0,0,0
2024,401645348,True,True,True,True,True,True,,False,0,0,0
2024,401645349,True,True,True,True,True,True,,False,7,0,0
2024,401645350,True,True,True,True,True,True,,False,7,0,0
2024,401645351,True,True,True,True,True,True,,False,0,0,0
2024,401628400,True,True,True,True,True,True,,False,0,0,0
2024,401628401,True,True,True,True,True,True,,False,0,0,0
2024,401628402,True,True,True,False,False,False,c3:drive_7_delta_3_1;c4:score_regression_between_drives,False,-1,0,0
2024,401628403,True,True,True,True,True,True,,False,0,0,0
2024,401628404,True,True,True,True,False,False,c4:score_regression_between_drives,False,0,0,0
2024,401628405,True,True,True,True,True,True,,False,0,0,0
2024,401628525,True,True,True,True,True,True,,False,0,0,0
2024,401628526,True,True,False,True,True,False,c2:cfbd_drive_missing_from_ledger,False,7,1,0
2024,401628527,True,True,True,True,False,False,c4:score_regression_between_drives,False,9,0,0
2024,401628528,True,True,True,False,False,False,c3:drive_7_delta_4_0;c4:score_regression_between_drives,False,6,0,0
2024,401628529,True,True,True,True,True,True,,False,0,0,0
2024,401628530,True,True,True,True,True,True,,False,0,0,0
2024,401628531,True,True,True,False,False,False,c3:drive_16_delta_3_1;c4:score_regression_between_drives,False,-2,0,0
2024,401628532,True,True,True,True,True,True,,False,0,0,0
2024,401628983,True,True,True,True,True,True,,False,0,0,0
2024,401629035,True,True,True,True,True,True,,False,7,0,0
2024,401634770,True,True,True,True,True,True,,False,7,0,0
2024,401634771,True,True,True,False,False,False,c3:drive_8_delta_0_1;c4:score_regression_between_drives,False,-1,0,0
2024,401635594,True,True,True,True,True,True,,False,0,0,0
2024,401635595,True,True,True,True,True,True,,False,6,0,0
2024,401635596,True,True,True,True,True,True,,False,0,0,0
2024,401635597,True,True,True,True,True,True,,False,0,0,0
2024,401635598,True,True,True,True,True,True,,False,0,0,0
2024,401635599,True,True,True,True,True,True,,False,0,0,0
2024,401636905,True,True,True,True,True,True,,False,0,0,0
2024,401636906,True,True,True,True,True,True,,False,0,0,0
2024,401636907,True,True,True,True,True,True,,False,0,0,0
2024,401636908,True,True,True,False,False,False,c3:drive_23_delta_7_1;c4:score_regression_between_drives;c4:excess_points_over_certified_final,False,-2,0,0
2024,401636909,True,True,True,False,False,False,c3:drive_16_delta_1_1;c4:score_regression_between_drives,False,11,0,0
2024,401636910,True,True,True,True,True,True,,False,0,0,0
2024,401636911,True,True,True,True,True,True,,False,0,0,0
2024,401640984,True,True,True,True,True,True,,False,0,0,0
2024,401640993,True,True,True,False,False,False,c3:drive_10_delta_7_1;c4:score_regression_between_drives,False,-1,0,0
2024,401641003,True,True,True,True,True,True,,False,0,0,0
2024,401641011,True,True,True,True,True,True,,False,0,0,0
2024,401643740,True,True,False,True,True,False,c2:eligible_ledger_possession_missing_from_cfbd,False,0,0,1
2024,401643741,True,True,True,True,True,True,,False,0,0,0
2024,401643742,True,True,True,True,True,True,,False,0,0,0
2024,401643743,True,True,True,True,True,True,,False,0,0,0
2024,401643744,True,False,True,True,False,False,c1:first_drive_not_0_0;c4:score_regression_between_drives,False,-13,0,0
2024,401643745,True,True,True,True,True,True,,False,6,0,0
2024,401643815,True,True,True,True,True,True,,False,7,0,0
2024,401643816,True,True,True,True,True,True,,False,0,0,0
2024,401643817,True,True,False,True,True,False,c2:cfbd_drive_missing_from_ledger;c2:eligible_ledger_possession_missing_from_cfbd,False,15,4,6
2024,401643818,True,True,True,True,True,True,,False,0,0,0
2024,401643819,True,True,False,True,True,False,c2:eligible_ledger_possession_missing_from_cfbd,False,0,0,1
2024,401644687,True,True,True,True,True,True,,False,0,0,0
2024,401644752,True,True,True,False,False,False,c3:drive_4_delta_16_0;c4:score_regression_between_drives,False,-50,0,0
2024,401644753,True,True,True,True,True,True,,False,0,0,0
2024,401644754,True,True,True,False,False,False,c3:drive_9_delta_7_1;c4:score_regression_between_drives,False,-2,0,0
2024,401644755,True,True,True,True,True,True,,False,9,0,0
2024,401644756,True,True,False,True,True,False,c2:cfbd_drive_missing_from_ledger,False,14,1,0
2024,401645308,True,True,True,True,True,True,,False,0,0,0
2024,401645352,True,True,False,True,True,False,c2:cfbd_drive_missing_from_ledger,False,7,2,0
2024,401645353,True,True,True,True,True,True,,False,0,0,0
2024,401645354,True,True,True,True,True,True,,False,8,0,0
2024,401645355,True,True,True,True,True,True,,False,0,0,0
2024,401628406,True,True,True,True,True,True,,False,0,0,0
2024,401628407,True,True,True,True,True,True,,False,0,0,0
2024,401628408,True,True,True,True,True,True,,False,7,0,0
2024,401628409,True,True,True,True,True,True,,False,0,0,0
2024,401628410,True,True,True,True,True,True,,False,0,0,0
2024,401628411,True,True,True,True,True,True,,False,0,0,0
2024,401628412,True,True,True,True,True,True,,False,0,0,0
2024,401628533,True,True,True,True,True,True,,False,0,0,0
2024,401628534,True,True,True,False,True,False,c3:drive_16_delta_5_0,False,4,0,0
2024,401628535,True,True,True,True,True,True,,False,7,0,0
2024,401628536,True,True,True,True,True,True,,False,0,0,0
2024,401628537,True,True,True,True,True,True,,False,0,0,0
2024,401628538,True,True,True,True,True,True,,False,0,0,0
2024,401628539,True,True,True,True,True,True,,False,0,0,0
2024,401628540,True,True,True,True,True,True,,False,0,0,0
2024,401629036,True,True,True,True,True,True,,False,7,0,0
2024,401635516,True,True,True,True,True,True,,False,7,0,0
2024,401635600,True,True,True,True,True,True,,False,0,0,0
2024,401635601,True,True,True,True,True,True,,False,0,0,0
2024,401635602,True,True,True,True,False,False,c4:score_regression_between_drives,False,-7,0,0
2024,401635604,True,True,True,True,True,True,,False,0,0,0
2024,401635627,True,True,True,True,True,True,,False,14,0,0
2024,401636912,True,True,True,True,True,True,,False,0,0,0
2024,401636913,True,True,True,True,True,True,,False,7,0,0
2024,401636914,True,True,True,True,True,True,,False,0,0,0
2024,401636915,True,True,True,False,False,False,c3:drive_7_delta_7_1;c4:score_regression_between_drives,False,-1,0,0
2024,401636916,True,True,True,True,True,True,,False,7,0,0
2024,401640985,True,True,True,True,True,True,,False,0,0,0
2024,401640994,True,True,True,True,True,True,,False,0,0,0
2024,401641012,True,True,True,True,True,True,,False,2,0,0
2024,401641020,True,True,True,True,False,False,c4:score_regression_between_drives,False,-14,0,0
2024,401641026,True,True,True,True,True,True,,False,7,0,0
2024,401643746,True,True,False,True,True,False,c2:eligible_ledger_possession_missing_from_cfbd,False,0,0,1
2024,401643747,True,True,True,True,True,True,,False,0,0,0
2024,401643748,True,True,False,False,True,False,c2:eligible_ledger_possession_missing_from_cfbd;c3:drive_13_delta_11_0,False,0,0,1
2024,401643749,True,True,True,True,True,True,,False,0,0,0
2024,401643750,True,True,True,True,True,True,,False,7,0,0
2024,401643820,True,True,True,True,True,True,,False,0,0,0
2024,401643821,True,True,True,True,True,True,,False,0,0,0
2024,401643822,True,True,True,True,True,True,,False,0,0,0
2024,401643823,True,True,True,True,True,True,,False,0,0,0
2024,401643824,True,True,True,True,True,True,,False,7,0,0
2024,401644757,True,False,True,False,False,False,c1:first_drive_not_0_0;c1:cumulative_through_period_4_differs_from_line_scores;c3:drive_9_delta_10_0;c4:score_regression_between_drives,False,-23,0,0
2024,401644758,True,True,True,True,True,True,,False,0,0,0
2024,401645356,True,True,True,True,True,True,,False,0,0,0
2024,401645357,True,True,True,True,True,True,,False,6,0,0
2024,401645358,True,True,True,True,True,True,,False,0,0,0
2024,401645359,True,True,True,True,True,True,,False,0,0,0
2024,401645360,True,True,True,True,True,True,,False,0,0,0
2024,401628413,True,True,True,True,True,True,,False,0,0,0
2024,401628414,True,True,True,True,True,True,,False,0,0,0
2024,401628415,True,True,True,True,True,True,,False,0,0,0
2024,401628416,True,True,True,True,True,True,,False,0,0,0
2024,401628417,True,True,True,True,True,True,,False,7,0,0
2024,401628418,True,True,True,True,True,True,,False,0,0,0
2024,401628541,True,True,True,True,True,True,,False,0,0,0
2024,401628542,True,True,True,True,True,True,,False,0,0,0
2024,401628543,True,True,True,True,True,True,,False,0,0,0
2024,401628544,True,True,True,True,True,True,,False,0,0,0
2024,401628545,True,True,True,True,True,True,,False,0,0,0
2024,401628546,True,True,True,True,True,True,,False,0,0,0
2024,401628984,True,True,True,True,True,True,,False,0,0,0
2024,401629037,True,True,True,True,True,True,,False,0,0,0
2024,401629045,True,True,True,True,True,True,,False,0,0,0
2024,401634773,True,False,False,False,True,False,c1:cumulative_through_period_1_differs_from_line_scores;c1:cumulative_through_period_3_differs_from_line_scores;c2:cfbd_drive_missing_from_ledger;c2:eligible_ledger_possession_missing_from_cfbd;c3:drive_1_delta_10_0,False,0,15,28
2024,401635606,True,True,True,True,True,True,,False,0,0,0
2024,401635607,True,True,True,True,True,True,,False,0,0,0
2024,401635608,True,True,True,True,True,True,,False,0,0,0
2024,401635609,True,True,True,True,True,True,,False,0,0,0
2024,401635610,True,True,True,True,True,True,,False,0,0,0
2024,401636917,True,False,False,True,False,False,c1:cumulative_through_period_2_differs_from_line_scores;c2:cfbd_drive_missing_from_ledger;c4:score_regression_between_drives,False,0,1,0
2024,401636918,True,True,True,True,True,True,,False,7,0,0
2024,401636919,True,True,True,True,False,False,c4:score_regression_between_drives;c4:excess_points_over_certified_final,False,0,0,0
2024,401636920,True,True,True,True,True,True,,False,0,0,0
2024,401636921,True,True,True,True,True,True,,False,0,0,0
2024,401636922,True,True,False,True,True,False,c2:cfbd_drive_missing_from_ledger,False,7,2,0
2024,401640995,True,True,True,True,True,True,,False,0,0,0
2024,401641004,True,True,True,True,True,True,,False,7,0,0
2024,401641021,True,False,True,False,False,False,c1:last_drive_end_differs_from_certified_final;c3:drive_23_delta_10_0;c4:score_regression_between_drives;c4:excess_points_over_certified_final,False,3,0,0
2024,401641036,True,True,True,True,True,True,,False,0,0,0
2024,401643751,True,True,True,True,True,True,,False,0,0,0
2024,401643752,True,True,True,True,True,True,,False,0,0,0
2024,401643753,True,False,True,True,False,False,c1:cumulative_through_period_1_differs_from_line_scores;c4:score_regression_between_drives,False,0,0,0
2024,401643754,True,True,True,True,True,True,,False,0,0,0
2024,401643755,True,True,True,True,True,True,,False,0,0,0
2024,401643756,True,True,True,True,True,True,,False,0,0,0
2024,401643825,True,True,True,True,True,True,,False,0,0,0
2024,401643826,True,True,True,True,True,True,,False,0,0,0
2024,401643827,True,True,True,True,True,True,,False,0,0,0
2024,401643828,True,True,True,True,True,True,,False,7,0,0
2024,401643829,True,True,True,True,True,True,,False,0,0,0
2024,401644688,True,True,True,True,True,True,,False,0,0,0
2024,401644760,True,True,True,True,True,True,,False,0,0,0
2024,401644761,True,False,True,True,True,False,c1:cumulative_through_period_2_differs_from_line_scores,False,0,0,0
2024,401644762,True,True,True,True,True,True,,False,0,0,0
2024,401645361,True,True,True,True,True,True,,False,0,0,0
2024,401645362,True,True,True,True,True,True,,False,0,0,0
2024,401645363,True,True,True,True,True,True,,False,0,0,0
2024,401645364,True,True,True,True,True,True,,False,0,0,0
2024,401628419,True,True,True,True,True,True,,False,0,0,0
2024,401628420,True,True,True,True,True,True,,False,0,0,0
2024,401628421,True,True,True,True,True,True,,False,0,0,0
2024,401628422,True,True,True,True,True,True,,False,0,0,0
2024,401628423,True,True,True,True,False,False,c4:score_regression_between_drives,False,-4,0,0
2024,401628424,True,True,True,True,True,True,,False,7,0,0
2024,401628425,True,True,False,True,True,False,c2:eligible_ledger_possession_missing_from_cfbd,False,1,0,1
2024,401628426,True,True,True,True,True,True,,False,0,0,0
2024,401628547,True,True,True,True,True,True,,False,0,0,0
2024,401628548,True,True,True,True,True,True,,False,0,0,0
2024,401628549,True,True,True,True,False,False,c4:score_regression_between_drives,False,0,0,0
2024,401628550,True,True,True,True,True,True,,False,0,0,0
2024,401628551,True,True,True,True,True,True,,False,0,0,0
2024,401628552,True,True,True,True,True,True,,False,0,0,0
2024,401628553,True,True,True,True,True,True,,False,0,0,0
2024,401628985,True,True,True,True,True,True,,False,7,0,0
2024,401629046,True,True,True,True,True,True,,False,0,0,0
2024,401635517,True,True,True,True,True,True,,False,14,0,0
2024,401635580,True,True,True,True,True,True,,False,0,0,0
2024,401635581,True,True,True,True,True,True,,False,0,0,0
2024,401635582,True,True,True,True,True,True,,False,0,0,0
2024,401635583,True,True,True,True,False,False,c4:score_regression_between_drives,False,14,0,0
2024,401636923,True,True,True,True,True,True,,False,7,0,0
2024,401636924,True,True,True,True,True,True,,False,7,0,0
2024,401636925,True,True,True,True,True,True,,False,14,0,0
2024,401636926,True,True,True,True,True,True,,False,0,0,0
2024,401636927,True,True,True,True,True,True,,False,0,0,0
2024,401636929,True,True,True,True,True,True,,False,0,0,0
2024,401640986,True,True,True,True,True,True,,False,0,0,0
2024,401641013,True,True,True,True,True,True,,False,0,0,0
2024,401641022,True,True,True,True,True,True,,False,0,0,0
2024,401643757,True,True,True,True,True,True,,False,0,0,0
2024,401643758,True,True,True,True,True,True,,False,0,0,0
2024,401643759,True,True,True,True,True,True,,False,0,0,0
2024,401643760,True,False,True,False,False,False,c1:last_drive_end_differs_from_certified_final;c1:cumulative_through_period_2_differs_from_line_scores;c1:cumulative_through_period_4_differs_from_line_scores;c3:drive_9_delta_4_0;c4:score_regression_between_drives;c4:excess_points_over_certified_final,False,13,0,0
2024,401643761,True,True,True,True,True,True,,False,0,0,0
2024,401643762,True,True,True,True,True,True,,False,0,0,0
2024,401643830,True,True,True,True,True,True,,False,0,0,0
2024,401643831,True,True,True,True,True,True,,False,0,0,0
2024,401643832,True,True,True,True,True,True,,False,7,0,0
2024,401643833,True,True,True,True,True,True,,False,15,0,0
2024,401643834,True,True,True,True,True,True,,False,0,0,0
2024,401643835,True,True,True,True,True,True,,False,7,0,0
2024,401644689,True,True,True,True,True,True,,True,7,0,0
2024,401644763,True,False,False,False,False,False,c1:first_drive_not_0_0;c1:last_drive_end_differs_from_certified_final;c1:cumulative_through_period_2_differs_from_line_scores;c2:cfbd_drive_missing_from_ledger;c3:drive_7_delta_4_0;c4:score_regression_between_drives,False,-92,2,0
2024,401644764,True,True,True,True,True,True,,False,0,0,0
2024,401644765,True,True,True,True,True,True,,False,0,0,0
2024,401644766,True,True,True,True,True,True,,False,0,0,0
2024,401644767,True,True,True,True,True,True,,False,7,0,0
2024,401645365,True,False,True,True,False,False,c1:cumulative_through_period_2_differs_from_line_scores;c4:score_regression_between_drives,False,0,0,0
2024,401645366,True,True,True,True,True,True,,False,14,0,0
2024,401645367,True,True,True,True,True,True,,False,0,0,0
2024,401645368,True,True,True,True,True,True,,False,0,0,0
2024,401645369,True,True,True,True,True,True,,False,3,0,0
2024,401645370,True,True,True,True,True,True,,False,0,0,0
2024,401628427,True,True,True,True,True,True,,False,0,0,0
2024,401628428,True,True,True,False,False,False,c3:drive_29_delta_10_12;c4:score_regression_between_drives,False,-7,0,0
2024,401628429,True,True,True,True,True,True,,False,0,0,0
2024,401628430,True,True,True,True,True,True,,False,0,0,0
2024,401628431,True,True,True,True,True,True,,False,7,0,0
2024,401628432,True,True,True,True,True,True,,False,0,0,0
2024,401628433,True,True,True,True,True,True,,False,0,0,0
2024,401628434,True,True,True,True,True,True,,False,0,0,0
2024,401628435,True,True,True,True,True,True,,False,0,0,0
2024,401628436,True,True,True,True,True,True,,False,0,0,0
2024,401628554,True,True,True,True,True,True,,False,0,0,0
2024,401628555,True,True,True,True,True,True,,False,0,0,0
2024,401628556,True,True,True,True,True,True,,False,0,0,0
2024,401628557,True,True,True,False,False,False,c3:drive_20_delta_5_2;c4:score_regression_between_drives,False,0,0,0
2024,401628558,True,True,True,False,False,False,c3:drive_2_delta_7_3;c4:score_regression_between_drives,False,-7,0,0
2024,401628559,True,True,True,False,False,False,c3:drive_14_delta_2_0;c4:score_regression_between_drives,False,5,0,0
2024,401628560,True,True,True,True,True,True,,False,0,0,0
2024,401628561,True,True,True,False,False,False,c3:drive_2_delta_0_3;c4:score_regression_between_drives,False,-6,0,0
2024,401628572,True,True,True,True,True,True,,False,0,0,0
2024,401634772,True,True,True,True,True,True,,False,14,0,0
2024,401635518,True,True,True,True,True,True,,False,0,0,0
2024,401635612,True,False,True,True,False,False,c1:first_drive_not_0_0;c4:score_regression_between_drives,False,-3,0,0
2024,401635613,True,True,True,True,True,True,,False,0,0,0
2024,401635614,True,True,True,True,True,True,,False,0,0,0
2024,401635615,True,False,True,True,False,False,c1:first_drive_not_0_0;c4:score_regression_between_drives,False,-52,0,0
2024,401635616,True,True,True,True,True,True,,False,0,0,0
2024,401635617,True,True,True,True,True,True,,False,7,0,0
2024,401635618,True,True,True,True,True,True,,False,0,0,0
2024,401635619,True,True,True,True,True,True,,False,0,0,0
2024,401636930,True,True,True,True,True,True,,False,0,0,0
2024,401636931,True,True,True,True,True,True,,False,0,0,0
2024,401636932,True,True,True,True,True,True,,False,0,0,0
2024,401636933,True,True,True,True,True,True,,False,0,0,0
2024,401636934,True,True,True,True,True,True,,False,0,0,0
2024,401636935,True,True,True,True,True,True,,False,0,0,0
2024,401636936,True,True,True,True,True,True,,False,0,0,0
2024,401636937,True,True,True,True,True,True,,False,0,0,0
2024,401640959,True,True,True,True,True,True,,False,7,0,0
2024,401640987,True,True,True,True,True,True,,False,0,0,0
2024,401640996,True,True,True,True,True,True,,False,0,0,0
2024,401641005,True,True,True,True,True,True,,False,0,0,0
2024,401641027,True,True,True,True,True,True,,False,0,0,0
2024,401643763,True,True,True,True,True,True,,False,0,0,0
2024,401643764,True,True,True,True,True,True,,False,0,0,0
2024,401643765,True,True,True,True,True,True,,False,0,0,0
2024,401643766,True,True,True,False,False,False,c3:drive_12_delta_7_3;c4:score_regression_between_drives,False,-13,0,0
2024,401643767,True,True,True,True,False,False,c4:score_regression_between_drives,False,0,0,0
2024,401643836,True,True,True,True,True,True,,False,0,0,0
2024,401643837,True,True,True,True,True,True,,False,0,0,0
2024,401643838,True,True,True,True,True,True,,False,7,0,0
2024,401643839,True,True,True,True,True,True,,False,0,0,0
2024,401643840,True,True,True,True,True,True,,False,7,0,0
2024,401643841,True,True,True,True,True,True,,False,0,0,0
2024,401643842,True,True,True,True,True,True,,False,0,0,0
2024,401644690,True,True,True,True,True,True,,False,0,0,0
2024,401644769,True,True,True,True,True,True,,False,0,0,0
2024,401644770,True,True,True,True,False,False,c4:score_regression_between_drives,False,-7,0,0
2024,401644772,True,True,True,True,True,True,,False,0,0,0
2024,401644773,True,True,True,True,True,True,,False,1,0,0
2024,401644774,True,True,True,False,False,False,c3:drive_16_delta_2_2;c4:score_regression_between_drives,False,-6,0,0
2024,401645371,True,True,True,True,True,True,,False,0,0,0
2024,401645372,True,True,True,True,True,True,,False,0,0,0
2024,401645373,True,True,True,True,True,True,,False,14,0,0
2024,401645374,True,True,True,True,True,True,,False,14,0,0
2024,401645375,True,True,True,True,True,True,,False,0,0,0
2024,401628437,True,True,True,True,True,True,,False,0,0,0
2024,401628438,True,True,True,True,False,False,c4:score_regression_between_drives;c4:excess_points_over_certified_final,False,-8,0,0
2024,401628439,True,True,True,True,True,True,,False,12,0,0
2024,401628440,True,True,True,True,True,True,,False,14,0,0
2024,401628441,True,True,True,True,True,True,,False,0,0,0
2024,401628442,True,True,True,True,True,True,,False,7,0,0
2024,401628443,True,True,True,True,True,True,,False,0,0,0
2024,401628444,True,True,True,True,True,True,,False,0,0,0
2024,401628445,True,True,True,True,True,True,,False,0,0,0
2024,401628446,True,False,False,False,False,False,c1:first_drive_not_0_0;c2:cfbd_drive_missing_from_ledger;c3:drive_20_delta_5_0;c4:score_regression_between_drives,False,-8,1,0
2024,401628562,True,True,True,True,True,True,,False,0,0,0
2024,401628563,True,True,True,True,True,True,,False,0,0,0
2024,401628564,True,True,True,True,True,True,,False,7,0,0
2024,401628565,True,True,True,True,True,True,,False,0,0,0
2024,401628566,True,True,True,True,True,True,,False,0,0,0
2024,401628567,True,True,True,True,True,True,,False,0,0,0
2024,401628568,True,True,True,True,True,True,,False,0,0,0
2024,401628569,True,True,True,True,True,True,,False,0,0,0
2024,401628570,True,True,True,True,True,True,,False,0,0,0
2024,401628571,True,True,True,False,False,False,c3:drive_6_delta_0_1;c4:score_regression_between_drives,False,-2,0,0
2024,401629038,True,True,True,True,True,True,,False,0,0,0
2024,401635620,True,True,True,True,False,False,c4:score_regression_between_drives,False,0,0,0
2024,401635621,True,True,True,True,True,True,,False,0,0,0
2024,401635622,True,True,True,True,True,True,,False,0,0,0
2024,401635623,True,False,True,False,False,False,c1:last_drive_end_differs_from_certified_final;c1:cumulative_through_period_2_differs_from_line_scores;c1:cumulative_through_period_4_differs_from_line_scores;c3:drive_20_delta_0_3;c4:score_regression_between_drives;c4:excess_points_over_certified_final,False,-7,0,0
2024,401635624,True,True,True,False,False,False,c3:drive_12_delta_1_0;c4:score_regression_between_drives,False,-1,0,0
2024,401635625,True,True,True,True,True,True,,False,0,0,0
2024,401635640,True,True,True,True,True,True,,False,0,0,0
2024,401636938,True,True,True,True,True,True,,False,0,0,0
2024,401636939,True,True,True,True,True,True,,False,0,0,0
2024,401636940,True,True,True,True,True,True,,False,0,0,0
2024,401636941,True,False,True,True,False,False,c1:cumulative_through_period_1_differs_from_line_scores;c4:score_regression_between_drives,False,0,0,0
2024,401636942,True,True,True,True,True,True,,False,0,0,0
2024,401636943,True,True,True,True,True,True,,False,0,0,0
2024,401636944,True,True,True,True,True,True,,False,7,0,0
2024,401636945,True,True,True,True,True,True,,False,0,0,0
2024,401640988,True,True,False,True,True,False,c2:eligible_ledger_possession_missing_from_cfbd,False,0,0,1
2024,401640997,True,True,True,True,True,True,,False,0,0,0
2024,401641006,True,True,True,True,True,True,,False,0,0,0
2024,401641014,True,True,True,True,True,True,,False,2,0,0
2024,401641031,True,True,True,False,True,False,c3:drive_27_delta_1_0,False,2,0,0
2024,401643768,True,True,True,True,True,True,,False,0,0,0
2024,401643769,True,True,True,True,True,True,,False,0,0,0
2024,401643770,True,True,True,False,False,False,c3:drive_19_delta_8_1;c4:score_regression_between_drives,False,-1,0,0
2024,401643771,True,True,True,True,False,False,c4:score_regression_between_drives,False,0,0,0
2024,401643772,True,True,True,True,True,True,,False,0,0,0
2024,401643773,True,True,True,True,True,True,,False,0,0,0
2024,401643843,True,True,True,True,True,True,,False,0,0,0
2024,401643844,True,True,True,True,True,True,,False,0,0,0
2024,401643845,True,True,True,True,True,True,,False,0,0,0
2024,401643846,True,False,True,False,False,False,c1:last_drive_end_differs_from_certified_final;c3:drive_20_delta_3_9;c4:score_regression_between_drives;c4:excess_points_over_certified_final,False,-3,0,0
2024,401643847,True,True,True,True,True,True,,False,7,0,0
2024,401643848,True,True,True,True,True,True,,False,0,0,0
2024,401643849,True,True,True,True,True,True,,False,7,0,0
2024,401644691,True,True,True,True,True,True,,False,7,0,0
2024,401644775,True,False,False,True,False,False,c1:last_drive_end_differs_from_certified_final;c2:cfbd_drive_missing_from_ledger;c4:score_regression_between_drives;c4:excess_points_over_certified_final,False,7,2,0
2024,401644776,True,False,True,True,False,False,c1:cumulative_through_period_1_differs_from_line_scores;c1:cumulative_through_period_3_differs_from_line_scores;c1:cumulative_through_period_4_differs_from_line_scores;c4:score_regression_between_drives,False,0,0,0
2024,401644777,True,True,True,True,True,True,,False,0,0,0
2024,401644779,True,True,True,True,True,True,,False,0,0,0
2024,401644780,True,True,True,True,True,True,,True,0,0,0
2024,401645376,True,True,True,True,True,True,,False,0,0,0
2024,401645377,True,True,True,True,True,True,,False,0,0,0
2024,401645378,True,True,True,True,True,True,,False,0,0,0
2024,401645379,True,False,True,False,False,False,c1:last_drive_end_differs_from_certified_final;c1:cumulative_through_period_4_differs_from_line_scores;c3:drive_26_delta_7_1;c4:score_regression_between_drives;c4:excess_points_over_certified_final,False,-1,0,0
2024,401645380,True,True,True,True,True,True,,False,16,0,0
2024,401645381,True,True,True,False,False,False,c3:drive_8_delta_7_3;c4:score_regression_between_drives,False,-10,0,0
2024,401645382,True,True,True,False,False,False,c3:drive_19_delta_2_2;c4:score_regression_between_drives;c4:excess_points_over_certified_final,False,-6,0,0
2024,401673462,True,True,True,True,True,True,,False,0,0,0
2024,401673463,True,True,False,True,True,False,c2:eligible_ledger_possession_missing_from_cfbd,False,0,0,1
2024,401673464,True,True,True,True,True,True,,False,7,0,0
2024,401673465,True,True,True,True,True,True,,False,0,0,0
2024,401673466,True,True,True,True,True,True,,False,0,0,0
2024,401673467,True,True,True,True,True,True,,False,0,0,0
2024,401673468,True,True,True,True,True,True,,False,0,0,0
2024,401673469,True,False,True,False,True,False,c1:cumulative_through_period_2_differs_from_line_scores;c3:drive_11_delta_4_0,False,3,0,0
2024,401673470,True,True,True,True,True,True,,False,0,0,0
2024,401645383,True,True,True,True,True,True,,False,0,0,0
2025,401752665,True,True,True,True,True,True,,False,0,0,0
2025,401752666,True,True,True,True,True,True,,False,0,0,0
2025,401752667,True,True,True,True,False,False,c4:score_regression_between_drives,False,-7,0,0
2025,401752668,True,True,True,True,True,True,,False,0,0,0
2025,401752669,True,True,True,True,True,True,,False,0,0,0
2025,401752670,True,True,True,True,True,True,,False,2,0,0
2025,401752671,True,True,True,True,True,True,,False,0,0,0
2025,401752672,True,True,True,True,True,True,,False,0,0,0
2025,401752673,True,True,True,True,True,True,,False,0,0,0
2025,401752674,True,True,True,True,False,False,c4:period_order_conflict,False,0,0,0
2025,401752675,True,True,True,True,True,True,,False,0,0,0
2025,401752676,True,True,True,True,True,True,,False,7,0,0
2025,401752677,True,True,True,True,True,True,,False,0,0,0
2025,401752678,True,False,True,True,False,False,c1:last_drive_end_differs_from_certified_final;c1:cumulative_through_period_4_differs_from_line_scores;c4:excess_points_over_certified_final,False,1,0,0
2025,401752679,True,False,False,True,False,False,c1:cumulative_through_period_1_differs_from_line_scores;c1:cumulative_through_period_2_differs_from_line_scores;c1:cumulative_through_period_3_differs_from_line_scores;c2:cfbd_drive_missing_from_ledger;c4:period_order_conflict,False,0,1,0
2025,401752680,True,True,True,True,True,True,,False,0,0,0
2025,401752793,True,True,True,True,True,True,,False,7,0,0
2025,401752794,True,False,False,False,False,False,c1:last_drive_end_differs_from_certified_final;c1:cumulative_through_period_4_differs_from_line_scores;c2:cfbd_drive_missing_from_ledger;c2:eligible_ledger_possession_missing_from_cfbd;c3:drive_3_delta_7_3;c4:score_regression_between_drives;c4:excess_points_over_certified_final,False,-59,1,3
2025,401752795,True,True,True,True,True,True,,False,0,0,0
2025,401752796,True,True,True,True,True,True,,False,0,0,0
2025,401752797,True,False,True,False,False,False,c1:last_drive_end_differs_from_certified_final;c1:cumulative_through_period_2_differs_from_line_scores;c1:cumulative_through_period_4_differs_from_line_scores;c3:drive_13_delta_9_0;c4:score_regression_between_drives;c4:excess_points_over_certified_final,False,7,0,0
2025,401752798,True,True,True,True,True,True,,False,7,0,0
2025,401752799,True,True,True,True,True,True,,False,0,0,0
2025,401752800,True,False,True,False,False,False,c1:cumulative_through_period_2_differs_from_line_scores;c3:drive_10_delta_3_3;c4:score_regression_between_drives;c4:excess_points_over_certified_final,False,-3,0,0
2025,401752801,True,True,True,True,True,True,,False,0,0,0
2025,401752802,True,True,False,False,False,False,c2:eligible_ledger_possession_missing_from_cfbd;c3:drive_14_delta_2_0;c4:score_regression_between_drives;c4:excess_points_over_certified_final,False,-2,0,1
2025,401752803,True,True,True,True,True,True,,False,0,0,0
2025,401752804,True,True,True,True,True,True,,False,0,0,0
2025,401752805,True,True,True,True,True,True,,False,0,0,0
2025,401752806,True,True,True,True,True,True,,False,0,0,0
2025,401752807,True,True,True,True,True,True,,False,0,0,0
2025,401752808,True,True,True,True,True,True,,False,0,0,0
2025,401752936,True,True,False,True,True,False,c2:cfbd_drive_missing_from_ledger;c2:eligible_ledger_possession_missing_from_cfbd,False,7,4,4
2025,401752947,True,True,True,True,True,True,,False,0,0,0
2025,401754373,True,True,True,True,True,True,,False,0,0,0
2025,401754374,True,True,True,True,True,True,,False,0,0,0
2025,401754375,True,True,True,True,True,True,,False,0,0,0
2025,401754516,True,True,True,False,False,False,c3:drive_2_delta_0_4;c4:score_regression_between_drives,False,-10,0,0
2025,401754517,True,True,True,True,True,True,,False,0,0,0
2025,401754518,True,True,True,False,True,False,c3:drive_19_delta_4_0,False,3,0,0
2025,401754519,True,True,True,True,True,True,,False,7,0,0
2025,401754520,True,True,True,True,True,True,,False,0,0,0
2025,401754521,True,True,True,True,False,False,c4:score_regression_between_drives,False,-6,0,0
2025,401754522,True,True,True,True,False,False,c4:score_regression_between_drives,False,-7,0,0
2025,401754523,True,True,True,True,True,True,,False,0,0,0
2025,401754616,True,False,True,True,True,False,c1:cumulative_through_period_2_differs_from_line_scores,False,1,0,0
2025,401756846,True,True,True,True,True,True,,False,0,0,0
2025,401756847,True,True,True,False,False,False,c3:drive_8_delta_0_3;c4:score_regression_between_drives,False,-6,0,0
2025,401756848,True,True,True,True,True,True,,False,0,0,0
2025,401756849,True,True,True,True,True,True,,False,0,0,0
2025,401756850,True,True,True,True,True,True,,False,0,0,0
2025,401756851,True,True,True,True,True,True,,False,0,0,0
2025,401756852,True,True,True,True,True,True,,False,0,0,0
2025,401756853,True,True,True,True,True,True,,False,0,0,0
2025,401756854,True,True,True,True,True,True,,False,0,0,0
2025,401756855,True,True,True,True,True,True,,False,0,0,0
2025,401756876,True,True,True,False,True,False,c3:drive_19_delta_4_0,False,3,0,0
2025,401756877,True,True,True,True,True,True,,False,7,0,0
2025,401756878,True,True,True,True,True,True,,False,0,0,0
2025,401757167,True,True,True,True,True,True,,False,7,0,0
2025,401757218,True,True,True,True,True,True,,False,0,0,0
2025,401757219,True,True,True,True,True,True,,False,0,0,0
2025,401757220,True,True,True,True,True,True,,False,0,0,0
2025,401757221,True,True,True,True,True,True,,False,0,0,0
2025,401757222,True,True,True,False,False,False,c3:drive_9_delta_0_1;c4:score_regression_between_drives,False,-2,0,0
2025,401757223,True,True,True,True,True,True,,False,0,0,0
2025,401757224,True,False,True,False,False,False,c1:last_drive_end_differs_from_certified_final;c1:cumulative_through_period_2_differs_from_line_scores;c1:cumulative_through_period_4_differs_from_line_scores;c3:drive_6_delta_0_11;c4:score_regression_between_drives;c4:excess_points_over_certified_final,False,-6,0,0
2025,401757225,True,True,True,False,False,False,c3:drive_11_delta_4_0;c4:score_regression_between_drives,False,7,0,0
2025,401757226,True,True,True,True,False,False,c4:score_regression_between_drives,False,7,0,0
2025,401760357,True,True,True,True,False,False,c4:score_regression_between_drives,False,-7,0,0
2025,401760358,True,True,True,True,True,True,,False,0,0,0
2025,401760359,True,True,True,True,True,True,,False,0,0,0
2025,401760361,True,True,True,True,True,True,,False,0,0,0
2025,401760371,True,False,True,False,False,False,c1:cumulative_through_period_2_differs_from_line_scores;c3:drive_18_delta_4_0;c4:score_regression_between_drives,False,-32,0,0
2025,401761588,True,True,True,True,True,True,,False,0,0,0
2025,401761589,True,False,True,False,False,False,c1:cumulative_through_period_2_differs_from_line_scores;c1:cumulative_through_period_4_differs_from_line_scores;c3:drive_14_delta_16_0;c4:score_regression_between_drives;c4:excess_points_over_certified_final,False,-22,0,0
2025,401761590,True,True,False,True,False,False,c2:eligible_ledger_possession_missing_from_cfbd;c4:score_regression_between_drives,False,0,0,1
2025,401761591,True,True,True,True,False,False,c4:score_regression_between_drives,False,-7,0,0
2025,401761592,True,True,True,True,True,True,,False,0,0,0
2025,401761593,True,True,True,True,False,False,c4:score_regression_between_drives,False,7,0,0
2025,401761594,True,True,True,False,False,False,c3:drive_10_delta_7_1;c4:score_regression_between_drives,False,-2,0,0
2025,401761595,True,True,True,True,True,True,,False,7,0,0
2025,401762430,True,False,True,True,True,False,c1:cumulative_through_period_1_differs_from_line_scores,False,0,0,0
2025,401762432,True,True,True,True,True,True,,False,9,0,0
2025,401762433,True,True,True,True,True,True,,False,0,0,0
2025,401762434,True,True,True,True,True,True,,False,0,0,0
2025,401762435,True,True,True,True,True,True,,False,0,0,0
2025,401762456,True,True,True,True,True,True,,False,0,0,0
2025,401762457,True,True,True,True,True,True,,False,0,0,0
2025,401762522,True,True,True,True,True,True,,False,0,0,0
2025,401762789,True,True,True,True,True,True,,False,0,0,0
2025,401762790,True,False,False,False,False,False,c1:first_drive_not_0_0;c1:cumulative_through_period_1_differs_from_line_scores;c2:cfbd_drive_missing_from_ledger;c2:eligible_ledger_possession_missing_from_cfbd;c3:drive_20_delta_0_3;c4:period_order_conflict,False,0,4,5
2025,401762791,True,True,True,True,True,True,,False,0,0,0
2025,401762792,True,False,True,False,False,False,c1:last_drive_end_differs_from_certified_final;c1:cumulative_through_period_4_differs_from_line_scores;c3:drive_16_delta_7_3;c4:score_regression_between_drives;c4:period_order_conflict,False,-46,0,0
2025,401762793,True,True,True,True,True,True,,False,0,0,0
2025,401766898,True,True,True,True,True,True,,False,0,0,0
2025,401769070,True,True,True,True,True,True,,False,0,0,0
2025,401769071,True,True,True,True,True,True,,False,7,0,0
2025,401769072,True,True,True,True,True,True,,False,0,0,0
2025,401769073,True,True,False,True,True,False,c2:cfbd_drive_missing_from_ledger;c2:eligible_ledger_possession_missing_from_cfbd,False,2,1,1
2025,401769074,True,True,True,False,False,False,c3:drive_2_delta_7_1;c4:score_regression_between_drives,False,-8,0,0
2025,401769075,True,True,True,False,False,False,c3:drive_1_delta_0_3;c4:score_regression_between_drives,False,-3,0,0
2025,401769076,True,True,True,True,True,True,,False,0,0,0
2025,401778302,True,True,True,False,False,False,c3:drive_1_delta_3_3;c4:score_regression_between_drives;c4:excess_points_over_certified_final,False,-9,0,0
2025,401778303,True,False,True,True,False,False,c1:cumulative_through_period_2_differs_from_line_scores;c4:period_order_conflict,False,7,0,0
2025,401778304,True,True,True,True,True,True,,False,0,0,0
2025,401778305,True,True,True,True,True,True,,False,0,0,0
2025,401778306,True,False,True,True,False,False,c1:cumulative_through_period_1_differs_from_line_scores;c4:period_order_conflict,False,0,0,0
2025,401778307,True,True,True,True,True,True,,False,0,0,0
2025,401778308,True,True,True,False,False,False,c3:drive_23_delta_15_7;c4:score_regression_between_drives,False,-16,0,0
2025,401778309,True,True,False,True,False,False,c2:eligible_ledger_possession_missing_from_cfbd;c4:period_order_conflict,False,0,0,1
2025,401778310,True,False,True,False,False,False,c1:cumulative_through_period_2_differs_from_line_scores;c3:drive_20_delta_7_3;c4:score_regression_between_drives,False,-22,0,0
2025,401778311,True,True,False,True,True,False,c2:eligible_ledger_possession_missing_from_cfbd,False,0,0,1
2025,401778312,True,True,True,True,True,True,,False,0,0,0
2025,401778313,True,True,True,True,True,True,,False,7,0,0
2025,401778314,True,True,True,True,True,True,,True,8,0,0
2025,401778315,True,True,True,True,True,True,,False,0,0,0
2025,401778316,True,True,True,True,True,True,,False,7,0,0
2025,401778317,True,True,True,True,True,True,,False,0,0,0
2025,401778318,True,True,True,True,True,True,,False,0,0,0
2025,401778319,True,True,True,False,False,False,c3:drive_2_delta_21_25;c4:score_regression_between_drives,False,-46,0,0
2025,401778320,True,True,True,True,False,False,c4:period_order_conflict,False,0,0,0
2025,401778321,True,True,True,False,False,False,c3:drive_3_delta_21_0;c4:score_regression_between_drives,False,-41,0,0
2025,401778322,True,True,True,True,True,True,,False,0,0,0
2025,401778323,True,False,True,True,False,False,c1:first_drive_not_0_0;c1:cumulative_through_period_2_differs_from_line_scores;c4:score_regression_between_drives,False,0,0,0
2025,401778324,True,True,True,True,True,True,,False,0,0,0
2025,401778325,True,True,False,True,True,False,c2:eligible_ledger_possession_missing_from_cfbd,False,6,0,1
2025,401778326,True,True,True,True,True,True,,False,14,0,0
2025,401778327,True,True,False,False,False,False,c2:cfbd_drive_missing_from_ledger;c3:drive_6_delta_30_24;c4:score_regression_between_drives,False,-47,1,0
2025,401778328,True,True,False,False,False,False,c2:eligible_ledger_possession_missing_from_cfbd;c3:drive_6_delta_6_1;c4:score_regression_between_drives,False,-4,0,1
2025,401778329,True,True,True,True,True,True,,False,0,0,0
2025,401778330,True,True,True,True,True,True,,False,7,0,0
2025,401778331,True,True,True,True,True,True,,False,0,0,0
2025,401778332,True,False,True,False,False,False,c1:cumulative_through_period_2_differs_from_line_scores;c3:drive_16_delta_0_10;c4:score_regression_between_drives;c4:period_order_conflict,False,-3,0,0
2025,401778333,True,True,True,True,False,False,c4:score_regression_between_drives,False,0,0,0
2025,401778334,True,True,False,True,False,False,c2:cfbd_drive_missing_from_ledger;c4:score_regression_between_drives,False,0,1,0
2025,401779840,True,True,True,True,True,True,,False,0,0,0
2025,401779841,True,True,True,True,True,True,,False,0,0,0
2025,401779842,True,True,True,True,True,True,,False,0,0,0
2025,401779843,True,True,True,True,False,False,c4:score_regression_between_drives,False,-7,0,0
2025,401831583,True,True,True,True,True,True,,False,0,0,0
2025,401838053,True,True,True,True,True,True,,False,0,0,0
2025,401752681,True,True,True,True,True,True,,False,0,0,0
2025,401752682,True,False,True,True,False,False,c1:last_drive_end_differs_from_certified_final;c1:cumulative_through_period_2_differs_from_line_scores;c1:cumulative_through_period_4_differs_from_line_scores;c4:score_regression_between_drives;c4:excess_points_over_certified_final,False,-42,0,0
2025,401752683,True,True,True,True,True,True,,False,7,0,0
2025,401752684,True,True,True,True,False,False,c4:score_regression_between_drives,False,-2,0,0
2025,401752685,True,True,True,True,True,True,,False,0,0,0
2025,401752686,True,True,True,True,True,True,,False,0,0,0
2025,401752687,True,True,True,False,False,False,c3:drive_7_delta_4_0;c4:score_regression_between_drives,False,-1,0,0
2025,401752688,True,True,True,True,True,True,,False,0,0,0
2025,401752689,True,True,True,True,True,True,,False,0,0,0
2025,401752690,True,True,True,True,True,True,,False,0,0,0
2025,401752691,True,True,True,True,True,True,,False,7,0,0
2025,401752692,True,True,True,True,True,True,,False,0,0,0
2025,401752693,True,True,True,True,True,True,,False,7,0,0
2025,401752694,True,True,True,True,True,True,,False,0,0,0
2025,401752695,True,True,True,True,True,True,,False,0,0,0
2025,401752810,True,True,True,True,True,True,,False,0,0,0
2025,401752811,True,True,True,True,True,True,,False,14,0,0
2025,401752812,True,True,True,True,True,True,,False,7,0,0
2025,401752813,True,True,True,True,True,True,,False,0,0,0
2025,401752814,True,True,True,True,True,True,,False,0,0,0
2025,401752815,True,True,True,True,True,True,,False,7,0,0
2025,401752816,True,False,False,False,False,False,c1:last_drive_end_differs_from_certified_final;c1:cumulative_through_period_2_differs_from_line_scores;c1:cumulative_through_period_4_differs_from_line_scores;c2:eligible_ledger_possession_missing_from_cfbd;c3:drive_8_delta_14_0;c4:score_regression_between_drives;c4:period_order_conflict,False,-150,0,6
2025,401752817,True,True,True,True,False,False,c4:score_regression_between_drives,False,-1,0,0
2025,401752818,True,True,True,True,True,True,,False,0,0,0
2025,401752819,True,True,True,True,True,True,,False,0,0,0
2025,401752820,True,False,False,False,False,False,c1:cumulative_through_period_2_differs_from_line_scores;c2:eligible_ledger_possession_missing_from_cfbd;c3:drive_3_delta_0_3;c4:score_regression_between_drives;c4:period_order_conflict,False,-157,0,5
2025,401752821,True,True,True,True,True,True,,False,0,0,0
2025,401752822,True,True,True,True,True,True,,False,0,0,0
2025,401752823,True,True,True,True,True,True,,False,0,0,0
2025,401752824,True,True,True,True,True,True,,False,6,0,0
2025,401752825,True,True,True,True,True,True,,False,7,0,0
2025,401752826,True,True,True,True,True,True,,False,0,0,0
2025,401752937,True,False,False,False,False,False,c1:last_drive_end_differs_from_certified_final;c1:cumulative_through_period_2_differs_from_line_scores;c1:cumulative_through_period_4_differs_from_line_scores;c2:eligible_ledger_possession_missing_from_cfbd;c3:drive_2_delta_27_19;c4:score_regression_between_drives;c4:period_order_conflict,False,-143,0,8
2025,401752948,True,True,True,True,True,True,,False,0,0,0
2025,401754524,True,True,True,True,True,True,,False,0,0,0
2025,401754525,True,False,False,False,False,False,c1:last_drive_end_differs_from_certified_final;c1:cumulative_through_period_4_differs_from_line_scores;c2:eligible_ledger_possession_missing_from_cfbd;c3:drive_8_delta_14_14;c4:score_regression_between_drives;c4:period_order_conflict,False,-191,0,5
2025,401754526,True,True,True,True,True,True,,False,0,0,0
2025,401754527,True,True,True,True,True,True,,False,0,0,0
2025,401754528,True,True,True,True,True,True,,False,0,0,0
2025,401754529,True,False,False,True,False,False,c1:cumulative_through_period_3_differs_from_line_scores;c2:cfbd_drive_missing_from_ledger;c2:eligible_ledger_possession_missing_from_cfbd;c4:score_regression_between_drives,False,0,2,4
2025,401754530,True,False,False,False,False,False,c1:first_drive_not_0_0;c1:cumulative_through_period_2_differs_from_line_scores;c2:eligible_ledger_possession_missing_from_cfbd;c3:drive_5_delta_0_3;c4:score_regression_between_drives;c4:period_order_conflict,False,-67,0,5
2025,401754618,True,False,True,True,True,False,c1:last_drive_end_differs_from_certified_final,False,0,0,0
2025,401754620,True,True,True,True,True,True,,False,6,0,0
2025,401754621,True,True,True,False,False,False,c3:drive_24_delta_7_3;c4:score_regression_between_drives,False,4,0,0
2025,401754622,True,False,True,False,False,False,c1:first_drive_not_0_0;c3:drive_4_delta_21_0;c4:score_regression_between_drives,False,-59,0,0
2025,401754637,True,True,True,True,True,True,,False,7,0,0
2025,401754641,True,True,True,True,True,True,,False,0,0,0
2025,401756879,True,True,False,False,False,False,c2:eligible_ledger_possession_missing_from_cfbd;c3:drive_6_delta_0_10;c4:score_regression_between_drives;c4:period_order_conflict,False,-26,0,4
2025,401756880,True,True,True,True,True,True,,False,0,0,0
2025,401756881,True,True,True,True,True,True,,False,0,0,0
2025,401756882,True,True,False,True,True,False,c2:cfbd_drive_missing_from_ledger,False,8,1,0
2025,401756883,True,True,True,True,False,False,c4:period_order_conflict,False,0,0,0
2025,401756884,True,False,False,False,False,False,c1:last_drive_end_differs_from_certified_final;c1:cumulative_through_period_2_differs_from_line_scores;c1:cumulative_through_period_4_differs_from_line_scores;c2:eligible_ledger_possession_missing_from_cfbd;c3:drive_7_delta_0_3;c4:score_regression_between_drives,False,-101,0,8
2025,401756885,True,True,True,True,True,True,,False,0,0,0
2025,401756886,True,False,True,True,True,False,c1:first_drive_not_0_0,False,6,0,0
2025,401756887,True,True,False,True,True,False,c2:cfbd_drive_missing_from_ledger,False,0,1,0
2025,401757227,True,True,True,True,True,True,,False,0,0,0
2025,401757228,True,False,False,False,False,False,c1:cumulative_through_period_2_differs_from_line_scores;c2:eligible_ledger_possession_missing_from_cfbd;c3:drive_9_delta_0_3;c4:score_regression_between_drives;c4:period_order_conflict,False,-47,0,9
2025,401757229,True,True,False,False,False,False,c2:eligible_ledger_possession_missing_from_cfbd;c3:drive_8_delta_0_3;c4:score_regression_between_drives;c4:period_order_conflict,False,-112,0,10
2025,401757230,True,True,True,True,True,True,,False,0,0,0
2025,401757231,True,True,True,True,True,True,,False,0,0,0
2025,401757232,True,True,True,True,True,True,,False,0,0,0
2025,401760363,True,True,True,True,True,True,,False,7,0,0
2025,401760364,True,True,True,True,True,True,,False,0,0,0
2025,401760365,True,False,True,True,False,False,c1:cumulative_through_period_1_differs_from_line_scores;c4:period_order_conflict,False,0,0,0
2025,401760366,True,False,False,False,False,False,c1:cumulative_through_period_2_differs_from_line_scores;c2:eligible_ledger_possession_missing_from_cfbd;c3:drive_5_delta_14_3;c4:score_regression_between_drives;c4:period_order_conflict,False,-152,0,8
2025,401760367,True,False,False,False,False,False,c1:last_drive_end_differs_from_certified_final;c1:cumulative_through_period_2_differs_from_line_scores;c1:cumulative_through_period_4_differs_from_line_scores;c2:eligible_ledger_possession_missing_from_cfbd;c3:drive_3_delta_17_7;c4:score_regression_between_drives;c4:period_order_conflict,False,-93,0,6
2025,401761596,True,True,True,True,True,True,,False,0,0,0
2025,401761597,True,True,True,True,True,True,,False,0,0,0
2025,401761598,True,False,False,False,False,False,c1:last_drive_end_differs_from_certified_final;c1:cumulative_through_period_2_differs_from_line_scores;c1:cumulative_through_period_4_differs_from_line_scores;c2:eligible_ledger_possession_missing_from_cfbd;c3:drive_2_delta_24_16;c4:score_regression_between_drives;c4:period_order_conflict,False,-120,0,5
2025,401761599,True,True,False,True,False,False,c2:eligible_ledger_possession_missing_from_cfbd;c4:period_order_conflict,False,7,0,1
2025,401761600,True,True,True,True,True,True,,False,7,0,0
2025,401761601,True,True,True,True,True,True,,False,0,0,0
2025,401761602,True,True,True,True,True,True,,False,0,0,0
2025,401761603,True,True,True,False,True,False,c3:drive_7_delta_5_0,False,2,0,0
2025,401762458,True,True,True,True,True,True,,False,0,0,0
2025,401762459,True,True,True,True,False,False,c4:score_regression_between_drives,False,-7,0,0
2025,401762460,True,True,True,True,True,True,,False,0,0,0
2025,401762461,True,False,False,False,False,False,c1:last_drive_end_differs_from_certified_final;c1:cumulative_through_period_2_differs_from_line_scores;c2:eligible_ledger_possession_missing_from_cfbd;c3:drive_7_delta_10_17;c4:score_regression_between_drives;c4:period_order_conflict,False,-450,0,6
2025,401762462,True,True,True,True,True,True,,False,0,0,0
2025,401762794,True,False,False,True,False,False,c1:cumulative_through_period_3_differs_from_line_scores;c2:eligible_ledger_possession_missing_from_cfbd;c4:score_regression_between_drives;c4:period_order_conflict,False,0,0,1
2025,401762795,True,False,False,False,False,False,c1:last_drive_end_differs_from_certified_final;c1:cumulative_through_period_4_differs_from_line_scores;c2:eligible_ledger_possession_missing_from_cfbd;c3:drive_4_delta_23_21;c4:score_regression_between_drives;c4:period_order_conflict,False,-193,0,8
2025,401762816,True,False,False,False,False,False,c1:last_drive_end_differs_from_certified_final;c1:cumulative_through_period_2_differs_from_line_scores;c1:cumulative_through_period_4_differs_from_line_scores;c2:eligible_ledger_possession_missing_from_cfbd;c3:drive_7_delta_10_20;c4:score_regression_between_drives;c4:period_order_conflict,False,-150,0,9
2025,401752696,True,True,False,True,True,False,c2:cfbd_drive_missing_from_ledger,False,7,1,0
2025,401752697,True,True,True,True,True,True,,False,0,0,0
2025,401752698,True,True,True,True,True,True,,False,0,0,0
2025,401752699,True,True,True,True,True,True,,False,0,0,0
2025,401752700,True,True,True,True,True,True,,False,0,0,0
2025,401752701,True,True,True,True,False,False,c4:score_regression_between_drives,False,7,0,0
2025,401752702,True,True,True,True,True,True,,False,7,0,0
2025,401752703,True,True,True,True,True,True,,False,0,0,0
2025,401752704,True,True,True,True,True,True,,False,0,0,0
2025,401752705,True,True,True,True,True,True,,False,0,0,0
2025,401752706,True,True,True,True,False,False,c4:period_order_conflict,False,0,0,0
2025,401752707,True,True,True,True,True,True,,False,0,0,0
2025,401752827,True,True,True,True,True,True,,False,0,0,0
2025,401752828,True,True,True,True,True,True,,False,0,0,0
2025,401752829,True,True,True,True,False,False,c4:period_order_conflict,False,0,0,0
2025,401752830,True,True,True,True,True,True,,False,0,0,0
2025,401752831,True,True,True,True,True,True,,False,0,0,0
2025,401752832,True,True,True,True,True,True,,False,0,0,0
2025,401752833,True,True,True,True,False,False,c4:score_regression_between_drives,False,0,0,0
2025,401752834,True,True,True,True,True,True,,False,0,0,0
2025,401752835,True,False,True,True,True,False,c1:cumulative_through_period_2_differs_from_line_scores,False,11,0,0
2025,401752836,True,True,True,True,True,True,,False,0,0,0
2025,401752837,True,True,True,True,True,True,,False,0,0,0
2025,401752838,True,True,True,True,True,True,,False,0,0,0
2025,401752839,True,True,True,True,True,True,,False,0,0,0
2025,401752840,True,True,True,False,False,False,c3:drive_12_delta_0_3;c4:score_regression_between_drives;c4:excess_points_over_certified_final,False,-15,0,0
2025,401752938,True,True,True,False,False,False,c3:drive_9_delta_14_0;c4:score_regression_between_drives,False,-14,0,0
2025,401752949,True,True,True,True,True,True,,False,7,0,0
2025,401754531,True,True,True,True,True,True,,False,0,0,0
2025,401754532,True,True,True,True,True,True,,False,0,0,0
2025,401754533,True,True,True,True,True,True,,False,0,0,0
2025,401754534,True,True,True,True,True,True,,False,0,0,0
2025,401754535,True,True,True,True,True,True,,False,0,0,0
2025,401754536,True,True,True,True,True,True,,False,0,0,0
2025,401754615,True,True,True,True,True,True,,False,0,0,0
2025,401754619,True,True,True,True,True,True,,False,0,0,0
2025,401754623,True,True,True,True,True,True,,False,0,0,0
2025,401754638,True,True,True,False,False,False,c3:drive_22_delta_1_0;c4:score_regression_between_drives,False,-46,0,0
2025,401754639,True,True,True,True,True,True,,False,0,0,0
2025,401756888,True,False,True,True,False,False,c1:cumulative_through_period_2_differs_from_line_scores;c4:score_regression_between_drives;c4:excess_points_over_certified_final,False,0,0,0
2025,401756889,True,True,True,True,True,True,,False,0,0,0
2025,401756890,True,False,True,False,False,False,c1:cumulative_through_period_2_differs_from_line_scores;c3:drive_8_delta_4_0;c4:score_regression_between_drives;c4:excess_points_over_certified_final,False,-13,0,0
2025,401756891,True,True,True,True,True,True,,False,0,0,0
2025,401756892,True,True,True,True,True,True,,False,7,0,0
2025,401756893,True,True,True,True,True,True,,False,0,0,0
2025,401756894,True,True,True,True,False,False,c4:score_regression_between_drives,False,-4,0,0
2025,401756895,True,True,True,True,True,True,,False,0,0,0
2025,401757168,True,True,True,True,True,True,,False,9,0,0
2025,401757233,True,True,True,True,True,True,,False,0,0,0
2025,401757234,True,True,True,True,True,True,,False,0,0,0
2025,401757235,True,True,True,True,False,False,c4:period_order_conflict,False,0,0,0
2025,401757256,True,True,True,True,True,True,,False,0,0,0
2025,401757257,True,True,True,True,True,True,,False,14,0,0
2025,401757258,True,True,True,True,True,True,,False,7,0,0
2025,401760368,True,False,True,False,False,False,c1:last_drive_end_differs_from_certified_final;c1:cumulative_through_period_4_differs_from_line_scores;c3:drive_6_delta_7_3;c4:score_regression_between_drives;c4:excess_points_over_certified_final,False,-24,0,0
2025,401760369,True,True,True,True,True,True,,False,0,0,0
2025,401760370,True,True,True,True,True,True,,False,0,0,0
2025,401761604,True,True,True,True,True,True,,False,0,0,0
2025,401761605,True,True,True,True,True,True,,False,0,0,0
2025,401761606,True,True,True,True,True,True,,False,0,0,0
2025,401761607,True,True,True,True,True,True,,False,0,0,0
2025,401761608,True,True,True,True,True,True,,False,7,0,0
2025,401762463,True,False,True,True,True,False,c1:first_drive_not_0_0,False,0,0,0
2025,401762464,True,True,True,True,True,True,,False,0,0,0
2025,401762465,True,True,True,True,True,True,,False,0,0,0
2025,401762466,True,True,True,True,True,True,,False,0,0,0
2025,401762467,True,True,True,True,True,True,,False,7,0,0
2025,401762817,True,True,True,True,True,True,,False,0,0,0
2025,401762818,True,True,True,True,True,True,,False,2,0,0
2025,401762819,True,True,True,True,True,True,,False,0,0,0
2025,401752708,True,True,True,True,True,True,,False,0,0,0
2025,401752709,True,True,True,True,True,True,,False,0,0,0
2025,401752710,True,True,True,True,True,True,,False,0,0,0
2025,401752711,True,True,True,True,True,True,,False,0,0,0
2025,401752712,True,True,True,True,True,True,,False,0,0,0
2025,401752713,True,True,True,False,False,False,c3:drive_5_delta_14_0;c4:score_regression_between_drives,False,-14,0,0
2025,401752714,True,True,True,True,True,True,,False,0,0,0
2025,401752715,True,True,True,True,False,False,c4:period_order_conflict,False,0,0,0
2025,401752716,True,True,True,True,True,True,,False,0,0,0
2025,401752723,True,True,True,True,True,True,,False,17,0,0
2025,401752841,True,True,True,True,True,True,,False,0,0,0
2025,401752842,True,True,True,True,True,True,,False,0,0,0
2025,401752843,True,True,True,True,True,True,,False,0,0,0
2025,401752844,True,False,True,False,False,False,c1:first_drive_not_0_0;c3:drive_1_delta_7_1;c4:score_regression_between_drives,False,-1,0,0
2025,401752845,True,True,True,True,True,True,,False,0,0,0
2025,401752846,True,True,True,True,True,True,,False,7,0,0
2025,401752847,True,True,True,True,True,True,,False,0,0,0
2025,401752848,True,True,True,True,False,False,c4:score_regression_between_drives;c4:period_order_conflict,False,7,0,0
2025,401754537,True,True,True,True,True,True,,False,7,0,0
2025,401754538,True,True,True,True,True,True,,False,0,0,0
2025,401754539,True,True,True,True,True,True,,False,0,0,0
2025,401754540,True,True,True,True,True,True,,False,0,0,0
2025,401754541,True,True,True,True,True,True,,False,0,0,0
2025,401754542,True,False,True,True,True,False,c1:last_drive_end_differs_from_certified_final;c1:cumulative_through_period_4_differs_from_line_scores,False,0,0,0
2025,401754617,True,True,True,True,True,True,,False,10,0,0
2025,401754636,True,True,True,True,True,True,,False,0,0,0
2025,401754640,True,True,True,True,True,True,,False,0,0,0
2025,401754642,True,True,True,True,True,True,,False,0,0,0
2025,401756896,True,True,True,True,True,True,,False,0,0,0
2025,401756897,True,True,True,True,True,True,,False,0,0,0
2025,401756898,True,True,True,True,True,True,,False,7,0,0
2025,401756899,True,False,True,False,True,False,c1:cumulative_through_period_2_differs_from_line_scores;c3:drive_16_delta_10_0,False,0,0,0
2025,401756900,True,True,True,False,False,False,c3:drive_9_delta_0_3;c4:score_regression_between_drives;c4:excess_points_over_certified_final,False,-12,0,0
2025,401756901,True,True,True,True,True,True,,False,0,0,0
2025,401757169,True,True,True,True,True,True,,False,0,0,0
2025,401757259,True,True,True,True,True,True,,False,0,0,0
2025,401757260,True,True,True,True,True,True,,False,7,0,0
2025,401757261,True,True,True,True,False,False,c4:score_regression_between_drives,False,-14,0,0
2025,401757262,True,False,True,True,True,False,c1:cumulative_through_period_2_differs_from_line_scores,False,14,0,0
2025,401757263,True,True,True,True,True,True,,False,0,0,0
2025,401757264,True,True,True,True,False,False,c4:score_regression_between_drives,False,-7,0,0
2025,401757265,True,True,True,True,True,True,,False,0,0,0
2025,401757267,True,True,True,True,True,True,,False,0,0,0
2025,401757268,True,True,True,True,True,True,,False,0,0,0
2025,401760372,True,True,True,True,True,True,,False,0,0,0
2025,401760373,True,True,True,True,True,True,,False,0,0,0
2025,401760374,True,True,True,True,True,True,,False,0,0,0
2025,401760375,True,True,True,True,True,True,,False,0,0,0
2025,401760376,True,True,False,False,False,False,c2:eligible_ledger_possession_missing_from_cfbd;c3:drive_7_delta_1_10;c4:score_regression_between_drives,False,1,0,5
2025,401760377,True,True,True,True,True,True,,False,0,0,0
2025,401761609,True,True,True,True,True,True,,False,7,0,0
2025,401761610,True,True,True,True,True,True,,False,0,0,0
2025,401761611,True,True,True,True,True,True,,False,0,0,0
2025,401761612,True,True,True,True,True,True,,False,0,0,0
2025,401761613,True,True,True,True,True,True,,False,0,0,0
2025,401762468,True,True,True,True,True,True,,False,7,0,0
2025,401762469,True,True,True,True,True,True,,False,7,0,0
2025,401762470,True,True,True,True,True,True,,False,14,0,0
2025,401762820,True,True,True,True,True,True,,False,0,0,0
2025,401762821,True,True,True,True,False,False,c4:score_regression_between_drives,False,0,0,0
2025,401762822,True,True,True,True,True,True,,False,7,0,0
2025,401762823,True,True,True,True,True,True,,False,0,0,0
2025,401752717,True,True,True,True,True,True,,False,0,0,0
2025,401752718,True,True,True,True,True,True,,False,0,0,0
2025,401752719,True,True,True,True,True,True,,False,0,0,0
2025,401752720,True,True,True,True,True,True,,False,7,0,0
2025,401752721,True,True,True,True,True,True,,False,0,0,0
2025,401752722,True,True,True,True,True,True,,False,0,0,0
2025,401752724,True,False,True,False,False,False,c1:cumulative_through_period_2_differs_from_line_scores;c3:drive_13_delta_0_3;c4:score_regression_between_drives;c4:excess_points_over_certified_final,False,1,0,0
2025,401752725,True,True,True,True,True,True,,False,0,0,0
2025,401752849,True,True,True,False,False,False,c3:drive_18_delta_7_3;c4:score_regression_between_drives,False,4,0,0
2025,401752850,True,True,True,True,True,True,,False,0,0,0
2025,401752851,True,True,True,False,False,False,c3:drive_10_delta_0_3;c4:score_regression_between_drives;c4:excess_points_over_certified_final,False,0,0,0
2025,401752852,True,True,True,True,True,True,,False,0,0,0
2025,401752853,True,True,True,True,True,True,,False,0,0,0
2025,401752854,True,True,True,False,False,False,c3:drive_18_delta_24_17;c4:score_regression_between_drives,False,-28,0,0
2025,401752939,True,True,False,False,False,False,c2:cfbd_drive_missing_from_ledger;c2:eligible_ledger_possession_missing_from_cfbd;c3:drive_9_delta_10_0;c4:score_regression_between_drives;c4:excess_points_over_certified_final,False,-50,1,3
2025,401752950,True,True,True,True,True,True,,False,0,0,0
2025,401754543,True,True,True,False,False,False,c3:drive_24_delta_38_35;c4:score_regression_between_drives,False,-70,0,0
2025,401754544,True,False,True,False,False,False,c1:cumulative_through_period_2_differs_from_line_scores;c3:drive_8_delta_0_3;c4:score_regression_between_drives,False,4,0,0
2025,401754545,True,True,True,True,True,True,,False,0,0,0
2025,401754546,True,True,True,False,False,False,c3:drive_27_delta_30_23;c4:score_regression_between_drives,False,-40,0,0
2025,401754547,True,True,True,True,True,True,,False,7,0,0
2025,401754548,True,True,True,True,True,True,,False,0,0,0
2025,401754549,True,True,True,True,True,True,,False,0,0,0
2025,401756902,True,True,True,True,True,True,,False,0,0,0
2025,401756903,True,True,True,True,True,True,,False,0,0,0
2025,401756904,True,True,True,True,True,True,,False,0,0,0
2025,401756905,True,True,True,True,True,True,,False,7,0,0
2025,401756906,True,False,False,False,False,False,c1:last_drive_end_differs_from_certified_final;c1:cumulative_through_period_4_differs_from_line_scores;c2:cfbd_drive_missing_from_ledger;c3:drive_18_delta_7_3;c4:score_regression_between_drives;c4:excess_points_over_certified_final,False,-3,1,0
2025,401756907,True,False,True,False,False,False,c1:cumulative_through_period_2_differs_from_line_scores;c3:drive_8_delta_7_3;c4:score_regression_between_drives,False,-10,0,0
2025,401756908,True,True,True,True,True,True,,False,0,0,0
2025,401757170,True,False,True,False,False,False,c1:last_drive_end_differs_from_certified_final;c1:cumulative_through_period_4_differs_from_line_scores;c3:drive_15_delta_3_3;c4:score_regression_between_drives;c4:excess_points_over_certified_final,False,-3,0,0
2025,401757269,True,True,True,True,True,True,,False,0,0,0
2025,401757270,True,True,True,True,True,True,,False,0,0,0
2025,401757271,True,True,True,True,True,True,,False,0,0,0
2025,401757272,True,True,True,True,True,True,,False,6,0,0
2025,401757273,True,True,True,True,True,True,,False,0,0,0
2025,401757274,True,True,True,True,True,True,,False,0,0,0
2025,401760378,True,True,True,True,True,True,,False,0,0,0
2025,401760379,True,True,True,True,True,True,,False,14,0,0
2025,401760380,True,True,True,True,True,True,,False,0,0,0
2025,401761614,True,False,True,True,True,False,c1:cumulative_through_period_2_differs_from_line_scores,False,7,0,0
2025,401761615,True,False,True,False,False,False,c1:cumulative_through_period_4_differs_from_line_scores;c3:drive_2_delta_3_3;c4:score_regression_between_drives,False,5,0,0
2025,401761616,True,True,True,False,False,False,c3:drive_19_delta_7_3;c4:score_regression_between_drives;c4:excess_points_over_certified_final,False,-3,0,0
2025,401761617,True,True,True,True,True,True,,False,0,0,0
2025,401762471,True,True,True,True,False,False,c4:score_regression_between_drives,False,-7,0,0
2025,401762472,True,True,True,True,False,False,c4:score_regression_between_drives,False,0,0,0
2025,401762473,True,True,True,True,True,True,,False,0,0,0
2025,401762474,True,True,True,True,True,True,,False,0,0,0
2025,401762824,True,True,True,True,True,True,,False,0,0,0
2025,401762825,True,True,True,True,True,True,,False,0,0,0
2025,401762826,True,True,True,True,True,True,,False,0,0,0
2025,401762827,True,True,True,True,True,True,,False,0,0,0
2025,401762828,True,True,True,True,True,True,,False,7,0,0
2025,401752726,True,True,True,True,True,True,,False,0,0,0
2025,401752727,True,True,True,True,True,True,,False,0,0,0
2025,401752728,True,True,True,True,True,True,,False,0,0,0
2025,401752729,True,True,True,True,True,True,,False,0,0,0
2025,401752730,True,False,True,True,False,False,c1:last_drive_end_differs_from_certified_final;c1:cumulative_through_period_4_differs_from_line_scores;c4:excess_points_over_certified_final,False,3,0,0
2025,401752855,True,True,True,False,False,False,c3:drive_3_delta_7_3;c4:score_regression_between_drives,False,-9,0,0
2025,401752856,True,True,True,True,True,True,,False,0,0,0
2025,401752857,True,True,True,True,True,True,,False,0,0,0
2025,401752858,True,True,True,True,True,True,,False,0,0,0
2025,401752859,True,True,True,True,True,True,,False,14,0,0
2025,401752860,True,True,True,True,True,True,,False,7,0,0
2025,401752861,True,True,True,True,True,True,,False,7,0,0
2025,401752940,True,True,True,True,True,True,,False,0,0,0
2025,401754550,True,True,True,True,True,True,,False,0,0,0
2025,401754551,True,True,True,True,True,True,,False,0,0,0
2025,401754552,True,True,True,True,True,True,,False,0,0,0
2025,401754553,True,True,True,True,True,True,,False,7,0,0
2025,401754554,True,True,True,False,False,False,c3:drive_22_delta_27_24;c4:score_regression_between_drives,False,-48,0,0
2025,401754555,True,True,True,True,True,True,,False,2,0,0
2025,401754556,True,True,True,True,True,True,,False,0,0,0
2025,401754557,True,True,True,True,True,True,,False,0,0,0
2025,401756909,True,True,True,True,True,True,,False,14,0,0
2025,401756910,True,True,True,True,True,True,,False,7,0,0
2025,401756911,True,True,True,True,True,True,,False,0,0,0
2025,401756912,True,True,True,True,True,True,,False,0,0,0
2025,401756913,True,False,False,False,False,False,c1:cumulative_through_period_2_differs_from_line_scores;c2:cfbd_drive_missing_from_ledger;c2:eligible_ledger_possession_missing_from_cfbd;c3:drive_7_delta_3_3;c4:score_regression_between_drives;c4:period_order_conflict,False,-39,1,2
2025,401756914,True,True,True,True,True,True,,False,0,0,0
2025,401756915,True,True,True,True,True,True,,False,7,0,0
2025,401757165,True,True,True,True,True,True,,False,0,0,0
2025,401757171,True,True,True,True,True,True,,False,0,0,0
2025,401757275,True,True,True,True,True,True,,False,0,0,0
2025,401757276,True,True,True,True,True,True,,False,0,0,0
2025,401760381,True,True,True,True,True,True,,False,0,0,0
2025,401760382,True,True,True,True,True,True,,False,0,0,0
2025,401760383,True,True,True,True,True,True,,False,0,0,0
2025,401760384,True,True,True,True,True,True,,False,0,0,0
2025,401760385,True,True,True,True,True,True,,False,0,0,0
2025,401761618,True,True,True,True,True,True,,False,0,0,0
2025,401761619,True,True,True,True,True,True,,False,7,0,0
2025,401761620,True,False,True,False,False,False,c1:last_drive_end_differs_from_certified_final;c1:cumulative_through_period_4_differs_from_line_scores;c3:drive_11_delta_3_3;c4:score_regression_between_drives;c4:excess_points_over_certified_final,False,-3,0,0
2025,401761621,True,True,True,False,False,False,c3:drive_23_delta_31_24;c4:score_regression_between_drives,False,-48,0,0
2025,401762475,True,True,True,True,True,True,,False,0,0,0
2025,401762476,True,True,True,True,True,True,,False,0,0,0
2025,401762477,True,True,True,True,True,True,,False,14,0,0
2025,401762478,True,True,True,True,True,True,,False,0,0,0
2025,401762479,True,True,True,True,True,True,,False,21,0,0
2025,401762829,True,False,True,False,False,False,c1:last_drive_end_differs_from_certified_final;c1:cumulative_through_period_4_differs_from_line_scores;c3:drive_20_delta_0_3;c4:score_regression_between_drives;c4:excess_points_over_certified_final,False,-7,0,0
2025,401762830,True,True,True,True,True,True,,False,2,0,0
2025,401762831,True,False,False,False,False,False,c1:last_drive_end_differs_from_certified_final;c2:cfbd_drive_missing_from_ledger;c3:drive_17_delta_31_24;c4:duplicate_drive_number;c4:score_regression_between_drives;c4:period_order_conflict,False,-74,1,0
2025,401762832,True,True,True,True,True,True,,False,0,0,0
2025,401762873,True,True,True,True,True,True,,False,0,0,0
2025,401752731,True,True,False,True,True,False,c2:cfbd_drive_missing_from_ledger,False,0,1,0
2025,401752732,True,True,True,True,True,True,,False,0,0,0
2025,401752733,True,True,True,True,True,True,,False,0,0,0
2025,401752734,True,True,True,True,True,True,,False,0,0,0
2025,401752735,True,True,True,True,True,True,,False,0,0,0
2025,401752736,True,True,True,True,True,True,,False,0,0,0
2025,401752737,True,True,True,False,False,False,c3:drive_15_delta_3_3;c4:score_regression_between_drives,False,-3,0,0
2025,401752862,True,True,True,True,True,True,,False,0,0,0
2025,401752863,True,False,True,True,False,False,c1:last_drive_end_differs_from_certified_final;c1:cumulative_through_period_4_differs_from_line_scores;c4:score_regression_between_drives;c4:excess_points_over_certified_final,False,6,0,0
2025,401752864,True,True,True,True,True,True,,False,0,0,0
2025,401752865,True,True,True,True,True,True,,False,0,0,0
2025,401752866,True,True,True,True,False,False,c4:score_regression_between_drives,False,0,0,0
2025,401752867,True,True,True,True,True,True,,False,0,0,0
2025,401752868,True,True,True,True,True,True,,False,0,0,0
2025,401752869,True,True,True,True,True,True,,False,7,0,0
2025,401752870,True,True,True,True,True,True,,False,0,0,0
2025,401754558,True,True,True,False,False,False,c3:drive_5_delta_7_3;c4:score_regression_between_drives,False,-3,0,0
2025,401754559,True,True,True,True,True,True,,False,0,0,0
2025,401754560,True,True,True,True,True,True,,False,0,0,0
2025,401754561,True,True,True,True,True,True,,False,0,0,0
2025,401754562,True,True,True,True,True,True,,False,0,0,0
2025,401754563,True,True,True,True,True,True,,False,7,0,0
2025,401756916,True,True,True,False,False,False,c3:drive_23_delta_27_24;c4:duplicate_drive_number;c4:score_regression_between_drives;c4:period_order_conflict,False,-48,0,0
2025,401756917,True,True,True,True,True,True,,False,0,0,0
2025,401756918,True,True,True,True,True,True,,False,0,0,0
2025,401756919,True,True,True,True,True,True,,False,0,0,0
2025,401756920,True,True,True,True,True,True,,False,0,0,0
2025,401756921,True,True,True,True,True,True,,False,7,0,0
2025,401756922,True,True,True,False,False,False,c3:drive_3_delta_0_3;c4:score_regression_between_drives,False,-3,0,0
2025,401757277,True,False,False,False,False,False,c1:cumulative_through_period_2_differs_from_line_scores;c2:cfbd_drive_missing_from_ledger;c2:eligible_ledger_possession_missing_from_cfbd;c3:drive_14_delta_0_3;c4:period_order_conflict,False,8,3,7
2025,401757278,True,True,True,False,False,False,c3:drive_20_delta_0_3;c4:score_regression_between_drives;c4:excess_points_over_certified_final,False,-10,0,0
2025,401757279,True,True,True,True,True,True,,False,7,0,0
2025,401757280,True,True,True,True,True,True,,False,7,0,0
2025,401760386,True,True,True,True,False,False,c4:score_regression_between_drives,False,6,0,0
2025,401760387,True,False,True,True,False,False,c1:cumulative_through_period_1_differs_from_line_scores;c4:score_regression_between_drives,False,0,0,0
2025,401760388,True,True,True,True,True,True,,False,0,0,0
2025,401760389,True,True,True,True,True,True,,False,7,0,0
2025,401760390,True,True,True,True,False,False,c4:period_order_conflict,False,0,0,0
2025,401760391,True,True,True,True,False,False,c4:score_regression_between_drives,False,-7,0,0
2025,401761622,True,True,True,True,True,True,,False,0,0,0
2025,401761623,True,True,True,True,True,True,,False,0,0,0
2025,401761624,True,True,True,True,True,True,,False,0,0,0
2025,401761625,True,True,True,True,True,True,,False,7,0,0
2025,401761626,True,False,True,False,False,False,c1:cumulative_through_period_2_differs_from_line_scores;c3:drive_18_delta_4_0;c4:score_regression_between_drives,False,-6,0,0
2025,401761627,True,True,True,False,False,False,c3:drive_21_delta_48_41;c4:score_regression_between_drives,False,-88,0,0
2025,401762480,True,True,True,True,True,True,,False,7,0,0
2025,401762481,True,True,True,True,True,True,,False,0,0,0
2025,401762482,True,True,True,True,True,True,,False,24,0,0
2025,401762483,True,True,True,True,True,True,,False,0,0,0
2025,401762484,True,False,True,True,False,False,c1:last_drive_end_differs_from_certified_final;c1:cumulative_through_period_4_differs_from_line_scores;c4:excess_points_over_certified_final,False,0,0,0
2025,401762485,True,True,True,False,False,False,c3:drive_20_delta_0_5;c4:score_regression_between_drives,False,-3,0,0
2025,401762833,True,True,True,True,True,True,,False,0,0,0
2025,401762834,True,True,True,True,True,True,,False,0,0,0
2025,401762835,True,True,True,True,True,True,,False,7,0,0
2025,401762836,True,True,True,True,True,True,,False,0,0,0
2025,401762837,True,False,True,True,False,False,c1:first_drive_not_0_0;c1:cumulative_through_period_2_differs_from_line_scores;c4:score_regression_between_drives,False,7,0,0
2025,401752738,True,True,True,True,True,True,,False,0,0,0
2025,401752739,True,True,True,True,True,True,,False,0,0,0
2025,401752740,True,True,True,False,False,False,c3:drive_26_delta_23_17;c4:score_regression_between_drives,False,-34,0,0
2025,401752741,True,True,True,True,True,True,,False,0,0,0
2025,401752742,True,True,True,True,True,True,,False,0,0,0
2025,401752743,True,True,True,False,False,False,c3:drive_27_delta_16_13;c4:score_regression_between_drives,False,-26,0,0
2025,401752744,True,True,True,True,True,True,,False,2,0,0
2025,401752745,True,True,True,True,True,True,,False,0,0,0
2025,401752871,True,True,True,True,True,True,,False,0,0,0
2025,401752872,True,True,True,True,True,True,,False,0,0,0
2025,401752873,True,True,True,True,True,True,,False,7,0,0
2025,401752874,True,True,True,True,True,True,,False,0,0,0
2025,401752875,True,True,True,True,True,True,,False,0,0,0
2025,401752876,True,True,True,True,True,True,,False,0,0,0
2025,401752877,True,True,True,True,True,True,,False,0,0,0
2025,401752878,True,True,True,True,True,True,,False,0,0,0
2025,401752879,True,True,True,False,False,False,c3:drive_28_delta_7_3;c4:score_regression_between_drives,False,-3,0,0
2025,401752941,True,True,True,True,True,True,,False,7,0,0
2025,401752951,True,True,True,True,True,True,,False,0,0,0
2025,401754371,True,True,True,True,True,True,,False,0,0,0
2025,401754564,True,True,True,True,True,True,,False,8,0,0
2025,401754565,True,True,True,True,True,True,,False,7,0,0
2025,401754566,True,True,True,True,True,True,,False,0,0,0
2025,401754567,True,True,True,True,True,True,,False,0,0,0
2025,401754568,True,True,True,True,True,True,,False,0,0,0
2025,401754569,True,True,True,False,False,False,c3:drive_4_delta_7_3;c4:score_regression_between_drives;c4:excess_points_over_certified_final,False,-9,0,0
2025,401756923,True,True,True,True,True,True,,False,8,0,0
2025,401756924,True,True,True,True,True,True,,False,0,0,0
2025,401756925,True,True,True,True,True,True,,False,0,0,0
2025,401756926,True,True,True,False,False,False,c3:drive_6_delta_14_0;c4:score_regression_between_drives,False,-14,0,0
2025,401756927,True,True,True,False,False,False,c3:drive_12_delta_7_3;c4:score_regression_between_drives,False,2,0,0
2025,401756928,True,True,True,True,True,True,,False,0,0,0
2025,401757281,True,False,True,True,False,False,c1:cumulative_through_period_1_differs_from_line_scores;c1:cumulative_through_period_2_differs_from_line_scores;c4:period_order_conflict,False,0,0,0
2025,401757282,True,True,True,True,True,True,,False,7,0,0
2025,401757283,True,True,True,True,True,True,,False,0,0,0
2025,401757284,True,True,True,True,True,True,,False,7,0,0
2025,401760392,True,False,True,False,False,False,c1:cumulative_through_period_2_differs_from_line_scores;c3:drive_9_delta_7_3;c4:score_regression_between_drives;c4:excess_points_over_certified_final,False,-6,0,0
2025,401760393,True,True,True,True,True,True,,False,0,0,0
2025,401760394,True,True,True,True,True,True,,False,7,0,0
2025,401760395,True,True,True,True,True,True,,False,0,0,0
2025,401760396,True,False,True,False,False,False,c1:last_drive_end_differs_from_certified_final;c1:cumulative_through_period_2_differs_from_line_scores;c1:cumulative_through_period_4_differs_from_line_scores;c3:drive_13_delta_4_0;c4:score_regression_between_drives;c4:excess_points_over_certified_final,False,-6,0,0
2025,401761628,True,False,False,False,False,False,c1:last_drive_end_differs_from_certified_final;c1:cumulative_through_period_4_differs_from_line_scores;c2:cfbd_drive_missing_from_ledger;c3:drive_21_delta_12_0;c4:score_regression_between_drives;c4:excess_points_over_certified_final,False,-3,1,0
2025,401761629,True,False,True,True,False,False,c1:cumulative_through_period_2_differs_from_line_scores;c4:score_regression_between_drives,False,0,0,0
2025,401761630,True,True,True,True,True,True,,False,0,0,0
2025,401761631,True,False,True,False,True,False,c1:first_drive_not_0_0;c3:drive_1_delta_14_0,False,7,0,0
2025,401761632,True,False,False,False,False,False,c1:last_drive_end_differs_from_certified_final;c1:cumulative_through_period_2_differs_from_line_scores;c1:cumulative_through_period_4_differs_from_line_scores;c2:cfbd_drive_missing_from_ledger;c2:eligible_ledger_possession_missing_from_cfbd;c3:drive_8_delta_0_3;c4:duplicate_drive_number;c4:score_regression_between_drives;c4:period_order_conflict,False,-192,4,7
2025,401761633,True,True,True,True,True,True,,False,0,0,0
2025,401761668,True,False,True,True,True,False,c1:cumulative_through_period_2_differs_from_line_scores,False,13,0,0
2025,401762486,True,True,True,True,True,True,,False,7,0,0
2025,401762487,True,True,True,True,True,True,,False,7,0,0
2025,401762488,True,True,True,True,True,True,,False,0,0,0
2025,401762489,True,False,True,False,False,False,c1:cumulative_through_period_2_differs_from_line_scores;c1:cumulative_through_period_3_differs_from_line_scores;c3:drive_6_delta_0_14;c4:score_regression_between_drives,False,0,0,0
2025,401762490,True,True,True,True,True,True,,False,0,0,0
2025,401762491,True,True,True,True,True,True,,False,0,0,0
2025,401762838,True,False,True,True,False,False,c1:last_drive_end_differs_from_certified_final;c1:cumulative_through_period_4_differs_from_line_scores;c4:excess_points_over_certified_final,False,7,0,0
2025,401762839,True,True,True,True,True,True,,False,7,0,0
2025,401762840,True,True,True,True,True,True,,False,7,0,0
2025,401762841,True,True,True,True,True,True,,False,0,0,0
2025,401762842,True,True,True,True,True,True,,False,0,0,0
2025,401762843,True,True,True,False,False,False,c3:drive_14_delta_9_0;c4:score_regression_between_drives,False,-6,0,0
2025,401752746,True,True,True,True,True,True,,False,0,0,0
2025,401752747,True,True,True,True,True,True,,False,0,0,0
2025,401752748,True,True,True,True,True,True,,False,0,0,0
2025,401752749,True,True,True,False,False,False,c3:drive_10_delta_52_55;c4:score_regression_between_drives;c4:excess_points_over_certified_final,False,-107,0,0
2025,401752750,True,True,True,True,True,True,,False,0,0,0
2025,401752751,True,True,True,True,True,True,,False,7,0,0
2025,401752752,True,True,True,True,True,True,,False,7,0,0
2025,401752880,True,True,True,True,False,False,c4:score_regression_between_drives,False,-7,0,0
2025,401752881,True,True,True,True,True,True,,False,0,0,0
2025,401752882,True,True,True,True,True,True,,False,0,0,0
2025,401752883,True,True,True,True,True,True,,False,7,0,0
2025,401752884,True,True,True,True,False,False,c4:score_regression_between_drives,False,-7,0,0
2025,401752885,True,True,True,True,True,True,,False,0,0,0
2025,401752886,True,True,True,True,True,True,,False,7,0,0
2025,401752942,True,False,True,True,False,False,c1:cumulative_through_period_1_differs_from_line_scores;c4:period_order_conflict,False,0,0,0
2025,401752952,True,True,True,True,True,True,,False,0,0,0
2025,401754372,True,False,True,False,False,False,c1:cumulative_through_period_2_differs_from_line_scores;c1:cumulative_through_period_4_differs_from_line_scores;c3:drive_12_delta_32_14;c4:score_regression_between_drives;c4:excess_points_over_certified_final,False,-52,0,0
2025,401754570,True,True,True,True,True,True,,False,7,0,0
2025,401754571,True,True,True,True,True,True,,False,0,0,0
2025,401754572,True,True,True,True,True,True,,False,7,0,0
2025,401754573,True,True,True,False,False,False,c3:drive_7_delta_10_7;c4:score_regression_between_drives,False,-14,0,0
2025,401754574,True,True,True,True,True,True,,False,6,0,0
2025,401756929,True,True,True,True,True,True,,False,0,0,0
2025,401756930,True,True,True,True,True,True,,False,0,0,0
2025,401756931,True,True,True,False,False,False,c3:drive_6_delta_10_7;c4:score_regression_between_drives,False,-17,0,0
2025,401756932,True,True,True,True,True,True,,False,0,0,0
2025,401756933,True,False,True,False,True,False,c1:first_drive_not_0_0;c3:drive_12_delta_0_1,False,12,0,0
2025,401756934,True,True,True,False,False,False,c3:drive_10_delta_17_0;c4:score_regression_between_drives,False,-10,0,0
2025,401756935,True,True,True,True,True,True,,False,0,0,0
2025,401757172,True,True,True,True,True,True,,False,7,0,0
2025,401757285,True,True,True,False,False,False,c3:drive_8_delta_7_3;c4:score_regression_between_drives,False,-17,0,0
2025,401757286,True,True,True,False,False,False,c3:drive_4_delta_20_10;c4:score_regression_between_drives,False,-23,0,0
2025,401757287,True,True,True,True,False,False,c4:score_regression_between_drives,False,-10,0,0
2025,401757288,True,True,True,True,True,True,,False,0,0,0
2025,401760397,True,True,True,False,False,False,c3:drive_4_delta_3_3;c4:score_regression_between_drives,False,-17,0,0
2025,401760398,True,True,True,True,True,True,,False,0,0,0
2025,401760399,True,True,False,True,True,False,c2:eligible_ledger_possession_missing_from_cfbd,False,0,0,1
2025,401760400,True,True,True,True,True,True,,False,2,0,0
2025,401761634,True,True,True,True,True,True,,False,0,0,0
2025,401761635,True,True,True,True,False,False,c4:score_regression_between_drives,False,-10,0,0
2025,401761636,True,True,True,True,False,False,c4:score_regression_between_drives,False,-14,0,0
2025,401761637,True,True,True,True,True,True,,False,0,0,0
2025,401761638,True,True,True,False,False,False,c3:drive_7_delta_14_0;c4:score_regression_between_drives,False,-8,0,0
2025,401762492,True,True,True,True,True,True,,False,7,0,0
2025,401762493,True,True,True,True,True,True,,False,0,0,0
2025,401762494,True,True,True,False,False,False,c3:drive_12_delta_7_10;c4:score_regression_between_drives,False,-10,0,0
2025,401762495,True,True,True,False,False,False,c3:drive_7_delta_28_31;c4:score_regression_between_drives,False,-59,0,0
2025,401762844,True,True,True,False,False,False,c3:drive_9_delta_2_0;c4:score_regression_between_drives,False,-2,0,0
2025,401762845,True,True,True,True,True,True,,False,7,0,0
2025,401762846,True,True,True,True,True,True,,False,7,0,0
2025,401762847,True,True,True,True,True,True,,False,0,0,0
2025,401762848,True,True,True,True,True,True,,False,0,0,0
2025,401762874,True,True,True,True,True,True,,False,0,0,0
2025,401752753,True,True,False,True,False,False,c2:cfbd_drive_missing_from_ledger;c4:score_regression_between_drives,False,-6,1,0
2025,401752754,True,True,True,True,True,True,,False,0,0,0
2025,401752755,True,True,True,True,False,False,c4:score_regression_between_drives,False,4,0,0
2025,401752756,True,True,True,True,True,True,,False,7,0,0
2025,401752757,True,False,True,False,False,False,c1:cumulative_through_period_2_differs_from_line_scores;c3:drive_13_delta_7_3;c4:score_regression_between_drives,False,-6,0,0
2025,401752758,True,True,True,True,True,True,,False,8,0,0
2025,401752887,True,True,True,True,True,True,,False,0,0,0
2025,401752888,True,True,True,False,False,False,c3:drive_6_delta_20_10;c4:score_regression_between_drives,False,-30,0,0
2025,401752889,True,False,True,True,False,False,c1:cumulative_through_period_2_differs_from_line_scores;c4:score_regression_between_drives,False,0,0,0
2025,401752890,True,False,True,True,False,False,c1:cumulative_through_period_1_differs_from_line_scores;c1:cumulative_through_period_2_differs_from_line_scores;c4:period_order_conflict,False,0,0,0
2025,401752891,True,True,True,True,True,True,,False,0,0,0
2025,401752892,True,True,True,True,True,True,,False,0,0,0
2025,401752943,True,True,True,True,True,True,,False,0,0,0
2025,401754575,True,True,True,False,False,False,c3:drive_2_delta_7_3;c4:score_regression_between_drives,False,-15,0,0
2025,401754576,True,False,True,True,False,False,c1:first_drive_not_0_0;c4:score_regression_between_drives,False,4,0,0
2025,401754577,True,True,True,True,True,True,,False,7,0,0
2025,401754578,True,True,True,True,True,True,,False,0,0,0
2025,401754579,True,True,True,True,True,True,,False,0,0,0
2025,401754580,True,True,True,True,True,True,,False,0,0,0
2025,401754581,True,True,True,True,True,True,,False,7,0,0
2025,401754582,True,True,True,False,False,False,c3:drive_12_delta_14_6;c4:score_regression_between_drives,False,-43,0,0
2025,401754583,True,True,True,True,True,True,,False,7,0,0
2025,401756936,True,True,True,False,False,False,c3:drive_11_delta_0_3;c4:score_regression_between_drives,False,-3,0,0
2025,401756937,True,True,True,True,False,False,c4:period_order_conflict,False,7,0,0
2025,401756938,True,True,True,True,True,True,,False,0,0,0
2025,401756939,True,True,True,True,True,True,,False,0,0,0
2025,401756940,True,True,False,True,True,False,c2:eligible_ledger_possession_missing_from_cfbd,False,0,0,1
2025,401756941,True,True,True,True,False,False,c4:period_order_conflict,False,7,0,0
2025,401756942,True,True,True,True,True,True,,False,0,0,0
2025,401757173,True,False,True,False,False,False,c1:first_drive_not_0_0;c1:last_drive_end_differs_from_certified_final;c1:cumulative_through_period_2_differs_from_line_scores;c1:cumulative_through_period_4_differs_from_line_scores;c3:drive_3_delta_45_19;c4:score_regression_between_drives;c4:excess_points_over_certified_final,False,-56,0,0
2025,401757289,True,True,True,True,False,False,c4:score_regression_between_drives,False,-5,0,0
2025,401757290,True,True,True,True,False,False,c4:score_regression_between_drives,False,6,0,0
2025,401757291,True,True,True,True,False,False,c4:score_regression_between_drives,False,-21,0,0
2025,401757292,True,True,True,False,False,False,c3:drive_18_delta_21_14;c4:score_regression_between_drives,False,-14,0,0
2025,401757293,True,True,True,True,False,False,c4:score_regression_between_drives,False,-7,0,0
2025,401757294,True,True,True,True,False,False,c4:score_regression_between_drives,False,-3,0,0
2025,401760401,True,True,True,True,True,True,,False,0,0,0
2025,401760402,True,True,True,True,True,True,,False,0,0,0
2025,401760403,True,True,True,False,False,False,c3:drive_9_delta_21_7;c4:score_regression_between_drives,False,-21,0,0
2025,401760404,True,True,True,False,False,False,c3:drive_11_delta_10_7;c4:score_regression_between_drives,False,-3,0,0
2025,401760405,True,True,True,True,True,True,,False,7,0,0
2025,401761639,True,True,True,True,True,True,,False,0,0,0
2025,401761640,True,True,True,False,False,False,c3:drive_2_delta_3_3;c4:score_regression_between_drives,False,-3,0,0
2025,401761641,True,True,True,True,True,True,,False,0,0,0
2025,401761642,True,True,True,True,True,True,,False,8,0,0
2025,401761643,True,True,True,True,True,True,,False,0,0,0
2025,401762443,True,True,True,True,True,True,,False,0,0,0
2025,401762497,True,True,True,True,True,True,,False,0,0,0
2025,401762498,True,True,True,False,False,False,c3:drive_17_delta_14_0;c4:score_regression_between_drives,False,0,0,0
2025,401762499,True,True,True,True,True,True,,False,0,0,0
2025,401762849,True,True,True,True,True,True,,False,0,0,0
2025,401762850,True,True,True,True,True,True,,False,0,0,0
2025,401752759,True,True,True,True,True,True,,False,0,0,0
2025,401752760,True,True,True,False,False,False,c3:drive_1_delta_0_3;c4:score_regression_between_drives,False,-3,0,0
2025,401752761,True,True,True,True,True,True,,False,0,0,0
2025,401752762,True,True,True,True,True,True,,False,0,0,0
2025,401752763,True,True,True,True,False,False,c4:score_regression_between_drives,False,-6,0,0
2025,401752764,True,True,True,True,False,False,c4:score_regression_between_drives,False,0,0,0
2025,401752893,True,True,True,True,True,True,,False,0,0,0
2025,401752894,True,True,True,True,True,True,,False,0,0,0
2025,401752895,True,True,True,True,True,True,,False,0,0,0
2025,401752896,True,True,True,True,True,True,,False,0,0,0
2025,401752897,True,True,True,True,True,True,,False,0,0,0
2025,401752898,True,True,True,True,False,False,c4:score_regression_between_drives,False,-2,0,0
2025,401752899,True,True,True,True,True,True,,False,0,0,0
2025,401752944,True,True,True,True,True,True,,False,7,0,0
2025,401754584,True,True,True,False,False,False,c3:drive_15_delta_0_3;c4:score_regression_between_drives,False,-3,0,0
2025,401754585,True,True,True,False,False,False,c3:drive_6_delta_19_22;c4:score_regression_between_drives,False,-38,0,0
2025,401754586,True,True,True,True,True,True,,False,0,0,0
2025,401754587,True,True,True,True,False,False,c4:score_regression_between_drives,False,-1,0,0
2025,401754588,True,False,True,False,False,False,c1:cumulative_through_period_2_differs_from_line_scores;c3:drive_3_delta_0_3;c4:score_regression_between_drives,False,-9,0,0
2025,401754589,True,True,True,True,True,True,,False,0,0,0
2025,401754590,True,True,True,True,False,False,c4:score_regression_between_drives,False,-3,0,0
2025,401756943,True,True,True,True,True,True,,False,0,0,0
2025,401756944,True,True,True,True,True,True,,False,0,0,0
2025,401756945,True,False,True,True,False,False,c1:cumulative_through_period_1_differs_from_line_scores;c1:cumulative_through_period_2_differs_from_line_scores;c1:cumulative_through_period_3_differs_from_line_scores;c4:period_order_conflict,False,0,0,0
2025,401756946,True,True,True,True,True,True,,False,0,0,0
2025,401756947,True,True,True,True,True,True,,False,0,0,0
2025,401757166,True,True,True,True,True,True,,False,0,0,0
2025,401757295,True,True,True,False,False,False,c3:drive_18_delta_9_14;c4:score_regression_between_drives;c4:excess_points_over_certified_final,False,-26,0,0
2025,401757296,True,True,True,True,True,True,,False,6,0,0
2025,401757297,True,True,True,False,False,False,c3:drive_11_delta_6_1;c4:score_regression_between_drives,False,-16,0,0
2025,401757298,True,True,True,True,True,True,,False,0,0,0
2025,401757299,True,True,True,True,True,True,,False,0,0,0
2025,401760406,True,True,True,True,False,False,c4:score_regression_between_drives,False,-5,0,0
2025,401760407,True,True,True,True,True,True,,False,0,0,0
2025,401760408,True,True,True,True,True,True,,False,7,0,0
2025,401760409,True,True,True,True,False,False,c4:score_regression_between_drives,False,-7,0,0
2025,401761644,True,True,True,True,True,True,,False,0,0,0
2025,401761645,True,True,True,True,True,True,,False,7,0,0
2025,401761646,True,False,True,True,False,False,c1:first_drive_not_0_0;c4:score_regression_between_drives,False,0,0,0
2025,401761647,True,True,True,True,False,False,c4:score_regression_between_drives,False,-7,0,0
2025,401761648,True,True,True,False,False,False,c3:drive_3_delta_17_28;c4:score_regression_between_drives,False,-36,0,0
2025,401762500,True,False,True,False,True,False,c1:cumulative_through_period_2_differs_from_line_scores;c3:drive_14_delta_4_0,False,0,0,0
2025,401762501,True,True,True,True,True,True,,False,7,0,0
2025,401762502,True,True,True,True,True,True,,False,7,0,0
2025,401762503,True,True,True,True,True,True,,False,0,0,0
2025,401762504,True,True,True,True,True,True,,False,7,0,0
2025,401762505,True,True,True,True,True,True,,False,0,0,0
2025,401762851,True,True,True,False,False,False,c3:drive_15_delta_10_0;c4:score_regression_between_drives,False,-10,0,0
2025,401762852,True,False,False,True,False,False,c1:cumulative_through_period_2_differs_from_line_scores;c2:cfbd_drive_missing_from_ledger;c4:score_regression_between_drives;c4:period_order_conflict,False,6,1,0
2025,401762853,True,True,True,True,True,True,,False,0,0,0
2025,401762854,True,False,True,True,False,False,c1:first_drive_not_0_0;c4:score_regression_between_drives,False,0,0,0
2025,401762855,True,True,True,True,True,True,,False,0,0,0
2025,401752765,True,True,True,True,True,True,,False,0,0,0
2025,401752766,True,True,True,True,True,True,,False,0,0,0
2025,401752767,True,True,True,True,True,True,,False,0,0,0
2025,401752768,True,True,True,True,True,True,,False,0,0,0
2025,401752769,True,True,True,True,True,True,,False,7,0,0
2025,401752770,True,True,True,True,True,True,,False,7,0,0
2025,401752771,True,True,True,True,True,True,,False,0,0,0
2025,401752772,True,True,True,True,False,False,c4:score_regression_between_drives,False,7,0,0
2025,401752900,True,True,True,False,False,False,c3:drive_9_delta_0_3;c4:score_regression_between_drives,False,4,0,0
2025,401752901,True,True,True,True,False,False,c4:score_regression_between_drives,False,0,0,0
2025,401752902,True,True,True,True,True,True,,False,7,0,0
2025,401752903,True,True,True,True,True,True,,False,7,0,0
2025,401752904,True,True,True,True,True,True,,False,0,0,0
2025,401752905,True,False,True,True,False,False,c1:last_drive_end_differs_from_certified_final;c1:cumulative_through_period_4_differs_from_line_scores;c4:excess_points_over_certified_final,False,6,0,0
2025,401752906,True,True,True,True,False,False,c4:score_regression_between_drives,False,-7,0,0
2025,401752907,True,True,True,True,True,True,,False,0,0,0
2025,401752945,True,True,True,True,True,True,,False,0,0,0
2025,401752953,True,False,True,True,False,False,c1:cumulative_through_period_1_differs_from_line_scores;c4:period_order_conflict,False,0,0,0
2025,401754591,True,True,True,True,False,False,c4:score_regression_between_drives,False,0,0,0
2025,401754592,True,True,False,True,True,False,c2:eligible_ledger_possession_missing_from_cfbd,False,7,0,1
2025,401754593,True,True,True,True,False,False,c4:score_regression_between_drives,False,-7,0,0
2025,401754594,True,True,True,True,True,True,,False,0,0,0
2025,401754595,True,True,True,False,False,False,c3:drive_8_delta_0_14;c4:score_regression_between_drives,False,-21,0,0
2025,401754596,True,True,True,True,True,True,,False,0,0,0
2025,401754597,True,True,True,False,False,False,c3:drive_3_delta_0_14;c4:score_regression_between_drives;c4:excess_points_over_certified_final,False,-21,0,0
2025,401756948,True,True,True,True,True,True,,False,0,0,0
2025,401756949,True,True,True,True,True,True,,False,0,0,0
2025,401756950,True,True,True,False,False,False,c3:drive_1_delta_10_0;c4:score_regression_between_drives,False,-7,0,0
2025,401756951,True,True,True,True,True,True,,False,0,0,0
2025,401756952,True,True,True,True,True,True,,False,0,0,0
2025,401756953,True,True,True,False,False,False,c3:drive_9_delta_17_2;c4:score_regression_between_drives,False,-19,0,0
2025,401757174,True,True,True,True,True,True,,False,0,0,0
2025,401757300,True,True,True,True,True,True,,False,0,0,0
2025,401757301,True,False,True,False,False,False,c1:last_drive_end_differs_from_certified_final;c1:cumulative_through_period_2_differs_from_line_scores;c1:cumulative_through_period_4_differs_from_line_scores;c3:drive_3_delta_27_20;c4:score_regression_between_drives;c4:excess_points_over_certified_final,False,-37,0,0
2025,401757302,True,True,True,False,False,False,c3:drive_7_delta_3_15;c4:score_regression_between_drives,False,-21,0,0
2025,401757303,True,True,False,False,False,False,c2:cfbd_drive_missing_from_ledger;c3:drive_18_delta_7_3;c4:score_regression_between_drives;c4:excess_points_over_certified_final,False,-27,1,0
2025,401757304,True,True,True,True,True,True,,False,0,0,0
2025,401760410,True,True,True,True,True,True,,False,0,0,0
2025,401760411,True,True,True,False,False,False,c3:drive_19_delta_0_3;c4:score_regression_between_drives,False,-3,0,0
2025,401760412,True,False,True,True,False,False,c1:first_drive_not_0_0;c4:score_regression_between_drives,False,-6,0,0
2025,401760413,True,True,True,True,True,True,,False,14,0,0
2025,401760414,True,True,False,False,False,False,c2:eligible_ledger_possession_missing_from_cfbd;c3:drive_22_delta_10_7;c4:score_regression_between_drives;c4:excess_points_over_certified_final,False,-11,0,1
2025,401761649,True,True,False,True,True,False,c2:eligible_ledger_possession_missing_from_cfbd,False,0,0,1
2025,401761650,True,True,True,True,True,True,,False,7,0,0
2025,401761651,True,False,True,False,False,False,c1:cumulative_through_period_2_differs_from_line_scores;c3:drive_15_delta_5_0;c4:score_regression_between_drives;c4:excess_points_over_certified_final,False,-16,0,0
2025,401761652,True,False,True,False,True,False,c1:cumulative_through_period_2_differs_from_line_scores;c3:drive_17_delta_4_0,False,0,0,0
2025,401761653,True,True,True,False,False,False,c3:drive_1_delta_0_14;c4:score_regression_between_drives,False,-7,0,0
2025,401761654,True,True,True,True,True,True,,False,0,0,0
2025,401762506,True,True,True,True,True,True,,False,0,0,0
2025,401762507,True,True,True,True,True,True,,False,7,0,0
2025,401762508,True,False,True,False,False,False,c1:cumulative_through_period_2_differs_from_line_scores;c3:drive_15_delta_7_1;c4:score_regression_between_drives,False,5,0,0
2025,401762509,True,True,True,True,True,True,,False,7,0,0
2025,401762510,True,True,True,True,False,False,c4:score_regression_between_drives,False,-10,0,0
2025,401762856,True,True,True,True,True,True,,False,14,0,0
2025,401762857,True,True,True,True,True,True,,False,0,0,0
2025,401762858,True,True,True,True,True,True,,False,7,0,0
2025,401762859,True,True,True,True,True,True,,False,0,0,0
2025,401762860,True,True,True,False,False,False,c3:drive_14_delta_10_3;c4:score_regression_between_drives,False,1,0,0
2025,401762861,True,True,True,True,True,True,,False,3,0,0
2025,401752773,True,True,True,True,True,True,,False,0,0,0
2025,401752774,True,True,True,True,True,True,,False,7,0,0
2025,401752775,True,True,True,True,True,True,,False,0,0,0
2025,401752776,True,True,True,True,True,True,,False,0,0,0
2025,401752777,True,True,True,True,True,True,,False,0,0,0
2025,401752778,True,True,True,True,True,True,,False,0,0,0
2025,401752779,True,True,True,True,True,True,,False,0,0,0
2025,401752780,True,True,True,True,False,False,c4:score_regression_between_drives,False,0,0,0
2025,401752781,True,True,True,True,True,True,,False,0,0,0
2025,401752782,True,True,True,False,True,False,c3:drive_14_delta_1_0,False,6,0,0
2025,401752908,True,True,True,True,True,True,,False,0,0,0
2025,401752909,True,True,True,True,True,True,,False,7,0,0
2025,401752910,True,True,True,True,True,True,,False,0,0,0
2025,401752911,True,True,True,True,False,False,c4:score_regression_between_drives,False,-6,0,0
2025,401752912,True,True,False,True,True,False,c2:eligible_ledger_possession_missing_from_cfbd,False,0,0,1
2025,401752913,True,True,True,True,True,True,,False,0,0,0
2025,401752914,True,True,True,True,True,True,,False,0,0,0
2025,401752915,True,True,True,False,False,False,c3:drive_16_delta_10_0;c4:score_regression_between_drives,False,-17,0,0
2025,401752954,True,True,True,True,True,True,,False,7,0,0
2025,401754598,True,True,True,True,True,True,,False,0,0,0
2025,401754599,True,True,True,True,True,True,,False,7,0,0
2025,401754600,True,True,True,True,True,True,,False,0,0,0
2025,401754601,True,True,True,True,False,False,c4:score_regression_between_drives,False,-14,0,0
2025,401754602,True,True,True,True,True,True,,False,0,0,0
2025,401754603,True,False,True,True,False,False,c1:last_drive_end_differs_from_certified_final;c1:cumulative_through_period_4_differs_from_line_scores;c4:score_regression_between_drives,False,-1,0,0
2025,401754604,True,True,True,True,True,True,,False,0,0,0
2025,401754605,True,True,True,True,True,True,,False,0,0,0
2025,401754606,True,True,True,True,True,True,,False,7,0,0
2025,401756954,True,True,True,True,True,True,,False,7,0,0
2025,401756955,True,True,True,True,True,True,,False,0,0,0
2025,401756956,True,True,True,True,False,False,c4:score_regression_between_drives;c4:period_order_conflict,False,7,0,0
2025,401756957,True,True,True,True,True,True,,False,0,0,0
2025,401756958,True,True,True,True,True,True,,False,0,0,0
2025,401756959,True,True,True,True,True,True,,False,0,0,0
2025,401756960,True,True,True,True,True,True,,False,7,0,0
2025,401757175,True,True,True,True,False,False,c4:score_regression_between_drives,False,-6,0,0
2025,401757305,True,True,True,True,False,False,c4:score_regression_between_drives,False,-7,0,0
2025,401757306,True,True,True,True,True,True,,False,0,0,0
2025,401757307,True,True,True,True,True,True,,False,6,0,0
2025,401757308,True,True,True,True,True,True,,False,0,0,0
2025,401757309,True,True,True,True,True,True,,False,14,0,0
2025,401760415,True,True,True,True,True,True,,False,0,0,0
2025,401760416,True,True,True,True,True,True,,False,0,0,0
2025,401760417,True,True,True,True,False,False,c4:score_regression_between_drives,False,-13,0,0
2025,401760418,True,True,True,True,True,True,,False,7,0,0
2025,401760419,True,True,True,True,True,True,,False,0,0,0
2025,401760420,True,True,True,True,True,True,,False,0,0,0
2025,401761655,True,True,False,False,False,False,c2:cfbd_drive_missing_from_ledger;c3:drive_10_delta_17_10;c4:score_regression_between_drives,False,-24,1,0
2025,401761656,True,True,True,False,False,False,c3:drive_3_delta_0_3;c4:score_regression_between_drives,False,-3,0,0
2025,401761657,True,True,True,True,True,True,,False,0,0,0
2025,401761658,True,True,True,True,True,True,,False,7,0,0
2025,401761659,True,True,True,True,False,False,c4:period_order_conflict,False,0,0,0
2025,401761660,True,True,True,False,False,False,c3:drive_14_delta_0_3;c4:score_regression_between_drives,False,-3,0,0
2025,401762511,True,True,True,True,True,True,,False,0,0,0
2025,401762512,True,True,True,False,False,False,c3:drive_6_delta_16_0;c4:score_regression_between_drives,False,-8,0,0
2025,401762513,True,True,True,True,True,True,,False,0,0,0
2025,401762514,True,True,True,True,True,True,,False,7,0,0
2025,401762515,True,True,True,True,True,True,,False,0,0,0
2025,401762862,True,True,True,True,True,True,,False,0,0,0
2025,401762863,True,True,True,True,True,True,,False,0,0,0
2025,401762864,True,True,True,True,True,True,,False,0,0,0
2025,401762865,True,True,True,True,True,True,,False,0,0,0
2025,401762866,True,True,True,True,True,True,,False,0,0,0
2025,401762867,True,True,True,True,False,False,c4:score_regression_between_drives,False,-7,0,0
2025,401752783,True,True,True,True,True,True,,False,0,0,0
2025,401752784,True,False,True,False,False,False,c1:first_drive_not_0_0;c3:drive_3_delta_14_6;c4:score_regression_between_drives,False,-54,0,0
2025,401752785,True,True,True,True,True,True,,False,0,0,0
2025,401752786,True,True,False,True,True,False,c2:eligible_ledger_possession_missing_from_cfbd,False,0,0,1
2025,401752787,True,True,True,True,True,True,,False,0,0,0
2025,401752788,True,True,True,True,True,True,,False,0,0,0
2025,401752789,True,True,True,True,False,False,c4:period_order_conflict,False,0,0,0
2025,401752790,True,True,True,True,False,False,c4:score_regression_between_drives,False,3,0,0
2025,401752791,True,True,True,False,False,False,c3:drive_18_delta_14_0;c4:score_regression_between_drives,False,-28,0,0
2025,401752792,True,True,True,True,True,True,,False,0,0,0
2025,401752916,True,True,True,False,True,False,c3:drive_13_delta_2_0,False,0,0,0
2025,401752917,True,True,True,True,True,True,,False,0,0,0
2025,401752918,True,True,True,False,False,False,c3:drive_6_delta_0_3;c4:score_regression_between_drives,False,-3,0,0
2025,401752919,True,True,True,True,True,True,,False,0,0,0
2025,401752920,True,True,True,True,True,True,,False,0,0,0
2025,401752921,True,True,True,True,True,True,,False,0,0,0
2025,401752922,True,True,True,True,True,True,,False,0,0,0
2025,401752923,True,False,True,True,True,False,c1:cumulative_through_period_2_differs_from_line_scores,False,7,0,0
2025,401752924,True,True,True,True,True,True,,False,0,0,0
2025,401752946,True,True,True,True,True,True,,False,0,0,0
2025,401754608,True,True,True,True,True,True,,False,0,0,0
2025,401754609,True,True,True,True,True,True,,False,0,0,0
2025,401754610,True,True,False,True,True,False,c2:eligible_ledger_possession_missing_from_cfbd,False,0,0,1
2025,401754611,True,True,True,True,True,True,,False,0,0,0
2025,401754612,True,True,True,True,True,True,,False,0,0,0
2025,401754613,True,True,True,True,True,True,,False,0,0,0
2025,401754614,True,True,True,True,False,False,c4:score_regression_between_drives,False,0,0,0
2025,401756961,True,True,True,True,True,True,,False,0,0,0
2025,401756962,True,True,True,True,False,False,c4:score_regression_between_drives,False,0,0,0
2025,401756963,True,True,True,True,True,True,,False,0,0,0
2025,401756964,True,True,True,True,True,True,,False,0,0,0
2025,401756965,True,True,True,True,True,True,,False,0,0,0
2025,401756966,True,True,False,False,False,False,c2:eligible_ledger_possession_missing_from_cfbd;c3:drive_9_delta_7_1;c4:score_regression_between_drives,False,-4,0,1
2025,401756967,True,False,True,True,False,False,c1:cumulative_through_period_2_differs_from_line_scores;c4:score_regression_between_drives,False,-7,0,0
2025,401756968,True,True,True,True,True,True,,False,0,0,0
2025,401757310,True,True,True,False,False,False,c3:drive_11_delta_7_13;c4:score_regression_between_drives,False,-26,0,0
2025,401757311,True,True,True,True,True,True,,False,7,0,0
2025,401757312,True,True,True,False,False,False,c3:drive_22_delta_0_3;c4:score_regression_between_drives,False,-3,0,0
2025,401757313,True,False,False,False,False,False,c1:cumulative_through_period_2_differs_from_line_scores;c2:cfbd_drive_missing_from_ledger;c3:drive_9_delta_42_34;c4:score_regression_between_drives;c4:excess_points_over_certified_final,False,-56,1,0
2025,401757314,True,True,False,True,True,False,c2:cfbd_drive_missing_from_ledger,False,20,1,0
2025,401757315,True,True,True,True,True,True,,False,0,0,0
2025,401760421,True,True,True,True,True,True,,False,0,0,0
2025,401760422,True,True,True,True,True,True,,False,0,0,0
2025,401760423,True,True,True,True,False,False,c4:score_regression_between_drives,False,-14,0,0
2025,401760424,True,True,True,True,True,True,,False,0,0,0
2025,401760425,True,True,True,True,True,True,,False,0,0,0
2025,401760426,True,False,False,False,False,False,c1:cumulative_through_period_2_differs_from_line_scores;c2:cfbd_drive_missing_from_ledger;c3:drive_11_delta_13_3;c4:score_regression_between_drives;c4:period_order_conflict,False,-10,1,0
2025,401761661,True,True,True,True,True,True,,False,0,0,0
2025,401761662,True,True,True,True,False,False,c4:score_regression_between_drives,False,-15,0,0
2025,401761663,True,True,True,True,True,True,,False,0,0,0
2025,401761664,True,True,True,True,True,True,,False,0,0,0
2025,401761665,True,False,False,True,True,False,c1:first_drive_not_0_0;c2:cfbd_drive_missing_from_ledger,False,0,1,0
2025,401761666,True,True,True,True,True,True,,False,0,0,0
2025,401761667,True,True,True,False,False,False,c3:drive_3_delta_1_0;c4:score_regression_between_drives,False,-14,0,0
2025,401762441,True,True,True,True,True,True,,False,0,0,0
2025,401762442,True,True,True,True,True,True,,False,0,0,0
2025,401762516,True,True,True,False,False,False,c3:drive_2_delta_0_3;c4:score_regression_between_drives,False,-3,0,0
2025,401762517,True,True,True,True,True,True,,False,0,0,0
2025,401762518,True,True,True,True,True,True,,False,0,0,0
2025,401762519,True,True,True,True,True,True,,False,7,0,0
2025,401762520,True,True,True,True,True,True,,False,0,0,0
2025,401762868,True,True,True,True,True,True,,False,0,0,0
2025,401762869,True,True,True,True,True,True,,False,0,0,0
2025,401762870,True,True,True,True,True,True,,False,0,0,0
2025,401762871,True,True,True,False,False,False,c3:drive_2_delta_0_3;c4:score_regression_between_drives,False,4,0,0
2025,401762872,True,True,True,True,True,True,,False,0,0,0
2025,401762875,True,True,True,True,True,True,,False,7,0,0
2025,401777324,True,True,True,True,False,False,c4:score_regression_between_drives,False,-7,0,0
2025,401777325,True,True,True,True,False,False,c4:score_regression_between_drives,False,-3,0,0
2025,401777326,True,True,True,True,True,True,,False,0,0,0
2025,401777327,True,True,True,True,True,True,,False,8,0,0
2025,401777328,True,False,True,True,False,False,c1:last_drive_end_differs_from_certified_final;c4:excess_points_over_certified_final,False,0,0,0
2025,401777329,True,True,True,True,True,True,,False,0,0,0
2025,401777351,True,True,True,True,True,True,,False,0,0,0
2025,401777352,True,True,True,True,True,True,,False,0,0,0
2025,401777353,True,True,True,True,True,True,,False,0,0,0
2025,401762521,True,True,True,True,True,True,,False,0,0,0
