group_id,season,game_id,team,events,baseline_points,candidate_points,net_points,channel,primary_cause,flag_incomplete_stream,flag_restoration_gt8,flag_dip_restore,flag_final_cap,flag_conversion_reassignment,flag_category_possession_reassignment
71f3b5dc80915f21,2015,400603832,Kentucky,2,13.0,13.0,0.0,attribution_only,other,False,False,False,False,False,False
f8d36331615f9331,2015,400603835,Ole Miss,2,7.0,7.0,0.0,attribution_only,dip_restore,False,False,True,False,False,True
ace0a6c7605b7c6b,2015,400603836,Southern Mississippi,2,3.0,3.0,0.0,attribution_only,dip_restore,False,False,True,False,False,True
58a7f341bd72884d,2015,400603838,Arizona State,2,7.0,7.0,0.0,attribution_only,dip_restore,False,False,True,False,False,True
1b325ee31ac83287,2015,400603838,Texas A&M,2,7.0,7.0,0.0,attribution_only,dip_restore,False,False,True,False,False,True
98bd7389ec56d9d8,2015,400603867,Kentucky,1,0.0,0.0,0.0,attribution_only,final_cap,False,False,False,True,False,True
998d1723d480a815,2015,400603881,LSU,2,3.0,3.0,0.0,attribution_only,dip_restore,False,False,True,False,False,True
dd9b2c558a8f8bc6,2015,400603884,Tennessee,2,7.0,7.0,0.0,attribution_only,dip_restore,False,False,True,False,False,True
a6603a9b54ee1e73,2015,400603893,Florida,4,14.0,14.0,0.0,attribution_only,dip_restore,False,False,True,False,False,True
2c2d39acd5c8ff16,2015,400603893,LSU,4,14.0,14.0,0.0,attribution_only,dip_restore,False,False,True,False,False,True
88f3183c926ffdcb,2015,400603907,Kentucky,2,3.0,3.0,0.0,attribution_only,dip_restore,False,False,True,False,False,True
37aed31d14ec71a3,2015,400603908,Arkansas,1,0.0,8.0,8.0,points_recovery,dip_restore,False,False,True,False,False,False
c0684084a037b95d,2015,400603920,Tennessee,2,7.0,7.0,0.0,attribution_only,dip_restore,False,False,True,False,False,True
d9e51605f7f22a29,2015,400603930,Texas A&M,2,3.0,3.0,0.0,attribution_only,dip_restore,False,False,True,False,False,True
bad2ad1dc76d839c,2015,400603934,South Carolina,2,7.0,7.0,0.0,attribution_only,dip_restore,False,False,True,False,False,True
ad608c8b3f8641b1,2015,400756886,Eastern Washington,2,7.0,7.0,0.0,attribution_only,dip_restore,False,False,True,False,False,True
b4fc6a2362fc6226,2015,400756886,Eastern Washington,2,7.0,7.0,0.0,attribution_only,dip_restore,False,False,True,False,False,True
6bccce4187828324,2015,400756888,Boise State,2,7.0,7.0,0.0,attribution_only,dip_restore,False,False,True,False,False,True
ae580ddd99353b40,2015,400756889,Washington State,2,7.0,7.0,0.0,attribution_only,dip_restore,False,False,True,False,False,True
e50b05867ab7ceb9,2015,400756906,Boston College,2,7.0,7.0,0.0,attribution_only,dip_restore,False,False,True,False,False,True
47901de1418a8a52,2015,400756912,Florida Atlantic,2,7.0,7.0,0.0,attribution_only,dip_restore,False,False,True,False,False,True
73a788f72b2f24d1,2015,400756929,Purdue,2,7.0,7.0,0.0,attribution_only,dip_restore,False,False,True,False,False,True
3626c6530b779b55,2015,400756934,Louisville,2,7.0,7.0,0.0,attribution_only,dip_restore,False,False,True,False,False,True
8b40511e57287632,2015,400756951,Pittsburgh,2,2.0,2.0,0.0,attribution_only,dip_restore,False,False,True,False,False,True
4fae4bca65451fb1,2015,400756952,South Florida,2,3.0,3.0,0.0,attribution_only,dip_restore,False,False,True,False,False,True
2719f59125e1389b,2015,400756952,Syracuse,2,3.0,3.0,0.0,attribution_only,dip_restore,False,False,True,False,False,True
64c0262017662d96,2015,400756952,Syracuse,2,7.0,7.0,0.0,attribution_only,dip_restore,False,False,True,False,False,True
f70e27eccf8e4a25,2015,400756961,Virginia Tech,2,8.0,8.0,0.0,attribution_only,dip_restore,False,False,True,False,False,True
82a20c424506156a,2015,400756961,Virginia Tech,2,9.0,9.0,0.0,attribution_only,other,False,False,False,False,False,False
b7339e73629cede3,2015,400756993,NC State,2,7.0,7.0,0.0,attribution_only,dip_restore,False,False,True,False,False,True
3c3b67c28cfa2b38,2015,400757015,UCLA,2,7.0,7.0,0.0,attribution_only,dip_restore,False,False,True,False,False,True
6d19c150f5044ab3,2015,400757023,Stanford,2,7.0,7.0,0.0,attribution_only,dip_restore,False,False,True,False,False,True
2bf727d595a29886,2015,400757046,Arizona,2,7.0,7.0,0.0,attribution_only,dip_restore,False,False,True,False,False,True
02db931c78f8d72c,2015,400757049,Oregon,2,7.0,7.0,0.0,attribution_only,dip_restore,False,False,True,False,False,True
36365be9e290ff2c,2015,400757049,Washington State,6,14.0,14.0,0.0,attribution_only,dip_restore,False,False,True,False,False,True
00f00377f69b893b,2015,400757061,Oregon,2,7.0,7.0,0.0,attribution_only,dip_restore,False,False,True,False,False,True
9bf513e1f1e11e2d,2015,400757064,UCLA,2,7.0,7.0,0.0,attribution_only,dip_restore,False,False,True,False,False,True
f03e9a1f78613993,2015,400757072,Oregon,2,7.0,7.0,0.0,attribution_only,dip_restore,False,False,True,False,False,True
9d2f352a09049813,2015,400760498,Army,2,7.0,7.0,0.0,attribution_only,dip_restore,False,False,True,False,False,True
bd53a7cb776d75e9,2015,400763411,Oklahoma State,2,12.0,12.0,0.0,attribution_only,other,False,False,False,False,False,False
5f4dc1132300a598,2015,400763412,TCU,2,7.0,7.0,0.0,attribution_only,dip_restore,False,False,True,False,False,True
f9f3a53c345beb9b,2015,400763433,TCU,2,8.0,8.0,0.0,attribution_only,dip_restore,False,False,True,False,False,True
0dbd32ccd5951532,2015,400763439,Texas Tech,2,3.0,3.0,0.0,attribution_only,dip_restore,False,False,True,False,False,True
da86d07dec08dbb9,2015,400763449,Kansas State,2,7.0,7.0,0.0,attribution_only,dip_restore,False,False,True,False,False,True
f86f6a6f6a88106a,2015,400763455,Iowa State,2,7.0,7.0,0.0,attribution_only,dip_restore,False,False,True,False,False,True
b387dbd07a8fe9b0,2015,400763457,Kansas State,2,3.0,3.0,0.0,attribution_only,dip_restore,False,False,True,False,False,True
c111e578d3415433,2015,400763457,Texas Tech,2,7.0,7.0,0.0,attribution_only,dip_restore,False,False,True,False,False,True
6351eaf867cba4f3,2015,400763460,Kansas State,2,3.0,3.0,0.0,attribution_only,dip_restore,False,False,True,False,False,True
6812fe9a0edd777d,2015,400763466,Oklahoma,2,7.0,7.0,0.0,attribution_only,dip_restore,False,False,True,False,False,True
2723fdecba418a1b,2015,400763472,Southern Illinois,2,6.0,6.0,0.0,attribution_only,dip_restore,False,False,True,False,False,True
2b28797eaf5b08ae,2015,400763495,BYU,1,0.0,6.0,6.0,points_recovery,dip_restore,False,False,True,False,False,False
ef6a18bc4094a30b,2015,400763496,Rutgers,1,7.0,8.0,1.0,points_recovery,other,False,False,False,False,False,False
7d8d1825535e2f6a,2015,400763496,Rutgers,1,7.0,6.0,-1.0,points_reduction,other,False,False,False,False,False,False
fdda085d0a30337f,2015,400763499,Colorado State,2,3.0,3.0,0.0,attribution_only,dip_restore,False,False,True,False,False,True
3e5972bebdcd0258,2015,400763506,Penn State,2,7.0,7.0,0.0,attribution_only,dip_restore,False,False,True,False,False,True
8f8ded5f0bd34a55,2015,400763509,Indiana,2,7.0,7.0,0.0,attribution_only,dip_restore,False,False,True,False,False,True
2932e64b57312039,2015,400763512,Michigan State,2,7.0,7.0,0.0,attribution_only,dip_restore,False,False,True,False,False,True
f0f955a9c7bfbeea,2015,400763533,Wisconsin,2,3.0,3.0,0.0,attribution_only,dip_restore,False,False,True,False,False,True
96912c3fedf25e25,2015,400763536,Wisconsin,2,7.0,7.0,0.0,attribution_only,dip_restore,False,False,True,False,False,True
78ab97127849a568,2015,400763543,Nebraska,2,7.0,7.0,0.0,attribution_only,dip_restore,False,False,True,False,False,True
72764f313be62531,2015,400763548,Penn State,2,7.0,7.0,0.0,attribution_only,dip_restore,False,False,True,False,False,True
f6bd6de240202761,2015,400763555,Purdue,2,7.0,7.0,0.0,attribution_only,dip_restore,False,False,True,False,False,True
624773de70ac8bfb,2015,400763556,Wisconsin,2,7.0,7.0,0.0,attribution_only,dip_restore,False,False,True,False,False,True
36249241496c8c9f,2015,400763556,Wisconsin,2,7.0,7.0,0.0,attribution_only,dip_restore,False,False,True,False,False,True
c4ec041ac1048841,2015,400763558,Wisconsin,2,7.0,7.0,0.0,attribution_only,dip_restore,False,False,True,False,False,True
853c320a17a28362,2015,400763559,Rutgers,2,3.0,3.0,0.0,attribution_only,dip_restore,False,False,True,False,False,True
5df9b80966aa33d7,2015,400763571,Indiana,2,7.0,7.0,0.0,attribution_only,category_possession_reassignment,False,False,False,False,False,True
cd4975537835ee7f,2015,400763589,Louisiana Tech,11,0.0,62.0,62.0,points_recovery,incomplete_stream,True,True,True,False,False,True
743180417a508412,2015,400763589,Southern,2,8.0,8.0,0.0,attribution_only,dip_restore,False,False,True,False,False,True
f086a55976bf6b6a,2015,400763595,Ohio,2,7.0,7.0,0.0,attribution_only,dip_restore,False,False,True,False,False,True
fd72d79c7ccedfcc,2015,400763596,Old Dominion,2,7.0,7.0,0.0,attribution_only,dip_restore,False,False,True,False,False,True
f6bbacf3a700bf42,2015,400763601,Florida International,2,6.0,6.0,0.0,attribution_only,dip_restore,False,False,True,False,False,True
afb7e39b88e2aa5e,2015,400763611,Incarnate Word,1,0.0,0.0,0.0,attribution_only,final_cap,False,False,False,True,False,True
278e5f3d1235fc6f,2015,400763645,Marshall,2,3.0,3.0,0.0,attribution_only,restoration_gt8,False,True,True,False,False,True
454c8588d0be3d97,2015,400763645,Marshall,1,0.0,0.0,0.0,attribution_only,incomplete_stream,True,True,False,False,False,True
b1617caab150eafb,2015,400763645,Middle Tennessee,1,0.0,0.0,0.0,attribution_only,incomplete_stream,True,True,False,False,False,True
f5db495e1d4b686c,2015,400763658,Rice,2,7.0,7.0,0.0,attribution_only,dip_restore,False,False,True,False,False,True
7e4d500dfb907886,2015,400764860,Navy,2,7.0,7.0,0.0,attribution_only,dip_restore,False,False,True,False,False,True
279bbb31422cfed1,2015,400764861,South Florida,2,7.0,7.0,0.0,attribution_only,dip_restore,False,False,True,False,False,True
6536c6fb4956987f,2015,400764869,Temple,2,2.0,2.0,0.0,attribution_only,dip_restore,False,False,True,False,False,True
dd5d3513d914406d,2015,400764869,UMass,2,6.0,6.0,0.0,attribution_only,dip_restore,False,False,True,False,False,True
1de44bedb2d25b9e,2015,400764870,Cincinnati,2,7.0,7.0,0.0,attribution_only,dip_restore,False,False,True,False,False,True
373ac18f194f053d,2015,400764870,Memphis,2,7.0,7.0,0.0,attribution_only,dip_restore,False,False,True,False,False,True
f8e1923e29dd5873,2015,400764898,Memphis,2,7.0,7.0,0.0,attribution_only,dip_restore,False,False,True,False,False,True
6990e3beb68879a9,2015,400764914,Tulane,2,7.0,7.0,0.0,attribution_only,dip_restore,False,False,True,False,False,True
530c78a6469b0f0d,2015,400787112,Colorado State,4,14.0,14.0,0.0,attribution_only,dip_restore,False,False,True,False,False,True
04366e7a9645fce2,2015,400787242,Hawai_i,2,7.0,7.0,0.0,attribution_only,dip_restore,False,False,True,False,False,True
caaba91c7ea3df94,2015,400787243,South Alabama,2,0.0,10.0,10.0,points_recovery,incomplete_stream,True,True,True,False,False,True
a3c8c7e743b1ad04,2015,400787268,Nevada,2,7.0,7.0,0.0,attribution_only,dip_restore,False,False,True,False,False,True
46f1f06fd63a1949,2015,400787273,Colorado State,2,7.0,7.0,0.0,attribution_only,dip_restore,False,False,True,False,False,True
fc37699c16ac91e5,2015,400787277,Hawai_i,1,0.0,0.0,0.0,attribution_only,incomplete_stream,True,False,False,False,False,True
08477cfc76a09d36,2015,400787292,New Mexico,2,7.0,7.0,0.0,attribution_only,dip_restore,False,False,True,False,False,True
2135b54a318288b4,2015,400787296,Nevada,2,7.0,7.0,0.0,attribution_only,dip_restore,False,False,True,False,False,True
78aad69279710c0e,2015,400787296,San Diego State,2,7.0,7.0,0.0,attribution_only,dip_restore,False,False,True,False,False,True
f706c39de1268639,2015,400787302,Idaho,3,3.0,3.0,0.0,attribution_only,restoration_gt8,False,True,True,False,False,True
fa2ae62278aae60e,2015,400787302,Ohio,4,6.0,20.0,14.0,points_recovery,incomplete_stream,True,True,False,False,False,True
0f10c63cf4870b4e,2015,400787305,Delaware State,2,7.0,7.0,0.0,attribution_only,dip_restore,False,False,True,False,False,True
f4fd385316f54443,2015,400787330,Toledo,2,7.0,7.0,0.0,attribution_only,category_possession_reassignment,False,False,False,False,False,True
87cebf5ff424394c,2015,400787330,Toledo,2,7.0,7.0,0.0,attribution_only,dip_restore,False,False,True,False,False,True
0946011cafdc82cf,2015,400787334,Bowling Green,1,0.0,7.0,7.0,points_recovery,dip_restore,False,False,True,False,False,False
ce1608c4c2c4135a,2015,400787349,Ohio,2,3.0,3.0,0.0,attribution_only,dip_restore,False,False,True,False,False,True
cde399512fc4b552,2015,400787353,Akron,2,3.0,3.0,0.0,attribution_only,dip_restore,False,False,True,False,False,True
49bd816e34bbe208,2015,400787364,Central Michigan,2,7.0,7.0,0.0,attribution_only,dip_restore,False,False,True,False,False,True
14a504110f0c5215,2015,400787419,Troy,2,6.0,6.0,0.0,attribution_only,dip_restore,False,False,True,False,False,True
08ebfde6c1ca0b6f,2015,400787442,Idaho,2,7.0,7.0,0.0,attribution_only,restoration_gt8,False,True,True,False,False,True
4444d2696ac820eb,2015,400787442,Idaho,1,0.0,7.0,7.0,points_recovery,restoration_gt8,False,True,True,False,False,False
46c79152a4958710,2015,400787448,Appalachian State,2,7.0,7.0,0.0,attribution_only,dip_restore,False,False,True,False,False,True
70abf31b1d623468,2015,400787458,Texas State,2,7.0,7.0,0.0,attribution_only,dip_restore,False,False,True,False,False,True
1bb4731c294d7c87,2015,400787460,Troy,2,7.0,7.0,0.0,attribution_only,dip_restore,False,False,True,False,False,True
04739548202a228b,2015,400787462,New Mexico State,1,0.0,7.0,7.0,points_recovery,dip_restore,False,False,True,False,False,False
0dcdc81bd5aa3efa,2015,400787464,Appalachian State,2,7.0,7.0,0.0,attribution_only,dip_restore,False,False,True,False,False,True
e69f91625f8bb8a9,2015,400787469,Louisiana,2,6.0,6.0,0.0,attribution_only,dip_restore,False,False,True,False,False,True
bf3bbabbe951763c,2015,400787470,Appalachian State,2,2.0,2.0,0.0,attribution_only,dip_restore,False,False,True,False,False,True
018b11b0e4e05560,2015,400787470,Idaho,2,3.0,3.0,0.0,attribution_only,dip_restore,False,False,True,False,False,True
33d44a155c1205d3,2015,400787471,Arkansas State,2,3.0,3.0,0.0,attribution_only,dip_restore,False,False,True,False,False,True
84f4b9b4ffeb5380,2015,400787475,South Alabama,2,7.0,7.0,0.0,attribution_only,dip_restore,False,False,True,False,False,True
ecd1d2856580d4ad,2015,400787477,Georgia State,2,3.0,3.0,0.0,attribution_only,dip_restore,False,False,True,False,False,True
ae2f5118bbb9b242,2015,400787478,Louisiana,2,7.0,7.0,0.0,attribution_only,dip_restore,False,False,True,False,False,True
4de8944ccd741f68,2015,400787482,Appalachian State,2,14.0,14.0,0.0,attribution_only,other,False,False,False,False,False,False
8a2f729acacf2340,2015,400787482,Appalachian State,2,7.0,7.0,0.0,attribution_only,dip_restore,False,False,True,False,False,True
60ffc65acc7e2fa3,2015,400852685,Ohio,2,2.0,2.0,0.0,attribution_only,dip_restore,False,False,True,False,False,True
7c13ee4b7594e9c4,2015,400852729,Louisville,2,7.0,7.0,0.0,attribution_only,dip_restore,False,False,True,False,False,True
ac78e28706bb1e1e,2015,400852730,USC,2,7.0,7.0,0.0,attribution_only,dip_restore,False,False,True,False,False,True
d98c908fdf1053a5,2015,400852738,Ole Miss,2,7.0,7.0,0.0,attribution_only,dip_restore,False,False,True,False,False,True
e4064c3ceade81b4,2016,400868887,Northern Iowa,2,2.0,2.0,0.0,attribution_only,dip_restore,False,False,True,False,False,True
7e425f8a922d538f,2016,400868912,Army,2,7.0,7.0,0.0,attribution_only,dip_restore,False,False,True,False,False,True
4860463d6a4c43a6,2016,400868912,UTEP,3,7.0,7.0,0.0,attribution_only,dip_restore,False,False,True,False,False,True
b316478c2a3cba59,2016,400868923,BYU,2,7.0,7.0,0.0,attribution_only,dip_restore,False,False,True,False,False,True
45905775040fec26,2016,400868928,BYU,2,7.0,7.0,0.0,attribution_only,dip_restore,False,False,True,False,False,True
59b8b73fffdeb551,2016,400868952,Stanford,2,8.0,8.0,0.0,attribution_only,dip_restore,False,False,True,False,False,True
732a28095cd6469e,2016,400868953,Miami,2,7.0,7.0,0.0,attribution_only,dip_restore,False,False,True,False,False,True
c299dc6a977ed451,2016,400868953,Notre Dame,2,3.0,3.0,0.0,attribution_only,dip_restore,False,False,True,False,False,True
ac0ee414f1743a85,2016,400868956,Notre Dame,2,6.0,6.0,0.0,attribution_only,dip_restore,False,False,True,False,False,True
0e8e4514ddbfcae5,2016,400868981,TCU,2,7.0,7.0,0.0,attribution_only,dip_restore,False,False,True,False,False,True
e0dd6b85ec2b212d,2016,400868981,TCU,2,7.0,7.0,0.0,attribution_only,dip_restore,False,False,True,False,False,True
417978f7bf6659ba,2016,400868985,LSU,2,7.0,7.0,0.0,attribution_only,dip_restore,False,False,True,False,False,True
4a6e674807fb3665,2016,400868991,Vanderbilt,2,7.0,7.0,0.0,attribution_only,dip_restore,False,False,True,False,False,False
80a25c77f7974cc7,2016,400868995,Kentucky,2,7.0,7.0,0.0,attribution_only,dip_restore,False,False,True,False,False,True
2c3e538bec0a4327,2016,400868997,Alabama,2,7.0,7.0,0.0,attribution_only,dip_restore,False,False,True,False,False,True
60af6cb4b58c79d8,2016,400868997,Alabama,2,7.0,7.0,0.0,attribution_only,dip_restore,False,False,True,False,False,True
db8bf31d76931d78,2016,400869018,Alabama,2,7.0,7.0,0.0,attribution_only,dip_restore,False,False,True,False,False,True
49085e697ffcfc4a,2016,400869018,Arkansas,2,3.0,3.0,0.0,attribution_only,dip_restore,False,False,True,False,False,True
0289c0aafbaec560,2016,400869020,Vanderbilt,2,7.0,7.0,0.0,attribution_only,dip_restore,False,False,True,False,False,True
0bc5803ebd371e11,2016,400869024,Arkansas,2,7.0,7.0,0.0,attribution_only,dip_restore,False,False,True,False,False,True
de8f3e3fbeebd74b,2016,400869029,Alabama,2,7.0,7.0,0.0,attribution_only,dip_restore,False,False,True,False,False,True
74cda38ab2ad04be,2016,400869054,Kentucky,2,7.0,7.0,0.0,attribution_only,dip_restore,False,False,True,False,False,True
03094646fb596208,2016,400869060,Austin Peay,2,6.0,6.0,0.0,attribution_only,dip_restore,False,False,True,False,False,True
859ac8768262ac1c,2016,400869064,Tennessee,2,7.0,7.0,0.0,attribution_only,dip_restore,False,False,True,False,False,True
2f05dc12549feea2,2016,400869067,Texas A&M,1,0.0,6.0,6.0,points_recovery,dip_restore,False,False,True,False,False,False
fc6dcc883936eede,2016,400869091,Utah,5,0.0,24.0,24.0,points_recovery,incomplete_stream,True,True,True,False,False,True
f706b6f3c861ad2f,2016,400869094,Stanford,2,3.0,3.0,0.0,attribution_only,dip_restore,False,False,True,False,False,True
3a496305431e5fa4,2016,400869100,Arizona State,2,7.0,7.0,0.0,attribution_only,dip_restore,False,False,True,False,False,True
79f92c526fe4f510,2016,400869100,Texas Tech,2,7.0,7.0,0.0,attribution_only,dip_restore,False,False,True,False,False,True
715533b8bfe57495,2016,400869101,USC,2,7.0,7.0,0.0,attribution_only,dip_restore,False,False,True,False,False,True
1180e2ccafd3c217,2016,400869104,Oregon,2,6.0,6.0,0.0,attribution_only,dip_restore,False,False,True,False,False,True
9b5f4d306a91e62b,2016,400869113,Nebraska,2,7.0,7.0,0.0,attribution_only,dip_restore,False,False,True,False,False,True
89e29693f1e900a6,2016,400869113,Oregon,2,6.0,6.0,0.0,attribution_only,dip_restore,False,False,True,False,False,True
9a16dc5bfda4ea18,2016,400869114,Oregon State,2,7.0,7.0,0.0,attribution_only,dip_restore,False,False,True,False,False,True
cbf2563d442896cb,2016,400869119,Washington,2,7.0,7.0,0.0,attribution_only,dip_restore,False,False,True,False,False,True
76ac56c56ba1b943,2016,400869123,Boise State,2,7.0,7.0,0.0,attribution_only,dip_restore,False,False,True,False,False,True
11a257657e892ca6,2016,400869126,USC,2,7.0,7.0,0.0,attribution_only,dip_restore,False,False,True,False,False,True
45d61147670ffb62,2016,400869133,Oregon,2,7.0,7.0,0.0,attribution_only,dip_restore,False,False,True,False,False,True
204c9f462d16120a,2016,400869133,Washington,2,7.0,7.0,0.0,attribution_only,dip_restore,False,False,True,False,False,True
abacde25bdce0d38,2016,400869140,Oregon,2,7.0,7.0,0.0,attribution_only,dip_restore,False,False,True,False,False,True
3324c1d6a2ded5eb,2016,400869152,USC,2,7.0,7.0,0.0,attribution_only,dip_restore,False,False,True,False,False,True
1b5e5c39cc1d4d30,2016,400869158,UCLA,4,14.0,14.0,0.0,attribution_only,dip_restore,False,False,True,False,False,True
fd04d8822b01df37,2016,400869167,Arizona,2,7.0,7.0,0.0,attribution_only,dip_restore,False,False,True,False,False,True
bc3b7053d7957c49,2016,400869171,Oregon State,2,7.0,7.0,0.0,attribution_only,dip_restore,False,False,True,False,False,True
ae1e69183715fa44,2016,400869171,Oregon State,2,7.0,7.0,0.0,attribution_only,dip_restore,False,False,True,False,False,True
84f7f26247ef1e68,2016,400869178,Northern Illinois,2,7.0,7.0,0.0,attribution_only,dip_restore,False,False,True,False,False,True
0c829a30ff6630e2,2016,400869181,Cal Poly,2,7.0,7.0,0.0,attribution_only,dip_restore,False,False,True,False,False,True
5cb0d52419f37608,2016,400869190,San Jose State,2,7.0,7.0,0.0,attribution_only,dip_restore,False,False,True,False,False,True
b8f143fe4439ebab,2016,400869208,Wyoming,2,7.0,7.0,0.0,attribution_only,dip_restore,False,False,True,False,False,True
f784b1776196c772,2016,400869217,Hawai_i,4,14.0,14.0,0.0,attribution_only,dip_restore,False,False,True,False,False,True
9bb122ca4c7f58a1,2016,400869222,Hawai_i,5,0.0,17.0,17.0,points_recovery,incomplete_stream,True,True,True,False,False,True
1913434cc86eb10d,2016,400869222,UNLV,5,0.0,20.0,20.0,points_recovery,incomplete_stream,True,True,True,False,False,True
400602964c49a29f,2016,400869225,Hawai_i,8,10.0,24.0,14.0,points_recovery,incomplete_stream,True,True,True,False,False,True
0026d5366f7a356c,2016,400869231,Fresno State,2,7.0,7.0,0.0,attribution_only,dip_restore,False,False,True,False,False,True
17ae0e4491cb5238,2016,400869238,New Mexico,2,7.0,7.0,0.0,attribution_only,dip_restore,False,False,True,False,False,True
778ac81b3a262479,2016,400869244,Wyoming,2,7.0,7.0,0.0,attribution_only,dip_restore,False,False,True,False,False,True
d220e21ae5425391,2016,400869248,Colorado State,2,7.0,7.0,0.0,attribution_only,dip_restore,False,False,True,False,False,True
000487b47e74ba4a,2016,400869264,Ohio,3,0.0,16.0,16.0,points_recovery,incomplete_stream,True,True,True,False,False,True
c0d12b6f4a57d944,2016,400869264,Texas State,4,6.0,6.0,0.0,attribution_only,dip_restore,False,False,True,False,False,True
fbdcf2dfd76df491,2016,400869276,North Dakota,1,0.0,6.0,6.0,points_recovery,dip_restore,False,False,True,False,False,False
5d96d0a049c42cdb,2016,400869279,Ball State,2,3.0,3.0,0.0,attribution_only,dip_restore,False,False,True,False,False,True
02329ad911dc390c,2016,400869280,Eastern Michigan,2,7.0,7.0,0.0,attribution_only,dip_restore,False,False,True,False,False,True
f22252c849bab98d,2016,400869281,Bowling Green,4,0.0,21.0,21.0,points_recovery,incomplete_stream,True,True,True,False,False,True
606067c7a7ebc412,2016,400869281,Middle Tennessee,2,7.0,7.0,0.0,attribution_only,dip_restore,False,False,True,False,False,True
62d9984e9fa2dc77,2016,400869287,Memphis,2,7.0,7.0,0.0,attribution_only,dip_restore,False,False,True,False,False,True
a091e8d7c341f446,2016,400869289,Ohio,2,2.0,2.0,0.0,attribution_only,dip_restore,False,False,True,False,False,True
482c2fa9d977304b,2016,400869292,Northern Illinois,2,6.0,6.0,0.0,attribution_only,dip_restore,False,False,True,False,False,True
4d41ff19bb838bba,2016,400869298,Western Michigan,2,7.0,7.0,0.0,attribution_only,dip_restore,False,False,True,False,False,True
8174bfb1ed125a99,2016,400869303,Western Michigan,2,7.0,7.0,0.0,attribution_only,dip_restore,False,False,True,False,False,True
bbbc9a0081e912bc,2016,400869307,Central Michigan,2,1.0,14.0,13.0,points_recovery,dip_restore,False,False,True,False,False,False
e19335b90b280d36,2016,400869307,Northern Illinois,3,7.0,14.0,7.0,points_recovery,dip_restore,False,False,True,False,False,True
5e0a7c3302c6adae,2016,400869313,Toledo,2,7.0,7.0,0.0,attribution_only,dip_restore,False,False,True,False,False,True
9da602d2a999cfb2,2016,400869313,Toledo,2,7.0,7.0,0.0,attribution_only,dip_restore,False,False,True,False,False,True
75e2ca6ad4991fe8,2016,400869315,Ohio,2,7.0,7.0,0.0,attribution_only,dip_restore,False,False,True,False,False,True
cb926ca1ce8e3996,2016,400869319,Central Michigan,2,7.0,7.0,0.0,attribution_only,dip_restore,False,False,True,False,False,True
5357ece5a70a9d9f,2016,400869319,Kent State,2,7.0,7.0,0.0,attribution_only,dip_restore,False,False,True,False,False,True
d59d9923d9b13d4c,2016,400869319,Kent State,2,7.0,7.0,0.0,attribution_only,dip_restore,False,False,True,False,False,True
7bd440c723735cf6,2016,400869327,Akron,2,8.0,8.0,0.0,attribution_only,dip_restore,False,False,True,False,False,True
832ca77f4abcc89c,2016,400869327,Bowling Green,2,7.0,7.0,0.0,attribution_only,dip_restore,False,False,True,False,False,True
bba042d42cc6c1a7,2016,400869337,Eastern Michigan,2,6.0,6.0,0.0,attribution_only,dip_restore,False,False,True,False,False,True
5c98b245d73b5073,2016,400869342,Florida International,2,3.0,3.0,0.0,attribution_only,dip_restore,False,False,True,False,False,True
107631f836c7362b,2016,400869342,Indiana,2,2.0,2.0,0.0,attribution_only,dip_restore,False,False,True,False,False,True
6c9641c129b1b51a,2016,400869342,Indiana,2,7.0,7.0,0.0,attribution_only,dip_restore,False,False,True,False,False,True
5025b1ac459f4a06,2016,400869346,Hampton,2,7.0,7.0,0.0,attribution_only,dip_restore,False,False,True,False,False,True
f72563f2ef214482,2016,400869346,Old Dominion,2,2.0,2.0,0.0,attribution_only,dip_restore,False,False,True,False,False,True
c2596eeecd2192ca,2016,400869348,New Mexico State,2,3.0,3.0,0.0,attribution_only,dip_restore,False,False,True,False,False,True
7d4ab804c21ce66c,2016,400869358,Florida Atlantic,7,0.0,7.0,7.0,points_recovery,incomplete_stream,True,True,True,True,False,True
85d9a3c83d3e1702,2016,400869359,Texas Tech,2,7.0,7.0,0.0,attribution_only,dip_restore,False,False,True,False,False,True
c8956c325e033880,2016,400869365,Middle Tennessee,2,7.0,7.0,0.0,attribution_only,dip_restore,False,False,True,False,False,True
234a018e45c58cd3,2016,400869366,Louisville,2,7.0,7.0,0.0,attribution_only,dip_restore,False,False,True,False,False,True
7be70df30322e931,2016,400869366,Marshall,2,7.0,7.0,0.0,attribution_only,dip_restore,False,False,True,False,False,True
61f2af11e05b820f,2016,400869367,Rice,2,3.0,3.0,0.0,attribution_only,dip_restore,False,False,True,False,False,True
e393960073c09bf6,2016,400869369,Southern Mississippi,2,7.0,7.0,0.0,attribution_only,dip_restore,False,False,True,False,False,True
c53a1c7212854972,2016,400869375,Rice,2,7.0,7.0,0.0,attribution_only,dip_restore,False,False,True,False,False,True
b9eb1c8d54b96c64,2016,400869375,Southern Mississippi,2,7.0,7.0,0.0,attribution_only,dip_restore,False,False,True,False,False,True
5f68b3468584955e,2016,400869375,Southern Mississippi,2,7.0,7.0,0.0,attribution_only,dip_restore,False,False,True,False,False,True
a96650b2b4c2e127,2016,400869412,Florida Atlantic,2,7.0,7.0,0.0,attribution_only,dip_restore,False,False,True,False,False,True
9f29898f498f2313,2016,400869413,North Texas,4,9.0,9.0,0.0,attribution_only,dip_restore,False,False,True,False,False,True
73620edd6dfa9a1f,2016,400869420,North Texas,2,1.0,1.0,0.0,attribution_only,restoration_gt8,False,True,True,False,False,True
c94321f6fd30a122,2016,400869428,Liberty,1,0.0,0.0,0.0,attribution_only,incomplete_stream,True,False,False,False,False,True
cbee2f0246a9fabc,2016,400869430,Troy,2,7.0,7.0,0.0,attribution_only,dip_restore,False,False,True,False,False,True
b641fc0ead800cc3,2016,400869436,Pittsburgh,4,14.0,14.0,0.0,attribution_only,dip_restore,False,False,True,False,False,True
404a445101d29430,2016,400869455,North Carolina,2,6.0,6.0,0.0,attribution_only,category_possession_reassignment,False,False,False,False,False,True
d86e2603e7c352f1,2016,400869470,North Carolina,2,7.0,7.0,0.0,attribution_only,dip_restore,False,False,True,False,False,True
9befe7fd89c53ba2,2016,400869486,Georgia Tech,2,7.0,7.0,0.0,attribution_only,dip_restore,False,False,True,False,False,True
9d8ccfdbdde514f8,2016,400869490,Boston College,2,3.0,3.0,0.0,attribution_only,dip_restore,False,False,True,False,False,True
d0100a481969d625,2016,400869503,Maine,2,7.0,7.0,0.0,attribution_only,dip_restore,False,False,True,False,False,True
9cf14e20e4b81dec,2016,400869519,Temple,2,7.0,7.0,0.0,attribution_only,dip_restore,False,False,True,False,False,True
1c517f40872be8f9,2016,400869525,Houston,4,0.0,21.0,21.0,points_recovery,incomplete_stream,True,True,True,False,False,True
5787291a06274d06,2016,400869529,South Florida,2,7.0,7.0,0.0,attribution_only,dip_restore,False,False,True,False,False,True
8355576a86b909b1,2016,400869530,SMU,2,7.0,7.0,0.0,attribution_only,dip_restore,False,False,True,False,False,True
fdfd2270977241f9,2016,400869533,Tulsa,2,3.0,3.0,0.0,attribution_only,dip_restore,False,False,True,False,False,True
06c4e649a8b445f3,2016,400869539,Temple,2,6.0,6.0,0.0,attribution_only,dip_restore,False,False,True,False,False,True
b2032e0acaf9a99c,2016,400869558,East Carolina,2,3.0,3.0,0.0,attribution_only,dip_restore,False,False,True,False,False,True
b34e61b5c1098732,2016,400869558,SMU,2,3.0,3.0,0.0,attribution_only,dip_restore,False,False,True,False,False,True
fbdac80271d44f44,2016,400869567,Tulsa,2,7.0,7.0,0.0,attribution_only,dip_restore,False,False,True,False,False,True
de51a27e72a79d93,2016,400869568,Houston,2,7.0,7.0,0.0,attribution_only,dip_restore,False,False,True,False,False,True
7f4f7fb9b5bff503,2016,400869619,Oklahoma State,2,7.0,7.0,0.0,attribution_only,dip_restore,False,False,True,False,False,True
e984d62186794225,2016,400869619,Oklahoma State,2,3.0,3.0,0.0,attribution_only,dip_restore,False,False,True,False,False,True
5383fa2ed37859ba,2016,400869624,TCU,2,7.0,7.0,0.0,attribution_only,dip_restore,False,False,True,False,False,True
b91ebb4a03e73f70,2016,400869633,Howard,3,0.0,0.0,0.0,attribution_only,final_cap,False,False,False,True,False,True
7638c0e7dbb8ea4e,2016,400869633,Rutgers,2,7.0,7.0,0.0,attribution_only,dip_restore,False,False,True,False,False,False
6a82dd66054659c9,2016,400869633,Rutgers,2,3.0,3.0,0.0,attribution_only,dip_restore,False,False,True,False,False,True
f98d229f4bdb22fb,2016,400869639,Rutgers,2,7.0,7.0,0.0,attribution_only,dip_restore,False,False,True,False,False,True
ca0ce8c2df9c5175,2016,400869639,Rutgers,2,3.0,3.0,0.0,attribution_only,dip_restore,False,False,True,False,False,True
243a6d92cc56f1c2,2016,400869661,Indiana,2,7.0,7.0,0.0,attribution_only,dip_restore,False,False,True,False,False,True
302f4109b1039905,2016,400869677,Nebraska,2,3.0,3.0,0.0,attribution_only,dip_restore,False,False,True,False,False,True
a219f6449708ed0a,2016,400869687,Wisconsin,2,8.0,8.0,0.0,attribution_only,dip_restore,False,False,True,False,False,True
43cc4e291b8e4e50,2016,400869697,Maryland,2,7.0,7.0,0.0,attribution_only,dip_restore,False,False,True,False,False,True
3a6f699e2d7c6832,2016,400869699,Iowa,2,6.0,6.0,0.0,attribution_only,dip_restore,False,False,True,False,False,True
24b4cbd676ae47f0,2016,400869723,North Carolina,2,7.0,7.0,0.0,attribution_only,dip_restore,False,False,True,False,False,True
2445fc86846e73a5,2016,400869810,Troy,2,7.0,7.0,0.0,attribution_only,dip_restore,False,False,True,False,False,True
f26d5295c3f805c4,2016,400869817,Nicholls,2,7.0,7.0,0.0,attribution_only,dip_restore,False,False,True,False,False,True
81df36c70e6a168e,2016,400869817,Nicholls,2,9.0,9.0,0.0,attribution_only,other,False,False,False,False,False,False
2cbd47e434bdc341,2016,400869817,Nicholls,1,0.0,6.0,6.0,points_recovery,dip_restore,False,False,True,False,False,False
1b3599ec560a799d,2016,400869820,Louisiana,2,7.0,7.0,0.0,attribution_only,dip_restore,False,False,True,False,False,True
6ac39128fa27b61f,2016,400869820,New Mexico State,3,7.0,7.0,0.0,attribution_only,dip_restore,False,False,True,False,False,True
a64243c92ff25dd1,2016,400869821,Texas State,2,7.0,7.0,0.0,attribution_only,dip_restore,False,False,True,False,False,True
0669570f51094305,2016,400869826,Arkansas State,2,7.0,7.0,0.0,attribution_only,dip_restore,False,False,True,False,False,True
c4573233feade0ea,2016,400869832,Georgia Southern,2,3.0,3.0,0.0,attribution_only,dip_restore,False,False,True,False,False,True
0fe8f4529287b597,2016,400869844,Georgia Southern,2,6.0,6.0,0.0,attribution_only,dip_restore,False,False,True,False,False,True
9db3847d4fa83555,2016,400869844,Louisiana,2,2.0,2.0,0.0,attribution_only,dip_restore,False,False,True,False,False,True
64557becab9434b3,2016,400869853,Idaho,6,0.0,38.0,38.0,points_recovery,incomplete_stream,True,True,True,False,False,True
9fb3a26d6b6e9df0,2016,400869853,South Alabama,6,0.0,31.0,31.0,points_recovery,incomplete_stream,True,False,False,False,False,True
d1f11935aa65e190,2016,400876041,Louisiana,2,7.0,7.0,0.0,attribution_only,dip_restore,False,False,True,False,False,True
93db321a481bae19,2016,400876093,North Texas,2,7.0,7.0,0.0,attribution_only,dip_restore,False,False,True,False,False,True
e21ec6c44012bdbd,2016,400876098,Miami,2,7.0,7.0,0.0,attribution_only,dip_restore,False,False,True,False,False,True
a6174dc13b2c6690,2016,400876108,Clemson,2,7.0,7.0,0.0,attribution_only,dip_restore,False,False,True,False,False,True
6a6503309dbc8095,2016,400903226,Utah,2,7.0,7.0,0.0,attribution_only,dip_restore,False,False,True,False,False,True
cd43fd1992bc9613,2016,400928102,Air Force,2,7.0,7.0,0.0,attribution_only,dip_restore,False,False,True,False,False,True
bf2909a7a58bcb59,2017,400933828,Arkansas,2,7.0,7.0,0.0,attribution_only,dip_restore,False,False,True,False,False,True
985619cebd2d1b9b,2017,400933840,Georgia Tech,2,7.0,7.0,0.0,attribution_only,dip_restore,False,False,True,False,False,True
9cb45fe46bd18553,2017,400933858,Ole Miss,2,6.0,6.0,0.0,attribution_only,category_possession_reassignment,False,False,False,False,False,True
e96134ac7a36a3a7,2017,400933891,Mississippi State,2,7.0,7.0,0.0,attribution_only,dip_restore,False,False,True,False,False,True
f224de16078f61dc,2017,400933892,South Carolina,2,3.0,3.0,0.0,attribution_only,dip_restore,False,False,True,False,False,True
51a55cd77d748bf9,2017,400933894,Arkansas,1,0.0,7.0,7.0,points_recovery,dip_restore,False,False,True,False,False,False
d772e7df7c2d498a,2017,400933894,Auburn,1,0.0,7.0,7.0,points_recovery,dip_restore,False,False,True,False,False,False
26208a77339e6d21,2017,400933896,Mississippi State,2,7.0,7.0,0.0,attribution_only,dip_restore,False,False,True,False,False,True
1cf359dc4f2b0475,2017,400933897,Missouri,2,7.0,7.0,0.0,attribution_only,dip_restore,False,False,True,False,False,True
b78407a78264acb3,2017,400933897,Missouri,3,13.0,13.0,0.0,attribution_only,dip_restore,False,False,True,False,False,True
cb6a3b61fdd27bc7,2017,400933910,Tennessee,2,7.0,7.0,0.0,attribution_only,dip_restore,False,False,True,False,False,True
9baba419659e8040,2017,400933915,Ole Miss,2,8.0,8.0,0.0,attribution_only,dip_restore,False,False,True,False,False,True
481a68778bacf9df,2017,400933916,Alabama,2,7.0,7.0,0.0,attribution_only,dip_restore,False,False,True,False,False,True
5f0e790ab7c717d4,2017,400933920,Vanderbilt,2,7.0,7.0,0.0,attribution_only,dip_restore,False,False,True,False,False,True
da1691442afec468,2017,400933930,Mississippi State,2,8.0,8.0,0.0,attribution_only,dip_restore,False,False,True,False,False,True
8f3c8ab88404f44d,2017,400933930,Ole Miss,4,14.0,14.0,0.0,attribution_only,dip_restore,False,False,True,False,False,True
bccc0ae4187945dc,2017,400933936,LSU,2,8.0,8.0,0.0,attribution_only,category_possession_reassignment,False,False,False,False,False,True
f0a6218239a56889,2017,400933937,Clemson,4,13.0,13.0,0.0,attribution_only,dip_restore,False,False,True,False,False,True
0dc7ca6a25ed1892,2017,400933938,Tennessee,2,7.0,7.0,0.0,attribution_only,dip_restore,False,False,True,False,False,True
d276298aa24edd86,2017,400933938,Vanderbilt,2,7.0,7.0,0.0,attribution_only,dip_restore,False,False,True,False,False,True
1916ad6ee30acd97,2017,400934511,Texas,2,7.0,7.0,0.0,attribution_only,dip_restore,False,False,True,False,False,True
ebfc8df3674b6344,2017,400934524,Kansas State,3,7.0,7.0,0.0,attribution_only,dip_restore,False,False,True,False,False,True
ff31642cb45eb12f,2017,400934524,Texas,3,7.0,13.0,6.0,points_recovery,dip_restore,False,False,True,False,False,True
d9f6f77801958bc3,2017,400934527,Iowa State,2,7.0,7.0,0.0,attribution_only,dip_restore,False,False,True,False,False,True
b50484a2695df3b2,2017,400934534,Oklahoma,2,7.0,7.0,0.0,attribution_only,dip_restore,False,False,True,False,False,True
e25ef50f6d7def6c,2017,400934539,Oklahoma,2,7.0,7.0,0.0,attribution_only,dip_restore,False,False,True,False,False,True
eb0d8730685cca63,2017,400934539,Oklahoma,2,7.0,7.0,0.0,attribution_only,dip_restore,False,False,True,False,False,True
90c01c51a9004afc,2017,400934543,Kansas State,1,0.0,7.0,7.0,points_recovery,dip_restore,False,False,True,False,False,False
5436922ab6b9a66d,2017,400934548,Oklahoma State,2,8.0,8.0,0.0,attribution_only,dip_restore,False,False,True,False,False,True
9105932f8896d19b,2017,400934556,Baylor,2,7.0,7.0,0.0,attribution_only,dip_restore,False,False,True,False,False,True
d8e8b5b30d4a9fbe,2017,400934557,Texas Tech,2,7.0,7.0,0.0,attribution_only,dip_restore,False,False,True,False,False,True
bf5aee3f2d320b37,2017,400934558,Iowa State,2,7.0,7.0,0.0,attribution_only,dip_restore,False,False,True,False,False,True
1a8d95a989b31c43,2017,400934567,Army,2,7.0,7.0,0.0,attribution_only,dip_restore,False,False,True,False,False,True
9ee46598b713175a,2017,400934570,Army,2,7.0,7.0,0.0,attribution_only,dip_restore,False,False,True,False,False,True
324e624b306b49d3,2017,400934577,North Carolina,2,7.0,7.0,0.0,attribution_only,dip_restore,False,False,True,False,False,True
273f26f39809aeff,2017,400934577,Notre Dame,2,7.0,7.0,0.0,attribution_only,dip_restore,False,False,True,False,False,True
667fdc558ea9ad26,2017,400935235,Nebraska,2,7.0,7.0,0.0,attribution_only,dip_restore,False,False,True,False,False,True
cf8a7c95757896e4,2017,400935242,Maryland,2,7.0,7.0,0.0,attribution_only,dip_restore,False,False,True,False,False,True
4f843bbec579dbd2,2017,400935243,Cincinnati,2,7.0,7.0,0.0,attribution_only,dip_restore,False,False,True,False,False,True
8530efccc629f134,2017,400935260,Stanford,2,7.0,7.0,0.0,attribution_only,dip_restore,False,False,True,False,False,True
17b5ce6dd531e15a,2017,400935260,USC,2,7.0,7.0,0.0,attribution_only,dip_restore,False,False,True,False,False,True
760959f1d4b40d3a,2017,400935262,Colorado,2,7.0,7.0,0.0,attribution_only,dip_restore,False,False,True,False,False,True
cd7708c06ebeae87,2017,400935266,Washington,2,7.0,7.0,0.0,attribution_only,dip_restore,False,False,True,False,False,True
0cef03362bac9619,2017,400935266,Washington,2,7.0,7.0,0.0,attribution_only,dip_restore,False,False,True,False,False,True
1610aba7d6b3d300,2017,400935267,Boise State,2,7.0,7.0,0.0,attribution_only,dip_restore,False,False,True,False,False,True
feae25c06b7e60c2,2017,400935278,Oregon,2,7.0,7.0,0.0,attribution_only,dip_restore,False,False,True,False,False,True
312152a4962c513b,2017,400935278,Oregon,2,7.0,7.0,0.0,attribution_only,dip_restore,False,False,True,False,False,True
bfc90657718c7126,2017,400935280,UCLA,2,3.0,3.0,0.0,attribution_only,dip_restore,False,False,True,False,False,True
315df7d0d7c1f8d9,2017,400935290,USC,2,7.0,7.0,0.0,attribution_only,dip_restore,False,False,True,False,False,True
f0ba3676c65ea128,2017,400935299,Stanford,2,7.0,7.0,0.0,attribution_only,dip_restore,False,False,True,False,False,True
e1f81c783e5080d6,2017,400935300,Arizona,2,7.0,7.0,0.0,attribution_only,dip_restore,False,False,True,False,False,True
c6cf041decd86d2f,2017,400935300,California,3,7.0,13.0,6.0,points_recovery,dip_restore,False,False,True,False,False,True
386288a20dc0bf54,2017,400935304,Stanford,2,6.0,6.0,0.0,attribution_only,dip_restore,False,False,True,False,False,True
f20d44a7e6f89865,2017,400935306,USC,2,7.0,7.0,0.0,attribution_only,dip_restore,False,False,True,False,False,True
9694d2b597272d64,2017,400935308,California,2,7.0,7.0,0.0,attribution_only,dip_restore,False,False,True,False,False,True
7328618c6bcb49f4,2017,400935314,California,2,7.0,7.0,0.0,attribution_only,category_possession_reassignment,False,False,False,False,False,True
d31fccb8dc617e1b,2017,400935321,Oregon,2,7.0,7.0,0.0,attribution_only,dip_restore,False,False,True,False,False,True
610edaac9cc1f784,2017,400935328,Arizona State,2,7.0,7.0,0.0,attribution_only,dip_restore,False,False,True,False,False,True
6c840397852901be,2017,400935359,Indiana,2,7.0,7.0,0.0,attribution_only,dip_restore,False,False,True,False,False,True
4b623616e9dc6893,2017,400935365,Illinois,2,3.0,3.0,0.0,attribution_only,dip_restore,False,False,True,False,False,True
5e752ca33076a5f0,2017,400935369,Ohio State,2,7.0,7.0,0.0,attribution_only,dip_restore,False,False,True,False,False,True
5a982a7973f3b519,2017,400935376,Purdue,2,6.0,6.0,0.0,attribution_only,dip_restore,False,False,True,False,False,True
f651d47d7f987ae9,2017,400935386,Michigan,2,13.0,13.0,0.0,attribution_only,other,False,False,False,False,False,False
c36089138f51473b,2017,400935394,Ohio State,2,7.0,7.0,0.0,attribution_only,dip_restore,False,False,True,False,False,True
76bf68cadf7360c9,2017,400935402,Rutgers,2,7.0,7.0,0.0,attribution_only,dip_restore,False,False,True,False,False,True
cb9120fe082f47fc,2017,400935418,Northwestern,2,7.0,7.0,0.0,attribution_only,dip_restore,False,False,True,False,False,True
49988363a7a08650,2017,400937451,Syracuse,2,13.0,13.0,0.0,attribution_only,other,False,False,False,False,False,False
a8d636e6e13aab34,2017,400937464,North Carolina,2,3.0,3.0,0.0,attribution_only,dip_restore,False,False,True,False,False,True
208dc4233c3680f1,2017,400937475,Miami,2,7.0,7.0,0.0,attribution_only,dip_restore,False,False,True,False,False,True
ed4349ccdca50289,2017,400937475,Toledo,2,4.0,14.0,10.0,points_recovery,incomplete_stream,True,True,False,False,False,True
ca3dfcd7d4a42e81,2017,400937485,NC State,2,6.0,6.0,0.0,attribution_only,category_possession_reassignment,False,False,False,False,False,True
a7b194cfad1b173a,2017,400937493,Clemson,2,7.0,7.0,0.0,attribution_only,dip_restore,False,False,True,False,False,True
25e078627382341b,2017,400937493,Syracuse,2,7.0,7.0,0.0,attribution_only,dip_restore,False,False,True,False,False,True
dfa8ddd461c601d2,2017,400937503,Virginia Tech,2,7.0,7.0,0.0,attribution_only,dip_restore,False,False,True,False,False,True
3b7e5cfa2464211b,2017,400937517,Georgia Tech,2,7.0,7.0,0.0,attribution_only,dip_restore,False,False,True,False,False,True
7f3306be4668569d,2017,400937523,Florida State,2,7.0,7.0,0.0,attribution_only,dip_restore,False,False,True,False,False,True
8f7ca00ca1be5033,2017,400937533,NC State,2,8.0,8.0,0.0,attribution_only,dip_restore,False,False,True,False,False,True
08b95c6a3769fd32,2017,400938606,Charlotte,2,7.0,7.0,0.0,attribution_only,dip_restore,False,False,True,False,False,True
3da3e96fdbac384c,2017,400938606,North Carolina A&T,6,0.0,35.0,35.0,points_recovery,incomplete_stream,True,True,True,False,False,True
5a389a45697cf594,2017,400938608,Louisiana Tech,2,3.0,3.0,0.0,attribution_only,dip_restore,False,False,True,False,False,True
89f4bc1febc4cec1,2017,400938619,New Mexico State,4,20.0,20.0,0.0,attribution_only,dip_restore,False,False,True,False,False,True
8e02c81b8779e4c7,2017,400938622,Charlotte,2,6.0,6.0,0.0,attribution_only,dip_restore,False,False,True,False,False,True
b18cc63608d29ae9,2017,400938623,Florida Atlantic,4,10.0,10.0,0.0,attribution_only,dip_restore,False,False,True,False,False,True
34cb20168fc7202c,2017,400938630,Louisiana Tech,4,12.0,12.0,0.0,attribution_only,dip_restore,False,False,True,False,False,True
f7672df233a4317e,2017,400938636,UT San Antonio,2,3.0,3.0,0.0,attribution_only,dip_restore,False,False,True,False,False,True
140bfab1b82dd351,2017,400938639,North Texas,2,8.0,8.0,0.0,attribution_only,other,False,False,False,False,False,False
36f0381d2dff4de3,2017,400938648,UTEP,2,7.0,7.0,0.0,attribution_only,dip_restore,False,False,True,False,False,True
70feec1025130ae2,2017,400938652,UTEP,2,3.0,3.0,0.0,attribution_only,dip_restore,False,False,True,False,False,True
0bd32cd74500782c,2017,400938653,Rice,2,7.0,7.0,0.0,attribution_only,dip_restore,False,False,True,False,False,True
b1b2d5a41ad90813,2017,400938657,Marshall,2,7.0,7.0,0.0,attribution_only,dip_restore,False,False,True,False,False,True
f42eff6b28ae19ee,2017,400938662,Florida Atlantic,2,6.0,6.0,0.0,attribution_only,category_possession_reassignment,False,False,False,False,False,True
79bde13be8f75560,2017,400938663,UTEP,2,7.0,7.0,0.0,attribution_only,dip_restore,False,False,True,False,False,True
296cf6e294d2f0a0,2017,400938664,UT San Antonio,2,3.0,3.0,0.0,attribution_only,dip_restore,False,False,True,False,False,True
f783ec1fba42adf7,2017,400938665,Western Kentucky,1,1.0,7.0,6.0,points_recovery,restoration_gt8,False,True,False,False,False,False
7cf97703f7828918,2017,400938667,Charlotte,2,6.0,6.0,0.0,attribution_only,dip_restore,False,False,True,False,False,True
440208b0ce80c491,2017,400938893,Appalachian State,2,7.0,7.0,0.0,attribution_only,dip_restore,False,False,True,False,False,True
d817e22eddc4b681,2017,400938893,UMass,2,7.0,7.0,0.0,attribution_only,dip_restore,False,False,True,False,False,True
1c924f721d78f0a3,2017,400941788,Holy Cross,2,3.0,3.0,0.0,attribution_only,dip_restore,False,False,True,False,False,True
2f307c052aaf68f6,2017,400941799,Illinois,2,7.0,7.0,0.0,attribution_only,dip_restore,False,False,True,False,False,False
eb2c6a16a2df9445,2017,400941799,South Florida,2,6.0,6.0,0.0,attribution_only,dip_restore,False,False,True,False,True,True
78b03aaa67112424,2017,400941799,South Florida,2,7.0,7.0,0.0,attribution_only,dip_restore,False,False,True,False,False,True
b7b8348d3ee56d1b,2017,400941809,SMU,2,7.0,7.0,0.0,attribution_only,dip_restore,False,False,True,False,False,True
c5f8653da485b03b,2017,400941811,Temple,2,7.0,7.0,0.0,attribution_only,category_possession_reassignment,False,False,False,False,False,True
ea925bb6ef57945c,2017,400941821,Connecticut,2,7.0,7.0,0.0,attribution_only,dip_restore,False,False,True,False,False,True
3739aa86533a62ed,2017,400941826,Cincinnati,2,8.0,8.0,0.0,attribution_only,dip_restore,False,False,True,False,False,True
a47f2346f53a7990,2017,400941829,Tulane,2,7.0,7.0,0.0,attribution_only,dip_restore,False,False,True,False,False,True
c9eac18d9f7a2b90,2017,400941831,SMU,4,14.0,14.0,0.0,attribution_only,dip_restore,False,False,True,False,False,True
a1da80bd4e485992,2017,400941831,Tulsa,2,7.0,7.0,0.0,attribution_only,dip_restore,False,False,True,False,False,True
29a7d03f51eaaf12,2017,400941832,South Florida,2,7.0,7.0,0.0,attribution_only,dip_restore,False,False,True,False,False,True
55dbcb29b9776d49,2017,400941834,Temple,2,7.0,7.0,0.0,attribution_only,dip_restore,False,False,True,False,False,True
2efa69ebe7294856,2017,400941835,Tulsa,2,7.0,7.0,0.0,attribution_only,dip_restore,False,False,True,False,False,True
9ff69120d02a6727,2017,400941836,SMU,2,7.0,7.0,0.0,attribution_only,dip_restore,False,False,True,False,False,True
4b15e4215db5d906,2017,400941839,Houston,2,7.0,7.0,0.0,attribution_only,dip_restore,False,False,True,False,False,True
cc8254ab130fb14f,2017,400941839,South Florida,2,10.0,10.0,0.0,attribution_only,other,False,False,False,False,False,False
0376ed8bf0ed2f11,2017,400941843,Tulane,1,0.0,7.0,7.0,points_recovery,dip_restore,False,False,True,False,False,False
448f05d1a8f1b9cd,2017,400941849,UCF,2,7.0,7.0,0.0,attribution_only,dip_restore,False,False,True,False,False,True
dab1bc1731915c18,2017,400941851,Connecticut,2,3.0,3.0,0.0,attribution_only,dip_restore,False,False,True,False,False,True
941332d430f78b84,2017,400941851,Connecticut,1,0.0,6.0,6.0,points_recovery,dip_restore,False,False,True,False,False,False
4e0eae22fa51bbd4,2017,400941853,Temple,4,12.0,12.0,0.0,attribution_only,dip_restore,False,False,True,False,False,True
6c78549208b390a4,2017,400941853,Tulsa,2,2.0,2.0,0.0,attribution_only,dip_restore,False,False,True,False,False,True
85c20b7e9349d2c8,2017,400944831,Appalachian State,2,7.0,7.0,0.0,attribution_only,dip_restore,False,False,True,False,False,True
48691e654f537856,2017,400944839,Idaho,2,7.0,7.0,0.0,attribution_only,dip_restore,False,False,True,False,False,True
0e213d8c39899e37,2017,400944841,Idaho,2,7.0,7.0,0.0,attribution_only,dip_restore,False,False,True,False,False,True
cdc78b0fe3674847,2017,400944842,Louisiana,2,7.0,7.0,0.0,attribution_only,dip_restore,False,False,True,False,False,True
914088d1236089a6,2017,400944842,Louisiana Monroe,2,7.0,7.0,0.0,attribution_only,dip_restore,False,False,True,False,False,True
a2d578ad3f7891f0,2017,400944850,Appalachian State,2,7.0,7.0,0.0,attribution_only,dip_restore,False,False,True,False,False,True
9e1b22a75671064c,2017,400944852,Texas State,2,7.0,7.0,0.0,attribution_only,dip_restore,False,False,True,False,False,True
03ec01d1e9a845b8,2017,400944853,Appalachian State,2,6.0,6.0,0.0,attribution_only,dip_restore,False,False,True,False,False,False
62f28ec8e6523aeb,2017,400944854,Arkansas State,2,7.0,7.0,0.0,attribution_only,dip_restore,False,False,True,False,False,True
22465a0badc4f814,2017,400944859,Louisiana Monroe,2,7.0,7.0,0.0,attribution_only,dip_restore,False,False,True,False,False,True
7f8c87e94cea0361,2017,400944859,South Alabama,2,6.0,6.0,0.0,attribution_only,dip_restore,False,False,True,False,False,True
889d74c6d4c08628,2017,400944868,Georgia Southern,2,3.0,3.0,0.0,attribution_only,dip_restore,False,False,True,False,False,True
9c44c7a6592231ea,2017,400944880,Louisiana Monroe,2,7.0,7.0,0.0,attribution_only,dip_restore,False,False,True,False,False,True
f0741908ddc5e414,2017,400944884,Appalachian State,2,7.0,7.0,0.0,attribution_only,dip_restore,False,False,True,False,False,True
4ca1504020bdfda6,2017,400944885,Troy,2,8.0,8.0,0.0,attribution_only,dip_restore,False,False,True,False,False,True
dfb880d8b994504e,2017,400944888,New Mexico State,2,6.0,6.0,0.0,attribution_only,dip_restore,False,False,True,False,False,True
9367d2859f3b9b02,2017,400944888,South Alabama,4,14.0,14.0,0.0,attribution_only,dip_restore,False,False,True,False,False,True
1bd9894f21571bad,2017,400944890,Central Michigan,2,6.0,6.0,0.0,attribution_only,dip_restore,False,False,True,False,False,True
d37e2c5a676968dc,2017,400944890,Rhode Island,2,3.0,3.0,0.0,attribution_only,dip_restore,False,False,True,False,False,True
387e5a425d83ce43,2017,400944898,Toledo,2,7.0,7.0,0.0,attribution_only,dip_restore,False,False,True,False,False,True
aaa8750a84a27552,2017,400944903,Western Michigan,2,7.0,7.0,0.0,attribution_only,dip_restore,False,False,True,False,False,True
7b511232238054b0,2017,400944986,Kent State,2,7.0,7.0,0.0,attribution_only,dip_restore,False,False,True,False,False,True
4fc46a83132c08a6,2017,400944987,Northern Illinois,2,7.0,7.0,0.0,attribution_only,dip_restore,False,False,True,False,False,True
c98b1d6b111ab016,2017,400944987,San Diego State,2,7.0,7.0,0.0,attribution_only,dip_restore,False,False,True,False,False,True
d66f9b7d5c1d4aa6,2017,400944990,Central Michigan,2,6.0,6.0,0.0,attribution_only,dip_restore,False,False,True,False,False,True
203ce87242a6c019,2017,400944993,Buffalo,2,6.0,6.0,0.0,attribution_only,dip_restore,False,False,True,False,False,True
648cc7ab3f1341ed,2017,400945004,Eastern Michigan,2,7.0,7.0,0.0,attribution_only,dip_restore,False,False,True,False,False,True
812ab92c1f51c5b9,2017,400945004,Western Michigan,1,0.0,3.0,3.0,points_recovery,dip_restore,False,False,True,False,False,False
64c5daf431bed102,2017,400945005,Eastern Michigan,5,17.0,17.0,0.0,attribution_only,dip_restore,False,False,True,False,False,True
439b20b135e27324,2017,400945005,Eastern Michigan,3,0.0,0.0,0.0,attribution_only,final_cap,False,False,False,True,False,True
8d457d926c07a823,2017,400945005,Northern Illinois,6,17.0,17.0,0.0,attribution_only,dip_restore,False,False,True,False,False,True
c8d9b59cdba0faea,2017,400945009,Ohio,2,7.0,7.0,0.0,attribution_only,dip_restore,False,False,True,False,False,True
14915f620b8b9519,2017,400945031,BYU,2,3.0,3.0,0.0,attribution_only,dip_restore,False,False,True,False,False,True
b0514012568a074a,2017,400945249,Western Carolina,3,6.0,6.0,0.0,attribution_only,final_cap,False,False,False,True,False,True
b7543fcd92eae5a7,2017,400945252,Howard,2,7.0,7.0,0.0,attribution_only,dip_restore,False,False,True,False,False,True
ef3c8958c1261d4d,2017,400945252,Howard,2,7.0,7.0,0.0,attribution_only,dip_restore,False,False,True,False,False,True
d54c1cfeefe1b127,2017,400945261,Wyoming,2,7.0,7.0,0.0,attribution_only,dip_restore,False,False,True,False,False,True
5c11dcf2fe4e95fc,2017,400945261,Wyoming,1,0.0,7.0,7.0,points_recovery,dip_restore,False,False,True,False,False,False
15a52f91c7ba904d,2017,400945269,San Jose State,2,3.0,3.0,0.0,attribution_only,dip_restore,False,False,True,False,False,True
88bdef5e13489c5d,2017,400945274,Nevada,4,14.0,14.0,0.0,attribution_only,dip_restore,False,False,True,False,False,True
42baa149a9528c09,2017,400945276,Wyoming,2,6.0,6.0,0.0,attribution_only,dip_restore,False,False,True,False,False,True
c6595a6fa53cd997,2017,400945277,San Jose State,4,13.0,13.0,0.0,attribution_only,dip_restore,False,False,True,False,True,True
5ac1360b44f5b75a,2017,400945283,Air Force,2,7.0,7.0,0.0,attribution_only,dip_restore,False,False,True,False,False,True
fa6405f41bc355a2,2017,400945284,Boise State,2,3.0,3.0,0.0,attribution_only,dip_restore,False,False,True,False,False,True
bdf53fd015d48b62,2017,400945286,UNLV,2,3.0,3.0,0.0,attribution_only,dip_restore,False,False,True,False,False,True
f086ee27df660ce3,2017,400945297,Hawai_i,2,6.0,6.0,0.0,attribution_only,dip_restore,False,False,True,False,False,True
47ff902c7b9dd65d,2017,400945298,San Jose State,29,7.0,7.0,0.0,attribution_only,dip_restore,False,False,True,True,False,True
bb6792de06be4cb1,2017,400945302,New Mexico,2,7.0,7.0,0.0,attribution_only,dip_restore,False,False,True,False,False,True
501c597177aef7c6,2017,400945305,Nevada,2,7.0,7.0,0.0,attribution_only,dip_restore,False,False,True,False,False,True
5999d1b624d9b075,2017,400945307,Fresno State,2,7.0,7.0,0.0,attribution_only,dip_restore,False,False,True,False,False,True
373a2ba6c8a827a1,2017,400953325,Arkansas State,4,13.0,13.0,0.0,attribution_only,dip_restore,False,False,True,False,False,True
6966d1441f2381bc,2017,400953325,Middle Tennessee,2,7.0,7.0,0.0,attribution_only,dip_restore,False,False,True,False,False,True
02d41680c9952116,2017,400953391,San Diego State,4,14.0,14.0,0.0,attribution_only,dip_restore,False,False,True,False,False,True
53a1e156813e0752,2017,400953396,Kansas State,2,7.0,7.0,0.0,attribution_only,dip_restore,False,False,True,False,False,True
84b95433fe1893a0,2017,400953398,Iowa,2,7.0,7.0,0.0,attribution_only,dip_restore,False,False,True,False,False,True
38764cb18fe94c38,2017,400953399,Missouri,2,7.0,7.0,0.0,attribution_only,dip_restore,False,False,True,False,False,True
34dfd0150a10037d,2017,400953399,Texas,2,7.0,7.0,0.0,attribution_only,dip_restore,False,False,True,False,False,True
d2bb2fcf0c25bdad,2017,400953415,Georgia,2,7.0,7.0,0.0,attribution_only,dip_restore,False,False,True,False,False,True
6eac49b13ce14393,2017,400959397,Washington State,2,7.0,7.0,0.0,attribution_only,dip_restore,False,False,True,False,False,True
1c6a4ae2fa327541,2017,400959398,Purdue,2,7.0,7.0,0.0,attribution_only,dip_restore,False,False,True,False,False,True
d0a935050fc20d75,2017,400981507,Miami,2,7.0,7.0,0.0,attribution_only,dip_restore,False,False,True,False,False,True
f981a2f4f2c0c3df,2017,400985387,Florida International,2,7.0,7.0,0.0,attribution_only,dip_restore,False,False,True,False,False,True
136cd278bb75b51e,2017,400985387,Florida International,2,7.0,7.0,0.0,attribution_only,dip_restore,False,False,True,False,False,True
1339c4fcd5d38f3a,2017,400985387,UMass,2,7.0,7.0,0.0,attribution_only,dip_restore,False,False,True,False,False,True
1542c2e5c81d373f,2017,400986609,Austin Peay,2,7.0,7.0,0.0,attribution_only,dip_restore,False,False,True,False,False,True
aa0f40c0774113a0,2018,401012246,Alabama,2,7.0,7.0,0.0,attribution_only,dip_restore,False,False,True,False,False,True
a8539b23513ba32d,2018,401012259,Vanderbilt,2,7.0,7.0,0.0,attribution_only,dip_restore,False,False,True,False,False,True
5caae347796473bc,2018,401012285,Auburn,2,7.0,7.0,0.0,attribution_only,dip_restore,False,False,True,False,False,True
231c9591978192a1,2018,401012302,Georgia,2,7.0,7.0,0.0,attribution_only,dip_restore,False,False,True,False,False,True
be85d3fb27a048a4,2018,401012318,Alabama,2,2.0,2.0,0.0,attribution_only,dip_restore,False,False,True,False,False,True
54c5d8622a26f8fd,2018,401012320,Florida,2,3.0,3.0,0.0,attribution_only,dip_restore,False,False,True,False,False,True
d77f7682e4d12e36,2018,401012324,Auburn,2,7.0,7.0,0.0,attribution_only,dip_restore,False,False,True,False,False,True
623c13ab84ccd51d,2018,401012327,Alabama,2,7.0,7.0,0.0,attribution_only,dip_restore,False,False,True,False,False,True
d926e50e8bbc3ac8,2018,401012334,Georgia,2,7.0,7.0,0.0,attribution_only,dip_restore,False,False,True,False,False,True
a2f92b319315e993,2018,401012338,The Citadel,2,7.0,7.0,0.0,attribution_only,dip_restore,False,False,True,False,False,True
04aac7eb6b96f7c6,2018,401012348,Vanderbilt,1,0.0,7.0,7.0,points_recovery,dip_restore,False,False,True,False,False,False
7d1659ca3268eae0,2018,401012356,Texas A&M,1,0.0,8.0,8.0,points_recovery,dip_restore,False,False,True,False,False,False
04d36826217b4732,2018,401012683,Wyoming,2,2.0,2.0,0.0,attribution_only,dip_restore,False,False,True,False,False,True
4e1ccf4a151eb811,2018,401012743,San Jose State,2,9.0,9.0,0.0,attribution_only,other,False,False,False,False,False,False
de3058cfe182199c,2018,401012744,Oregon State,2,7.0,7.0,0.0,attribution_only,dip_restore,False,False,True,False,False,True
c117f9d9831278a2,2018,401012749,Stanford,3,0.0,0.0,0.0,attribution_only,final_cap,False,False,False,True,False,True
d2cfde0cf103ada1,2018,401012759,California,2,3.0,3.0,0.0,attribution_only,dip_restore,False,False,True,False,False,True
b7242204e12e0f5e,2018,401012775,Arizona,2,7.0,7.0,0.0,attribution_only,dip_restore,False,False,True,False,False,True
f9407a559c2d7fcc,2018,401012797,Oregon,7,0.0,41.0,41.0,points_recovery,incomplete_stream,True,True,False,False,False,True
de78858068f439c2,2018,401012797,Oregon State,4,0.0,15.0,15.0,points_recovery,incomplete_stream,True,False,False,False,False,True
5b849f68c88c3ebb,2018,401012806,Illinois,2,3.0,3.0,0.0,attribution_only,dip_restore,False,False,True,False,False,True
8644ab9aa367751a,2018,401012806,South Florida,2,3.0,3.0,0.0,attribution_only,dip_restore,False,False,True,False,False,True
4fb41b909deb3a53,2018,401012851,Indiana,2,7.0,7.0,0.0,attribution_only,dip_restore,False,False,True,False,False,True
3d3afd87f99e0579,2018,401012862,Iowa,2,7.0,7.0,0.0,attribution_only,category_possession_reassignment,False,False,False,False,False,True
544ac5f50dec6a08,2018,401012874,Maryland,2,7.0,7.0,0.0,attribution_only,dip_restore,False,False,True,False,False,True
9c0d3e0f29789257,2018,401012880,Michigan State,2,8.0,8.0,0.0,attribution_only,dip_restore,False,False,True,False,False,True
d934b11f399a1efa,2018,401012890,SMU,2,13.0,13.0,0.0,attribution_only,other,False,False,False,False,False,False
6e4465a75518823a,2018,401013049,Kansas,2,7.0,7.0,0.0,attribution_only,dip_restore,False,False,True,False,False,True
c1404c7a71fa5799,2018,401013068,Oklahoma,2,7.0,7.0,0.0,attribution_only,dip_restore,False,False,True,False,False,True
e3455596ef24880a,2018,401013078,TCU,2,7.0,7.0,0.0,attribution_only,dip_restore,False,False,True,False,False,True
ec6a593524f4c26e,2018,401013097,Holy Cross,2,7.0,7.0,0.0,attribution_only,dip_restore,False,False,True,False,False,True
25cc4770d0a01f86,2018,401013101,Louisville,2,7.0,7.0,0.0,attribution_only,dip_restore,False,False,True,False,False,True
6fff79b9bd47bc7b,2018,401013151,Florida State,2,3.0,3.0,0.0,attribution_only,dip_restore,False,False,True,False,False,True
017105784b7ee783,2018,401013166,Syracuse,2,7.0,7.0,0.0,attribution_only,dip_restore,False,False,True,False,False,True
ff8607d5724170fe,2018,401013168,Syracuse,2,7.0,7.0,0.0,attribution_only,dip_restore,False,False,True,False,False,True
bbdc7c9305169e13,2018,401013175,Florida State,2,7.0,7.0,0.0,attribution_only,dip_restore,False,False,True,False,False,True
47ff712ca0b0ca29,2018,401013177,Georgia Tech,1,0.0,3.0,3.0,points_recovery,dip_restore,False,False,True,False,False,False
a7552d4f11d2fc6c,2018,401013185,Wake Forest,2,7.0,7.0,0.0,attribution_only,dip_restore,False,False,True,False,False,True
9118001883fe13cd,2018,401013188,West Virginia,2,7.0,7.0,0.0,attribution_only,dip_restore,False,False,True,False,False,True
89a051b02d678fe4,2018,401013328,New Mexico State,2,3.0,3.0,0.0,attribution_only,dip_restore,False,False,True,False,False,True
41d75c35a4aa25d9,2018,401013346,Ohio State,2,7.0,7.0,0.0,attribution_only,dip_restore,False,False,True,False,False,True
d7b7fb0dba8b6570,2018,401013348,Purdue,2,7.0,7.0,0.0,attribution_only,dip_restore,False,False,True,False,False,True
81fe68a65ee5284e,2018,401013350,Kent State,2,3.0,3.0,0.0,attribution_only,dip_restore,False,False,True,False,False,True
801c069793fe3bf6,2018,401013362,UMass,2,7.0,7.0,0.0,attribution_only,dip_restore,False,False,True,False,False,True
95d843c3c37708af,2018,401013365,Liberty,7,0.0,42.0,42.0,points_recovery,incomplete_stream,True,True,False,False,False,True
6ed796d15486609d,2018,401013365,UMass,6,0.0,24.0,24.0,points_recovery,incomplete_stream,True,True,False,False,False,True
b5fb513a7a69c84a,2018,401013372,Eastern Michigan,2,8.0,8.0,0.0,attribution_only,category_possession_reassignment,False,False,False,False,False,True
734b1db1aecfd2e8,2018,401013438,Utah State,2,3.0,3.0,0.0,attribution_only,dip_restore,False,False,True,False,False,True
33a5e65b25021188,2018,401014973,Fordham,2,3.0,3.0,0.0,attribution_only,dip_restore,False,False,True,False,False,True
7be8f04ad54afa8a,2018,401014981,Appalachian State,2,7.0,7.0,0.0,attribution_only,dip_restore,False,False,True,False,False,True
3c479437549947ff,2018,401014990,Coastal Carolina,2,13.0,13.0,0.0,attribution_only,other,False,False,False,False,False,False
75d2c19f19aefcfa,2018,401014998,Rice,4,0.0,22.0,22.0,points_recovery,incomplete_stream,True,False,False,False,False,True
de5bcebb85b39a9a,2018,401014998,Southern Mississippi,8,0.0,40.0,40.0,points_recovery,incomplete_stream,True,False,False,False,False,True
72273588ff80a9b2,2018,401015008,Old Dominion,2,7.0,7.0,0.0,attribution_only,dip_restore,False,False,True,False,False,True
fe5b6cd8b8557734,2018,401015020,Florida International,2,9.0,9.0,0.0,attribution_only,other,False,False,False,False,False,False
23e1fccfd0af75c0,2018,401015034,Middle Tennessee,2,3.0,3.0,0.0,attribution_only,dip_restore,False,False,True,False,False,True
ea9176936eaac5b8,2018,401015038,Florida International,2,7.0,7.0,0.0,attribution_only,dip_restore,False,False,True,False,False,True
636103aec307f0d3,2018,401015042,Old Dominion,2,7.0,7.0,0.0,attribution_only,dip_restore,False,False,True,False,False,True
fb685b1a3206689e,2018,401015043,UAB,2,3.0,3.0,0.0,attribution_only,dip_restore,False,False,True,False,False,True
cfbda6c729dd5bc4,2018,401015054,UT San Antonio,2,7.0,7.0,0.0,attribution_only,dip_restore,False,False,True,False,False,True
7b2abe985ebe22bb,2018,401015056,Southern Mississippi,2,6.0,6.0,0.0,attribution_only,dip_restore,False,False,True,False,False,True
c8673cd84e3da09b,2018,401016406,McNeese,2,3.0,3.0,0.0,attribution_only,dip_restore,False,False,True,False,False,True
80b45c0406a0e3fe,2018,401019472,Elon,2,7.0,7.0,0.0,attribution_only,dip_restore,False,False,True,False,False,True
b5d161d948365524,2018,401019472,South Florida,2,7.0,7.0,0.0,attribution_only,dip_restore,False,False,True,False,False,True
b55d870119498c74,2018,401019476,Tulsa,2,7.0,7.0,0.0,attribution_only,dip_restore,False,False,True,False,False,True
dd7dd5c82630f697,2018,401019482,Cincinnati,2,7.0,7.0,0.0,attribution_only,dip_restore,False,False,True,False,False,True
08bfabc357d5380f,2018,401019492,South Florida,2,6.0,6.0,0.0,attribution_only,dip_restore,False,False,True,False,False,True
7575106fcc6c3ed6,2018,401019511,Connecticut,2,7.0,7.0,0.0,attribution_only,dip_restore,False,False,True,False,False,True
920a8fedbb3c3d51,2018,401019511,Connecticut,7,16.0,16.0,0.0,attribution_only,dip_restore,False,False,True,False,False,True
5050e810e5051a80,2018,401019511,South Florida,7,0.0,38.0,38.0,points_recovery,incomplete_stream,True,True,False,False,False,True
145106e5412d36ca,2018,401019512,Navy,4,12.0,12.0,0.0,attribution_only,dip_restore,False,False,True,False,False,True
02e2e5a7b414396f,2018,401019513,SMU,2,6.0,6.0,0.0,attribution_only,dip_restore,False,False,True,False,False,True
bb6ccbcd792f7bff,2018,401019514,Cincinnati,2,0.0,9.0,9.0,points_recovery,incomplete_stream,True,True,True,False,False,True
46bda1490b3dcebc,2018,401019518,Cincinnati,2,7.0,7.0,0.0,attribution_only,dip_restore,False,False,True,False,False,True
8ae0a7df53e9a18f,2018,401019530,SMU,2,2.0,2.0,0.0,attribution_only,dip_restore,False,False,True,False,False,True
f1725e76faa102f9,2018,401020677,Kent State,2,7.0,7.0,0.0,attribution_only,category_possession_reassignment,False,False,False,False,False,True
c227d22f20c4a47b,2018,401020680,Western Michigan,2,7.0,7.0,0.0,attribution_only,dip_restore,False,False,True,False,False,True
f76c60d6c6fc9520,2018,401020684,Maine,19,0.0,0.0,0.0,attribution_only,final_cap,False,False,False,True,False,True
8e63d86367e448e5,2018,401020686,Georgia State,2,6.0,6.0,0.0,attribution_only,dip_restore,False,False,True,False,False,True
cf2a440b910d60c3,2018,401020688,Northern Illinois,2,3.0,3.0,0.0,attribution_only,dip_restore,False,False,True,False,False,True
a050c56af5a286d8,2018,401020759,Toledo,1,0.0,6.0,6.0,points_recovery,dip_restore,False,False,True,False,False,False
482e5ce39b5d3a3b,2018,401020760,Bowling Green,4,7.0,7.0,0.0,attribution_only,dip_restore,False,False,True,False,False,True
89a0581d3831ac5f,2018,401020765,Central Michigan,2,3.0,3.0,0.0,attribution_only,dip_restore,False,False,True,False,False,True
ee7c8a529665feca,2018,401020768,Central Michigan,2,3.0,3.0,0.0,attribution_only,dip_restore,False,False,True,False,False,True
e738fb24b4ac1ca2,2018,401020783,Toledo,2,7.0,7.0,0.0,attribution_only,dip_restore,False,False,True,False,False,True
d63260e9f1873c06,2018,401021655,Louisiana Monroe,4,11.0,11.0,0.0,attribution_only,dip_restore,False,False,True,False,False,True
b4bc77fb226c7d6b,2018,401021660,South Alabama,2,7.0,7.0,0.0,attribution_only,dip_restore,False,False,True,False,False,True
9c607e954dc28f8f,2018,401021683,Appalachian State,2,7.0,7.0,0.0,attribution_only,dip_restore,False,False,True,False,False,False
656c0278d6dfe0df,2018,401021683,Coastal Carolina,2,7.0,7.0,0.0,attribution_only,category_possession_reassignment,False,False,False,False,False,True
d6d0665e79393345,2018,401021693,Louisiana Monroe,2,7.0,7.0,0.0,attribution_only,dip_restore,False,False,True,False,False,True
a154d51aa771c681,2018,401022510,Colorado State,2,7.0,7.0,0.0,attribution_only,dip_restore,False,False,True,False,False,True
7543f0ca70c2785c,2018,401022510,Hawai_i,2,6.0,6.0,0.0,attribution_only,dip_restore,False,False,True,False,False,True
3310e98bebc8e2d7,2018,401022517,Nevada,2,7.0,7.0,0.0,attribution_only,dip_restore,False,False,True,False,False,True
b43905ccab5f84eb,2018,401022521,Prairie View A&M,2,7.0,7.0,0.0,attribution_only,dip_restore,False,False,True,False,False,False
4f860506ab744c97,2018,401022534,Boise State,2,7.0,7.0,0.0,attribution_only,dip_restore,False,False,True,False,False,True
3b821a248d7fca1d,2018,401022535,New Mexico,2,8.0,8.0,0.0,attribution_only,dip_restore,False,False,True,False,False,False
368c91a751f985b4,2018,401022538,Boise State,2,7.0,7.0,0.0,attribution_only,dip_restore,False,False,True,False,False,True
1f4ea136a051a9c2,2018,401022539,UNLV,2,7.0,7.0,0.0,attribution_only,dip_restore,False,False,True,False,False,True
2111a63ec4822c20,2018,401022542,Hawai_i,2,7.0,7.0,0.0,attribution_only,dip_restore,False,False,True,False,False,True
3e6fe7f9754c52cf,2018,401022545,Utah State,2,3.0,3.0,0.0,attribution_only,dip_restore,False,False,True,False,False,True
858d036687be3d21,2018,401022555,Nevada,2,8.0,8.0,0.0,attribution_only,dip_restore,False,False,True,False,False,True
57255335d6429376,2018,401022570,San Jose State,2,6.0,6.0,0.0,attribution_only,dip_restore,False,False,True,False,False,True
7084f5502d7e8720,2018,401032061,Toledo,2,7.0,7.0,0.0,attribution_only,dip_restore,False,False,True,False,False,True
e9c69b852c4c12c6,2018,401032068,Minnesota,2,3.0,3.0,0.0,attribution_only,dip_restore,False,False,True,False,False,True
73e9a181f7726788,2018,401032070,Duke,2,7.0,7.0,0.0,attribution_only,dip_restore,False,False,True,False,False,True
4126a71baf665c6d,2018,401032076,Florida,2,6.0,6.0,0.0,attribution_only,dip_restore,False,False,True,False,False,True
f43677510f6f8140,2018,401032078,Oklahoma,2,7.0,7.0,0.0,attribution_only,dip_restore,False,False,True,False,False,True
8d223d25330e7e53,2018,401032081,Missouri,2,3.0,3.0,0.0,attribution_only,dip_restore,False,False,True,False,False,True
fcc5861edba66f92,2018,401035252,Arkansas State,3,3.0,3.0,0.0,attribution_only,dip_restore,False,False,True,False,False,True
9088b83dd87897b3,2018,401079833,East Carolina,2,7.0,7.0,0.0,attribution_only,dip_restore,False,False,True,False,False,True
26e88dd266db3850,2019,401110802,Mississippi State,2,7.0,7.0,0.0,attribution_only,dip_restore,False,False,True,False,False,True
cb227b9cbf681fd5,2019,401110822,Texas A&M,2,8.0,8.0,0.0,attribution_only,dip_restore,False,False,True,False,False,True
5e16f07ec93c8d9b,2019,401110827,Ole Miss,1,0.0,3.0,3.0,points_recovery,dip_restore,False,False,True,False,False,False
842e3ca8fa6f529b,2019,401112078,Baylor,1,0.0,6.0,6.0,points_recovery,dip_restore,False,False,True,False,False,False
d51e13419f2641f4,2019,401112078,Texas Tech,2,0.0,10.0,10.0,points_recovery,dip_restore,False,False,True,False,False,False
3ddf1892704a424c,2019,401112108,Oklahoma State,2,3.0,3.0,0.0,attribution_only,dip_restore,False,False,True,False,False,False
800ce07e4db0e7c0,2019,401112110,Kansas State,2,7.0,7.0,0.0,attribution_only,dip_restore,False,False,True,False,False,True
5bb3bf8c4bfbffb1,2019,401112116,UCLA,2,7.0,7.0,0.0,attribution_only,dip_restore,False,False,True,False,False,True
75a4f1285d718ff7,2019,401112117,Texas Tech,2,3.0,3.0,0.0,attribution_only,dip_restore,False,False,True,False,False,True
8cde900d16e5f074,2019,401112130,TCU,2,3.0,3.0,0.0,attribution_only,dip_restore,False,False,True,False,False,True
752aba1ef39ca96b,2019,401112154,Michigan State,4,14.0,14.0,0.0,attribution_only,dip_restore,False,False,True,False,False,True
f7faf2cd4178efbb,2019,401112161,Michigan State,2,3.0,3.0,0.0,attribution_only,dip_restore,False,False,True,False,False,True
d714cf5fd9ea785b,2019,401112201,Maryland,2,9.0,9.0,0.0,attribution_only,other,False,False,False,False,False,False
89ec6c941a1d578f,2019,401112212,Tulsa,2,7.0,7.0,0.0,attribution_only,dip_restore,False,False,True,False,False,True
c443817b81403ba7,2019,401112231,Georgia Southern,2,6.0,6.0,0.0,attribution_only,dip_restore,False,False,True,False,False,True
6c069f3027c423cd,2019,401112239,Colorado,2,3.0,3.0,0.0,attribution_only,dip_restore,False,False,True,False,False,True
55ffe7ed2684c0c1,2019,401112245,Northwestern,2,7.0,7.0,0.0,attribution_only,dip_restore,False,False,True,False,False,True
a8628b4801ddd024,2019,401112251,Ohio State,2,3.0,3.0,0.0,attribution_only,dip_restore,False,False,True,False,False,True
4f22022c5c559845,2019,401112258,Penn State,2,7.0,7.0,0.0,attribution_only,dip_restore,False,False,True,False,False,True
417b1099408c81a3,2019,401112262,Nevada,2,3.0,3.0,0.0,attribution_only,dip_restore,False,False,True,False,False,True
4087ab7fa3df648d,2019,401112262,Nevada,2,7.0,7.0,0.0,attribution_only,dip_restore,False,False,True,False,False,True
f773cc0ca1f4e85e,2019,401112265,Boston College,2,3.0,3.0,0.0,attribution_only,dip_restore,False,False,True,False,False,True
cdfeae3aa55e07e5,2019,401112266,Liberty,2,3.0,3.0,0.0,attribution_only,dip_restore,False,False,True,False,False,True
1cfa60b2cc7ece23,2019,401112452,Georgia Tech,2,3.0,3.0,0.0,attribution_only,dip_restore,False,False,True,False,False,True
f35bf575e1f8c733,2019,401112455,Furman,2,3.0,3.0,0.0,attribution_only,dip_restore,False,False,True,False,False,True
cf924eeb7a8d7c4a,2019,401112472,Notre Dame,2,7.0,7.0,0.0,attribution_only,dip_restore,False,False,True,False,False,True
8d1cdbe5e826a4f9,2019,401112479,Clemson,2,7.0,7.0,0.0,attribution_only,dip_restore,False,False,True,False,False,True
97f554ec19d03943,2019,401112488,Georgia Tech,1,0.0,7.0,7.0,points_recovery,dip_restore,False,False,True,False,False,False
fc69670835264a4a,2019,401112488,Miami,2,7.0,7.0,0.0,attribution_only,dip_restore,False,False,True,False,False,True
c90709f97212594f,2019,401112489,Virginia Tech,2,0.0,10.0,10.0,points_recovery,restoration_gt8,False,True,True,False,False,False
6e87bde218b8604c,2019,401112489,Virginia Tech,2,3.0,2.0,-1.0,points_reduction,incomplete_stream,True,True,False,False,False,True
25c8b9b4d9906bea,2019,401112504,Virginia,2,6.0,6.0,0.0,attribution_only,dip_restore,False,False,True,False,False,True
20941a36aa3737bf,2019,401114155,Arizona State,2,7.0,7.0,0.0,attribution_only,dip_restore,False,False,True,False,False,True
db4219d8a97fe707,2019,401114159,Arizona State,2,8.0,8.0,0.0,attribution_only,dip_restore,False,False,True,False,False,True
66f68c1304519ce7,2019,401114160,Arizona State,2,7.0,7.0,0.0,attribution_only,dip_restore,False,False,True,False,False,True
6f615ae752de6783,2019,401114165,Arizona,2,2.0,2.0,0.0,attribution_only,dip_restore,False,False,True,False,False,True
42110e8908352772,2019,401114168,Arizona,2,7.0,7.0,0.0,attribution_only,dip_restore,False,False,True,False,False,True
cbd69d2368a52b1d,2019,401114184,Colorado State,2,7.0,7.0,0.0,attribution_only,dip_restore,False,False,True,False,False,True
fe1064b1ee9c7ab7,2019,401114196,Oregon,2,7.0,7.0,0.0,attribution_only,dip_restore,False,False,True,False,False,True
ec1b391ef1e800e1,2019,401114216,Utah,2,7.0,7.0,0.0,attribution_only,dip_restore,False,False,True,False,False,True
cdbe7f29fd69f842,2019,401114219,USC,2,3.0,3.0,0.0,attribution_only,dip_restore,False,False,True,False,False,True
0a5c8891efbb2b88,2019,401114241,North Texas,2,10.0,10.0,0.0,attribution_only,other,False,False,False,False,False,False
b446e403fd4d562b,2019,401114247,Appalachian State,2,7.0,7.0,0.0,attribution_only,dip_restore,False,False,True,False,False,True
14d86314e24d54e0,2019,401114247,Charlotte,2,6.0,6.0,0.0,attribution_only,dip_restore,False,False,True,False,False,True
1d0fd6b524e98dc2,2019,401114247,Charlotte,2,7.0,7.0,0.0,attribution_only,dip_restore,False,False,True,False,False,True
72fdc981d474dafb,2019,401114268,Rice,2,3.0,3.0,0.0,attribution_only,dip_restore,False,False,True,False,False,True
0b2d03c063a8c288,2019,401114274,Florida International,2,7.0,7.0,0.0,attribution_only,dip_restore,False,False,True,False,False,True
f22e2a55beb55695,2019,401114292,UT San Antonio,3,9.0,9.0,0.0,attribution_only,dip_restore,False,False,True,False,False,True
fd6fb81bf28cd6ef,2019,401114294,Middle Tennessee,2,7.0,7.0,0.0,attribution_only,dip_restore,False,False,True,False,False,True
5bef7364b9fb99e1,2019,401114319,New Mexico State,2,6.0,6.0,0.0,attribution_only,dip_restore,False,False,True,False,False,True
d87b0e0974fee74e,2019,401114319,UTEP,2,3.0,3.0,0.0,attribution_only,dip_restore,False,False,True,False,False,True
b5b242fc28751c63,2019,401114325,UAB,2,3.0,3.0,0.0,attribution_only,dip_restore,False,False,True,False,False,True
49f050651870b3e4,2019,401114333,Army,2,6.0,6.0,0.0,attribution_only,dip_restore,False,False,True,False,False,True
4252719f0c67f80a,2019,401114334,Army,2,10.0,10.0,0.0,attribution_only,other,False,False,False,False,False,False
ddb6a63b0d7afdf4,2019,401114334,Hawai_i,3,10.0,10.0,0.0,attribution_only,dip_restore,False,False,True,False,False,True
227de629639425ad,2019,401114341,Fresno State,2,7.0,7.0,0.0,attribution_only,dip_restore,False,False,True,False,False,True
4e56bc5df8ce7771,2019,401114343,Central Michigan,2,3.0,3.0,0.0,attribution_only,dip_restore,False,False,True,False,False,True
037202126213266d,2019,401117214,BYU,4,13.0,13.0,0.0,attribution_only,dip_restore,False,False,True,False,False,True
05eb1b901f024a9a,2019,401117214,BYU,24,0.0,0.0,0.0,attribution_only,final_cap,False,False,False,True,False,True
4655eb2eb96d57ad,2019,401117214,South Florida,5,0.0,27.0,27.0,points_recovery,incomplete_stream,True,True,True,False,False,True
13964dd2171f0bdc,2019,401117513,Colorado State,2,7.0,7.0,0.0,attribution_only,dip_restore,False,False,True,False,False,True
2fd6f45721f3b234,2019,401117533,Wyoming,2,7.0,7.0,0.0,attribution_only,dip_restore,False,False,True,False,False,True
a42a7ab6594bcbd6,2019,401117538,Colorado State,2,3.0,3.0,0.0,attribution_only,dip_restore,False,False,True,False,False,True
24467e2271b2629b,2019,401117541,Boise State,1,0.0,3.0,3.0,points_recovery,dip_restore,False,False,True,False,False,False
0751efd5203a1a4c,2019,401117553,San Jose State,2,14.0,14.0,0.0,attribution_only,other,False,False,False,False,False,False
92ff12922e639f72,2019,401117553,San Jose State,2,7.0,7.0,0.0,attribution_only,dip_restore,False,False,True,False,False,True
a45e6c5fb5c7feee,2019,401117855,Connecticut,2,7.0,7.0,0.0,attribution_only,dip_restore,False,False,True,False,False,True
96bcb08c5318c757,2019,401117855,Wagner,2,7.0,7.0,0.0,attribution_only,dip_restore,False,False,True,False,False,True
07ebad56149392b5,2019,401117859,Bucknell,2,6.0,6.0,0.0,attribution_only,dip_restore,False,False,True,False,False,True
af9586a01103c43c,2019,401117861,Prairie View A&M,1,0.0,7.0,7.0,points_recovery,dip_restore,False,False,True,False,False,False
a70d9b556853def3,2019,401117883,South Florida,2,3.0,3.0,0.0,attribution_only,dip_restore,False,False,True,False,False,True
3ed60145589c1178,2019,401117889,SMU,2,3.0,3.0,0.0,attribution_only,dip_restore,False,False,True,False,False,True
3615b17a7d9fa4df,2019,401117897,SMU,2,3.0,3.0,0.0,attribution_only,dip_restore,False,False,True,False,False,True
8c910d39e3b0546e,2019,401117903,South Florida,2,7.0,7.0,0.0,attribution_only,dip_restore,False,False,True,False,False,True
bb2646d8d9d33092,2019,401117908,East Carolina,2,7.0,7.0,0.0,attribution_only,dip_restore,False,False,True,False,False,True
c3acabfe20070fef,2019,401117909,Memphis,2,7.0,7.0,0.0,attribution_only,dip_restore,False,False,True,False,False,True
b762f67ef8f3d981,2019,401117909,Memphis,8,28.0,28.0,0.0,attribution_only,dip_restore,False,False,True,False,False,True
f8d067e743089cfd,2019,401117917,Tulane,2,3.0,3.0,0.0,attribution_only,dip_restore,False,False,True,False,False,True
b9dd662ac157c929,2019,401119269,Troy,2,7.0,7.0,0.0,attribution_only,dip_restore,False,False,True,False,False,True
73ab2707cfe18158,2019,401119273,Central Michigan,2,7.0,7.0,0.0,attribution_only,dip_restore,False,False,True,False,False,True
557645994335424c,2019,401119274,Buffalo,2,6.0,6.0,0.0,attribution_only,dip_restore,False,False,True,False,False,True
f1c19756e9d193d0,2019,401119278,Western Michigan,2,7.0,7.0,0.0,attribution_only,dip_restore,False,False,True,False,False,True
1eb8c63eab17ed55,2019,401119293,Akron,2,3.0,3.0,0.0,attribution_only,dip_restore,False,False,True,False,False,True
7bd2e6cc79b94c93,2019,401121934,Appalachian State,2,7.0,7.0,0.0,attribution_only,dip_restore,False,False,True,False,False,True
76dbfb575fadd7bb,2019,401121943,Appalachian State,2,7.0,7.0,0.0,attribution_only,dip_restore,False,False,True,False,False,True
55ca825e71df39f4,2019,401121943,Coastal Carolina,2,7.0,7.0,0.0,attribution_only,dip_restore,False,False,True,False,False,True
3cd0b0ee2fd76e68,2019,401121945,Louisiana,2,7.0,7.0,0.0,attribution_only,dip_restore,False,False,True,False,False,True
41864e3259598d5e,2019,401121962,Coastal Carolina,2,8.0,8.0,0.0,attribution_only,dip_restore,False,False,True,False,False,True
b5e32b372b6e55ee,2019,401121967,South Alabama,2,7.0,7.0,0.0,attribution_only,dip_restore,False,False,True,False,False,True
5f943a95ea3e8305,2019,401132974,Oklahoma,2,3.0,3.0,0.0,attribution_only,dip_restore,False,False,True,False,False,True
e633c17eac690557,2019,401147693,Georgia Southern,1,0.0,3.0,3.0,points_recovery,dip_restore,False,False,True,False,False,False
14937ce210b0537c,2019,401183793,Air Force,2,2.0,2.0,0.0,attribution_only,dip_restore,False,False,True,False,False,True
9e139e9dfb8663d5,2019,401183793,New Mexico,2,6.0,6.0,0.0,attribution_only,dip_restore,False,False,True,False,False,True
641d549f81b43d0e,2021,401281944,Auburn,8,0.0,40.0,40.0,points_recovery,incomplete_stream,True,True,True,False,False,True
2bf4edf19de6b29c,2021,401281945,Florida,2,7.0,7.0,0.0,attribution_only,dip_restore,False,False,True,False,False,True
0e7e40bad62e3a9d,2021,401281952,Tennessee,2,7.0,7.0,0.0,attribution_only,dip_restore,False,False,True,False,False,True
01def0cf8e8e330a,2021,401282058,Auburn,2,7.0,7.0,0.0,attribution_only,dip_restore,False,False,True,False,False,True
df22d465ef0ede0a,2021,401282058,Auburn,2,7.0,7.0,0.0,attribution_only,dip_restore,False,False,True,False,False,True
927f6a2c4a9fcfbd,2021,401282064,Mississippi State,3,14.0,14.0,0.0,attribution_only,dip_restore,False,False,True,False,False,True
821d8407ef38f2df,2021,401282064,NC State,2,3.0,3.0,0.0,attribution_only,dip_restore,False,False,True,False,False,False
5faa7f17b77e44b9,2021,401282066,Tennessee,2,7.0,7.0,0.0,attribution_only,dip_restore,False,False,True,False,False,True
694c63536b0f5d7a,2021,401282068,Colorado State,6,7.0,7.0,0.0,attribution_only,dip_restore,False,False,True,False,False,True
4471d7833c9d3091,2021,401282072,South Carolina,2,7.0,7.0,0.0,attribution_only,dip_restore,False,False,True,False,False,True
11d4db6190b33273,2021,401282076,Mississippi State,2,6.0,6.0,0.0,attribution_only,dip_restore,False,False,True,False,False,True
f37f5cc958027c28,2021,401282078,Tennessee,2,7.0,7.0,0.0,attribution_only,dip_restore,False,False,True,False,False,True
f108a5a2337d0cf7,2021,401282085,Mississippi State,4,15.0,15.0,0.0,attribution_only,dip_restore,False,False,True,False,False,True
5738c4fadaa55d0a,2021,401282091,Florida,2,3.0,3.0,0.0,attribution_only,dip_restore,False,False,True,False,False,True
cf7dec1a05428824,2021,401282092,LSU,2,3.0,3.0,0.0,attribution_only,dip_restore,False,False,True,False,False,True
6784f7faadaf63a2,2021,401282093,Missouri,4,13.0,21.0,8.0,points_recovery,incomplete_stream,True,True,True,False,False,True
04a7909b85071cbf,2021,401282093,Tennessee,3,7.0,7.0,0.0,attribution_only,restoration_gt8,False,True,True,False,False,True
96a16a4b9e00aea8,2021,401282096,Connecticut,4,12.0,12.0,0.0,attribution_only,dip_restore,False,False,True,False,False,True
0daec5c37dbd0817,2021,401282096,Vanderbilt,2,3.0,3.0,0.0,attribution_only,dip_restore,False,False,True,False,False,True
a54b474dadf75fb9,2021,401282096,Vanderbilt,2,7.0,7.0,0.0,attribution_only,dip_restore,False,False,True,False,False,True
8041d1db4e1e6a50,2021,401282103,Alabama,4,6.0,6.0,0.0,attribution_only,dip_restore,False,False,True,False,False,True
81b9c58700e0537d,2021,401282103,Texas A&M,2,7.0,7.0,0.0,attribution_only,dip_restore,False,False,True,False,False,True
dd56c17e2afbfebe,2021,401282105,Kentucky,2,6.0,6.0,0.0,attribution_only,dip_restore,False,False,True,False,False,True
5d138387d9ec3e22,2021,401282109,Vanderbilt,2,7.0,7.0,0.0,attribution_only,dip_restore,False,False,True,False,False,True
e168917d0e80ef99,2021,401282110,Ole Miss,2,7.0,7.0,0.0,attribution_only,dip_restore,False,False,True,False,False,True
e67a330b6c80d28e,2021,401282110,Tennessee,2,7.0,7.0,0.0,attribution_only,dip_restore,False,False,True,False,False,True
f98819348284cf84,2021,401282112,Arkansas,8,0.0,45.0,45.0,points_recovery,incomplete_stream,True,True,True,False,False,True
eab49be4dd9f8160,2021,401282115,Mississippi State,2,7.0,7.0,0.0,attribution_only,dip_restore,False,False,True,False,False,False
c59451f996e9f3c5,2021,401282116,Auburn,2,7.0,7.0,0.0,attribution_only,dip_restore,False,False,True,False,False,True
9081b20a442beedb,2021,401282121,Arkansas,2,10.0,10.0,0.0,attribution_only,other,False,False,False,False,False,False
6e482dc465d63063,2021,401282121,Arkansas,1,6.0,8.0,2.0,points_recovery,other,False,False,False,False,False,False
cfec772d121ac375,2021,401282121,Mississippi State,2,13.0,13.0,0.0,attribution_only,other,False,False,False,False,False,False
74b83364a45fe176,2021,401282121,Mississippi State,2,13.0,13.0,0.0,attribution_only,other,False,False,False,False,False,False
a6036bd3bcf7ff94,2021,401282128,Mississippi State,2,7.0,7.0,0.0,attribution_only,dip_restore,False,False,True,False,False,True
c7a064e597981746,2021,401282128,Mississippi State,2,7.0,7.0,0.0,attribution_only,dip_restore,False,False,True,False,False,True
aef4409c0e6004f7,2021,401282136,Charleston Southern,2,7.0,7.0,0.0,attribution_only,dip_restore,False,False,True,False,False,True
e35b5e1f4ba2ff4a,2021,401282137,Kentucky,2,7.0,7.0,0.0,attribution_only,dip_restore,False,False,True,False,False,True
fd626749c834e922,2021,401282137,Kentucky,2,7.0,7.0,0.0,attribution_only,dip_restore,False,False,True,False,False,True
ac02757af4f08e4b,2021,401282137,New Mexico State,2,3.0,3.0,0.0,attribution_only,dip_restore,False,False,True,False,False,True
27eb0d2288cecfba,2021,401282139,Vanderbilt,2,8.0,8.0,0.0,attribution_only,dip_restore,False,False,True,False,False,True
6bbbd150a82d0958,2021,401282140,Mississippi State,2,7.0,7.0,0.0,attribution_only,dip_restore,False,False,True,False,False,True
9650052e227252a2,2021,401282143,South Alabama,18,7.0,7.0,0.0,attribution_only,dip_restore,False,False,True,True,False,True
c0d8dc258ab98a0e,2021,401282147,Florida,4,10.0,10.0,0.0,attribution_only,dip_restore,False,False,True,False,False,True
24c29fb34a218397,2021,401282147,Florida State,2,7.0,7.0,0.0,attribution_only,dip_restore,False,False,True,False,False,True
c3e67665486aade9,2021,401282149,Kentucky,2,7.0,7.0,0.0,attribution_only,dip_restore,False,False,True,False,False,True
47b0c3fcbabcbbf6,2021,401282156,UT San Antonio,2,7.0,7.0,0.0,attribution_only,dip_restore,False,False,True,False,False,True
c080c3e42715673a,2021,401282177,South Alabama,10,0.0,0.0,0.0,attribution_only,final_cap,False,False,False,True,False,True
cbfb5ad8ac2842ba,2021,401282177,Southern Mississippi,74,0.0,0.0,0.0,attribution_only,incomplete_stream,True,False,False,True,False,True
6b541f3844c6fe8b,2021,401282178,Bethune-Cookman,2,7.0,7.0,0.0,attribution_only,dip_restore,False,False,True,False,False,True
c6547a910101a64a,2021,401282178,Bethune-Cookman,2,7.0,7.0,0.0,attribution_only,dip_restore,False,False,True,False,False,True
b22213911ba81f35,2021,401282178,UTEP,2,7.0,7.0,0.0,attribution_only,dip_restore,False,False,True,False,False,True
c35cb8618a786bc1,2021,401282181,Charlotte,7,0.0,12.0,12.0,points_recovery,incomplete_stream,True,True,True,False,False,True
60d5384b58ddca2e,2021,401282181,Gardner-Webb,8,0.0,10.0,10.0,points_recovery,incomplete_stream,True,True,True,False,False,True
59fa3ca4b154e080,2021,401282182,Florida International,2,7.0,7.0,0.0,attribution_only,dip_restore,False,False,True,False,False,True
ec05998e59c7d02b,2021,401282182,Florida International,4,1.0,1.0,0.0,attribution_only,dip_restore,False,False,True,False,False,True
b5b685886ba5fdba,2021,401282182,Texas State,14,0.0,23.0,23.0,points_recovery,incomplete_stream,True,True,True,False,False,True
e7e48a54e3117cf9,2021,401282183,Florida Atlantic,18,1.0,38.0,37.0,points_recovery,incomplete_stream,True,True,True,False,False,True
e1ee9a3c8125e2fd,2021,401282183,Georgia Southern,6,6.0,6.0,0.0,attribution_only,dip_restore,False,False,True,False,False,True
79b6f9631bd97c41,2021,401282184,Louisiana Tech,6,12.0,14.0,2.0,points_recovery,restoration_gt8,False,True,True,False,False,True
a5f40836c19fe2aa,2021,401282184,SE Louisiana,9,6.0,42.0,36.0,points_recovery,incomplete_stream,True,True,True,False,False,True
802236104e32d984,2021,401282189,Houston,2,7.0,7.0,0.0,attribution_only,dip_restore,False,False,True,False,False,True
d857200e7f75083a,2021,401282189,Houston,2,0.0,13.0,13.0,points_recovery,dip_restore,False,False,True,False,False,False
44144f38839b7d27,2021,401282189,Rice,2,7.0,7.0,0.0,attribution_only,dip_restore,False,False,True,False,False,True
62954048285057fc,2021,401282190,Southern Mississippi,2,7.0,7.0,0.0,attribution_only,restoration_gt8,False,True,True,False,False,True
f59c9d1818fded46,2021,401282191,Boise State,2,7.0,7.0,0.0,attribution_only,dip_restore,False,False,True,False,False,True
ee6031ee3b1b3e50,2021,401282192,UT San Antonio,29,0.0,0.0,0.0,attribution_only,final_cap,False,False,False,True,False,True
f1de83ecb76caa8f,2021,401282194,Middle Tennessee,2,0.0,13.0,13.0,points_recovery,dip_restore,False,False,True,False,False,False
9b5c4e9d1ee47fca,2021,401282194,UT San Antonio,4,7.0,17.0,10.0,points_recovery,dip_restore,False,False,True,False,False,True
3d654a306388aa05,2021,401282195,North Texas,2,6.0,6.0,0.0,attribution_only,dip_restore,False,False,True,False,False,True
b3c77891a7a704eb,2021,401282196,Charlotte,5,7.0,9.0,2.0,points_recovery,dip_restore,False,False,True,False,False,True
340240bfdc5fc422,2021,401282196,Georgia State,2,7.0,7.0,0.0,attribution_only,dip_restore,False,False,True,False,False,True
59681bf38b3addff,2021,401282199,SMU,2,7.0,7.0,0.0,attribution_only,dip_restore,False,False,True,False,False,True
02d9266dac4bcda2,2021,401282200,East Carolina,2,7.0,7.0,0.0,attribution_only,dip_restore,False,False,True,False,False,True
1910e92538d63d64,2021,401282201,Old Dominion,2,7.0,7.0,0.0,attribution_only,dip_restore,False,False,True,False,False,True
485371ff96407571,2021,401282203,Southern Mississippi,2,6.0,6.0,0.0,attribution_only,dip_restore,False,False,True,False,False,True
c3315fea16a76f13,2021,401282206,Central Michigan,2,7.0,7.0,0.0,attribution_only,dip_restore,False,False,True,False,False,True
d5157fbae979aab7,2021,401282209,Old Dominion,2,7.0,7.0,0.0,attribution_only,dip_restore,False,False,True,False,False,True
0cf517118371742c,2021,401282209,Old Dominion,2,6.0,6.0,0.0,attribution_only,dip_restore,False,False,True,False,False,True
758f59b3a05d3929,2021,401282211,UAB,2,7.0,7.0,0.0,attribution_only,dip_restore,False,False,True,False,False,True
85cb4c92c107175b,2021,401282212,UTEP,2,7.0,7.0,0.0,attribution_only,dip_restore,False,False,True,False,False,True
2d621c9686d58276,2021,401282215,Florida Atlantic,1,0.0,1.0,1.0,points_recovery,dip_restore,False,False,True,False,False,False
802635c23879db6f,2021,401282215,Florida Atlantic,2,4.0,3.0,-1.0,points_reduction,dip_restore,False,False,True,False,False,True
b34f9a78d9082359,2021,401282215,Florida Atlantic,2,7.0,7.0,0.0,attribution_only,dip_restore,False,False,True,False,False,True
cf2bb01f7d99b6b5,2021,401282216,Marshall,2,7.0,7.0,0.0,attribution_only,dip_restore,False,False,True,False,False,True
08927908ae382f92,2021,401282216,Marshall,2,7.0,7.0,0.0,attribution_only,dip_restore,False,False,True,False,False,True
1907657a52edb6af,2021,401282216,Middle Tennessee,2,7.0,7.0,0.0,attribution_only,dip_restore,False,False,True,False,False,True
bf4b48875de34a35,2021,401282217,Old Dominion,5,7.0,21.0,14.0,points_recovery,incomplete_stream,True,True,True,False,False,True
af242bdd508830fc,2021,401282217,UTEP,10,0.0,26.0,26.0,points_recovery,incomplete_stream,True,True,True,False,False,True
83432567d810f495,2021,401282218,Rice,1,0.0,0.0,0.0,attribution_only,incomplete_stream,True,False,False,False,False,True
5e8ca74a242dab4f,2021,401282218,Southern Mississippi,1,0.0,5.0,5.0,points_recovery,incomplete_stream,True,False,False,False,False,True
c9624f9718b530e1,2021,401282221,UAB,2,3.0,3.0,0.0,attribution_only,dip_restore,False,False,True,False,False,True
56167521a50dd7e1,2021,401282221,UAB,3,7.0,7.0,0.0,attribution_only,dip_restore,False,False,True,False,False,True
8b3aa41beabfcd41,2021,401282224,Charlotte,2,7.0,7.0,0.0,attribution_only,dip_restore,False,False,True,False,False,True
684c2b041d470f94,2021,401282224,Charlotte,2,7.0,7.0,0.0,attribution_only,dip_restore,False,False,True,False,False,True
985842ef183d3443,2021,401282224,Florida International,2,3.0,3.0,0.0,attribution_only,dip_restore,False,False,True,False,False,True
7df7fb0afa82401d,2021,401282225,UAB,2,7.0,7.0,0.0,attribution_only,dip_restore,False,False,True,False,False,True
9868a7bad657423a,2021,401282226,Marshall,8,0.0,13.0,13.0,points_recovery,dip_restore,False,False,True,False,False,True
5711e5d9e03daac5,2021,401282226,Old Dominion,9,0.0,13.0,13.0,points_recovery,incomplete_stream,True,True,True,False,False,True
353414efb837b0e8,2021,401282229,Liberty,2,7.0,7.0,0.0,attribution_only,dip_restore,False,False,True,False,False,True
382e8706a54962df,2021,401282229,Middle Tennessee,2,7.0,7.0,0.0,attribution_only,dip_restore,False,False,True,False,False,True
ec8ff00346ca8025,2021,401282232,Western Kentucky,2,7.0,7.0,0.0,attribution_only,dip_restore,False,False,True,False,False,True
933b958885208fa1,2021,401282232,Western Kentucky,2,7.0,7.0,0.0,attribution_only,dip_restore,False,False,True,False,False,True
80b4d4d4a5760ee8,2021,401282237,Louisiana Tech,6,0.0,16.0,16.0,points_recovery,incomplete_stream,True,True,True,False,False,True
0c3e6db87d7e8d35,2021,401282237,UT San Antonio,8,0.0,43.0,43.0,points_recovery,incomplete_stream,True,True,True,False,False,True
c8b5f343c69f8c44,2021,401282238,UAB,2,3.0,3.0,0.0,attribution_only,dip_restore,False,False,True,False,False,True
76a357057a57f0bd,2021,401282241,Western Kentucky,2,7.0,7.0,0.0,attribution_only,dip_restore,False,False,True,False,False,True
81e9319bcc23b59c,2021,401282242,Marshall,11,0.0,21.0,21.0,points_recovery,incomplete_stream,True,True,True,False,False,True
8a4f36f004910f2d,2021,401282243,Florida Atlantic,3,13.0,14.0,1.0,points_recovery,category_possession_reassignment,False,False,False,False,False,True
b60cf3878978f92a,2021,401282243,Florida Atlantic,1,8.0,7.0,-1.0,points_reduction,other,False,False,False,False,False,False
d3d6a2bba63cb32d,2021,401282243,UTEP,2,7.0,7.0,0.0,attribution_only,category_possession_reassignment,False,False,False,False,False,True
cd72aabca366598a,2021,401282244,Louisiana Tech,6,0.0,14.0,14.0,points_recovery,incomplete_stream,True,False,False,False,False,True
d91c4a3b62f4e146,2021,401282244,Old Dominion,7,0.0,20.0,20.0,points_recovery,incomplete_stream,True,True,False,False,False,True
27fa8a7ffeae84be,2021,401282245,Southern Mississippi,2,7.0,7.0,0.0,attribution_only,dip_restore,False,False,True,False,False,True
3299dc79e38ff0b6,2021,401282246,North Texas,5,0.0,24.0,24.0,points_recovery,incomplete_stream,True,True,True,False,False,True
615ecbbdba84db4e,2021,401282246,Rice,2,3.0,3.0,0.0,attribution_only,dip_restore,False,False,True,False,False,True
96c9c93ea6a0bb30,2021,401282246,Rice,2,7.0,7.0,0.0,attribution_only,dip_restore,False,False,True,False,False,True
bf9defb4ee0466b8,2021,401282248,Florida International,4,10.0,10.0,0.0,attribution_only,dip_restore,False,False,True,False,False,True
e8f75e932517b92e,2021,401282248,Old Dominion,5,20.0,20.0,0.0,attribution_only,dip_restore,False,False,True,False,False,True
683c1b19bb16aa89,2021,401282249,Florida Atlantic,3,0.0,13.0,13.0,points_recovery,incomplete_stream,True,True,True,False,False,True
078d3be7e5067a76,2021,401282249,Marshall,8,0.0,28.0,28.0,points_recovery,incomplete_stream,True,True,True,False,False,True
adcd2788c52d4d54,2021,401282250,UAB,2,7.0,7.0,0.0,attribution_only,dip_restore,False,False,True,False,False,True
dd60a9b84fb4e756,2021,401282250,UAB,2,7.0,7.0,0.0,attribution_only,dip_restore,False,False,True,False,False,True
d3ef3a6b986f530c,2021,401282252,North Texas,2,7.0,7.0,0.0,attribution_only,category_possession_reassignment,False,False,False,False,False,True
23c6b68453003390,2021,401282253,UT San Antonio,2,7.0,7.0,0.0,attribution_only,dip_restore,False,False,True,False,False,True
b01644304c9c606e,2021,401282256,Old Dominion,2,8.0,8.0,0.0,attribution_only,dip_restore,False,False,True,False,False,True
480efea0bd9bf9e0,2021,401282257,UAB,4,14.0,14.0,0.0,attribution_only,dip_restore,False,False,True,False,False,True
2283eeff023ce513,2021,401282259,Rice,3,7.0,7.0,0.0,attribution_only,dip_restore,False,False,True,False,False,True
9e3b9d27bee977cb,2021,401282259,Western Kentucky,3,7.0,7.0,0.0,attribution_only,restoration_gt8,False,True,True,False,False,True
afb1a89a73beb861,2021,401282262,Florida International,7,7.0,7.0,0.0,attribution_only,dip_restore,False,False,True,False,False,True
b5434fc25e93e2c2,2021,401282262,North Texas,17,6.0,49.0,43.0,points_recovery,incomplete_stream,True,True,True,False,False,True
4870caa3b89d8f40,2021,401282263,Western Kentucky,2,7.0,7.0,0.0,attribution_only,dip_restore,False,False,True,False,False,True
ce0b397ff2fc1aa5,2021,401282263,Western Kentucky,2,7.0,7.0,0.0,attribution_only,dip_restore,False,False,True,False,False,True
145f5a91194b671e,2021,401282266,Rice,18,0.0,0.0,0.0,attribution_only,final_cap,False,False,False,True,False,True
0c874d124b89bc14,2021,401282267,UT San Antonio,2,7.0,7.0,0.0,attribution_only,dip_restore,False,False,True,False,False,True
82155be17d1907ff,2021,401282268,Charlotte,2,7.0,7.0,0.0,attribution_only,dip_restore,False,False,True,False,False,True
e23598f990756129,2021,401282268,Old Dominion,2,7.0,7.0,0.0,attribution_only,dip_restore,False,False,True,False,False,True
66f65e583c4b1104,2021,401282268,Old Dominion,2,7.0,7.0,0.0,attribution_only,dip_restore,False,False,True,False,False,True
04822f79fa9b9c8d,2021,401282269,Florida International,2,7.0,7.0,0.0,attribution_only,dip_restore,False,False,True,False,False,True
c3f65c738e6f1a1e,2021,401282269,Southern Mississippi,2,7.0,7.0,0.0,attribution_only,dip_restore,False,False,True,False,False,True
fda781f640f8ce4f,2021,401282270,Florida Atlantic,4,0.0,17.0,17.0,points_recovery,incomplete_stream,True,True,True,False,False,True
788c6d7a2eb9ced1,2021,401282270,Middle Tennessee,8,0.0,25.0,25.0,points_recovery,incomplete_stream,True,True,True,False,False,True
e5fcf8120167dbe3,2021,401282271,Louisiana Tech,1,0.0,7.0,7.0,points_recovery,dip_restore,False,False,True,False,False,False
9bd09a14f877ed75,2021,401282271,Louisiana Tech,1,7.0,0.0,-7.0,points_reduction,category_possession_reassignment,False,False,False,False,False,True
f5fe596897f41d57,2021,401282272,Marshall,4,0.0,21.0,21.0,points_recovery,incomplete_stream,True,True,True,False,False,True
7d913b3fb5d3dfd7,2021,401282272,Western Kentucky,11,0.0,36.0,36.0,points_recovery,incomplete_stream,True,True,True,False,False,True
e90f581f992c62a5,2021,401282612,Pittsburgh,2,3.0,3.0,0.0,attribution_only,dip_restore,False,False,True,False,False,True
c8aa58ab22376f7f,2021,401282616,Duke,2,7.0,7.0,0.0,attribution_only,dip_restore,False,False,True,False,False,True
2486b93bb7d47c64,2021,401282620,Miami,2,7.0,7.0,0.0,attribution_only,dip_restore,False,False,True,False,False,True
6262285f33674f07,2021,401282623,Boston College,2,7.0,7.0,0.0,attribution_only,dip_restore,False,False,True,False,False,True
e25b0da34c9240ba,2021,401282626,Louisville,2,7.0,7.0,0.0,attribution_only,dip_restore,False,False,True,False,False,True
0505ae0f13a3fa55,2021,401282632,Pittsburgh,7,27.0,27.0,0.0,attribution_only,dip_restore,False,False,True,False,False,True
4466303c9e1af123,2021,401282632,Western Michigan,2,7.0,7.0,0.0,attribution_only,dip_restore,False,False,True,False,False,True
5ea858ea72c38dc8,2021,401282633,Syracuse,2,7.0,7.0,0.0,attribution_only,dip_restore,False,False,True,False,False,True
8495b427de619427,2021,401282634,Boston College,2,7.0,7.0,0.0,attribution_only,dip_restore,False,False,True,False,False,True
7c4baa8a8ccfbf5a,2021,401282639,Duke,2,7.0,7.0,0.0,attribution_only,dip_restore,False,False,True,False,False,True
fb2e44bf1e214b8c,2021,401282646,Virginia,2,8.0,8.0,0.0,attribution_only,dip_restore,False,False,True,False,False,True
b6ceebd3937cee30,2021,401282651,Wake Forest,2,7.0,7.0,0.0,attribution_only,dip_restore,False,False,True,False,False,True
3b8070f69bde2510,2021,401282652,Duke,2,7.0,7.0,0.0,attribution_only,dip_restore,False,False,True,False,False,True
69364635183f5027,2021,401282655,Syracuse,2,7.0,7.0,0.0,attribution_only,dip_restore,False,False,True,False,False,True
11c510c71b29d3ef,2021,401282655,Wake Forest,2,7.0,7.0,0.0,attribution_only,dip_restore,False,False,True,False,False,True
50592ef6c23b7681,2021,401282656,Virginia Tech,2,6.0,6.0,0.0,attribution_only,dip_restore,False,False,True,False,False,True
cf1a7d1e9dab0a90,2021,401282658,NC State,2,7.0,7.0,0.0,attribution_only,dip_restore,False,False,True,False,False,True
8e5022f7b7d72ee7,2021,401282660,Virginia,2,7.0,7.0,0.0,attribution_only,dip_restore,False,False,True,False,False,True
8c3814c11c682953,2021,401282660,Virginia,2,7.0,7.0,0.0,attribution_only,dip_restore,False,False,True,False,False,True
6ce51a54aca50e43,2021,401282662,Army,2,7.0,7.0,0.0,attribution_only,dip_restore,False,False,True,False,False,True
083fe7f55f274818,2021,401282662,Wake Forest,2,7.0,7.0,0.0,attribution_only,dip_restore,False,False,True,False,False,True
10e610d04e6be520,2021,401282663,Florida State,2,3.0,3.0,0.0,attribution_only,dip_restore,False,False,True,False,False,True
3d5fde355c533da0,2021,401282663,Florida State,2,7.0,7.0,0.0,attribution_only,dip_restore,False,False,True,False,False,True
5bd02f003db06b91,2021,401282665,Miami,2,7.0,7.0,0.0,attribution_only,dip_restore,False,False,True,False,False,False
5da485d4deae8268,2021,401282667,Georgia Tech,7,21.0,21.0,0.0,attribution_only,dip_restore,False,False,True,False,False,True
e9d7364cc1de84be,2021,401282670,Florida State,2,7.0,7.0,0.0,attribution_only,dip_restore,False,False,True,False,False,True
6181a76cd7358c96,2021,401282671,Georgia Tech,2,7.0,7.0,0.0,attribution_only,category_possession_reassignment,False,False,False,False,False,True
f72de0da267b15ec,2021,401282671,Virginia Tech,3,10.0,10.0,0.0,attribution_only,dip_restore,False,False,True,False,False,True
8d7efd0fb812f70b,2021,401282674,Miami,2,7.0,7.0,0.0,attribution_only,category_possession_reassignment,False,False,False,False,False,True
b3d585ea734eb116,2021,401282674,Pittsburgh,2,7.0,7.0,0.0,attribution_only,category_possession_reassignment,False,False,False,False,False,True
dba47b3ccc27bbd7,2021,401282675,Syracuse,3,20.0,21.0,1.0,points_recovery,other,False,False,False,False,False,False
7c3497e3071fab47,2021,401282680,Clemson,2,7.0,7.0,0.0,attribution_only,category_possession_reassignment,False,False,False,False,False,True
08f57559aebe62ea,2021,401282680,Louisville,2,7.0,7.0,0.0,attribution_only,category_possession_reassignment,False,False,False,False,False,True
e85534e903b26454,2021,401282681,Georgia Tech,3,7.0,7.0,0.0,attribution_only,dip_restore,False,False,True,False,False,True
50b02f8074c8bb97,2021,401282681,Miami,2,7.0,7.0,0.0,attribution_only,dip_restore,False,False,True,False,False,True
413d27b2b84d230b,2021,401282681,Miami,2,3.0,3.0,0.0,attribution_only,dip_restore,False,False,True,False,False,True
dea94d41e6fd4c31,2021,401282682,North Carolina,4,14.0,14.0,0.0,attribution_only,dip_restore,False,False,True,False,False,True
c3c8a06b9a4de00d,2021,401282682,North Carolina,2,7.0,7.0,0.0,attribution_only,dip_restore,False,False,True,False,False,True
0f7d56e77c52b102,2021,401282684,Clemson,2,7.0,7.0,0.0,attribution_only,dip_restore,False,False,True,False,False,True
c2f4236a19d12481,2021,401282686,Boston College,7,0.0,34.0,34.0,points_recovery,incomplete_stream,True,False,False,False,False,True
f749205cbe45486b,2021,401282686,Georgia Tech,6,0.0,30.0,30.0,points_recovery,incomplete_stream,True,False,False,False,False,True
a16de2a5fc231961,2021,401282691,Duke,2,6.0,6.0,0.0,attribution_only,dip_restore,False,False,True,False,False,True
9ff6586616b6013e,2021,401282694,Miami,4,14.0,14.0,0.0,attribution_only,dip_restore,False,False,True,False,False,True
937502fd439952a8,2021,401282695,Syracuse,4,10.0,10.0,0.0,attribution_only,dip_restore,False,False,True,False,False,True
fa2e63339ae34845,2021,401282697,Notre Dame,2,7.0,7.0,0.0,attribution_only,dip_restore,False,False,True,False,False,True
1579d3e0e52cfb29,2021,401282701,Duke,2,0.0,7.0,7.0,points_recovery,incomplete_stream,True,True,False,False,False,True
8675a28db704a347,2021,401282701,Miami,9,0.0,44.0,44.0,points_recovery,incomplete_stream,True,False,False,False,False,True
d7694d43c1e5bce2,2021,401282702,Pittsburgh,2,3.0,3.0,0.0,attribution_only,dip_restore,False,False,True,False,False,True
1de1f711b89a4d1e,2021,401282703,Virginia,2,7.0,7.0,0.0,attribution_only,dip_restore,False,False,True,False,False,True
052cd2e45134dd8a,2021,401282703,Virginia,2,3.0,3.0,0.0,attribution_only,dip_restore,False,False,True,False,False,True
7c0e39d74cae2689,2021,401282715,Illinois,1,0.0,7.0,7.0,points_recovery,incomplete_stream,True,False,False,False,False,True
7c7916e77f5f4d35,2021,401282721,Iowa,3,10.0,10.0,0.0,attribution_only,dip_restore,False,False,True,False,False,True
41eb4236516c0b91,2021,401282724,Idaho,2,7.0,7.0,0.0,attribution_only,dip_restore,False,False,True,False,False,True
acd64f6e6295bc2e,2021,401282724,Indiana,2,7.0,7.0,0.0,attribution_only,dip_restore,False,False,True,False,False,True
442de0abbfd64239,2021,401282725,Cincinnati,2,7.0,7.0,0.0,attribution_only,dip_restore,False,False,True,False,False,True
d13a307abf260f25,2021,401282725,Indiana,2,7.0,7.0,0.0,attribution_only,dip_restore,False,False,True,False,False,True
1daf63f7b5854bc2,2021,401282726,Indiana,4,17.0,17.0,0.0,attribution_only,category_possession_reassignment,False,False,False,False,False,True
c270e63a3f300ac8,2021,401282726,Indiana,3,14.0,15.0,1.0,points_recovery,category_possession_reassignment,False,False,False,False,False,True
bc8f550e3be5ec55,2021,401282726,Maryland,1,0.0,1.0,1.0,points_recovery,dip_restore,False,False,True,False,False,False
1548c4a72d262fa0,2021,401282726,Maryland,3,8.0,7.0,-1.0,points_reduction,category_possession_reassignment,False,False,False,False,False,True
5d5a792fc1e40908,2021,401282727,Michigan,2,6.0,6.0,0.0,attribution_only,dip_restore,False,False,True,False,False,True
917ac192688269e7,2021,401282728,Rutgers,2,7.0,7.0,0.0,attribution_only,dip_restore,False,False,True,False,False,True
1a90045195de55cf,2021,401282731,Indiana,2,6.0,6.0,0.0,attribution_only,dip_restore,False,False,True,False,False,True
7aee531af8499e60,2021,401282732,Indiana,2,7.0,7.0,0.0,attribution_only,dip_restore,False,False,True,False,False,True
5a58419196aa7406,2021,401282732,Minnesota,2,7.0,7.0,0.0,attribution_only,dip_restore,False,False,True,False,False,True
555b6ecfe4164c70,2021,401282753,Indiana,2,7.0,7.0,0.0,attribution_only,category_possession_reassignment,False,False,False,False,False,True
ed6de6ce7654e991,2021,401282756,Iowa,2,7.0,7.0,0.0,attribution_only,dip_restore,False,False,True,False,False,True
796aa1ae3f522c7e,2021,401282757,Iowa,2,7.0,7.0,0.0,attribution_only,dip_restore,False,False,True,False,False,False
2e3f6aa41f477577,2021,401282759,Iowa,4,10.0,10.0,0.0,attribution_only,dip_restore,False,False,True,False,False,True
864cd5d5d4ad3856,2021,401282763,Iowa,2,7.0,7.0,0.0,attribution_only,category_possession_reassignment,False,False,False,False,False,True
b14c062c9dc293c9,2021,401282763,Wisconsin,2,7.0,7.0,0.0,attribution_only,category_possession_reassignment,False,False,False,False,False,True
a0efa4086ef4b459,2021,401282763,Wisconsin,3,7.0,7.0,0.0,attribution_only,dip_restore,False,False,True,False,False,True
54cd989fbbe0d5f1,2021,401282763,Wisconsin,1,6.0,7.0,1.0,points_recovery,other,False,False,False,False,False,False
4b27b67e2b80066f,2021,401282766,Maryland,2,7.0,7.0,0.0,attribution_only,dip_restore,False,False,True,False,False,True
42a167313c6f8a91,2021,401282768,Maryland,2,8.0,8.0,0.0,attribution_only,category_possession_reassignment,False,False,False,False,False,True
0463627f2389f992,2021,401282768,Penn State,5,14.0,14.0,0.0,attribution_only,dip_restore,False,False,True,False,False,True
122060bcb297b6d7,2021,401282768,Penn State,1,6.0,7.0,1.0,points_recovery,other,False,False,False,False,False,False
6e2ceb6da33323af,2021,401282771,Michigan State,2,7.0,7.0,0.0,attribution_only,dip_restore,False,False,True,False,False,True
a63289a96ef61e3a,2021,401282774,Michigan,2,7.0,7.0,0.0,attribution_only,dip_restore,False,False,True,False,False,True
89ae3c6d673aa99b,2021,401282777,Michigan,4,7.0,7.0,0.0,attribution_only,dip_restore,False,False,True,False,False,True
f9c866bd887adefc,2021,401282777,Michigan,2,7.0,7.0,0.0,attribution_only,category_possession_reassignment,False,False,False,False,False,True
b2d08e762dd5000a,2021,401282777,Michigan State,3,6.0,23.0,17.0,points_recovery,incomplete_stream,True,True,False,False,False,True
73ae662a7e294d7b,2021,401282783,Michigan State,2,7.0,7.0,0.0,attribution_only,restoration_gt8,False,True,True,False,False,True
0e27d02db253c169,2021,401282783,Michigan State,4,0.0,21.0,21.0,points_recovery,incomplete_stream,True,True,True,False,False,True
39268db5dabe9f9f,2021,401282783,Youngstown State,2,7.0,7.0,0.0,attribution_only,dip_restore,False,False,True,False,False,True
4b790c4ca5645580,2021,401282790,Miami (OH),2,7.0,7.0,0.0,attribution_only,dip_restore,False,False,True,False,False,True
d2054191ebbd69e7,2021,401282790,Minnesota,2,7.0,7.0,0.0,attribution_only,dip_restore,False,False,True,False,False,True
52782238203c7b8a,2021,401282792,Bowling Green,2,7.0,7.0,0.0,attribution_only,dip_restore,False,False,True,False,False,True
d579c7cc1a4d8851,2021,401282793,Purdue,2,7.0,7.0,0.0,attribution_only,dip_restore,False,False,True,False,False,True
51c84e781143045d,2021,401282795,Minnesota,3,16.0,17.0,1.0,points_recovery,other,False,False,False,False,False,False
a81c4a43848c96c9,2021,401282795,Minnesota,1,7.0,6.0,-1.0,points_reduction,other,False,False,False,False,False,False
d157583645727b28,2021,401282795,Minnesota,1,6.0,7.0,1.0,points_recovery,other,False,False,False,False,False,False
667179beb12d6dae,2021,401282795,Northwestern,2,7.0,7.0,0.0,attribution_only,category_possession_reassignment,False,False,False,False,False,True
c77d41db672ca44c,2021,401282800,Nebraska,2,7.0,7.0,0.0,attribution_only,dip_restore,False,False,True,False,False,True
d1276a08dee4de84,2021,401282801,Purdue,2,7.0,7.0,0.0,attribution_only,category_possession_reassignment,False,False,False,False,False,True
46e07fe94e2e3fd5,2021,401282809,Oregon,2,7.0,7.0,0.0,attribution_only,dip_restore,False,False,True,False,False,True
0b4d3300ce4856df,2021,401282812,Purdue,2,7.0,7.0,0.0,attribution_only,dip_restore,False,False,True,False,False,True
bbf18b78f5b9a452,2021,401282816,Ball State,2,7.0,7.0,0.0,attribution_only,category_possession_reassignment,False,False,False,False,False,True
d20ccd6d5b627954,2021,401282820,Purdue,2,7.0,7.0,0.0,attribution_only,dip_restore,False,False,True,False,False,True
b29ddb47fe1b38bd,2021,401282824,Wisconsin,2,7.0,7.0,0.0,attribution_only,dip_restore,False,False,True,False,False,True
fb3510fb77871d8e,2021,401282825,Wisconsin,2,7.0,7.0,0.0,attribution_only,dip_restore,False,False,True,False,False,True
05c1b5fe2cfafc47,2021,401286187,Fresno State,2,7.0,7.0,0.0,attribution_only,dip_restore,False,False,True,False,False,True
fd5a1c1be7e12309,2021,401286295,Liberty,2,7.0,7.0,0.0,attribution_only,dip_restore,False,False,True,False,False,True
c1bc411198af0a30,2021,401286297,Liberty,2,7.0,7.0,0.0,attribution_only,dip_restore,False,False,True,False,False,True
f3978ef29cf124c4,2021,401286303,Rhode Island,2,7.0,7.0,0.0,attribution_only,dip_restore,False,False,True,False,False,True
d96e1fe67eaee994,2021,401286304,Maine,4,14.0,14.0,0.0,attribution_only,dip_restore,False,False,True,False,False,True
95ca541af75f2e0a,2021,401286306,UMass,2,6.0,6.0,0.0,attribution_only,dip_restore,False,False,True,False,False,True
762c763a3ba21ab9,2021,401286306,UMass,2,7.0,7.0,0.0,attribution_only,dip_restore,False,False,True,False,False,True
dea76a039a9264d8,2021,401287890,Oklahoma State,2,6.0,6.0,0.0,attribution_only,dip_restore,False,False,True,False,False,True
d6ae83c08ce6cc16,2021,401287893,Texas State,2,3.0,3.0,0.0,attribution_only,dip_restore,False,False,True,False,False,True
1e0df0ef065e44f9,2021,401287893,Texas State,2,3.0,3.0,0.0,attribution_only,dip_restore,False,False,True,False,False,True
03cc054967bea88f,2021,401287893,Texas State,1,0.0,0.0,0.0,attribution_only,final_cap,False,False,False,True,False,True
fdd876207b5bcc82,2021,401287894,Tulane,2,7.0,7.0,0.0,attribution_only,dip_restore,False,False,True,False,False,True
83f50f4eb84a3acb,2021,401287895,Baylor,1,0.0,7.0,7.0,points_recovery,dip_restore,False,False,True,False,False,False
2e0c7fa92c295f9f,2021,401287896,Coastal Carolina,2,7.0,7.0,0.0,attribution_only,dip_restore,False,False,True,False,False,True
10636a4e028f8641,2021,401287897,Kansas State,2,7.0,7.0,0.0,attribution_only,dip_restore,False,False,True,False,False,True
74ef1dd2823a960f,2021,401287899,Oklahoma State,1,0.0,7.0,7.0,points_recovery,incomplete_stream,True,True,False,False,False,True
6e74f04b9a6ada55,2021,401287899,Tulsa,1,0.0,6.0,6.0,points_recovery,incomplete_stream,True,True,False,False,False,True
7f99ba355b8b1ced,2021,401287900,California,2,6.0,6.0,0.0,attribution_only,dip_restore,False,False,True,False,False,True
2ae96c38942ec01b,2021,401287902,Long Island University,164,0.0,0.0,0.0,attribution_only,final_cap,False,False,False,True,False,True
b11ca6c769957725,2021,401287902,West Virginia,10,7.0,59.0,52.0,points_recovery,incomplete_stream,True,True,True,False,False,True
809b4d8f4a9fd6c4,2021,401287903,Boise State,6,0.0,20.0,20.0,points_recovery,incomplete_stream,True,True,True,False,False,True
8154661c49380e29,2021,401287903,Oklahoma State,2,7.0,7.0,0.0,attribution_only,dip_restore,False,False,True,False,False,True
adaafef1b22fef0a,2021,401287905,Kansas State,2,7.0,7.0,0.0,attribution_only,dip_restore,False,False,True,False,False,True
06df68c8c6daa675,2021,401287907,Baylor,1,0.0,3.0,3.0,points_recovery,incomplete_stream,True,True,False,False,False,True
e6ccdc7ace093099,2021,401287909,Kansas State,6,0.0,20.0,20.0,points_recovery,incomplete_stream,True,True,True,False,False,True
aebd0e5f71a3880b,2021,401287909,Oklahoma State,6,0.0,31.0,31.0,points_recovery,incomplete_stream,True,True,True,False,False,True
708671ac869a2c4f,2021,401287912,Iowa State,2,7.0,7.0,0.0,attribution_only,dip_restore,False,False,True,False,False,True
cd568195a8e0098c,2021,401287913,Oklahoma,2,3.0,3.0,0.0,attribution_only,dip_restore,False,False,True,False,False,True
2e3b6bf32f442941,2021,401287917,Baylor,2,7.0,7.0,0.0,attribution_only,dip_restore,False,False,True,False,False,True
0d68cb7df278268b,2021,401287917,Baylor,3,7.0,10.0,3.0,points_recovery,dip_restore,False,False,True,False,False,True
ea0d446bf795cb78,2021,401287917,West Virginia,1,0.0,7.0,7.0,points_recovery,dip_restore,False,False,True,False,False,False
46ec4ed2d291d20e,2021,401287919,TCU,2,7.0,7.0,0.0,attribution_only,dip_restore,False,False,True,False,False,True
8dae513780b16211,2021,401287923,TCU,2,7.0,7.0,0.0,attribution_only,dip_restore,False,False,True,False,False,True
2f52e61c5c96dd35,2021,401287928,Kansas State,2,6.0,6.0,0.0,attribution_only,dip_restore,False,False,True,False,False,True
eb30b09d04fef6d1,2021,401287929,Baylor,4,7.0,7.0,0.0,attribution_only,dip_restore,False,False,True,False,False,True
c122e15c7e3bf263,2021,401287929,Baylor,2,7.0,7.0,0.0,attribution_only,category_possession_reassignment,False,False,False,False,False,True
56f31b4f79e0f46b,2021,401287929,Baylor,2,7.0,7.0,0.0,attribution_only,category_possession_reassignment,False,False,False,False,False,True
d0684d4dd96198a6,2021,401287929,Texas,5,7.0,7.0,0.0,attribution_only,dip_restore,False,False,True,False,False,True
04ca81ba25488795,2021,401287930,Kansas State,7,1.0,15.0,14.0,points_recovery,incomplete_stream,True,True,True,False,False,True
84c4cca6896d2be2,2021,401287930,TCU,12,7.0,12.0,5.0,points_recovery,dip_restore,False,False,True,False,False,True
ac3c5e64c6d7f14e,2021,401287933,Iowa State,2,3.0,3.0,0.0,attribution_only,dip_restore,False,False,True,False,False,True
932d93f6d8ae4579,2021,401287937,Oklahoma State,2,7.0,7.0,0.0,attribution_only,dip_restore,False,False,True,False,False,True
6dcec82850aa88d1,2021,401287938,Baylor,12,24.0,24.0,0.0,attribution_only,dip_restore,False,False,True,False,False,True
40a02767eb6052bb,2021,401287938,Oklahoma,8,14.0,14.0,0.0,attribution_only,dip_restore,False,False,True,False,False,True
ab2a1314926c82db,2021,401287941,Kansas,2,7.0,7.0,0.0,attribution_only,dip_restore,False,False,True,False,False,True
f4853ffcdbdc552c,2021,401287944,Iowa State,13,2.0,21.0,19.0,points_recovery,incomplete_stream,True,True,True,False,False,True
f3ea4c08d27a4db2,2021,401287944,Oklahoma,14,1.0,28.0,27.0,points_recovery,incomplete_stream,True,True,True,False,False,True
e5fcafabfdf46329,2021,401287947,Texas,2,3.0,3.0,0.0,attribution_only,dip_restore,False,False,True,False,False,True
9af0c9eae9258749,2021,401287947,West Virginia,4,14.0,14.0,0.0,attribution_only,dip_restore,False,False,True,False,False,True
a54807db32805797,2021,401287950,West Virginia,2,7.0,7.0,0.0,attribution_only,dip_restore,False,False,True,False,False,False
45cb33036440296f,2021,401300995,UCF,2,6.0,6.0,0.0,attribution_only,dip_restore,False,False,True,False,False,True
3708b15bd06d55aa,2021,401300997,Nicholls,4,10.0,10.0,0.0,attribution_only,dip_restore,False,False,True,False,False,True
1ce57e11f485c240,2021,401300998,SMU,4,14.0,14.0,0.0,attribution_only,category_possession_reassignment,False,False,False,False,False,True
64d1ee6492c90da9,2021,401300999,Temple,5,0.0,17.0,17.0,points_recovery,incomplete_stream,True,True,False,False,False,True
55be13383fb41304,2021,401301000,Morgan State,9,14.0,14.0,0.0,attribution_only,dip_restore,False,False,True,False,False,True
e4e2c0588f999246,2021,401301002,Murray State,2,7.0,7.0,0.0,attribution_only,dip_restore,False,False,True,False,False,True
100c45b31ee744e7,2021,401301003,Arkansas State,2,6.0,6.0,0.0,attribution_only,dip_restore,False,False,True,False,False,True
6bd0314b3ffd5e6f,2021,401301003,Memphis,2,6.0,6.0,0.0,attribution_only,dip_restore,False,False,True,False,False,True
bb03e3446e5ad6f9,2021,401301003,Memphis,2,7.0,7.0,0.0,attribution_only,dip_restore,False,False,True,False,False,True
deb0b911c69aa837,2021,401301006,South Florida,2,7.0,7.0,0.0,attribution_only,dip_restore,False,False,True,False,False,True
2c282a38aed88c28,2021,401301007,Charleston Southern,2,7.0,7.0,0.0,attribution_only,dip_restore,False,False,True,False,False,True
f88aaf535b4670e7,2021,401301007,Charleston Southern,2,7.0,7.0,0.0,attribution_only,dip_restore,False,False,True,False,False,True
c99bdeae8167ebfc,2021,401301010,Wagner,3,7.0,7.0,0.0,attribution_only,dip_restore,False,False,True,False,False,True
b1c2aab306803e66,2021,401301012,Houston,2,7.0,7.0,0.0,attribution_only,dip_restore,False,False,True,False,False,True
d8a6be9f54ee2b6b,2021,401301017,Tulane,2,8.0,8.0,0.0,attribution_only,dip_restore,False,False,True,False,False,True
5f4da2dd6ef8d66e,2021,401301018,Cincinnati,2,7.0,7.0,0.0,attribution_only,dip_restore,False,False,True,False,False,True
b064f66e5e7fc279,2021,401301020,Tulsa,2,7.0,7.0,0.0,attribution_only,dip_restore,False,False,True,False,False,True
3e5d88d7372a0be8,2021,401301020,Tulsa,2,7.0,7.0,0.0,attribution_only,dip_restore,False,False,True,False,False,True
083b6dfa81d99652,2021,401301027,Navy,2,3.0,3.0,0.0,attribution_only,dip_restore,False,False,True,False,False,True
40000c6410e8fbd2,2021,401301029,South Florida,2,3.0,3.0,0.0,attribution_only,dip_restore,False,False,True,False,False,True
11cca182be0bae09,2021,401301030,Tulsa,2,7.0,7.0,0.0,attribution_only,dip_restore,False,False,True,False,False,True
2e86df6f23760df3,2021,401301031,UCF,2,6.0,7.0,1.0,points_recovery,dip_restore,False,False,True,False,False,True
23e04629f093be2d,2021,401301031,UCF,5,15.0,14.0,-1.0,points_reduction,dip_restore,False,False,True,False,False,True
c981542c4dcd1c03,2021,401301031,UCF,3,14.0,14.0,0.0,attribution_only,dip_restore,False,False,True,False,False,True
2095152bbf75126c,2021,401301032,Cincinnati,2,3.0,3.0,0.0,attribution_only,dip_restore,False,False,True,False,False,True
df6731042a90700a,2021,401301034,Houston,2,7.0,7.0,0.0,attribution_only,dip_restore,False,False,True,False,False,True
c956a53d4e8b9d3f,2021,401301035,East Carolina,2,1.0,1.0,0.0,attribution_only,dip_restore,False,False,True,False,False,True
2c5275ff97498317,2021,401301035,Temple,2,3.0,3.0,0.0,attribution_only,dip_restore,False,False,True,False,False,True
12eb9691cf727d96,2021,401301036,UCF,2,7.0,7.0,0.0,attribution_only,category_possession_reassignment,False,False,False,False,False,True
8ade22a0cb1cdd96,2021,401301041,UCF,2,7.0,7.0,0.0,attribution_only,dip_restore,False,False,True,False,False,False
1e978314607ee450,2021,401301044,Tulsa,1,0.0,7.0,7.0,points_recovery,dip_restore,False,False,True,False,False,False
54fed0cf60be6d4a,2021,401301046,Cincinnati,2,7.0,7.0,0.0,attribution_only,dip_restore,False,False,True,False,False,True
18f4e370a5546fad,2021,401301053,Memphis,2,7.0,7.0,0.0,attribution_only,dip_restore,False,False,True,False,False,True
8d337621bd43d6d2,2021,401301054,Navy,2,7.0,7.0,0.0,attribution_only,dip_restore,False,False,True,False,False,True
f7b60ebbe8717e2e,2021,401301056,Army,57,0.0,0.0,0.0,attribution_only,final_cap,False,False,False,True,False,True
8f3f92df6a5baaf7,2021,401308834,Army,2,10.0,10.0,0.0,attribution_only,other,False,False,False,False,False,False
9f8b49a48a4ef987,2021,401308834,Miami (OH),2,7.0,7.0,0.0,attribution_only,dip_restore,False,False,True,False,False,False
664bbea830943ee5,2021,401308839,Ohio,2,7.0,7.0,0.0,attribution_only,dip_restore,False,False,True,False,False,True
7475912f12a124e4,2021,401308841,Miami (OH),2,7.0,7.0,0.0,attribution_only,dip_restore,False,False,True,False,False,True
0515d9acddd106c4,2021,401308842,Kent State,2,3.0,3.0,0.0,attribution_only,dip_restore,False,False,True,False,False,True
da2cc0e45006a605,2021,401309540,Ball State,2,7.0,7.0,0.0,attribution_only,dip_restore,False,False,True,False,False,True
85e2433213dcf8f7,2021,401309540,Western Illinois,2,7.0,7.0,0.0,attribution_only,dip_restore,False,False,True,False,False,True
59c62890a68e0b3c,2021,401309543,Toledo,2,7.0,7.0,0.0,attribution_only,dip_restore,False,False,True,False,False,True
cec7e9aedc464877,2021,401309546,Bowling Green,5,0.0,19.0,19.0,points_recovery,incomplete_stream,True,True,False,False,False,True
1768dafc5939cd52,2021,401309546,South Alabama,5,0.0,18.0,18.0,points_recovery,incomplete_stream,True,True,False,False,False,True
4b3dd8365a0485f0,2021,401309547,Northern Illinois,2,7.0,7.0,0.0,attribution_only,dip_restore,False,False,True,False,False,True
474b1ba4414558f2,2021,401309547,Wyoming,2,7.0,7.0,0.0,attribution_only,dip_restore,False,False,True,False,False,True
8885e3983d151db4,2021,401309547,Wyoming,11,0.0,0.0,0.0,attribution_only,final_cap,False,False,False,True,False,True
efec58896274754e,2021,401309548,Central Michigan,9,0.0,25.0,25.0,points_recovery,restoration_gt8,False,True,True,False,False,True
5af9bacc715425ae,2021,401309549,Ball State,2,6.0,6.0,0.0,attribution_only,dip_restore,False,False,True,False,False,True
e900a6cb40dab008,2021,401309551,Bowling Green,6,0.0,26.0,26.0,points_recovery,incomplete_stream,True,True,True,False,False,True
aa1d03457e5271fd,2021,401309551,Murray State,6,0.0,10.0,10.0,points_recovery,incomplete_stream,True,True,True,False,False,True
9f3164b21e84403d,2021,401309553,Colorado State,2,3.0,3.0,0.0,attribution_only,dip_restore,False,False,True,False,False,True
b93e38189ed73827,2021,401309553,Colorado State,2,3.0,3.0,0.0,attribution_only,dip_restore,False,False,True,False,False,True
7d64d456b55b28a1,2021,401309554,Western Michigan,2,7.0,7.0,0.0,attribution_only,dip_restore,False,False,True,False,False,True
0e135764adac23cb,2021,401309555,Ball State,2,3.0,3.0,0.0,attribution_only,dip_restore,False,False,True,False,False,True
8b240ee0ffabb4ce,2021,401309556,Maine,2,7.0,7.0,0.0,attribution_only,dip_restore,False,False,True,False,False,True
ea8e434d59d42c1f,2021,401309557,Eastern Michigan,2,7.0,7.0,0.0,attribution_only,dip_restore,False,False,True,False,False,True
9de6b53c0b9fa8b9,2021,401309557,Texas State,2,7.0,7.0,0.0,attribution_only,dip_restore,False,False,True,False,False,True
b947ca7cc18f884f,2021,401309558,Eastern Michigan,2,3.0,3.0,0.0,attribution_only,dip_restore,False,False,True,False,False,True
024385e08fb1646b,2021,401309559,Ball State,2,7.0,7.0,0.0,attribution_only,dip_restore,False,False,True,False,False,True
753c33c62ebbbc8f,2021,401309560,Akron,9,1.0,17.0,16.0,points_recovery,incomplete_stream,True,True,True,False,False,True
0c4b30828e055b4f,2021,401309560,Ohio,12,1.0,34.0,33.0,points_recovery,incomplete_stream,True,True,True,False,False,True
4e1fe755a9d7fb0b,2021,401309569,Toledo,2,7.0,7.0,0.0,attribution_only,dip_restore,False,False,True,False,False,True
9113f13529cb06a8,2021,401309570,Bowling Green,2,3.0,3.0,0.0,attribution_only,restoration_gt8,False,True,True,False,False,True
0add578d0e1e38f4,2021,401309574,Bowling Green,9,0.0,23.0,23.0,points_recovery,incomplete_stream,True,True,True,False,False,True
d8f3c39d336ca074,2021,401309574,Eastern Michigan,6,6.0,24.0,18.0,points_recovery,incomplete_stream,True,True,True,False,False,True
366db87b297788f3,2021,401309575,Buffalo,6,0.0,21.0,21.0,points_recovery,incomplete_stream,True,True,True,False,False,True
e294fe11caacb333,2021,401309578,Bowling Green,23,2.0,56.0,54.0,points_recovery,incomplete_stream,True,True,True,False,False,True
011a185cd50cd418,2021,401309578,Buffalo,18,30.0,30.0,0.0,attribution_only,dip_restore,False,False,True,False,False,True
56c1767785cbdc2b,2021,401309578,Buffalo,2,7.0,7.0,0.0,attribution_only,category_possession_reassignment,False,False,False,False,False,True
7838212c3960fc1f,2021,401309579,Akron,12,0.0,25.0,25.0,points_recovery,incomplete_stream,True,True,True,False,False,True
5c5ac6bec9a406ca,2021,401309579,Ball State,7,0.0,31.0,31.0,points_recovery,incomplete_stream,True,True,True,False,False,True
a9583ade03a9d424,2021,401309581,Western Michigan,2,7.0,7.0,0.0,attribution_only,dip_restore,False,False,True,False,False,True
ce3f92ab37e1ab40,2021,401309582,Northern Illinois,2,7.0,7.0,0.0,attribution_only,dip_restore,False,False,True,False,False,True
34d7ad875b5c80bc,2021,401309585,Toledo,2,7.0,7.0,0.0,attribution_only,dip_restore,False,False,True,False,False,True
af00e23cef35f22b,2021,401309585,Toledo,2,7.0,7.0,0.0,attribution_only,dip_restore,False,False,True,False,False,True
dafef1d20fe6b9cb,2021,401309586,Central Michigan,2,7.0,7.0,0.0,attribution_only,dip_restore,False,False,True,False,False,True
45834a36437e2653,2021,401309589,Ohio,8,6.0,6.0,0.0,attribution_only,dip_restore,False,False,True,False,False,True
e8370c3277d330d6,2021,401309589,Toledo,2,7.0,7.0,0.0,attribution_only,dip_restore,False,False,True,False,False,True
1cd0bf90d6f9c5d8,2021,401309589,Toledo,2,7.0,7.0,0.0,attribution_only,dip_restore,False,False,True,False,False,True
0b6aae79bcffb8e8,2021,401309591,Ball State,19,0.0,17.0,17.0,points_recovery,incomplete_stream,True,True,True,False,False,True
233aac144923deaa,2021,401309591,Central Michigan,12,3.0,14.0,11.0,points_recovery,incomplete_stream,True,True,True,False,False,True
43aa67647a9701e6,2021,401309594,Northern Illinois,2,7.0,7.0,0.0,attribution_only,dip_restore,False,False,True,False,False,True
36d925acc88c945c,2021,401309596,Bowling Green,2,2.0,2.0,0.0,attribution_only,dip_restore,False,False,True,False,False,True
10e7bb878491bd19,2021,401309596,Ohio,2,7.0,7.0,0.0,attribution_only,dip_restore,False,False,True,False,False,True
ebc3780d65046de7,2021,401309602,Troy,2,7.0,7.0,0.0,attribution_only,dip_restore,False,False,True,False,False,True
4678641cb859d2e2,2021,401309603,Nicholls,2,7.0,7.0,0.0,attribution_only,dip_restore,False,False,True,False,False,True
72508e40631a7f02,2021,401309605,Arkansas State,2,3.0,3.0,0.0,attribution_only,dip_restore,False,False,True,False,False,True
e5aae70fa919d586,2021,401309609,Texas State,2,7.0,7.0,0.0,attribution_only,dip_restore,False,False,True,False,False,True
663050ed3c75de0e,2021,401309610,Louisiana,2,7.0,7.0,0.0,attribution_only,dip_restore,False,False,True,False,False,True
e2b484b8222fb2ff,2021,401309612,Appalachian State,2,7.0,7.0,0.0,attribution_only,dip_restore,False,False,True,False,False,True
d22ca94c3d26417d,2021,401309613,Georgia Southern,2,7.0,7.0,0.0,attribution_only,dip_restore,False,False,True,False,False,True
6d39f115a5e61fa5,2021,401309614,Coastal Carolina,2,7.0,7.0,0.0,attribution_only,dip_restore,False,False,True,False,False,True
eb38da490fd7b9f4,2021,401309616,Coastal Carolina,2,7.0,7.0,0.0,attribution_only,dip_restore,False,False,True,False,False,True
a94169b0dfa198be,2021,401309618,Georgia State,4,14.0,14.0,0.0,attribution_only,dip_restore,False,False,True,False,False,True
a2a92b81557626e2,2021,401309620,Louisiana,2,7.0,7.0,0.0,attribution_only,dip_restore,False,False,True,False,False,True
955ab7d626c5033f,2021,401309621,Georgia Southern,2,3.0,3.0,0.0,attribution_only,dip_restore,False,False,True,False,False,True
c072458585da74f8,2021,401309625,Georgia State,2,7.0,7.0,0.0,attribution_only,dip_restore,False,False,True,False,False,True
60d2a53151e4dee0,2021,401309628,Appalachian State,2,7.0,7.0,0.0,attribution_only,dip_restore,False,False,True,False,False,True
e9fdd1cbc1477397,2021,401309631,Louisiana,1,6.0,7.0,1.0,points_recovery,restoration_gt8,False,True,False,False,False,False
d342c3d37546861e,2021,401309631,Louisiana,1,4.0,3.0,-1.0,points_reduction,restoration_gt8,False,True,False,False,False,False
3b8acf8741af9aea,2021,401309631,Louisiana,4,6.0,25.0,19.0,points_recovery,incomplete_stream,True,True,False,False,False,True
63d109beedeee052,2021,401309632,Louisiana,2,7.0,7.0,0.0,attribution_only,dip_restore,False,False,True,False,False,True
241aacc013418e4b,2021,401309633,Appalachian State,4,7.0,8.0,1.0,points_recovery,dip_restore,False,False,True,False,False,True
0450fb0013d0275e,2021,401309633,Appalachian State,1,1.0,0.0,-1.0,points_reduction,category_possession_reassignment,False,False,False,False,False,True
0794cd9025ece95b,2021,401309633,Appalachian State,1,6.0,7.0,1.0,points_recovery,other,False,False,False,False,False,False
4c3e3e77190b713e,2021,401309633,Appalachian State,2,4.0,3.0,-1.0,points_reduction,dip_restore,False,False,True,False,False,True
d5378bd244bc77c4,2021,401309633,Arkansas State,1,6.0,7.0,1.0,points_recovery,other,False,False,False,False,False,False
bbc1d9f8bcaa8166,2021,401309633,Arkansas State,1,1.0,0.0,-1.0,points_reduction,category_possession_reassignment,False,False,False,False,False,True
51290917eb4b2c57,2021,401309634,Coastal Carolina,2,7.0,7.0,0.0,attribution_only,dip_restore,False,False,True,False,False,True
0f0517b9392d3555,2021,401309634,Georgia Southern,2,8.0,8.0,0.0,attribution_only,dip_restore,False,False,True,False,False,True
e00c3d27036744e1,2021,401309636,South Alabama,2,7.0,7.0,0.0,attribution_only,dip_restore,False,False,True,False,False,False
4f5ebbc7abd307ec,2021,401309639,Coastal Carolina,3,6.0,6.0,0.0,attribution_only,dip_restore,False,False,True,False,False,True
8862900c54c582cd,2021,401309640,Georgia Southern,2,7.0,7.0,0.0,attribution_only,dip_restore,False,False,True,False,False,True
db93a8b5047ee230,2021,401309647,Arkansas State,4,10.0,10.0,0.0,attribution_only,dip_restore,False,False,True,False,False,True
1ed7f8a84e4c11d5,2021,401309647,Texas State,3,7.0,7.0,0.0,attribution_only,dip_restore,False,False,True,False,False,True
2167bc52946adad8,2021,401309649,Georgia State,2,7.0,7.0,0.0,attribution_only,dip_restore,False,False,True,False,False,True
5c4ec9ff32e71dbe,2021,401309753,Ohio,2,7.0,7.0,0.0,attribution_only,dip_restore,False,False,True,False,False,True
99faf069f8f704af,2021,401309834,Utah,2,7.0,7.0,0.0,attribution_only,dip_restore,False,False,True,False,False,True
cac262bc7a0444cb,2021,401309834,Utah,2,7.0,7.0,0.0,attribution_only,dip_restore,False,False,True,False,False,True
d2d4b7e7f207566d,2021,401309834,Weber State,2,7.0,7.0,0.0,attribution_only,dip_restore,False,False,True,False,False,True
5677ce721ecea38f,2021,401309835,Arizona State,2,7.0,7.0,0.0,attribution_only,dip_restore,False,False,True,False,False,True
479e5b5f666d2830,2021,401309837,Nevada,7,3.0,22.0,19.0,points_recovery,incomplete_stream,True,True,True,False,False,True
f6e06f7f8fc66eeb,2021,401309840,Utah State,2,8.0,8.0,0.0,attribution_only,dip_restore,False,False,True,False,False,True
1e0f88e553640737,2021,401309840,Washington State,5,1.0,17.0,16.0,points_recovery,incomplete_stream,True,True,True,False,False,True
ffb6cf0a2a8a5ed8,2021,401309849,Sacramento State,2,7.0,7.0,0.0,attribution_only,dip_restore,False,False,True,False,False,True
104e23e618aeb97e,2021,401309849,Sacramento State,4,10.0,10.0,0.0,attribution_only,dip_restore,False,False,True,False,False,True
5518dc16c5cb3fbd,2021,401309850,Oregon,2,7.0,7.0,0.0,attribution_only,dip_restore,False,False,True,False,False,True
46edb14bfd5eb898,2021,401309850,Stony Brook,2,7.0,7.0,0.0,attribution_only,dip_restore,False,False,True,False,False,True
b94ccd35a4453787,2021,401309851,Oregon State,2,7.0,7.0,0.0,attribution_only,dip_restore,False,False,True,False,False,True
7ea8681c54101daf,2021,401309851,Oregon State,2,7.0,7.0,0.0,attribution_only,dip_restore,False,False,True,False,False,True
c2fc0ae39403d65a,2021,401309853,Northern Arizona,1,0.0,0.0,0.0,attribution_only,final_cap,False,False,False,True,False,True
42f0cc7d48bac45f,2021,401309858,Stanford,1,0.0,7.0,7.0,points_recovery,dip_restore,False,False,True,False,False,False
8cc4860ce8902fbe,2021,401309858,Stanford,1,7.0,0.0,-7.0,points_reduction,category_possession_reassignment,False,False,False,False,False,True
5800485299cb632d,2021,401309858,UCLA,6,21.0,21.0,0.0,attribution_only,dip_restore,False,False,True,False,False,True
8a4023a64d5cac19,2021,401309859,Arizona,2,2.0,2.0,0.0,attribution_only,dip_restore,False,False,True,False,False,True
d1c3a4bec6ef3ae4,2021,401309860,Oregon State,2,7.0,7.0,0.0,attribution_only,dip_restore,False,False,True,False,False,True
2023c0f1386cfc58,2021,401309862,Arizona State,2,7.0,7.0,0.0,attribution_only,dip_restore,False,False,True,False,False,True
069d5c612b39ccf5,2021,401309863,Washington State,2,10.0,10.0,0.0,attribution_only,other,False,False,False,False,False,False
0ca82c5dcf36c2d5,2021,401309865,Oregon State,2,3.0,3.0,0.0,attribution_only,dip_restore,False,False,True,False,False,True
929c743f4010dd46,2021,401309867,USC,2,7.0,7.0,0.0,attribution_only,dip_restore,False,False,True,False,False,True
a58c21194cde51f8,2021,401309869,Washington State,2,7.0,7.0,0.0,attribution_only,dip_restore,False,False,True,False,False,True
8976ce667ff63abf,2021,401309871,USC,3,8.0,8.0,0.0,attribution_only,dip_restore,False,False,True,False,False,True
adf444a7379754ec,2021,401309871,Utah,2,7.0,7.0,0.0,attribution_only,dip_restore,False,False,True,False,False,True
0fb12f7609904ed4,2021,401309873,Stanford,2,8.0,8.0,0.0,attribution_only,dip_restore,False,False,True,False,False,True
c100452aaae6ec05,2021,401309873,Washington State,2,7.0,7.0,0.0,attribution_only,dip_restore,False,False,True,False,False,True
d4ea89c780b49f8c,2021,401309875,Colorado,3,7.0,7.0,0.0,attribution_only,dip_restore,False,False,True,False,False,True
9e3242293bd077ed,2021,401309882,California,2,3.0,3.0,0.0,attribution_only,dip_restore,False,False,True,False,False,True
3a47204f6a5e55f7,2021,401309882,California,15,8.0,8.0,0.0,attribution_only,final_cap,False,False,False,True,False,True
ed5649b318029d07,2021,401309882,Oregon State,11,0.0,0.0,0.0,attribution_only,final_cap,False,False,False,True,False,True
c8f16e0b39ad6406,2021,401309884,Oregon,2,13.0,13.0,0.0,attribution_only,other,False,False,False,False,False,False
71497c14b4046eed,2021,401309884,Oregon,2,7.0,7.0,0.0,attribution_only,category_possession_reassignment,False,False,False,False,False,True
76f7cd60f24d088a,2021,401309886,Arizona,2,3.0,3.0,0.0,attribution_only,dip_restore,False,False,True,False,False,True
89ddae66bb80a9f3,2021,401309891,Colorado,4,10.0,10.0,0.0,attribution_only,dip_restore,False,False,True,False,False,True
12023bd313c2afbd,2021,401309891,Colorado,4,14.0,14.0,0.0,attribution_only,category_possession_reassignment,False,False,False,False,False,True
ead9f629bca9b54c,2021,401309891,Oregon State,2,7.0,7.0,0.0,attribution_only,restoration_gt8,False,True,False,False,False,True
045ba6699a7d3a1a,2021,401309891,Oregon State,1,6.0,7.0,1.0,points_recovery,restoration_gt8,False,True,False,False,False,False
b04160d6e2258e7a,2021,401309891,Oregon State,1,1.0,0.0,-1.0,points_reduction,restoration_gt8,False,True,False,False,False,True
82a4f26dad068d64,2021,401309891,Oregon State,2,7.0,7.0,0.0,attribution_only,restoration_gt8,False,True,True,False,False,False
ff085fd82628b9f2,2021,401309892,Arizona State,2,3.0,3.0,0.0,attribution_only,dip_restore,False,False,True,False,False,True
88c324c097340ec5,2021,401309897,Arizona State,2,7.0,7.0,0.0,attribution_only,dip_restore,False,False,True,False,False,True
a807cae2099f1a2b,2021,401309898,Colorado,2,3.0,3.0,0.0,attribution_only,dip_restore,False,False,True,False,False,True
92017784a7852fc4,2021,401309898,UCLA,2,7.0,7.0,0.0,attribution_only,dip_restore,False,False,True,False,False,True
db3edc22d4ae20b6,2021,401309899,Arizona,1,0.0,3.0,3.0,points_recovery,dip_restore,False,False,True,False,False,False
a876d898b47bac11,2021,401309899,Arizona,1,3.0,0.0,-3.0,points_reduction,category_possession_reassignment,False,False,False,False,False,True
0d8c0c4c22920871,2021,401309900,California,2,7.0,7.0,0.0,attribution_only,dip_restore,False,False,True,False,False,True
0a1e334f67b1a4b0,2021,401309900,Stanford,4,0.0,0.0,0.0,attribution_only,final_cap,False,False,False,True,False,True
ab06db8c97a084c3,2021,401309904,UCLA,2,7.0,7.0,0.0,attribution_only,restoration_gt8,False,True,True,False,False,True
3217245f061ea040,2021,401309904,UCLA,2,7.0,7.0,0.0,attribution_only,restoration_gt8,False,True,True,False,False,True
89c2575bde6fcf05,2021,401309904,UCLA,5,0.0,27.0,27.0,points_recovery,incomplete_stream,True,True,False,False,False,True
45bddc4fa5a43ca7,2021,401309904,USC,2,0.0,7.0,7.0,points_recovery,incomplete_stream,True,True,False,False,False,True
9b13e5c91bb6f57b,2021,401309905,Washington State,2,7.0,7.0,0.0,attribution_only,dip_restore,False,False,True,False,False,True
b5d12d0f77b64841,2021,401309905,Washington State,2,7.0,7.0,0.0,attribution_only,dip_restore,False,False,True,False,False,True
e9621e6497d18176,2021,401309906,Colorado,1,0.0,0.0,0.0,attribution_only,incomplete_stream,True,True,False,False,False,True
9daa1012e9586a5e,2021,401309907,UCLA,2,3.0,3.0,0.0,attribution_only,dip_restore,False,False,True,False,False,True
77c42a307d658e39,2021,401309908,Oregon,2,7.0,7.0,0.0,attribution_only,dip_restore,False,False,True,False,False,True
df589405efbbf707,2021,401309908,Oregon State,2,8.0,8.0,0.0,attribution_only,dip_restore,False,False,True,False,False,True
0eb92f115425e500,2021,401309909,Arizona,2,6.0,6.0,0.0,attribution_only,dip_restore,False,False,True,False,False,True
d928b50aea585550,2021,401309909,Arizona State,2,7.0,7.0,0.0,attribution_only,dip_restore,False,False,True,False,False,True
ab5a477a86b02964,2021,401309909,Arizona State,2,7.0,7.0,0.0,attribution_only,dip_restore,False,False,True,False,False,True
4e8bf29f457b65da,2021,401309912,BYU,2,3.0,3.0,0.0,attribution_only,dip_restore,False,False,True,False,False,True
ecebc0ac49f23e4b,2021,401310253,Air Force,2,11.0,11.0,0.0,attribution_only,other,False,False,False,False,False,False
b41220ad1bcb065b,2021,401310253,Army,3,7.0,7.0,0.0,attribution_only,dip_restore,False,False,True,False,False,True
f0ede01331656223,2021,401310253,Army,1,0.0,0.0,0.0,attribution_only,final_cap,False,False,False,True,False,True
fd8b344e9e557c47,2021,401310697,Montana State,6,7.0,7.0,0.0,attribution_only,dip_restore,False,False,True,False,False,True
5845a882505b771a,2021,401310697,Montana State,2,6.0,6.0,0.0,attribution_only,dip_restore,False,False,True,False,False,True
cb4e8584ac6d719d,2021,401310697,Wyoming,6,9.0,9.0,0.0,attribution_only,dip_restore,False,False,True,False,False,True
aa589cf2ea9526ef,2021,401310700,New Mexico State,1,0.0,2.0,2.0,points_recovery,dip_restore,False,False,True,False,False,False
fc08adecda761015,2021,401310700,New Mexico State,2,0.0,0.0,0.0,attribution_only,dip_restore,False,False,True,False,False,True
fecdcbb80e2895df,2021,401310701,North Dakota,2,7.0,7.0,0.0,attribution_only,restoration_gt8,False,True,True,False,False,True
eef9d59c926dd3ec,2021,401310701,North Dakota,6,1.0,10.0,9.0,points_recovery,incomplete_stream,True,True,True,False,False,True
5a85521a9864c22c,2021,401310701,Utah State,8,1.0,41.0,40.0,points_recovery,incomplete_stream,True,True,True,False,False,True
99dc87cb4779ce5c,2021,401310703,Nevada,4,7.0,7.0,0.0,attribution_only,dip_restore,False,False,True,False,False,True
93468921f03f4dce,2021,401310703,Nevada,2,7.0,7.0,0.0,attribution_only,dip_restore,False,False,True,False,False,True
0df12c9d567699ae,2021,401310704,Air Force,2,7.0,7.0,0.0,attribution_only,dip_restore,False,False,True,False,False,False
ddc457e9cab54bbb,2021,401310704,Utah State,2,7.0,7.0,0.0,attribution_only,dip_restore,False,False,True,False,False,True
203af46e5171b5f8,2021,401310708,Hawai_i,2,7.0,7.0,0.0,attribution_only,dip_restore,False,False,True,False,False,True
427f8760a1e579f9,2021,401310709,San Diego State,2,7.0,7.0,0.0,attribution_only,dip_restore,False,False,True,False,False,True
499d98cc415f36c6,2021,401310711,Boise State,2,7.0,7.0,0.0,attribution_only,dip_restore,False,False,True,False,False,True
53976c9846e83c16,2021,401310711,Nevada,2,7.0,7.0,0.0,attribution_only,dip_restore,False,False,True,False,False,True
b82170fae163d6bc,2021,401310712,Fresno State,2,7.0,7.0,0.0,attribution_only,dip_restore,False,False,True,False,False,True
47596087482b4ba2,2021,401310713,San Jose State,2,7.0,7.0,0.0,attribution_only,dip_restore,False,False,True,False,False,True
289105a980cd6988,2021,401310715,Colorado State,5,7.0,7.0,0.0,attribution_only,dip_restore,False,False,True,False,False,True
f50e878e394bd732,2021,401310716,San Diego State,2,7.0,7.0,0.0,attribution_only,dip_restore,False,False,True,False,False,False
d06b666596a2f044,2021,401310717,New Mexico State,2,7.0,7.0,0.0,attribution_only,dip_restore,False,False,True,False,False,True
dbbeebc522fdbad2,2021,401310720,UNLV,2,7.0,7.0,0.0,attribution_only,dip_restore,False,False,True,False,False,True
18fb70f49aca313b,2021,401310720,Utah State,2,7.0,7.0,0.0,attribution_only,dip_restore,False,False,True,False,False,True
bcfd002057519001,2021,401310723,San Jose State,1,0.0,0.0,0.0,attribution_only,final_cap,False,False,False,True,False,True
e73a80d71db667e1,2021,401310729,San Jose State,2,3.0,3.0,0.0,attribution_only,dip_restore,False,False,True,False,False,True
bb00852a39ff8e06,2021,401310729,San Jose State,2,7.0,7.0,0.0,attribution_only,dip_restore,False,False,True,False,False,True
b18bd80de2d81919,2021,401310729,UNLV,5,7.0,7.0,0.0,attribution_only,dip_restore,False,False,True,False,False,True
cd5f361abe4a6bef,2021,401310731,Hawai_i,5,15.0,15.0,0.0,attribution_only,category_possession_reassignment,False,False,False,False,False,True
11895559b645b477,2021,401310731,Utah State,12,0.0,44.0,44.0,points_recovery,incomplete_stream,True,True,True,False,False,True
14f2e2e68fcbdceb,2021,401310733,Fresno State,1,6.0,7.0,1.0,points_recovery,other,False,False,False,False,False,False
11071282733239c3,2021,401310733,Fresno State,1,4.0,3.0,-1.0,points_reduction,other,False,False,False,False,False,False
c0ebe5526ab18cfb,2021,401310733,San Diego State,2,7.0,7.0,0.0,attribution_only,category_possession_reassignment,False,False,False,False,False,True
62de1d245ef8537f,2021,401310733,San Diego State,1,6.0,7.0,1.0,points_recovery,other,False,False,False,False,False,False
00103ad646f577e7,2021,401310734,Nevada,2,7.0,7.0,0.0,attribution_only,dip_restore,False,False,True,False,False,True
ccbee10b1162c9dd,2021,401310736,Wyoming,2,7.0,7.0,0.0,attribution_only,dip_restore,False,False,True,False,False,True
46370b02c9e17f45,2021,401310738,New Mexico State,4,10.0,10.0,0.0,attribution_only,dip_restore,False,False,True,False,False,True
4efa04771109bc78,2021,401310741,Air Force,2,7.0,7.0,0.0,attribution_only,dip_restore,False,False,True,False,False,True
ad2e8575a5479092,2021,401310743,Fresno State,2,7.0,7.0,0.0,attribution_only,dip_restore,False,False,True,False,False,True
963e746abc3739ee,2021,401310746,Nevada,2,7.0,7.0,0.0,attribution_only,dip_restore,False,False,True,False,False,True
7da74354757f98ec,2021,401310747,Air Force,2,7.0,7.0,0.0,attribution_only,dip_restore,False,False,True,False,False,True
f354175a5616519c,2021,401310749,Colorado State,2,7.0,7.0,0.0,attribution_only,dip_restore,False,False,True,False,False,True
d81e540629ee07e0,2021,401310750,Utah State,2,10.0,10.0,0.0,attribution_only,other,False,False,False,False,False,False
4fdc67d30899a368,2021,401310750,Wyoming,2,7.0,7.0,0.0,attribution_only,restoration_gt8,False,True,True,False,False,True
eb92efa2dfb4199e,2021,401310751,UNLV,2,7.0,7.0,0.0,attribution_only,dip_restore,False,False,True,False,False,True
0ba430220bf7da46,2021,401310754,Nevada,2,7.0,7.0,0.0,attribution_only,dip_restore,False,False,True,False,False,True
910a4b3285d39368,2021,401310755,Utah State,4,14.0,14.0,0.0,attribution_only,dip_restore,False,False,True,False,False,True
04e44ec840d0bc5c,2021,401310756,Hawai_i,2,7.0,7.0,0.0,attribution_only,dip_restore,False,False,True,False,False,True
f855e951e397ccb5,2021,401310756,Hawai_i,2,7.0,7.0,0.0,attribution_only,dip_restore,False,False,True,False,False,True
a7d49a32ee69afb1,2021,401310757,Fresno State,2,2.0,2.0,0.0,attribution_only,dip_restore,False,False,True,False,False,True
1c4108c8e820f61b,2021,401319455,New Mexico State,2,7.0,7.0,0.0,attribution_only,dip_restore,False,False,True,False,False,True
f2d3c9d1ca8e15bd,2021,401319455,South Carolina State,7,0.0,0.0,0.0,attribution_only,final_cap,False,False,False,True,False,True
bc11424f020766cb,2021,401327913,Fordham,5,7.0,7.0,0.0,attribution_only,dip_restore,False,False,True,False,False,True
e2eab0fe5e319b08,2021,401327913,Nebraska,9,0.0,7.0,7.0,points_recovery,incomplete_stream,True,True,True,False,False,True
87c25a8c4e017cd9,2021,401331159,Utah,2,8.0,8.0,0.0,attribution_only,dip_restore,False,False,True,False,False,True
18b00184cdf7baa2,2021,401331160,Northern Illinois,2,7.0,7.0,0.0,attribution_only,dip_restore,False,False,True,False,False,True
902060dfcf1e7f13,2021,401331162,Cincinnati,2,7.0,7.0,0.0,attribution_only,dip_restore,False,False,True,False,False,True
670e8df4d2884d4d,2021,401331164,Toledo,2,7.0,7.0,0.0,attribution_only,dip_restore,False,False,True,False,False,True
4a82f9ce6eb381a3,2021,401331167,Fresno State,7,0.0,25.0,25.0,points_recovery,incomplete_stream,True,False,False,False,False,True
3e4690861d6e40e9,2021,401331169,Liberty,2,6.0,6.0,0.0,attribution_only,dip_restore,False,False,True,False,False,True
84f87d4dd77b7a3f,2021,401331172,Old Dominion,2,7.0,7.0,0.0,attribution_only,dip_restore,False,False,True,False,False,True
e8e5678bcf7bfae5,2021,401331213,Kent State,2,7.0,7.0,0.0,attribution_only,dip_restore,False,False,True,False,False,True
e0801bb328742100,2021,401331216,Florida,2,7.0,7.0,0.0,attribution_only,dip_restore,False,False,True,False,False,True
fd54dc799c2a6107,2021,401331216,UCF,2,7.0,7.0,0.0,attribution_only,dip_restore,False,False,True,False,False,True
58cd91beeacaf003,2021,401331219,Nevada,2,7.0,7.0,0.0,attribution_only,dip_restore,False,False,True,False,False,True
be86a284a6f28ecb,2021,401331222,Air Force,2,3.0,3.0,0.0,attribution_only,dip_restore,False,False,True,False,False,False
0865c9bb7d50e878,2021,401331222,Louisville,2,7.0,7.0,0.0,attribution_only,dip_restore,False,False,True,False,False,True
86dd85741b4cedc9,2021,401331226,Maryland,2,7.0,7.0,0.0,attribution_only,dip_restore,False,False,True,False,False,True
f026d5e5e84655d7,2021,401331226,Virginia Tech,2,7.0,7.0,0.0,attribution_only,dip_restore,False,False,True,False,False,True
1a51542b19ebc2ec,2021,401331229,South Carolina,2,7.0,7.0,0.0,attribution_only,dip_restore,False,False,True,False,False,True
faf4a0caaa1aea9e,2021,401331229,South Carolina,2,7.0,7.0,0.0,attribution_only,dip_restore,False,False,True,False,False,True
39d11ea5b53a6950,2021,401331231,Michigan State,2,6.0,6.0,0.0,attribution_only,dip_restore,False,False,True,False,False,True
87f206da4e8025ce,2021,401331654,Washington State,2,7.0,7.0,0.0,attribution_only,dip_restore,False,False,True,False,False,True
9df1a7095f75b900,2021,401387250,California,6,3.0,24.0,21.0,points_recovery,incomplete_stream,True,True,True,False,False,True
c21daed3dcf3b608,2021,401387250,USC,3,7.0,7.0,0.0,attribution_only,dip_restore,False,False,True,False,False,True
307ddca933204737,2022,401403853,Vanderbilt,2,7.0,7.0,0.0,attribution_only,dip_restore,False,False,True,False,False,True
c74f7b609e87bd5b,2022,401403853,Vanderbilt,2,7.0,7.0,0.0,attribution_only,dip_restore,False,False,True,False,False,True
dcd07be6c0992f86,2022,401403859,Miami (OH),1,0.0,3.0,3.0,points_recovery,incomplete_stream,True,True,False,False,False,True
fa6273dcf9cde78b,2022,401403861,Memphis,2,6.0,6.0,0.0,attribution_only,dip_restore,False,False,True,False,False,True
d85d655a0b5fcb4d,2022,401403861,Mississippi State,2,7.0,7.0,0.0,attribution_only,dip_restore,False,False,True,False,False,True
6e25c99d4ab52a0e,2022,401403863,South Carolina,2,6.0,6.0,0.0,attribution_only,dip_restore,False,False,True,False,False,True
840bc4ee1fcbc867,2022,401403863,South Carolina,10,15.0,15.0,0.0,attribution_only,dip_restore,False,False,True,False,False,True
76efa9ce6e8bb6b2,2022,401403864,Tennessee,2,7.0,7.0,0.0,attribution_only,dip_restore,False,False,True,False,False,True
f72a1b559fda8e75,2022,401403867,LSU,36,0.0,0.0,0.0,attribution_only,final_cap,False,False,False,True,False,True
499fb310dd931aeb,2022,401403873,LSU,2,0.0,14.0,14.0,points_recovery,incomplete_stream,True,True,True,False,False,True
92821d4adb7567f4,2022,401403876,Missouri,3,6.0,6.0,0.0,attribution_only,dip_restore,False,False,True,False,False,True
f0b59cb55b5ee12f,2022,401403878,Texas A&M,2,7.0,7.0,0.0,attribution_only,dip_restore,False,False,True,False,False,True
f22d78964f63491c,2022,401403879,Vanderbilt,2,8.0,8.0,0.0,attribution_only,dip_restore,False,False,True,False,False,True
29b62fe68b58b06a,2022,401403880,Alabama,1,0.0,7.0,7.0,points_recovery,incomplete_stream,True,True,False,False,False,True
1cbc4fbda7a45863,2022,401403880,Louisiana Monroe,10,0.0,0.0,0.0,attribution_only,final_cap,False,False,False,True,False,True
f4397eeb079523cf,2022,401403882,Penn State,2,3.0,3.0,0.0,attribution_only,dip_restore,False,False,True,False,False,True
874feccb7c0495d5,2022,401403883,South Florida,2,7.0,7.0,0.0,attribution_only,dip_restore,False,False,True,False,False,True
b991ae1e8da77407,2022,401403885,LSU,2,7.0,7.0,0.0,attribution_only,dip_restore,False,False,True,False,False,True
b5bd3f2d4706c4b4,2022,401403901,Florida,3,12.0,12.0,0.0,attribution_only,dip_restore,False,False,True,False,False,True
c59fce990b01eac4,2022,401403903,LSU,2,7.0,7.0,0.0,attribution_only,dip_restore,False,False,True,False,False,True
2541cbadfeac46f9,2022,401403904,Florida,2,7.0,7.0,0.0,attribution_only,dip_restore,False,False,True,False,False,True
77dc3fd09beb8e8b,2022,401403906,Mississippi State,2,7.0,7.0,0.0,attribution_only,dip_restore,False,False,True,False,False,True
b0e184e5e6c7ac37,2022,401403906,Mississippi State,2,7.0,7.0,0.0,attribution_only,dip_restore,False,False,True,False,False,True
32155f2bffb9823b,2022,401403909,Alabama,2,7.0,7.0,0.0,attribution_only,dip_restore,False,False,True,False,False,True
e00084b01cee8b18,2022,401403915,Ole Miss,2,3.0,3.0,0.0,attribution_only,dip_restore,False,False,True,False,False,True
0830b9889517d84a,2022,401403915,Ole Miss,2,7.0,7.0,0.0,attribution_only,dip_restore,False,False,True,False,False,True
b44fd14e8de508eb,2022,401403915,Vanderbilt,2,3.0,3.0,0.0,attribution_only,dip_restore,False,False,True,False,False,True
586420abcb2bdd6c,2022,401403916,BYU,2,7.0,7.0,0.0,attribution_only,dip_restore,False,False,True,False,False,True
9c28624fad74c73f,2022,401403926,UT Martin,2,7.0,7.0,0.0,attribution_only,dip_restore,False,False,True,False,False,True
6a66f7af176d803d,2022,401403927,Auburn,2,7.0,7.0,0.0,attribution_only,dip_restore,False,False,True,False,False,True
8c1631a8330a5b34,2022,401403930,Tennessee,2,6.0,6.0,0.0,attribution_only,dip_restore,False,False,True,False,False,True
bd6ff033c6c4e61f,2022,401403931,Ole Miss,2,7.0,7.0,0.0,attribution_only,dip_restore,False,False,True,False,False,True
cf0486c072cb4ffe,2022,401403931,Texas A&M,2,7.0,7.0,0.0,attribution_only,dip_restore,False,False,True,False,False,True
917192676de2bc45,2022,401403935,Auburn,2,6.0,6.0,0.0,attribution_only,dip_restore,False,False,True,False,False,True
7ff7159e05691800,2022,401403938,South Carolina,2,7.0,7.0,0.0,attribution_only,dip_restore,False,False,True,False,False,True
dab258a2f8b1684d,2022,401403941,Florida,2,7.0,7.0,0.0,attribution_only,dip_restore,False,False,True,False,False,True
c848ea2fb9b36880,2022,401403941,South Carolina,2,6.0,6.0,0.0,attribution_only,dip_restore,False,False,True,False,False,True
045ff62fca546d81,2022,401403952,Missouri,2,7.0,7.0,0.0,attribution_only,dip_restore,False,False,True,False,False,True
e5d007fca0502cd6,2022,401403959,Georgia,2,7.0,7.0,0.0,attribution_only,dip_restore,False,False,True,False,False,True
d242454305d27998,2022,401403960,Louisville,2,4.0,6.0,2.0,points_recovery,dip_restore,False,False,True,False,False,True
5b056b1747d023dd,2022,401403963,Texas A&M,2,7.0,7.0,0.0,attribution_only,dip_restore,False,False,True,False,False,True
6fa9f0f7b27d25d7,2022,401403964,Tennessee,2,7.0,7.0,0.0,attribution_only,dip_restore,False,False,True,False,False,True
c04bd26f4dfac310,2022,401403967,Arizona,2,7.0,7.0,0.0,attribution_only,dip_restore,False,False,True,False,False,True
33829f38791dc9ef,2022,401403967,San Diego State,2,7.0,7.0,0.0,attribution_only,dip_restore,False,False,True,False,False,True
06cb3f05706a2d4d,2022,401403968,California,2,7.0,7.0,0.0,attribution_only,dip_restore,False,False,True,False,False,True
8dbc24b91a8a8cee,2022,401403973,Kent State,2,7.0,7.0,0.0,attribution_only,dip_restore,False,False,True,False,False,True
de367d814f0d578c,2022,401403974,Washington State,5,0.0,24.0,24.0,points_recovery,incomplete_stream,True,True,True,False,False,True
05c8965a500ece6e,2022,401403982,Southern Utah,1,0.0,7.0,7.0,points_recovery,incomplete_stream,True,False,False,False,False,True
46764c4d4523cf27,2022,401403983,Washington,2,3.0,3.0,0.0,attribution_only,dip_restore,False,False,True,False,False,True
56ca950ef75701bd,2022,401403983,Washington,2,7.0,7.0,0.0,attribution_only,dip_restore,False,False,True,False,False,True
63873cf6688ba099,2022,401403985,Arizona,2,7.0,7.0,0.0,attribution_only,category_possession_reassignment,False,False,False,False,False,True
4167a1229f7966d3,2022,401403987,California,2,7.0,7.0,0.0,attribution_only,dip_restore,False,False,True,False,False,True
2038efcc7e1b467f,2022,401403988,Minnesota,2,7.0,7.0,0.0,attribution_only,dip_restore,False,False,True,False,False,True
af9952d865e8c231,2022,401403991,South Alabama,1,4.0,7.0,3.0,points_recovery,restoration_gt8,False,True,False,False,False,False
f9ff05ac87b3a214,2022,401403991,South Alabama,5,6.0,21.0,15.0,points_recovery,incomplete_stream,True,True,False,False,False,True
d618a8a5af486931,2022,401403991,UCLA,5,14.0,14.0,0.0,attribution_only,dip_restore,False,False,True,False,False,True
d2b21bdc8ec0ab1f,2022,401403992,USC,9,0.0,45.0,45.0,points_recovery,incomplete_stream,True,True,True,False,False,True
dff633c3a11d127f,2022,401403994,Michigan State,2,6.0,6.0,0.0,attribution_only,dip_restore,False,False,True,False,False,True
a0687b63713c16f6,2022,401403994,Washington,2,7.0,7.0,0.0,attribution_only,dip_restore,False,False,True,False,False,True
d9f235df65432be3,2022,401403996,Arizona,2,7.0,7.0,0.0,attribution_only,dip_restore,False,False,True,False,False,True
61b7d5c09c414f37,2022,401403999,Washington State,2,3.0,3.0,0.0,attribution_only,dip_restore,False,False,True,False,False,False
ed58143ce93a1ee8,2022,401403999,Washington State,2,7.0,7.0,0.0,attribution_only,dip_restore,False,False,True,False,False,True
a8cff4c3f5aa4386,2022,401404000,Oregon State,8,14.0,14.0,0.0,attribution_only,dip_restore,False,False,True,False,False,True
cf86ef71494918da,2022,401404000,USC,2,3.0,3.0,0.0,attribution_only,dip_restore,False,False,True,False,False,True
5691cc79aaa3b1da,2022,401404000,USC,3,7.0,7.0,0.0,attribution_only,dip_restore,False,False,True,False,False,True
c5902c93bdac61db,2022,401404001,Stanford,2,7.0,7.0,0.0,attribution_only,dip_restore,False,False,True,False,False,True
fdce4e2d9f17f6a1,2022,401404002,Arizona,7,0.0,36.0,36.0,points_recovery,incomplete_stream,True,True,False,False,False,True
0b27d4b49f66c01b,2022,401404002,Colorado,4,0.0,20.0,20.0,points_recovery,incomplete_stream,True,True,False,False,False,True
aec5424a4681f7eb,2022,401404003,Arizona State,2,8.0,8.0,0.0,attribution_only,dip_restore,False,False,True,False,False,True
65dcd96c5046780e,2022,401404003,USC,2,7.0,7.0,0.0,attribution_only,dip_restore,False,False,True,False,False,True
c42012255b8c8952,2022,401404005,Stanford,2,7.0,7.0,0.0,attribution_only,dip_restore,False,False,True,False,False,True
c8f21a73dde73e78,2022,401404006,Utah,2,7.0,7.0,0.0,attribution_only,dip_restore,False,False,True,False,False,True
e82ff7c7e8cd9381,2022,401404009,Washington,2,7.0,7.0,0.0,attribution_only,dip_restore,False,False,True,False,False,True
2fe545876b4d8b8e,2022,401404010,Oregon State,2,7.0,7.0,0.0,attribution_only,dip_restore,False,False,True,False,False,True
7bf2ca2e48d3a565,2022,401404011,Utah,2,8.0,8.0,0.0,attribution_only,dip_restore,False,False,True,False,False,True
fa20c2fa3c446392,2022,401404018,Arizona State,2,7.0,7.0,0.0,attribution_only,dip_restore,False,False,True,False,False,True
1f7e8cb2daa8a31b,2022,401404021,Oregon,2,7.0,7.0,0.0,attribution_only,dip_restore,False,False,True,False,False,True
b9995d6a1cc898d0,2022,401404022,Arizona,2,7.0,7.0,0.0,attribution_only,dip_restore,False,False,True,False,False,True
59b5789f204203da,2022,401404022,USC,2,7.0,7.0,0.0,attribution_only,dip_restore,False,False,True,False,False,True
59c2fbae659d9656,2022,401404028,Arizona State,2,7.0,7.0,0.0,attribution_only,dip_restore,False,False,True,False,False,True
b47114cd45754de2,2022,401404029,California,2,7.0,7.0,0.0,attribution_only,dip_restore,False,False,True,False,False,True
6c9cfef878030341,2022,401404031,Washington,2,3.0,3.0,0.0,attribution_only,dip_restore,False,False,True,False,False,True
92d053b740174109,2022,401404033,Colorado,2,7.0,7.0,0.0,attribution_only,dip_restore,False,False,True,False,False,True
b256a14fcc5ed64c,2022,401404033,USC,2,8.0,8.0,0.0,attribution_only,dip_restore,False,False,True,False,False,True
0d6ba8b576c6620b,2022,401404037,Washington,2,7.0,7.0,0.0,attribution_only,dip_restore,False,False,True,False,False,True
8c14add78ae068d1,2022,401404040,Oregon State,2,7.0,7.0,0.0,attribution_only,dip_restore,False,False,True,False,False,True
607d2eab0d2438af,2022,401404041,California,2,8.0,8.0,0.0,attribution_only,dip_restore,False,False,True,False,False,True
aa067e4847b1fb1c,2022,401404041,Stanford,2,7.0,7.0,0.0,attribution_only,dip_restore,False,False,True,False,False,True
f5009df4d4fccee6,2022,401404045,Arizona,2,7.0,7.0,0.0,attribution_only,dip_restore,False,False,True,False,False,False
c7407049533dde98,2022,401404046,UCLA,23,0.0,0.0,0.0,attribution_only,final_cap,False,False,False,True,False,True
2385d16a2cfd0ca3,2022,401404048,Colorado,2,7.0,7.0,0.0,attribution_only,dip_restore,False,False,True,False,False,True
b504b75f4cd073ee,2022,401404048,Colorado,2,7.0,7.0,0.0,attribution_only,dip_restore,False,False,True,False,False,True
a2be05b3fded472e,2022,401404049,Stanford,4,9.0,9.0,0.0,attribution_only,dip_restore,False,False,True,False,False,True
bdbeb39e1b6ddae0,2022,401404051,Washington,1,0.0,1.0,1.0,points_recovery,dip_restore,False,False,True,False,False,False
837b65f59975fbe7,2022,401404051,Washington,1,8.0,7.0,-1.0,points_reduction,other,False,False,False,False,False,False
54ff0c8227cccdfc,2022,401404055,Murray State,2,3.0,3.0,0.0,attribution_only,dip_restore,False,False,True,False,False,True
0ef396712b333b36,2022,401404059,Texas,2,7.0,7.0,0.0,attribution_only,dip_restore,False,False,True,False,False,True
aa78610904c4f0f6,2022,401404059,Texas,2,7.0,7.0,0.0,attribution_only,dip_restore,False,False,True,False,False,True
73dbe497aeb28c9a,2022,401404062,BYU,2,7.0,7.0,0.0,attribution_only,dip_restore,False,False,True,False,False,True
41d1a71b1199fbe1,2022,401404062,BYU,2,6.0,6.0,0.0,attribution_only,dip_restore,False,False,True,False,False,True
ce7e7d87e8faf34a,2022,401404063,Texas Tech,2,6.0,6.0,0.0,attribution_only,dip_restore,False,False,True,False,False,False
193e1031398d5c64,2022,401404064,Iowa,2,7.0,7.0,0.0,attribution_only,dip_restore,False,False,True,False,False,True
4a8662e3968e9862,2022,401404065,Kansas,3,0.0,7.0,7.0,points_recovery,incomplete_stream,True,True,False,False,False,True
196bf348fff6f4cc,2022,401404065,West Virginia,8,0.0,21.0,21.0,points_recovery,incomplete_stream,True,True,False,False,False,True
e99e3b6f83cd7443,2022,401404066,Kent State,3,3.0,3.0,0.0,attribution_only,dip_restore,False,False,True,False,False,True
7d31248c0794357b,2022,401404066,Oklahoma,5,0.0,14.0,14.0,points_recovery,incomplete_stream,True,True,True,False,False,True
b005669ac78eedc9,2022,401404067,Tarleton State,5,0.0,17.0,17.0,points_recovery,incomplete_stream,True,True,False,False,False,True
ba16125941287073,2022,401404069,Iowa State,8,14.0,14.0,0.0,attribution_only,dip_restore,False,False,True,False,False,True
61016804b53c0187,2022,401404069,Ohio,1,0.0,7.0,7.0,points_recovery,incomplete_stream,True,False,False,False,False,True
d045106d6d093ec3,2022,401404070,Nebraska,2,7.0,7.0,0.0,attribution_only,dip_restore,False,False,True,False,False,False
bf71bfd4a15b2cea,2022,401404073,West Virginia,11,1.0,65.0,64.0,points_recovery,incomplete_stream,True,True,True,False,False,True
e7942abc7f0835be,2022,401404083,Oklahoma State,4,14.0,14.0,0.0,attribution_only,dip_restore,False,False,True,False,False,True
314338165625fa3d,2022,401404086,Oklahoma,2,7.0,7.0,0.0,attribution_only,dip_restore,False,False,True,False,False,True
b819844208f6c1fe,2022,401404086,TCU,2,6.0,6.0,0.0,attribution_only,dip_restore,False,False,True,False,False,True
b266fcfc4ec90e21,2022,401404088,Kansas State,2,3.0,3.0,0.0,attribution_only,dip_restore,False,False,True,False,False,True
d847c434646419b7,2022,401404089,Kansas,4,14.0,14.0,0.0,attribution_only,dip_restore,False,False,True,False,False,True
bec7f1e7f492383a,2022,401404091,Texas Tech,2,7.0,7.0,0.0,attribution_only,dip_restore,False,False,True,False,False,True
857f7c01886265d8,2022,401404092,Baylor,2,7.0,7.0,0.0,attribution_only,dip_restore,False,False,True,False,False,False
4a65aaf578c93d9d,2022,401404092,West Virginia,2,7.0,7.0,0.0,attribution_only,dip_restore,False,False,True,False,False,False
186211db2444ed52,2022,401404094,Kansas,9,0.0,28.0,28.0,points_recovery,incomplete_stream,True,True,False,False,False,True
7fa7b0f425c09bcd,2022,401404094,Oklahoma,6,0.0,38.0,38.0,points_recovery,restoration_gt8,False,True,False,False,False,True
a4b64e0b10022cd7,2022,401404094,Oklahoma,3,0.0,7.0,7.0,points_recovery,incomplete_stream,True,True,False,False,False,True
2d1dfc42ee05ea1e,2022,401404096,Baylor,2,7.0,7.0,0.0,attribution_only,dip_restore,False,False,True,False,False,True
3ffbd35cc5f2ef8d,2022,401404104,Baylor,7,0.0,38.0,38.0,points_recovery,incomplete_stream,True,True,False,False,False,True
30ce90a28ee62eba,2022,401404104,Oklahoma,5,0.0,28.0,28.0,points_recovery,incomplete_stream,True,True,False,False,False,True
294c5e27a8713576,2022,401404109,Kansas State,1,0.0,7.0,7.0,points_recovery,incomplete_stream,True,False,False,False,False,True
2486054cda19cec5,2022,401404110,Oklahoma State,2,3.0,3.0,0.0,attribution_only,dip_restore,False,False,True,False,False,True
16b5370cde0136b8,2022,401404111,Kansas,10,0.0,28.0,28.0,points_recovery,incomplete_stream,True,True,True,False,False,True
9cf22a775f2b6253,2022,401404111,Texas Tech,10,0.0,43.0,43.0,points_recovery,incomplete_stream,True,True,True,False,False,True
c2ae74719b522040,2022,401404115,Iowa State,3,0.0,10.0,10.0,points_recovery,incomplete_stream,True,False,False,False,False,True
c628c44b5b106188,2022,401404115,Texas Tech,5,7.0,7.0,0.0,attribution_only,dip_restore,False,False,True,False,False,True
991b1a40c5330a9c,2022,401404117,Kansas State,2,7.0,7.0,0.0,attribution_only,dip_restore,False,False,True,False,False,True
246334d6076496bb,2022,401404117,West Virginia,2,6.0,6.0,0.0,attribution_only,dip_restore,False,False,True,False,False,True
bc6257d14a4ccffa,2022,401404121,Kansas State,2,7.0,7.0,0.0,attribution_only,dip_restore,False,False,True,False,False,False
0b84ce0a0e3b8ae1,2022,401404122,Oklahoma,9,1.0,48.0,47.0,points_recovery,incomplete_stream,True,True,True,False,False,True
d48b59b67e39dffb,2022,401404122,Texas Tech,9,0.0,51.0,51.0,points_recovery,incomplete_stream,True,True,True,False,False,True
160b2dad3fe797b2,2022,401404124,Ohio State,2,7.0,7.0,0.0,attribution_only,dip_restore,False,False,True,False,False,True
9e8c993bd73af8d9,2022,401404126,North Carolina,2,6.0,6.0,0.0,attribution_only,dip_restore,False,False,True,False,False,True
d1503f8b073ff60c,2022,401404126,Notre Dame,2,7.0,7.0,0.0,attribution_only,dip_restore,False,False,True,False,False,True
71050406cd3263d8,2022,401404127,BYU,3,6.0,6.0,0.0,attribution_only,dip_restore,False,False,True,False,False,True
d00b6bf2ea098ffa,2022,401404128,UNLV,2,7.0,7.0,0.0,attribution_only,dip_restore,False,False,True,False,False,True
fefff03f77d4bacb,2022,401404129,Notre Dame,2,7.0,7.0,0.0,attribution_only,dip_restore,False,False,True,False,False,True
16ea405d8b7b594c,2022,401404130,Notre Dame,4,14.0,14.0,0.0,attribution_only,dip_restore,False,False,True,False,False,True
c5635aac5bc42aa4,2022,401404130,Notre Dame,2,7.0,7.0,0.0,attribution_only,dip_restore,False,False,True,False,False,False
171654fb463a3f9d,2022,401404134,Coastal Carolina,2,7.0,7.0,0.0,attribution_only,dip_restore,False,False,True,False,False,True
252baa0688845982,2022,401404140,Louisiana Monroe,2,7.0,7.0,0.0,attribution_only,dip_restore,False,False,True,False,False,True
e48a2796bef7206b,2022,401404148,Syracuse,3,7.0,7.0,0.0,attribution_only,dip_restore,False,False,True,False,False,True
155c71071ef90990,2022,401404148,Syracuse,2,7.0,7.0,0.0,attribution_only,dip_restore,False,False,True,False,False,True
9e05c5d52856ad6b,2022,401404148,Syracuse,2,7.0,7.0,0.0,attribution_only,dip_restore,False,False,True,False,False,True
a26a29f8b322bcc5,2022,401404153,Ball State,2,6.0,6.0,0.0,attribution_only,dip_restore,False,False,True,False,False,True
4780c913a845fdb5,2022,401404157,Liberty,2,7.0,7.0,0.0,attribution_only,dip_restore,False,False,True,False,False,True
ea19c239c5ecec47,2022,401404157,Liberty,2,3.0,3.0,0.0,attribution_only,dip_restore,False,False,True,False,False,False
9a875eb8bee1b4a3,2022,401404161,Liberty,2,7.0,7.0,0.0,attribution_only,dip_restore,False,False,True,False,False,True
2deb1ff00a390892,2022,401404164,UMass,5,0.0,24.0,24.0,points_recovery,incomplete_stream,True,True,False,False,False,True
6b034559cbd467af,2022,401404165,Liberty,2,3.0,3.0,0.0,attribution_only,dip_restore,False,False,True,False,False,False
74620bfcfe1e10cd,2022,401404165,Virginia Tech,1,4.0,6.0,2.0,points_recovery,other,False,False,False,False,False,False
3d725b73bd8a476e,2022,401405063,Nebraska,2,7.0,7.0,0.0,attribution_only,dip_restore,False,False,True,False,False,True
8d7bb0493272a493,2022,401405065,Wisconsin,2,7.0,7.0,0.0,attribution_only,dip_restore,False,False,True,False,False,True
be0a7da145c97087,2022,401405066,Maryland,3,7.0,7.0,0.0,attribution_only,dip_restore,False,False,True,False,False,True
4483161c07184226,2022,401405069,Rutgers,2,3.0,3.0,0.0,attribution_only,dip_restore,False,False,True,False,False,True
7c4044e8b5d3fce0,2022,401405070,Virginia,1,0.0,0.0,0.0,attribution_only,final_cap,False,False,False,True,False,True
a7c430b03021a401,2022,401405072,Georgia Southern,2,7.0,7.0,0.0,attribution_only,dip_restore,False,False,True,False,False,True
23baa02e57dc0883,2022,401405073,Duke,27,10.0,10.0,0.0,attribution_only,dip_restore,False,False,True,True,False,True
123bfb71d12ab0a3,2022,401405073,Northwestern,19,16.0,16.0,0.0,attribution_only,dip_restore,False,False,True,True,False,True
ef7c91485d075dde,2022,401405079,Ohio State,2,7.0,7.0,0.0,attribution_only,dip_restore,False,False,True,False,False,True
7a01e116f4cd167b,2022,401405083,Northwestern,2,7.0,7.0,0.0,attribution_only,dip_restore,False,False,True,False,False,True
9f3e4f826c6350f9,2022,401405083,Northwestern,3,10.0,10.0,0.0,attribution_only,dip_restore,False,False,True,False,False,True
0ed9390bbc9616e0,2022,401405087,SMU,3,7.0,7.0,0.0,attribution_only,dip_restore,False,False,True,False,False,True
998aaaff4e26d968,2022,401405089,Rutgers,2,3.0,3.0,0.0,attribution_only,dip_restore,False,False,True,False,False,True
c71b6ca7ec591f27,2022,401405089,Rutgers,2,3.0,3.0,0.0,attribution_only,dip_restore,False,False,True,False,False,True
12a7fde7efa733c7,2022,401405089,Temple,2,7.0,7.0,0.0,attribution_only,dip_restore,False,False,True,False,False,True
cff271d7f8be8694,2022,401405093,Northwestern,2,7.0,7.0,0.0,attribution_only,dip_restore,False,False,True,False,False,True
2bd05c161ccb4b1b,2022,401405095,Ohio State,2,7.0,7.0,0.0,attribution_only,dip_restore,False,False,True,False,False,True
5c74e37282ffaefd,2022,401405096,Cincinnati,2,7.0,7.0,0.0,attribution_only,dip_restore,False,False,True,False,False,True
cb9d0cc97cbe7613,2022,401405097,Maryland,2,3.0,3.0,0.0,attribution_only,dip_restore,False,False,True,False,False,True
30c6378a0ab0bcc9,2022,401405097,Michigan,2,3.0,3.0,0.0,attribution_only,dip_restore,False,False,True,False,False,True
b523db3421d51fa2,2022,401405100,Michigan,2,3.0,3.0,0.0,attribution_only,dip_restore,False,False,True,False,False,True
ff113cba74a31770,2022,401405102,Nebraska,2,7.0,7.0,0.0,attribution_only,dip_restore,False,False,True,False,False,True
b1a6d7d34d0e26d3,2022,401405104,Ohio State,2,7.0,7.0,0.0,attribution_only,dip_restore,False,False,True,False,False,True
15ed85f9e6cdf4bc,2022,401405109,Maryland,3,10.0,12.0,2.0,points_recovery,dip_restore,False,False,True,False,False,True
326abad5c2fb3c88,2022,401405111,Rutgers,2,7.0,7.0,0.0,attribution_only,dip_restore,False,False,True,False,False,True
6d4a12459f5efb00,2022,401405115,Michigan,2,3.0,3.0,0.0,attribution_only,dip_restore,False,False,True,False,False,True
5312b69b4d063198,2022,401405115,Michigan,2,7.0,7.0,0.0,attribution_only,dip_restore,False,False,True,False,False,True
00beb11fa62b8ccb,2022,401405117,Purdue,2,7.0,7.0,0.0,attribution_only,dip_restore,False,False,True,False,False,True
5c7fc50992d462d5,2022,401405117,Wisconsin,2,7.0,7.0,0.0,attribution_only,dip_restore,False,False,True,False,False,True
f86bed944fb010bb,2022,401405118,Maryland,4,14.0,14.0,0.0,attribution_only,dip_restore,False,False,True,False,False,True
6b5fff05807bee7f,2022,401405119,Ohio State,2,3.0,3.0,0.0,attribution_only,dip_restore,False,False,True,False,False,True
a4a95ba5b512d6d3,2022,401405121,Rutgers,2,7.0,7.0,0.0,attribution_only,dip_restore,False,False,True,False,False,True
ee7a4fa3abd14726,2022,401405126,Ohio State,2,7.0,7.0,0.0,attribution_only,dip_restore,False,False,True,False,False,True
8dab6d622a541568,2022,401405126,Ohio State,2,7.0,7.0,0.0,attribution_only,dip_restore,False,False,True,False,False,True
cfc10f09a80807d6,2022,401405134,Illinois,2,7.0,7.0,0.0,attribution_only,dip_restore,False,False,True,False,False,True
c0c9cb47ce854ff2,2022,401405134,Purdue,2,7.0,7.0,0.0,attribution_only,dip_restore,False,False,True,False,False,True
be5ef2222d356c26,2022,401405138,Michigan State,2,7.0,7.0,0.0,attribution_only,dip_restore,False,False,True,False,False,True
b9aff40083c19dc3,2022,401405139,Ohio State,2,7.0,7.0,0.0,attribution_only,dip_restore,False,False,True,False,False,True
b048833fc0ec2ae5,2022,401405142,Wisconsin,2,6.0,6.0,0.0,attribution_only,dip_restore,False,False,True,False,False,True
d1ca036b4401a851,2022,401405144,Ohio State,2,7.0,7.0,0.0,attribution_only,dip_restore,False,False,True,False,False,True
aa66c0f3b73a2b1d,2022,401405144,Ohio State,2,6.0,6.0,0.0,attribution_only,dip_restore,False,False,True,False,True,True
e9ccb0ee4929a744,2022,401405144,Ohio State,2,7.0,7.0,0.0,attribution_only,dip_restore,False,False,True,False,False,True
99f7292a683e74e6,2022,401405145,Michigan,2,7.0,7.0,0.0,attribution_only,dip_restore,False,False,True,False,False,True
e6ad95321f5a8755,2022,401405146,Indiana,2,9.0,9.0,0.0,attribution_only,other,False,False,False,False,False,False
605741c3df4fff1f,2022,401405146,Michigan State,4,0.0,21.0,21.0,points_recovery,incomplete_stream,True,True,True,False,False,True
ba342ffc984476dd,2022,401405151,Purdue,2,7.0,7.0,0.0,attribution_only,dip_restore,False,False,True,False,False,True
507412c9f8888bad,2022,401405151,Purdue,1,5.0,6.0,1.0,points_recovery,other,False,False,False,False,False,False
6e6a0340e3c1bdf9,2022,401411091,Florida A&M,2,7.0,7.0,0.0,attribution_only,dip_restore,False,False,True,False,False,True
70275b74834941f5,2022,401411092,Pittsburgh,2,7.0,7.0,0.0,attribution_only,dip_restore,False,False,True,False,False,True
97973ecdb5806a65,2022,401411092,West Virginia,2,7.0,7.0,0.0,attribution_only,dip_restore,False,False,True,False,False,True
9f5e2f550a37e4bc,2022,401411093,Wake Forest,2,7.0,7.0,0.0,attribution_only,dip_restore,False,False,True,False,False,True
e1363c1c6845dd0d,2022,401411095,Appalachian State,3,6.0,12.0,6.0,points_recovery,incomplete_stream,True,True,True,False,False,True
e8fbd0995c312adb,2022,401411095,North Carolina,1,0.0,0.0,0.0,attribution_only,incomplete_stream,True,False,False,False,False,True
5dabf1e856c924f7,2022,401411097,Bethune-Cookman,2,7.0,7.0,0.0,attribution_only,dip_restore,False,False,True,False,False,True
5dd43593e16d1632,2022,401411097,Miami,3,8.0,14.0,6.0,points_recovery,category_possession_reassignment,False,False,False,False,False,True
7c9f9b5e504fae30,2022,401411103,Georgia State,2,3.0,3.0,0.0,attribution_only,dip_restore,False,False,True,False,False,True
6cd47f11a1dff8db,2022,401411103,North Carolina,3,7.0,7.0,0.0,attribution_only,dip_restore,False,False,True,False,False,True
2bd27fa153a12a87,2022,401411103,North Carolina,2,7.0,7.0,0.0,attribution_only,dip_restore,False,False,True,False,False,True
cda7566a74da9b8a,2022,401411104,Georgia Tech,3,7.0,7.0,0.0,attribution_only,dip_restore,False,False,True,False,False,True
cdb770ea41d3d801,2022,401411104,Georgia Tech,4,0.0,0.0,0.0,attribution_only,final_cap,False,False,False,True,False,True
7ac2d2b5c62b43c5,2022,401411108,Boston College,3,0.0,10.0,10.0,points_recovery,incomplete_stream,True,True,True,False,False,True
3075deec2fc102a3,2022,401411108,Virginia Tech,7,0.0,27.0,27.0,points_recovery,incomplete_stream,True,True,False,False,False,True
3218c02ead17cac7,2022,401411110,Maine,2,7.0,7.0,0.0,attribution_only,dip_restore,False,False,True,False,False,False
a08a3847aa3d6c8c,2022,401411113,Virginia,3,6.0,6.0,0.0,attribution_only,dip_restore,False,False,True,False,False,True
c5f2de83376d613e,2022,401411114,Virginia Tech,12,0.0,27.0,27.0,points_recovery,incomplete_stream,True,True,True,False,False,True
9b4906687f3417ef,2022,401411114,Wofford,3,0.0,7.0,7.0,points_recovery,incomplete_stream,True,False,False,False,False,True
29af3967365a030a,2022,401411115,Pittsburgh,2,7.0,7.0,0.0,attribution_only,dip_restore,False,False,True,False,False,False
a2bf78ae0f694b99,2022,401411117,Virginia,2,7.0,7.0,0.0,attribution_only,dip_restore,False,False,True,False,False,True
89326aa1ee2d8fa0,2022,401411121,Pittsburgh,2,7.0,7.0,0.0,attribution_only,dip_restore,False,False,True,False,False,True
3e2351532fe4178a,2022,401411125,Clemson,2,7.0,7.0,0.0,attribution_only,dip_restore,False,False,True,False,False,True
526dd97d3167c5ac,2022,401411126,Duke,8,0.0,38.0,38.0,points_recovery,incomplete_stream,True,True,True,False,False,True
fbbe7341d4529560,2022,401411126,Virginia,6,0.0,17.0,17.0,points_recovery,incomplete_stream,True,True,True,False,False,True
b9b117d856a8a1e7,2022,401411128,North Carolina,2,7.0,7.0,0.0,attribution_only,dip_restore,False,False,True,False,False,True
d0cd2e72d5a70a3a,2022,401411130,Syracuse,2,7.0,7.0,0.0,attribution_only,dip_restore,False,False,True,False,False,True
7d3068bfffaf4890,2022,401411142,Clemson,2,8.0,8.0,0.0,attribution_only,dip_restore,False,False,True,False,False,True
5e95a9ced0c52176,2022,401411147,Georgia Tech,2,7.0,7.0,0.0,attribution_only,dip_restore,False,False,True,False,False,True
5e6a2cc97f849947,2022,401411148,Louisville,2,7.0,7.0,0.0,attribution_only,dip_restore,False,False,True,False,False,True
e8f926df35485806,2022,401411149,North Carolina,2,7.0,7.0,0.0,attribution_only,dip_restore,False,False,True,False,False,True
9245ce0eff2a736f,2022,401411149,Pittsburgh,2,7.0,7.0,0.0,attribution_only,dip_restore,False,False,True,False,False,True
84fd6e8e753ff017,2022,401411151,Boston College,2,7.0,7.0,0.0,attribution_only,dip_restore,False,False,True,False,False,True
f017c40d3e36796b,2022,401411152,Louisville,2,7.0,7.0,0.0,attribution_only,dip_restore,False,False,True,False,False,True
ea3fc787f6930704,2022,401411157,Georgia Tech,7,0.0,16.0,16.0,points_recovery,incomplete_stream,True,True,True,False,False,True
bbf0cdd1fcb02baf,2022,401411157,Virginia Tech,4,0.0,7.0,7.0,points_recovery,incomplete_stream,True,True,False,False,False,True
ff4c2150669d0f8e,2022,401411164,North Carolina,2,6.0,6.0,0.0,attribution_only,dip_restore,False,False,True,False,False,True
0a3247f342a2ccf1,2022,401411164,Wake Forest,2,7.0,7.0,0.0,attribution_only,dip_restore,False,False,True,False,False,True
52ef1617ad19c6ac,2022,401411164,Wake Forest,2,6.0,6.0,0.0,attribution_only,dip_restore,False,False,True,False,False,True
ae001d9523a65cf0,2022,401411166,Florida State,2,7.0,7.0,0.0,attribution_only,dip_restore,False,False,True,False,False,True
a2a25f724d86afcc,2022,401411166,Florida State,2,7.0,7.0,0.0,attribution_only,dip_restore,False,False,True,False,False,True
9f0428b4f8ebd8a6,2022,401411168,Georgia Tech,2,7.0,7.0,0.0,attribution_only,dip_restore,False,False,True,False,False,True
ba979647b7cef545,2022,401411169,Duke,2,7.0,7.0,0.0,attribution_only,dip_restore,False,False,True,False,False,True
0d668c45a316b131,2022,401411171,Syracuse,2,7.0,7.0,0.0,attribution_only,dip_restore,False,False,True,False,False,True
367d6b3a8296c2bf,2022,401411173,Boston College,2,6.0,6.0,0.0,attribution_only,dip_restore,False,False,True,False,False,True
aeb3349dfde396f0,2022,401411175,Miami,4,9.0,9.0,0.0,attribution_only,dip_restore,False,False,True,False,False,True
27b80d25358f599e,2022,401411175,Pittsburgh,2,7.0,7.0,0.0,attribution_only,dip_restore,False,False,True,False,False,True
c4df7fd258ea1a90,2022,401413216,Jacksonville State,2,7.0,7.0,0.0,attribution_only,dip_restore,False,False,True,False,False,False
9fc7d8ada4f8d4cc,2022,401413216,Tulsa,4,12.0,12.0,0.0,attribution_only,dip_restore,False,False,True,False,False,True
11c18b5a112be80f,2022,401414780,UMass,2,7.0,7.0,0.0,attribution_only,dip_restore,False,False,True,False,False,True
492b1a9f76d54637,2022,401414781,Temple,2,7.0,7.0,0.0,attribution_only,dip_restore,False,False,True,False,False,True
646124a5306e7053,2022,401415024,East Carolina,6,16.0,16.0,0.0,attribution_only,dip_restore,False,False,True,False,False,True
21924f3851b79b83,2022,401415024,East Carolina,2,3.0,3.0,0.0,attribution_only,dip_restore,False,False,True,False,False,True
ecd39690d2dfdda8,2022,401415024,Old Dominion,2,7.0,7.0,0.0,attribution_only,dip_restore,False,False,True,False,False,True
df9a0a2d650a1917,2022,401415211,Tulsa,2,7.0,7.0,0.0,attribution_only,dip_restore,False,False,True,False,False,True
32a07f18515846c7,2022,401415213,Portland State,2,7.0,7.0,0.0,attribution_only,dip_restore,False,False,True,False,False,True
b87ed40ea11ab72a,2022,401415213,San Jose State,2,7.0,7.0,0.0,attribution_only,dip_restore,False,False,True,False,False,True
c0dfcf32dfaeddc9,2022,401415215,Utah State,2,0.0,0.0,0.0,attribution_only,final_cap,False,False,False,True,False,True
387c1dcf2098a19c,2022,401415215,Weber State,15,0.0,0.0,0.0,attribution_only,final_cap,False,False,False,True,False,True
ee07c84d65f3db71,2022,401415216,Incarnate Word,2,7.0,7.0,0.0,attribution_only,dip_restore,False,False,True,False,False,True
aa504fbe86eb052b,2022,401415216,Nevada,2,7.0,7.0,0.0,attribution_only,dip_restore,False,False,True,False,False,True
68ee2a315bb34260,2022,401415216,Nevada,2,7.0,7.0,0.0,attribution_only,dip_restore,False,False,True,False,False,True
f0612d71bc718d58,2022,401415218,UT Martin,5,0.0,0.0,0.0,attribution_only,final_cap,False,False,False,True,False,True
09a41a6c20eaf747,2022,401415219,Duquesne,2,3.0,3.0,0.0,attribution_only,dip_restore,False,False,True,False,False,True
836b1953d636f567,2022,401415219,Hawai_i,2,3.0,3.0,0.0,attribution_only,dip_restore,False,False,True,False,False,True
fede64550dabf4c2,2022,401415220,Air Force,9,0.0,48.0,48.0,points_recovery,incomplete_stream,True,True,True,False,False,True
b31089fc2fd01477,2022,401415223,BYU,2,7.0,7.0,0.0,attribution_only,dip_restore,False,False,True,False,False,True
a3691fca754e050f,2022,401415225,San Jose State,2,7.0,7.0,0.0,attribution_only,restoration_gt8,False,True,True,False,False,True
bb43910da7a20c2a,2022,401415225,Western Michigan,26,0.0,0.0,0.0,attribution_only,incomplete_stream,True,False,False,True,False,True
dae024ece5e898df,2022,401415226,Utah State,2,7.0,7.0,0.0,attribution_only,dip_restore,False,False,True,False,False,True
33e0599cad212edc,2022,401415231,Utah State,2,7.0,7.0,0.0,attribution_only,dip_restore,False,False,True,False,False,True
a45b717167f6eba9,2022,401415234,Wyoming,2,7.0,7.0,0.0,attribution_only,dip_restore,False,False,True,False,False,True
a074209ce6e396b9,2022,401415236,San Jose State,2,7.0,7.0,0.0,attribution_only,dip_restore,False,False,True,False,False,True
806475b7093fd64e,2022,401415237,Air Force,8,0.0,42.0,42.0,points_recovery,incomplete_stream,True,True,False,False,False,True
b8beaaea765c4715,2022,401415237,UNLV,3,0.0,7.0,7.0,points_recovery,incomplete_stream,True,False,False,False,False,True
9d411265c24dc862,2022,401415241,Boise State,2,7.0,7.0,0.0,attribution_only,dip_restore,False,False,True,False,False,True
f9d8be1883431ddb,2022,401415243,Fresno State,2,3.0,3.0,0.0,attribution_only,dip_restore,False,False,True,False,False,True
4daa79f335bc7444,2022,401415245,Nevada,20,0.0,0.0,0.0,attribution_only,final_cap,False,False,False,True,False,True
fee84a72625a2a0b,2022,401415245,San Diego State,2,3.0,3.0,0.0,attribution_only,dip_restore,False,False,True,False,False,True
55e8231d76bb97e9,2022,401415245,San Diego State,2,7.0,7.0,0.0,attribution_only,dip_restore,False,False,True,False,False,True
7d469a749de46345,2022,401415246,Boise State,2,7.0,7.0,0.0,attribution_only,dip_restore,False,False,True,False,False,True
d3633c96364ce6b0,2022,401415249,Nevada,2,7.0,7.0,0.0,attribution_only,dip_restore,False,False,True,False,False,True
69e61fbb66d4d28f,2022,401415251,Colorado State,4,6.0,16.0,10.0,points_recovery,incomplete_stream,True,True,False,False,False,True
66e2e19e5fcbd2ab,2022,401415251,San Jose State,2,0.0,8.0,8.0,points_recovery,restoration_gt8,False,True,True,False,False,False
0a4d18e0fef105ba,2022,401415251,San Jose State,3,0.0,14.0,14.0,points_recovery,incomplete_stream,True,True,False,False,False,True
ad5e3c0dc3e3e16c,2022,401415256,Air Force,2,7.0,7.0,0.0,attribution_only,dip_restore,False,False,True,False,False,True
1893d776eac32891,2022,401415259,Fresno State,10,1.0,24.0,23.0,points_recovery,incomplete_stream,True,True,True,False,False,True
e1f0d90417050433,2022,401415259,UNLV,9,0.0,19.0,19.0,points_recovery,incomplete_stream,True,True,True,False,False,True
786c0279e4be4698,2022,401415262,Colorado State,2,6.0,6.0,0.0,attribution_only,dip_restore,False,False,True,False,False,True
2ec2b72a2a4c3fea,2022,401415263,Fresno State,2,7.0,7.0,0.0,attribution_only,dip_restore,False,False,True,False,False,True
1ed4aaae1898f648,2022,401415266,Hawai_i,2,7.0,7.0,0.0,attribution_only,dip_restore,False,False,True,False,False,True
faf6c0c09633ff79,2022,401415267,Air Force,2,3.0,3.0,0.0,attribution_only,dip_restore,False,False,True,False,False,True
a8ee460288f42d43,2022,401415269,Boise State,4,14.0,14.0,0.0,attribution_only,dip_restore,False,False,True,False,False,True
b35e08f458b490e2,2022,401415272,Nevada,7,9.0,9.0,0.0,attribution_only,dip_restore,False,False,True,False,False,True
b05e9cf9159504ae,2022,401415272,UNLV,3,0.0,10.0,10.0,points_recovery,incomplete_stream,True,True,True,False,False,True
1efc9d20bba9cce8,2022,401415614,Lafayette,7,7.0,7.0,0.0,attribution_only,dip_restore,False,False,True,False,False,True
260ac9043fe34dca,2022,401415616,SMU,4,0.0,14.0,14.0,points_recovery,incomplete_stream,True,True,True,False,False,True
670d5410045f96e9,2022,401415617,Memphis,2,7.0,7.0,0.0,attribution_only,dip_restore,False,False,True,False,False,True
99450cfd9065bc93,2022,401415617,Navy,2,6.0,6.0,0.0,attribution_only,dip_restore,False,False,True,False,False,True
6f96e66c45adedcd,2022,401415619,Cincinnati,3,0.0,21.0,21.0,points_recovery,dip_restore,False,False,True,False,False,False
cfecd07b271871fe,2022,401415619,Cincinnati,3,21.0,0.0,-21.0,points_reduction,category_possession_reassignment,False,False,False,False,False,True
e2abdea2b1e2b7e1,2022,401415619,Kennesaw State,2,7.0,7.0,0.0,attribution_only,dip_restore,False,False,True,False,False,True
aea1054ec76abe81,2022,401415621,Campbell,2,3.0,3.0,0.0,attribution_only,dip_restore,False,False,True,False,False,True
9ab61272bc657c90,2022,401415626,East Carolina,2,14.0,14.0,0.0,attribution_only,other,False,False,False,False,False,False
93b37a642dca39ce,2022,401415627,Tulsa,2,7.0,7.0,0.0,attribution_only,dip_restore,False,False,True,False,False,True
9384dc9b60914b08,2022,401415630,Memphis,2,6.0,6.0,0.0,attribution_only,dip_restore,False,False,True,False,False,True
956fb08deab1ec32,2022,401415632,Navy,8,10.0,29.0,19.0,points_recovery,incomplete_stream,True,True,True,False,False,True
0becf5e88d993fbc,2022,401415632,Tulsa,2,7.0,7.0,0.0,attribution_only,dip_restore,False,False,True,False,False,True
a7bc63855e189d71,2022,401415637,East Carolina,5,4.0,31.0,27.0,points_recovery,incomplete_stream,True,True,True,False,False,True
b4828cfbca2b95d3,2022,401415641,SMU,2,7.0,7.0,0.0,attribution_only,dip_restore,False,False,True,False,False,True
984091b8feebaeb9,2022,401415648,Temple,2,3.0,3.0,0.0,attribution_only,dip_restore,False,False,True,False,False,True
c8676d5e3c1bcde7,2022,401415652,Houston,4,14.0,14.0,0.0,attribution_only,dip_restore,False,False,True,False,False,True
b5646d43f69579f2,2022,401415652,SMU,2,7.0,7.0,0.0,attribution_only,dip_restore,False,False,True,False,False,True
4ece92c5deaf06cf,2022,401415657,UCF,2,7.0,7.0,0.0,attribution_only,dip_restore,False,False,True,False,False,True
46d80262ce91c4e9,2022,401415658,Tulane,2,7.0,7.0,0.0,attribution_only,dip_restore,False,False,True,False,False,True
14bd253ed9483562,2022,401415659,South Florida,2,7.0,7.0,0.0,attribution_only,dip_restore,False,False,True,False,False,True
6759f9f461028bc3,2022,401415659,Tulsa,2,7.0,7.0,0.0,attribution_only,dip_restore,False,False,True,False,False,True
ea2727eba73fb434,2022,401415664,Temple,2,7.0,7.0,0.0,attribution_only,dip_restore,False,False,True,False,False,True
d64393efa0bec997,2022,401415666,Memphis,2,6.0,6.0,0.0,attribution_only,dip_restore,False,False,True,False,False,True
59444cca5155b34b,2022,401416568,Akron,8,0.0,23.0,23.0,points_recovery,incomplete_stream,True,True,True,False,False,True
539812319fc33f2b,2022,401416568,Saint Francis,5,0.0,23.0,23.0,points_recovery,incomplete_stream,True,True,True,False,False,True
5b26d508af321795,2022,401416590,Eastern Kentucky,2,3.0,3.0,0.0,attribution_only,dip_restore,False,False,True,False,False,True
5c2142faed0f01ab,2022,401416590,Eastern Michigan,2,7.0,7.0,0.0,attribution_only,dip_restore,False,False,True,False,False,True
9e14f80a684d26ff,2022,401416590,Eastern Michigan,2,7.0,7.0,0.0,attribution_only,dip_restore,False,False,True,False,False,True
813eaa40c2b0a3f5,2022,401416592,Eastern Illinois,2,7.0,7.0,0.0,attribution_only,dip_restore,False,False,True,False,False,True
586abea7c7749063,2022,401416594,Ball State,1,0.0,0.0,0.0,attribution_only,incomplete_stream,True,True,False,False,False,True
73e93fddfdf9eb49,2022,401416594,Western Michigan,1,0.0,8.0,8.0,points_recovery,incomplete_stream,True,True,False,False,False,True
8e9c20bc4de2ef1a,2022,401416596,Buffalo,7,0.0,31.0,31.0,points_recovery,incomplete_stream,True,True,True,False,False,True
0c57ce734837bbc2,2022,401416596,Holy Cross,11,0.0,37.0,37.0,points_recovery,incomplete_stream,True,True,True,False,False,True
5efa605cda80c6af,2022,401416597,Central Michigan,2,6.0,6.0,0.0,attribution_only,dip_restore,False,False,True,False,False,True
cc0b5de035d69873,2022,401416598,Eastern Michigan,5,14.0,14.0,0.0,attribution_only,dip_restore,False,False,True,False,False,True
cea7c776dbfa9b4e,2022,401416598,Louisiana,2,7.0,7.0,0.0,attribution_only,dip_restore,False,False,True,False,False,True
e431338a76471302,2022,401416601,Buffalo,1,0.0,7.0,7.0,points_recovery,incomplete_stream,True,True,False,False,False,True
9c4a70d5f4be7144,2022,401416601,Coastal Carolina,1,0.0,7.0,7.0,points_recovery,incomplete_stream,True,True,False,False,False,True
917bbacf455f3aff,2022,401416602,Central Michigan,2,7.0,7.0,0.0,attribution_only,dip_restore,False,False,True,False,False,True
7a849592f5d0b121,2022,401416603,Kent State,5,7.0,14.0,7.0,points_recovery,incomplete_stream,True,True,True,False,False,True
b8ebac1db15ced5e,2022,401416603,Long Island University,3,0.0,10.0,10.0,points_recovery,incomplete_stream,True,True,False,False,False,True
fbba4846ffa98183,2022,401416604,Buffalo,2,13.0,13.0,0.0,attribution_only,other,False,False,False,False,False,False
d6334e27086b284a,2022,401416604,Buffalo,2,7.0,7.0,0.0,attribution_only,dip_restore,False,False,True,False,False,True
90fb2e0a446d825e,2022,401416604,Eastern Michigan,3,10.0,10.0,0.0,attribution_only,dip_restore,False,False,True,False,False,True
ca6b5d35db638cee,2022,401416607,Central Michigan,2,6.0,6.0,0.0,attribution_only,dip_restore,False,False,True,False,False,True
01c3ae4e702fd442,2022,401416609,Akron,6,7.0,28.0,21.0,points_recovery,incomplete_stream,True,True,True,False,False,True
cc229685968afa90,2022,401416610,Buffalo,9,0.0,24.0,24.0,points_recovery,incomplete_stream,True,True,True,False,False,True
48ded58b5ea490bb,2022,401416610,Miami (OH),5,0.0,20.0,20.0,points_recovery,incomplete_stream,True,True,False,False,False,True
feeeb0c7447f60d8,2022,401416611,Kent State,4,0.0,24.0,24.0,points_recovery,dip_restore,False,False,True,False,False,False
d90264381d1e629c,2022,401416611,Ohio,5,0.0,24.0,24.0,points_recovery,dip_restore,False,False,True,False,False,True
f73eea0cac39e402,2022,401416612,Western Michigan,8,0.0,44.0,44.0,points_recovery,incomplete_stream,True,True,True,False,False,True
e39296ee0a4f85ad,2022,401416613,Central Michigan,2,6.0,6.0,0.0,attribution_only,dip_restore,False,False,True,False,False,True
ea1b5e7d480a2700,2022,401416614,Eastern Michigan,7,21.0,21.0,0.0,attribution_only,dip_restore,False,False,True,False,False,True
b65796c3f24eec48,2022,401416614,Eastern Michigan,2,3.0,3.0,0.0,attribution_only,dip_restore,False,False,True,False,False,True
564fb99d66c6ab2d,2022,401416614,Western Michigan,3,7.0,7.0,0.0,attribution_only,dip_restore,False,False,True,False,False,True
ab1ec1c13c66f820,2022,401416614,Western Michigan,2,3.0,3.0,0.0,attribution_only,dip_restore,False,False,True,False,False,True
91896d12629bdad8,2022,401416620,Northern Illinois,2,7.0,7.0,0.0,attribution_only,dip_restore,False,False,True,False,False,False
e4fca4439e0f395a,2022,401416620,Northern Illinois,2,6.0,6.0,0.0,attribution_only,dip_restore,False,False,True,False,False,True
f6b6dd99ed6a1682,2022,401416627,Miami (OH),4,3.0,3.0,0.0,attribution_only,dip_restore,False,False,True,False,False,True
9ea7b4106d0006a0,2022,401416627,Western Michigan,7,0.0,16.0,16.0,points_recovery,incomplete_stream,True,True,True,False,False,True
37d54c90b48fb826,2022,401416629,Bowling Green,2,7.0,7.0,0.0,attribution_only,dip_restore,False,False,True,False,False,True
d077e407ffa1646b,2022,401416630,Eastern Michigan,2,7.0,7.0,0.0,attribution_only,dip_restore,False,False,True,False,False,True
7a7c7aa4aee67eee,2022,401416631,Akron,2,6.0,6.0,0.0,attribution_only,dip_restore,False,False,True,False,False,True
608d44c257a03509,2022,401416631,Miami (OH),2,3.0,3.0,0.0,attribution_only,dip_restore,False,False,True,False,False,True
24bed8822b42bad0,2022,401416634,Central Michigan,6,21.0,21.0,0.0,attribution_only,dip_restore,False,False,True,False,False,True
01535bdcd8c07d91,2022,401416634,Northern Illinois,6,22.0,22.0,0.0,attribution_only,dip_restore,False,False,True,False,False,True
1545d9f361a8f42e,2022,401416640,Central Michigan,2,7.0,7.0,0.0,attribution_only,dip_restore,False,False,True,False,False,True
e191fb69cf2dbc7e,2022,401416641,Kent State,2,7.0,7.0,0.0,attribution_only,dip_restore,False,False,True,False,False,True
57c0eda4a26a53ee,2022,401416642,Toledo,2,7.0,7.0,0.0,attribution_only,dip_restore,False,False,True,False,False,True
4e2402d94d234c05,2022,401416645,Central Michigan,5,0.0,10.0,10.0,points_recovery,incomplete_stream,True,True,True,False,False,True
0e38fd6f4f7729f7,2022,401416645,Western Michigan,6,0.0,12.0,12.0,points_recovery,incomplete_stream,True,True,True,False,False,True
d5347b6d4f1a83aa,2022,401416649,Bowling Green,2,7.0,7.0,0.0,attribution_only,dip_restore,False,False,True,False,False,True
1dc243284a53ecd8,2022,401416650,Central Michigan,2,6.0,6.0,0.0,attribution_only,dip_restore,False,False,True,False,False,True
43b102dc683ea78e,2022,401416650,Eastern Michigan,2,3.0,3.0,0.0,attribution_only,dip_restore,False,False,True,False,False,True
2eda0fa8e5f0d904,2022,401416651,Western Michigan,2,7.0,7.0,0.0,attribution_only,dip_restore,False,False,True,False,False,True
f210a8ca94727655,2022,401416652,Akron,2,3.0,3.0,0.0,attribution_only,dip_restore,False,False,True,False,False,True
36a211a8e38b57a6,2022,401416652,Northern Illinois,2,3.0,3.0,0.0,attribution_only,dip_restore,False,False,True,False,False,True
75e6514dbd9c8982,2022,401416653,Buffalo,7,0.0,10.0,10.0,points_recovery,incomplete_stream,True,True,True,False,False,True
7730f0c431829623,2022,401416653,Kent State,7,3.0,24.0,21.0,points_recovery,incomplete_stream,True,True,True,False,False,True
38224fc7775f2801,2022,401420777,Georgia Southern,2,7.0,7.0,0.0,attribution_only,dip_restore,False,False,True,False,False,True
722950b3afce0f1c,2022,401421117,Nicholls,1,0.0,7.0,7.0,points_recovery,incomplete_stream,True,False,False,False,False,True
9f139c90022b50f2,2022,401425418,Arkansas State,3,9.0,9.0,0.0,attribution_only,dip_restore,False,False,True,False,False,True
9eab0f41c72acec8,2022,401425418,Arkansas State,2,7.0,7.0,0.0,attribution_only,dip_restore,False,False,True,False,False,True
c72bf16269e20689,2022,401426330,Old Dominion,2,7.0,7.0,0.0,attribution_only,dip_restore,False,False,True,False,False,True
e76863ba1e2bdd96,2022,401426332,Gardner-Webb,2,7.0,7.0,0.0,attribution_only,dip_restore,False,False,True,False,False,False
0414b41bda1d96e6,2022,401426332,Gardner-Webb,2,7.0,7.0,0.0,attribution_only,dip_restore,False,False,True,False,False,True
bbc8357fe2db2616,2022,401426333,Troy,2,7.0,7.0,0.0,attribution_only,dip_restore,False,False,True,False,False,True
176a2998fdbebac4,2022,401426335,Arkansas State,1,0.0,2.0,2.0,points_recovery,restoration_gt8,False,True,True,False,False,False
88dba54969516411,2022,401426335,Arkansas State,1,0.0,7.0,7.0,points_recovery,incomplete_stream,True,True,False,False,False,True
4b21deef7a484276,2022,401426339,Gardner-Webb,2,7.0,7.0,0.0,attribution_only,dip_restore,False,False,True,False,False,True
cb407ff3528d1d5d,2022,401426340,Arkansas State,2,7.0,7.0,0.0,attribution_only,restoration_gt8,False,True,True,False,False,True
eccc2c6e83b4d585,2022,401426340,Arkansas State,1,0.0,7.0,7.0,points_recovery,incomplete_stream,True,True,False,False,False,True
5d830303c3a55bdd,2022,401426340,Louisiana Monroe,1,0.0,7.0,7.0,points_recovery,incomplete_stream,True,False,False,False,False,True
e47f63d7ebc6b1a2,2022,401426344,Louisiana Monroe,1,6.0,7.0,1.0,points_recovery,other,False,False,False,False,False,False
0ab8e032e25bf513,2022,401426345,Texas State,4,14.0,14.0,0.0,attribution_only,dip_restore,False,False,True,False,False,True
bffe56bece12fc2b,2022,401426345,Texas State,2,3.0,3.0,0.0,attribution_only,dip_restore,False,False,True,False,False,True
287105569df65e71,2022,401426348,Old Dominion,4,7.0,7.0,0.0,attribution_only,dip_restore,False,False,True,False,False,True
2d2e92bc548f7b53,2022,401426349,Georgia Southern,2,8.0,8.0,0.0,attribution_only,dip_restore,False,False,True,False,False,True
19af3e4c2586ff1c,2022,401426353,Georgia State,2,7.0,7.0,0.0,attribution_only,dip_restore,False,False,True,False,False,True
de1cc716198d2ba8,2022,401426355,James Madison,6,0.0,0.0,0.0,attribution_only,final_cap,False,False,False,True,False,True
5bcfd1a90d52ce81,2022,401426355,Marshall,6,9.0,9.0,0.0,attribution_only,dip_restore,False,False,True,False,False,True
78809f171736e62a,2022,401426357,Arkansas State,3,0.0,15.0,15.0,points_recovery,incomplete_stream,True,True,True,False,False,True
efbc17d273d971bf,2022,401426359,Louisiana,2,5.0,5.0,0.0,attribution_only,other,False,False,False,False,False,False
368885f17f0f5fa1,2022,401426360,Appalachian State,4,14.0,14.0,0.0,attribution_only,dip_restore,False,False,True,False,False,True
a60d74615c140098,2022,401426360,Robert Morris,3,3.0,3.0,0.0,attribution_only,dip_restore,False,False,True,False,False,True
2f324246af2a601e,2022,401426365,South Alabama,2,7.0,7.0,0.0,attribution_only,dip_restore,False,False,True,False,False,True
a37f75cd7dd42843,2022,401426371,Coastal Carolina,2,7.0,7.0,0.0,attribution_only,dip_restore,False,False,True,False,False,True
a8b6994a477cc419,2022,401426371,Coastal Carolina,2,6.0,6.0,0.0,attribution_only,dip_restore,False,False,True,False,False,True
eecee50df237c5cc,2022,401426373,Appalachian State,2,7.0,7.0,0.0,attribution_only,dip_restore,False,False,True,False,False,False
a1588039bf7cc6b5,2022,401426382,Georgia Southern,2,6.0,6.0,0.0,attribution_only,category_possession_reassignment,False,False,False,False,False,True
cc695b2e70a5d433,2022,401426383,James Madison,2,13.0,13.0,0.0,attribution_only,other,False,False,False,False,False,False
87d0790f727c1817,2022,401426530,Charlotte,15,0.0,13.0,13.0,points_recovery,incomplete_stream,True,True,True,False,False,True
0a93f74ee8e5094a,2022,401426530,Florida Atlantic,7,0.0,12.0,12.0,points_recovery,incomplete_stream,True,True,False,False,False,True
9e125df13a432726,2022,401426531,UTEP,2,3.0,3.0,0.0,attribution_only,dip_restore,False,False,True,False,False,True
1f693810551f7566,2022,401426532,Western Kentucky,2,7.0,7.0,0.0,attribution_only,dip_restore,False,False,True,False,False,True
da8272556c8d79db,2022,401426533,Bryant,5,0.0,17.0,17.0,points_recovery,incomplete_stream,True,True,True,False,False,True
25c772f32fe49a2d,2022,401426533,Florida International,5,0.0,13.0,13.0,points_recovery,incomplete_stream,True,True,False,False,False,True
74df0dab679157e9,2022,401426535,Charlotte,9,0.0,24.0,24.0,points_recovery,incomplete_stream,True,True,True,False,False,True
fdce1dc068787dd4,2022,401426535,William & Mary,7,3.0,24.0,21.0,points_recovery,incomplete_stream,True,True,True,False,False,True
2d7e140a143d38c3,2022,401426538,James Madison,4,9.0,9.0,0.0,attribution_only,dip_restore,False,False,True,False,False,True
3159ce1eb63ce8b3,2022,401426539,SMU,2,7.0,7.0,0.0,attribution_only,dip_restore,False,False,True,False,False,True
949574edffafd54f,2022,401426539,SMU,2,7.0,7.0,0.0,attribution_only,dip_restore,False,False,True,False,False,True
037d2187d98b8a4b,2022,401426542,Houston,4,0.0,24.0,24.0,points_recovery,dip_restore,False,False,True,False,False,False
0fdfa094f8c568ef,2022,401426543,Hawai_i,2,7.0,7.0,0.0,attribution_only,dip_restore,False,False,True,False,False,True
e6806a7581d921d3,2022,401426543,Western Kentucky,2,7.0,7.0,0.0,attribution_only,dip_restore,False,False,True,False,False,True
10076ad44f0120d1,2022,401426544,Florida International,2,6.0,6.0,0.0,attribution_only,dip_restore,False,False,True,False,False,True
50f10678f03fed9d,2022,401426546,Florida Atlantic,9,7.0,42.0,35.0,points_recovery,incomplete_stream,True,True,True,False,False,True
f63ee0fc21b96f93,2022,401426546,SE Louisiana,3,0.0,9.0,9.0,points_recovery,incomplete_stream,True,False,False,False,False,True
e18cd2bdc410ebf3,2022,401426547,Louisiana Tech,8,0.0,45.0,45.0,points_recovery,incomplete_stream,True,True,True,False,False,True
604778e9e1ce1a8f,2022,401426547,Stephen F. Austin,4,1.0,17.0,16.0,points_recovery,incomplete_stream,True,True,False,False,False,True
cd95ab8fc3b43532,2022,401426548,Colorado State,2,7.0,7.0,0.0,attribution_only,dip_restore,False,False,True,False,False,True
038b09b56b0362ad,2022,401426548,Middle Tennessee,2,7.0,7.0,0.0,attribution_only,dip_restore,False,False,True,False,False,True
d971885a2e4aa4cf,2022,401426550,McNeese,4,0.0,10.0,10.0,points_recovery,incomplete_stream,True,True,False,False,False,True
8a5c4053ca777b28,2022,401426550,Rice,7,0.0,17.0,17.0,points_recovery,incomplete_stream,True,True,True,False,False,True
7cf902300a093a4e,2022,401426552,New Mexico State,3,6.0,6.0,0.0,attribution_only,dip_restore,False,False,True,False,False,True
21cbe271d65e72c8,2022,401426552,UTEP,6,3.0,20.0,17.0,points_recovery,incomplete_stream,True,True,True,False,False,True
5924605230fe7c6b,2022,401426553,Army,1,0.0,0.0,0.0,attribution_only,incomplete_stream,True,True,False,False,False,True
8891defe17fbcc09,2022,401426553,Army,1,0.0,0.0,0.0,attribution_only,incomplete_stream,True,True,False,False,False,True
c170ec4955fedd82,2022,401426553,UT San Antonio,2,0.0,0.0,0.0,attribution_only,incomplete_stream,True,True,False,False,False,True
5da7d370bcb45b80,2022,401426554,Georgia State,7,13.0,13.0,0.0,attribution_only,dip_restore,False,False,True,False,False,True
faa492176b7a43d4,2022,401426555,Florida Atlantic,3,0.0,7.0,7.0,points_recovery,incomplete_stream,True,True,False,False,False,True
e2a5695850d7840f,2022,401426555,UCF,10,0.0,40.0,40.0,points_recovery,incomplete_stream,True,True,False,False,False,True
bbd7900a81942b88,2022,401426558,North Texas,6,5.0,27.0,22.0,points_recovery,incomplete_stream,True,False,True,False,False,True
3f61244edb65b9b3,2022,401426558,UNLV,2,7.0,7.0,0.0,attribution_only,dip_restore,False,False,True,False,False,False
e7ad73bd5ccb03fd,2022,401426558,UNLV,3,7.0,7.0,0.0,attribution_only,dip_restore,False,False,True,False,False,True
6df71296ec1a39c3,2022,401426559,Louisiana,6,7.0,21.0,14.0,points_recovery,incomplete_stream,True,True,True,False,False,True
9a1374196d82b85b,2022,401426559,Rice,7,0.0,33.0,33.0,points_recovery,incomplete_stream,True,True,True,False,False,True
d6501e4fc0bc50fb,2022,401426560,Georgia Southern,2,7.0,7.0,0.0,attribution_only,dip_restore,False,False,True,False,False,True
c0d01abc9cd7e3f5,2022,401426560,Georgia Southern,2,7.0,7.0,0.0,attribution_only,dip_restore,False,False,True,False,False,False
148bce8b1ebfe23f,2022,401426563,Indiana,5,16.0,16.0,0.0,attribution_only,dip_restore,False,False,True,False,False,True
95250f92c1bf11a6,2022,401426563,Indiana,3,3.0,3.0,0.0,attribution_only,dip_restore,False,False,True,True,False,True
c758417be2f3a924,2022,401426563,Western Kentucky,2,7.0,7.0,0.0,attribution_only,restoration_gt8,False,True,True,False,False,True
63a9ab4f5d2ce0dd,2022,401426564,South Carolina,2,3.0,3.0,0.0,attribution_only,dip_restore,False,False,True,False,False,True
ddc0bc1a65c1da99,2022,401426564,South Carolina,2,7.0,7.0,0.0,attribution_only,dip_restore,False,False,True,False,False,False
e4383196fa309469,2022,401426565,Western Kentucky,2,14.0,14.0,0.0,attribution_only,other,False,False,False,False,False,False
d0dcdac80daea47a,2022,401426565,Western Kentucky,3,1.0,1.0,0.0,attribution_only,dip_restore,False,False,True,False,False,True
92060fc1ae346f6f,2022,401426565,Western Kentucky,3,7.0,7.0,0.0,attribution_only,dip_restore,False,False,True,False,False,True
f606daff48369c46,2022,401426571,Boise State,8,0.0,10.0,10.0,points_recovery,incomplete_stream,True,True,True,False,False,True
4d34f0dda7dd854d,2022,401426571,UTEP,5,0.0,10.0,10.0,points_recovery,incomplete_stream,True,True,True,False,False,True
5e59419b5cf0fd2b,2022,401426572,Texas Southern,2,7.0,7.0,0.0,attribution_only,dip_restore,False,False,True,False,False,True
37ad5cd33aab28e6,2022,401426572,UT San Antonio,2,7.0,7.0,0.0,attribution_only,dip_restore,False,False,True,False,False,True
725732d3cf78ae79,2022,401426573,Charlotte,2,7.0,7.0,0.0,attribution_only,dip_restore,False,False,True,False,False,True
987d69f7279f8486,2022,401426576,Middle Tennessee,2,7.0,7.0,0.0,attribution_only,dip_restore,False,False,True,False,False,True
3c636143a2e2d17c,2022,401426578,Troy,4,14.0,14.0,0.0,attribution_only,dip_restore,False,False,True,False,False,True
e93090944b2b46ec,2022,401426582,UT San Antonio,2,7.0,7.0,0.0,attribution_only,dip_restore,False,False,True,False,False,True
5df439f0d79f3bf8,2022,401426582,Western Kentucky,2,7.0,7.0,0.0,attribution_only,dip_restore,False,False,True,False,False,True
1cb4e71678c7b8b9,2022,401426584,Florida International,2,7.0,7.0,0.0,attribution_only,dip_restore,False,False,True,False,False,True
97e58e01328c5e86,2022,401426584,UT San Antonio,2,7.0,7.0,0.0,attribution_only,dip_restore,False,False,True,False,False,True
4b870968d39e8f9a,2022,401426587,Western Kentucky,15,0.0,0.0,0.0,attribution_only,final_cap,False,False,False,True,False,True
45d2fa2dddf2b979,2022,401426589,Florida Atlantic,2,7.0,7.0,0.0,attribution_only,dip_restore,False,False,True,False,False,True
0ca48d503792f4e9,2022,401426591,UT San Antonio,2,7.0,7.0,0.0,attribution_only,dip_restore,False,False,True,False,False,True
b8a0e6c3fb69847a,2022,401426592,UAB,2,7.0,7.0,0.0,attribution_only,dip_restore,False,False,True,False,False,True
277ba9a3ecc73488,2022,401426593,Charlotte,5,5.0,35.0,30.0,points_recovery,incomplete_stream,True,True,False,False,False,True
c918399883d79c1f,2022,401426596,UTEP,2,3.0,3.0,0.0,attribution_only,dip_restore,False,False,True,False,False,True
04a1b3d30138c3bc,2022,401426601,Rice,2,3.0,3.0,0.0,attribution_only,dip_restore,False,False,True,False,False,True
3f47ee8acc916d61,2022,401426602,UAB,2,7.0,7.0,0.0,attribution_only,dip_restore,False,False,True,False,False,True
a5dce513454cf7c8,2022,401426602,UAB,2,7.0,7.0,0.0,attribution_only,dip_restore,False,False,True,False,False,True
14bac5e5439cb47e,2022,401426604,Florida International,2,7.0,7.0,0.0,attribution_only,dip_restore,False,False,True,False,False,True
292c4d42d4d5cded,2022,401426609,Florida International,7,6.0,6.0,0.0,attribution_only,dip_restore,False,False,True,True,False,True
f9e0083f912d21b4,2022,401426609,UTEP,4,0.0,7.0,7.0,points_recovery,incomplete_stream,True,True,False,False,False,True
6ba378e5dc46bf60,2022,401426611,UT San Antonio,2,7.0,7.0,0.0,attribution_only,dip_restore,False,False,True,False,False,True
01c32da14ef1217e,2022,401426614,Middle Tennessee,2,7.0,7.0,0.0,attribution_only,dip_restore,False,False,True,False,False,True
a55d17a8b6b6f931,2022,401426615,Florida Atlantic,12,7.0,31.0,24.0,points_recovery,incomplete_stream,True,True,True,False,False,True
9494616e77dee42e,2022,401426615,Western Kentucky,11,7.0,32.0,25.0,points_recovery,incomplete_stream,True,True,True,False,False,True
3f0cf3844a68cb68,2022,401426618,UT San Antonio,2,7.0,7.0,0.0,attribution_only,dip_restore,False,False,True,False,False,True
1c7f2ac038e396e3,2022,401437030,Kansas State,2,7.0,7.0,0.0,attribution_only,dip_restore,False,False,True,False,False,True
926c61447d5f2e70,2022,401443542,Pittsburgh,2,3.0,3.0,0.0,attribution_only,dip_restore,False,False,True,False,False,True
d25d72a5f76b864e,2023,401520145,Jacksonville State,2,7.0,7.0,0.0,attribution_only,dip_restore,False,False,True,False,False,True
dad46552b1eb738b,2023,401520147,Vanderbilt,3,3.0,19.0,16.0,points_recovery,incomplete_stream,True,True,False,False,False,True
e41e39df6d7071c5,2023,401520149,Middle Tennessee,2,7.0,7.0,0.0,attribution_only,dip_restore,False,False,True,False,False,True
e64abff54cf34b3c,2023,401520150,Arkansas,2,7.0,7.0,0.0,attribution_only,dip_restore,False,False,True,False,False,True
9bd007b0e2756f88,2023,401520156,Ohio State,2,7.0,7.0,0.0,attribution_only,dip_restore,False,False,True,False,False,True
deb299c7fe1bc476,2023,401520156,Ohio State,4,10.0,10.0,0.0,attribution_only,dip_restore,False,False,True,False,False,True
b89ec5dadb5aabb6,2023,401520160,Liberty,2,7.0,7.0,0.0,attribution_only,dip_restore,False,False,True,False,False,True
0e019537d39c1869,2023,401520161,Maryland,2,7.0,7.0,0.0,attribution_only,dip_restore,False,False,True,False,False,True
ab43d945b1861701,2023,401520162,Michigan,2,7.0,7.0,0.0,attribution_only,dip_restore,False,False,True,False,False,True
34a2bee688e9003e,2023,401520165,Missouri,2,7.0,7.0,0.0,attribution_only,dip_restore,False,False,True,False,False,True
706b7cec7f8b741e,2023,401520167,North Carolina,2,7.0,7.0,0.0,attribution_only,dip_restore,False,False,True,False,False,True
3317e77058924fc6,2023,401520167,South Carolina,14,0.0,0.0,0.0,attribution_only,incomplete_stream,True,False,False,True,False,True
5dcac7ecf19d04cc,2023,401520170,Purdue,2,7.0,7.0,0.0,attribution_only,dip_restore,False,False,True,False,False,False
7af96298156ad2fb,2023,401520171,Rutgers,4,7.0,7.0,0.0,attribution_only,dip_restore,False,False,True,False,False,True
aa4ff7bb2dd29954,2023,401520172,Louisiana Tech,2,7.0,7.0,0.0,attribution_only,dip_restore,False,False,True,False,False,True
31a8161d844ab4fe,2023,401520175,Army,2,7.0,7.0,0.0,attribution_only,dip_restore,False,False,True,False,False,True
2271432eefbd6977,2023,401520187,Coastal Carolina,2,3.0,3.0,0.0,attribution_only,dip_restore,False,False,True,False,False,True
159c36dae91fbbd6,2023,401520189,Florida International,9,24.0,24.0,0.0,attribution_only,restoration_gt8,False,True,True,False,False,True
3e1e5dd617f6dc14,2023,401520189,Florida International,2,0.0,8.0,8.0,points_recovery,incomplete_stream,True,True,True,False,False,True
3388eea9f4bcbde4,2023,401520189,North Texas,2,7.0,7.0,0.0,attribution_only,dip_restore,False,False,True,False,False,True
0dcea259a6bc47ee,2023,401520189,North Texas,6,17.0,17.0,0.0,attribution_only,dip_restore,False,False,True,False,False,True
b6db8ce4d04b3b31,2023,401520189,North Texas,2,6.0,6.0,0.0,attribution_only,dip_restore,False,False,True,False,False,True
61835336add9f384,2023,401520190,Florida,6,0.0,0.0,0.0,attribution_only,final_cap,False,False,False,True,False,True
5421f344cd2de4a9,2023,401520193,Indiana State,2,7.0,7.0,0.0,attribution_only,dip_restore,False,False,True,False,False,True
d7c1cd2ecb326320,2023,401520195,Illinois,2,8.0,8.0,0.0,attribution_only,dip_restore,False,False,True,False,False,True
f6c286a24e003970,2023,401520195,Kansas,1,0.0,7.0,7.0,points_recovery,dip_restore,False,False,True,False,False,False
53fe231f9198b731,2023,401520195,Kansas,1,7.0,0.0,-7.0,points_reduction,category_possession_reassignment,False,False,False,False,False,True
0581e407361ce6c1,2023,401520198,Liberty,2,3.0,3.0,0.0,attribution_only,dip_restore,False,False,True,False,False,True
cb4d13428107a246,2023,401520204,Minnesota,2,4.0,4.0,0.0,attribution_only,category_possession_reassignment,False,False,False,False,False,True
186ababba786abf4,2023,401520206,Middle Tennessee,2,3.0,3.0,0.0,attribution_only,dip_restore,False,False,True,False,False,True
c5559110e7cb2422,2023,401520213,Austin Peay,1,0.0,3.0,3.0,points_recovery,dip_restore,False,False,True,False,False,False
005699acdc9100c8,2023,401520213,Austin Peay,1,3.0,0.0,-3.0,points_reduction,category_possession_reassignment,False,False,False,False,False,True
2ee563b959f758af,2023,401520217,Wisconsin,2,3.0,3.0,0.0,attribution_only,dip_restore,False,False,True,False,False,True
097392f148bf7a92,2023,401520218,Houston Christian,2,7.0,7.0,0.0,attribution_only,dip_restore,False,False,True,False,False,True
e6238f948db82e28,2023,401520218,Western Kentucky,1,0.0,7.0,7.0,points_recovery,dip_restore,False,False,True,False,False,False
53ae5e6ce0974abf,2023,401520218,Western Kentucky,1,7.0,0.0,-7.0,points_reduction,category_possession_reassignment,False,False,False,False,False,True
86979571169241d8,2023,401520220,BYU,2,7.0,7.0,0.0,attribution_only,dip_restore,False,False,True,False,False,True
1a4801277dfe1e12,2023,401520222,Buffalo,3,6.0,6.0,0.0,attribution_only,dip_restore,False,False,True,False,False,True
a84fbbd8e8640433,2023,401520222,Liberty,2,7.0,7.0,0.0,attribution_only,dip_restore,False,False,True,False,False,True
c33f05566e244973,2023,401520225,Georgia,2,7.0,7.0,0.0,attribution_only,dip_restore,False,False,True,False,False,True
d69a582683a84bd7,2023,401520228,Kentucky,2,7.0,7.0,0.0,attribution_only,dip_restore,False,False,True,False,False,True
37b333616c58dea6,2023,401520229,Louisiana Tech,2,7.0,7.0,0.0,attribution_only,dip_restore,False,False,True,False,False,True
f76ec0c529b9ad16,2023,401520231,Maryland,2,7.0,7.0,0.0,attribution_only,dip_restore,False,False,True,False,False,False
2fa2b385fa6b8390,2023,401520234,Murray State,2,7.0,7.0,0.0,attribution_only,dip_restore,False,False,True,False,False,True
b8e158a3aaacf7be,2023,401520240,Ohio State,2,7.0,7.0,0.0,attribution_only,dip_restore,False,False,True,False,False,True
ea30171180ae996d,2023,401520242,Purdue,6,13.0,13.0,0.0,attribution_only,dip_restore,False,False,True,False,False,True
8da952a786759e09,2023,401520247,Vanderbilt,2,3.0,3.0,0.0,attribution_only,dip_restore,False,False,True,False,False,True
fbca198c9e370d3d,2023,401520254,Sam Houston State,2,7.0,7.0,0.0,attribution_only,dip_restore,False,False,True,False,False,True
00be1384dc94b2fe,2023,401520256,Akron,2,3.0,3.0,0.0,attribution_only,category_possession_reassignment,False,False,False,False,False,True
61a9dcecac4645ed,2023,401520256,Indiana,2,3.0,3.0,0.0,attribution_only,dip_restore,False,False,True,False,False,True
4ab14b20325c13fa,2023,401520256,Indiana,2,5.0,5.0,0.0,attribution_only,category_possession_reassignment,False,False,False,False,False,True
09e3802bad374918,2023,401520258,Arkansas,2,8.0,8.0,0.0,attribution_only,dip_restore,False,False,True,False,False,True
cf0302db62dcbd84,2023,401520259,Missouri,3,10.0,10.0,0.0,attribution_only,dip_restore,False,False,True,False,False,True
91f307912cb925e2,2023,401520262,Middle Tennessee,2,7.0,7.0,0.0,attribution_only,dip_restore,False,False,True,False,False,True
8fd4950c1adf4309,2023,401520264,Minnesota,2,7.0,7.0,0.0,attribution_only,restoration_gt8,False,True,True,False,False,True
65407896b3a3e11b,2023,401520264,Northwestern,2,7.0,7.0,0.0,attribution_only,restoration_gt8,False,True,True,False,False,True
f93f670b2339f6e5,2023,401520267,South Carolina,2,7.0,7.0,0.0,attribution_only,dip_restore,False,False,True,False,False,True
d712abaf2344c4bd,2023,401520268,Syracuse,4,13.0,13.0,0.0,attribution_only,dip_restore,False,False,True,False,False,True
08e9085ef27f296b,2023,401520269,UT San Antonio,2,7.0,7.0,0.0,attribution_only,dip_restore,False,False,True,False,False,True
0f6bbb82f810b20c,2023,401520270,Texas A&M,2,3.0,3.0,0.0,attribution_only,dip_restore,False,False,True,False,False,True
a3b3941af91624ee,2023,401520273,UNLV,2,7.0,7.0,0.0,attribution_only,dip_restore,False,False,True,False,False,True
ec17d7e723b279a3,2023,401520273,UNLV,4,10.0,10.0,0.0,attribution_only,dip_restore,False,False,True,False,False,True
6dbc9d465241ccbc,2023,401520273,UTEP,6,21.0,21.0,0.0,attribution_only,dip_restore,False,False,True,False,False,True
d66c326af301511b,2023,401520276,Jacksonville State,2,8.0,8.0,0.0,attribution_only,dip_restore,False,False,True,False,False,True
42d89e1c1a234be4,2023,401520276,Sam Houston State,3,7.0,7.0,0.0,attribution_only,dip_restore,False,False,True,False,False,True
fd4f0755b162aba1,2023,401520278,UTEP,2,3.0,3.0,0.0,attribution_only,dip_restore,False,False,True,False,False,True
aab82422ec03166e,2023,401520288,LSU,2,7.0,7.0,0.0,attribution_only,dip_restore,False,False,True,False,False,True
20bddcbdf4357102,2023,401520289,Purdue,2,7.0,7.0,0.0,attribution_only,dip_restore,False,False,True,False,False,True
56ff0fc04709d77b,2023,401520290,Rutgers,2,7.0,7.0,0.0,attribution_only,dip_restore,False,False,True,False,False,True
018fcbcdd0167324,2023,401520293,Missouri,2,7.0,7.0,0.0,attribution_only,dip_restore,False,False,True,False,False,True
0c31be73188bbc4b,2023,401520294,Middle Tennessee,2,7.0,7.0,0.0,attribution_only,dip_restore,False,False,True,False,False,True
3992a5fcef4797d0,2023,401520305,Missouri,2,7.0,7.0,0.0,attribution_only,dip_restore,False,False,True,False,False,True
8945f5e99f495212,2023,401520309,Connecticut,4,15.0,15.0,0.0,attribution_only,dip_restore,False,False,True,False,False,True
636eae75bc84f957,2023,401520309,Connecticut,2,7.0,7.0,0.0,attribution_only,dip_restore,False,False,True,False,False,True
103a2d14a0a60c18,2023,401520312,Liberty,2,7.0,7.0,0.0,attribution_only,dip_restore,False,False,True,False,False,True
fe61aec127aa21f3,2023,401520318,Kentucky,2,7.0,7.0,0.0,attribution_only,dip_restore,False,False,True,False,False,True
02ccfb6bebc10115,2023,401520319,LSU,2,7.0,7.0,0.0,attribution_only,dip_restore,False,False,True,False,False,True
6895409da77b7a1f,2023,401520321,Michigan,2,7.0,7.0,0.0,attribution_only,dip_restore,False,False,True,False,False,True
5f1a75482a9a0c32,2023,401520324,Michigan State,2,7.0,7.0,0.0,attribution_only,dip_restore,False,False,True,False,False,True
f004b148849c0485,2023,401520325,Florida,2,8.0,8.0,0.0,attribution_only,dip_restore,False,False,True,False,False,True
441cc51c79e0f4b1,2023,401520325,Florida,2,7.0,7.0,0.0,attribution_only,dip_restore,False,False,True,False,False,True
121d8dd9ed1156e8,2023,401520326,Tennessee,4,10.0,10.0,0.0,attribution_only,dip_restore,False,False,True,False,False,True
b21b7303d65d133b,2023,401520326,Texas A&M,2,7.0,7.0,0.0,attribution_only,dip_restore,False,False,True,False,False,True
09d902274be86165,2023,401520331,Florida International,4,0.0,20.0,20.0,points_recovery,dip_restore,False,False,True,False,False,False
3737ef0689c0dfff,2023,401520331,Sam Houston State,4,0.0,20.0,20.0,points_recovery,dip_restore,False,False,True,False,False,False
d0d3fe6b0115d116,2023,401520336,Illinois,4,14.0,14.0,0.0,attribution_only,dip_restore,False,False,True,False,False,True
f9e6e2724977a323,2023,401520336,Wisconsin,2,7.0,7.0,0.0,attribution_only,dip_restore,False,False,True,False,False,True
85152bd98c61c45d,2023,401520340,Michigan,2,7.0,7.0,0.0,attribution_only,dip_restore,False,False,True,False,False,True
da0fc874776aa64c,2023,401520346,Liberty,2,7.0,7.0,0.0,attribution_only,dip_restore,False,False,True,False,False,True
3ba8f2c9177eeffb,2023,401520348,Sam Houston State,2,7.0,7.0,0.0,attribution_only,dip_restore,False,False,True,False,False,True
5de384e85a1154e5,2023,401520348,UTEP,2,7.0,7.0,0.0,attribution_only,dip_restore,False,False,True,False,False,True
8b7f10dea50a7236,2023,401520349,UMass,2,8.0,8.0,0.0,attribution_only,dip_restore,False,False,True,False,False,True
8fdd7dfc812d2a3b,2023,401520355,Nebraska,2,3.0,3.0,0.0,attribution_only,dip_restore,False,False,True,False,False,True
6540efa7de0bda2e,2023,401520356,Northwestern,2,7.0,7.0,0.0,attribution_only,dip_restore,False,False,True,False,False,True
834284c1d52ab977,2023,401520364,Georgia,2,10.0,10.0,0.0,attribution_only,other,False,False,False,False,False,False
1e924e6a87c76c94,2023,401520364,Missouri,9,0.0,0.0,0.0,attribution_only,final_cap,False,False,False,True,False,True
fb941bbaeac607ce,2023,401520366,Louisiana Tech,2,8.0,8.0,0.0,attribution_only,dip_restore,False,False,True,False,False,True
7452c1f2f09b821c,2023,401520366,Louisiana Tech,2,6.0,6.0,0.0,attribution_only,dip_restore,False,False,True,False,False,True
889a7cb28888f2a2,2023,401520367,Maryland,2,8.0,8.0,0.0,attribution_only,dip_restore,False,False,True,False,False,True
105807cc2912b54d,2023,401520372,Middle Tennessee,2,7.0,7.0,0.0,attribution_only,dip_restore,False,False,True,False,False,True
3c19be31376a6e9d,2023,401520374,Ole Miss,2,6.0,6.0,0.0,attribution_only,dip_restore,False,False,True,False,False,True
385cc753476d0a4c,2023,401520375,Ohio State,2,7.0,7.0,0.0,attribution_only,dip_restore,False,False,True,False,False,True
8cf26042d2e20672,2023,401520376,Jacksonville State,2,7.0,7.0,0.0,attribution_only,dip_restore,False,False,True,False,False,True
fa0290be5b38281d,2023,401520381,Holy Cross,2,7.0,7.0,0.0,attribution_only,dip_restore,False,False,True,False,False,True
0afb210f298d53cf,2023,401520383,Illinois,2,3.0,3.0,0.0,attribution_only,dip_restore,False,False,True,False,False,True
b23e2dd1ef42b1d6,2023,401520383,Illinois,4,13.0,13.0,0.0,attribution_only,dip_restore,False,False,True,False,False,True
302b41afa9444a7f,2023,401520385,James Madison,2,7.0,7.0,0.0,attribution_only,dip_restore,False,False,True,False,False,True
d33560df5eeef931,2023,401520386,Alabama,2,7.0,7.0,0.0,attribution_only,dip_restore,False,False,True,False,False,True
7b857b3b9fa455b0,2023,401520387,Louisiana Tech,2,7.0,7.0,0.0,attribution_only,dip_restore,False,False,True,False,False,True
33a52ce2ee989c45,2023,401520388,Liberty,39,0.0,0.0,0.0,attribution_only,final_cap,False,False,False,True,False,True
a8077bab48990917,2023,401520389,LSU,2,7.0,7.0,0.0,attribution_only,dip_restore,False,False,True,False,False,True
be1832f0e051b1b1,2023,401520393,Michigan State,2,3.0,3.0,0.0,attribution_only,dip_restore,False,False,True,False,False,True
182f2e34aa61b346,2023,401520395,Purdue,2,7.0,7.0,0.0,attribution_only,dip_restore,False,False,True,False,False,True
b108d38ca5498fb5,2023,401520396,South Carolina,2,7.0,7.0,0.0,attribution_only,dip_restore,False,False,True,False,False,True
f8e4fab48ddc13a5,2023,401520399,New Mexico State,2,7.0,7.0,0.0,attribution_only,dip_restore,False,False,True,False,False,True
1a3ec5b70985de97,2023,401520400,UMass,2,7.0,7.0,0.0,attribution_only,dip_restore,False,False,True,False,False,True
8bcd20cc92a6288e,2023,401520403,Coastal Carolina,2,7.0,7.0,0.0,attribution_only,dip_restore,False,False,True,False,False,True
92b2266f3aeb3acc,2023,401520409,Georgia State,2,7.0,7.0,0.0,attribution_only,dip_restore,False,False,True,False,False,True
ad548e917d793896,2023,401520412,Southern Mississippi,2,0.0,0.0,0.0,attribution_only,final_cap,False,False,False,True,False,True
7f7e356996914115,2023,401520414,Northwestern,2,7.0,7.0,0.0,attribution_only,dip_restore,False,False,True,False,False,True
562d7294d3773b00,2023,401520420,Abilene Christian,2,7.0,7.0,0.0,attribution_only,category_possession_reassignment,False,False,False,False,False,True
a1ad110f8663d241,2023,401520423,Sam Houston State,2,6.0,6.0,0.0,attribution_only,dip_restore,False,False,True,False,False,True
1baf64564ab30339,2023,401520423,Sam Houston State,2,7.0,7.0,0.0,attribution_only,dip_restore,False,False,True,False,False,True
139fd156569042f7,2023,401520430,Georgia,2,7.0,7.0,0.0,attribution_only,dip_restore,False,False,True,False,False,True
ef0b2a34b6614c3e,2023,401520431,Illinois,2,6.0,6.0,0.0,attribution_only,dip_restore,False,False,True,False,False,True
6ee6e72870d23f0a,2023,401520432,Kentucky,2,7.0,7.0,0.0,attribution_only,dip_restore,False,False,True,False,False,False
2e0c74fc5f8bc2b7,2023,401520433,Texas A&M,2,6.0,6.0,0.0,attribution_only,dip_restore,False,False,True,False,False,True
792e5d0207136f80,2023,401520438,Indiana,2,7.0,7.0,0.0,attribution_only,dip_restore,False,False,True,False,False,False
35b75e3549ca70e7,2023,401520440,Sam Houston State,4,14.0,14.0,0.0,attribution_only,dip_restore,False,False,True,False,False,True
583f27f7169309c5,2023,401520441,Clemson,4,6.0,6.0,0.0,attribution_only,dip_restore,False,False,True,False,False,True
3569ca7ca33fea7e,2023,401520445,Navy,25,0.0,0.0,0.0,attribution_only,final_cap,False,False,False,True,False,True
54cc83dc830ebcdc,2023,401523987,Southern Utah,2,7.0,7.0,0.0,attribution_only,dip_restore,False,False,True,False,False,True
11f633e0c3768755,2023,401523989,Arizona,2,7.0,7.0,0.0,attribution_only,dip_restore,False,False,True,False,False,True
8b6de7925c9b65a1,2023,401523990,Colorado State,2,7.0,7.0,0.0,attribution_only,dip_restore,False,False,True,False,False,False
7d3d7bc8ee0c76db,2023,401523991,California,2,7.0,7.0,0.0,attribution_only,dip_restore,False,False,True,False,False,True
525da5bf65a609e3,2023,401523997,Boise State,2,7.0,7.0,0.0,attribution_only,dip_restore,False,False,True,False,False,True
74da02f17448780b,2023,401523998,Arizona State,2,8.0,8.0,0.0,attribution_only,dip_restore,False,False,True,False,False,True
0045d0f2efb4d7cd,2023,401523998,Oklahoma State,2,7.0,7.0,0.0,attribution_only,dip_restore,False,False,True,False,False,True
9632ff089448d668,2023,401524003,Stanford,3,0.0,10.0,10.0,points_recovery,incomplete_stream,True,False,False,False,False,True
2332456c58695405,2023,401524003,USC,6,0.0,28.0,28.0,points_recovery,incomplete_stream,True,True,True,False,False,True
42f1f188e699f3ff,2023,401524004,Tulsa,2,3.0,3.0,0.0,attribution_only,dip_restore,False,False,True,False,False,True
5aed7214ead32b23,2023,401524006,Idaho,2,7.0,7.0,0.0,attribution_only,dip_restore,False,False,True,False,False,True
4ecbe97e7133457e,2023,401524007,Colorado,2,7.0,7.0,0.0,attribution_only,dip_restore,False,False,True,False,False,True
5bea7a7c2e188cb6,2023,401524007,Colorado State,2,7.0,7.0,0.0,attribution_only,dip_restore,False,False,True,False,False,True
fcf6a8e929034adc,2023,401524014,USC,2,7.0,7.0,0.0,attribution_only,dip_restore,False,False,True,False,False,True
8de683374669eec2,2023,401524023,Colorado,5,11.0,27.0,16.0,points_recovery,incomplete_stream,True,True,True,False,False,True
4ab2da8105936f74,2023,401524026,Colorado,2,7.0,7.0,0.0,attribution_only,dip_restore,False,False,True,False,False,True
83a69baf1f4f41d1,2023,401524027,California,2,3.0,3.0,0.0,attribution_only,dip_restore,False,False,True,False,False,True
4f7fb5f67cadc7bc,2023,401524029,Colorado,2,7.0,7.0,0.0,attribution_only,dip_restore,False,False,True,False,False,True
285b2d6f3934fc78,2023,401524029,Colorado,2,7.0,7.0,0.0,attribution_only,dip_restore,False,False,True,False,False,True
02fa5f6ad11a001b,2023,401524029,Stanford,2,7.0,7.0,0.0,attribution_only,dip_restore,False,False,True,False,False,True
7f2b83d623275d25,2023,401524031,Notre Dame,2,3.0,3.0,0.0,attribution_only,dip_restore,False,False,True,False,False,False
ab57f187d570fd9f,2023,401524032,Oregon State,2,3.0,3.0,0.0,attribution_only,dip_restore,False,False,True,False,False,True
51514250d97e0ae0,2023,401524035,Oregon,2,7.0,7.0,0.0,attribution_only,dip_restore,False,False,True,False,False,True
ea81db3cbf7ba040,2023,401524038,Arizona State,2,7.0,7.0,0.0,attribution_only,dip_restore,False,False,True,False,False,True
0d313759cb035974,2023,401524041,California,8,0.0,49.0,49.0,points_recovery,incomplete_stream,True,True,True,False,False,True
b01126db43675e63,2023,401524041,USC,2,3.0,3.0,0.0,attribution_only,dip_restore,False,False,True,False,False,True
0f3562360b24c608,2023,401524041,USC,2,7.0,7.0,0.0,attribution_only,dip_restore,False,False,True,False,False,True
c212afdd659fa494,2023,401524044,Oregon,4,14.0,14.0,0.0,attribution_only,dip_restore,False,False,True,False,False,True
b4bfc1e6b33bf904,2023,401524052,Colorado,2,7.0,7.0,0.0,attribution_only,dip_restore,False,False,True,False,False,True
64e95ab6f7f90281,2023,401524053,Oregon,2,6.0,6.0,0.0,attribution_only,dip_restore,False,False,True,False,False,True
7c6d2452adbe8076,2023,401524057,Washington State,2,7.0,7.0,0.0,attribution_only,dip_restore,False,False,True,False,False,False
0a8c13d1f71055d2,2023,401524058,Utah,2,8.0,8.0,0.0,attribution_only,dip_restore,False,False,True,False,False,True
a34fa688d9fcdc1b,2023,401524061,Stanford,2,9.0,9.0,0.0,attribution_only,other,False,False,False,False,False,False
a26b598abd6e758d,2023,401524064,Arizona,2,7.0,7.0,0.0,attribution_only,dip_restore,False,False,True,False,False,True
4655b8291c829499,2023,401524066,California,4,10.0,10.0,0.0,attribution_only,dip_restore,False,False,True,False,False,True
be6f6ba7c475c29a,2023,401525440,Notre Dame,2,7.0,7.0,0.0,attribution_only,dip_restore,False,False,True,False,False,False
219fc9167c40d98e,2023,401525450,UMass,2,7.0,7.0,0.0,attribution_only,dip_restore,False,False,True,False,False,True
4ed5905ea92fddfe,2023,401525464,Northern Illinois,1,0.0,6.0,6.0,points_recovery,dip_restore,False,False,True,False,False,False
5a274e600561885f,2023,401525467,Old Dominion,4,0.0,17.0,17.0,points_recovery,incomplete_stream,True,False,False,False,False,True
8142f9af496c8154,2023,401525494,Georgia Tech,6,0.0,34.0,34.0,points_recovery,incomplete_stream,True,True,True,False,False,True
dd778301f0f84138,2023,401525494,South Carolina State,2,6.0,6.0,0.0,attribution_only,dip_restore,False,False,True,False,False,True
d606c37c9085f756,2023,401525500,Florida State,2,7.0,7.0,0.0,attribution_only,dip_restore,False,False,True,False,False,True
abde98306b6d9746,2023,401525502,VMI,2,7.0,7.0,0.0,attribution_only,dip_restore,False,False,True,False,False,True
41f9554b3e26c459,2023,401525503,West Virginia,2,7.0,7.0,0.0,attribution_only,dip_restore,False,False,True,False,False,True
b06d75afc65aac8f,2023,401525504,Wake Forest,2,7.0,7.0,0.0,attribution_only,dip_restore,False,False,True,False,False,True
ac1b22450ff90c13,2023,401525506,Louisville,2,7.0,7.0,0.0,attribution_only,dip_restore,False,False,True,False,False,True
8da108ad4336f9b6,2023,401525506,Louisville,2,7.0,7.0,0.0,attribution_only,dip_restore,False,False,True,False,False,True
85363714715ca45a,2023,401525508,Georgia Tech,2,7.0,7.0,0.0,attribution_only,dip_restore,False,False,True,False,False,True
bebee4972ce2b6bb,2023,401525510,Pittsburgh,10,0.0,0.0,0.0,attribution_only,final_cap,False,False,False,True,False,True
746ba788423ecc84,2023,401525516,Virginia Tech,3,14.0,14.0,0.0,attribution_only,dip_restore,False,False,True,False,False,True
58e636b488e7b006,2023,401525519,Georgia Tech,2,7.0,7.0,0.0,attribution_only,dip_restore,False,False,True,False,False,True
e9b1993f5e317456,2023,401525520,North Carolina,2,3.0,3.0,0.0,attribution_only,dip_restore,False,False,True,False,False,True
7ede1502e7919780,2023,401525526,North Carolina,2,7.0,7.0,0.0,attribution_only,dip_restore,False,False,True,False,False,True
ba50c5c63016f259,2023,401525527,Wake Forest,5,10.0,10.0,0.0,attribution_only,dip_restore,False,False,True,False,False,True
8fe198141511f6ae,2023,401525529,Miami,2,7.0,7.0,0.0,attribution_only,dip_restore,False,False,True,False,False,True
483c06ef47eb0cb4,2023,401525538,Miami,1,0.0,6.0,6.0,points_recovery,dip_restore,False,False,True,False,False,False
c81ab0be7977a6dd,2023,401525540,Boston College,2,7.0,7.0,0.0,attribution_only,dip_restore,False,False,True,False,False,True
ac65a99d0245dd5d,2023,401525542,Georgia Tech,2,0.0,14.0,14.0,points_recovery,dip_restore,False,False,True,False,False,False
1ea7df5d16deaad8,2023,401525542,Georgia Tech,1,7.0,0.0,-7.0,points_reduction,category_possession_reassignment,False,False,False,False,False,True
05e10b48d1feee2c,2023,401525542,Georgia Tech,1,7.0,0.0,-7.0,points_reduction,category_possession_reassignment,False,False,False,False,False,True
9d4255b9abc9680f,2023,401525542,Virginia,2,7.0,7.0,0.0,attribution_only,dip_restore,False,False,True,False,False,True
e6e43f2c3699f423,2023,401525545,North Carolina,1,0.0,7.0,7.0,points_recovery,incomplete_stream,True,False,False,False,False,True
0a553e268d901fa3,2023,401525546,Louisville,2,0.0,14.0,14.0,points_recovery,incomplete_stream,True,True,True,False,False,True
5010d0b86c8faeee,2023,401525555,Virginia,2,7.0,7.0,0.0,attribution_only,dip_restore,False,False,True,False,False,True
9cf8a916bc0aa777,2023,401525557,Syracuse,2,13.0,13.0,0.0,attribution_only,other,False,False,False,False,False,False
a1e92b5c5a25c08f,2023,401525557,Syracuse,17,0.0,0.0,0.0,attribution_only,final_cap,False,False,False,True,False,True
0827baea597fdeea,2023,401525564,Virginia Tech,2,7.0,7.0,0.0,attribution_only,dip_restore,False,False,True,False,False,True
47e1472d6a449026,2023,401525564,Virginia Tech,3,10.0,10.0,0.0,attribution_only,dip_restore,False,False,True,False,False,True
ed8b1aaaf30438c7,2023,401525816,Kent State,4,6.0,6.0,0.0,attribution_only,dip_restore,False,False,True,False,False,True
a9f77466833135d5,2023,401525816,UCF,4,14.0,14.0,0.0,attribution_only,dip_restore,False,False,True,False,False,True
e7ac85161697db91,2023,401525816,UCF,11,35.0,35.0,0.0,attribution_only,dip_restore,False,False,True,False,False,True
7e3c24106b2729bd,2023,401525818,Cincinnati,2,7.0,7.0,0.0,attribution_only,dip_restore,False,False,True,False,False,True
69a6d70c36d8ebe4,2023,401525822,Oklahoma,4,14.0,14.0,0.0,attribution_only,dip_restore,False,False,True,False,False,True
e3fee2870172806a,2023,401525822,Oklahoma,2,7.0,7.0,0.0,attribution_only,dip_restore,False,False,True,False,False,True
da31901ad8570f96,2023,401525823,Central Arkansas,1,0.0,6.0,6.0,points_recovery,dip_restore,False,False,True,False,False,False
e2914f021578bb91,2023,401525823,Central Arkansas,1,6.0,0.0,-6.0,points_reduction,category_possession_reassignment,False,False,False,False,False,True
bbfcbbe545630147,2023,401525823,Oklahoma State,1,0.0,3.0,3.0,points_recovery,restoration_gt8,False,True,True,False,False,False
ae051202ebd32643,2023,401525823,Oklahoma State,1,3.0,0.0,-3.0,points_reduction,restoration_gt8,False,True,False,False,False,True
6cf60451f745fe23,2023,401525824,Rice,2,7.0,7.0,0.0,attribution_only,dip_restore,False,False,True,False,False,True
87d027f38438c5f0,2023,401525824,Texas,4,10.0,13.0,3.0,points_recovery,restoration_gt8,False,True,True,False,False,True
6ec95fcb323b595e,2023,401525824,Texas,4,6.0,3.0,-3.0,points_reduction,restoration_gt8,False,True,True,False,False,True
1c51a704ae613d05,2023,401525825,Texas Tech,5,0.0,19.0,19.0,points_recovery,incomplete_stream,True,True,True,False,False,True
dc2d16a404fb3d01,2023,401525825,Wyoming,4,3.0,25.0,22.0,points_recovery,incomplete_stream,True,True,True,False,False,True
7d1a106b831006c9,2023,401525827,Boise State,2,7.0,7.0,0.0,attribution_only,restoration_gt8,False,True,True,False,False,True
72a86d1df8c8da4e,2023,401525827,Boise State,4,0.0,6.0,6.0,points_recovery,incomplete_stream,True,True,True,False,False,True
c46f2f9db9d1164e,2023,401525827,UCF,6,9.0,9.0,0.0,attribution_only,restoration_gt8,False,True,True,False,False,True
dedaff41e243dc72,2023,401525828,BYU,2,7.0,7.0,0.0,attribution_only,dip_restore,False,False,True,False,False,True
cfd18a33f95900aa,2023,401525830,Oklahoma,4,14.0,14.0,0.0,attribution_only,dip_restore,False,False,True,False,False,True
2caf844eee2a17cd,2023,401525831,Houston,8,0.0,41.0,41.0,points_recovery,incomplete_stream,True,True,True,False,False,True
c699f9e1603038b7,2023,401525831,Rice,10,7.0,43.0,36.0,points_recovery,incomplete_stream,True,True,True,False,False,True
102fe4959027c112,2023,401525832,TCU,4,14.0,14.0,0.0,attribution_only,dip_restore,False,False,True,False,False,True
6bad7ee73a58eb94,2023,401525832,TCU,6,17.0,17.0,0.0,attribution_only,dip_restore,False,False,True,False,False,True
890f3e1889a797d5,2023,401525836,Houston,1,0.0,1.0,1.0,points_recovery,dip_restore,False,False,True,False,False,False
96e2bf428adf21cc,2023,401525836,Houston,1,0.0,0.0,0.0,attribution_only,dip_restore,False,False,True,False,False,True
2adf2fc3e8611837,2023,401525836,TCU,2,7.0,7.0,0.0,attribution_only,dip_restore,False,False,True,False,False,True
59ddbfb7c9245c84,2023,401525837,Kansas,2,7.0,7.0,0.0,attribution_only,dip_restore,False,False,True,False,False,True
ca71341b32513ef8,2023,401525837,Kansas,2,7.0,7.0,0.0,attribution_only,dip_restore,False,False,True,False,False,True
dbbbdaa2f4e623db,2023,401525839,South Alabama,2,7.0,7.0,0.0,attribution_only,dip_restore,False,False,True,False,False,True
d295a472541c727a,2023,401525842,Oklahoma,2,7.0,7.0,0.0,attribution_only,dip_restore,False,False,True,False,False,True
c20a724834485ead,2023,401525843,UCF,2,3.0,3.0,0.0,attribution_only,dip_restore,False,False,True,False,False,True
f5c7cef97a006852,2023,401525844,Texas,5,10.0,10.0,0.0,attribution_only,dip_restore,False,False,True,False,False,True
e9e398dfec9b117c,2023,401525846,Oklahoma State,2,3.0,3.0,0.0,attribution_only,dip_restore,False,False,True,False,False,True
ac0e70689507ea1f,2023,401525847,BYU,6,13.0,13.0,0.0,attribution_only,dip_restore,False,False,True,False,False,True
1b39ab86483ea164,2023,401525847,Kansas,2,7.0,7.0,0.0,attribution_only,dip_restore,False,False,True,False,False,True
c9b89bceae74f4bb,2023,401525847,Kansas,2,3.0,3.0,0.0,attribution_only,dip_restore,False,False,True,False,False,True
32f1d62e94949ab7,2023,401525849,SMU,2,7.0,7.0,0.0,attribution_only,dip_restore,False,False,True,False,False,True
08a74f20eedab6e8,2023,401525851,BYU,2,7.0,7.0,0.0,attribution_only,dip_restore,False,False,True,False,False,True
82becc30a0a5807b,2023,401525854,Kansas,2,7.0,7.0,0.0,attribution_only,dip_restore,False,False,True,False,False,True
14817a8f4973a483,2023,401525857,Kansas State,2,8.0,8.0,0.0,attribution_only,dip_restore,False,False,True,False,False,True
9713af9d95b88667,2023,401525858,Baylor,5,11.0,11.0,0.0,attribution_only,dip_restore,False,False,True,False,False,True
d2fd8d8f536197c6,2023,401525858,Texas Tech,2,3.0,3.0,0.0,attribution_only,dip_restore,False,False,True,False,False,True
a324f60ef6545b32,2023,401525860,Kansas,2,7.0,7.0,0.0,attribution_only,dip_restore,False,False,True,False,False,False
3027d549eb40578b,2023,401525862,Houston,2,7.0,7.0,0.0,attribution_only,dip_restore,False,False,True,False,False,False
8e9f1170c0bf516a,2023,401525864,Kansas,4,13.0,13.0,0.0,attribution_only,dip_restore,False,False,True,False,False,True
0faf0ba2aa48a1f1,2023,401525867,Texas Tech,2,7.0,7.0,0.0,attribution_only,dip_restore,False,False,True,False,False,True
15bed1ccc93ddfa5,2023,401525868,Baylor,2,7.0,7.0,0.0,attribution_only,restoration_gt8,False,True,True,False,False,True
f806a7eeb570b9f9,2023,401525874,Kansas,2,0.0,12.0,12.0,points_recovery,dip_restore,False,False,True,False,False,False
473fd43e44f5efd5,2023,401525874,Kansas,2,12.0,0.0,-12.0,points_reduction,category_possession_reassignment,False,False,False,False,False,True
9df81467651152bd,2023,401525874,Oklahoma,1,0.0,6.0,6.0,points_recovery,dip_restore,False,False,True,False,False,False
6504d495415efeec,2023,401525874,Oklahoma,2,7.0,7.0,0.0,attribution_only,dip_restore,False,False,True,False,False,True
b089d2361a3f4aaf,2023,401525874,Oklahoma,1,6.0,0.0,-6.0,points_reduction,category_possession_reassignment,False,False,False,False,False,True
c8f2c07d93a069b7,2023,401525875,Kansas State,2,7.0,7.0,0.0,attribution_only,dip_restore,False,False,True,False,False,True
b70caf61ad47ba45,2023,401525875,Kansas State,2,7.0,7.0,0.0,attribution_only,dip_restore,False,False,True,False,False,True
9d89e0eafe2d7cb6,2023,401525876,Oklahoma State,2,7.0,7.0,0.0,attribution_only,dip_restore,False,False,True,False,False,True
1f1f8c3703700d72,2023,401525881,Cincinnati,2,6.0,6.0,0.0,attribution_only,dip_restore,False,False,True,False,False,True
88d05cb24eebd904,2023,401525881,UCF,2,7.0,7.0,0.0,attribution_only,dip_restore,False,False,True,False,False,True
fbfaae2722487470,2023,401525882,Kansas,2,7.0,7.0,0.0,attribution_only,dip_restore,False,False,True,False,False,True
249f3d9096efc02d,2023,401525889,Kansas State,2,7.0,7.0,0.0,attribution_only,dip_restore,False,False,True,False,False,True
ff5efc565c53887a,2023,401525890,Oklahoma,3,7.0,7.0,0.0,attribution_only,dip_restore,False,False,True,False,False,True
a495c18a4575686e,2023,401525890,Oklahoma,3,7.0,7.0,0.0,attribution_only,dip_restore,False,False,True,False,False,True
02a9188d40cdc00e,2023,401525890,West Virginia,2,6.0,6.0,0.0,attribution_only,dip_restore,False,False,True,False,False,True
5f0f989fa2cd3749,2023,401525894,Oklahoma State,2,7.0,7.0,0.0,attribution_only,dip_restore,False,False,True,False,False,True
00cdb69b962212e5,2023,401525895,Iowa State,2,7.0,7.0,0.0,attribution_only,dip_restore,False,False,True,False,False,False
c9edaf26f38c2b47,2023,401525895,Texas,2,8.0,8.0,0.0,attribution_only,other,False,False,False,False,False,False
5673da2b36200d44,2023,401525896,Kansas,2,7.0,7.0,0.0,attribution_only,dip_restore,False,False,True,False,False,True
66309fbfd00a7438,2023,401525896,Kansas State,5,0.0,24.0,24.0,points_recovery,incomplete_stream,True,True,True,False,False,True
7a6615d7c792ef69,2023,401525900,Oklahoma,4,10.0,10.0,0.0,attribution_only,dip_restore,False,False,True,False,False,True
1acbd6bfaa5ac763,2023,401525900,Oklahoma,2,14.0,14.0,0.0,attribution_only,other,False,False,False,False,False,False
d5b91ff80491eaa6,2023,401525901,Texas,2,7.0,7.0,0.0,attribution_only,dip_restore,False,False,True,False,False,True
e9a4a15fa44bd3aa,2023,401525902,Baylor,4,14.0,14.0,0.0,attribution_only,dip_restore,False,False,True,False,False,False
69a73833818b205d,2023,401525903,Cincinnati,5,13.0,13.0,0.0,attribution_only,dip_restore,False,False,True,False,False,True
b1a3d00eed70be3d,2023,401525905,BYU,4,14.0,14.0,0.0,attribution_only,dip_restore,False,False,True,False,False,True
14e6e631f18fe500,2023,401525905,Oklahoma State,2,13.0,0.0,-13.0,points_reduction,incomplete_stream,True,False,False,False,False,True
2dc0672dd92dc394,2023,401526833,Miami (OH),6,0.0,34.0,34.0,points_recovery,incomplete_stream,True,True,True,False,False,True
a26f637ca5bde7ac,2023,401526834,UMass,2,7.0,7.0,0.0,attribution_only,dip_restore,False,False,True,False,False,True
7ff703c1407a5e8e,2023,401526835,UMass,2,7.0,7.0,0.0,attribution_only,dip_restore,False,False,True,False,False,True
ea34d2dade6e6aec,2023,401526836,UMass,2,3.0,3.0,0.0,attribution_only,dip_restore,False,False,True,False,False,True
0457ffdf05ed4836,2023,401526837,Toledo,2,3.0,3.0,0.0,attribution_only,dip_restore,False,False,True,False,False,True
bc05a28a1d30228a,2023,401531337,Tulsa,2,7.0,7.0,0.0,attribution_only,dip_restore,False,False,True,False,False,True
ae9d0619c44d5dae,2023,401531339,Temple,2,7.0,7.0,0.0,attribution_only,dip_restore,False,False,True,False,False,False
a6ccd4f699e3a936,2023,401531344,Tulane,2,3.0,3.0,0.0,attribution_only,dip_restore,False,False,True,False,False,False
cf152eeefc3bf14e,2023,401531345,Tulsa,2,7.0,7.0,0.0,attribution_only,dip_restore,False,False,True,False,False,True
83f40ccabc52971e,2023,401531346,East Carolina,2,7.0,7.0,0.0,attribution_only,dip_restore,False,False,True,False,False,True
de332214b7825313,2023,401531347,Tulane,2,7.0,7.0,0.0,attribution_only,dip_restore,False,False,True,False,False,True
9be8d1db43b29daf,2023,401531349,Tulane,2,7.0,7.0,0.0,attribution_only,dip_restore,False,False,True,False,False,True
f713701121323811,2023,401531370,Tulane,2,7.0,7.0,0.0,attribution_only,dip_restore,False,False,True,False,False,True
615ff0b16fcfd4dd,2023,401531373,Rice,2,7.0,7.0,0.0,attribution_only,dip_restore,False,False,True,False,False,True
fdd89bd485e86828,2023,401531379,Louisiana,2,3.0,3.0,0.0,attribution_only,dip_restore,False,False,True,False,False,True
ae3308114a0ba765,2023,401531379,UAB,2,6.0,6.0,0.0,attribution_only,dip_restore,False,False,True,False,False,True
cea76ca762db18d7,2023,401531380,UAB,2,7.0,7.0,0.0,attribution_only,dip_restore,False,False,True,False,False,True
2a310d02fca73dab,2023,401531381,UT San Antonio,2,7.0,7.0,0.0,attribution_only,dip_restore,False,False,True,False,False,True
49c00b8d8b6d2a9b,2023,401531383,UAB,2,7.0,7.0,0.0,attribution_only,dip_restore,False,False,True,False,False,True
84d5a05bc3af9734,2023,401531384,Navy,2,7.0,7.0,0.0,attribution_only,dip_restore,False,False,True,False,False,True
29e7c3fcd22a6b2a,2023,401531385,Temple,2,3.0,3.0,0.0,attribution_only,dip_restore,False,False,True,False,False,True
4d56ff71177e08ad,2023,401531386,UAB,2,6.0,6.0,0.0,attribution_only,category_possession_reassignment,False,False,False,False,False,True
615463bc5d2f4ad2,2023,401531388,Norfolk State,19,0.0,0.0,0.0,attribution_only,final_cap,False,False,False,True,False,True
122d540c812ff03a,2023,401531389,UT San Antonio,2,7.0,7.0,0.0,attribution_only,dip_restore,False,False,True,False,False,True
ec6bd49d1ebe3e03,2023,401531389,UT San Antonio,2,7.0,7.0,0.0,attribution_only,dip_restore,False,False,True,False,False,True
4d6c55a420762d1c,2023,401531396,UT San Antonio,2,7.0,7.0,0.0,attribution_only,dip_restore,False,False,True,False,False,True
690284e11aae2d7b,2023,401531398,UT San Antonio,4,10.0,10.0,0.0,attribution_only,dip_restore,False,False,True,False,False,True
ea379079f3cfbcd3,2023,401531401,South Florida,2,7.0,7.0,0.0,attribution_only,dip_restore,False,False,True,False,False,True
c6a8d2446e54751f,2023,401531403,Charlotte,2,6.0,7.0,1.0,points_recovery,dip_restore,False,False,True,False,False,True
8f471e8162a785a2,2023,401531404,Charlotte,2,7.0,7.0,0.0,attribution_only,dip_restore,False,False,True,False,False,True
0265c3e0a2af58f1,2023,401531404,SMU,2,7.0,7.0,0.0,attribution_only,dip_restore,False,False,True,False,False,True
b462756c0b28de8d,2023,401531412,Appalachian State,6,20.0,20.0,0.0,attribution_only,dip_restore,False,False,True,False,False,True
06db53f0c2259909,2023,401531418,Florida Atlantic,8,28.0,28.0,0.0,attribution_only,dip_restore,False,False,True,False,False,True
8336738c503cfbca,2023,401531420,Florida Atlantic,2,7.0,7.0,0.0,attribution_only,dip_restore,False,False,True,False,False,True
8cb7a4ea7f6da6d0,2023,401531422,Florida A&M,2,7.0,7.0,0.0,attribution_only,dip_restore,False,False,True,False,False,True
469f70f0f8f2db80,2023,401531423,Rice,2,0.0,0.0,0.0,attribution_only,final_cap,False,False,False,True,False,True
61b03c6f65a1f06d,2023,401531423,South Florida,4,15.0,15.0,0.0,attribution_only,dip_restore,False,False,True,False,False,True
a875f43df46de2f3,2023,401531424,Navy,2,7.0,7.0,0.0,attribution_only,dip_restore,False,False,True,False,False,True
de4bfb5c5427c64d,2023,401531437,North Texas,2,7.0,7.0,0.0,attribution_only,dip_restore,False,False,True,False,False,True
855f86854ab74859,2023,401531437,SMU,2,7.0,7.0,0.0,attribution_only,dip_restore,False,False,True,False,False,True
c77e4d74444667b7,2023,401531440,Rice,2,7.0,7.0,0.0,attribution_only,dip_restore,False,False,True,False,False,True
fa0e327cb2fcd6ee,2023,401531440,SMU,2,7.0,7.0,0.0,attribution_only,dip_restore,False,False,True,False,False,True
11ad3e7671142e1c,2023,401531440,SMU,2,7.0,7.0,0.0,attribution_only,dip_restore,False,False,True,False,False,True
00b1da56a781637f,2023,401531834,Georgia State,3,7.0,7.0,0.0,attribution_only,dip_restore,False,False,True,False,False,True
09178bd1c14c046f,2023,401531840,Southern Mississippi,2,7.0,7.0,0.0,attribution_only,dip_restore,False,False,True,False,False,True
bcd3fe9f6469ec30,2023,401531847,Jackson State,2,7.0,7.0,0.0,attribution_only,dip_restore,False,False,True,False,False,True
42c955c7c5f5af96,2023,401531847,Texas State,2,7.0,7.0,0.0,attribution_only,dip_restore,False,False,True,False,False,True
e870d4c5974e21b4,2023,401531870,Wyoming,1,0.0,8.0,8.0,points_recovery,incomplete_stream,True,False,False,False,False,True
fdc5ac31e16e27e3,2023,401531872,Utah State,2,7.0,7.0,0.0,attribution_only,dip_restore,False,False,True,False,False,True
0ccf280c20353fbc,2023,401531875,Buffalo,2,6.0,6.0,0.0,attribution_only,dip_restore,False,False,True,False,False,True
03f7af81c4857d0e,2023,401531875,Louisiana,2,7.0,7.0,0.0,attribution_only,dip_restore,False,False,True,False,False,True
81481c23f6ff7ebc,2023,401531878,Coastal Carolina,2,7.0,7.0,0.0,attribution_only,dip_restore,False,False,True,False,False,True
24bbd2a226f72d48,2023,401531881,Old Dominion,2,7.0,7.0,0.0,attribution_only,dip_restore,False,False,True,False,False,True
987e73171f4604d5,2023,401531883,Texas State,2,7.0,7.0,0.0,attribution_only,dip_restore,False,False,True,False,False,False
65f543dcdad9189f,2023,401531884,Texas State,2,7.0,7.0,0.0,attribution_only,dip_restore,False,False,True,False,False,True
c6ac3271a62e09f5,2023,401531892,South Alabama,2,7.0,7.0,0.0,attribution_only,dip_restore,False,False,True,False,False,True
3125d6708b96aae6,2023,401531893,James Madison,2,7.0,7.0,0.0,attribution_only,dip_restore,False,False,True,False,False,True
457fb1e1b9bc20ec,2023,401531893,Marshall,5,0.0,0.0,0.0,attribution_only,final_cap,False,False,False,True,False,True
dd109e5c9787e8f6,2023,401531894,Louisiana Monroe,2,7.0,7.0,0.0,attribution_only,dip_restore,False,False,True,False,False,True
dd9ff17999b80b6b,2023,401531896,Coastal Carolina,2,7.0,7.0,0.0,attribution_only,dip_restore,False,False,True,False,False,True
00edc931fc79cd14,2023,401531897,Georgia State,2,7.0,7.0,0.0,attribution_only,dip_restore,False,False,True,False,False,True
38280058b326d907,2023,401531898,Southern Mississippi,2,7.0,7.0,0.0,attribution_only,dip_restore,False,False,True,False,False,True
7d6d27d6d092fca0,2023,401531901,Arkansas State,2,7.0,7.0,0.0,attribution_only,dip_restore,False,False,True,False,False,True
6ac9f8d8e778eb4e,2023,401531902,Louisiana,6,16.0,16.0,0.0,attribution_only,dip_restore,False,False,True,False,False,True
999e9fb852fe78a4,2023,401531902,South Alabama,2,6.0,6.0,0.0,attribution_only,dip_restore,False,False,True,False,False,True
6de7d6b7d18f5fff,2023,401531905,Appalachian State,2,7.0,7.0,0.0,attribution_only,dip_restore,False,False,True,False,False,True
5d86fc017a4bb270,2023,401531911,Louisiana,2,7.0,7.0,0.0,attribution_only,dip_restore,False,False,True,False,False,False
cd972cb49ef53a5c,2023,401531912,Coastal Carolina,2,7.0,7.0,0.0,attribution_only,dip_restore,False,False,True,False,False,True
f811645d62ec5469,2023,401531913,Georgia State,2,7.0,7.0,0.0,attribution_only,dip_restore,False,False,True,False,False,True
28a21b7911e64dcf,2023,401531914,Marshall,2,3.0,3.0,0.0,attribution_only,dip_restore,False,False,True,False,False,False
9daf37d90c8e26fa,2023,401531919,Arkansas State,2,7.0,7.0,0.0,attribution_only,dip_restore,False,False,True,False,False,True
96c06055f0d1b45c,2023,401531920,South Alabama,2,7.0,7.0,0.0,attribution_only,dip_restore,False,False,True,False,False,False
8b5ced595b415960,2023,401531922,Appalachian State,2,7.0,7.0,0.0,attribution_only,dip_restore,False,False,True,False,False,True
d42914b2a6336436,2023,401531922,Georgia Southern,15,0.0,0.0,0.0,attribution_only,final_cap,False,False,False,True,False,True
cc631e9da2de0f25,2023,401531924,Marshall,4,14.0,14.0,0.0,attribution_only,restoration_gt8,False,True,True,False,False,True
24a90f5f90f3c5a2,2023,401531925,Old Dominion,2,3.0,3.0,0.0,attribution_only,dip_restore,False,False,True,False,False,True
3bc0ad7e8cbaefb0,2023,401531927,Troy,2,7.0,7.0,0.0,attribution_only,dip_restore,False,False,True,False,False,True
a59b09677426bca6,2023,401532393,Western Michigan,2,7.0,7.0,0.0,attribution_only,dip_restore,False,False,True,False,False,True
df076271608dc939,2023,401532394,Howard,1,0.0,7.0,7.0,points_recovery,dip_restore,False,False,True,False,False,False
2ec2970fdc7d9189,2023,401532394,Howard,1,7.0,0.0,-7.0,points_reduction,category_possession_reassignment,False,False,False,False,False,True
46d0ddd085ffdbd9,2023,401532397,Southern Illinois,2,7.0,7.0,0.0,attribution_only,dip_restore,False,False,True,False,False,True
299479e0e4d9a967,2023,401532399,Akron,6,21.0,21.0,0.0,attribution_only,dip_restore,False,False,True,False,False,True
90403a2d24c779d2,2023,401532399,Morgan State,2,7.0,7.0,0.0,attribution_only,dip_restore,False,False,True,False,False,True
44c34497918e91d8,2023,401532400,Bowling Green,2,7.0,7.0,0.0,attribution_only,dip_restore,False,False,True,False,False,True
39e7e6d5052df16c,2023,401532405,Ohio,2,7.0,7.0,0.0,attribution_only,dip_restore,False,False,True,False,False,True
3d0921fcffdf8f74,2023,401532405,Ohio,2,7.0,7.0,0.0,attribution_only,dip_restore,False,False,True,False,False,True
b2dd4fbf7e47f164,2023,401532406,Toledo,2,7.0,7.0,0.0,attribution_only,dip_restore,False,False,True,False,False,True
8005805df508dcd6,2023,401532406,Western Michigan,3,10.0,10.0,0.0,attribution_only,dip_restore,False,False,True,False,False,True
d347d245e4f1fe68,2023,401532407,Fresno State,2,7.0,7.0,0.0,attribution_only,category_possession_reassignment,False,False,False,False,False,True
8f120e7e16f00b28,2023,401532407,Fresno State,2,0.0,0.0,0.0,attribution_only,final_cap,False,False,False,True,False,True
e96beccb38b915d7,2023,401532408,Delaware State,2,7.0,7.0,0.0,attribution_only,dip_restore,False,False,True,False,False,True
18ef23e37ab87743,2023,401532408,Miami (OH),4,10.0,10.0,0.0,attribution_only,dip_restore,False,False,True,False,False,True
b7bcf91f55b5c462,2023,401532409,Ball State,3,3.0,10.0,7.0,points_recovery,dip_restore,False,False,True,False,False,True
734e55c133f3460d,2023,401532409,Ball State,1,7.0,0.0,-7.0,points_reduction,category_possession_reassignment,False,False,False,False,False,True
5f89ab2c88b75527,2023,401532409,Western Michigan,2,7.0,7.0,0.0,attribution_only,dip_restore,False,False,True,False,False,True
0580c1380818b81f,2023,401532409,Western Michigan,2,0.0,7.0,7.0,points_recovery,dip_restore,False,False,True,False,False,True
1f72daa53f3fba35,2023,401532409,Western Michigan,1,7.0,0.0,-7.0,points_reduction,category_possession_reassignment,False,False,False,False,False,True
128edf16303a9c62,2023,401532410,Eastern Michigan,2,7.0,7.0,0.0,attribution_only,dip_restore,False,False,True,False,False,True
b3a83deacd344338,2023,401532410,Eastern Michigan,2,7.0,7.0,0.0,attribution_only,dip_restore,False,False,True,False,False,True
51d31ccbfcb0c5d0,2023,401532418,Akron,3,7.0,7.0,0.0,attribution_only,dip_restore,False,False,True,False,False,True
f064bb213157ed12,2023,401532418,Northern Illinois,2,7.0,7.0,0.0,attribution_only,dip_restore,False,False,True,False,False,True
d6e4eaa44f16b4fa,2023,401532418,Northern Illinois,2,6.0,6.0,0.0,attribution_only,dip_restore,False,False,True,False,False,True
bde231208fe06aae,2023,401532419,Toledo,2,3.0,3.0,0.0,attribution_only,dip_restore,False,False,True,False,False,True
ad1d06217e59d5a2,2023,401532420,Akron,4,10.0,10.0,0.0,attribution_only,dip_restore,False,False,True,False,False,True
0dc9d524622cb8bc,2023,401532424,Ohio,2,3.0,3.0,0.0,attribution_only,dip_restore,False,False,True,False,False,True
60b1a714fa68dfbc,2023,401532425,Ball State,2,7.0,7.0,0.0,attribution_only,dip_restore,False,False,True,False,False,True
6d0c156f35d493fa,2023,401532426,Eastern Michigan,1,0.0,3.0,3.0,points_recovery,dip_restore,False,False,True,False,False,False
7e5f980969c68868,2023,401532426,Eastern Michigan,3,6.0,3.0,-3.0,points_reduction,dip_restore,False,False,True,False,False,True
fd507aaea923b4f4,2023,401532426,Northern Illinois,1,0.0,3.0,3.0,points_recovery,dip_restore,False,False,True,False,False,False
93f8f3bf8523c01b,2023,401532426,Northern Illinois,1,3.0,0.0,-3.0,points_reduction,category_possession_reassignment,False,False,False,False,False,True
56c3c3a026dd35ef,2023,401532428,Ohio,2,7.0,7.0,0.0,attribution_only,dip_restore,False,False,True,False,False,True
61598585494c783b,2023,401532429,Bowling Green,2,7.0,7.0,0.0,attribution_only,dip_restore,False,False,True,False,False,True
120f2c83073739a9,2023,401532431,Eastern Michigan,2,8.0,8.0,0.0,attribution_only,dip_restore,False,False,True,False,False,True
25fa0d9e1143b291,2023,401532431,Western Michigan,4,14.0,14.0,0.0,attribution_only,dip_restore,False,False,True,False,False,True
660f2d16c461a63a,2023,401532432,Miami (OH),2,7.0,7.0,0.0,attribution_only,dip_restore,False,False,True,False,False,True
c746fd498fa40034,2023,401532433,Central Michigan,2,7.0,7.0,0.0,attribution_only,dip_restore,False,False,True,False,False,True
731969e5ae68a60f,2023,401532433,Central Michigan,2,7.0,7.0,0.0,attribution_only,dip_restore,False,False,True,False,False,True
b2087f16bce63505,2023,401532433,Northern Illinois,2,3.0,3.0,0.0,attribution_only,restoration_gt8,False,True,True,False,False,True
4c52a50d8840d7ee,2023,401532436,Kent State,1,0.0,0.0,0.0,attribution_only,incomplete_stream,True,True,False,False,False,True
337da2e50ce0c897,2023,401532438,Western Michigan,2,7.0,7.0,0.0,attribution_only,dip_restore,False,False,True,False,False,True
85bbccbf6abf7bf4,2023,401532439,Buffalo,2,7.0,7.0,0.0,attribution_only,dip_restore,False,False,True,False,False,True
49681b31c682bd6d,2023,401532440,Eastern Michigan,2,0.0,0.0,0.0,attribution_only,final_cap,False,False,False,True,False,True
93c5afeaeff09df9,2023,401532444,Northern Illinois,2,7.0,7.0,0.0,attribution_only,dip_restore,False,False,True,False,False,True
49ffbc2f15db4e4f,2023,401532444,Northern Illinois,4,10.0,10.0,0.0,attribution_only,dip_restore,False,False,True,False,False,True
d2c00250e139611a,2023,401532445,Akron,4,10.0,10.0,0.0,attribution_only,dip_restore,False,False,True,False,False,True
6ed66b4103812fd7,2023,401532446,Central Michigan,2,6.0,6.0,0.0,attribution_only,dip_restore,False,False,True,False,False,True
9b7009a4601eabaa,2023,401532447,Miami (OH),2,7.0,7.0,0.0,attribution_only,dip_restore,False,False,True,False,False,True
154d3994b06e11d6,2023,401532450,Bowling Green,2,7.0,7.0,0.0,attribution_only,dip_restore,False,False,True,False,False,True
935622cfebb391c5,2023,401532451,Toledo,3,6.0,6.0,0.0,attribution_only,dip_restore,False,False,True,False,False,True
3c74f5665f1e8db2,2023,401532452,Ohio,2,6.0,6.0,0.0,attribution_only,category_possession_reassignment,False,False,False,False,False,True
18e6adf4fdbadd0d,2023,401532452,Ohio,21,0.0,0.0,0.0,attribution_only,final_cap,False,False,False,True,False,True
57d66ee0bbbd214f,2023,401532454,Ball State,1,0.0,3.0,3.0,points_recovery,restoration_gt8,False,True,True,False,False,False
d46fa10b537ab7d0,2023,401532454,Miami (OH),2,7.0,7.0,0.0,attribution_only,restoration_gt8,False,True,True,False,False,True
15bb433e325b34c2,2023,401532572,Bryant,6,7.0,14.0,7.0,points_recovery,dip_restore,False,False,True,False,False,True
8e8d1cd08ae139c5,2023,401532572,UNLV,5,10.0,10.0,0.0,attribution_only,restoration_gt8,False,True,True,False,False,True
a0d4eac700d0aaba,2023,401532578,Cal Poly,2,3.0,3.0,0.0,attribution_only,dip_restore,False,False,True,False,False,True
31955dda2d8791a5,2023,401532579,Utah State,1,2.0,7.0,5.0,points_recovery,other,False,False,False,False,False,False
7afc4c0a8cfd2010,2023,401532579,Utah State,1,5.0,0.0,-5.0,points_reduction,category_possession_reassignment,False,False,False,False,False,True
47af940a477216b9,2023,401532581,Air Force,2,8.0,8.0,0.0,attribution_only,dip_restore,False,False,True,False,False,True
afbada44567a9928,2023,401532581,Utah State,2,7.0,7.0,0.0,attribution_only,dip_restore,False,False,True,False,False,True
c9f9a3f4835f56d5,2023,401532582,North Dakota,2,6.0,6.0,0.0,attribution_only,category_possession_reassignment,False,False,False,False,False,True
2aa8d9085af51759,2023,401532588,New Mexico,3,6.0,6.0,0.0,attribution_only,dip_restore,False,False,True,False,False,True
3aa8958a2b64100b,2023,401532588,Wyoming,2,3.0,3.0,0.0,attribution_only,restoration_gt8,False,True,True,False,False,True
fb116cdc6bad948e,2023,401532591,Fresno State,2,7.0,7.0,0.0,attribution_only,dip_restore,False,False,True,False,False,True
a15469d4c5888e6f,2023,401532591,Wyoming,2,7.0,7.0,0.0,attribution_only,dip_restore,False,False,True,False,False,True
d1fb718ea6ce3287,2023,401532593,Colorado State,2,7.0,7.0,0.0,attribution_only,dip_restore,False,False,True,False,False,True
3edee14396b1fd6d,2023,401532593,Colorado State,2,7.0,7.0,0.0,attribution_only,dip_restore,False,False,True,False,False,True
fa46b85c9cf747ab,2023,401532595,San Diego State,2,7.0,7.0,0.0,attribution_only,dip_restore,False,False,True,False,False,False
a02e5098a3ee58d9,2023,401532596,San Jose State,2,7.0,7.0,0.0,attribution_only,dip_restore,False,False,True,False,False,True
07c263b955de88e9,2023,401532597,Nevada,3,12.0,13.0,1.0,points_recovery,dip_restore,False,False,True,False,False,True
e242f0ef6c373bb8,2023,401532604,New Mexico,2,3.0,3.0,0.0,attribution_only,dip_restore,False,False,True,False,False,True
ea4ba619ff22b0b6,2023,401532604,New Mexico,4,14.0,14.0,0.0,attribution_only,dip_restore,False,False,True,False,False,True
ea73c12a5293c56e,2023,401532608,Fresno State,3,7.0,7.0,0.0,attribution_only,dip_restore,False,False,True,False,False,True
89470cdafd0b0653,2023,401532610,Nevada,2,7.0,7.0,0.0,attribution_only,dip_restore,False,False,True,False,False,True
cc10f7345e21f2a6,2023,401532615,Utah State,2,3.0,3.0,0.0,attribution_only,dip_restore,False,False,True,False,False,True
45d093bb0179fc1b,2023,401532617,Colorado State,4,14.0,14.0,0.0,attribution_only,dip_restore,False,False,True,False,False,True
67865183caa31c32,2023,401532617,San Diego State,2,6.0,6.0,0.0,attribution_only,dip_restore,False,False,True,False,False,True
b20146e8559e240b,2023,401532619,Boise State,2,7.0,7.0,0.0,attribution_only,category_possession_reassignment,False,False,False,False,False,True
972152f05823aea4,2023,401532624,UNLV,3,7.0,7.0,0.0,attribution_only,dip_restore,False,False,True,False,False,True
2ac089fce1b88bdc,2023,401539475,Washington,2,7.0,7.0,0.0,attribution_only,dip_restore,False,False,True,False,False,True
6e9606679cd5f070,2023,401539481,Toledo,4,14.0,14.0,0.0,attribution_only,dip_restore,False,False,True,False,False,True
4fd3aa6dae428647,2023,401539482,Boise State,2,7.0,7.0,0.0,attribution_only,dip_restore,False,False,True,False,False,True
a9adffbce7f0e036,2023,401539484,Troy,2,7.0,7.0,0.0,attribution_only,dip_restore,False,False,True,False,False,True
0ee59a96b3a9b011,2023,401551739,Troy,2,7.0,7.0,0.0,attribution_only,dip_restore,False,False,True,False,False,True
631cb1fa3696001d,2023,401551741,Arkansas State,2,6.0,6.0,0.0,attribution_only,dip_restore,False,False,True,False,False,True
db3aa553ee789bcc,2023,401551743,Georgia State,2,7.0,7.0,0.0,attribution_only,dip_restore,False,False,True,False,False,True
47f9b201df92feeb,2023,401551748,Rice,2,7.0,7.0,0.0,attribution_only,dip_restore,False,False,True,False,False,True
423919c79157e680,2023,401551751,Jacksonville State,2,7.0,7.0,0.0,attribution_only,dip_restore,False,False,True,False,False,True
2ef348db0ff115c3,2023,401551752,Boise State,2,6.0,6.0,0.0,attribution_only,dip_restore,False,False,True,False,False,True
aa66c95a28d74006,2023,401551755,Eastern Michigan,22,0.0,0.0,0.0,attribution_only,incomplete_stream,True,False,False,True,False,True
9e9afdd3d9548dd0,2023,401551757,Kansas,6,21.0,21.0,0.0,attribution_only,dip_restore,False,False,True,False,False,True
e59c6f54d6e08276,2023,401551757,UNLV,2,6.0,6.0,0.0,attribution_only,dip_restore,False,False,True,False,False,True
0dea654af6eb0f15,2023,401551758,Virginia Tech,2,7.0,7.0,0.0,attribution_only,dip_restore,False,False,True,False,False,True
8c05480a56f0c260,2023,401551762,Rutgers,2,7.0,7.0,0.0,attribution_only,dip_restore,False,False,True,False,False,True
d50c0e28338357f2,2023,401551764,Kansas State,2,7.0,7.0,0.0,attribution_only,dip_restore,False,False,True,False,False,True
d3438b295b235c4c,2023,401551766,Kentucky,4,0.0,28.0,28.0,points_recovery,incomplete_stream,True,True,True,False,False,True
d790100dd74bec76,2023,401551767,Iowa State,9,0.0,0.0,0.0,attribution_only,incomplete_stream,True,False,False,True,False,True
ab70b67362eb5102,2023,401551769,Penn State,2,8.0,8.0,0.0,attribution_only,dip_restore,False,False,True,False,False,True
6a78272ae8d60b5b,2023,401551770,Maryland,2,7.0,7.0,0.0,attribution_only,dip_restore,False,False,True,False,False,True
9f50ea2eae635f00,2023,401551773,Georgia,2,7.0,7.0,0.0,attribution_only,dip_restore,False,False,True,False,False,True
a241e812225d2aa8,2023,401551782,Liberty,23,6.0,6.0,0.0,attribution_only,final_cap,False,False,False,True,False,True
a85cc4238824bbd8,2024,401628323,Georgia,2,7.0,7.0,0.0,attribution_only,dip_restore,False,False,True,False,False,True
1774359564cbf296,2024,401628328,Oklahoma,2,7.0,7.0,0.0,attribution_only,dip_restore,False,False,True,False,False,True
4383925f244dea6c,2024,401628329,Old Dominion,2,6.0,6.0,0.0,attribution_only,dip_restore,False,False,True,False,False,True
ceab29bf45cbec7d,2024,401628329,Old Dominion,2,3.0,3.0,0.0,attribution_only,dip_restore,False,False,True,False,False,True
77fab1952f8c4661,2024,401628334,LSU,2,7.0,7.0,0.0,attribution_only,dip_restore,False,False,True,False,False,True
1a2011f0d33c903f,2024,401628334,LSU,2,7.0,7.0,0.0,attribution_only,dip_restore,False,False,True,False,False,True
8d70e7d48b3ea86c,2024,401628335,South Florida,2,7.0,7.0,0.0,attribution_only,dip_restore,False,False,True,False,False,True
eae7fe85856e81d4,2024,401628336,Arkansas,2,7.0,7.0,0.0,attribution_only,dip_restore,False,False,True,False,False,True
ba7687594d445e2f,2024,401628336,Oklahoma State,2,7.0,7.0,0.0,attribution_only,dip_restore,False,False,True,False,False,True
67bb5513ec7816c8,2024,401628337,Auburn,19,0.0,0.0,0.0,attribution_only,final_cap,False,False,False,True,False,True
b873fb3c54c5a5bf,2024,401628338,Florida,2,7.0,7.0,0.0,attribution_only,dip_restore,False,False,True,False,False,True
02e7661e19cc5215,2024,401628338,Samford,2,7.0,7.0,0.0,attribution_only,dip_restore,False,False,True,False,False,True
158effc15df3ff16,2024,401628339,Georgia,2,7.0,7.0,0.0,attribution_only,dip_restore,False,False,True,False,False,True
e5e5aed8f33b23ef,2024,401628341,Nicholls,4,0.0,21.0,21.0,points_recovery,incomplete_stream,True,False,False,False,False,True
999040c8a9915220,2024,401628343,Arizona State,2,7.0,7.0,0.0,attribution_only,dip_restore,False,False,True,False,False,True
aa4276fdf13a724f,2024,401628347,Michigan,2,6.0,6.0,0.0,attribution_only,dip_restore,False,False,True,False,False,True
ee26585978c983cf,2024,401628350,Wisconsin,2,3.0,3.0,0.0,attribution_only,dip_restore,False,False,True,False,False,True
4b3e89e944f16fc9,2024,401628352,Auburn,2,7.0,7.0,0.0,attribution_only,dip_restore,False,False,True,False,False,True
51a88e20c0b0c9d9,2024,401628352,New Mexico,2,7.0,7.0,0.0,attribution_only,dip_restore,False,False,True,False,False,True
51183c716bb4d52d,2024,401628354,Kentucky,2,3.0,3.0,0.0,attribution_only,dip_restore,False,False,True,False,False,True
f691d43dc9453bb3,2024,401628359,LSU,3,0.0,20.0,20.0,points_recovery,incomplete_stream,True,True,True,False,False,True
443a0430067ebdb3,2024,401628359,South Carolina,2,6.0,6.0,0.0,attribution_only,dip_restore,False,False,True,False,False,True
adb9fe91abc9016a,2024,401628361,Texas,2,7.0,7.0,0.0,attribution_only,dip_restore,False,False,True,False,False,True
57c57b33b616a194,2024,401628362,Georgia State,2,3.0,3.0,0.0,attribution_only,dip_restore,False,False,True,False,False,False
7b556e4e6c213996,2024,401628368,Missouri,7,0.0,30.0,30.0,points_recovery,incomplete_stream,True,True,True,False,False,True
ea3351014fc1e8e6,2024,401628368,Vanderbilt,5,6.0,27.0,21.0,points_recovery,incomplete_stream,True,True,True,False,False,True
12227d2860388112,2024,401628369,Oklahoma,4,12.0,12.0,0.0,attribution_only,dip_restore,False,False,True,False,False,True
e93981ebb1ae449d,2024,401628370,South Carolina,2,7.0,7.0,0.0,attribution_only,dip_restore,False,False,True,False,False,True
2ab55dcab61c5156,2024,401628374,Alabama,9,0.0,41.0,41.0,points_recovery,incomplete_stream,True,True,True,False,False,True
65350f9d760c9c66,2024,401628393,Florida,2,7.0,7.0,0.0,attribution_only,dip_restore,False,False,True,False,False,True
494bbd6f69797a3a,2024,401628394,Texas A&M,2,3.0,3.0,0.0,attribution_only,dip_restore,False,False,True,False,False,True
d70821bc580f4681,2024,401628400,Alabama,2,7.0,7.0,0.0,attribution_only,dip_restore,False,False,True,False,False,True
7d6a5ac1b9978531,2024,401628401,Auburn,2,7.0,7.0,0.0,attribution_only,dip_restore,False,False,True,False,False,True
4769319645c64a09,2024,401628402,Oklahoma,2,7.0,7.0,0.0,attribution_only,category_possession_reassignment,False,False,False,False,False,True
81b709ecef158ffd,2024,401628404,LSU,2,7.0,7.0,0.0,attribution_only,dip_restore,False,False,True,False,False,True
3ad919b4b8be241b,2024,401628406,Ole Miss,2,7.0,7.0,0.0,attribution_only,dip_restore,False,False,True,False,False,True
c16d6b746cdce6ec,2024,401628408,Georgia,2,7.0,7.0,0.0,attribution_only,dip_restore,False,False,True,False,False,True
81aa88fbc5e57f36,2024,401628412,Kentucky,2,8.0,8.0,0.0,attribution_only,dip_restore,False,False,True,False,False,True
9c5fae4cefca940e,2024,401628415,Missouri,2,6.0,6.0,0.0,attribution_only,dip_restore,False,False,True,False,False,True
8416185aab3592cc,2024,401628422,Kentucky,2,7.0,7.0,0.0,attribution_only,dip_restore,False,False,True,False,False,True
9ffa3422d28193d6,2024,401628422,Murray State,2,3.0,3.0,0.0,attribution_only,dip_restore,False,False,True,False,False,True
2419940294fb715a,2024,401628423,Missouri,2,6.0,6.0,0.0,attribution_only,dip_restore,False,False,True,False,False,True
fe9a2785b55bd088,2024,401628423,South Carolina,4,13.0,13.0,0.0,attribution_only,dip_restore,False,False,True,False,False,True
df0553f86f83f4cd,2024,401628428,Texas A&M,2,7.0,7.0,0.0,attribution_only,dip_restore,False,False,True,False,False,True
f0d76028a6c0c12d,2024,401628434,Wofford,2,3.0,3.0,0.0,attribution_only,dip_restore,False,False,True,False,False,True
dafb45d779066c24,2024,401628438,Florida State,1,0.0,8.0,8.0,points_recovery,incomplete_stream,True,False,False,False,False,True
5cd94f7a40dc1b3b,2024,401628442,Ole Miss,2,7.0,7.0,0.0,attribution_only,dip_restore,False,False,True,False,False,True
79a64fb1ee4eb38c,2024,401628443,Missouri,2,7.0,7.0,0.0,attribution_only,dip_restore,False,False,True,False,False,True
b0b6935293bbfd6c,2024,401628445,Texas,2,7.0,7.0,0.0,attribution_only,dip_restore,False,False,True,False,False,True
a4d2b181273b4332,2024,401628446,Tennessee,2,2.0,2.0,0.0,attribution_only,dip_restore,False,False,True,False,False,True
8df1e760ee280745,2024,401628446,Vanderbilt,2,6.0,6.0,0.0,attribution_only,dip_restore,False,False,True,False,False,True
27952d814013bf19,2024,401628452,Michigan,2,7.0,7.0,0.0,attribution_only,dip_restore,False,False,True,False,False,True
6e0f594157ca13b6,2024,401628455,Ohio State,2,7.0,7.0,0.0,attribution_only,dip_restore,False,False,True,False,False,True
3232edf5fe0783fb,2024,401628455,Ohio State,2,7.0,7.0,0.0,attribution_only,dip_restore,False,False,True,False,False,True
82f8afeb04fea973,2024,401628456,Oregon,2,7.0,7.0,0.0,attribution_only,dip_restore,False,False,True,False,False,True
a5dc5e90fddacf62,2024,401628460,Washington,4,14.0,14.0,0.0,attribution_only,dip_restore,False,False,True,False,False,True
a51034a238ff2494,2024,401628468,Ohio State,11,0.0,0.0,0.0,attribution_only,final_cap,False,False,False,True,False,True
b255559cf7036d5e,2024,401628469,Boise State,2,7.0,7.0,0.0,attribution_only,dip_restore,False,False,True,False,False,True
96f851f16884241c,2024,401628469,Oregon,2,6.0,6.0,0.0,attribution_only,dip_restore,False,False,True,False,False,True
25a04ba062dfc78b,2024,401628471,Rutgers,2,7.0,7.0,0.0,attribution_only,dip_restore,False,False,True,False,False,True
dda13718b938709b,2024,401628476,Indiana,2,7.0,7.0,0.0,attribution_only,dip_restore,False,False,True,False,False,True
4ce9f18c6105ce3f,2024,401628477,Troy,2,7.0,7.0,0.0,attribution_only,dip_restore,False,False,True,False,False,True
d4d56c1976649fda,2024,401628481,Minnesota,4,0.0,21.0,21.0,points_recovery,incomplete_stream,True,True,True,False,False,True
7484e0dce33c16b9,2024,401628482,Nebraska,2,7.0,7.0,0.0,attribution_only,dip_restore,False,False,True,False,False,True
60fab8864aa9205f,2024,401628486,Indiana,2,10.0,10.0,0.0,attribution_only,other,False,False,False,False,False,False
2dcf2b9f34d66154,2024,401628486,Indiana,3,14.0,14.0,0.0,attribution_only,final_cap,False,False,False,True,False,True
da3ec2e63c25d6fc,2024,401628497,Michigan,18,6.0,6.0,0.0,attribution_only,dip_restore,False,False,True,True,False,True
3a8fed083941c038,2024,401628497,Minnesota,2,7.0,7.0,0.0,attribution_only,dip_restore,False,False,True,False,False,True
8b4f4a4c01143258,2024,401628502,USC,2,7.0,7.0,0.0,attribution_only,dip_restore,False,False,True,False,False,True
24451a2fe5d4d73c,2024,401628506,Oregon,4,14.0,14.0,0.0,attribution_only,dip_restore,False,False,True,False,False,True
da85f69f5ac8dbd1,2024,401628509,Purdue,2,3.0,3.0,0.0,attribution_only,dip_restore,False,False,True,False,False,True
77315373f0351dd3,2024,401628509,Wisconsin,2,7.0,7.0,0.0,attribution_only,dip_restore,False,False,True,False,False,True
3d9bffa770ee9934,2024,401628509,Wisconsin,2,7.0,7.0,0.0,attribution_only,dip_restore,False,False,True,False,False,True
a001850f30424bbb,2024,401628512,Iowa,2,7.0,7.0,0.0,attribution_only,dip_restore,False,False,True,False,False,True
71342b1b3d75468a,2024,401628514,Minnesota,2,7.0,7.0,0.0,attribution_only,dip_restore,False,False,True,False,False,True
3bb12817cba34c1a,2024,401628514,UCLA,2,7.0,7.0,0.0,attribution_only,dip_restore,False,False,True,False,False,True
aa74a2f2a8764b7c,2024,401628515,Oregon,2,6.0,6.0,0.0,attribution_only,dip_restore,False,False,True,False,False,True
c58c033675b52ecd,2024,401628524,UCLA,2,7.0,7.0,0.0,attribution_only,dip_restore,False,False,True,False,False,True
2a18a6bd7b4c08ae,2024,401628527,Northwestern,2,7.0,7.0,0.0,attribution_only,dip_restore,False,False,True,False,False,True
a0bbe9d31268e854,2024,401628531,Penn State,2,7.0,7.0,0.0,attribution_only,dip_restore,False,False,True,False,False,False
a82e12298ca3c03f,2024,401628539,Penn State,2,7.0,7.0,0.0,attribution_only,dip_restore,False,False,True,False,False,True
73e8cd17d019b4f7,2024,401628543,Oregon,2,7.0,7.0,0.0,attribution_only,dip_restore,False,False,True,False,False,True
30df18c20e9308a1,2024,401628551,Oregon,2,3.0,3.0,0.0,attribution_only,dip_restore,False,False,True,False,False,True
4a9d120f8ae640a1,2024,401628551,Wisconsin,4,10.0,10.0,0.0,attribution_only,dip_restore,False,False,True,False,False,True
3edfe8f9b867d037,2024,401628556,Iowa,2,7.0,7.0,0.0,attribution_only,dip_restore,False,False,True,False,False,True
54f32e8fee8159f7,2024,401628557,Northwestern,2,3.0,3.0,0.0,attribution_only,category_possession_reassignment,False,False,False,False,False,True
f6b8efcf535419e5,2024,401628558,Michigan State,2,3.0,3.0,0.0,attribution_only,dip_restore,False,False,True,False,False,False
54053a45912c1160,2024,401628558,Purdue,3,7.0,7.0,0.0,attribution_only,dip_restore,False,False,True,False,False,True
2f098d6df252aeb0,2024,401628559,Minnesota,2,2.0,2.0,0.0,attribution_only,dip_restore,False,False,True,False,False,True
e1ecc34893c392dd,2024,401628560,Nebraska,2,7.0,7.0,0.0,attribution_only,dip_restore,False,False,True,False,False,True
5fa551f858b4a982,2024,401628561,UCLA,2,3.0,3.0,0.0,attribution_only,dip_restore,False,False,True,False,False,True
d4be935c3cb32ee9,2024,401628564,Indiana,2,7.0,7.0,0.0,attribution_only,dip_restore,False,False,True,False,False,True
b9ed6175d3ed0f77,2024,401628565,Maryland,2,7.0,7.0,0.0,attribution_only,dip_restore,False,False,True,False,False,True
848d695f74363d4a,2024,401628567,Michigan State,2,7.0,7.0,0.0,attribution_only,dip_restore,False,False,True,False,False,True
5d15ede337e35622,2024,401628568,Minnesota,2,3.0,3.0,0.0,attribution_only,dip_restore,False,False,True,False,False,True
7bf5f7f0abfd1fb4,2024,401628569,Oregon,2,7.0,7.0,0.0,attribution_only,dip_restore,False,False,True,False,False,True
2044e7c8ad85aba7,2024,401628571,USC,2,7.0,7.0,0.0,attribution_only,dip_restore,False,False,True,False,False,False
76f2e385d5fae371,2024,401628572,Washington State,2,7.0,7.0,0.0,attribution_only,dip_restore,False,False,True,False,False,True
c3f6c957aff1a2ba,2024,401628581,Wake Forest,1,6.0,7.0,1.0,points_recovery,restoration_gt8,False,True,False,False,False,False
b11c327f686c125b,2024,401628584,Duke,2,7.0,7.0,0.0,attribution_only,category_possession_reassignment,False,False,False,False,False,True
77e6996f9f000659,2024,401628586,Campbell,4,14.0,14.0,0.0,attribution_only,dip_restore,False,False,True,False,False,True
9f970c31c9aee40b,2024,401628625,Monmouth,2,7.0,7.0,0.0,attribution_only,dip_restore,False,False,True,False,False,True
da95e2ceef295e74,2024,401628983,Navy,2,7.0,7.0,0.0,attribution_only,dip_restore,False,False,True,False,False,True
0dce2cc5de166dca,2024,401628983,Notre Dame,2,7.0,7.0,0.0,attribution_only,dip_restore,False,False,True,False,False,True
13fe0617dd17d919,2024,401628984,Notre Dame,2,7.0,7.0,0.0,attribution_only,dip_restore,False,False,True,False,False,True
35a6e389ca0ca25a,2024,401629031,Florida Atlantic,13,0.0,0.0,0.0,attribution_only,final_cap,False,False,False,True,False,True
df188a7dc4522694,2024,401629038,Connecticut,2,6.0,6.0,0.0,attribution_only,dip_restore,False,False,True,False,False,True
861f82c943fd3135,2024,401629040,UMass,2,7.0,7.0,0.0,attribution_only,dip_restore,False,False,True,False,False,True
99f6e9f620a90b48,2024,401629041,Buffalo,7,7.0,34.0,27.0,points_recovery,incomplete_stream,True,True,True,False,False,True
4a62f2fe742c8e13,2024,401629042,UMass,2,7.0,7.0,0.0,attribution_only,dip_restore,False,False,True,False,False,True
b63fd2b822cbff4a,2024,401632072,Southern Utah,2,6.0,6.0,0.0,attribution_only,dip_restore,False,False,True,False,False,True
ecef4fd4f3af80c9,2024,401632072,UTEP,2,7.0,7.0,0.0,attribution_only,dip_restore,False,False,True,False,False,True
abc97417601a0ba2,2024,401634169,Purdue,2,7.0,7.0,0.0,attribution_only,dip_restore,False,False,True,False,False,True
f8591aef819d3f5d,2024,401634181,Ball State,2,7.0,7.0,0.0,attribution_only,dip_restore,False,False,True,False,False,True
320d2f5196f73c49,2024,401634181,Ball State,7,1.0,7.0,6.0,points_recovery,final_cap,False,False,False,True,False,True
206c4e2b5aae1a81,2024,401634181,Missouri State,4,14.0,20.0,6.0,points_recovery,dip_restore,False,False,True,False,False,True
a903385c801eb508,2024,401634206,Colorado,2,7.0,7.0,0.0,attribution_only,dip_restore,False,False,True,False,False,True
92c266d1a00b18dc,2024,401634240,BYU,2,7.0,7.0,0.0,attribution_only,dip_restore,False,False,True,False,False,True
b20bdb57e04a6d43,2024,401634305,Pittsburgh,2,7.0,7.0,0.0,attribution_only,dip_restore,False,False,True,False,False,True
b18d8035e64ec2a3,2024,401634767,Miami,2,7.0,7.0,0.0,attribution_only,dip_restore,False,False,True,False,False,True
a12dd4e1d917920a,2024,401634769,Duke,2,3.0,3.0,0.0,attribution_only,dip_restore,False,False,True,False,False,True
607d5ddfa42ef9c3,2024,401634771,Boston College,4,14.0,14.0,0.0,attribution_only,dip_restore,False,False,True,False,False,True
542910b44a201779,2024,401634779,UNLV,2,7.0,7.0,0.0,attribution_only,dip_restore,False,False,True,False,False,True
b4a8376f78d94f9f,2024,401635516,Stanford,2,7.0,7.0,0.0,attribution_only,dip_restore,False,False,True,False,False,True
d850fbfa69c86fc5,2024,401635517,Louisville,2,7.0,7.0,0.0,attribution_only,dip_restore,False,False,True,False,False,True
95fe70529f756744,2024,401635517,Stanford,2,8.0,8.0,0.0,attribution_only,dip_restore,False,False,True,False,False,True
c7159b2042ccf11d,2024,401635518,Syracuse,2,7.0,7.0,0.0,attribution_only,dip_restore,False,False,True,False,False,True
42b618cec9d9c455,2024,401635532,Clemson,2,7.0,7.0,0.0,attribution_only,dip_restore,False,False,True,False,False,True
1d74c6c695b656b0,2024,401635532,Clemson,2,7.0,7.0,0.0,attribution_only,dip_restore,False,False,True,False,False,True
6cd5f2ef2f52e221,2024,401635533,Northwestern,2,3.0,3.0,0.0,attribution_only,dip_restore,False,False,True,False,False,True
7c7f6aea5d9c44ca,2024,401635535,Jacksonville State,2,7.0,7.0,0.0,attribution_only,dip_restore,False,False,True,False,False,True
2639f9982bc6ff57,2024,401635538,Pittsburgh,2,3.0,3.0,0.0,attribution_only,dip_restore,False,False,True,False,False,True
851b6b56e944f880,2024,401635545,North Carolina Central,2,7.0,7.0,0.0,attribution_only,dip_restore,False,False,True,False,False,True
066fc621ca864329,2024,401635552,Clemson,10,0.0,59.0,59.0,points_recovery,incomplete_stream,True,True,False,False,False,True
05d021baec3bad9b,2024,401635554,Louisville,1,0.0,7.0,7.0,points_recovery,incomplete_stream,True,False,False,False,False,True
8ee0e7b9a032d8db,2024,401635555,South Florida,2,6.0,6.0,0.0,attribution_only,dip_restore,False,False,True,False,False,True
aeb53ed9563cf6b4,2024,401635557,SMU,2,7.0,7.0,0.0,attribution_only,dip_restore,False,False,True,False,False,True
ab650f0efaf181f8,2024,401635557,TCU,2,7.0,7.0,0.0,attribution_only,dip_restore,False,False,True,False,False,True
3dd9daa2fbc8be46,2024,401635557,TCU,2,7.0,7.0,0.0,attribution_only,category_possession_reassignment,False,False,False,False,False,True
62e8c236116c6a4b,2024,401635558,Virginia,2,3.0,3.0,0.0,attribution_only,dip_restore,False,False,True,False,False,True
e54df777d19e68b2,2024,401635563,Florida State,2,2.0,2.0,0.0,attribution_only,dip_restore,False,False,True,False,False,True
c58b7f580a9e84fd,2024,401635564,Northern Illinois,2,7.0,7.0,0.0,attribution_only,dip_restore,False,False,True,False,False,True
697e01f710a614b8,2024,401635567,Boston College,2,7.0,7.0,0.0,attribution_only,dip_restore,False,False,True,False,False,True
808193d1d8682ad5,2024,401635570,Georgia Tech,2,7.0,7.0,0.0,attribution_only,dip_restore,False,False,True,False,False,True
dcedf9fa073d9aa1,2024,401635571,SMU,2,7.0,7.0,0.0,attribution_only,dip_restore,False,False,True,False,False,True
ce2a42f2f01a2022,2024,401635572,North Carolina,2,7.0,7.0,0.0,attribution_only,dip_restore,False,False,True,False,False,True
811d70aa5d8a902d,2024,401635572,North Carolina,2,7.0,7.0,0.0,attribution_only,dip_restore,False,False,True,False,False,True
74829f17d798fdc4,2024,401635575,Pittsburgh,2,7.0,7.0,0.0,attribution_only,dip_restore,False,False,True,False,False,True
9427087f9c56f709,2024,401635583,Wake Forest,2,7.0,7.0,0.0,attribution_only,dip_restore,False,False,True,False,False,True
5fc65bdffe036b02,2024,401635594,California,2,7.0,7.0,0.0,attribution_only,dip_restore,False,False,True,False,False,True
340acd5be7493ded,2024,401635595,Duke,2,6.0,6.0,0.0,attribution_only,dip_restore,False,False,True,False,False,True
7cf11214bcd686d4,2024,401635602,North Carolina,2,7.0,7.0,0.0,attribution_only,dip_restore,False,False,True,False,False,True
3e059e2eca10be82,2024,401635606,Syracuse,2,3.0,3.0,0.0,attribution_only,dip_restore,False,False,True,False,False,True
de93da1a4777e1fd,2024,401635608,Duke,2,3.0,3.0,0.0,attribution_only,dip_restore,False,False,True,False,False,True
b21c6d0969a9f511,2024,401635612,Boston College,2,3.0,3.0,0.0,attribution_only,dip_restore,False,False,True,False,False,True
d28305802ff84faf,2024,401635612,Boston College,1,0.0,0.0,0.0,attribution_only,dip_restore,False,False,True,False,False,True
39b9ddd068658b00,2024,401635614,Clemson,2,7.0,7.0,0.0,attribution_only,dip_restore,False,False,True,False,False,True
10898e37750d022b,2024,401635615,Duke,2,7.0,7.0,0.0,attribution_only,dip_restore,False,False,True,False,False,True
6d5dcd18c7986f6c,2024,401635620,Boston College,2,6.0,6.0,0.0,attribution_only,dip_restore,False,False,True,False,False,True
6b35aca070d1569f,2024,401635623,Miami,2,7.0,7.0,0.0,attribution_only,dip_restore,False,False,True,False,False,True
7342cedf0ac25b67,2024,401635623,Miami,1,0.0,0.0,0.0,attribution_only,final_cap,False,False,False,True,False,True
e42eb1581ac156b4,2024,401635624,NC State,2,3.0,3.0,0.0,attribution_only,dip_restore,False,False,True,False,False,True
377f52385ac80038,2024,401635624,North Carolina,3,6.0,6.0,0.0,attribution_only,dip_restore,False,False,True,False,False,True
91e3055cd7e06e09,2024,401636364,Bethune-Cookman,4,10.0,10.0,0.0,attribution_only,dip_restore,False,False,True,False,False,False
2c61e876f73e844b,2024,401636374,Florida A&M,2,3.0,3.0,0.0,attribution_only,dip_restore,False,False,True,False,False,True
a4314839b6a8aaeb,2024,401636380,Louisiana,2,7.0,7.0,0.0,attribution_only,dip_restore,False,False,True,False,False,True
b58523af329cfcee,2024,401636607,Utah,2,7.0,7.0,0.0,attribution_only,dip_restore,False,False,True,False,False,True
ca5065dfb196cd92,2024,401636608,New Mexico,2,7.0,7.0,0.0,attribution_only,dip_restore,False,False,True,False,False,True
ff9aa04171725596,2024,401636609,Arizona State,2,3.0,3.0,0.0,attribution_only,dip_restore,False,False,True,False,False,True
5ef1b13106ece6f8,2024,401636611,UNLV,2,3.0,3.0,0.0,attribution_only,dip_restore,False,False,True,False,False,True
1aaf2fd78afe7ed2,2024,401636613,Texas Tech,5,0.0,0.0,0.0,attribution_only,final_cap,False,False,False,True,False,True
15498142857476cd,2024,401636616,Tulane,2,0.0,0.0,0.0,attribution_only,incomplete_stream,True,True,False,False,False,True
5792701ca4c1e402,2024,401636862,Houston,2,7.0,7.0,0.0,attribution_only,dip_restore,False,False,True,False,False,True
f8d3aad4da239e28,2024,401636865,Cincinnati,1,0.0,3.0,3.0,points_recovery,incomplete_stream,True,True,False,False,False,True
d0d1ad9dd7acd515,2024,401636865,Miami (OH),2,6.0,6.0,0.0,attribution_only,dip_restore,False,False,True,False,False,True
a8ebb9cedb51d488,2024,401636868,Texas Tech,14,14.0,63.0,49.0,points_recovery,incomplete_stream,True,True,True,False,False,True
3d1a42c2cccf8a81,2024,401636869,Tulsa,2,3.0,3.0,0.0,attribution_only,dip_restore,False,False,True,False,False,True
96f6dff1ad3bbaab,2024,401636871,BYU,5,10.0,10.0,0.0,attribution_only,dip_restore,False,False,True,False,False,True
051cda06cfbc6e30,2024,401636874,Baylor,4,12.0,12.0,0.0,attribution_only,dip_restore,False,False,True,True,False,True
0d54f3948794f6bb,2024,401636875,Iowa State,2,7.0,7.0,0.0,attribution_only,dip_restore,False,False,True,False,False,True
3d33a23e3781a4dd,2024,401636876,Oklahoma State,2,8.0,8.0,0.0,attribution_only,dip_restore,False,False,True,False,False,True
8d9b672b4afe2946,2024,401636877,Texas Tech,2,7.0,7.0,0.0,attribution_only,dip_restore,False,False,True,False,False,True
047c1ea9d5b07c65,2024,401636877,Texas Tech,2,3.0,3.0,0.0,attribution_only,dip_restore,False,False,True,False,False,True
fd8c8ed237029376,2024,401636880,BYU,2,3.0,3.0,0.0,attribution_only,dip_restore,False,False,True,False,False,True
c16257233c576210,2024,401636882,Kansas,2,7.0,7.0,0.0,attribution_only,dip_restore,False,False,True,False,False,True
fbcbab6372526af5,2024,401636888,Arizona State,2,7.0,7.0,0.0,attribution_only,dip_restore,False,False,True,False,False,True
b05e18f69933e78e,2024,401636889,Baylor,2,7.0,7.0,0.0,attribution_only,dip_restore,False,False,True,False,False,True
e3263ded62455445,2024,401636893,Arizona,2,6.0,6.0,0.0,attribution_only,dip_restore,False,False,True,False,False,True
a4c8fdf60eb6b805,2024,401636898,BYU,2,7.0,7.0,0.0,attribution_only,dip_restore,False,False,True,False,False,True
2afc67afd834df7d,2024,401636904,Kansas State,2,7.0,7.0,0.0,attribution_only,dip_restore,False,False,True,False,False,True
427f14a344089c18,2024,401636908,Utah,26,14.0,14.0,0.0,attribution_only,final_cap,False,False,False,True,False,True
1c71674c4ea9bc90,2024,401636909,Kansas State,2,3.0,3.0,0.0,attribution_only,dip_restore,False,False,True,False,False,False
c926667a1c355217,2024,401636910,Texas Tech,2,7.0,7.0,0.0,attribution_only,dip_restore,False,False,True,False,False,True
04512d5b776b3519,2024,401636911,BYU,2,7.0,7.0,0.0,attribution_only,dip_restore,False,False,True,False,False,True
f21e9b316d1c1f5d,2024,401636912,Baylor,4,13.0,13.0,0.0,attribution_only,dip_restore,False,False,True,False,False,True
c65f331fdae9db38,2024,401636914,Iowa State,2,3.0,3.0,0.0,attribution_only,dip_restore,False,False,True,False,False,True
0a250ea14e0102a3,2024,401636915,Oklahoma State,2,7.0,7.0,0.0,attribution_only,dip_restore,False,False,True,False,False,False
454e135c1f7aba8a,2024,401636919,Iowa State,2,7.0,7.0,0.0,attribution_only,dip_restore,False,False,True,False,False,True
aea67354923e2e71,2024,401636919,Kansas,1,0.0,7.0,7.0,points_recovery,incomplete_stream,True,False,False,False,False,True
cd29c46e5cbda311,2024,401636920,TCU,4,14.0,14.0,0.0,attribution_only,dip_restore,False,False,True,False,False,True
2d356ccaaf6002d4,2024,401636926,Iowa State,2,7.0,7.0,0.0,attribution_only,dip_restore,False,False,True,False,False,True
094f4c92e4a0f6a6,2024,401636930,Arizona State,2,7.0,7.0,0.0,attribution_only,dip_restore,False,False,True,False,False,True
ad5050cac0d261e9,2024,401636930,BYU,2,6.0,6.0,0.0,attribution_only,dip_restore,False,False,True,False,False,True
c346753c9d5bbf99,2024,401636934,Oklahoma State,2,7.0,7.0,0.0,attribution_only,dip_restore,False,False,True,False,False,True
f6ce0541d85f4cf5,2024,401636934,Oklahoma State,2,6.0,6.0,0.0,attribution_only,dip_restore,False,False,True,False,False,True
e39cd06ccb5e0735,2024,401636934,Texas Tech,2,7.0,7.0,0.0,attribution_only,dip_restore,False,False,True,False,False,True
76bb9ae8524960e9,2024,401636938,Colorado,2,7.0,7.0,0.0,attribution_only,dip_restore,False,False,True,False,False,True
d81bd32b5e746c72,2024,401636942,BYU,2,3.0,3.0,0.0,attribution_only,dip_restore,False,False,True,False,False,True
80a9a33eef41edef,2024,401636942,Houston,2,7.0,7.0,0.0,attribution_only,dip_restore,False,False,True,False,False,True
4f5aa3f942eea2c3,2024,401636943,Cincinnati,2,6.0,6.0,0.0,attribution_only,dip_restore,False,False,True,False,False,True
9e6206cb8ebc9a29,2024,401636944,Iowa State,4,14.0,14.0,0.0,attribution_only,dip_restore,False,False,True,False,False,True
1579d21631b5a371,2024,401637159,Portland State,2,7.0,7.0,0.0,attribution_only,dip_restore,False,False,True,False,False,True
4124e17d1544ff20,2024,401637159,Portland State,2,7.0,7.0,0.0,attribution_only,dip_restore,False,False,True,False,False,True
84f125c00b190559,2024,401640959,Notre Dame,2,7.0,7.0,0.0,attribution_only,dip_restore,False,False,True,False,False,True
684ab4ef098e8417,2024,401640979,Central Michigan,2,0.0,0.0,0.0,attribution_only,final_cap,False,False,False,True,False,True
eec5233a24abda3f,2024,401640979,Florida International,4,15.0,15.0,0.0,attribution_only,dip_restore,False,False,True,False,False,True
77a35ce62c5cca84,2024,401640980,Florida Atlantic,2,7.0,7.0,0.0,attribution_only,dip_restore,False,False,True,False,False,True
ce4d4fc9d23201f9,2024,401640980,Florida International,2,7.0,7.0,0.0,attribution_only,dip_restore,False,False,True,False,False,True
5e1223ff51d2de44,2024,401640982,Liberty,2,7.0,7.0,0.0,attribution_only,dip_restore,False,False,True,False,False,True
8b70841f85bc1fb4,2024,401640982,Liberty,3,0.0,0.0,0.0,attribution_only,final_cap,False,False,False,True,False,True
881b9863b7abd495,2024,401640987,Kennesaw State,2,3.0,3.0,0.0,attribution_only,dip_restore,False,False,True,False,False,True
2de755683a41ba0f,2024,401640988,Middle Tennessee,2,3.0,3.0,0.0,attribution_only,dip_restore,False,False,True,False,False,True
5a7cc8167280c99d,2024,401640989,Liberty,4,9.0,9.0,0.0,attribution_only,dip_restore,False,False,True,False,False,True
a588f702979ca518,2024,401640989,New Mexico State,2,7.0,7.0,0.0,attribution_only,dip_restore,False,False,True,False,False,True
80c90ea62f53e882,2024,401640993,Kennesaw State,3,7.0,7.0,0.0,attribution_only,dip_restore,False,False,True,False,False,True
c3e6ff33b2457c7a,2024,401640993,Liberty,6,17.0,17.0,0.0,attribution_only,dip_restore,False,False,True,False,False,True
72bc13a931186ac1,2024,401640999,Eastern Michigan,2,7.0,7.0,0.0,attribution_only,dip_restore,False,False,True,False,False,True
8f74b4c968f6cc09,2024,401641001,Kennesaw State,3,7.0,7.0,0.0,attribution_only,dip_restore,False,False,True,False,False,True
bc953095cef5d634,2024,401641007,Louisiana Tech,2,7.0,7.0,0.0,attribution_only,dip_restore,False,False,True,False,False,True
26d96b741b5fd811,2024,401641007,Nicholls,2,7.0,7.0,0.0,attribution_only,dip_restore,False,False,True,False,False,True
2d09e0bf286038f0,2024,401641010,Louisiana Tech,2,7.0,7.0,0.0,attribution_only,restoration_gt8,False,True,True,False,False,True
52c97df1bd17c7e3,2024,401641014,Louisiana Tech,2,7.0,7.0,0.0,attribution_only,dip_restore,False,False,True,False,False,True
ce7d46d1d317f352,2024,401641017,San Jose State,1,0.0,1.0,1.0,points_recovery,dip_restore,False,False,True,False,False,False
987d5ee2258ab355,2024,401641017,San Jose State,2,8.0,7.0,-1.0,points_reduction,dip_restore,False,False,True,False,False,True
b0977943854e52a4,2024,401641020,Kennesaw State,2,7.0,7.0,0.0,attribution_only,dip_restore,False,False,True,False,False,True
fc5d1c77789f8093,2024,401641020,Western Kentucky,2,7.0,7.0,0.0,attribution_only,dip_restore,False,False,True,False,False,True
0ddd11730aaebe9b,2024,401641020,Western Kentucky,3,7.0,7.0,0.0,attribution_only,dip_restore,False,False,True,False,False,True
bf4461d074f2abd5,2024,401641021,Kennesaw State,2,7.0,7.0,0.0,attribution_only,dip_restore,False,False,True,False,False,False
b1bff912c88564e6,2024,401641023,Middle Tennessee,2,8.0,8.0,0.0,attribution_only,dip_restore,False,False,True,False,False,True
bb71a73c4952e002,2024,401641028,Colorado State,2,2.0,2.0,0.0,attribution_only,category_possession_reassignment,False,False,False,False,False,True
f7737455be34f218,2024,401641032,New Mexico State,3,5.0,5.0,0.0,attribution_only,dip_restore,False,False,True,False,False,True
773724d178983702,2024,401641033,Fresno State,2,7.0,7.0,0.0,attribution_only,dip_restore,False,False,True,False,False,True
4450b674f73c5974,2024,401641037,Western Kentucky,2,7.0,7.0,0.0,attribution_only,dip_restore,False,False,True,False,False,True
b8163c0d62c5887c,2024,401641038,Western Kentucky,5,3.0,31.0,28.0,points_recovery,incomplete_stream,True,True,True,False,False,True
083e79bbca1627f6,2024,401641041,Sam Houston State,4,13.0,13.0,0.0,attribution_only,dip_restore,False,False,True,False,False,True
ea263dc95ac8c6a8,2024,401641041,Sam Houston State,2,3.0,3.0,0.0,attribution_only,dip_restore,False,False,True,False,False,True
976016a4e6e130b3,2024,401641041,Texas State,2,7.0,7.0,0.0,attribution_only,dip_restore,False,False,True,False,False,True
ab776370e67a6b72,2024,401643698,Sacramento State,2,7.0,7.0,0.0,attribution_only,dip_restore,False,False,True,False,False,True
ea4229fa0e3f4878,2024,401643700,Georgia Southern,2,7.0,7.0,0.0,attribution_only,dip_restore,False,False,True,False,False,True
09f9839cbade535e,2024,401643701,Nevada,2,7.0,7.0,0.0,attribution_only,dip_restore,False,False,True,False,False,True
9f60c66d16850d29,2024,401643702,San Diego State,3,7.0,7.0,0.0,attribution_only,dip_restore,False,False,True,False,False,True
3955b61723bf4e4b,2024,401643703,Utah State,2,7.0,7.0,0.0,attribution_only,dip_restore,False,False,True,False,False,True
19488f583fee782d,2024,401643703,Utah State,2,6.0,6.0,0.0,attribution_only,dip_restore,False,False,True,False,False,True
6dd100d445c1decc,2024,401643704,Idaho State,2,2.0,2.0,0.0,attribution_only,dip_restore,False,False,True,False,False,True
805ce47c473b02da,2024,401643705,Air Force,2,7.0,7.0,0.0,attribution_only,dip_restore,False,False,True,False,False,True
7d3cbcdaf800bd8b,2024,401643706,Colorado State,2,7.0,7.0,0.0,attribution_only,dip_restore,False,False,True,False,False,True
e7a18bf0e7c717cd,2024,401643707,Sacramento State,2,7.0,7.0,0.0,attribution_only,dip_restore,False,False,True,False,False,True
1a64e1b14860a608,2024,401643711,New Mexico,2,8.0,8.0,0.0,attribution_only,dip_restore,False,False,True,False,False,True
1ffb81f82519f6bb,2024,401643713,Nevada,2,7.0,7.0,0.0,attribution_only,dip_restore,False,False,True,False,False,True
45df36c1e424f2d7,2024,401643714,San Jose State,2,6.0,6.0,0.0,attribution_only,category_possession_reassignment,False,False,False,False,False,True
90d3fc512b8f3f00,2024,401643715,Temple,2,7.0,7.0,0.0,attribution_only,dip_restore,False,False,True,False,False,True
ff91c2b3e50a1922,2024,401643716,North Texas,2,7.0,7.0,0.0,attribution_only,dip_restore,False,False,True,False,False,True
859821adefb082f8,2024,401643716,Wyoming,2,3.0,3.0,0.0,attribution_only,dip_restore,False,False,True,False,False,True
d7d82d18f090cc49,2024,401643716,Wyoming,10,7.0,7.0,0.0,attribution_only,final_cap,False,False,False,True,False,True
03cc9db01fbe5a0f,2024,401643717,Oregon State,2,7.0,7.0,0.0,attribution_only,dip_restore,False,False,True,False,False,True
b03fa15aac1bade2,2024,401643720,Fresno State,2,7.0,7.0,0.0,attribution_only,dip_restore,False,False,True,False,False,True
000c57fbc3d48cb6,2024,401643720,UNLV,2,7.0,7.0,0.0,attribution_only,dip_restore,False,False,True,False,False,False
20fb9475501455a9,2024,401643721,Central Michigan,2,6.0,6.0,0.0,attribution_only,dip_restore,False,False,True,False,False,True
c8ae639c7f5f82c0,2024,401643723,Boise State,2,7.0,7.0,0.0,attribution_only,dip_restore,False,False,True,False,False,False
db53254dc5410ff6,2024,401643725,Hawai_i,4,14.0,14.0,0.0,attribution_only,dip_restore,False,False,True,False,False,True
c27b6eeee1eb8021,2024,401643738,Wyoming,2,7.0,7.0,0.0,attribution_only,dip_restore,False,False,True,False,False,True
36399d3cca3b52db,2024,401643740,Boise State,2,7.0,7.0,0.0,attribution_only,dip_restore,False,False,True,False,False,True
398f1e49c76e24a3,2024,401643744,San Diego State,2,7.0,7.0,0.0,attribution_only,dip_restore,False,False,True,False,False,True
5673f195311dafb0,2024,401643744,Washington State,1,0.0,7.0,7.0,points_recovery,dip_restore,False,False,True,False,False,False
5224e1a02eb36537,2024,401643744,Washington State,3,14.0,7.0,-7.0,points_reduction,dip_restore,False,False,True,False,False,True
21665a02ee4157af,2024,401643746,Air Force,2,3.0,3.0,0.0,attribution_only,dip_restore,False,False,True,False,False,True
243df66b85e18a69,2024,401643748,Nevada,2,7.0,7.0,0.0,attribution_only,dip_restore,False,False,True,False,False,True
1559ca5cfb02b0a0,2024,401643751,Fresno State,2,7.0,7.0,0.0,attribution_only,dip_restore,False,False,True,False,False,True
5b8591daf3913201,2024,401643752,Boise State,2,7.0,7.0,0.0,attribution_only,dip_restore,False,False,True,False,False,True
0040bac52d18ebb0,2024,401643753,UNLV,4,12.0,12.0,0.0,attribution_only,dip_restore,False,False,True,False,False,True
47b7ca96b1220fa7,2024,401643756,Washington State,2,7.0,7.0,0.0,attribution_only,dip_restore,False,False,True,False,False,True
fc63ed09efaa8ae1,2024,401643758,Boise State,2,7.0,7.0,0.0,attribution_only,dip_restore,False,False,True,False,False,True
c3971e58d6a45274,2024,401643760,Hawai_i,2,7.0,7.0,0.0,attribution_only,dip_restore,False,False,True,False,False,False
f39e980a317f9600,2024,401643760,Utah State,3,0.0,0.0,0.0,attribution_only,final_cap,False,False,False,True,False,True
b8b080f4d2d119ff,2024,401643761,New Mexico,2,7.0,7.0,0.0,attribution_only,dip_restore,False,False,True,False,False,True
93fdeadf84c3a1ba,2024,401643762,UNLV,2,3.0,3.0,0.0,attribution_only,dip_restore,False,False,True,False,False,True
93c07aee7ef92b77,2024,401643765,Colorado State,2,8.0,8.0,0.0,attribution_only,dip_restore,False,False,True,False,False,True
972d31cc54b4d68b,2024,401643765,Fresno State,3,0.0,14.0,14.0,points_recovery,incomplete_stream,True,True,True,False,False,True
359734c8d661f945,2024,401643766,San Diego State,3,7.0,7.0,0.0,attribution_only,dip_restore,False,False,True,False,False,True
3a276d1cb01fe6c6,2024,401643766,Utah State,2,7.0,7.0,0.0,attribution_only,dip_restore,False,False,True,False,False,True
f7403b12c336e4ad,2024,401643767,UNLV,2,3.0,3.0,0.0,attribution_only,dip_restore,False,False,True,False,False,True
bb2532b27ee7b1ac,2024,401643767,UNLV,2,7.0,7.0,0.0,attribution_only,dip_restore,False,False,True,False,False,True
e146d4319f5761fa,2024,401643770,Utah State,2,7.0,7.0,0.0,attribution_only,dip_restore,False,False,True,False,False,False
94557fd4e98c9f28,2024,401643771,Hawai_i,2,7.0,7.0,0.0,attribution_only,dip_restore,False,False,True,False,False,True
2f964b37438d40cd,2024,401643775,South Alabama,2,6.0,6.0,0.0,attribution_only,dip_restore,False,False,True,False,False,True
13b74f4fc4ab8458,2024,401643778,East Carolina,2,6.0,6.0,0.0,attribution_only,dip_restore,False,False,True,False,False,True
f08fbd551bda5877,2024,401643780,Louisiana Monroe,2,9.0,9.0,0.0,attribution_only,other,False,False,False,False,False,False
035041c48b508588,2024,401643791,Tulane,2,7.0,7.0,0.0,attribution_only,dip_restore,False,False,True,False,False,False
3996fc7a658c7c31,2024,401643799,Appalachian State,2,7.0,7.0,0.0,attribution_only,dip_restore,False,False,True,False,False,True
3cff4a6497237b32,2024,401643800,South Alabama,2,7.0,7.0,0.0,attribution_only,dip_restore,False,False,True,False,False,True
3ec37472b8ef618c,2024,401643801,James Madison,2,6.0,6.0,0.0,attribution_only,dip_restore,False,False,True,False,False,True
57f184a0e6e2284f,2024,401643803,James Madison,2,7.0,7.0,0.0,attribution_only,dip_restore,False,False,True,False,False,True
f43263057f1c3ac9,2024,401643807,Southern Mississippi,2,7.0,7.0,0.0,attribution_only,dip_restore,False,False,True,False,False,True
3519f55f0b6e7b9c,2024,401643809,South Alabama,2,5.0,5.0,0.0,attribution_only,category_possession_reassignment,False,False,False,False,False,True
01fc473366006e13,2024,401643810,Georgia State,2,3.0,3.0,0.0,attribution_only,dip_restore,False,False,True,False,False,True
827eb4ca192101e1,2024,401643815,Old Dominion,2,7.0,7.0,0.0,attribution_only,dip_restore,False,False,True,False,False,True
7416779f8b895f66,2024,401643816,Appalachian State,2,6.0,6.0,0.0,attribution_only,dip_restore,False,False,True,False,False,True
5e77e182c990c24c,2024,401643824,Coastal Carolina,2,7.0,7.0,0.0,attribution_only,dip_restore,False,False,True,False,False,True
2a4125df73724559,2024,401643826,James Madison,2,7.0,7.0,0.0,attribution_only,dip_restore,False,False,True,False,False,True
1ac4974a0a14c780,2024,401643827,Louisiana,2,7.0,7.0,0.0,attribution_only,dip_restore,False,False,True,False,False,True
b7f2c5fdfcf20bc5,2024,401643830,Troy,2,7.0,7.0,0.0,attribution_only,dip_restore,False,False,True,False,False,True
d73025cd98ba0e18,2024,401643833,James Madison,2,3.0,3.0,0.0,attribution_only,dip_restore,False,False,True,False,False,True
fae28ac92f6707a2,2024,401643833,Old Dominion,2,8.0,8.0,0.0,attribution_only,dip_restore,False,False,True,False,False,True
0f37fbf5ff120644,2024,401643836,Appalachian State,2,7.0,7.0,0.0,attribution_only,dip_restore,False,False,True,False,False,True
9470f075ea48d82c,2024,401643846,James Madison,2,3.0,6.0,3.0,points_recovery,category_possession_reassignment,False,False,False,False,False,True
f41efa94f2f4b21b,2024,401643858,Delaware State,4,14.0,14.0,0.0,attribution_only,dip_restore,False,False,True,False,False,True
9e6a9e43c5669173,2024,401644686,Ohio,2,6.0,6.0,0.0,attribution_only,dip_restore,False,False,True,False,False,True
ab88d4f87301efab,2024,401644687,Miami (OH),2,3.0,3.0,0.0,attribution_only,dip_restore,False,False,True,False,False,True
787d06e64ae548ab,2024,401644690,Miami (OH),2,7.0,7.0,0.0,attribution_only,dip_restore,False,False,True,False,False,True
122e3138103baeaf,2024,401644690,Northern Illinois,2,6.0,6.0,0.0,attribution_only,dip_restore,False,False,True,False,False,True
a884722233e90558,2024,401644727,Buffalo,2,6.0,6.0,0.0,attribution_only,dip_restore,False,False,True,False,False,True
fb024826c1850400,2024,401644727,Buffalo,2,7.0,7.0,0.0,attribution_only,dip_restore,False,False,True,False,False,True
f4f882c0dc07fe16,2024,401644727,Lafayette,4,13.0,13.0,0.0,attribution_only,dip_restore,False,False,True,False,False,True
7c2ed8940a73860b,2024,401644728,Duquesne,2,7.0,7.0,0.0,attribution_only,dip_restore,False,False,True,False,False,True
d17fbed7704fa59e,2024,401644729,Bowling Green,2,7.0,7.0,0.0,attribution_only,restoration_gt8,False,True,True,False,False,True
d19be75050c4c48d,2024,401644731,Western Illinois,3,1.0,15.0,14.0,points_recovery,incomplete_stream,True,True,False,False,False,True
763771cd2a0e58a2,2024,401644739,Eastern Michigan,2,7.0,7.0,0.0,attribution_only,dip_restore,False,False,True,False,False,True
da58fbaed805e886,2024,401644741,Ball State,2,7.0,7.0,0.0,attribution_only,dip_restore,False,False,True,False,False,True
c9649a8232bad975,2024,401644741,Western Michigan,2,7.0,7.0,0.0,attribution_only,dip_restore,False,False,True,False,False,True
bdc857bb2ff618e1,2024,401644742,Akron,2,7.0,7.0,0.0,attribution_only,dip_restore,False,False,True,False,False,True
66a4a5da3af244b1,2024,401644742,Western Michigan,2,7.0,7.0,0.0,attribution_only,dip_restore,False,False,True,False,False,True
f3e2ec6e2c4756e6,2024,401644745,Toledo,1,0.0,0.0,0.0,attribution_only,final_cap,False,False,False,True,False,True
f9893777a24bbb47,2024,401644746,Central Michigan,2,7.0,7.0,0.0,attribution_only,dip_restore,False,False,True,False,False,False
0191224d0f28d555,2024,401644746,Ohio,2,3.0,3.0,0.0,attribution_only,dip_restore,False,False,True,False,False,True
f6833a856ba882db,2024,401644748,Bowling Green,2,7.0,7.0,0.0,attribution_only,dip_restore,False,False,True,False,False,True
8300878ac3c9a38b,2024,401644749,Buffalo,8,0.0,41.0,41.0,points_recovery,incomplete_stream,True,True,True,False,False,True
d2f78e8732b67ad8,2024,401644749,Western Michigan,2,7.0,7.0,0.0,attribution_only,dip_restore,False,False,True,False,False,True
a62612d0987c99de,2024,401644749,Western Michigan,2,3.0,3.0,0.0,attribution_only,dip_restore,False,False,True,False,False,True
950df4dd9fb13273,2024,401644752,Eastern Michigan,4,0.0,21.0,21.0,points_recovery,incomplete_stream,True,True,True,False,False,True
1a160eba2c0adfb4,2024,401644753,Ball State,2,3.0,3.0,0.0,attribution_only,dip_restore,False,False,True,False,False,True
c7b5dd9c486724ff,2024,401644754,Bowling Green,2,7.0,7.0,0.0,attribution_only,dip_restore,False,False,True,False,False,False
778ef955187b8d39,2024,401644754,Bowling Green,2,3.0,3.0,0.0,attribution_only,category_possession_reassignment,False,False,False,False,False,True
8ada2520a13a7f62,2024,401644757,Akron,2,7.0,7.0,0.0,attribution_only,dip_restore,False,False,True,False,False,True
1bd64b8f1791cc04,2024,401644757,Akron,2,7.0,7.0,0.0,attribution_only,dip_restore,False,False,True,False,False,True
13913c97cfda2ebf,2024,401644757,Buffalo,2,0.0,14.0,14.0,points_recovery,restoration_gt8,False,True,True,False,False,False
76871069bfc233d1,2024,401644766,Northern Illinois,2,6.0,6.0,0.0,attribution_only,dip_restore,False,False,True,False,False,True
5377c8edf42f5fa7,2024,401644767,Ohio,2,7.0,7.0,0.0,attribution_only,dip_restore,False,False,True,False,False,True
739401c84b204af7,2024,401644769,Kent State,2,7.0,7.0,0.0,attribution_only,dip_restore,False,False,True,False,False,True
44fb162298c4c491,2024,401644770,Central Michigan,2,3.0,3.0,0.0,attribution_only,dip_restore,False,False,True,False,False,True
f9e514f2b7f671eb,2024,401644774,Ball State,2,7.0,7.0,0.0,attribution_only,category_possession_reassignment,False,False,False,False,False,True
7b9ab5ec00549c1f,2024,401644774,Bowling Green,6,18.0,18.0,0.0,attribution_only,dip_restore,False,False,True,False,False,True
b743255c2b38a170,2024,401644775,Akron,7,0.0,0.0,0.0,attribution_only,final_cap,False,False,False,True,False,True
b392def71d42574e,2024,401645316,UAB,2,7.0,7.0,0.0,attribution_only,dip_restore,False,False,True,False,False,True
738dae1a913c183c,2024,401645318,Tulsa,2,7.0,7.0,0.0,attribution_only,dip_restore,False,False,True,False,False,False
d9313b1995523446,2024,401645321,Memphis,2,7.0,7.0,0.0,attribution_only,dip_restore,False,False,True,False,False,True
e29d7afa8f27a9f8,2024,401645323,Army,2,7.0,7.0,0.0,attribution_only,dip_restore,False,False,True,False,False,True
4649a37855fa3999,2024,401645326,Rice,12,0.0,69.0,69.0,points_recovery,incomplete_stream,True,True,True,False,False,True
b14333c47ec757ee,2024,401645329,Memphis,2,7.0,7.0,0.0,attribution_only,dip_restore,False,False,True,False,False,True
9e8c8cb09241e81b,2024,401645329,Memphis,2,6.0,6.0,0.0,attribution_only,category_possession_reassignment,False,False,False,False,False,True
cf6c172fbfdeb124,2024,401645329,Navy,2,7.0,7.0,0.0,attribution_only,dip_restore,False,False,True,False,False,True
6186420b8ddd4baa,2024,401645332,UAB,2,7.0,7.0,0.0,attribution_only,dip_restore,False,False,True,False,False,True
2cf8c382bd397b3b,2024,401645333,Rice,2,7.0,7.0,0.0,attribution_only,dip_restore,False,False,True,False,False,True
263abe9859540afb,2024,401645338,Tulane,2,6.0,6.0,0.0,attribution_only,dip_restore,False,False,True,False,False,True
ea166ab84c90ac81,2024,401645340,Charlotte,4,14.0,14.0,0.0,attribution_only,dip_restore,False,False,True,False,False,True
e27c5e358e40b86a,2024,401645340,Charlotte,2,7.0,7.0,0.0,attribution_only,dip_restore,False,False,True,False,False,True
5a6f912a91aa2e55,2024,401645340,East Carolina,5,0.0,0.0,0.0,attribution_only,final_cap,False,False,False,True,False,True
3439edca4216241d,2024,401645342,Army,8,13.0,27.0,14.0,points_recovery,restoration_gt8,False,True,True,False,False,True
421e0acd05f8bd7e,2024,401645342,UAB,2,3.0,3.0,0.0,attribution_only,dip_restore,False,False,True,False,False,True
37761266e294c8ab,2024,401645344,Rice,2,6.0,6.0,0.0,attribution_only,dip_restore,False,False,True,False,False,True
85586b28603b0532,2024,401645344,Rice,4,14.0,14.0,0.0,attribution_only,dip_restore,False,False,True,False,False,True
ae80b09c98c0f4ff,2024,401645344,UT San Antonio,2,7.0,7.0,0.0,attribution_only,dip_restore,False,False,True,False,False,True
5cc89415e29aead9,2024,401645345,UAB,4,9.0,9.0,0.0,attribution_only,dip_restore,False,False,True,False,False,True
d3f1f0449e874ee3,2024,401645346,Army,2,7.0,7.0,0.0,attribution_only,dip_restore,False,False,True,False,False,True
9d315220f650e9ac,2024,401645347,Navy,2,7.0,7.0,0.0,attribution_only,dip_restore,False,False,True,False,False,True
b6901a6d02d3670e,2024,401645353,Charlotte,2,7.0,7.0,0.0,attribution_only,dip_restore,False,False,True,False,False,True
8fc6cbb64121f516,2024,401645355,Tulsa,4,15.0,15.0,0.0,attribution_only,dip_restore,False,False,True,False,False,True
935af9f22141b387,2024,401645355,Tulsa,2,7.0,7.0,0.0,attribution_only,dip_restore,False,False,True,False,False,True
31f034b7942d230f,2024,401645356,Tulane,2,7.0,7.0,0.0,attribution_only,dip_restore,False,False,True,False,False,True
e77b9406b267115e,2024,401645358,UAB,4,10.0,10.0,0.0,attribution_only,dip_restore,False,False,True,False,False,True
6138f1eb8a3b8892,2024,401645358,UAB,2,7.0,7.0,0.0,attribution_only,dip_restore,False,False,True,False,False,True
82287e3f8d157d48,2024,401645368,South Florida,2,7.0,7.0,0.0,attribution_only,dip_restore,False,False,True,False,False,True
f5f8298c54d768cc,2024,401645368,South Florida,2,7.0,7.0,0.0,attribution_only,dip_restore,False,False,True,False,False,True
3662295e307bf1e2,2024,401645372,East Carolina,2,7.0,7.0,0.0,attribution_only,dip_restore,False,False,True,False,False,True
f884a78ebe8fc55a,2024,401645373,Rice,2,7.0,7.0,0.0,attribution_only,dip_restore,False,False,True,False,False,True
9ff36b4897b22a4a,2024,401645373,UAB,4,13.0,13.0,0.0,attribution_only,dip_restore,False,False,True,False,False,True
714395db4ef1b534,2024,401645377,Charlotte,2,7.0,7.0,0.0,attribution_only,dip_restore,False,False,True,False,False,True
ada88271aaef6b0b,2024,401645377,UAB,2,7.0,7.0,0.0,attribution_only,dip_restore,False,False,True,False,False,True
242b3e54a09f7f75,2024,401645378,Army,2,3.0,3.0,0.0,attribution_only,dip_restore,False,False,True,False,False,True
0311b34cc6c5e4a5,2024,401645379,Navy,6,0.0,0.0,0.0,attribution_only,final_cap,False,False,False,True,False,True
597e26ba12cc15b8,2024,401645380,Florida Atlantic,2,7.0,7.0,0.0,attribution_only,dip_restore,False,False,True,False,False,True
41fe9d78057eb3ae,2024,401645380,Florida Atlantic,2,7.0,7.0,0.0,attribution_only,dip_restore,False,False,True,False,False,True
7e7f68c69160f919,2024,401645381,North Texas,2,7.0,7.0,0.0,attribution_only,dip_restore,False,False,True,False,False,True
521260414fdb04e1,2024,401645381,Temple,4,14.0,14.0,0.0,attribution_only,dip_restore,False,False,True,False,False,True
b217f1e579b507ce,2024,401645382,Rice,1,0.0,0.0,0.0,attribution_only,final_cap,False,False,False,True,False,True
960c2ba8755903b4,2024,401645382,South Florida,4,7.0,7.0,0.0,attribution_only,dip_restore,False,False,True,False,False,True
81a79e5bcc4fac0a,2024,401645382,South Florida,2,7.0,7.0,0.0,attribution_only,dip_restore,False,False,True,False,False,True
d6192e661f06aadb,2024,401654845,Illinois,2,7.0,7.0,0.0,attribution_only,dip_restore,False,False,True,False,False,True
052e778aeb313661,2024,401655632,Northwestern,2,10.0,10.0,0.0,attribution_only,other,False,False,False,False,False,False
b64dfbf2b2ba1bdb,2024,401673470,Marshall,2,7.0,7.0,0.0,attribution_only,dip_restore,False,False,True,False,False,True
6a462b9b6ebc018a,2024,401677083,Ohio,2,7.0,7.0,0.0,attribution_only,dip_restore,False,False,True,False,False,True
2d2c7967ce1f39c3,2024,401677084,Florida,2,7.0,7.0,0.0,attribution_only,dip_restore,False,False,True,False,False,True
c05ab8acc0b07112,2024,401677085,Coastal Carolina,35,0.0,0.0,0.0,attribution_only,incomplete_stream,True,False,False,True,False,True
37e6b11a74b89b75,2024,401677091,Vanderbilt,2,7.0,7.0,0.0,attribution_only,dip_restore,False,False,True,False,False,True
2b8aa2eca2a00ef3,2024,401677093,Texas A&M,2,7.0,7.0,0.0,attribution_only,dip_restore,False,False,True,False,False,True
3389937af110c1ca,2024,401677093,Texas A&M,3,0.0,0.0,0.0,attribution_only,final_cap,False,False,False,True,False,True
012a557c9b9f3086,2024,401677093,USC,2,7.0,7.0,0.0,attribution_only,dip_restore,False,False,True,False,False,True
36568a4cf7143d07,2024,401677094,Connecticut,2,7.0,7.0,0.0,attribution_only,dip_restore,False,False,True,False,False,True
01b7debd0884b3ac,2024,401677098,East Carolina,2,7.0,7.0,0.0,attribution_only,dip_restore,False,False,True,False,False,True
647a7feee6c708fb,2024,401677100,Army,2,6.0,6.0,0.0,attribution_only,dip_restore,False,False,True,False,False,True
d70436058466bbd2,2024,401677106,Texas State,2,7.0,7.0,0.0,attribution_only,dip_restore,False,False,True,False,False,True
0b82bf26a32ac483,2024,401677177,Tennessee,2,7.0,7.0,0.0,attribution_only,dip_restore,False,False,True,False,False,True
67148dc3acd0176f,2024,401677182,Arizona State,4,16.0,16.0,0.0,attribution_only,dip_restore,False,False,True,False,False,True
2dd957fb9667d328,2024,401677190,Washington,2,6.0,6.0,0.0,attribution_only,dip_restore,False,False,True,False,False,True
23faf2ed4b3d64f4,2024,401729867,Syracuse,2,6.0,6.0,0.0,attribution_only,category_possession_reassignment,False,False,False,False,False,True
f1ab56ce808cdc0b,2025,401752667,Auburn,2,7.0,7.0,0.0,attribution_only,dip_restore,False,False,True,False,False,True
48e0aa88123a9d42,2025,401752670,Toledo,2,7.0,7.0,0.0,attribution_only,dip_restore,False,False,True,False,False,True
671b43fcc0fe7034,2025,401752672,Ole Miss,2,8.0,8.0,0.0,attribution_only,dip_restore,False,False,True,False,False,True
0346a074ebf66e8e,2025,401752674,Missouri,2,7.0,7.0,0.0,attribution_only,dip_restore,False,False,True,False,False,True
25cff5869417667f,2025,401752674,Missouri,2,7.0,7.0,0.0,attribution_only,dip_restore,False,False,True,False,False,True
375dff79f65e06f2,2025,401752674,Missouri,2,7.0,7.0,0.0,attribution_only,dip_restore,False,False,True,False,False,True
707602ddc2e92cb6,2025,401752678,Texas A&M,2,7.0,7.0,0.0,attribution_only,dip_restore,False,False,True,False,False,True
b78823d502ce3b4c,2025,401752678,UT San Antonio,2,0.0,0.0,0.0,attribution_only,final_cap,False,False,False,True,False,True
f49e8d08b324bb10,2025,401752681,Alabama,2,7.0,7.0,0.0,attribution_only,dip_restore,False,False,True,False,False,True
816b763a6b7ed2e2,2025,401752682,Arkansas State,87,7.0,7.0,0.0,attribution_only,dip_restore,False,False,True,True,False,True
89941df6e20bc138,2025,401752683,Auburn,2,7.0,7.0,0.0,attribution_only,dip_restore,False,False,True,False,False,True
94ef658246c6d51b,2025,401752683,Auburn,2,7.0,7.0,0.0,attribution_only,dip_restore,False,False,True,False,False,True
90015dfc12c8aa0e,2025,401752684,South Florida,2,3.0,3.0,0.0,attribution_only,dip_restore,False,False,True,False,False,False
2465c50d25026394,2025,401752685,Austin Peay,2,3.0,3.0,0.0,attribution_only,dip_restore,False,False,True,False,False,True
326950d29d919d6a,2025,401752687,LSU,2,10.0,10.0,0.0,attribution_only,other,False,False,False,False,False,False
c6cfcb8155add0f1,2025,401752691,South Carolina State,2,3.0,3.0,0.0,attribution_only,dip_restore,False,False,True,False,False,True
17decb9ad229a449,2025,401752695,Vanderbilt,2,6.0,6.0,0.0,attribution_only,dip_restore,False,False,True,False,False,True
6e9abda084c475e9,2025,401752696,Alabama,2,7.0,7.0,0.0,attribution_only,dip_restore,False,False,True,False,False,True
92e72240a3129a19,2025,401752697,Auburn,2,7.0,7.0,0.0,attribution_only,dip_restore,False,False,True,False,False,True
b295a5c5595d5c8a,2025,401752699,Florida,2,7.0,7.0,0.0,attribution_only,dip_restore,False,False,True,False,False,True
57990baac2be9402,2025,401752700,Ole Miss,2,7.0,7.0,0.0,attribution_only,dip_restore,False,False,True,False,False,True
60de26961cceb2f3,2025,401752701,Mississippi State,4,14.0,14.0,0.0,attribution_only,dip_restore,False,False,True,False,False,True
c44a0373060d8a2f,2025,401752713,Missouri,2,3.0,3.0,0.0,attribution_only,dip_restore,False,False,True,False,False,True
29a1a534e0d12745,2025,401752713,South Carolina,5,0.0,20.0,20.0,points_recovery,incomplete_stream,True,False,False,False,False,True
4f68aababb357310,2025,401752715,Tennessee,2,7.0,7.0,0.0,attribution_only,dip_restore,False,False,True,False,False,True
85bfd37fdbadf958,2025,401752715,Tennessee,2,7.0,7.0,0.0,attribution_only,dip_restore,False,False,True,False,False,True
5fb4c498b808307e,2025,401752716,Georgia State,4,12.0,12.0,0.0,attribution_only,dip_restore,False,False,True,False,False,True
1294dea9c0f87c30,2025,401752716,Vanderbilt,4,14.0,14.0,0.0,attribution_only,dip_restore,False,False,True,False,False,True
4f152158c88b6870,2025,401752716,Vanderbilt,2,7.0,7.0,0.0,attribution_only,dip_restore,False,False,True,False,False,True
ce6f7e4b8833cc26,2025,401752718,Alabama,2,7.0,7.0,0.0,attribution_only,dip_restore,False,False,True,False,False,True
501fb9c0e0398b20,2025,401752719,LSU,2,7.0,7.0,0.0,attribution_only,dip_restore,False,False,True,False,False,True
591a84a6b9dd227f,2025,401752722,Kentucky,2,7.0,7.0,0.0,attribution_only,dip_restore,False,False,True,False,False,True
2f27c9cd89ee6279,2025,401752722,South Carolina,2,7.0,7.0,0.0,attribution_only,dip_restore,False,False,True,False,False,True
a6fbad5ba0a1bb8e,2025,401752724,Texas A&M,5,3.0,3.0,0.0,attribution_only,dip_restore,False,False,True,True,False,True
749e427df3967375,2025,401752725,Vanderbilt,2,7.0,7.0,0.0,attribution_only,dip_restore,False,False,True,False,False,True
f8ceef131adf4c2f,2025,401752727,Florida,2,7.0,7.0,0.0,attribution_only,dip_restore,False,False,True,False,False,True
bbbfffda4484fb5a,2025,401752730,Mississippi State,2,3.0,3.0,0.0,attribution_only,dip_restore,False,False,True,False,False,True
1e551d2209169635,2025,401752730,Texas A&M,13,0.0,0.0,0.0,attribution_only,final_cap,False,False,False,True,False,True
d82be7057ca220ac,2025,401752737,Texas A&M,2,7.0,7.0,0.0,attribution_only,dip_restore,False,False,True,False,False,False
3ee713cabe333d83,2025,401752739,Arkansas,2,7.0,7.0,0.0,attribution_only,dip_restore,False,False,True,False,False,True
d2522b3c299fae23,2025,401752740,Auburn,4,0.0,17.0,17.0,points_recovery,incomplete_stream,True,True,True,False,False,True
93e15f49fd37711c,2025,401752740,Missouri,4,0.0,23.0,23.0,points_recovery,incomplete_stream,True,True,True,False,False,True
4edf3204b0f80b8e,2025,401752741,Florida,2,7.0,7.0,0.0,attribution_only,dip_restore,False,False,True,False,False,True
c67b05a9c7af3505,2025,401752743,Kentucky,4,0.0,13.0,13.0,points_recovery,incomplete_stream,True,True,True,False,False,True
4920367e5fea3fec,2025,401752743,Texas,4,0.0,16.0,16.0,points_recovery,incomplete_stream,True,True,True,False,False,True
4ae34d45324394b5,2025,401752753,Arkansas,4,6.0,6.0,0.0,attribution_only,dip_restore,False,False,True,False,False,True
3d6ddd0348dcbec7,2025,401752755,Georgia,2,3.0,3.0,0.0,attribution_only,dip_restore,False,False,True,False,False,True
f0a922956c5b1929,2025,401752757,Oklahoma,2,7.0,7.0,0.0,attribution_only,dip_restore,False,False,True,False,False,False
6360cb7ca04f55b6,2025,401752760,Kentucky,2,3.0,3.0,0.0,attribution_only,dip_restore,False,False,True,False,False,True
6fd3751a4db57eee,2025,401752763,Missouri,2,3.0,3.0,0.0,attribution_only,dip_restore,False,False,True,False,False,True
2111e3e5d9257fb4,2025,401752763,Texas A&M,2,7.0,7.0,0.0,attribution_only,dip_restore,False,False,True,False,False,False
a4d56518b8883585,2025,401752764,Vanderbilt,2,7.0,7.0,0.0,attribution_only,dip_restore,False,False,True,False,False,True
fc65d73ea778474a,2025,401752772,Texas A&M,2,7.0,7.0,0.0,attribution_only,category_possession_reassignment,False,False,False,False,False,True
98989ad3ab4e419d,2025,401752775,Tennessee,2,7.0,7.0,0.0,attribution_only,dip_restore,False,False,True,False,False,True
96744cf1c2c571a7,2025,401752779,South Carolina,3,7.0,7.0,0.0,attribution_only,dip_restore,False,False,True,False,False,True
8ab7616416bc969f,2025,401752780,Arkansas,1,0.0,3.0,3.0,points_recovery,dip_restore,False,False,True,False,False,False
2180a07318a1c167,2025,401752780,Arkansas,1,3.0,0.0,-3.0,points_reduction,category_possession_reassignment,False,False,False,False,False,True
65f1faca9e807ae7,2025,401752783,Missouri,2,7.0,7.0,0.0,attribution_only,category_possession_reassignment,False,False,False,False,False,True
931d9f84364997f6,2025,401752784,Auburn,3,6.0,6.0,0.0,attribution_only,dip_restore,False,False,True,False,False,True
f3535cd88034345b,2025,401752784,Auburn,2,7.0,7.0,0.0,attribution_only,dip_restore,False,False,True,False,False,True
a19503384273d933,2025,401752785,Florida State,2,7.0,7.0,0.0,attribution_only,dip_restore,False,False,True,False,False,True
d4297815ca258ed1,2025,401752790,Clemson,2,6.0,6.0,0.0,attribution_only,category_possession_reassignment,False,False,False,False,False,True
3b24ef6b48b36f69,2025,401752791,Tennessee,3,7.0,7.0,0.0,attribution_only,dip_restore,False,False,True,False,False,True
6af25fd1eaf423c0,2025,401752791,Vanderbilt,3,7.0,7.0,0.0,attribution_only,restoration_gt8,False,True,True,False,False,True
8f5c556f84092d3d,2025,401752794,Ohio,3,7.0,7.0,0.0,attribution_only,dip_restore,False,False,True,False,False,True
aef85633006e0bdd,2025,401752794,Ohio,2,7.0,7.0,0.0,attribution_only,dip_restore,False,False,True,False,False,True
4b716b50dc0b2487,2025,401752794,Rutgers,7,3.0,27.0,24.0,points_recovery,incomplete_stream,True,True,True,False,False,True
299821a28bfb056d,2025,401752797,Maryland,74,0.0,0.0,0.0,attribution_only,final_cap,False,False,False,True,False,True
ad718c90afa2558d,2025,401752798,USC,2,7.0,7.0,0.0,attribution_only,dip_restore,False,False,True,False,False,True
dc24f381e2d95199,2025,401752800,UCLA,21,0.0,0.0,0.0,attribution_only,final_cap,False,False,False,True,False,True
fbb9ca9b7324239f,2025,401752800,Utah,2,10.0,10.0,0.0,attribution_only,other,False,False,False,False,False,False
f9cb4c09565006ae,2025,401752802,Michigan State,1,0.0,7.0,7.0,points_recovery,dip_restore,False,False,True,False,False,False
60c25bd9718719f6,2025,401752802,Michigan State,1,7.0,0.0,-7.0,points_reduction,category_possession_reassignment,False,False,False,False,False,True
854e8145ca9354e5,2025,401752802,Michigan State,51,2.0,2.0,0.0,attribution_only,dip_restore,False,False,True,True,False,True
647b330fb272d4ea,2025,401752803,Tulane,2,7.0,7.0,0.0,attribution_only,dip_restore,False,False,True,False,False,True
1eb992d33bd8ad9f,2025,401752814,USC,2,7.0,7.0,0.0,attribution_only,dip_restore,False,False,True,False,False,True
36a3dd670315d875,2025,401752816,Boston College,2,7.0,7.0,0.0,attribution_only,restoration_gt8,False,True,True,False,False,True
0475509f1db0325e,2025,401752816,Boston College,3,0.0,10.0,10.0,points_recovery,restoration_gt8,False,True,True,False,False,True
38ce7de04d048343,2025,401752816,Michigan State,2,7.0,7.0,0.0,attribution_only,restoration_gt8,False,True,True,False,False,True
b75a0a7c3adbd07a,2025,401752816,Michigan State,9,5.0,28.0,23.0,points_recovery,incomplete_stream,True,True,True,False,False,True
c81d9bbe7fb79763,2025,401752817,Northwestern,2,10.0,10.0,0.0,attribution_only,other,False,False,False,False,False,False
9fe35277b712e02c,2025,401752820,Middle Tennessee,2,3.0,3.0,0.0,attribution_only,dip_restore,False,False,True,False,False,True
71b354116b5be018,2025,401752820,Wisconsin,2,7.0,7.0,0.0,attribution_only,dip_restore,False,False,True,False,False,True
2b5e296943241e8a,2025,401752820,Wisconsin,9,28.0,28.0,0.0,attribution_only,dip_restore,False,False,True,False,False,True
437367639d4fe9af,2025,401752821,UC Davis,2,3.0,3.0,0.0,attribution_only,dip_restore,False,False,True,False,False,True
d63b446886d3fdf7,2025,401752821,Washington,2,7.0,7.0,0.0,attribution_only,dip_restore,False,False,True,False,False,True
eb8f257406206c36,2025,401752823,UNLV,2,3.0,3.0,0.0,attribution_only,dip_restore,False,False,True,False,False,True
48f0dd129f793217,2025,401752823,UNLV,2,6.0,6.0,0.0,attribution_only,dip_restore,False,False,True,False,False,True
a0c2b289dcd2590c,2025,401752824,Oregon,2,7.0,7.0,0.0,attribution_only,dip_restore,False,False,True,False,False,True
7b6b8a00d19b4fda,2025,401752828,Nebraska,2,3.0,3.0,0.0,attribution_only,dip_restore,False,False,True,False,False,True
cc24daa2b7518c54,2025,401752829,Illinois,2,7.0,7.0,0.0,attribution_only,dip_restore,False,False,True,False,False,True
4764d1d91006f97c,2025,401752832,USC,2,7.0,7.0,0.0,attribution_only,dip_restore,False,False,True,False,False,True
d940def6e9b110e0,2025,401752833,Rutgers,2,7.0,7.0,0.0,attribution_only,dip_restore,False,False,True,False,False,True
e75004c46eff3582,2025,401752833,Rutgers,2,7.0,7.0,0.0,attribution_only,dip_restore,False,False,True,False,False,True
75531db83e8989f0,2025,401752840,California,1,0.0,3.0,3.0,points_recovery,restoration_gt8,False,True,True,False,False,False
618b92acd5dca72e,2025,401752840,California,2,0.0,10.0,10.0,points_recovery,incomplete_stream,True,True,False,False,False,True
0ced8bba45e722cb,2025,401752844,Iowa,2,7.0,7.0,0.0,attribution_only,dip_restore,False,False,True,False,False,False
d5ea4be7cefeb0bb,2025,401752847,Michigan State,2,3.0,3.0,0.0,attribution_only,dip_restore,False,False,True,False,False,True
e2ce7f68f451aea9,2025,401752847,USC,2,7.0,7.0,0.0,attribution_only,dip_restore,False,False,True,False,False,True
e34175027d0d2708,2025,401752848,Notre Dame,2,7.0,7.0,0.0,attribution_only,dip_restore,False,False,True,False,False,True
d64eeafffd8233bc,2025,401752849,Minnesota,2,7.0,7.0,0.0,attribution_only,dip_restore,False,False,True,False,False,False
38741e309ec12f3d,2025,401752850,Illinois,2,7.0,7.0,0.0,attribution_only,dip_restore,False,False,True,False,False,True
d5d5ce23f7a39d40,2025,401752850,USC,2,8.0,8.0,0.0,attribution_only,dip_restore,False,False,True,False,False,True
f51754212d65e305,2025,401752854,Oregon,6,0.0,30.0,30.0,points_recovery,incomplete_stream,True,True,True,False,False,True
7043c61d45588912,2025,401752854,Penn State,4,0.0,24.0,24.0,points_recovery,incomplete_stream,True,True,True,False,False,True
2e161f35dad49492,2025,401752855,Penn State,2,7.0,7.0,0.0,attribution_only,dip_restore,False,False,True,False,False,True
4dcb8046ed74a5c7,2025,401752855,UCLA,2,7.0,7.0,0.0,attribution_only,dip_restore,False,False,True,False,False,False
f651853667a8b11a,2025,401752855,UCLA,6,18.0,18.0,0.0,attribution_only,dip_restore,False,False,True,False,False,True
0e001bb377029213,2025,401752856,Michigan,2,7.0,7.0,0.0,attribution_only,dip_restore,False,False,True,False,False,True
bcf92fa0aa1d5d12,2025,401752858,Northwestern,3,7.0,7.0,0.0,attribution_only,dip_restore,False,False,True,False,False,True
cd4af47345212e67,2025,401752861,Illinois,2,3.0,3.0,0.0,attribution_only,dip_restore,False,False,True,False,False,True
b070450c8e61100e,2025,401752861,Purdue,2,7.0,7.0,0.0,attribution_only,dip_restore,False,False,True,False,False,True
6a1fea44a8471015,2025,401752862,Rutgers,4,10.0,10.0,0.0,attribution_only,dip_restore,False,False,True,False,False,True
2143cd703e0ba253,2025,401752862,Washington,2,7.0,7.0,0.0,attribution_only,dip_restore,False,False,True,False,False,True
f567c23cfb08de03,2025,401752863,Michigan State,2,7.0,7.0,0.0,attribution_only,dip_restore,False,False,True,False,False,True
f4bf26103fed13ca,2025,401752863,Michigan State,25,0.0,0.0,0.0,attribution_only,final_cap,False,False,False,True,False,True
2edb698bfb44568b,2025,401752865,Ohio State,2,7.0,7.0,0.0,attribution_only,dip_restore,False,False,True,False,False,True
318af453ab5afb82,2025,401752866,Northwestern,2,3.0,3.0,0.0,attribution_only,dip_restore,False,False,True,False,False,True
da35c7df5533e6e4,2025,401752867,Nebraska,2,7.0,7.0,0.0,attribution_only,dip_restore,False,False,True,False,False,True
68a56e273d71285c,2025,401752869,Iowa,2,3.0,3.0,0.0,attribution_only,dip_restore,False,False,True,False,False,True
bb79f2c6a329c6db,2025,401752876,Oregon,2,7.0,7.0,0.0,attribution_only,dip_restore,False,False,True,False,False,True
3b3a21e795cbf7ac,2025,401752879,Maryland,2,7.0,7.0,0.0,attribution_only,category_possession_reassignment,False,False,False,False,False,True
ee7aab83c4e3cf09,2025,401752879,UCLA,2,3.0,3.0,0.0,attribution_only,dip_restore,False,False,True,False,False,True
b239b0f4d40f6ebb,2025,401752880,Washington,2,7.0,7.0,0.0,attribution_only,dip_restore,False,False,True,False,False,True
2d2e2fc1a89e1e4c,2025,401752884,Rutgers,2,7.0,7.0,0.0,attribution_only,dip_restore,False,False,True,False,False,True
44b9e1bc5554b075,2025,401752886,Oregon,2,7.0,7.0,0.0,attribution_only,dip_restore,False,False,True,False,False,True
887f5feb9dd1122d,2025,401752889,Ohio State,2,7.0,7.0,0.0,attribution_only,dip_restore,False,False,True,False,False,True
f897e65bd049f35e,2025,401752889,Penn State,2,7.0,7.0,0.0,attribution_only,dip_restore,False,False,True,False,False,True
2b403ec02619d649,2025,401752898,Iowa,2,6.0,6.0,0.0,attribution_only,category_possession_reassignment,False,False,False,False,False,True
520af96f614a3796,2025,401752900,Ohio State,2,3.0,3.0,0.0,attribution_only,dip_restore,False,False,True,False,False,True
b0448f98db1176c1,2025,401752901,Indiana,2,7.0,7.0,0.0,attribution_only,dip_restore,False,False,True,False,False,True
0bb5894fe15236af,2025,401752903,Penn State,2,7.0,7.0,0.0,attribution_only,category_possession_reassignment,False,False,False,False,False,True
9a338f4088e2ca2f,2025,401752905,Northwestern,2,3.0,3.0,0.0,attribution_only,dip_restore,False,False,True,False,False,True
c70cfa52f680f0ce,2025,401752906,Illinois,2,7.0,7.0,0.0,attribution_only,dip_restore,False,False,True,False,False,True
f55b4ce6e4d4797a,2025,401752911,Oregon,4,0.0,21.0,21.0,points_recovery,incomplete_stream,True,True,True,False,False,True
7c154c3ec02a7b0f,2025,401752915,Wisconsin,2,7.0,7.0,0.0,attribution_only,restoration_gt8,False,True,True,False,False,True
fea27c6c2eef6088,2025,401752916,Iowa,2,7.0,7.0,0.0,attribution_only,dip_restore,False,False,True,False,False,False
758418e4c03946af,2025,401752918,Minnesota,2,3.0,3.0,0.0,attribution_only,dip_restore,False,False,True,False,False,True
0cb5cdfe891a2e28,2025,401752919,USC,2,7.0,7.0,0.0,attribution_only,dip_restore,False,False,True,False,False,True
8ce3c737cdf327c0,2025,401752921,Michigan,2,3.0,3.0,0.0,attribution_only,dip_restore,False,False,True,False,False,True
738351f1b1ad04e6,2025,401752924,Indiana,2,7.0,7.0,0.0,attribution_only,dip_restore,False,False,True,False,False,True
974deca912716ae0,2025,401752937,Fresno State,5,7.0,13.0,6.0,points_recovery,dip_restore,False,False,True,False,False,True
4d86dffaca48b272,2025,401752937,Fresno State,3,6.0,0.0,-6.0,points_reduction,dip_restore,False,False,True,False,False,True
236fe7e00b5bffad,2025,401752937,Oregon State,7,15.0,15.0,0.0,attribution_only,dip_restore,False,False,True,False,False,True
af6a6f5e2346d7a0,2025,401752937,Oregon State,1,0.0,6.0,6.0,points_recovery,dip_restore,False,False,True,False,False,False
2d0408d180d95b8a,2025,401752938,Oregon State,2,7.0,7.0,0.0,attribution_only,dip_restore,False,False,True,False,False,True
eb8519d708271a4b,2025,401752938,Texas Tech,4,14.0,14.0,0.0,attribution_only,dip_restore,False,False,True,False,False,True
ee5c7246abb237d2,2025,401752939,Oregon State,23,0.0,24.0,24.0,points_recovery,incomplete_stream,True,True,True,True,False,True
03abc3b8fa7006fd,2025,401752944,Sam Houston State,2,7.0,7.0,0.0,attribution_only,category_possession_reassignment,False,False,False,False,False,True
6860a0d9dce95921,2025,401752949,North Texas,2,7.0,7.0,0.0,attribution_only,dip_restore,False,False,True,False,False,True
3c9d3a447a63c985,2025,401752951,Virginia,2,2.0,2.0,0.0,attribution_only,dip_restore,False,False,True,False,False,True
0b9ded41f32fa41f,2025,401752954,James Madison,2,3.0,3.0,0.0,attribution_only,dip_restore,False,False,True,False,False,True
b53072df296ae6ce,2025,401754372,California,4,14.0,14.0,0.0,attribution_only,final_cap,False,False,False,True,False,True
f2548f4c547c0278,2025,401754372,Virginia Tech,2,7.0,7.0,0.0,attribution_only,dip_restore,False,False,True,False,False,True
25c3cb6608a0ab79,2025,401754516,Hawai_i,7,9.0,9.0,0.0,attribution_only,dip_restore,False,False,True,False,False,True
89c680e78f82c071,2025,401754516,Stanford,4,10.0,10.0,0.0,attribution_only,dip_restore,False,False,True,False,False,True
c252161b20025691,2025,401754517,Elon,2,7.0,7.0,0.0,attribution_only,dip_restore,False,False,True,False,False,True
0bf4e264ef8a9b32,2025,401754519,Louisville,2,7.0,7.0,0.0,attribution_only,dip_restore,False,False,True,False,False,True
ab2f7109028dde76,2025,401754519,Louisville,2,7.0,7.0,0.0,attribution_only,dip_restore,False,False,True,False,False,True
84713b370c06fb2a,2025,401754520,Pittsburgh,2,7.0,7.0,0.0,attribution_only,dip_restore,False,False,True,False,False,True
09e82aef3644d42f,2025,401754521,SMU,2,7.0,7.0,0.0,attribution_only,dip_restore,False,False,True,False,False,True
06e9d9dd258a28f3,2025,401754521,SMU,2,7.0,7.0,0.0,attribution_only,dip_restore,False,False,True,False,False,False
cb967e86bbf0e351,2025,401754522,Miami,2,7.0,7.0,0.0,attribution_only,dip_restore,False,False,True,False,False,True
560584b41609f5e0,2025,401754523,TCU,2,7.0,7.0,0.0,attribution_only,dip_restore,False,False,True,False,False,True
350714ac4c96f7c1,2025,401754525,SMU,5,0.0,35.0,35.0,points_recovery,incomplete_stream,True,True,True,False,False,True
3e854e326a98a4ba,2025,401754528,Louisville,4,14.0,14.0,0.0,attribution_only,dip_restore,False,False,True,False,False,True
0a563febdb092161,2025,401754529,Pittsburgh,2,7.0,7.0,0.0,attribution_only,dip_restore,False,False,True,False,False,True
f7adbb1d8de94cb7,2025,401754529,Pittsburgh,2,7.0,7.0,0.0,attribution_only,category_possession_reassignment,False,False,False,False,False,True
6a51e1db1d3c6954,2025,401754530,California,3,3.0,3.0,0.0,attribution_only,dip_restore,False,False,True,False,False,True
12cc3cecfbb74ba0,2025,401754530,California,5,10.0,17.0,7.0,points_recovery,dip_restore,False,False,True,False,False,True
3c465933a59fedf9,2025,401754530,California,1,7.0,0.0,-7.0,points_reduction,category_possession_reassignment,False,False,False,False,False,True
a89dba2c92664335,2025,401754531,Wake Forest,2,7.0,7.0,0.0,attribution_only,dip_restore,False,False,True,False,False,True
d61b848b49c8d56e,2025,401754532,Colgate,2,7.0,7.0,0.0,attribution_only,dip_restore,False,False,True,False,False,True
673be2dbbedc9776,2025,401754532,Syracuse,2,7.0,7.0,0.0,attribution_only,dip_restore,False,False,True,False,False,True
4d564fe7f54a6a4e,2025,401754533,Stanford,2,3.0,3.0,0.0,attribution_only,dip_restore,False,False,True,False,False,True
c02fe584d0de49b8,2025,401754533,Stanford,2,7.0,7.0,0.0,attribution_only,dip_restore,False,False,True,False,False,True
2077efd1934139d1,2025,401754534,Tulane,2,7.0,7.0,0.0,attribution_only,dip_restore,False,False,True,False,False,True
009a2092b7c06d62,2025,401754536,Old Dominion,2,7.0,7.0,0.0,attribution_only,dip_restore,False,False,True,False,False,True
ddf2e4042ae5c8db,2025,401754536,Old Dominion,2,7.0,7.0,0.0,attribution_only,dip_restore,False,False,True,False,False,True
58905bd49fc44dec,2025,401754538,Duke,2,7.0,7.0,0.0,attribution_only,dip_restore,False,False,True,False,False,True
48a0c10737a34421,2025,401754541,Florida State,2,7.0,7.0,0.0,attribution_only,dip_restore,False,False,True,False,False,True
4f09665f9507d704,2025,401754543,Florida State,6,0.0,38.0,38.0,points_recovery,incomplete_stream,True,True,True,False,False,True
b111c0430f6d8851,2025,401754543,Virginia,8,0.0,46.0,46.0,points_recovery,incomplete_stream,True,True,True,False,False,True
41a9e9e618af1eca,2025,401754544,Boston College,2,7.0,7.0,0.0,attribution_only,dip_restore,False,False,True,False,False,False
10305ead502d5648,2025,401754546,Georgia Tech,6,0.0,30.0,30.0,points_recovery,incomplete_stream,True,True,True,False,False,True
eb6a51e9e4e32ff1,2025,401754546,Wake Forest,7,0.0,29.0,29.0,points_recovery,incomplete_stream,True,True,True,False,False,True
21f07ba85041f1bb,2025,401754547,Louisville,2,7.0,7.0,0.0,attribution_only,dip_restore,False,False,True,False,False,True
a5ec4f0c0c35533e,2025,401754547,Pittsburgh,2,7.0,7.0,0.0,attribution_only,dip_restore,False,False,True,False,False,True
37564978ae7349ee,2025,401754547,Pittsburgh,2,7.0,7.0,0.0,attribution_only,dip_restore,False,False,True,False,False,True
c04e48e226b0840f,2025,401754551,California,2,7.0,7.0,0.0,attribution_only,dip_restore,False,False,True,False,False,True
0e014c7a7b1f1600,2025,401754552,Clemson,2,7.0,7.0,0.0,attribution_only,dip_restore,False,False,True,False,False,True
fa4cbe9b45a9deda,2025,401754553,Florida State,2,8.0,8.0,0.0,attribution_only,dip_restore,False,False,True,False,False,True
fe8fb40b854a1d36,2025,401754554,Louisville,5,0.0,27.0,27.0,points_recovery,incomplete_stream,True,True,True,False,False,True
9a6b091c03ccc62d,2025,401754554,Virginia,8,0.0,30.0,30.0,points_recovery,incomplete_stream,True,True,True,False,False,True
450927eeaf144991,2025,401754556,Wake Forest,2,3.0,3.0,0.0,attribution_only,dip_restore,False,False,True,False,False,True
e9b1c1398cfcf829,2025,401754558,Boston College,2,7.0,7.0,0.0,attribution_only,dip_restore,False,False,True,False,False,False
aa13bf08534a7450,2025,401754558,Clemson,1,0.0,3.0,3.0,points_recovery,dip_restore,False,False,True,False,False,False
ee0cf074eb7aa721,2025,401754558,Clemson,1,7.0,4.0,-3.0,points_reduction,other,False,False,False,False,False,False
79901594a1e4b05b,2025,401754560,Georgia Tech,2,8.0,8.0,0.0,attribution_only,dip_restore,False,False,True,False,False,True
d3e42d1652bc00bf,2025,401754561,SMU,2,7.0,7.0,0.0,attribution_only,dip_restore,False,False,True,False,False,True
60d3f7274f6e43c1,2025,401754562,Notre Dame,2,2.0,2.0,0.0,attribution_only,dip_restore,False,False,True,False,False,True
cd5babf89bdb870a,2025,401754565,SMU,2,6.0,6.0,0.0,attribution_only,dip_restore,False,False,True,False,False,True
1262740b8588ae9e,2025,401754568,Pittsburgh,2,7.0,7.0,0.0,attribution_only,dip_restore,False,False,True,False,False,True
31475e8ed6eb8112,2025,401754569,Boston College,2,7.0,7.0,0.0,attribution_only,dip_restore,False,False,True,False,False,False
95a1874eb5d5be5d,2025,401754569,Boston College,13,0.0,0.0,0.0,attribution_only,final_cap,False,False,False,True,False,True
ea31acccf9a81d3c,2025,401754569,Connecticut,2,7.0,7.0,0.0,attribution_only,dip_restore,False,False,True,False,False,True
bcf0b6ad23d60662,2025,401754569,Connecticut,2,7.0,7.0,0.0,attribution_only,dip_restore,False,False,True,False,False,False
8db4b06429946f67,2025,401754575,North Carolina,8,3.0,27.0,24.0,points_recovery,incomplete_stream,True,False,True,False,False,True
130e422f1073f9d2,2025,401754575,Syracuse,4,10.0,10.0,0.0,attribution_only,dip_restore,False,False,True,False,False,True
63f138963536ef8c,2025,401754577,Duke,2,7.0,7.0,0.0,attribution_only,dip_restore,False,False,True,False,False,True
b747f4b46ff90471,2025,401754580,Virginia Tech,2,7.0,7.0,0.0,attribution_only,dip_restore,False,False,True,False,False,True
214a4acc106611e7,2025,401754581,SMU,2,3.0,3.0,0.0,attribution_only,dip_restore,False,False,True,False,False,True
e20a733313802f51,2025,401754582,Pittsburgh,3,7.0,7.0,0.0,attribution_only,dip_restore,False,False,True,False,False,True
8e8d5e2371e0325d,2025,401754582,Stanford,9,16.0,17.0,1.0,points_recovery,dip_restore,False,False,True,False,False,True
44a3588c52269ba1,2025,401754584,Boston College,2,3.0,3.0,0.0,attribution_only,dip_restore,False,False,True,False,False,True
ef14983f0ce67d4f,2025,401754585,California,2,3.0,3.0,0.0,attribution_only,dip_restore,False,False,True,False,False,True
addfc8305b681b7a,2025,401754586,Florida State,2,3.0,3.0,0.0,attribution_only,dip_restore,False,False,True,False,False,True
0add93b547e777f1,2025,401754587,Miami,2,14.0,14.0,0.0,attribution_only,other,False,False,False,False,False,False
e68c6abc813ec6a9,2025,401754587,Syracuse,2,3.0,3.0,0.0,attribution_only,dip_restore,False,False,True,False,False,True
060a17b38cf6d61a,2025,401754588,North Carolina,2,3.0,3.0,0.0,attribution_only,dip_restore,False,False,True,False,False,True
82d851badd8cc11a,2025,401754588,Stanford,2,6.0,6.0,0.0,attribution_only,dip_restore,False,False,True,False,False,False
090efed76d7b6d81,2025,401754590,Connecticut,2,3.0,3.0,0.0,attribution_only,dip_restore,False,False,True,False,False,True
e5a31813d5e0ef5b,2025,401754591,Clemson,2,7.0,7.0,0.0,attribution_only,dip_restore,False,False,True,False,False,True
559dc38ab5d04e80,2025,401754593,Virginia,2,7.0,7.0,0.0,attribution_only,dip_restore,False,False,True,False,False,True
93e6bdf05298ebd0,2025,401754596,North Carolina,2,3.0,3.0,0.0,attribution_only,dip_restore,False,False,True,False,False,True
ba006cb2870ef055,2025,401754597,Pittsburgh,1,0.0,6.0,6.0,points_recovery,incomplete_stream,True,False,False,False,False,True
662f90f41c698abf,2025,401754600,North Carolina,2,8.0,8.0,0.0,attribution_only,category_possession_reassignment,False,False,False,False,False,True
b49ac10a7f1e78ab,2025,401754601,Georgia Tech,2,7.0,7.0,0.0,attribution_only,dip_restore,False,False,True,False,False,True
8371f18b6bf3620e,2025,401754601,Pittsburgh,2,7.0,7.0,0.0,attribution_only,dip_restore,False,False,True,False,False,True
d08dcceebe541d59,2025,401754602,SMU,2,7.0,7.0,0.0,attribution_only,dip_restore,False,False,True,False,False,True
a76771d23e2a9bb9,2025,401754603,Miami,2,9.0,9.0,0.0,attribution_only,other,False,False,False,False,False,False
36f63fffe21b4105,2025,401754606,Wake Forest,2,7.0,7.0,0.0,attribution_only,category_possession_reassignment,False,False,False,False,False,True
e2fdfc2461a214fb,2025,401754614,Stanford,2,7.0,7.0,0.0,attribution_only,dip_restore,False,False,True,False,False,True
9d061c72ffc58b13,2025,401754615,SMU,2,7.0,7.0,0.0,attribution_only,dip_restore,False,False,True,False,False,True
526c06ee5e7b031b,2025,401754618,Syracuse,2,3.0,3.0,0.0,attribution_only,dip_restore,False,False,True,False,False,True
3ed576ca0e413c2a,2025,401754621,East Texas A&M,2,3.0,3.0,0.0,attribution_only,dip_restore,False,False,True,False,False,True
245cefa91b540c26,2025,401754622,Georgia Tech,2,7.0,7.0,0.0,attribution_only,dip_restore,False,False,True,False,False,True
6a61da2c9f130075,2025,401754622,Georgia Tech,2,7.0,7.0,0.0,attribution_only,dip_restore,False,False,True,False,False,True
91539d152fcfe9b2,2025,401754636,SMU,2,7.0,7.0,0.0,attribution_only,dip_restore,False,False,True,False,False,True
2e8be1f14353e4f7,2025,401754637,Clemson,2,7.0,7.0,0.0,attribution_only,dip_restore,False,False,True,False,False,True
c55c49b27592ea3d,2025,401754637,Troy,2,6.0,6.0,0.0,attribution_only,dip_restore,False,False,True,False,False,True
856edac946c91047,2025,401756847,Fresno State,2,7.0,7.0,0.0,attribution_only,category_possession_reassignment,False,False,False,False,False,True
0415960e2dc20fe6,2025,401756847,Kansas,4,10.0,10.0,0.0,attribution_only,dip_restore,False,False,True,False,False,True
a7876edf3a26d6fd,2025,401756850,Arizona State,2,7.0,7.0,0.0,attribution_only,dip_restore,False,False,True,False,False,True
d5e37d47c8c8d743,2025,401756850,Arizona State,2,7.0,7.0,0.0,attribution_only,dip_restore,False,False,True,False,False,True
7524dd511d9eaf0a,2025,401756853,Iowa State,2,7.0,7.0,0.0,attribution_only,dip_restore,False,False,True,False,False,True
076b80933fa4821e,2025,401756877,Arkansas-Pine Bluff,2,7.0,7.0,0.0,attribution_only,dip_restore,False,False,True,False,False,True
2a107f3173c3f17e,2025,401756878,West Virginia,2,7.0,7.0,0.0,attribution_only,dip_restore,False,False,True,False,False,True
f857b091021f5fea,2025,401756879,Arizona,5,0.0,20.0,20.0,points_recovery,incomplete_stream,True,True,True,False,False,True
8ec21cf36ad2a7d7,2025,401756883,Ohio,2,7.0,7.0,0.0,attribution_only,dip_restore,False,False,True,False,False,True
62e45442496460da,2025,401756884,Houston,3,7.0,7.0,0.0,attribution_only,restoration_gt8,False,True,True,False,False,True
f47a71e48172e5fb,2025,401756884,Houston,3,0.0,14.0,14.0,points_recovery,incomplete_stream,True,True,True,False,False,True
432cb0312aadbcf3,2025,401756884,Rice,4,9.0,9.0,0.0,attribution_only,dip_restore,False,False,True,False,False,True
c624910f3089188d,2025,401756886,UCF,2,7.0,7.0,0.0,attribution_only,dip_restore,False,False,True,False,False,True
df57bb781d099148,2025,401756890,Arkansas State,9,0.0,0.0,0.0,attribution_only,final_cap,False,False,False,True,False,True
9e250e1a2a2cf36b,2025,401756890,Iowa State,20,15.0,15.0,0.0,attribution_only,dip_restore,False,False,True,True,False,True
dd5388e37bf34001,2025,401756892,Cincinnati,2,7.0,7.0,0.0,attribution_only,dip_restore,False,False,True,False,False,True
25e04cbeed61ec92,2025,401756893,Houston,2,3.0,3.0,0.0,attribution_only,dip_restore,False,False,True,False,False,True
13d0352e8ca8e617,2025,401756894,Abilene Christian,3,12.0,12.0,0.0,attribution_only,dip_restore,False,False,True,False,False,True
aed8eb0846c641a8,2025,401756895,Utah,2,3.0,3.0,0.0,attribution_only,dip_restore,False,False,True,False,False,True
59bac45d89d08616,2025,401756896,Arizona State,2,3.0,3.0,0.0,attribution_only,dip_restore,False,False,True,False,False,True
9751190059b4aece,2025,401756900,Oklahoma State,5,3.0,3.0,0.0,attribution_only,dip_restore,False,False,True,True,False,True
f29e66a5ed48e099,2025,401756900,Tulsa,2,3.0,3.0,0.0,attribution_only,dip_restore,False,False,True,False,False,True
538a5345044d1c6d,2025,401756906,Kansas State,6,0.0,0.0,0.0,attribution_only,final_cap,False,False,False,True,False,True
ed7e2bb2df9b4118,2025,401756906,UCF,2,7.0,7.0,0.0,attribution_only,dip_restore,False,False,True,False,False,False
f9085499d93c6a95,2025,401756906,UCF,17,0.0,0.0,0.0,attribution_only,final_cap,False,False,False,True,False,True
67ad98e15fdf7d2a,2025,401756907,Baylor,2,7.0,7.0,0.0,attribution_only,dip_restore,False,False,True,False,False,True
9a1f3f6924dfda64,2025,401756907,Baylor,2,10.0,10.0,0.0,attribution_only,other,False,False,False,False,False,False
e3614aa7f551ff27,2025,401756907,Oklahoma State,2,7.0,7.0,0.0,attribution_only,dip_restore,False,False,True,False,False,True
10ce7322902bc269,2025,401756907,Oklahoma State,2,7.0,7.0,0.0,attribution_only,dip_restore,False,False,True,False,False,False
579db7e0e0680f7d,2025,401756907,Oklahoma State,3,7.0,7.0,0.0,attribution_only,dip_restore,False,False,True,False,False,True
0c91088ff22c19a0,2025,401756908,Utah,2,7.0,7.0,0.0,attribution_only,dip_restore,False,False,True,False,False,True
180f3d2cb4d017bc,2025,401756911,Baylor,2,3.0,3.0,0.0,attribution_only,dip_restore,False,False,True,False,False,True
3bdcb662bcd13456,2025,401756911,Kansas State,2,7.0,7.0,0.0,attribution_only,dip_restore,False,False,True,False,False,True
1f393bc3dbca9368,2025,401756913,Houston,5,11.0,11.0,0.0,attribution_only,dip_restore,False,False,True,False,False,True
f837fe28a0101333,2025,401756913,Texas Tech,8,6.0,26.0,20.0,points_recovery,incomplete_stream,True,True,True,False,False,True
d20380a2e776fd19,2025,401756914,TCU,2,7.0,7.0,0.0,attribution_only,dip_restore,False,False,True,False,False,True
d4a53a439008470b,2025,401756915,Kansas,2,3.0,3.0,0.0,attribution_only,dip_restore,False,False,True,False,False,True
15fd93b2d73d9cb9,2025,401756916,Arizona,6,0.0,27.0,27.0,points_recovery,incomplete_stream,True,True,True,False,False,True
3682d6f9c3f80858,2025,401756916,BYU,7,0.0,33.0,33.0,points_recovery,incomplete_stream,True,True,True,False,False,True
2c5a40042313c04b,2025,401756918,Iowa State,2,7.0,7.0,0.0,attribution_only,dip_restore,False,False,True,False,False,True
e56481b992b3044f,2025,401756919,Kansas State,2,7.0,7.0,0.0,attribution_only,dip_restore,False,False,True,False,False,True
852842e7b6bd0366,2025,401756922,Arizona State,3,7.0,7.0,0.0,attribution_only,dip_restore,False,False,True,False,False,True
8eb7bb804523ca62,2025,401756923,Arizona State,2,7.0,7.0,0.0,attribution_only,dip_restore,False,False,True,False,False,True
747ddb60ce833ec7,2025,401756926,Cincinnati,7,0.0,42.0,42.0,points_recovery,incomplete_stream,True,True,True,False,False,True
cbd9b908632c1fcd,2025,401756927,Baylor,4,11.0,11.0,0.0,attribution_only,dip_restore,False,False,True,False,False,True
c664e2996e9cbc66,2025,401756929,Houston,2,7.0,7.0,0.0,attribution_only,dip_restore,False,False,True,False,False,False
fa1a4932d6695caa,2025,401756931,Iowa State,2,7.0,7.0,0.0,attribution_only,dip_restore,False,False,True,False,False,True
b00a2ba90a20362a,2025,401756934,Utah,2,7.0,7.0,0.0,attribution_only,restoration_gt8,False,True,True,False,False,True
6e430d0f7945e459,2025,401756936,UCF,2,3.0,3.0,0.0,attribution_only,dip_restore,False,False,True,False,False,True
e4abc316b4f9a938,2025,401756940,Kansas,2,3.0,3.0,0.0,attribution_only,dip_restore,False,False,True,False,False,True
132d52b9ca1c71d7,2025,401756942,Utah,2,7.0,7.0,0.0,attribution_only,dip_restore,False,False,True,False,False,True
6d5cfa3f95346adc,2025,401756945,BYU,2,7.0,7.0,0.0,attribution_only,category_possession_reassignment,False,False,False,False,False,True
de9be1aa1d8e7347,2025,401756948,West Virginia,2,7.0,7.0,0.0,attribution_only,category_possession_reassignment,False,False,False,False,False,True
aa31e25eb352ed3c,2025,401756953,UCF,3,2.0,2.0,0.0,attribution_only,dip_restore,False,False,True,False,False,True
0f6a931cec86bd86,2025,401756956,Arizona State,2,3.0,3.0,0.0,attribution_only,dip_restore,False,False,True,False,False,True
3d5dcf1ac6cf8b4d,2025,401756956,Arizona State,2,8.0,8.0,0.0,attribution_only,dip_restore,False,False,True,False,False,True
05f1315b149e057a,2025,401756960,Utah,2,7.0,7.0,0.0,attribution_only,dip_restore,False,False,True,False,False,False
75764f78e1c41e58,2025,401756962,Houston,2,7.0,7.0,0.0,attribution_only,dip_restore,False,False,True,False,False,True
03628208d6758348,2025,401756966,Iowa State,5,14.0,14.0,0.0,attribution_only,dip_restore,False,False,True,False,False,True
1f7cf20dba3930f0,2025,401756966,Oklahoma State,6,6.0,6.0,0.0,attribution_only,dip_restore,False,False,True,False,False,True
3752ae8eb042eec4,2025,401756967,TCU,2,13.0,13.0,0.0,attribution_only,other,False,False,False,False,False,False
27edfc22298267ea,2025,401756967,TCU,2,7.0,7.0,0.0,attribution_only,dip_restore,False,False,True,False,False,False
980b19768f65ef20,2025,401757167,Central Connecticut,2,7.0,7.0,0.0,attribution_only,dip_restore,False,False,True,False,False,True
af1cde2ee330288e,2025,401757168,Connecticut,2,3.0,3.0,0.0,attribution_only,dip_restore,False,False,True,False,False,True
42cf905a6c1fdd32,2025,401757170,Buffalo,2,7.0,7.0,0.0,attribution_only,dip_restore,False,False,True,False,False,False
5deda1bb5e605f0b,2025,401757170,Connecticut,4,3.0,3.0,0.0,attribution_only,dip_restore,False,False,True,True,False,True
a8caadbc9aaf15e6,2025,401757171,Connecticut,2,3.0,3.0,0.0,attribution_only,dip_restore,False,False,True,False,False,True
be668d3e2f3370f9,2025,401757172,Rice,2,3.0,3.0,0.0,attribution_only,dip_restore,False,False,True,False,False,True
43ac59efb605c8c3,2025,401757175,Connecticut,3,10.0,10.0,0.0,attribution_only,dip_restore,False,False,True,False,False,True
825ae203a094df48,2025,401757175,Florida Atlantic,2,3.0,3.0,0.0,attribution_only,dip_restore,False,False,True,False,False,True
28b356c21cda1eb6,2025,401757220,Liberty,2,7.0,7.0,0.0,attribution_only,dip_restore,False,False,True,False,False,True
bae5ecb72b5cbda3,2025,401757221,Louisiana Tech,2,3.0,3.0,0.0,attribution_only,dip_restore,False,False,True,False,False,True
128155e9e6ce0f08,2025,401757222,Austin Peay,2,3.0,3.0,0.0,attribution_only,dip_restore,False,False,True,False,False,False
28d2be74e7f074f9,2025,401757222,Middle Tennessee,2,7.0,7.0,0.0,attribution_only,dip_restore,False,False,True,False,False,True
8a1fe390c0c5c579,2025,401757224,Sam Houston State,2,7.0,7.0,0.0,attribution_only,dip_restore,False,False,True,False,False,True
9f882f7f82975c23,2025,401757224,UNLV,2,7.0,7.0,0.0,attribution_only,dip_restore,False,False,True,False,False,True
2b1d79d859f0010f,2025,401757224,UNLV,6,15.0,15.0,0.0,attribution_only,dip_restore,False,False,True,False,False,True
9a9f8e48e5da6186,2025,401757224,UNLV,19,0.0,0.0,0.0,attribution_only,final_cap,False,False,False,True,False,True
da6b9c4ae1953df5,2025,401757225,UTEP,2,6.0,6.0,0.0,attribution_only,dip_restore,False,False,True,False,False,False
0ca4366918a41616,2025,401757226,Western Kentucky,1,0.0,3.0,3.0,points_recovery,dip_restore,False,False,True,False,False,False
8ff5634e4e084192,2025,401757226,Western Kentucky,1,3.0,0.0,-3.0,points_reduction,category_possession_reassignment,False,False,False,False,False,True
0234726646692bac,2025,401757228,Marshall,2,3.0,3.0,0.0,attribution_only,dip_restore,False,False,True,False,False,True
5565ea76716a5a0d,2025,401757228,Missouri State,7,21.0,21.0,0.0,attribution_only,dip_restore,False,False,True,False,False,True
d7c5f4a4923c10f1,2025,401757229,New Mexico State,12,21.0,21.0,0.0,attribution_only,dip_restore,False,False,True,False,False,True
e096ef7c5d740237,2025,401757229,Tulsa,6,14.0,14.0,0.0,attribution_only,dip_restore,False,False,True,False,False,True
8ff1256cf2c6a9a9,2025,401757230,Hawai_i,2,7.0,7.0,0.0,attribution_only,dip_restore,False,False,True,False,False,True
339ec87642d4a3e6,2025,401757230,Sam Houston State,2,7.0,7.0,0.0,attribution_only,dip_restore,False,False,True,False,False,True
54bc182a1e2b3303,2025,401757233,Florida Atlantic,2,7.0,7.0,0.0,attribution_only,dip_restore,False,False,True,False,False,True
ca934f9fad608096,2025,401757233,Florida International,2,7.0,7.0,0.0,attribution_only,dip_restore,False,False,True,False,False,True
e371c8f2f6e3bc5d,2025,401757235,Kennesaw State,2,7.0,7.0,0.0,attribution_only,dip_restore,False,False,True,False,False,True
c35ae643fe01f152,2025,401757235,Kennesaw State,4,10.0,10.0,0.0,attribution_only,dip_restore,False,False,True,False,False,True
ee71fc4b4864093a,2025,401757257,Louisiana Tech,2,7.0,7.0,0.0,attribution_only,dip_restore,False,False,True,False,False,True
dded1a3eb8b83bac,2025,401757258,Middle Tennessee,2,7.0,7.0,0.0,attribution_only,dip_restore,False,False,True,False,False,True
6399236ecca317b5,2025,401757259,Delaware,2,7.0,7.0,0.0,attribution_only,dip_restore,False,False,True,False,False,True
961fe628e3b73e07,2025,401757260,Jacksonville State,2,7.0,7.0,0.0,attribution_only,dip_restore,False,False,True,False,False,True
021597dc2020a417,2025,401757261,Arkansas State,1,0.0,7.0,7.0,points_recovery,dip_restore,False,False,True,False,False,False
af6a2382297f2d4e,2025,401757261,Arkansas State,1,7.0,0.0,-7.0,points_reduction,category_possession_reassignment,False,False,False,False,False,True
71dc7c37c310a6bb,2025,401757264,Marshall,2,7.0,7.0,0.0,attribution_only,dip_restore,False,False,True,False,False,True
41217ca8a3475b76,2025,401757264,Marshall,2,7.0,7.0,0.0,attribution_only,dip_restore,False,False,True,False,False,True
1c91bcbc77abf063,2025,401757267,Louisiana Monroe,2,7.0,7.0,0.0,attribution_only,dip_restore,False,False,True,False,False,True
dfbb733c7b59f964,2025,401757267,Louisiana Monroe,2,7.0,7.0,0.0,attribution_only,dip_restore,False,False,True,False,False,True
e0400ee5e64d998d,2025,401757268,Nevada,2,3.0,3.0,0.0,attribution_only,dip_restore,False,False,True,False,False,True
63c15192b4ae30b4,2025,401757269,Jacksonville State,2,6.0,6.0,0.0,attribution_only,dip_restore,False,False,True,False,False,True
b4c74151c516ae87,2025,401757271,Liberty,2,7.0,7.0,0.0,attribution_only,dip_restore,False,False,True,False,False,True
fe692fba92fe5a56,2025,401757278,Middle Tennessee,10,0.0,0.0,0.0,attribution_only,final_cap,False,False,False,True,False,True
8265d71a15aa5198,2025,401757278,Missouri State,4,0.0,0.0,0.0,attribution_only,final_cap,False,False,False,True,False,True
aebf820c6b862176,2025,401757285,Florida International,5,14.0,14.0,0.0,attribution_only,dip_restore,False,False,True,False,False,True
cf641dd552d05151,2025,401757285,Kennesaw State,3,3.0,3.0,0.0,attribution_only,dip_restore,False,False,True,False,False,True
c54d180b15356fb3,2025,401757287,Delaware,1,3.0,7.0,4.0,points_recovery,other,False,False,False,False,False,False
aed69cedec459acf,2025,401757287,Delaware,1,4.0,0.0,-4.0,points_reduction,category_possession_reassignment,False,False,False,False,False,True
36505c725ae1ad2e,2025,401757287,Delaware,2,7.0,7.0,0.0,attribution_only,dip_restore,False,False,True,False,False,False
24c489cb3d9ba012,2025,401757289,Kennesaw State,3,7.0,7.0,0.0,attribution_only,dip_restore,False,False,True,False,False,True
60a3ad0aaba7e6fb,2025,401757290,Louisiana Tech,4,21.0,21.0,0.0,attribution_only,category_possession_reassignment,False,False,False,False,False,True
072adca5efbbec57,2025,401757291,Florida International,2,7.0,7.0,0.0,attribution_only,dip_restore,False,False,True,False,False,True
48f3702037064568,2025,401757291,Missouri State,3,7.0,7.0,0.0,attribution_only,dip_restore,False,False,True,False,False,True
0b02026bf48675ac,2025,401757292,Middle Tennessee,4,8.0,15.0,7.0,points_recovery,dip_restore,False,False,True,False,False,True
1efe04bbbcb5cb8c,2025,401757293,Delaware,2,8.0,8.0,0.0,attribution_only,dip_restore,False,False,True,False,False,False
5859f8283bca3cf3,2025,401757293,Liberty,2,7.0,7.0,0.0,attribution_only,dip_restore,False,False,True,False,False,True
27d048f139f205e2,2025,401757294,New Mexico State,2,3.0,3.0,0.0,attribution_only,dip_restore,False,False,True,False,False,True
15f7dec5f7c8c026,2025,401757296,Florida International,2,7.0,7.0,0.0,attribution_only,category_possession_reassignment,False,False,False,False,False,True
c4dae376fb6fdd0c,2025,401757296,Florida International,2,6.0,6.0,0.0,attribution_only,dip_restore,False,False,True,False,False,True
8db275f39b511d15,2025,401757297,Jacksonville State,1,4.0,7.0,3.0,points_recovery,other,False,False,False,False,False,False
d464f0201c34d67f,2025,401757297,Jacksonville State,1,3.0,0.0,-3.0,points_reduction,category_possession_reassignment,False,False,False,False,False,True
9a92bad8cf279379,2025,401757297,UTEP,3,6.0,6.0,0.0,attribution_only,restoration_gt8,False,True,True,False,False,True
ccc078c39d2da538,2025,401757302,Kennesaw State,2,3.0,3.0,0.0,attribution_only,dip_restore,False,False,True,False,False,True
b6aafe43198eabc0,2025,401757302,Kennesaw State,2,6.0,6.0,0.0,attribution_only,dip_restore,False,False,True,False,False,True
6b0d60f265689d50,2025,401757303,Middle Tennessee,25,3.0,3.0,0.0,attribution_only,dip_restore,False,False,True,True,False,True
8faa2e6b740057cc,2025,401757303,Western Kentucky,3,0.0,14.0,14.0,points_recovery,incomplete_stream,True,True,True,False,False,True
d9d2cb7117de8e23,2025,401757305,Florida International,2,7.0,7.0,0.0,attribution_only,dip_restore,False,False,True,False,False,True
df4c257d325efc5a,2025,401757305,Jacksonville State,2,7.0,7.0,0.0,attribution_only,dip_restore,False,False,True,False,False,True
c920d397a28bbdd0,2025,401757310,Delaware,3,7.0,7.0,0.0,attribution_only,dip_restore,False,False,True,False,False,True
2e38d846698ffb39,2025,401757312,Western Kentucky,2,3.0,3.0,0.0,attribution_only,dip_restore,False,False,True,False,False,True
08d5002723a7650e,2025,401757313,Kennesaw State,2,7.0,7.0,0.0,attribution_only,dip_restore,False,False,True,False,False,True
dba120d65da35899,2025,401757313,Liberty,3,7.0,7.0,0.0,attribution_only,dip_restore,False,False,True,False,False,True
7f7a752df2226703,2025,401760357,San Diego State,4,14.0,14.0,0.0,attribution_only,dip_restore,False,False,True,False,False,True
7030d4d53bf183fc,2025,401760357,San Diego State,2,8.0,8.0,0.0,attribution_only,dip_restore,False,False,True,False,False,True
971327c18a130029,2025,401760361,Fresno State,2,7.0,7.0,0.0,attribution_only,dip_restore,False,False,True,False,False,True
d38c012011903302,2025,401760361,Georgia Southern,2,7.0,7.0,0.0,attribution_only,dip_restore,False,False,True,False,False,True
7065c0420bc4111f,2025,401760365,Sacramento State,2,7.0,7.0,0.0,attribution_only,dip_restore,False,False,True,False,False,True
d95a0ab53abf6566,2025,401760366,Idaho State,8,10.0,16.0,6.0,points_recovery,dip_restore,False,False,True,False,False,True
ed134b810c9e2047,2025,401760366,Idaho State,2,6.0,0.0,-6.0,points_reduction,category_possession_reassignment,False,False,False,False,False,True
ba2aafce119a90b6,2025,401760366,New Mexico,6,17.0,17.0,0.0,attribution_only,dip_restore,False,False,True,False,False,True
c233842571c71bc6,2025,401760366,New Mexico,2,7.0,7.0,0.0,attribution_only,dip_restore,False,False,True,False,False,True
f83b260f4c0df1cd,2025,401760367,Northern Iowa,3,7.0,7.0,0.0,attribution_only,dip_restore,False,False,True,False,False,True
85012683eeec0426,2025,401760368,Air Force,3,7.0,7.0,0.0,attribution_only,dip_restore,False,False,True,False,False,True
c302229913648346,2025,401760368,Air Force,23,6.0,6.0,0.0,attribution_only,dip_restore,False,False,True,True,False,True
ee081bf56e75252c,2025,401760368,Utah State,2,7.0,7.0,0.0,attribution_only,dip_restore,False,False,True,False,False,True
8e5d40b3d4dda84c,2025,401760368,Utah State,2,7.0,7.0,0.0,attribution_only,dip_restore,False,False,True,False,False,True
6aa3a14dfb27eb82,2025,401760370,Hawai_i,2,7.0,7.0,0.0,attribution_only,dip_restore,False,False,True,False,False,True
f76d436f6d8a5e54,2025,401760371,Idaho State,6,21.0,21.0,0.0,attribution_only,dip_restore,False,False,True,False,False,True
1783da169f92ae5d,2025,401760371,UNLV,2,7.0,7.0,0.0,attribution_only,restoration_gt8,False,True,True,False,False,True
1c9939f442e8793b,2025,401760371,UNLV,2,3.0,7.0,4.0,points_recovery,restoration_gt8,False,True,True,False,False,True
f8b8bd36c836760f,2025,401760373,Colorado State,2,6.0,6.0,0.0,attribution_only,dip_restore,False,False,True,False,False,True
5eb7dc4eeeeb8d0a,2025,401760375,San Jose State,2,7.0,7.0,0.0,attribution_only,dip_restore,False,False,True,False,False,True
7b1573e1f1274222,2025,401760375,San Jose State,2,3.0,3.0,0.0,attribution_only,dip_restore,False,False,True,False,False,True
dda82fcdefa89044,2025,401760376,Miami (OH),5,14.0,14.0,0.0,attribution_only,restoration_gt8,False,True,True,False,False,True
692754f23ce3f789,2025,401760376,UNLV,2,7.0,7.0,0.0,attribution_only,restoration_gt8,False,True,True,False,False,True
300384268c0802d9,2025,401760379,Appalachian State,4,14.0,14.0,0.0,attribution_only,dip_restore,False,False,True,False,False,True
d40350e8c903c0b8,2025,401760382,Colorado State,2,7.0,7.0,0.0,attribution_only,dip_restore,False,False,True,False,False,True
8012940f4d71ecdb,2025,401760384,New Mexico,2,3.0,3.0,0.0,attribution_only,dip_restore,False,False,True,False,False,True
033e29514b78b6ad,2025,401760385,UNLV,2,3.0,3.0,0.0,attribution_only,dip_restore,False,False,True,False,False,True
41f4b56fd6d169c0,2025,401760386,Air Force,2,7.0,7.0,0.0,attribution_only,dip_restore,False,False,True,False,False,True
3d02f2ddca14b960,2025,401760386,UNLV,2,3.0,3.0,0.0,attribution_only,dip_restore,False,False,True,False,False,True
3b5d86c029ff39f2,2025,401760386,UNLV,2,7.0,7.0,0.0,attribution_only,dip_restore,False,False,True,False,False,True
127cbef1ee45a914,2025,401760387,Boise State,2,7.0,7.0,0.0,attribution_only,dip_restore,False,False,True,False,False,True
8d5f9647a1827f59,2025,401760388,Fresno State,2,7.0,7.0,0.0,attribution_only,dip_restore,False,False,True,False,False,True
7033f24efcb75792,2025,401760390,Nevada,2,7.0,7.0,0.0,attribution_only,dip_restore,False,False,True,False,False,True
1c0523407d78d7c8,2025,401760391,San Jose State,2,7.0,7.0,0.0,attribution_only,dip_restore,False,False,True,False,False,True
ff1d96f43fc55d6a,2025,401760392,Air Force,4,11.0,11.0,0.0,attribution_only,dip_restore,False,False,True,False,False,True
f53967fcb38f2ef2,2025,401760392,Air Force,9,0.0,0.0,0.0,attribution_only,final_cap,False,False,False,True,False,True
1ab0466db077505b,2025,401760394,Hawai_i,2,7.0,7.0,0.0,attribution_only,dip_restore,False,False,True,False,False,True
6565e13a408a957d,2025,401760396,San Jose State,2,7.0,7.0,0.0,attribution_only,dip_restore,False,False,True,False,False,False
ca76a0e5d4af3464,2025,401760396,San Jose State,15,0.0,0.0,0.0,attribution_only,final_cap,False,False,False,True,False,True
758644c132c84aa3,2025,401760396,Utah State,13,0.0,0.0,0.0,attribution_only,final_cap,False,False,False,True,False,True
2e802539e6b7a13f,2025,401760397,Boise State,3,0.0,3.0,3.0,points_recovery,dip_restore,False,False,True,False,False,True
2b657e18f9cfc974,2025,401760397,Boise State,7,14.0,11.0,-3.0,points_reduction,dip_restore,False,False,True,False,False,True
c0d7901b8ee4fe19,2025,401760397,Nevada,3,3.0,3.0,0.0,attribution_only,dip_restore,False,False,True,False,False,True
f8075a5c104a1923,2025,401760399,San Diego State,2,7.0,7.0,0.0,attribution_only,category_possession_reassignment,False,False,False,False,False,True
cf520ae07107c57d,2025,401760403,Hawai_i,2,7.0,7.0,0.0,attribution_only,dip_restore,False,False,True,False,False,True
fb833b0938bc4b21,2025,401760404,UNLV,4,14.0,14.0,0.0,attribution_only,dip_restore,False,False,True,False,False,True
45a6af0b462285fe,2025,401760406,Air Force,2,7.0,7.0,0.0,attribution_only,dip_restore,False,False,True,False,False,True
2f340154241cc4b0,2025,401760409,Nevada,2,7.0,7.0,0.0,attribution_only,dip_restore,False,False,True,False,False,True
f639d49490a07f90,2025,401760409,Utah State,2,7.0,7.0,0.0,attribution_only,dip_restore,False,False,True,False,False,True
05c9eb5990635834,2025,401760410,Boise State,2,7.0,7.0,0.0,attribution_only,dip_restore,False,False,True,False,False,True
457a682e670d16ff,2025,401760411,Colorado State,2,3.0,3.0,0.0,attribution_only,dip_restore,False,False,True,False,False,True
2c50f9629e12d8b1,2025,401760411,New Mexico,4,10.0,10.0,0.0,attribution_only,dip_restore,False,False,True,False,False,True
fed7df1b2debaafc,2025,401760412,Fresno State,3,7.0,7.0,0.0,attribution_only,dip_restore,False,False,True,False,False,True
f871e46906444231,2025,401760412,Fresno State,2,7.0,7.0,0.0,attribution_only,dip_restore,False,False,True,False,False,False
0349e0495d724b33,2025,401760412,Wyoming,3,3.0,3.0,0.0,attribution_only,dip_restore,False,False,True,False,False,True
a322db9922cb427b,2025,401760416,Colorado State,2,7.0,7.0,0.0,attribution_only,dip_restore,False,False,True,False,False,True
12f69246fc5d7558,2025,401760417,Utah State,8,0.0,28.0,28.0,points_recovery,incomplete_stream,True,False,False,False,False,True
0317a0063cd697af,2025,401760423,Fresno State,2,7.0,7.0,0.0,attribution_only,dip_restore,False,False,True,False,False,True
93bc662268abbf92,2025,401760423,San Jose State,2,7.0,7.0,0.0,attribution_only,dip_restore,False,False,True,False,False,True
a19462f634648137,2025,401761588,Louisiana Monroe,2,6.0,6.0,0.0,attribution_only,dip_restore,False,False,True,False,False,True
6507946b0dfdb3fc,2025,401761589,Appalachian State,6,13.0,13.0,0.0,attribution_only,dip_restore,False,False,True,False,False,True
611c45c84fbc3f4f,2025,401761589,Charlotte,2,3.0,3.0,0.0,attribution_only,dip_restore,False,False,True,False,False,True
87556fb31a54a356,2025,401761589,Charlotte,10,0.0,0.0,0.0,attribution_only,final_cap,False,False,False,True,False,True
2f4a05f6b20b2b6e,2025,401761590,James Madison,2,7.0,7.0,0.0,attribution_only,dip_restore,False,False,True,False,False,True
14fa451cd29b261e,2025,401761590,Weber State,2,7.0,7.0,0.0,attribution_only,dip_restore,False,False,True,False,False,True
06c746b8e528c839,2025,401761591,Arkansas State,3,7.0,7.0,0.0,attribution_only,restoration_gt8,False,True,True,False,False,True
c97c2ec351077439,2025,401761591,Southeast Missouri State,2,0.0,7.0,7.0,points_recovery,dip_restore,False,False,True,False,False,True
20349e21425a5ad8,2025,401761591,Southeast Missouri State,1,7.0,0.0,-7.0,points_reduction,category_possession_reassignment,False,False,False,False,False,True
c5fc42f824dc0a85,2025,401761593,South Alabama,4,7.0,7.0,0.0,attribution_only,dip_restore,False,False,True,False,False,True
36ca9a973877e404,2025,401761594,Texas State,2,7.0,7.0,0.0,attribution_only,dip_restore,False,False,True,False,False,False
d6110b29728ea9bd,2025,401761596,Lindenwood,2,7.0,7.0,0.0,attribution_only,dip_restore,False,False,True,False,False,True
16316f43f55b6501,2025,401761597,Coastal Carolina,2,3.0,3.0,0.0,attribution_only,dip_restore,False,False,True,False,False,True
957c0df50f51f158,2025,401761598,Georgia State,5,0.0,16.0,16.0,points_recovery,incomplete_stream,True,True,True,False,False,True
df6904dfc359f0ef,2025,401761598,Memphis,7,14.0,28.0,14.0,points_recovery,dip_restore,False,False,True,False,False,True
f7de7798571722fe,2025,401761598,Memphis,2,14.0,0.0,-14.0,points_reduction,category_possession_reassignment,False,False,False,False,False,True
3e6cf3fceacc8e3b,2025,401761601,South Alabama,2,7.0,7.0,0.0,attribution_only,dip_restore,False,False,True,False,False,True
2a225ee180afc5a0,2025,401761602,Jackson State,2,3.0,3.0,0.0,attribution_only,dip_restore,False,False,True,False,False,True
c887604441a52a14,2025,401761603,Texas State,2,7.0,7.0,0.0,attribution_only,dip_restore,False,False,True,False,False,True
3caba4c94e6c7f8e,2025,401761607,Appalachian State,2,8.0,8.0,0.0,attribution_only,dip_restore,False,False,True,False,False,True
57eabd5fd172349b,2025,401761615,Louisiana,2,3.0,3.0,0.0,attribution_only,dip_restore,False,False,True,False,False,True
d5954f1ea4e73157,2025,401761615,Marshall,11,0.0,51.0,51.0,points_recovery,incomplete_stream,True,True,True,False,False,True
4c7f8904f3b36737,2025,401761616,Arkansas State,1,0.0,3.0,3.0,points_recovery,dip_restore,False,False,True,False,False,False
068cf0989e2f6681,2025,401761616,Arkansas State,12,3.0,0.0,-3.0,points_reduction,final_cap,False,False,False,True,False,True
e9bbf57ebfbb77e5,2025,401761617,South Alabama,2,7.0,7.0,0.0,attribution_only,dip_restore,False,False,True,False,False,True
b18df8e9a1f5504d,2025,401761620,Arkansas State,3,7.0,7.0,0.0,attribution_only,dip_restore,False,False,True,False,False,False
b30b2f5139ce8f2a,2025,401761620,Arkansas State,2,7.0,7.0,0.0,attribution_only,dip_restore,False,False,True,False,False,True
54c55474ecaa7c2e,2025,401761620,Texas State,6,0.0,0.0,0.0,attribution_only,final_cap,False,False,False,True,False,True
7d5627b642b729ca,2025,401761621,South Alabama,5,0.0,24.0,24.0,points_recovery,incomplete_stream,True,True,True,False,False,True
242599f3e8c52652,2025,401761621,Troy,5,0.0,31.0,31.0,points_recovery,incomplete_stream,True,True,True,False,False,True
ff7cf54a4396f949,2025,401761622,Georgia Southern,2,7.0,7.0,0.0,attribution_only,dip_restore,False,False,True,False,False,True
38220b3fe7a9f19e,2025,401761622,Georgia Southern,2,7.0,7.0,0.0,attribution_only,dip_restore,False,False,True,False,False,True
2c1454822c205a89,2025,401761622,Southern Mississippi,2,7.0,7.0,0.0,attribution_only,dip_restore,False,False,True,False,False,True
daba25d8645440e9,2025,401761626,Marshall,10,0.0,48.0,48.0,points_recovery,incomplete_stream,True,True,False,False,False,True
5abf8383d30c9dba,2025,401761627,Texas State,9,0.0,41.0,41.0,points_recovery,incomplete_stream,True,True,True,False,False,True
427072eb85013417,2025,401761627,Troy,11,0.0,48.0,48.0,points_recovery,incomplete_stream,True,True,True,False,False,True
654a2fefab89d114,2025,401761628,Arkansas State,26,0.0,0.0,0.0,attribution_only,final_cap,False,False,False,True,False,True
78715b91188eb59f,2025,401761628,South Alabama,2,7.0,7.0,0.0,attribution_only,dip_restore,False,False,True,False,False,True
d46311286b841eb5,2025,401761629,Appalachian State,2,3.0,3.0,0.0,attribution_only,dip_restore,False,False,True,False,False,True
a8f3ce1c5b1b1673,2025,401761630,Georgia Southern,2,3.0,3.0,0.0,attribution_only,dip_restore,False,False,True,False,False,True
0b17052211142743,2025,401761630,Georgia State,2,7.0,7.0,0.0,attribution_only,dip_restore,False,False,True,False,False,True
cb31f1e6033bf718,2025,401761631,James Madison,10,0.0,63.0,63.0,points_recovery,incomplete_stream,True,True,False,False,False,True
944906a9f92aa28b,2025,401761632,Marshall,12,0.0,40.0,40.0,points_recovery,incomplete_stream,True,True,True,False,False,True
945b4e413bca14a3,2025,401761632,Texas State,10,0.0,37.0,37.0,points_recovery,incomplete_stream,True,True,True,False,False,True
8e79f03a73e74688,2025,401761633,Troy,2,7.0,7.0,0.0,attribution_only,dip_restore,False,False,True,False,False,True
a46e2fa73c1dc12d,2025,401761634,South Alabama,2,7.0,7.0,0.0,attribution_only,category_possession_reassignment,False,False,False,False,False,True
602e4accd384bcbf,2025,401761635,Appalachian State,2,7.0,7.0,0.0,attribution_only,dip_restore,False,False,True,False,False,True
4ae7736dbd24627f,2025,401761635,Old Dominion,2,3.0,3.0,0.0,attribution_only,dip_restore,False,False,True,False,False,True
58943ae51a321290,2025,401761636,Arkansas State,2,7.0,7.0,0.0,attribution_only,dip_restore,False,False,True,False,False,True
c63bf561eb8f460b,2025,401761636,Georgia Southern,2,7.0,7.0,0.0,attribution_only,dip_restore,False,False,True,False,False,True
322f1dc6a4587ed6,2025,401761639,Texas State,2,7.0,7.0,0.0,attribution_only,dip_restore,False,False,True,False,False,True
f37f42642378ff2c,2025,401761640,Marshall,2,3.0,3.0,0.0,attribution_only,dip_restore,False,False,True,False,False,True
617b3ac527b1894a,2025,401761646,James Madison,2,7.0,7.0,0.0,attribution_only,dip_restore,False,False,True,False,False,True
1d99237518b8824b,2025,401761647,Southern Mississippi,2,7.0,7.0,0.0,attribution_only,dip_restore,False,False,True,False,False,True
c5cab97857994c31,2025,401761649,Old Dominion,2,3.0,3.0,0.0,attribution_only,dip_restore,False,False,True,False,False,True
2cfc60302ffda2ae,2025,401761651,Georgia State,3,5.0,5.0,0.0,attribution_only,dip_restore,False,False,True,True,False,True
d240645ed4212dc9,2025,401761654,Texas State,2,7.0,7.0,0.0,attribution_only,category_possession_reassignment,False,False,False,False,False,True
fa6b475c850c06c9,2025,401761655,Louisiana,2,7.0,7.0,0.0,attribution_only,restoration_gt8,False,True,True,False,False,True
8acaec6f2a6242d2,2025,401761655,Louisiana,4,0.0,20.0,20.0,points_recovery,incomplete_stream,True,True,True,False,False,True
fb6e69d6198d5ff4,2025,401761656,Appalachian State,2,3.0,3.0,0.0,attribution_only,dip_restore,False,False,True,False,False,True
fee7845c69abc021,2025,401761660,Georgia State,2,6.0,6.0,0.0,attribution_only,dip_restore,False,False,True,False,False,False
204c3535402d074c,2025,401761662,James Madison,4,15.0,15.0,0.0,attribution_only,dip_restore,False,False,True,False,False,True
edd78fd827d2c87c,2025,401761667,Texas State,8,25.0,25.0,0.0,attribution_only,dip_restore,False,False,True,False,False,True
54cc9f2e9d69901a,2025,401761667,Texas State,2,7.0,7.0,0.0,attribution_only,dip_restore,False,False,True,False,False,True
b9f7f491631f44ac,2025,401762456,Temple,2,7.0,7.0,0.0,attribution_only,dip_restore,False,False,True,False,False,True
b496ac9b2a1bf8c9,2025,401762456,UMass,2,7.0,7.0,0.0,attribution_only,dip_restore,False,False,True,False,False,True
604c3cecda8eef5b,2025,401762457,Tulsa,2,3.0,3.0,0.0,attribution_only,dip_restore,False,False,True,False,False,True
cabb207fa8d49664,2025,401762458,Navy,4,10.0,10.0,0.0,attribution_only,dip_restore,False,False,True,False,False,True
0530bdaf7bbd1579,2025,401762458,UAB,2,3.0,3.0,0.0,attribution_only,dip_restore,False,False,True,False,False,True
9d38567dea2c73ba,2025,401762459,East Carolina,2,7.0,7.0,0.0,attribution_only,dip_restore,False,False,True,False,False,True
42eaa7717df70b8b,2025,401762461,North Texas,4,0.0,17.0,17.0,points_recovery,incomplete_stream,True,True,True,False,False,True
350713f22a64ffc5,2025,401762461,Western Michigan,9,0.0,30.0,30.0,points_recovery,incomplete_stream,True,True,True,False,False,True
7d8b3f4b8dfc3892,2025,401762462,Temple,2,7.0,7.0,0.0,attribution_only,dip_restore,False,False,True,False,False,True
50758dd12e28684c,2025,401762463,UAB,2,7.0,7.0,0.0,attribution_only,dip_restore,False,False,True,False,False,True
577f81b671701f53,2025,401762464,Monmouth,2,7.0,7.0,0.0,attribution_only,dip_restore,False,False,True,False,False,True
f8e7894090c616dd,2025,401762467,UT San Antonio,2,3.0,3.0,0.0,attribution_only,dip_restore,False,False,True,False,False,True
2b9a6dfc089ac43e,2025,401762470,South Carolina State,2,7.0,7.0,0.0,attribution_only,dip_restore,False,False,True,False,False,True
1207f43657bc161e,2025,401762471,East Carolina,2,7.0,7.0,0.0,attribution_only,dip_restore,False,False,True,False,False,True
680a44bfd1d439e1,2025,401762472,Florida Atlantic,1,0.0,7.0,7.0,points_recovery,dip_restore,False,False,True,False,False,False
3a0e203c62f1c195,2025,401762472,Florida Atlantic,1,7.0,0.0,-7.0,points_reduction,category_possession_reassignment,False,False,False,False,False,True
208c38cff993d98d,2025,401762472,Memphis,2,3.0,3.0,0.0,attribution_only,dip_restore,False,False,True,False,False,True
84a7222c039a9826,2025,401762473,Rice,2,3.0,3.0,0.0,attribution_only,dip_restore,False,False,True,False,False,True
242b13c05cd8438c,2025,401762475,South Florida,2,7.0,7.0,0.0,attribution_only,dip_restore,False,False,True,False,False,True
ef3296e1bebc5464,2025,401762476,Army,2,3.0,3.0,0.0,attribution_only,dip_restore,False,False,True,False,False,True
25c13e0acd5b34ea,2025,401762481,South Florida,2,7.0,7.0,0.0,attribution_only,dip_restore,False,False,True,False,False,True
fcbe2a3b70fcbaff,2025,401762482,Florida Atlantic,2,7.0,7.0,0.0,attribution_only,dip_restore,False,False,True,False,False,True
363e71937f03ffe7,2025,401762484,Navy,1,0.0,0.0,0.0,attribution_only,final_cap,False,False,False,True,False,True
85e0dabadad93d99,2025,401762485,UT San Antonio,2,9.0,9.0,0.0,attribution_only,other,False,False,False,False,False,False
a73629430ceb7cb6,2025,401762489,Temple,3,7.0,14.0,7.0,points_recovery,restoration_gt8,False,True,True,False,False,True
26ae2b533f6b66c0,2025,401762491,North Texas,2,7.0,7.0,0.0,attribution_only,dip_restore,False,False,True,False,False,True
74adc63b26ee71e7,2025,401762491,North Texas,2,7.0,7.0,0.0,attribution_only,dip_restore,False,False,True,False,False,True
bbe9d21a4083ba83,2025,401762493,Florida Atlantic,2,7.0,7.0,0.0,attribution_only,category_possession_reassignment,False,False,False,False,False,True
9cf945ccd287abdd,2025,401762494,Memphis,2,7.0,7.0,0.0,attribution_only,dip_restore,False,False,True,False,False,True
b755aa7054bdb056,2025,401762495,Temple,2,7.0,7.0,0.0,attribution_only,dip_restore,False,False,True,False,False,True
76ec407b409e19be,2025,401762500,UT San Antonio,2,3.0,3.0,0.0,attribution_only,dip_restore,False,False,True,False,False,True
130cb6cae929b3bf,2025,401762501,Memphis,2,3.0,3.0,0.0,attribution_only,dip_restore,False,False,True,False,False,True
c14c40c1d2c45ba6,2025,401762506,North Texas,2,7.0,7.0,0.0,attribution_only,category_possession_reassignment,False,False,False,False,False,True
55023795a93024f3,2025,401762506,North Texas,2,8.0,8.0,0.0,attribution_only,category_possession_reassignment,False,False,False,False,False,True
d6ee50aab2024ecc,2025,401762508,East Carolina,4,10.0,10.0,0.0,attribution_only,dip_restore,False,False,True,False,False,True
4c70dafd1a31e1ce,2025,401762508,Memphis,2,3.0,3.0,0.0,attribution_only,dip_restore,False,False,True,False,False,True
6d57e15c87193ec8,2025,401762508,Memphis,2,3.0,3.0,0.0,attribution_only,dip_restore,False,False,True,False,False,False
b4c57141ea5a22f7,2025,401762510,Navy,3,7.0,7.0,0.0,attribution_only,dip_restore,False,False,True,False,False,True
bb188f48e8e0019a,2025,401762510,South Florida,3,3.0,3.0,0.0,attribution_only,dip_restore,False,False,True,False,False,True
c036c68af42437e1,2025,401762512,Army,4,0.0,18.0,18.0,points_recovery,incomplete_stream,True,True,False,False,False,True
ed500cffcc82fc94,2025,401762514,North Texas,2,7.0,7.0,0.0,attribution_only,category_possession_reassignment,False,False,False,False,False,True
3bf12393c7bcdefd,2025,401762514,Rice,2,7.0,7.0,0.0,attribution_only,category_possession_reassignment,False,False,False,False,False,True
522b3d6bedb9afcf,2025,401762515,Tulane,2,3.0,3.0,0.0,attribution_only,dip_restore,False,False,True,False,False,True
fb01e04a6088844d,2025,401762516,Memphis,2,3.0,3.0,0.0,attribution_only,dip_restore,False,False,True,False,False,True
61c83a365238a011,2025,401762517,Tulsa,2,7.0,7.0,0.0,attribution_only,category_possession_reassignment,False,False,False,False,False,True
ceb3ea5aa8984e75,2025,401762522,South Florida,2,7.0,7.0,0.0,attribution_only,dip_restore,False,False,True,False,False,True
8a0e931fd912d926,2025,401762792,Kent State,4,7.0,14.0,7.0,points_recovery,dip_restore,False,False,True,False,False,True
bc77ea211731528f,2025,401762792,Merrimack,4,6.0,6.0,0.0,attribution_only,restoration_gt8,False,True,True,False,False,True
a1c98d09b4baa6c7,2025,401762793,Holy Cross,2,3.0,3.0,0.0,attribution_only,dip_restore,False,False,True,False,False,True
7df0a82365b775c5,2025,401762793,Northern Illinois,2,7.0,7.0,0.0,attribution_only,dip_restore,False,False,True,False,False,True
2bd2492c6218c77d,2025,401762794,Buffalo,2,3.0,3.0,0.0,attribution_only,dip_restore,False,False,True,False,False,True
bdf576b92ed49dcd,2025,401762794,Buffalo,2,7.0,7.0,0.0,attribution_only,dip_restore,False,False,True,False,False,True
5ed463ca602cf935,2025,401762794,Buffalo,4,14.0,14.0,0.0,attribution_only,dip_restore,False,False,True,False,False,True
9d881a2d8bd95c12,2025,401762794,Saint Francis,2,6.0,6.0,0.0,attribution_only,dip_restore,False,False,True,False,False,True
b74a97e9d8fe0fb6,2025,401762795,Eastern Michigan,7,10.0,23.0,13.0,points_recovery,incomplete_stream,True,True,True,False,False,True
f5f6897744e7a64e,2025,401762795,Long Island University,8,14.0,28.0,14.0,points_recovery,incomplete_stream,True,True,True,False,False,True
05fce2ea902d7142,2025,401762816,Bryant,9,24.0,27.0,3.0,points_recovery,dip_restore,False,False,True,False,False,True
beae065e627c6118,2025,401762816,UMass,7,0.0,26.0,26.0,points_recovery,incomplete_stream,True,True,True,False,False,True
aee4623f1e36d67f,2025,401762818,Ball State,4,13.0,13.0,0.0,attribution_only,dip_restore,False,False,True,False,False,True
b974507a193cc98f,2025,401762818,New Hampshire,2,7.0,7.0,0.0,attribution_only,dip_restore,False,False,True,False,False,True
356b53bc6b30061b,2025,401762821,Akron,2,7.0,7.0,0.0,attribution_only,dip_restore,False,False,True,False,False,True
4e99e0a47916aae7,2025,401762823,Gardner-Webb,2,7.0,7.0,0.0,attribution_only,dip_restore,False,False,True,False,False,True
16b194f577499aa5,2025,401762826,Central Michigan,2,7.0,7.0,0.0,attribution_only,dip_restore,False,False,True,False,False,True
98548621011bc38e,2025,401762829,Akron,10,7.0,7.0,0.0,attribution_only,dip_restore,False,False,True,True,False,True
5c1ea8a82ec38339,2025,401762829,Central Michigan,2,3.0,3.0,0.0,attribution_only,dip_restore,False,False,True,False,False,True
86a03317d1abb292,2025,401762829,Central Michigan,2,0.0,0.0,0.0,attribution_only,final_cap,False,False,False,True,False,True
16765004104c9027,2025,401762830,Ball State,2,8.0,8.0,0.0,attribution_only,dip_restore,False,False,True,False,False,True
20e8231d6c4cdfc4,2025,401762830,Ohio,2,7.0,7.0,0.0,attribution_only,dip_restore,False,False,True,False,False,True
a46d6b6990a3fb38,2025,401762831,Buffalo,6,0.0,31.0,31.0,points_recovery,incomplete_stream,True,True,True,False,False,True
ce25f8de07a8424c,2025,401762831,Eastern Michigan,7,0.0,30.0,30.0,points_recovery,incomplete_stream,True,True,True,False,False,True
040cee2dc9d65250,2025,401762833,Miami (OH),2,3.0,3.0,0.0,attribution_only,dip_restore,False,False,True,False,False,True
96b578a0827f4eac,2025,401762835,Bowling Green,2,7.0,7.0,0.0,attribution_only,dip_restore,False,False,True,False,False,True
a8d5d26275db52f0,2025,401762835,Bowling Green,2,7.0,7.0,0.0,attribution_only,dip_restore,False,False,True,False,False,True
928c959e83adf763,2025,401762837,Kent State,2,14.0,14.0,0.0,attribution_only,other,False,False,False,False,False,False
d1a31d08de29d9a8,2025,401762837,UMass,2,3.0,3.0,0.0,attribution_only,dip_restore,False,False,True,False,False,True
93bb7a21c4670d1d,2025,401762838,Akron,2,7.0,7.0,0.0,attribution_only,dip_restore,False,False,True,False,False,True
1a0bbfbd15c5d09d,2025,401762838,Ball State,2,7.0,7.0,0.0,attribution_only,dip_restore,False,False,True,False,False,True
b45cb328d8bd2641,2025,401762838,Ball State,19,0.0,0.0,0.0,attribution_only,final_cap,False,False,False,True,False,True
456c24200ae70a2a,2025,401762839,Bowling Green,2,3.0,3.0,0.0,attribution_only,dip_restore,False,False,True,False,False,True
b98357660eee81ff,2025,401762839,Central Michigan,2,7.0,7.0,0.0,attribution_only,dip_restore,False,False,True,False,False,True
b7e55ec25ac0f707,2025,401762839,Central Michigan,4,10.0,10.0,0.0,attribution_only,dip_restore,False,False,True,False,False,True
169a4ac6baee707e,2025,401762843,Ohio,10,25.0,48.0,23.0,points_recovery,incomplete_stream,True,True,True,False,False,True
1c7eb6e6cac2ba87,2025,401762844,Buffalo,2,8.0,8.0,0.0,attribution_only,dip_restore,False,False,True,False,False,False
9caabef84b478ba7,2025,401762847,Central Michigan,2,7.0,7.0,0.0,attribution_only,dip_restore,False,False,True,False,False,True
5368895232ba69e5,2025,401762847,UMass,2,7.0,7.0,0.0,attribution_only,dip_restore,False,False,True,False,False,True
fae963677b3b5126,2025,401762849,Bowling Green,2,3.0,3.0,0.0,attribution_only,dip_restore,False,False,True,False,False,True
c6ab2020f6367d5d,2025,401762852,Ohio,2,7.0,7.0,0.0,attribution_only,dip_restore,False,False,True,False,False,True
cc08b5af4b131a63,2025,401762854,Northern Illinois,2,3.0,3.0,0.0,attribution_only,dip_restore,False,False,True,False,False,True
2d85505b71302795,2025,401762860,Miami (OH),2,3.0,3.0,0.0,attribution_only,dip_restore,False,False,True,False,False,True
5b704bd8e68db65d,2025,401762861,Eastern Michigan,2,7.0,7.0,0.0,attribution_only,dip_restore,False,False,True,False,False,True
5b4a1dc721702cf3,2025,401762862,Akron,2,7.0,7.0,0.0,attribution_only,category_possession_reassignment,False,False,False,False,False,True
c0328655d2b97559,2025,401762867,Toledo,2,7.0,7.0,0.0,attribution_only,dip_restore,False,False,True,False,False,True
ee1d17df8c1a7d59,2025,401762871,Kent State,2,3.0,3.0,0.0,attribution_only,dip_restore,False,False,True,False,False,True
4a7ccc5e79cc6405,2025,401762875,Ball State,2,7.0,7.0,0.0,attribution_only,dip_restore,False,False,True,False,False,True
32b4661627ee4a99,2025,401766898,Bethune-Cookman,2,3.0,3.0,0.0,attribution_only,dip_restore,False,False,True,False,False,True
c6ef1f22d72d4c8d,2025,401766898,Florida International,4,14.0,14.0,0.0,attribution_only,dip_restore,False,False,True,False,False,True
8f38a9bf51a256ca,2025,401769071,Oregon,2,3.0,3.0,0.0,attribution_only,dip_restore,False,False,True,False,False,True
56c3e1958566319f,2025,401769072,Indiana,2,7.0,7.0,0.0,attribution_only,dip_restore,False,False,True,False,False,True
2a850d5cc3e5c29e,2025,401769073,Georgia,2,7.0,7.0,0.0,attribution_only,dip_restore,False,False,True,False,False,True
4b0a6488dd0c7890,2025,401769074,Indiana,2,7.0,7.0,0.0,attribution_only,restoration_gt8,False,True,False,False,False,True
72ede449aba2879c,2025,401769074,Indiana,5,0.0,35.0,35.0,points_recovery,incomplete_stream,True,True,True,False,False,True
584d8d84bd4fb66d,2025,401769075,Miami,2,3.0,3.0,0.0,attribution_only,dip_restore,False,False,True,False,False,True
eeb46738f14d8593,2025,401769076,Indiana,2,3.0,3.0,0.0,attribution_only,dip_restore,False,False,True,False,False,True
e3cc14f36fdd0d60,2025,401777324,Tulane,2,7.0,7.0,0.0,attribution_only,dip_restore,False,False,True,False,False,True
98a142af5c7be17c,2025,401777325,Jacksonville State,2,7.0,7.0,0.0,attribution_only,dip_restore,False,False,True,False,False,False
3f9e0ce4bd7f93e3,2025,401778302,Boise State,2,0.0,0.0,0.0,attribution_only,final_cap,False,False,False,True,False,True
973a34294027a3a5,2025,401778302,Washington,2,3.0,3.0,0.0,attribution_only,dip_restore,False,False,True,False,False,True
71d7a25facc6234a,2025,401778302,Washington,2,7.0,7.0,0.0,attribution_only,category_possession_reassignment,False,False,False,False,False,True
f1b1b7bc8a93037e,2025,401778308,Washington State,2,7.0,7.0,0.0,attribution_only,dip_restore,False,False,True,False,False,True
7ab5ef0d37e19556,2025,401778310,Southern Mississippi,8,16.0,16.0,0.0,attribution_only,dip_restore,False,False,True,False,False,True
a78b1eaff813f200,2025,401778315,Florida International,2,6.0,6.0,0.0,attribution_only,dip_restore,False,False,True,False,False,True
73b3963f85ec8e2f,2025,401778315,UT San Antonio,2,2.0,2.0,0.0,attribution_only,dip_restore,False,False,True,False,True,True
90ce0b4d6e3ae616,2025,401778321,North Texas,7,0.0,49.0,49.0,points_recovery,incomplete_stream,True,True,True,False,False,True
aa0c94ea7a712c35,2025,401778323,Houston,2,7.0,7.0,0.0,attribution_only,dip_restore,False,False,True,False,False,True
78c47b19da161fe7,2025,401778325,Coastal Carolina,2,7.0,7.0,0.0,attribution_only,dip_restore,False,False,True,False,False,True
9c81e7f08377a8d5,2025,401778327,TCU,2,6.0,6.0,0.0,attribution_only,category_possession_reassignment,False,False,False,False,False,True
c4184afdb76d4c56,2025,401778327,USC,2,3.0,3.0,0.0,attribution_only,category_possession_reassignment,False,False,False,False,False,True
5368cd29496689a5,2025,401778328,Iowa,2,7.0,7.0,0.0,attribution_only,category_possession_reassignment,False,False,False,False,False,True
c37f5f39e02e628e,2025,401778328,Vanderbilt,6,0.0,27.0,27.0,points_recovery,incomplete_stream,True,False,False,False,False,True
62c0c136f9436f5d,2025,401778329,Duke,2,7.0,7.0,0.0,attribution_only,category_possession_reassignment,False,False,False,False,False,True
1eff74987f6b4822,2025,401778333,Navy,2,7.0,7.0,0.0,attribution_only,dip_restore,False,False,True,False,False,True
8f6cd61f291d7896,2025,401778334,Mississippi State,2,8.0,8.0,0.0,attribution_only,dip_restore,False,False,True,False,False,True
49552f0f7a46f2ee,2025,401779843,Oregon,4,14.0,14.0,0.0,attribution_only,dip_restore,False,False,True,False,False,True
