group_id,season,game_id,team,channel,primary_cause,net_points,status,decision,evidence_source,event_ids
000487b47e74ba4a,2016,400869264,Ohio,points_recovery,incomplete_stream,16.0,game_unusable,reverted_unverified,cfbd_drives_5a,"[""2016:400869264:34:17"", ""2016:400869264:34:30"", ""2016:400869264:34:33""]"
000c57fbc3d48cb6,2024,401643720,UNLV,attribution_only,dip_restore,0.0,game_unusable,reverted_unverified,cfbd_drives_5a,"[""2024:401643720:22:2"", ""2024:401643720:23:6""]"
00103ad646f577e7,2021,401310734,Nevada,attribution_only,dip_restore,0.0,corroborated,admitted,cfbd_drives_5a,"[""2021:401310734:1:6"", ""2021:401310734:2:1""]"
0026d5366f7a356c,2016,400869231,Fresno State,attribution_only,dip_restore,0.0,corroborated,admitted,cfbd_drives_5a,"[""2016:400869231:16:7"", ""2016:400869231:17:1""]"
0040bac52d18ebb0,2024,401643753,UNLV,attribution_only,dip_restore,0.0,game_unusable,reverted_unverified,cfbd_drives_5a,"[""2024:401643753:10:1"", ""2024:401643753:20:12"", ""2024:401643753:4:3"", ""2024:401643753:5:1""]"
0045d0f2efb4d7cd,2023,401523998,Oklahoma State,attribution_only,dip_restore,0.0,corroborated,admitted,cfbd_drives_5a,"[""2023:401523998:14:6"", ""2023:401523998:15:1""]"
005699acdc9100c8,2023,401520213,Austin Peay,points_reduction,category_possession_reassignment,-3.0,game_unusable,reverted_unverified,cfbd_drives_5a,"[""2023:401520213:9:13""]"
009a2092b7c06d62,2025,401754536,Old Dominion,attribution_only,dip_restore,0.0,corroborated,admitted,cfbd_drives_5a,"[""2025:401754536:5:6"", ""2025:401754536:6:1""]"
00b1da56a781637f,2023,401531834,Georgia State,attribution_only,dip_restore,0.0,game_unusable,reverted_unverified,cfbd_drives_5a,"[""2023:401531834:18:1"", ""2023:401531834:19:4"", ""2023:401531834:20:2""]"
00be1384dc94b2fe,2023,401520256,Akron,attribution_only,category_possession_reassignment,0.0,indistinguishable_at_drive_level,reverted_unverified,cfbd_drives_5a,"[""2023:401520256:30:1"", ""2023:401520256:31:1""]"
00beb11fa62b8ccb,2022,401405117,Purdue,attribution_only,dip_restore,0.0,corroborated,admitted,cfbd_drives_5a,"[""2022:401405117:19:13"", ""2022:401405117:20:1""]"
00cdb69b962212e5,2023,401525895,Iowa State,attribution_only,dip_restore,0.0,game_unusable,reverted_unverified,cfbd_drives_5a,"[""2023:401525895:15:1"", ""2023:401525895:18:5""]"
00edc931fc79cd14,2023,401531897,Georgia State,attribution_only,dip_restore,0.0,corroborated,admitted,cfbd_drives_5a,"[""2023:401531897:7:1"", ""2023:401531897:8:1""]"
00f00377f69b893b,2015,400757061,Oregon,attribution_only,dip_restore,0.0,game_unusable,reverted_unverified,cfbd_drives_5a,"[""2015:400757061:11:9"", ""2015:400757061:12:1""]"
011a185cd50cd418,2021,401309578,Buffalo,attribution_only,dip_restore,0.0,game_unusable,reverted_unverified,cfbd_drives_5a,"[""2021:401309578:10:13"", ""2021:401309578:11:1"", ""2021:401309578:11:4"", ""2021:401309578:12:1"", ""2021:401309578:12:6"", ""2021:401309578:13:1"", ""2021:401309578:13:7"", ""2021:401309578:14:1"", ""2021:401309578:14:3"", ""2021:401309578:15:19"", ""2021:401309578:15:2"", ""2021:401309578:16:2"", ""2021:401309578:17:11"", ""2021:401309578:1:12"", ""2021:401309578:21:11"", ""2021:401309578:22:2"", ""2021:401309578:6:24"", ""2021:401309578:7:1""]"
012a557c9b9f3086,2024,401677093,USC,attribution_only,dip_restore,0.0,game_unusable,reverted_unverified,cfbd_drives_5a,"[""2024:401677093:17:3"", ""2024:401677093:18:1""]"
01535bdcd8c07d91,2022,401416634,Northern Illinois,attribution_only,dip_restore,0.0,corroborated,admitted,cfbd_drives_5a,"[""2022:401416634:16:12"", ""2022:401416634:17:1"", ""2022:401416634:18:5"", ""2022:401416634:19:1"", ""2022:401416634:19:5"", ""2022:401416634:20:1""]"
017105784b7ee783,2018,401013166,Syracuse,attribution_only,dip_restore,0.0,corroborated,admitted,cfbd_drives_5a,"[""2018:401013166:12:4"", ""2018:401013166:13:1""]"
018b11b0e4e05560,2015,400787470,Idaho,attribution_only,dip_restore,0.0,corroborated,admitted,cfbd_drives_5a,"[""2015:400787470:11:13"", ""2015:400787470:12:1""]"
018fcbcdd0167324,2023,401520293,Missouri,attribution_only,dip_restore,0.0,corroborated,admitted,cfbd_drives_5a,"[""2023:401520293:4:15"", ""2023:401520293:5:1""]"
0191224d0f28d555,2024,401644746,Ohio,attribution_only,dip_restore,0.0,game_unusable,reverted_unverified,cfbd_drives_5a,"[""2024:401644746:1:7"", ""2024:401644746:2:1""]"
01b7debd0884b3ac,2024,401677098,East Carolina,attribution_only,dip_restore,0.0,game_unusable,reverted_unverified,cfbd_drives_5a,"[""2024:401677098:8:14"", ""2024:401677098:9:1""]"
01c32da14ef1217e,2022,401426614,Middle Tennessee,attribution_only,dip_restore,0.0,corroborated,admitted,cfbd_drives_5a,"[""2022:401426614:10:1"", ""2022:401426614:9:10""]"
01c3ae4e702fd442,2022,401416609,Akron,points_recovery,incomplete_stream,21.0,game_unusable,reverted_unverified,cfbd_drives_5a,"[""2022:401416609:13:1"", ""2022:401416609:17:1"", ""2022:401416609:1:1"", ""2022:401416609:2:6"", ""2022:401416609:4:1"", ""2022:401416609:5:1""]"
01def0cf8e8e330a,2021,401282058,Auburn,attribution_only,dip_restore,0.0,corroborated,admitted,cfbd_drives_5a,"[""2021:401282058:7:13"", ""2021:401282058:8:1""]"
01fc473366006e13,2024,401643810,Georgia State,attribution_only,dip_restore,0.0,corroborated,admitted,cfbd_drives_5a,"[""2024:401643810:6:10"", ""2024:401643810:7:1""]"
021597dc2020a417,2025,401757261,Arkansas State,points_recovery,dip_restore,7.0,game_unusable,reverted_unverified,cfbd_drives_5a,"[""2025:401757261:15:1""]"
02329ad911dc390c,2016,400869280,Eastern Michigan,attribution_only,dip_restore,0.0,game_unusable,reverted_unverified,cfbd_drives_5a,"[""2016:400869280:17:4"", ""2016:400869280:19:1""]"
0234726646692bac,2025,401757228,Marshall,attribution_only,dip_restore,0.0,game_unusable,reverted_unverified,cfbd_drives_5a,"[""2025:401757228:10:9"", ""2025:401757228:14:4""]"
024385e08fb1646b,2021,401309559,Ball State,attribution_only,dip_restore,0.0,game_unusable,reverted_unverified,cfbd_drives_5a,"[""2021:401309559:20:3"", ""2021:401309559:21:1""]"
0265c3e0a2af58f1,2023,401531404,SMU,attribution_only,dip_restore,0.0,corroborated,admitted,cfbd_drives_5a,"[""2023:401531404:18:11"", ""2023:401531404:19:1""]"
0289c0aafbaec560,2016,400869020,Vanderbilt,attribution_only,dip_restore,0.0,game_unusable,reverted_unverified,cfbd_drives_5a,"[""2016:400869020:13:1"", ""2016:400869020:15:1""]"
02a9188d40cdc00e,2023,401525890,West Virginia,attribution_only,dip_restore,0.0,game_unusable,reverted_unverified,cfbd_drives_5a,"[""2023:401525890:16:14"", ""2023:401525890:17:1""]"
02ccfb6bebc10115,2023,401520319,LSU,attribution_only,dip_restore,0.0,game_unusable,reverted_unverified,cfbd_drives_5a,"[""2023:401520319:5:7"", ""2023:401520319:6:2""]"
02d41680c9952116,2017,400953391,San Diego State,attribution_only,dip_restore,0.0,game_unusable,reverted_unverified,cfbd_drives_5a,"[""2017:400953391:1:5"", ""2017:400953391:2:2"", ""2017:400953391:5:7"", ""2017:400953391:6:1""]"
02d9266dac4bcda2,2021,401282200,East Carolina,attribution_only,dip_restore,0.0,game_unusable,reverted_unverified,cfbd_drives_5a,"[""2021:401282200:1:1"", ""2021:401282200:3:9""]"
02db931c78f8d72c,2015,400757049,Oregon,attribution_only,dip_restore,0.0,game_unusable,reverted_unverified,cfbd_drives_5a,"[""2015:400757049:31:2"", ""2015:400757049:32:2""]"
02e2e5a7b414396f,2018,401019513,SMU,attribution_only,dip_restore,0.0,corroborated,admitted,cfbd_drives_5a,"[""2018:401019513:30:3"", ""2018:401019513:31:1""]"
02e7661e19cc5215,2024,401628338,Samford,attribution_only,dip_restore,0.0,corroborated,admitted,cfbd_drives_5a,"[""2024:401628338:15:13"", ""2024:401628338:16:1""]"
02fa5f6ad11a001b,2023,401524029,Stanford,attribution_only,dip_restore,0.0,game_unusable,reverted_unverified,cfbd_drives_5a,"[""2023:401524029:19:11"", ""2023:401524029:20:3""]"
03094646fb596208,2016,400869060,Austin Peay,attribution_only,dip_restore,0.0,game_unusable,reverted_unverified,cfbd_drives_5a,"[""2016:400869060:4:6"", ""2016:400869060:6:1""]"
0311b34cc6c5e4a5,2024,401645379,Navy,attribution_only,final_cap,0.0,game_unusable,reverted_unverified,cfbd_drives_5a,"[""2024:401645379:26:2"", ""2024:401645379:26:3"", ""2024:401645379:27:2"", ""2024:401645379:27:3"", ""2024:401645379:27:4"", ""2024:401645379:27:5""]"
0317a0063cd697af,2025,401760423,Fresno State,attribution_only,dip_restore,0.0,game_unusable,reverted_unverified,cfbd_drives_5a,"[""2025:401760423:22:7"", ""2025:401760423:24:8""]"
033e29514b78b6ad,2025,401760385,UNLV,attribution_only,dip_restore,0.0,corroborated,admitted,cfbd_drives_5a,"[""2025:401760385:6:9"", ""2025:401760385:7:2""]"
0346a074ebf66e8e,2025,401752674,Missouri,attribution_only,dip_restore,0.0,game_unusable,reverted_unverified,cfbd_drives_5a,"[""2025:401752674:12:7"", ""2025:401752674:13:1""]"
0349e0495d724b33,2025,401760412,Wyoming,attribution_only,dip_restore,0.0,game_unusable,reverted_unverified,cfbd_drives_5a,"[""2025:401760412:1:1"", ""2025:401760412:3:1"", ""2025:401760412:4:9""]"
035041c48b508588,2024,401643791,Tulane,attribution_only,dip_restore,0.0,game_unusable,reverted_unverified,cfbd_drives_5a,"[""2024:401643791:10:2"", ""2024:401643791:11:9""]"
03628208d6758348,2025,401756966,Iowa State,attribution_only,dip_restore,0.0,game_unusable,reverted_unverified,cfbd_drives_5a,"[""2025:401756966:12:1"", ""2025:401756966:14:1"", ""2025:401756966:15:4"", ""2025:401756966:8:4"", ""2025:401756966:9:15""]"
037202126213266d,2019,401117214,BYU,attribution_only,dip_restore,0.0,game_unusable,reverted_unverified,cfbd_drives_5a,"[""2019:401117214:11:16"", ""2019:401117214:13:18"", ""2019:401117214:7:10"", ""2019:401117214:9:14""]"
0376ed8bf0ed2f11,2017,400941843,Tulane,points_recovery,dip_restore,7.0,game_unusable,reverted_unverified,cfbd_drives_5a,"[""2017:400941843:24:7""]"
037d2187d98b8a4b,2022,401426542,Houston,points_recovery,dip_restore,24.0,game_unusable,reverted_unverified,cfbd_drives_5a,"[""2022:401426542:17:13"", ""2022:401426542:19:1"", ""2022:401426542:21:21"", ""2022:401426542:6:13""]"
038b09b56b0362ad,2022,401426548,Middle Tennessee,attribution_only,dip_restore,0.0,game_unusable,reverted_unverified,cfbd_drives_5a,"[""2022:401426548:1:1"", ""2022:401426548:3:2""]"
03abc3b8fa7006fd,2025,401752944,Sam Houston State,attribution_only,category_possession_reassignment,0.0,corroborated,admitted,cfbd_drives_5a,"[""2025:401752944:21:6"", ""2025:401752944:22:1""]"
03cc054967bea88f,2021,401287893,Texas State,attribution_only,final_cap,0.0,game_unusable,reverted_unverified,cfbd_drives_5a,"[""2021:401287893:23:2""]"
03cc9db01fbe5a0f,2024,401643717,Oregon State,attribution_only,dip_restore,0.0,corroborated,admitted,cfbd_drives_5a,"[""2024:401643717:21:10"", ""2024:401643717:22:1""]"
03ec01d1e9a845b8,2017,400944853,Appalachian State,attribution_only,dip_restore,0.0,indistinguishable_at_drive_level,reverted_unverified,cfbd_drives_5a,"[""2017:400944853:19:15"", ""2017:400944853:19:2""]"
03f7af81c4857d0e,2023,401531875,Louisiana,attribution_only,dip_restore,0.0,corroborated,admitted,cfbd_drives_5a,"[""2023:401531875:17:4"", ""2023:401531875:18:1""]"
040cee2dc9d65250,2025,401762833,Miami (OH),attribution_only,dip_restore,0.0,corroborated,admitted,cfbd_drives_5a,"[""2025:401762833:8:7"", ""2025:401762833:9:1""]"
0414b41bda1d96e6,2022,401426332,Gardner-Webb,attribution_only,dip_restore,0.0,game_unusable,reverted_unverified,cfbd_drives_5a,"[""2022:401426332:21:6"", ""2022:401426332:22:1""]"
0415960e2dc20fe6,2025,401756847,Kansas,attribution_only,dip_restore,0.0,game_unusable,reverted_unverified,cfbd_drives_5a,"[""2025:401756847:10:1"", ""2025:401756847:12:5"", ""2025:401756847:8:7"", ""2025:401756847:9:8""]"
04366e7a9645fce2,2015,400787242,Hawai_i,attribution_only,dip_restore,0.0,game_unusable,reverted_unverified,cfbd_drives_5a,"[""2015:400787242:19:5"", ""2015:400787242:21:1""]"
0450fb0013d0275e,2021,401309633,Appalachian State,points_reduction,category_possession_reassignment,-1.0,game_unusable,reverted_unverified,cfbd_drives_5a,"[""2021:401309633:10:5""]"
04512d5b776b3519,2024,401636911,BYU,attribution_only,dip_restore,0.0,corroborated,admitted,cfbd_drives_5a,"[""2024:401636911:12:11"", ""2024:401636911:13:1""]"
0457ffdf05ed4836,2023,401526837,Toledo,attribution_only,dip_restore,0.0,corroborated,admitted,cfbd_drives_5a,"[""2023:401526837:20:13"", ""2023:401526837:21:1""]"
045ba6699a7d3a1a,2021,401309891,Oregon State,points_recovery,restoration_gt8,1.0,game_unusable,reverted_unverified,cfbd_drives_5a,"[""2021:401309891:15:8""]"
045ff62fca546d81,2022,401403952,Missouri,attribution_only,dip_restore,0.0,corroborated,admitted,cfbd_drives_5a,"[""2022:401403952:12:8"", ""2022:401403952:13:1""]"
0463627f2389f992,2021,401282768,Penn State,attribution_only,dip_restore,0.0,game_unusable,reverted_unverified,cfbd_drives_5a,"[""2021:401282768:12:9"", ""2021:401282768:15:14"", ""2021:401282768:18:1"", ""2021:401282768:18:11"", ""2021:401282768:5:4""]"
04739548202a228b,2015,400787462,New Mexico State,points_recovery,dip_restore,7.0,game_unusable,reverted_unverified,cfbd_drives_5a,"[""2015:400787462:29:10""]"
0475509f1db0325e,2025,401752816,Boston College,points_recovery,restoration_gt8,10.0,game_unusable,reverted_unverified,cfbd_drives_5a,"[""2025:401752816:10:12"", ""2025:401752816:13:1"", ""2025:401752816:9:17""]"
047c1ea9d5b07c65,2024,401636877,Texas Tech,attribution_only,dip_restore,0.0,corroborated,admitted,cfbd_drives_5a,"[""2024:401636877:11:12"", ""2024:401636877:12:1""]"
04822f79fa9b9c8d,2021,401282269,Florida International,attribution_only,dip_restore,0.0,corroborated,admitted,cfbd_drives_5a,"[""2021:401282269:10:1"", ""2021:401282269:9:2""]"
04a1b3d30138c3bc,2022,401426601,Rice,attribution_only,dip_restore,0.0,corroborated,admitted,cfbd_drives_5a,"[""2022:401426601:10:17"", ""2022:401426601:11:1""]"
04a7909b85071cbf,2021,401282093,Tennessee,attribution_only,restoration_gt8,0.0,game_unusable,reverted_unverified,cfbd_drives_5a,"[""2021:401282093:12:10"", ""2021:401282093:14:10"", ""2021:401282093:15:1""]"
04aac7eb6b96f7c6,2018,401012348,Vanderbilt,points_recovery,dip_restore,7.0,game_unusable,reverted_unverified,cfbd_drives_5a,"[""2018:401012348:26:9""]"
04ca81ba25488795,2021,401287930,Kansas State,points_recovery,incomplete_stream,14.0,game_unusable,reverted_unverified,cfbd_drives_5a,"[""2021:401287930:1:11"", ""2021:401287930:1:12"", ""2021:401287930:1:3"", ""2021:401287930:2:1"", ""2021:401287930:3:1"", ""2021:401287930:4:1"", ""2021:401287930:9:1""]"
04d36826217b4732,2018,401012683,Wyoming,attribution_only,dip_restore,0.0,corroborated,admitted,cfbd_drives_5a,"[""2018:401012683:5:4"", ""2018:401012683:6:1""]"
04e44ec840d0bc5c,2021,401310756,Hawai_i,attribution_only,dip_restore,0.0,corroborated,admitted,cfbd_drives_5a,"[""2021:401310756:1:11"", ""2021:401310756:2:1""]"
0505ae0f13a3fa55,2021,401282632,Pittsburgh,attribution_only,dip_restore,0.0,game_unusable,reverted_unverified,cfbd_drives_5a,"[""2021:401282632:10:11"", ""2021:401282632:12:3"", ""2021:401282632:13:1"", ""2021:401282632:13:5"", ""2021:401282632:18:4"", ""2021:401282632:20:1"", ""2021:401282632:24:8""]"
0515d9acddd106c4,2021,401308842,Kent State,attribution_only,dip_restore,0.0,game_unusable,reverted_unverified,cfbd_drives_5a,"[""2021:401308842:19:8"", ""2021:401308842:20:1""]"
051cda06cfbc6e30,2024,401636874,Baylor,attribution_only,dip_restore,0.0,game_unusable,reverted_unverified,cfbd_drives_5a,"[""2024:401636874:10:4"", ""2024:401636874:20:7"", ""2024:401636874:23:8"", ""2024:401636874:24:1""]"
052cd2e45134dd8a,2021,401282703,Virginia,attribution_only,dip_restore,0.0,corroborated,admitted,cfbd_drives_5a,"[""2021:401282703:10:8"", ""2021:401282703:11:1""]"
052e778aeb313661,2024,401655632,Northwestern,attribution_only,other,0.0,game_unusable,reverted_unverified,cfbd_drives_5a,"[""2024:401655632:12:1"", ""2024:401655632:16:7""]"
0530bdaf7bbd1579,2025,401762458,UAB,attribution_only,dip_restore,0.0,corroborated,admitted,cfbd_drives_5a,"[""2025:401762458:8:16"", ""2025:401762458:9:1""]"
0580c1380818b81f,2023,401532409,Western Michigan,points_recovery,dip_restore,7.0,game_unusable,reverted_unverified,cfbd_drives_5a,"[""2023:401532409:3:1"", ""2023:401532409:4:8""]"
0581e407361ce6c1,2023,401520198,Liberty,attribution_only,dip_restore,0.0,corroborated,admitted,cfbd_drives_5a,"[""2023:401520198:14:9"", ""2023:401520198:15:1""]"
05c1b5fe2cfafc47,2021,401286187,Fresno State,attribution_only,dip_restore,0.0,corroborated,admitted,cfbd_drives_5a,"[""2021:401286187:20:11"", ""2021:401286187:21:1""]"
05c8965a500ece6e,2022,401403982,Southern Utah,points_recovery,incomplete_stream,7.0,game_unusable,reverted_unverified,cfbd_drives_5a,"[""2022:401403982:2:1""]"
05c9eb5990635834,2025,401760410,Boise State,attribution_only,dip_restore,0.0,cfbd_supports_baseline,reverted_contradicted,cfbd_drives_5a,"[""2025:401760410:9:16"", ""2025:401760410:9:2""]"
05d021baec3bad9b,2024,401635554,Louisville,points_recovery,incomplete_stream,7.0,game_unusable,reverted_unverified,cfbd_drives_5a,"[""2024:401635554:17:2""]"
05e10b48d1feee2c,2023,401525542,Georgia Tech,points_reduction,category_possession_reassignment,-7.0,game_unusable,reverted_unverified,cfbd_drives_5a,"[""2023:401525542:15:7""]"
05eb1b901f024a9a,2019,401117214,BYU,attribution_only,final_cap,0.0,game_unusable,reverted_unverified,cfbd_drives_5a,"[""2019:401117214:15:1"", ""2019:401117214:15:2"", ""2019:401117214:15:3"", ""2019:401117214:15:4"", ""2019:401117214:15:5"", ""2019:401117214:15:6"", ""2019:401117214:16:1"", ""2019:401117214:16:2"", ""2019:401117214:16:3"", ""2019:401117214:16:4"", ""2019:401117214:17:1"", ""2019:401117214:17:2"", ""2019:401117214:17:3"", ""2019:401117214:17:4"", ""2019:401117214:17:5"", ""2019:401117214:17:6"", ""2019:401117214:18:1"", ""2019:401117214:18:2"", ""2019:401117214:18:3"", ""2019:401117214:18:4"", ""2019:401117214:19:1"", ""2019:401117214:19:2"", ""2019:401117214:19:3"", ""2019:401117214:20:1""]"
05f1315b149e057a,2025,401756960,Utah,attribution_only,dip_restore,0.0,cfbd_supports_baseline,reverted_contradicted,cfbd_drives_5a,"[""2025:401756960:22:1"", ""2025:401756960:22:15""]"
05fce2ea902d7142,2025,401762816,Bryant,points_recovery,dip_restore,3.0,game_unusable,reverted_unverified,cfbd_drives_5a,"[""2025:401762816:11:14"", ""2025:401762816:11:4"", ""2025:401762816:12:13"", ""2025:401762816:13:5"", ""2025:401762816:14:9"", ""2025:401762816:15:6"", ""2025:401762816:18:22"", ""2025:401762816:7:15"", ""2025:401762816:9:11""]"
060a17b38cf6d61a,2025,401754588,North Carolina,attribution_only,dip_restore,0.0,game_unusable,reverted_unverified,cfbd_drives_5a,"[""2025:401754588:3:5"", ""2025:401754588:4:4""]"
0669570f51094305,2016,400869826,Arkansas State,attribution_only,dip_restore,0.0,corroborated,admitted,cfbd_drives_5a,"[""2016:400869826:8:11"", ""2016:400869826:9:1""]"
066fc621ca864329,2024,401635552,Clemson,points_recovery,incomplete_stream,59.0,game_unusable,reverted_unverified,cfbd_drives_5a,"[""2024:401635552:11:6"", ""2024:401635552:13:10"", ""2024:401635552:15:9"", ""2024:401635552:17:8"", ""2024:401635552:22:1"", ""2024:401635552:2:1"", ""2024:401635552:2:2"", ""2024:401635552:3:6"", ""2024:401635552:5:5"", ""2024:401635552:7:1""]"
068cf0989e2f6681,2025,401761616,Arkansas State,points_reduction,final_cap,-3.0,game_unusable,reverted_unverified,cfbd_drives_5a,"[""2025:401761616:17:13"", ""2025:401761616:19:1"", ""2025:401761616:19:10"", ""2025:401761616:19:11"", ""2025:401761616:19:2"", ""2025:401761616:19:3"", ""2025:401761616:19:4"", ""2025:401761616:19:5"", ""2025:401761616:19:6"", ""2025:401761616:19:7"", ""2025:401761616:19:8"", ""2025:401761616:19:9""]"
069d5c612b39ccf5,2021,401309863,Washington State,attribution_only,other,0.0,game_unusable,reverted_unverified,cfbd_drives_5a,"[""2021:401309863:3:17"", ""2021:401309863:4:1""]"
06c4e649a8b445f3,2016,400869539,Temple,attribution_only,dip_restore,0.0,corroborated,admitted,cfbd_drives_5a,"[""2016:400869539:26:4"", ""2016:400869539:27:1""]"
06c746b8e528c839,2025,401761591,Arkansas State,attribution_only,restoration_gt8,0.0,game_unusable,reverted_unverified,cfbd_drives_5a,"[""2025:401761591:1:3"", ""2025:401761591:1:8"", ""2025:401761591:2:1""]"
06cb3f05706a2d4d,2022,401403968,California,attribution_only,dip_restore,0.0,corroborated,admitted,cfbd_drives_5a,"[""2022:401403968:14:3"", ""2022:401403968:15:1""]"
06db53f0c2259909,2023,401531418,Florida Atlantic,attribution_only,dip_restore,0.0,game_unusable,reverted_unverified,cfbd_drives_5a,"[""2023:401531418:11:1"", ""2023:401531418:1:1"", ""2023:401531418:1:7"", ""2023:401531418:2:1"", ""2023:401531418:2:2"", ""2023:401531418:4:5"", ""2023:401531418:6:1"", ""2023:401531418:7:10""]"
06df68c8c6daa675,2021,401287907,Baylor,points_recovery,incomplete_stream,3.0,game_unusable,reverted_unverified,cfbd_drives_5a,"[""2021:401287907:13:2""]"
06e9d9dd258a28f3,2025,401754521,SMU,attribution_only,dip_restore,0.0,game_unusable,reverted_unverified,cfbd_drives_5a,"[""2025:401754521:16:12"", ""2025:401754521:9:7""]"
072adca5efbbec57,2025,401757291,Florida International,attribution_only,dip_restore,0.0,game_unusable,reverted_unverified,cfbd_drives_5a,"[""2025:401757291:3:4"", ""2025:401757291:5:16""]"
0751efd5203a1a4c,2019,401117553,San Jose State,attribution_only,other,0.0,game_unusable,reverted_unverified,cfbd_drives_5a,"[""2019:401117553:16:5"", ""2019:401117553:3:15""]"
076b80933fa4821e,2025,401756877,Arkansas-Pine Bluff,attribution_only,dip_restore,0.0,corroborated,admitted,cfbd_drives_5a,"[""2025:401756877:21:14"", ""2025:401756877:22:1""]"
078d3be7e5067a76,2021,401282249,Marshall,points_recovery,incomplete_stream,28.0,game_unusable,reverted_unverified,cfbd_drives_5a,"[""2021:401282249:14:1"", ""2021:401282249:19:1"", ""2021:401282249:2:1"", ""2021:401282249:2:3"", ""2021:401282249:4:2"", ""2021:401282249:7:7"", ""2021:401282249:8:1"", ""2021:401282249:9:1""]"
0794cd9025ece95b,2021,401309633,Appalachian State,points_recovery,other,1.0,game_unusable,reverted_unverified,cfbd_drives_5a,"[""2021:401309633:14:12""]"
07c263b955de88e9,2023,401532597,Nevada,points_recovery,dip_restore,1.0,game_unusable,reverted_unverified,cfbd_drives_5a,"[""2023:401532597:19:14"", ""2023:401532597:20:1"", ""2023:401532597:25:6""]"
07ebad56149392b5,2019,401117859,Bucknell,attribution_only,dip_restore,0.0,game_unusable,reverted_unverified,cfbd_drives_5a,"[""2019:401117859:11:1"", ""2019:401117859:9:2""]"
0827baea597fdeea,2023,401525564,Virginia Tech,attribution_only,dip_restore,0.0,game_unusable,reverted_unverified,cfbd_drives_5a,"[""2023:401525564:11:6"", ""2023:401525564:12:1""]"
0830b9889517d84a,2022,401403915,Ole Miss,attribution_only,dip_restore,0.0,corroborated,admitted,cfbd_drives_5a,"[""2022:401403915:14:1"", ""2022:401403915:15:1""]"
083b6dfa81d99652,2021,401301027,Navy,attribution_only,dip_restore,0.0,corroborated,admitted,cfbd_drives_5a,"[""2021:401301027:18:9"", ""2021:401301027:19:1""]"
083e79bbca1627f6,2024,401641041,Sam Houston State,attribution_only,dip_restore,0.0,corroborated,admitted,cfbd_drives_5a,"[""2024:401641041:10:9"", ""2024:401641041:11:1"", ""2024:401641041:16:6"", ""2024:401641041:17:1""]"
083fe7f55f274818,2021,401282662,Wake Forest,attribution_only,dip_restore,0.0,corroborated,admitted,cfbd_drives_5a,"[""2021:401282662:1:10"", ""2021:401282662:2:1""]"
08477cfc76a09d36,2015,400787292,New Mexico,attribution_only,dip_restore,0.0,game_unusable,reverted_unverified,cfbd_drives_5a,"[""2015:400787292:28:2"", ""2015:400787292:29:2""]"
0865c9bb7d50e878,2021,401331222,Louisville,attribution_only,dip_restore,0.0,game_unusable,reverted_unverified,cfbd_drives_5a,"[""2021:401331222:10:1"", ""2021:401331222:9:1""]"
08927908ae382f92,2021,401282216,Marshall,attribution_only,dip_restore,0.0,game_unusable,reverted_unverified,cfbd_drives_5a,"[""2021:401282216:31:12"", ""2021:401282216:32:1""]"
08a74f20eedab6e8,2023,401525851,BYU,attribution_only,dip_restore,0.0,corroborated,admitted,cfbd_drives_5a,"[""2023:401525851:2:7"", ""2023:401525851:3:1""]"
08b95c6a3769fd32,2017,400938606,Charlotte,attribution_only,dip_restore,0.0,game_unusable,reverted_unverified,cfbd_drives_5a,"[""2017:400938606:1:4"", ""2017:400938606:6:8""]"
08bfabc357d5380f,2018,401019492,South Florida,attribution_only,dip_restore,0.0,corroborated,admitted,cfbd_drives_5a,"[""2018:401019492:4:1"", ""2018:401019492:5:1""]"
08d5002723a7650e,2025,401757313,Kennesaw State,attribution_only,dip_restore,0.0,game_unusable,reverted_unverified,cfbd_drives_5a,"[""2025:401757313:16:10"", ""2025:401757313:16:3""]"
08e9085ef27f296b,2023,401520269,UT San Antonio,attribution_only,dip_restore,0.0,game_unusable,reverted_unverified,cfbd_drives_5a,"[""2023:401520269:18:17"", ""2023:401520269:19:1""]"
08ebfde6c1ca0b6f,2015,400787442,Idaho,attribution_only,restoration_gt8,0.0,game_unusable,reverted_unverified,cfbd_drives_5a,"[""2015:400787442:2:3"", ""2015:400787442:4:1""]"
08f57559aebe62ea,2021,401282680,Louisville,attribution_only,category_possession_reassignment,0.0,game_unusable,reverted_unverified,cfbd_drives_5a,"[""2021:401282680:1:7"", ""2021:401282680:2:4""]"
090efed76d7b6d81,2025,401754590,Connecticut,attribution_only,dip_restore,0.0,game_unusable,reverted_unverified,cfbd_drives_5a,"[""2025:401754590:11:1"", ""2025:401754590:13:4""]"
09178bd1c14c046f,2023,401531840,Southern Mississippi,attribution_only,dip_restore,0.0,corroborated,admitted,cfbd_drives_5a,"[""2023:401531840:8:15"", ""2023:401531840:9:1""]"
0946011cafdc82cf,2015,400787334,Bowling Green,points_recovery,dip_restore,7.0,game_unusable,reverted_unverified,cfbd_drives_5a,"[""2015:400787334:23:9""]"
094f4c92e4a0f6a6,2024,401636930,Arizona State,attribution_only,dip_restore,0.0,corroborated,admitted,cfbd_drives_5a,"[""2024:401636930:7:8"", ""2024:401636930:8:1""]"
097392f148bf7a92,2023,401520218,Houston Christian,attribution_only,dip_restore,0.0,game_unusable,reverted_unverified,cfbd_drives_5a,"[""2023:401520218:12:10"", ""2023:401520218:13:1""]"
09a41a6c20eaf747,2022,401415219,Duquesne,attribution_only,dip_restore,0.0,game_unusable,reverted_unverified,cfbd_drives_5a,"[""2022:401415219:10:13"", ""2022:401415219:5:7""]"
09d902274be86165,2023,401520331,Florida International,points_recovery,dip_restore,20.0,game_unusable,reverted_unverified,cfbd_drives_5a,"[""2023:401520331:14:17"", ""2023:401520331:22:12"", ""2023:401520331:5:9"", ""2023:401520331:9:10""]"
09e3802bad374918,2023,401520258,Arkansas,attribution_only,dip_restore,0.0,corroborated,admitted,cfbd_drives_5a,"[""2023:401520258:15:11"", ""2023:401520258:16:1""]"
09e82aef3644d42f,2025,401754521,SMU,attribution_only,dip_restore,0.0,game_unusable,reverted_unverified,cfbd_drives_5a,"[""2025:401754521:1:4"", ""2025:401754521:2:1""]"
09f9839cbade535e,2024,401643701,Nevada,attribution_only,dip_restore,0.0,corroborated,admitted,cfbd_drives_5a,"[""2024:401643701:14:8"", ""2024:401643701:15:1""]"
0a1e334f67b1a4b0,2021,401309900,Stanford,attribution_only,final_cap,0.0,game_unusable,reverted_unverified,cfbd_drives_5a,"[""2021:401309900:18:1"", ""2021:401309900:18:2"", ""2021:401309900:18:3"", ""2021:401309900:18:4""]"
0a250ea14e0102a3,2024,401636915,Oklahoma State,attribution_only,dip_restore,0.0,game_unusable,reverted_unverified,cfbd_drives_5a,"[""2024:401636915:7:1"", ""2024:401636915:8:11""]"
0a3247f342a2ccf1,2022,401411164,Wake Forest,attribution_only,dip_restore,0.0,corroborated,admitted,cfbd_drives_5a,"[""2022:401411164:7:13"", ""2022:401411164:8:1""]"
0a4d18e0fef105ba,2022,401415251,San Jose State,points_recovery,incomplete_stream,14.0,game_unusable,reverted_unverified,cfbd_drives_5a,"[""2022:401415251:12:1"", ""2022:401415251:18:2"", ""2022:401415251:22:7""]"
0a553e268d901fa3,2023,401525546,Louisville,points_recovery,incomplete_stream,14.0,game_unusable,reverted_unverified,cfbd_drives_5a,"[""2023:401525546:21:5"", ""2023:401525546:23:2""]"
0a563febdb092161,2025,401754529,Pittsburgh,attribution_only,dip_restore,0.0,game_unusable,reverted_unverified,cfbd_drives_5a,"[""2025:401754529:7:6"", ""2025:401754529:8:1""]"
0a5c8891efbb2b88,2019,401114241,North Texas,attribution_only,other,0.0,game_unusable,reverted_unverified,cfbd_drives_5a,"[""2019:401114241:19:6"", ""2019:401114241:23:6""]"
0a8c13d1f71055d2,2023,401524058,Utah,attribution_only,dip_restore,0.0,corroborated,admitted,cfbd_drives_5a,"[""2023:401524058:19:14"", ""2023:401524058:20:1""]"
0a93f74ee8e5094a,2022,401426530,Florida Atlantic,points_recovery,incomplete_stream,12.0,game_unusable,reverted_unverified,cfbd_drives_5a,"[""2022:401426530:1:4"", ""2022:401426530:1:5"", ""2022:401426530:2:1"", ""2022:401426530:2:2"", ""2022:401426530:3:2"", ""2022:401426530:5:1"", ""2022:401426530:8:1""]"
0ab8e032e25bf513,2022,401426345,Texas State,attribution_only,dip_restore,0.0,corroborated,admitted,cfbd_drives_5a,"[""2022:401426345:3:5"", ""2022:401426345:4:1"", ""2022:401426345:5:12"", ""2022:401426345:6:1""]"
0add578d0e1e38f4,2021,401309574,Bowling Green,points_recovery,incomplete_stream,23.0,game_unusable,reverted_unverified,cfbd_drives_5a,"[""2021:401309574:11:3"", ""2021:401309574:12:1"", ""2021:401309574:20:1"", ""2021:401309574:23:1"", ""2021:401309574:2:1"", ""2021:401309574:3:1"", ""2021:401309574:5:3"", ""2021:401309574:6:2"", ""2021:401309574:8:1""]"
0add93b547e777f1,2025,401754587,Miami,attribution_only,other,0.0,game_unusable,reverted_unverified,cfbd_drives_5a,"[""2025:401754587:10:5"", ""2025:401754587:9:6""]"
0afb210f298d53cf,2023,401520383,Illinois,attribution_only,dip_restore,0.0,game_unusable,reverted_unverified,cfbd_drives_5a,"[""2023:401520383:8:8"", ""2023:401520383:9:1""]"
0b02026bf48675ac,2025,401757292,Middle Tennessee,points_recovery,dip_restore,7.0,game_unusable,reverted_unverified,cfbd_drives_5a,"[""2025:401757292:15:11"", ""2025:401757292:15:6"", ""2025:401757292:18:1"", ""2025:401757292:18:5""]"
0b17052211142743,2025,401761630,Georgia State,attribution_only,dip_restore,0.0,corroborated,admitted,cfbd_drives_5a,"[""2025:401761630:2:13"", ""2025:401761630:3:1""]"
0b27d4b49f66c01b,2022,401404002,Colorado,points_recovery,incomplete_stream,20.0,game_unusable,reverted_unverified,cfbd_drives_5a,"[""2022:401404002:10:2"", ""2022:401404002:16:1"", ""2022:401404002:1:3"", ""2022:401404002:2:2""]"
0b2d03c063a8c288,2019,401114274,Florida International,attribution_only,dip_restore,0.0,game_unusable,reverted_unverified,cfbd_drives_5a,"[""2019:401114274:7:7"", ""2019:401114274:9:1""]"
0b4d3300ce4856df,2021,401282812,Purdue,attribution_only,dip_restore,0.0,corroborated,admitted,cfbd_drives_5a,"[""2021:401282812:10:11"", ""2021:401282812:11:1""]"
0b6aae79bcffb8e8,2021,401309591,Ball State,points_recovery,incomplete_stream,17.0,game_unusable,reverted_unverified,cfbd_drives_5a,"[""2021:401309591:10:8"", ""2021:401309591:11:1"", ""2021:401309591:12:1"", ""2021:401309591:13:1"", ""2021:401309591:13:13"", ""2021:401309591:16:1"", ""2021:401309591:1:18"", ""2021:401309591:1:5"", ""2021:401309591:1:9"", ""2021:401309591:2:1"", ""2021:401309591:2:2"", ""2021:401309591:3:3"", ""2021:401309591:4:2"", ""2021:401309591:6:4"", ""2021:401309591:7:2"", ""2021:401309591:8:14"", ""2021:401309591:8:16"", ""2021:401309591:8:4"", ""2021:401309591:9:1""]"
0b82bf26a32ac483,2024,401677177,Tennessee,attribution_only,dip_restore,0.0,corroborated,admitted,cfbd_drives_5a,"[""2024:401677177:22:9"", ""2024:401677177:23:1""]"
0b84ce0a0e3b8ae1,2022,401404122,Oklahoma,points_recovery,incomplete_stream,47.0,game_unusable,reverted_unverified,cfbd_drives_5a,"[""2022:401404122:12:1"", ""2022:401404122:20:4"", ""2022:401404122:26:6"", ""2022:401404122:28:6"", ""2022:401404122:2:1"", ""2022:401404122:30:4"", ""2022:401404122:3:1"", ""2022:401404122:4:12"", ""2022:401404122:8:17""]"
0b9ded41f32fa41f,2025,401752954,James Madison,attribution_only,dip_restore,0.0,indistinguishable_at_drive_level,reverted_unverified,cfbd_drives_5a,"[""2025:401752954:4:4"", ""2025:401752954:4:9""]"
0ba430220bf7da46,2021,401310754,Nevada,attribution_only,dip_restore,0.0,corroborated,admitted,cfbd_drives_5a,"[""2021:401310754:1:7"", ""2021:401310754:2:1""]"
0bb5894fe15236af,2025,401752903,Penn State,attribution_only,category_possession_reassignment,0.0,corroborated,admitted,cfbd_drives_5a,"[""2025:401752903:21:4"", ""2025:401752903:22:1""]"
0bc5803ebd371e11,2016,400869024,Arkansas,attribution_only,dip_restore,0.0,game_unusable,reverted_unverified,cfbd_drives_5a,"[""2016:400869024:5:4"", ""2016:400869024:6:2""]"
0bd32cd74500782c,2017,400938653,Rice,attribution_only,dip_restore,0.0,corroborated,admitted,cfbd_drives_5a,"[""2017:400938653:8:3"", ""2017:400938653:9:1""]"
0becf5e88d993fbc,2022,401415632,Tulsa,attribution_only,dip_restore,0.0,game_unusable,reverted_unverified,cfbd_drives_5a,"[""2022:401415632:21:13"", ""2022:401415632:22:1""]"
0bf4e264ef8a9b32,2025,401754519,Louisville,attribution_only,dip_restore,0.0,corroborated,admitted,cfbd_drives_5a,"[""2025:401754519:1:11"", ""2025:401754519:2:1""]"
0c31be73188bbc4b,2023,401520294,Middle Tennessee,attribution_only,dip_restore,0.0,corroborated,admitted,cfbd_drives_5a,"[""2023:401520294:35:2"", ""2023:401520294:36:1""]"
0c3e6db87d7e8d35,2021,401282237,UT San Antonio,points_recovery,incomplete_stream,43.0,game_unusable,reverted_unverified,cfbd_drives_5a,"[""2021:401282237:10:2"", ""2021:401282237:14:1"", ""2021:401282237:18:3"", ""2021:401282237:19:1"", ""2021:401282237:19:2"", ""2021:401282237:2:1"", ""2021:401282237:3:1"", ""2021:401282237:8:14""]"
0c4b30828e055b4f,2021,401309560,Ohio,points_recovery,incomplete_stream,33.0,game_unusable,reverted_unverified,cfbd_drives_5a,"[""2021:401309560:13:1"", ""2021:401309560:14:1"", ""2021:401309560:15:1"", ""2021:401309560:17:7"", ""2021:401309560:18:2"", ""2021:401309560:19:1"", ""2021:401309560:1:12"", ""2021:401309560:1:15"", ""2021:401309560:21:2"", ""2021:401309560:5:2"", ""2021:401309560:6:1"", ""2021:401309560:7:15""]"
0c57ce734837bbc2,2022,401416596,Holy Cross,points_recovery,incomplete_stream,37.0,game_unusable,reverted_unverified,cfbd_drives_5a,"[""2022:401416596:10:1"", ""2022:401416596:10:3"", ""2022:401416596:12:1"", ""2022:401416596:1:10"", ""2022:401416596:1:11"", ""2022:401416596:1:12"", ""2022:401416596:1:14"", ""2022:401416596:1:8"", ""2022:401416596:21:3"", ""2022:401416596:8:3"", ""2022:401416596:9:1""]"
0c829a30ff6630e2,2016,400869181,Cal Poly,attribution_only,dip_restore,0.0,game_unusable,reverted_unverified,cfbd_drives_5a,"[""2016:400869181:19:20"", ""2016:400869181:20:1""]"
0c874d124b89bc14,2021,401282267,UT San Antonio,attribution_only,dip_restore,0.0,corroborated,admitted,cfbd_drives_5a,"[""2021:401282267:10:5"", ""2021:401282267:11:1""]"
0c91088ff22c19a0,2025,401756908,Utah,attribution_only,dip_restore,0.0,corroborated,admitted,cfbd_drives_5a,"[""2025:401756908:2:13"", ""2025:401756908:3:1""]"
0ca4366918a41616,2025,401757226,Western Kentucky,points_recovery,dip_restore,3.0,game_unusable,reverted_unverified,cfbd_drives_5a,"[""2025:401757226:18:1""]"
0ca48d503792f4e9,2022,401426591,UT San Antonio,attribution_only,dip_restore,0.0,corroborated,admitted,cfbd_drives_5a,"[""2022:401426591:17:13"", ""2022:401426591:18:1""]"
0ca82c5dcf36c2d5,2021,401309865,Oregon State,attribution_only,dip_restore,0.0,corroborated,admitted,cfbd_drives_5a,"[""2021:401309865:16:9"", ""2021:401309865:17:1""]"
0cb5cdfe891a2e28,2025,401752919,USC,attribution_only,dip_restore,0.0,indistinguishable_at_drive_level,reverted_unverified,cfbd_drives_5a,"[""2025:401752919:1:11"", ""2025:401752919:1:8""]"
0ccf280c20353fbc,2023,401531875,Buffalo,attribution_only,dip_restore,0.0,corroborated,admitted,cfbd_drives_5a,"[""2023:401531875:19:5"", ""2023:401531875:20:1""]"
0ced8bba45e722cb,2025,401752844,Iowa,attribution_only,dip_restore,0.0,game_unusable,reverted_unverified,cfbd_drives_5a,"[""2025:401752844:1:2"", ""2025:401752844:4:8""]"
0cef03362bac9619,2017,400935266,Washington,attribution_only,dip_restore,0.0,corroborated,admitted,cfbd_drives_5a,"[""2017:400935266:17:8"", ""2017:400935266:18:1""]"
0cf517118371742c,2021,401282209,Old Dominion,attribution_only,dip_restore,0.0,corroborated,admitted,cfbd_drives_5a,"[""2021:401282209:27:11"", ""2021:401282209:28:1""]"
0d313759cb035974,2023,401524041,California,points_recovery,incomplete_stream,49.0,game_unusable,reverted_unverified,cfbd_drives_5a,"[""2023:401524041:10:4"", ""2023:401524041:20:13"", ""2023:401524041:24:6"", ""2023:401524041:33:11"", ""2023:401524041:4:7"", ""2023:401524041:6:4"", ""2023:401524041:7:2"", ""2023:401524041:8:8""]"
0d54f3948794f6bb,2024,401636875,Iowa State,attribution_only,dip_restore,0.0,corroborated,admitted,cfbd_drives_5a,"[""2024:401636875:13:1"", ""2024:401636875:14:1""]"
0d668c45a316b131,2022,401411171,Syracuse,attribution_only,dip_restore,0.0,corroborated,admitted,cfbd_drives_5a,"[""2022:401411171:7:6"", ""2022:401411171:8:1""]"
0d68cb7df278268b,2021,401287917,Baylor,points_recovery,dip_restore,3.0,game_unusable,reverted_unverified,cfbd_drives_5a,"[""2021:401287917:18:6"", ""2021:401287917:19:1"", ""2021:401287917:21:9""]"
0d6ba8b576c6620b,2022,401404037,Washington,attribution_only,dip_restore,0.0,corroborated,admitted,cfbd_drives_5a,"[""2022:401404037:12:3"", ""2022:401404037:13:1""]"
0d8c0c4c22920871,2021,401309900,California,attribution_only,dip_restore,0.0,game_unusable,reverted_unverified,cfbd_drives_5a,"[""2021:401309900:20:8"", ""2021:401309900:21:1""]"
0daec5c37dbd0817,2021,401282096,Vanderbilt,attribution_only,dip_restore,0.0,corroborated,admitted,cfbd_drives_5a,"[""2021:401282096:4:10"", ""2021:401282096:5:1""]"
0dbd32ccd5951532,2015,400763439,Texas Tech,attribution_only,dip_restore,0.0,corroborated,admitted,cfbd_drives_5a,"[""2015:400763439:5:12"", ""2015:400763439:6:1""]"
0dc7ca6a25ed1892,2017,400933938,Tennessee,attribution_only,dip_restore,0.0,corroborated,admitted,cfbd_drives_5a,"[""2017:400933938:1:10"", ""2017:400933938:2:1""]"
0dc9d524622cb8bc,2023,401532424,Ohio,attribution_only,dip_restore,0.0,corroborated,admitted,cfbd_drives_5a,"[""2023:401532424:4:13"", ""2023:401532424:5:1""]"
0dcdc81bd5aa3efa,2015,400787464,Appalachian State,attribution_only,dip_restore,0.0,corroborated,admitted,cfbd_drives_5a,"[""2015:400787464:7:8"", ""2015:400787464:8:1""]"
0dce2cc5de166dca,2024,401628983,Notre Dame,attribution_only,dip_restore,0.0,corroborated,admitted,cfbd_drives_5a,"[""2024:401628983:7:4"", ""2024:401628983:8:1""]"
0dcea259a6bc47ee,2023,401520189,North Texas,attribution_only,dip_restore,0.0,game_unusable,reverted_unverified,cfbd_drives_5a,"[""2023:401520189:15:2"", ""2023:401520189:16:1"", ""2023:401520189:17:1"", ""2023:401520189:18:1"", ""2023:401520189:19:1"", ""2023:401520189:21:2""]"
0ddd11730aaebe9b,2024,401641020,Western Kentucky,attribution_only,dip_restore,0.0,game_unusable,reverted_unverified,cfbd_drives_5a,"[""2024:401641020:17:10"", ""2024:401641020:18:1"", ""2024:401641020:20:2""]"
0dea654af6eb0f15,2023,401551758,Virginia Tech,attribution_only,dip_restore,0.0,corroborated,admitted,cfbd_drives_5a,"[""2023:401551758:10:16"", ""2023:401551758:11:1""]"
0df12c9d567699ae,2021,401310704,Air Force,attribution_only,dip_restore,0.0,game_unusable,reverted_unverified,cfbd_drives_5a,"[""2021:401310704:13:6"", ""2021:401310704:9:19""]"
0e001bb377029213,2025,401752856,Michigan,attribution_only,dip_restore,0.0,corroborated,admitted,cfbd_drives_5a,"[""2025:401752856:17:3"", ""2025:401752856:18:1""]"
0e014c7a7b1f1600,2025,401754552,Clemson,attribution_only,dip_restore,0.0,corroborated,admitted,cfbd_drives_5a,"[""2025:401754552:5:5"", ""2025:401754552:6:1""]"
0e019537d39c1869,2023,401520161,Maryland,attribution_only,dip_restore,0.0,corroborated,admitted,cfbd_drives_5a,"[""2023:401520161:1:9"", ""2023:401520161:2:1""]"
0e135764adac23cb,2021,401309555,Ball State,attribution_only,dip_restore,0.0,corroborated,admitted,cfbd_drives_5a,"[""2021:401309555:19:12"", ""2021:401309555:20:1""]"
0e213d8c39899e37,2017,400944841,Idaho,attribution_only,dip_restore,0.0,game_unusable,reverted_unverified,cfbd_drives_5a,"[""2017:400944841:7:2"", ""2017:400944841:8:1""]"
0e27d02db253c169,2021,401282783,Michigan State,points_recovery,incomplete_stream,21.0,corroborated,admitted,cfbd_drives_5a,"[""2021:401282783:11:4"", ""2021:401282783:13:12"", ""2021:401282783:15:1"", ""2021:401282783:18:6""]"
0e38fd6f4f7729f7,2022,401416645,Western Michigan,points_recovery,incomplete_stream,12.0,game_unusable,reverted_unverified,cfbd_drives_5a,"[""2022:401416645:15:1"", ""2022:401416645:18:3"", ""2022:401416645:1:1"", ""2022:401416645:3:1"", ""2022:401416645:4:1"", ""2022:401416645:9:1""]"
0e7e40bad62e3a9d,2021,401281952,Tennessee,attribution_only,dip_restore,0.0,corroborated,admitted,cfbd_drives_5a,"[""2021:401281952:11:9"", ""2021:401281952:12:1""]"
0e8e4514ddbfcae5,2016,400868981,TCU,attribution_only,dip_restore,0.0,corroborated,admitted,cfbd_drives_5a,"[""2016:400868981:12:10"", ""2016:400868981:13:1""]"
0eb92f115425e500,2021,401309909,Arizona,attribution_only,dip_restore,0.0,corroborated,admitted,cfbd_drives_5a,"[""2021:401309909:14:9"", ""2021:401309909:15:1""]"
0ed9390bbc9616e0,2022,401405087,SMU,attribution_only,dip_restore,0.0,game_unusable,reverted_unverified,cfbd_drives_5a,"[""2022:401405087:13:2"", ""2022:401405087:14:2"", ""2022:401405087:18:7""]"
0ee59a96b3a9b011,2023,401551739,Troy,attribution_only,dip_restore,0.0,corroborated,admitted,cfbd_drives_5a,"[""2023:401551739:20:11"", ""2023:401551739:21:1""]"
0ef396712b333b36,2022,401404059,Texas,attribution_only,dip_restore,0.0,corroborated,admitted,cfbd_drives_5a,"[""2022:401404059:7:6"", ""2022:401404059:8:1""]"
0f0517b9392d3555,2021,401309634,Georgia Southern,attribution_only,dip_restore,0.0,corroborated,admitted,cfbd_drives_5a,"[""2021:401309634:19:5"", ""2021:401309634:20:1""]"
0f10c63cf4870b4e,2015,400787305,Delaware State,attribution_only,dip_restore,0.0,game_unusable,reverted_unverified,cfbd_drives_5a,"[""2015:400787305:24:16"", ""2015:400787305:26:1""]"
0f3562360b24c608,2023,401524041,USC,attribution_only,dip_restore,0.0,game_unusable,reverted_unverified,cfbd_drives_5a,"[""2023:401524041:5:7"", ""2023:401524041:7:2""]"
0f37fbf5ff120644,2024,401643836,Appalachian State,attribution_only,dip_restore,0.0,corroborated,admitted,cfbd_drives_5a,"[""2024:401643836:19:11"", ""2024:401643836:20:1""]"
0f6a931cec86bd86,2025,401756956,Arizona State,attribution_only,dip_restore,0.0,game_unusable,reverted_unverified,cfbd_drives_5a,"[""2025:401756956:3:1"", ""2025:401756956:3:9""]"
0f6bbb82f810b20c,2023,401520270,Texas A&M,attribution_only,dip_restore,0.0,game_unusable,reverted_unverified,cfbd_drives_5a,"[""2023:401520270:3:9"", ""2023:401520270:4:2""]"
0f7d56e77c52b102,2021,401282684,Clemson,attribution_only,dip_restore,0.0,game_unusable,reverted_unverified,cfbd_drives_5a,"[""2021:401282684:31:2"", ""2021:401282684:32:1""]"
0faf0ba2aa48a1f1,2023,401525867,Texas Tech,attribution_only,dip_restore,0.0,corroborated,admitted,cfbd_drives_5a,"[""2023:401525867:7:5"", ""2023:401525867:8:1""]"
0fb12f7609904ed4,2021,401309873,Stanford,attribution_only,dip_restore,0.0,corroborated,admitted,cfbd_drives_5a,"[""2021:401309873:18:12"", ""2021:401309873:19:1""]"
0fdfa094f8c568ef,2022,401426543,Hawai_i,attribution_only,dip_restore,0.0,corroborated,admitted,cfbd_drives_5a,"[""2022:401426543:23:9"", ""2022:401426543:24:1""]"
0fe8f4529287b597,2016,400869844,Georgia Southern,attribution_only,dip_restore,0.0,game_unusable,reverted_unverified,cfbd_drives_5a,"[""2016:400869844:19:16"", ""2016:400869844:20:1""]"
10076ad44f0120d1,2022,401426544,Florida International,attribution_only,dip_restore,0.0,corroborated,admitted,cfbd_drives_5a,"[""2022:401426544:25:7"", ""2022:401426544:26:1""]"
100c45b31ee744e7,2021,401301003,Arkansas State,attribution_only,dip_restore,0.0,corroborated,admitted,cfbd_drives_5a,"[""2021:401301003:25:2"", ""2021:401301003:26:1""]"
102fe4959027c112,2023,401525832,TCU,attribution_only,dip_restore,0.0,game_unusable,reverted_unverified,cfbd_drives_5a,"[""2023:401525832:10:1"", ""2023:401525832:2:1"", ""2023:401525832:4:1"", ""2023:401525832:9:1""]"
10305ead502d5648,2025,401754546,Georgia Tech,points_recovery,incomplete_stream,30.0,game_unusable,reverted_unverified,cfbd_drives_5a,"[""2025:401754546:15:16"", ""2025:401754546:17:9"", ""2025:401754546:19:7"", ""2025:401754546:25:10"", ""2025:401754546:27:4"", ""2025:401754546:3:10""]"
103a2d14a0a60c18,2023,401520312,Liberty,attribution_only,dip_restore,0.0,corroborated,admitted,cfbd_drives_5a,"[""2023:401520312:17:17"", ""2023:401520312:18:1""]"
104e23e618aeb97e,2021,401309849,Sacramento State,attribution_only,dip_restore,0.0,game_unusable,reverted_unverified,cfbd_drives_5a,"[""2021:401309849:21:11"", ""2021:401309849:22:2"", ""2021:401309849:23:11"", ""2021:401309849:23:9""]"
105807cc2912b54d,2023,401520372,Middle Tennessee,attribution_only,dip_restore,0.0,corroborated,admitted,cfbd_drives_5a,"[""2023:401520372:12:6"", ""2023:401520372:13:1""]"
10636a4e028f8641,2021,401287897,Kansas State,attribution_only,dip_restore,0.0,game_unusable,reverted_unverified,cfbd_drives_5a,"[""2021:401287897:23:7"", ""2021:401287897:24:1""]"
107631f836c7362b,2016,400869342,Indiana,attribution_only,dip_restore,0.0,game_unusable,reverted_unverified,cfbd_drives_5a,"[""2016:400869342:3:2"", ""2016:400869342:4:6""]"
10898e37750d022b,2024,401635615,Duke,attribution_only,dip_restore,0.0,game_unusable,reverted_unverified,cfbd_drives_5a,"[""2024:401635615:21:8"", ""2024:401635615:22:1""]"
10ce7322902bc269,2025,401756907,Oklahoma State,attribution_only,dip_restore,0.0,game_unusable,reverted_unverified,cfbd_drives_5a,"[""2025:401756907:8:1"", ""2025:401756907:9:4""]"
10e610d04e6be520,2021,401282663,Florida State,attribution_only,dip_restore,0.0,corroborated,admitted,cfbd_drives_5a,"[""2021:401282663:4:7"", ""2021:401282663:5:1""]"
10e7bb878491bd19,2021,401309596,Ohio,attribution_only,dip_restore,0.0,corroborated,admitted,cfbd_drives_5a,"[""2021:401309596:4:10"", ""2021:401309596:5:1""]"
11071282733239c3,2021,401310733,Fresno State,points_reduction,other,-1.0,game_unusable,reverted_unverified,cfbd_drives_5a,"[""2021:401310733:7:5""]"
1180e2ccafd3c217,2016,400869104,Oregon,attribution_only,dip_restore,0.0,corroborated,admitted,cfbd_drives_5a,"[""2016:400869104:4:6"", ""2016:400869104:5:1""]"
11895559b645b477,2021,401310731,Utah State,points_recovery,incomplete_stream,44.0,game_unusable,reverted_unverified,cfbd_drives_5a,"[""2021:401310731:10:11"", ""2021:401310731:11:9"", ""2021:401310731:13:6"", ""2021:401310731:15:8"", ""2021:401310731:19:17"", ""2021:401310731:1:7"", ""2021:401310731:1:8"", ""2021:401310731:2:10"", ""2021:401310731:4:7"", ""2021:401310731:5:7"", ""2021:401310731:6:13"", ""2021:401310731:6:5""]"
11a257657e892ca6,2016,400869126,USC,attribution_only,dip_restore,0.0,corroborated,admitted,cfbd_drives_5a,"[""2016:400869126:12:1"", ""2016:400869126:13:1""]"
11ad3e7671142e1c,2023,401531440,SMU,attribution_only,dip_restore,0.0,corroborated,admitted,cfbd_drives_5a,"[""2023:401531440:14:8"", ""2023:401531440:15:1""]"
11c18b5a112be80f,2022,401414780,UMass,attribution_only,dip_restore,0.0,game_unusable,reverted_unverified,cfbd_drives_5a,"[""2022:401414780:1:1"", ""2022:401414780:4:1""]"
11c510c71b29d3ef,2021,401282655,Wake Forest,attribution_only,dip_restore,0.0,corroborated,admitted,cfbd_drives_5a,"[""2021:401282655:7:7"", ""2021:401282655:8:1""]"
11cca182be0bae09,2021,401301030,Tulsa,attribution_only,dip_restore,0.0,game_unusable,reverted_unverified,cfbd_drives_5a,"[""2021:401301030:21:10"", ""2021:401301030:22:1""]"
11d4db6190b33273,2021,401282076,Mississippi State,attribution_only,dip_restore,0.0,corroborated,admitted,cfbd_drives_5a,"[""2021:401282076:21:7"", ""2021:401282076:22:1""]"
11f633e0c3768755,2023,401523989,Arizona,attribution_only,dip_restore,0.0,corroborated,admitted,cfbd_drives_5a,"[""2023:401523989:15:3"", ""2023:401523989:16:1""]"
12023bd313c2afbd,2021,401309891,Colorado,attribution_only,category_possession_reassignment,0.0,game_unusable,reverted_unverified,cfbd_drives_5a,"[""2021:401309891:14:6"", ""2021:401309891:15:8"", ""2021:401309891:20:7"", ""2021:401309891:23:2""]"
1207f43657bc161e,2025,401762471,East Carolina,attribution_only,dip_restore,0.0,game_unusable,reverted_unverified,cfbd_drives_5a,"[""2025:401762471:1:10"", ""2025:401762471:2:2""]"
120f2c83073739a9,2023,401532431,Eastern Michigan,attribution_only,dip_restore,0.0,corroborated,admitted,cfbd_drives_5a,"[""2023:401532431:20:4"", ""2023:401532431:21:1""]"
121d8dd9ed1156e8,2023,401520326,Tennessee,attribution_only,dip_restore,0.0,game_unusable,reverted_unverified,cfbd_drives_5a,"[""2023:401520326:12:5"", ""2023:401520326:15:1"", ""2023:401520326:17:11"", ""2023:401520326:19:1""]"
122060bcb297b6d7,2021,401282768,Penn State,points_recovery,other,1.0,game_unusable,reverted_unverified,cfbd_drives_5a,"[""2021:401282768:24:15""]"
12227d2860388112,2024,401628369,Oklahoma,attribution_only,dip_restore,0.0,game_unusable,reverted_unverified,cfbd_drives_5a,"[""2024:401628369:28:11"", ""2024:401628369:29:1"", ""2024:401628369:32:12"", ""2024:401628369:33:4""]"
122d540c812ff03a,2023,401531389,UT San Antonio,attribution_only,dip_restore,0.0,corroborated,admitted,cfbd_drives_5a,"[""2023:401531389:4:3"", ""2023:401531389:5:1""]"
122e3138103baeaf,2024,401644690,Northern Illinois,attribution_only,dip_restore,0.0,corroborated,admitted,cfbd_drives_5a,"[""2024:401644690:18:11"", ""2024:401644690:19:1""]"
123bfb71d12ab0a3,2022,401405073,Northwestern,attribution_only,dip_restore,0.0,game_unusable,reverted_unverified,cfbd_drives_5a,"[""2022:401405073:15:11"", ""2022:401405073:16:1"", ""2022:401405073:19:11"", ""2022:401405073:20:2"", ""2022:401405073:20:3"", ""2022:401405073:20:4"", ""2022:401405073:20:5"", ""2022:401405073:21:1"", ""2022:401405073:21:2"", ""2022:401405073:21:3"", ""2022:401405073:21:5"", ""2022:401405073:22:1"", ""2022:401405073:22:10"", ""2022:401405073:22:2"", ""2022:401405073:22:3"", ""2022:401405073:22:5"", ""2022:401405073:22:6"", ""2022:401405073:22:8"", ""2022:401405073:8:1""]"
1262740b8588ae9e,2025,401754568,Pittsburgh,attribution_only,dip_restore,0.0,corroborated,admitted,cfbd_drives_5a,"[""2025:401754568:2:4"", ""2025:401754568:3:1""]"
127cbef1ee45a914,2025,401760387,Boise State,attribution_only,dip_restore,0.0,game_unusable,reverted_unverified,cfbd_drives_5a,"[""2025:401760387:10:1"", ""2025:401760387:9:17""]"
128155e9e6ce0f08,2025,401757222,Austin Peay,attribution_only,dip_restore,0.0,game_unusable,reverted_unverified,cfbd_drives_5a,"[""2025:401757222:13:11"", ""2025:401757222:9:6""]"
128edf16303a9c62,2023,401532410,Eastern Michigan,attribution_only,dip_restore,0.0,game_unusable,reverted_unverified,cfbd_drives_5a,"[""2023:401532410:2:10"", ""2023:401532410:3:1""]"
1294dea9c0f87c30,2025,401752716,Vanderbilt,attribution_only,dip_restore,0.0,corroborated,admitted,cfbd_drives_5a,"[""2025:401752716:10:9"", ""2025:401752716:11:1"", ""2025:401752716:12:8"", ""2025:401752716:13:1""]"
12a7fde7efa733c7,2022,401405089,Temple,attribution_only,dip_restore,0.0,corroborated,admitted,cfbd_drives_5a,"[""2022:401405089:3:12"", ""2022:401405089:4:1""]"
12cc3cecfbb74ba0,2025,401754530,California,points_recovery,dip_restore,7.0,game_unusable,reverted_unverified,cfbd_drives_5a,"[""2025:401754530:12:13"", ""2025:401754530:15:18"", ""2025:401754530:15:7"", ""2025:401754530:16:18"", ""2025:401754530:16:5""]"
12eb9691cf727d96,2021,401301036,UCF,attribution_only,category_possession_reassignment,0.0,game_unusable,reverted_unverified,cfbd_drives_5a,"[""2021:401301036:3:7"", ""2021:401301036:4:5""]"
12f69246fc5d7558,2025,401760417,Utah State,points_recovery,incomplete_stream,28.0,game_unusable,reverted_unverified,cfbd_drives_5a,"[""2025:401760417:17:17"", ""2025:401760417:21:20"", ""2025:401760417:21:4"", ""2025:401760417:22:1"", ""2025:401760417:5:1"", ""2025:401760417:6:6"", ""2025:401760417:7:3"", ""2025:401760417:8:4""]"
130cb6cae929b3bf,2025,401762501,Memphis,attribution_only,dip_restore,0.0,indistinguishable_at_drive_level,reverted_unverified,cfbd_drives_5a,"[""2025:401762501:11:12"", ""2025:401762501:11:5""]"
130e422f1073f9d2,2025,401754575,Syracuse,attribution_only,dip_restore,0.0,game_unusable,reverted_unverified,cfbd_drives_5a,"[""2025:401754575:2:4"", ""2025:401754575:5:5"", ""2025:401754575:7:11"", ""2025:401754575:7:17""]"
132d52b9ca1c71d7,2025,401756942,Utah,attribution_only,dip_restore,0.0,cfbd_supports_baseline,reverted_contradicted,cfbd_drives_5a,"[""2025:401756942:2:17"", ""2025:401756942:2:7""]"
1339c4fcd5d38f3a,2017,400985387,UMass,attribution_only,dip_restore,0.0,corroborated,admitted,cfbd_drives_5a,"[""2017:400985387:27:9"", ""2017:400985387:28:1""]"
136cd278bb75b51e,2017,400985387,Florida International,attribution_only,dip_restore,0.0,corroborated,admitted,cfbd_drives_5a,"[""2017:400985387:15:4"", ""2017:400985387:16:1""]"
13913c97cfda2ebf,2024,401644757,Buffalo,points_recovery,restoration_gt8,14.0,game_unusable,reverted_unverified,cfbd_drives_5a,"[""2024:401644757:5:2"", ""2024:401644757:7:8""]"
13964dd2171f0bdc,2019,401117513,Colorado State,attribution_only,dip_restore,0.0,game_unusable,reverted_unverified,cfbd_drives_5a,"[""2019:401117513:12:2"", ""2019:401117513:14:1""]"
139fd156569042f7,2023,401520430,Georgia,attribution_only,dip_restore,0.0,corroborated,admitted,cfbd_drives_5a,"[""2023:401520430:8:12"", ""2023:401520430:9:1""]"
13b74f4fc4ab8458,2024,401643778,East Carolina,attribution_only,dip_restore,0.0,corroborated,admitted,cfbd_drives_5a,"[""2024:401643778:1:11"", ""2024:401643778:2:1""]"
13d0352e8ca8e617,2025,401756894,Abilene Christian,attribution_only,dip_restore,0.0,game_unusable,reverted_unverified,cfbd_drives_5a,"[""2025:401756894:14:14"", ""2025:401756894:15:5"", ""2025:401756894:16:8""]"
13fe0617dd17d919,2024,401628984,Notre Dame,attribution_only,dip_restore,0.0,corroborated,admitted,cfbd_drives_5a,"[""2024:401628984:23:13"", ""2024:401628984:24:1""]"
140bfab1b82dd351,2017,400938639,North Texas,attribution_only,other,0.0,cfbd_matches_neither,reverted_contradicted,cfbd_drives_5a,"[""2017:400938639:22:15"", ""2017:400938639:23:1""]"
145106e5412d36ca,2018,401019512,Navy,attribution_only,dip_restore,0.0,corroborated,admitted,cfbd_drives_5a,"[""2018:401019512:21:16"", ""2018:401019512:22:1"", ""2018:401019512:23:3"", ""2018:401019512:24:1""]"
145f5a91194b671e,2021,401282266,Rice,attribution_only,final_cap,0.0,game_unusable,reverted_unverified,cfbd_drives_5a,"[""2021:401282266:23:1"", ""2021:401282266:23:11"", ""2021:401282266:23:12"", ""2021:401282266:23:2"", ""2021:401282266:23:3"", ""2021:401282266:23:5"", ""2021:401282266:23:6"", ""2021:401282266:23:7"", ""2021:401282266:23:9"", ""2021:401282266:24:1"", ""2021:401282266:24:2"", ""2021:401282266:24:3"", ""2021:401282266:24:4"", ""2021:401282266:24:5"", ""2021:401282266:24:6"", ""2021:401282266:24:7"", ""2021:401282266:24:8"", ""2021:401282266:24:9""]"
14817a8f4973a483,2023,401525857,Kansas State,attribution_only,dip_restore,0.0,corroborated,admitted,cfbd_drives_5a,"[""2023:401525857:17:11"", ""2023:401525857:18:1""]"
148bce8b1ebfe23f,2022,401426563,Indiana,attribution_only,dip_restore,0.0,game_unusable,reverted_unverified,cfbd_drives_5a,"[""2022:401426563:16:13"", ""2022:401426563:16:4"", ""2022:401426563:20:11"", ""2022:401426563:3:7"", ""2022:401426563:8:6""]"
14915f620b8b9519,2017,400945031,BYU,attribution_only,dip_restore,0.0,corroborated,admitted,cfbd_drives_5a,"[""2017:400945031:18:15"", ""2017:400945031:19:1""]"
14937ce210b0537c,2019,401183793,Air Force,attribution_only,dip_restore,0.0,cfbd_matches_neither,reverted_contradicted,cfbd_drives_5a,"[""2019:401183793:10:12"", ""2019:401183793:11:1""]"
14a504110f0c5215,2015,400787419,Troy,attribution_only,dip_restore,0.0,corroborated,admitted,cfbd_drives_5a,"[""2015:400787419:20:7"", ""2015:400787419:21:1""]"
14bac5e5439cb47e,2022,401426604,Florida International,attribution_only,dip_restore,0.0,game_unusable,reverted_unverified,cfbd_drives_5a,"[""2022:401426604:10:1"", ""2022:401426604:9:11""]"
14bd253ed9483562,2022,401415659,South Florida,attribution_only,dip_restore,0.0,game_unusable,reverted_unverified,cfbd_drives_5a,"[""2022:401415659:16:10"", ""2022:401415659:17:1""]"
14d86314e24d54e0,2019,401114247,Charlotte,attribution_only,dip_restore,0.0,game_unusable,reverted_unverified,cfbd_drives_5a,"[""2019:401114247:4:7"", ""2019:401114247:5:1""]"
14e6e631f18fe500,2023,401525905,Oklahoma State,points_reduction,incomplete_stream,-13.0,game_unusable,reverted_unverified,cfbd_drives_5a,"[""2023:401525905:29:2"", ""2023:401525905:30:2""]"
14f2e2e68fcbdceb,2021,401310733,Fresno State,points_recovery,other,1.0,game_unusable,reverted_unverified,cfbd_drives_5a,"[""2021:401310733:3:16""]"
14fa451cd29b261e,2025,401761590,Weber State,attribution_only,dip_restore,0.0,game_unusable,reverted_unverified,cfbd_drives_5a,"[""2025:401761590:11:2"", ""2025:401761590:8:4""]"
1542c2e5c81d373f,2017,400986609,Austin Peay,attribution_only,dip_restore,0.0,game_unusable,reverted_unverified,cfbd_drives_5a,"[""2017:400986609:18:7"", ""2017:400986609:19:1""]"
1545d9f361a8f42e,2022,401416640,Central Michigan,attribution_only,dip_restore,0.0,corroborated,admitted,cfbd_drives_5a,"[""2022:401416640:11:2"", ""2022:401416640:12:1""]"
1548c4a72d262fa0,2021,401282726,Maryland,points_reduction,category_possession_reassignment,-1.0,game_unusable,reverted_unverified,cfbd_drives_5a,"[""2021:401282726:22:13"", ""2021:401282726:23:8"", ""2021:401282726:24:7""]"
15498142857476cd,2024,401636616,Tulane,attribution_only,incomplete_stream,0.0,game_unusable,reverted_unverified,cfbd_drives_5a,"[""2024:401636616:8:1"", ""2024:401636616:8:2""]"
154d3994b06e11d6,2023,401532450,Bowling Green,attribution_only,dip_restore,0.0,corroborated,admitted,cfbd_drives_5a,"[""2023:401532450:3:1"", ""2023:401532450:4:1""]"
1559ca5cfb02b0a0,2024,401643751,Fresno State,attribution_only,dip_restore,0.0,corroborated,admitted,cfbd_drives_5a,"[""2024:401643751:5:6"", ""2024:401643751:6:2""]"
155c71071ef90990,2022,401404148,Syracuse,attribution_only,dip_restore,0.0,game_unusable,reverted_unverified,cfbd_drives_5a,"[""2022:401404148:4:2"", ""2022:401404148:6:5""]"
1579d21631b5a371,2024,401637159,Portland State,attribution_only,dip_restore,0.0,corroborated,admitted,cfbd_drives_5a,"[""2024:401637159:2:5"", ""2024:401637159:3:1""]"
1579d3e0e52cfb29,2021,401282701,Duke,points_recovery,incomplete_stream,7.0,game_unusable,reverted_unverified,cfbd_drives_5a,"[""2021:401282701:3:1"", ""2021:401282701:3:2""]"
158effc15df3ff16,2024,401628339,Georgia,attribution_only,dip_restore,0.0,corroborated,admitted,cfbd_drives_5a,"[""2024:401628339:13:1"", ""2024:401628339:14:1""]"
159c36dae91fbbd6,2023,401520189,Florida International,attribution_only,restoration_gt8,0.0,game_unusable,reverted_unverified,cfbd_drives_5a,"[""2023:401520189:12:1"", ""2023:401520189:13:1"", ""2023:401520189:14:6"", ""2023:401520189:15:1"", ""2023:401520189:19:1"", ""2023:401520189:20:3"", ""2023:401520189:2:1"", ""2023:401520189:5:2"", ""2023:401520189:6:1""]"
15a52f91c7ba904d,2017,400945269,San Jose State,attribution_only,dip_restore,0.0,corroborated,admitted,cfbd_drives_5a,"[""2017:400945269:21:14"", ""2017:400945269:22:1""]"
15bb433e325b34c2,2023,401532572,Bryant,points_recovery,dip_restore,7.0,game_unusable,reverted_unverified,cfbd_drives_5a,"[""2023:401532572:12:1"", ""2023:401532572:16:1"", ""2023:401532572:17:2"", ""2023:401532572:18:2"", ""2023:401532572:18:3"", ""2023:401532572:20:7""]"
15bed1ccc93ddfa5,2023,401525868,Baylor,attribution_only,restoration_gt8,0.0,game_unusable,reverted_unverified,cfbd_drives_5a,"[""2023:401525868:6:8"", ""2023:401525868:7:1""]"
15ed85f9e6cdf4bc,2022,401405109,Maryland,points_recovery,dip_restore,2.0,game_unusable,reverted_unverified,cfbd_drives_5a,"[""2022:401405109:22:12"", ""2022:401405109:26:6"", ""2022:401405109:27:1""]"
15f7dec5f7c8c026,2025,401757296,Florida International,attribution_only,category_possession_reassignment,0.0,corroborated,admitted,cfbd_drives_5a,"[""2025:401757296:10:6"", ""2025:401757296:11:1""]"
15fd93b2d73d9cb9,2025,401756916,Arizona,points_recovery,incomplete_stream,27.0,game_unusable,reverted_unverified,cfbd_drives_5a,"[""2025:401756916:10:9"", ""2025:401756916:17:11"", ""2025:401756916:22:1"", ""2025:401756916:23:6"", ""2025:401756916:6:10"", ""2025:401756916:8:11""]"
160b2dad3fe797b2,2022,401404124,Ohio State,attribution_only,dip_restore,0.0,corroborated,admitted,cfbd_drives_5a,"[""2022:401404124:4:5"", ""2022:401404124:5:1""]"
1610aba7d6b3d300,2017,400935267,Boise State,attribution_only,dip_restore,0.0,corroborated,admitted,cfbd_drives_5a,"[""2017:400935267:1:8"", ""2017:400935267:2:1""]"
16316f43f55b6501,2025,401761597,Coastal Carolina,attribution_only,dip_restore,0.0,corroborated,admitted,cfbd_drives_5a,"[""2025:401761597:19:20"", ""2025:401761597:20:1""]"
16765004104c9027,2025,401762830,Ball State,attribution_only,dip_restore,0.0,corroborated,admitted,cfbd_drives_5a,"[""2025:401762830:22:12"", ""2025:401762830:23:1""]"
169a4ac6baee707e,2025,401762843,Ohio,points_recovery,incomplete_stream,23.0,game_unusable,reverted_unverified,cfbd_drives_5a,"[""2025:401762843:12:4"", ""2025:401762843:13:1"", ""2025:401762843:14:10"", ""2025:401762843:16:13"", ""2025:401762843:19:15"", ""2025:401762843:2:2"", ""2025:401762843:3:1"", ""2025:401762843:4:12"", ""2025:401762843:5:1"", ""2025:401762843:6:12""]"
16b194f577499aa5,2025,401762826,Central Michigan,attribution_only,dip_restore,0.0,corroborated,admitted,cfbd_drives_5a,"[""2025:401762826:5:15"", ""2025:401762826:6:1""]"
16b5370cde0136b8,2022,401404111,Kansas,points_recovery,incomplete_stream,28.0,game_unusable,reverted_unverified,cfbd_drives_5a,"[""2022:401404111:10:4"", ""2022:401404111:14:1"", ""2022:401404111:20:7"", ""2022:401404111:2:5"", ""2022:401404111:6:5"", ""2022:401404111:7:14"", ""2022:401404111:8:2"", ""2022:401404111:8:9"", ""2022:401404111:9:2"", ""2022:401404111:9:8""]"
16ea405d8b7b594c,2022,401404130,Notre Dame,attribution_only,dip_restore,0.0,game_unusable,reverted_unverified,cfbd_drives_5a,"[""2022:401404130:10:11"", ""2022:401404130:11:1"", ""2022:401404130:2:6"", ""2022:401404130:3:1""]"
171654fb463a3f9d,2022,401404134,Coastal Carolina,attribution_only,dip_restore,0.0,corroborated,admitted,cfbd_drives_5a,"[""2022:401404134:14:13"", ""2022:401404134:15:1""]"
1768dafc5939cd52,2021,401309546,South Alabama,points_recovery,incomplete_stream,18.0,game_unusable,reverted_unverified,cfbd_drives_5a,"[""2021:401309546:14:1"", ""2021:401309546:17:1"", ""2021:401309546:1:2"", ""2021:401309546:25:1"", ""2021:401309546:7:2""]"
176a2998fdbebac4,2022,401426335,Arkansas State,points_recovery,restoration_gt8,2.0,game_unusable,reverted_unverified,cfbd_drives_5a,"[""2022:401426335:12:1""]"
1774359564cbf296,2024,401628328,Oklahoma,attribution_only,dip_restore,0.0,corroborated,admitted,cfbd_drives_5a,"[""2024:401628328:16:2"", ""2024:401628328:17:1""]"
1783da169f92ae5d,2025,401760371,UNLV,attribution_only,restoration_gt8,0.0,game_unusable,reverted_unverified,cfbd_drives_5a,"[""2025:401760371:10:1"", ""2025:401760371:10:4""]"
17ae0e4491cb5238,2016,400869238,New Mexico,attribution_only,dip_restore,0.0,corroborated,admitted,cfbd_drives_5a,"[""2016:400869238:10:1"", ""2016:400869238:9:10""]"
17b5ce6dd531e15a,2017,400935260,USC,attribution_only,dip_restore,0.0,game_unusable,reverted_unverified,cfbd_drives_5a,"[""2017:400935260:6:4"", ""2017:400935260:7:2""]"
17decb9ad229a449,2025,401752695,Vanderbilt,attribution_only,dip_restore,0.0,corroborated,admitted,cfbd_drives_5a,"[""2025:401752695:12:10"", ""2025:401752695:13:1""]"
180f3d2cb4d017bc,2025,401756911,Baylor,attribution_only,dip_restore,0.0,corroborated,admitted,cfbd_drives_5a,"[""2025:401756911:2:14"", ""2025:401756911:3:1""]"
182f2e34aa61b346,2023,401520395,Purdue,attribution_only,dip_restore,0.0,corroborated,admitted,cfbd_drives_5a,"[""2023:401520395:8:8"", ""2023:401520395:9:1""]"
186211db2444ed52,2022,401404094,Kansas,points_recovery,incomplete_stream,28.0,game_unusable,reverted_unverified,cfbd_drives_5a,"[""2022:401404094:14:1"", ""2022:401404094:1:23"", ""2022:401404094:1:28"", ""2022:401404094:1:3"", ""2022:401404094:2:1"", ""2022:401404094:2:2"", ""2022:401404094:3:2"", ""2022:401404094:4:1"", ""2022:401404094:8:2""]"
186ababba786abf4,2023,401520206,Middle Tennessee,attribution_only,dip_restore,0.0,corroborated,admitted,cfbd_drives_5a,"[""2023:401520206:11:14"", ""2023:401520206:12:1""]"
1893d776eac32891,2022,401415259,Fresno State,points_recovery,incomplete_stream,23.0,game_unusable,reverted_unverified,cfbd_drives_5a,"[""2022:401415259:10:1"", ""2022:401415259:1:12"", ""2022:401415259:1:16"", ""2022:401415259:1:21"", ""2022:401415259:2:5"", ""2022:401415259:3:1"", ""2022:401415259:4:3"", ""2022:401415259:6:1"", ""2022:401415259:7:1"", ""2022:401415259:8:1""]"
18b00184cdf7baa2,2021,401331160,Northern Illinois,attribution_only,dip_restore,0.0,corroborated,admitted,cfbd_drives_5a,"[""2021:401331160:11:1"", ""2021:401331160:12:1""]"
18e6adf4fdbadd0d,2023,401532452,Ohio,attribution_only,final_cap,0.0,game_unusable,reverted_unverified,cfbd_drives_5a,"[""2023:401532452:16:1"", ""2023:401532452:16:2"", ""2023:401532452:16:3"", ""2023:401532452:16:4"", ""2023:401532452:16:5"", ""2023:401532452:17:1"", ""2023:401532452:17:2"", ""2023:401532452:17:3"", ""2023:401532452:17:4"", ""2023:401532452:17:5"", ""2023:401532452:17:6"", ""2023:401532452:18:1"", ""2023:401532452:18:2"", ""2023:401532452:18:3"", ""2023:401532452:18:4"", ""2023:401532452:18:5"", ""2023:401532452:19:1"", ""2023:401532452:19:2"", ""2023:401532452:19:3"", ""2023:401532452:19:4"", ""2023:401532452:19:5""]"
18ef23e37ab87743,2023,401532408,Miami (OH),attribution_only,dip_restore,0.0,game_unusable,reverted_unverified,cfbd_drives_5a,"[""2023:401532408:1:1"", ""2023:401532408:1:8"", ""2023:401532408:3:3"", ""2023:401532408:5:1""]"
18f4e370a5546fad,2021,401301053,Memphis,attribution_only,dip_restore,0.0,corroborated,admitted,cfbd_drives_5a,"[""2021:401301053:17:4"", ""2021:401301053:18:1""]"
18fb70f49aca313b,2021,401310720,Utah State,attribution_only,dip_restore,0.0,game_unusable,reverted_unverified,cfbd_drives_5a,"[""2021:401310720:2:2"", ""2021:401310720:7:2""]"
1907657a52edb6af,2021,401282216,Middle Tennessee,attribution_only,dip_restore,0.0,game_unusable,reverted_unverified,cfbd_drives_5a,"[""2021:401282216:3:10"", ""2021:401282216:4:1""]"
1910e92538d63d64,2021,401282201,Old Dominion,attribution_only,dip_restore,0.0,corroborated,admitted,cfbd_drives_5a,"[""2021:401282201:13:14"", ""2021:401282201:14:1""]"
1913434cc86eb10d,2016,400869222,UNLV,points_recovery,incomplete_stream,20.0,game_unusable,reverted_unverified,cfbd_drives_5a,"[""2016:400869222:14:13"", ""2016:400869222:18:10"", ""2016:400869222:19:5"", ""2016:400869222:20:12"", ""2016:400869222:22:9""]"
1916ad6ee30acd97,2017,400934511,Texas,attribution_only,dip_restore,0.0,game_unusable,reverted_unverified,cfbd_drives_5a,"[""2017:400934511:30:5"", ""2017:400934511:32:5""]"
193e1031398d5c64,2022,401404064,Iowa,attribution_only,dip_restore,0.0,corroborated,admitted,cfbd_drives_5a,"[""2022:401404064:2:1"", ""2022:401404064:3:1""]"
19488f583fee782d,2024,401643703,Utah State,attribution_only,dip_restore,0.0,corroborated,admitted,cfbd_drives_5a,"[""2024:401643703:24:2"", ""2024:401643703:25:2""]"
196bf348fff6f4cc,2022,401404065,West Virginia,points_recovery,incomplete_stream,21.0,game_unusable,reverted_unverified,cfbd_drives_5a,"[""2022:401404065:16:10"", ""2022:401404065:1:3"", ""2022:401404065:2:2"", ""2022:401404065:3:1"", ""2022:401404065:7:1"", ""2022:401404065:7:2"", ""2022:401404065:8:2"", ""2022:401404065:9:5""]"
19af3e4c2586ff1c,2022,401426353,Georgia State,attribution_only,dip_restore,0.0,game_unusable,reverted_unverified,cfbd_drives_5a,"[""2022:401426353:4:7"", ""2022:401426353:5:2""]"
1a0bbfbd15c5d09d,2025,401762838,Ball State,attribution_only,dip_restore,0.0,game_unusable,reverted_unverified,cfbd_drives_5a,"[""2025:401762838:18:1"", ""2025:401762838:19:1""]"
1a160eba2c0adfb4,2024,401644753,Ball State,attribution_only,dip_restore,0.0,corroborated,admitted,cfbd_drives_5a,"[""2024:401644753:5:10"", ""2024:401644753:6:1""]"
1a2011f0d33c903f,2024,401628334,LSU,attribution_only,dip_restore,0.0,corroborated,admitted,cfbd_drives_5a,"[""2024:401628334:12:9"", ""2024:401628334:13:1""]"
1a3ec5b70985de97,2023,401520400,UMass,attribution_only,dip_restore,0.0,game_unusable,reverted_unverified,cfbd_drives_5a,"[""2023:401520400:20:6"", ""2023:401520400:21:1""]"
1a4801277dfe1e12,2023,401520222,Buffalo,attribution_only,dip_restore,0.0,game_unusable,reverted_unverified,cfbd_drives_5a,"[""2023:401520222:24:1"", ""2023:401520222:25:13"", ""2023:401520222:26:1""]"
1a51542b19ebc2ec,2021,401331229,South Carolina,attribution_only,dip_restore,0.0,corroborated,admitted,cfbd_drives_5a,"[""2021:401331229:2:4"", ""2021:401331229:3:1""]"
1a64e1b14860a608,2024,401643711,New Mexico,attribution_only,dip_restore,0.0,corroborated,admitted,cfbd_drives_5a,"[""2024:401643711:20:12"", ""2024:401643711:21:1""]"
1a8d95a989b31c43,2017,400934567,Army,attribution_only,dip_restore,0.0,corroborated,admitted,cfbd_drives_5a,"[""2017:400934567:2:16"", ""2017:400934567:3:1""]"
1a90045195de55cf,2021,401282731,Indiana,attribution_only,dip_restore,0.0,corroborated,admitted,cfbd_drives_5a,"[""2021:401282731:20:16"", ""2021:401282731:21:1""]"
1aaf2fd78afe7ed2,2024,401636613,Texas Tech,attribution_only,final_cap,0.0,game_unusable,reverted_unverified,cfbd_drives_5a,"[""2024:401636613:25:2"", ""2024:401636613:25:3"", ""2024:401636613:25:4"", ""2024:401636613:25:5"", ""2024:401636613:25:6""]"
1ab0466db077505b,2025,401760394,Hawai_i,attribution_only,dip_restore,0.0,corroborated,admitted,cfbd_drives_5a,"[""2025:401760394:20:10"", ""2025:401760394:21:1""]"
1ac4974a0a14c780,2024,401643827,Louisiana,attribution_only,dip_restore,0.0,corroborated,admitted,cfbd_drives_5a,"[""2024:401643827:21:9"", ""2024:401643827:22:1""]"
1acbd6bfaa5ac763,2023,401525900,Oklahoma,attribution_only,other,0.0,game_unusable,reverted_unverified,cfbd_drives_5a,"[""2023:401525900:25:6"", ""2023:401525900:26:2""]"
1b325ee31ac83287,2015,400603838,Texas A&M,attribution_only,dip_restore,0.0,game_unusable,reverted_unverified,cfbd_drives_5a,"[""2015:400603838:30:3"", ""2015:400603838:31:1""]"
1b3599ec560a799d,2016,400869820,Louisiana,attribution_only,dip_restore,0.0,game_unusable,reverted_unverified,cfbd_drives_5a,"[""2016:400869820:28:7"", ""2016:400869820:29:1""]"
1b39ab86483ea164,2023,401525847,Kansas,attribution_only,dip_restore,0.0,game_unusable,reverted_unverified,cfbd_drives_5a,"[""2023:401525847:11:4"", ""2023:401525847:12:2""]"
1b5e5c39cc1d4d30,2016,400869158,UCLA,attribution_only,dip_restore,0.0,game_unusable,reverted_unverified,cfbd_drives_5a,"[""2016:400869158:10:1"", ""2016:400869158:7:8"", ""2016:400869158:8:1"", ""2016:400869158:8:5""]"
1baf64564ab30339,2023,401520423,Sam Houston State,attribution_only,dip_restore,0.0,corroborated,admitted,cfbd_drives_5a,"[""2023:401520423:17:1"", ""2023:401520423:18:1""]"
1bb4731c294d7c87,2015,400787460,Troy,attribution_only,dip_restore,0.0,corroborated,admitted,cfbd_drives_5a,"[""2015:400787460:23:11"", ""2015:400787460:24:1""]"
1bd64b8f1791cc04,2024,401644757,Akron,attribution_only,dip_restore,0.0,game_unusable,reverted_unverified,cfbd_drives_5a,"[""2024:401644757:23:8"", ""2024:401644757:25:1""]"
1bd9894f21571bad,2017,400944890,Central Michigan,attribution_only,dip_restore,0.0,game_unusable,reverted_unverified,cfbd_drives_5a,"[""2017:400944890:40:9"", ""2017:400944890:43:1""]"
1c0523407d78d7c8,2025,401760391,San Jose State,attribution_only,dip_restore,0.0,game_unusable,reverted_unverified,cfbd_drives_5a,"[""2025:401760391:1:6"", ""2025:401760391:2:2""]"
1c4108c8e820f61b,2021,401319455,New Mexico State,attribution_only,dip_restore,0.0,game_unusable,reverted_unverified,cfbd_drives_5a,"[""2021:401319455:5:7"", ""2021:401319455:6:1""]"
1c517f40872be8f9,2016,400869525,Houston,points_recovery,incomplete_stream,21.0,game_unusable,reverted_unverified,cfbd_drives_5a,"[""2016:400869525:16:1"", ""2016:400869525:17:7"", ""2016:400869525:20:4"", ""2016:400869525:21:1""]"
1c51a704ae613d05,2023,401525825,Texas Tech,points_recovery,incomplete_stream,19.0,game_unusable,reverted_unverified,cfbd_drives_5a,"[""2023:401525825:23:15"", ""2023:401525825:25:5"", ""2023:401525825:26:5"", ""2023:401525825:27:5"", ""2023:401525825:8:4""]"
1c6a4ae2fa327541,2017,400959398,Purdue,attribution_only,dip_restore,0.0,game_unusable,reverted_unverified,cfbd_drives_5a,"[""2017:400959398:10:14"", ""2017:400959398:11:1""]"
1c71674c4ea9bc90,2024,401636909,Kansas State,attribution_only,dip_restore,0.0,game_unusable,reverted_unverified,cfbd_drives_5a,"[""2024:401636909:13:1"", ""2024:401636909:17:9""]"
1c7eb6e6cac2ba87,2025,401762844,Buffalo,attribution_only,dip_restore,0.0,game_unusable,reverted_unverified,cfbd_drives_5a,"[""2025:401762844:17:3"", ""2025:401762844:7:1""]"
1c7f2ac038e396e3,2022,401437030,Kansas State,attribution_only,dip_restore,0.0,corroborated,admitted,cfbd_drives_5a,"[""2022:401437030:17:4"", ""2022:401437030:18:1""]"
1c91bcbc77abf063,2025,401757267,Louisiana Monroe,attribution_only,dip_restore,0.0,corroborated,admitted,cfbd_drives_5a,"[""2025:401757267:8:7"", ""2025:401757267:9:1""]"
1c924f721d78f0a3,2017,400941788,Holy Cross,attribution_only,dip_restore,0.0,game_unusable,reverted_unverified,cfbd_drives_5a,"[""2017:400941788:10:12"", ""2017:400941788:11:1""]"
1c9939f442e8793b,2025,401760371,UNLV,points_recovery,restoration_gt8,4.0,game_unusable,reverted_unverified,cfbd_drives_5a,"[""2025:401760371:17:1"", ""2025:401760371:19:1""]"
1cb4e71678c7b8b9,2022,401426584,Florida International,attribution_only,dip_restore,0.0,corroborated,admitted,cfbd_drives_5a,"[""2022:401426584:26:11"", ""2022:401426584:27:1""]"
1cbc4fbda7a45863,2022,401403880,Louisiana Monroe,attribution_only,final_cap,0.0,game_unusable,reverted_unverified,cfbd_drives_5a,"[""2022:401403880:24:1"", ""2022:401403880:24:2"", ""2022:401403880:24:3"", ""2022:401403880:25:1"", ""2022:401403880:25:2"", ""2022:401403880:25:3"", ""2022:401403880:25:5"", ""2022:401403880:25:6"", ""2022:401403880:25:7"", ""2022:401403880:25:9""]"
1cd0bf90d6f9c5d8,2021,401309589,Toledo,attribution_only,dip_restore,0.0,game_unusable,reverted_unverified,cfbd_drives_5a,"[""2021:401309589:16:1"", ""2021:401309589:17:1""]"
1ce57e11f485c240,2021,401300998,SMU,attribution_only,category_possession_reassignment,0.0,game_unusable,reverted_unverified,cfbd_drives_5a,"[""2021:401300998:10:1"", ""2021:401300998:2:3"", ""2021:401300998:4:1"", ""2021:401300998:8:15""]"
1cf359dc4f2b0475,2017,400933897,Missouri,attribution_only,dip_restore,0.0,game_unusable,reverted_unverified,cfbd_drives_5a,"[""2017:400933897:4:7"", ""2017:400933897:6:1""]"
1cfa60b2cc7ece23,2019,401112452,Georgia Tech,attribution_only,dip_restore,0.0,game_unusable,reverted_unverified,cfbd_drives_5a,"[""2019:401112452:19:10"", ""2019:401112452:20:1""]"
1d0fd6b524e98dc2,2019,401114247,Charlotte,attribution_only,dip_restore,0.0,game_unusable,reverted_unverified,cfbd_drives_5a,"[""2019:401114247:26:20"", ""2019:401114247:27:2""]"
1d74c6c695b656b0,2024,401635532,Clemson,attribution_only,dip_restore,0.0,corroborated,admitted,cfbd_drives_5a,"[""2024:401635532:11:5"", ""2024:401635532:12:1""]"
1d99237518b8824b,2025,401761647,Southern Mississippi,attribution_only,dip_restore,0.0,game_unusable,reverted_unverified,cfbd_drives_5a,"[""2025:401761647:10:2"", ""2025:401761647:11:2""]"
1daf63f7b5854bc2,2021,401282726,Indiana,attribution_only,category_possession_reassignment,0.0,game_unusable,reverted_unverified,cfbd_drives_5a,"[""2021:401282726:15:11"", ""2021:401282726:18:5"", ""2021:401282726:19:9"", ""2021:401282726:7:8""]"
1dc243284a53ecd8,2022,401416650,Central Michigan,attribution_only,dip_restore,0.0,corroborated,admitted,cfbd_drives_5a,"[""2022:401416650:22:10"", ""2022:401416650:23:1""]"
1de1f711b89a4d1e,2021,401282703,Virginia,attribution_only,dip_restore,0.0,corroborated,admitted,cfbd_drives_5a,"[""2021:401282703:2:12"", ""2021:401282703:3:1""]"
1de44bedb2d25b9e,2015,400764870,Cincinnati,attribution_only,dip_restore,0.0,corroborated,admitted,cfbd_drives_5a,"[""2015:400764870:15:7"", ""2015:400764870:16:1""]"
1e0df0ef065e44f9,2021,401287893,Texas State,attribution_only,dip_restore,0.0,game_unusable,reverted_unverified,cfbd_drives_5a,"[""2021:401287893:15:11"", ""2021:401287893:16:1""]"
1e0f88e553640737,2021,401309840,Washington State,points_recovery,incomplete_stream,16.0,game_unusable,reverted_unverified,cfbd_drives_5a,"[""2021:401309840:14:3"", ""2021:401309840:15:1"", ""2021:401309840:15:13"", ""2021:401309840:16:9"", ""2021:401309840:18:10""]"
1e551d2209169635,2025,401752730,Texas A&M,attribution_only,final_cap,0.0,game_unusable,reverted_unverified,cfbd_drives_5a,"[""2025:401752730:24:1"", ""2025:401752730:24:2"", ""2025:401752730:24:3"", ""2025:401752730:24:4"", ""2025:401752730:24:5"", ""2025:401752730:24:6"", ""2025:401752730:24:7"", ""2025:401752730:25:1"", ""2025:401752730:25:2"", ""2025:401752730:25:3"", ""2025:401752730:25:4"", ""2025:401752730:25:5"", ""2025:401752730:25:6""]"
1e924e6a87c76c94,2023,401520364,Missouri,attribution_only,final_cap,0.0,game_unusable,reverted_unverified,cfbd_drives_5a,"[""2023:401520364:16:1"", ""2023:401520364:16:2"", ""2023:401520364:16:3"", ""2023:401520364:16:4"", ""2023:401520364:16:5"", ""2023:401520364:16:6"", ""2023:401520364:16:7"", ""2023:401520364:16:8"", ""2023:401520364:16:9""]"
1e978314607ee450,2021,401301044,Tulsa,points_recovery,dip_restore,7.0,game_unusable,reverted_unverified,cfbd_drives_5a,"[""2021:401301044:29:4""]"
1ea7df5d16deaad8,2023,401525542,Georgia Tech,points_reduction,category_possession_reassignment,-7.0,game_unusable,reverted_unverified,cfbd_drives_5a,"[""2023:401525542:8:16""]"
1eb8c63eab17ed55,2019,401119293,Akron,attribution_only,dip_restore,0.0,corroborated,admitted,cfbd_drives_5a,"[""2019:401119293:3:6"", ""2019:401119293:4:1""]"
1eb992d33bd8ad9f,2025,401752814,USC,attribution_only,dip_restore,0.0,corroborated,admitted,cfbd_drives_5a,"[""2025:401752814:24:3"", ""2025:401752814:25:1""]"
1ed4aaae1898f648,2022,401415266,Hawai_i,attribution_only,dip_restore,0.0,corroborated,admitted,cfbd_drives_5a,"[""2022:401415266:2:11"", ""2022:401415266:3:1""]"
1ed7f8a84e4c11d5,2021,401309647,Texas State,attribution_only,dip_restore,0.0,game_unusable,reverted_unverified,cfbd_drives_5a,"[""2021:401309647:2:1"", ""2021:401309647:5:1"", ""2021:401309647:6:8""]"
1efc9d20bba9cce8,2022,401415614,Lafayette,attribution_only,dip_restore,0.0,game_unusable,reverted_unverified,cfbd_drives_5a,"[""2022:401415614:10:3"", ""2022:401415614:10:6"", ""2022:401415614:12:14"", ""2022:401415614:5:3"", ""2022:401415614:6:10"", ""2022:401415614:7:8"", ""2022:401415614:9:5""]"
1efe04bbbcb5cb8c,2025,401757293,Delaware,attribution_only,dip_restore,0.0,game_unusable,reverted_unverified,cfbd_drives_5a,"[""2025:401757293:14:7"", ""2025:401757293:15:13""]"
1eff74987f6b4822,2025,401778333,Navy,attribution_only,dip_restore,0.0,game_unusable,reverted_unverified,cfbd_drives_5a,"[""2025:401778333:19:7"", ""2025:401778333:21:1""]"
1f1f8c3703700d72,2023,401525881,Cincinnati,attribution_only,dip_restore,0.0,corroborated,admitted,cfbd_drives_5a,"[""2023:401525881:20:7"", ""2023:401525881:21:2""]"
1f393bc3dbca9368,2025,401756913,Houston,attribution_only,dip_restore,0.0,game_unusable,reverted_unverified,cfbd_drives_5a,"[""2025:401756913:11:5"", ""2025:401756913:15:1"", ""2025:401756913:6:1"", ""2025:401756913:7:8"", ""2025:401756913:9:1""]"
1f4ea136a051a9c2,2018,401022539,UNLV,attribution_only,dip_restore,0.0,corroborated,admitted,cfbd_drives_5a,"[""2018:401022539:7:13"", ""2018:401022539:8:1""]"
1f693810551f7566,2022,401426532,Western Kentucky,attribution_only,dip_restore,0.0,corroborated,admitted,cfbd_drives_5a,"[""2022:401426532:12:1"", ""2022:401426532:13:1""]"
1f72daa53f3fba35,2023,401532409,Western Michigan,points_reduction,category_possession_reassignment,-7.0,game_unusable,reverted_unverified,cfbd_drives_5a,"[""2023:401532409:14:6""]"
1f7cf20dba3930f0,2025,401756966,Oklahoma State,attribution_only,dip_restore,0.0,game_unusable,reverted_unverified,cfbd_drives_5a,"[""2025:401756966:12:4"", ""2025:401756966:14:1"", ""2025:401756966:16:7"", ""2025:401756966:17:1"", ""2025:401756966:18:1"", ""2025:401756966:20:10""]"
1f7e8cb2daa8a31b,2022,401404021,Oregon,attribution_only,dip_restore,0.0,game_unusable,reverted_unverified,cfbd_drives_5a,"[""2022:401404021:6:11"", ""2022:401404021:7:3""]"
1ffb81f82519f6bb,2024,401643713,Nevada,attribution_only,dip_restore,0.0,corroborated,admitted,cfbd_drives_5a,"[""2024:401643713:2:9"", ""2024:401643713:3:1""]"
2023c0f1386cfc58,2021,401309862,Arizona State,attribution_only,dip_restore,0.0,corroborated,admitted,cfbd_drives_5a,"[""2021:401309862:17:6"", ""2021:401309862:18:1""]"
20349e21425a5ad8,2025,401761591,Southeast Missouri State,points_reduction,category_possession_reassignment,-7.0,game_unusable,reverted_unverified,cfbd_drives_5a,"[""2025:401761591:3:11""]"
2038efcc7e1b467f,2022,401403988,Minnesota,attribution_only,dip_restore,0.0,corroborated,admitted,cfbd_drives_5a,"[""2022:401403988:7:8"", ""2022:401403988:8:1""]"
203af46e5171b5f8,2021,401310708,Hawai_i,attribution_only,dip_restore,0.0,corroborated,admitted,cfbd_drives_5a,"[""2021:401310708:20:4"", ""2021:401310708:21:1""]"
203ce87242a6c019,2017,400944993,Buffalo,attribution_only,dip_restore,0.0,cfbd_matches_neither,reverted_contradicted,cfbd_drives_5a,"[""2017:400944993:35:3"", ""2017:400944993:36:1""]"
2044e7c8ad85aba7,2024,401628571,USC,attribution_only,dip_restore,0.0,game_unusable,reverted_unverified,cfbd_drives_5a,"[""2024:401628571:6:3"", ""2024:401628571:9:8""]"
204c3535402d074c,2025,401761662,James Madison,attribution_only,dip_restore,0.0,game_unusable,reverted_unverified,cfbd_drives_5a,"[""2025:401761662:18:7"", ""2025:401761662:19:2"", ""2025:401761662:20:8"", ""2025:401761662:21:2""]"
204c9f462d16120a,2016,400869133,Washington,attribution_only,dip_restore,0.0,corroborated,admitted,cfbd_drives_5a,"[""2016:400869133:2:3"", ""2016:400869133:3:1""]"
206c4e2b5aae1a81,2024,401634181,Missouri State,points_recovery,dip_restore,6.0,game_unusable,reverted_unverified,cfbd_drives_5a,"[""2024:401634181:21:6"", ""2024:401634181:22:7"", ""2024:401634181:24:8"", ""2024:401634181:26:7""]"
2077efd1934139d1,2025,401754534,Tulane,attribution_only,dip_restore,0.0,corroborated,admitted,cfbd_drives_5a,"[""2025:401754534:2:6"", ""2025:401754534:3:1""]"
208c38cff993d98d,2025,401762472,Memphis,attribution_only,dip_restore,0.0,game_unusable,reverted_unverified,cfbd_drives_5a,"[""2025:401762472:2:1"", ""2025:401762472:4:13""]"
208dc4233c3680f1,2017,400937475,Miami,attribution_only,dip_restore,0.0,game_unusable,reverted_unverified,cfbd_drives_5a,"[""2017:400937475:2:6"", ""2017:400937475:3:1""]"
20941a36aa3737bf,2019,401114155,Arizona State,attribution_only,dip_restore,0.0,game_unusable,reverted_unverified,cfbd_drives_5a,"[""2019:401114155:4:11"", ""2019:401114155:5:1""]"
2095152bbf75126c,2021,401301032,Cincinnati,attribution_only,dip_restore,0.0,corroborated,admitted,cfbd_drives_5a,"[""2021:401301032:18:5"", ""2021:401301032:19:1""]"
20bddcbdf4357102,2023,401520289,Purdue,attribution_only,dip_restore,0.0,corroborated,admitted,cfbd_drives_5a,"[""2023:401520289:13:13"", ""2023:401520289:14:1""]"
20e8231d6c4cdfc4,2025,401762830,Ohio,attribution_only,dip_restore,0.0,corroborated,admitted,cfbd_drives_5a,"[""2025:401762830:5:5"", ""2025:401762830:6:1""]"
20fb9475501455a9,2024,401643721,Central Michigan,attribution_only,dip_restore,0.0,corroborated,admitted,cfbd_drives_5a,"[""2024:401643721:15:16"", ""2024:401643721:16:1""]"
2111a63ec4822c20,2018,401022542,Hawai_i,attribution_only,dip_restore,0.0,corroborated,admitted,cfbd_drives_5a,"[""2018:401022542:7:6"", ""2018:401022542:8:1""]"
2111e3e5d9257fb4,2025,401752763,Texas A&M,attribution_only,dip_restore,0.0,game_unusable,reverted_unverified,cfbd_drives_5a,"[""2025:401752763:19:3"", ""2025:401752763:20:7""]"
2135b54a318288b4,2015,400787296,Nevada,attribution_only,dip_restore,0.0,game_unusable,reverted_unverified,cfbd_drives_5a,"[""2015:400787296:14:1"", ""2015:400787296:9:9""]"
2143cd703e0ba253,2025,401752862,Washington,attribution_only,dip_restore,0.0,corroborated,admitted,cfbd_drives_5a,"[""2025:401752862:8:3"", ""2025:401752862:9:1""]"
214a4acc106611e7,2025,401754581,SMU,attribution_only,dip_restore,0.0,indistinguishable_at_drive_level,reverted_unverified,cfbd_drives_5a,"[""2025:401754581:19:11"", ""2025:401754581:19:7""]"
21665a02ee4157af,2024,401643746,Air Force,attribution_only,dip_restore,0.0,game_unusable,reverted_unverified,cfbd_drives_5a,"[""2024:401643746:10:1"", ""2024:401643746:9:13""]"
2167bc52946adad8,2021,401309649,Georgia State,attribution_only,dip_restore,0.0,corroborated,admitted,cfbd_drives_5a,"[""2021:401309649:17:12"", ""2021:401309649:18:1""]"
2180a07318a1c167,2025,401752780,Arkansas,points_reduction,category_possession_reassignment,-3.0,game_unusable,reverted_unverified,cfbd_drives_5a,"[""2025:401752780:4:8""]"
21924f3851b79b83,2022,401415024,East Carolina,attribution_only,dip_restore,0.0,game_unusable,reverted_unverified,cfbd_drives_5a,"[""2022:401415024:23:10"", ""2022:401415024:24:1""]"
219fc9167c40d98e,2023,401525450,UMass,attribution_only,dip_restore,0.0,game_unusable,reverted_unverified,cfbd_drives_5a,"[""2023:401525450:24:2"", ""2023:401525450:25:1""]"
21cbe271d65e72c8,2022,401426552,UTEP,points_recovery,incomplete_stream,17.0,game_unusable,reverted_unverified,cfbd_drives_5a,"[""2022:401426552:16:1"", ""2022:401426552:1:17"", ""2022:401426552:1:20"", ""2022:401426552:2:1"", ""2022:401426552:7:7"", ""2022:401426552:8:1""]"
21f07ba85041f1bb,2025,401754547,Louisville,attribution_only,dip_restore,0.0,corroborated,admitted,cfbd_drives_5a,"[""2025:401754547:8:4"", ""2025:401754547:9:1""]"
22465a0badc4f814,2017,400944859,Louisiana Monroe,attribution_only,dip_restore,0.0,corroborated,admitted,cfbd_drives_5a,"[""2017:400944859:4:6"", ""2017:400944859:5:1""]"
2271432eefbd6977,2023,401520187,Coastal Carolina,attribution_only,dip_restore,0.0,corroborated,admitted,cfbd_drives_5a,"[""2023:401520187:12:13"", ""2023:401520187:13:1""]"
227de629639425ad,2019,401114341,Fresno State,attribution_only,dip_restore,0.0,game_unusable,reverted_unverified,cfbd_drives_5a,"[""2019:401114341:13:7"", ""2019:401114341:17:1""]"
2283eeff023ce513,2021,401282259,Rice,attribution_only,dip_restore,0.0,game_unusable,reverted_unverified,cfbd_drives_5a,"[""2021:401282259:19:8"", ""2021:401282259:20:1"", ""2021:401282259:20:19""]"
231c9591978192a1,2018,401012302,Georgia,attribution_only,dip_restore,0.0,cfbd_matches_neither,reverted_contradicted,cfbd_drives_5a,"[""2018:401012302:16:3"", ""2018:401012302:17:1""]"
2332456c58695405,2023,401524003,USC,points_recovery,incomplete_stream,28.0,game_unusable,reverted_unverified,cfbd_drives_5a,"[""2023:401524003:1:9"", ""2023:401524003:3:4"", ""2023:401524003:7:12"", ""2023:401524003:8:5"", ""2023:401524003:8:7"", ""2023:401524003:9:3""]"
233aac144923deaa,2021,401309591,Central Michigan,points_recovery,incomplete_stream,11.0,game_unusable,reverted_unverified,cfbd_drives_5a,"[""2021:401309591:1:16"", ""2021:401309591:1:17"", ""2021:401309591:1:5"", ""2021:401309591:1:8"", ""2021:401309591:1:9"", ""2021:401309591:4:2"", ""2021:401309591:6:4"", ""2021:401309591:7:2"", ""2021:401309591:8:14"", ""2021:401309591:8:16"", ""2021:401309591:8:4"", ""2021:401309591:9:1""]"
234a018e45c58cd3,2016,400869366,Louisville,attribution_only,dip_restore,0.0,game_unusable,reverted_unverified,cfbd_drives_5a,"[""2016:400869366:28:17"", ""2016:400869366:29:1""]"
236fe7e00b5bffad,2025,401752937,Oregon State,attribution_only,dip_restore,0.0,game_unusable,reverted_unverified,cfbd_drives_5a,"[""2025:401752937:2:13"", ""2025:401752937:3:11"", ""2025:401752937:5:12"", ""2025:401752937:7:21"", ""2025:401752937:7:9"", ""2025:401752937:9:1"", ""2025:401752937:9:11""]"
2385d16a2cfd0ca3,2022,401404048,Colorado,attribution_only,dip_restore,0.0,corroborated,admitted,cfbd_drives_5a,"[""2022:401404048:19:2"", ""2022:401404048:20:1""]"
23baa02e57dc0883,2022,401405073,Duke,attribution_only,dip_restore,0.0,game_unusable,reverted_unverified,cfbd_drives_5a,"[""2022:401405073:16:8"", ""2022:401405073:17:1"", ""2022:401405073:17:2"", ""2022:401405073:17:3"", ""2022:401405073:17:4"", ""2022:401405073:17:5"", ""2022:401405073:17:6"", ""2022:401405073:17:7"", ""2022:401405073:17:8"", ""2022:401405073:17:9"", ""2022:401405073:18:1"", ""2022:401405073:18:2"", ""2022:401405073:18:3"", ""2022:401405073:18:4"", ""2022:401405073:18:5"", ""2022:401405073:19:1"", ""2022:401405073:19:10"", ""2022:401405073:19:2"", ""2022:401405073:19:3"", ""2022:401405073:19:4"", ""2022:401405073:19:5"", ""2022:401405073:19:6"", ""2022:401405073:19:7"", ""2022:401405073:19:8"", ""2022:401405073:19:9"", ""2022:401405073:22:11"", ""2022:401405073:7:1""]"
23c6b68453003390,2021,401282253,UT San Antonio,attribution_only,dip_restore,0.0,corroborated,admitted,cfbd_drives_5a,"[""2021:401282253:14:14"", ""2021:401282253:15:1""]"
23e04629f093be2d,2021,401301031,UCF,points_reduction,dip_restore,-1.0,game_unusable,reverted_unverified,cfbd_drives_5a,"[""2021:401301031:11:7"", ""2021:401301031:7:12"", ""2021:401301031:8:3"", ""2021:401301031:9:1"", ""2021:401301031:9:3""]"
23e1fccfd0af75c0,2018,401015034,Middle Tennessee,attribution_only,dip_restore,0.0,game_unusable,reverted_unverified,cfbd_drives_5a,"[""2018:401015034:22:10"", ""2018:401015034:23:1""]"
23faf2ed4b3d64f4,2024,401729867,Syracuse,attribution_only,category_possession_reassignment,0.0,game_unusable,reverted_unverified,cfbd_drives_5a,"[""2024:401729867:3:7"", ""2024:401729867:4:2""]"
2419940294fb715a,2024,401628423,Missouri,attribution_only,dip_restore,0.0,game_unusable,reverted_unverified,cfbd_drives_5a,"[""2024:401628423:13:11"", ""2024:401628423:14:1""]"
241aacc013418e4b,2021,401309633,Appalachian State,points_recovery,dip_restore,1.0,game_unusable,reverted_unverified,cfbd_drives_5a,"[""2021:401309633:3:4"", ""2021:401309633:5:1"", ""2021:401309633:6:10"", ""2021:401309633:7:3""]"
242599f3e8c52652,2025,401761621,Troy,points_recovery,incomplete_stream,31.0,game_unusable,reverted_unverified,cfbd_drives_5a,"[""2025:401761621:10:6"", ""2025:401761621:16:9"", ""2025:401761621:18:13"", ""2025:401761621:23:3"", ""2025:401761621:2:16""]"
242b13c05cd8438c,2025,401762475,South Florida,attribution_only,dip_restore,0.0,corroborated,admitted,cfbd_drives_5a,"[""2025:401762475:28:14"", ""2025:401762475:29:1""]"
242b3e54a09f7f75,2024,401645378,Army,attribution_only,dip_restore,0.0,corroborated,admitted,cfbd_drives_5a,"[""2024:401645378:13:17"", ""2024:401645378:14:1""]"
243a6d92cc56f1c2,2016,400869661,Indiana,attribution_only,dip_restore,0.0,corroborated,admitted,cfbd_drives_5a,"[""2016:400869661:20:5"", ""2016:400869661:21:1""]"
243df66b85e18a69,2024,401643748,Nevada,attribution_only,dip_restore,0.0,game_unusable,reverted_unverified,cfbd_drives_5a,"[""2024:401643748:18:18"", ""2024:401643748:19:1""]"
24451a2fe5d4d73c,2024,401628506,Oregon,attribution_only,dip_restore,0.0,corroborated,admitted,cfbd_drives_5a,"[""2024:401628506:10:1"", ""2024:401628506:5:7"", ""2024:401628506:6:1"", ""2024:401628506:9:7""]"
2445fc86846e73a5,2016,400869810,Troy,attribution_only,dip_restore,0.0,corroborated,admitted,cfbd_drives_5a,"[""2016:400869810:18:8"", ""2016:400869810:19:1""]"
24467e2271b2629b,2019,401117541,Boise State,points_recovery,dip_restore,3.0,game_unusable,reverted_unverified,cfbd_drives_5a,"[""2019:401117541:24:8""]"
245cefa91b540c26,2025,401754622,Georgia Tech,attribution_only,dip_restore,0.0,game_unusable,reverted_unverified,cfbd_drives_5a,"[""2025:401754622:3:2"", ""2025:401754622:4:4""]"
246334d6076496bb,2022,401404117,West Virginia,attribution_only,dip_restore,0.0,corroborated,admitted,cfbd_drives_5a,"[""2022:401404117:4:5"", ""2022:401404117:5:1""]"
2465c50d25026394,2025,401752685,Austin Peay,attribution_only,dip_restore,0.0,corroborated,admitted,cfbd_drives_5a,"[""2025:401752685:16:4"", ""2025:401752685:17:1""]"
2486054cda19cec5,2022,401404110,Oklahoma State,attribution_only,dip_restore,0.0,corroborated,admitted,cfbd_drives_5a,"[""2022:401404110:10:1"", ""2022:401404110:9:4""]"
2486b93bb7d47c64,2021,401282620,Miami,attribution_only,dip_restore,0.0,game_unusable,reverted_unverified,cfbd_drives_5a,"[""2021:401282620:4:3"", ""2021:401282620:5:1""]"
249f3d9096efc02d,2023,401525889,Kansas State,attribution_only,dip_restore,0.0,corroborated,admitted,cfbd_drives_5a,"[""2023:401525889:6:10"", ""2023:401525889:7:1""]"
24a90f5f90f3c5a2,2023,401531925,Old Dominion,attribution_only,dip_restore,0.0,corroborated,admitted,cfbd_drives_5a,"[""2023:401531925:30:15"", ""2023:401531925:31:1""]"
24b4cbd676ae47f0,2016,400869723,North Carolina,attribution_only,dip_restore,0.0,corroborated,admitted,cfbd_drives_5a,"[""2016:400869723:4:14"", ""2016:400869723:5:1""]"
24bbd2a226f72d48,2023,401531881,Old Dominion,attribution_only,dip_restore,0.0,corroborated,admitted,cfbd_drives_5a,"[""2023:401531881:10:1"", ""2023:401531881:9:1""]"
24bed8822b42bad0,2022,401416634,Central Michigan,attribution_only,dip_restore,0.0,corroborated,admitted,cfbd_drives_5a,"[""2022:401416634:10:5"", ""2022:401416634:11:1"", ""2022:401416634:17:14"", ""2022:401416634:18:1"", ""2022:401416634:21:3"", ""2022:401416634:22:1""]"
24c29fb34a218397,2021,401282147,Florida State,attribution_only,dip_restore,0.0,corroborated,admitted,cfbd_drives_5a,"[""2021:401282147:24:22"", ""2021:401282147:25:1""]"
24c489cb3d9ba012,2025,401757289,Kennesaw State,attribution_only,dip_restore,0.0,game_unusable,reverted_unverified,cfbd_drives_5a,"[""2025:401757289:3:1"", ""2025:401757289:4:2"", ""2025:401757289:6:4""]"
252baa0688845982,2022,401404140,Louisiana Monroe,attribution_only,dip_restore,0.0,corroborated,admitted,cfbd_drives_5a,"[""2022:401404140:18:6"", ""2022:401404140:19:1""]"
2541cbadfeac46f9,2022,401403904,Florida,attribution_only,dip_restore,0.0,corroborated,admitted,cfbd_drives_5a,"[""2022:401403904:4:4"", ""2022:401403904:5:1""]"
25a04ba062dfc78b,2024,401628471,Rutgers,attribution_only,dip_restore,0.0,corroborated,admitted,cfbd_drives_5a,"[""2024:401628471:18:8"", ""2024:401628471:19:1""]"
25c13e0acd5b34ea,2025,401762481,South Florida,attribution_only,dip_restore,0.0,corroborated,admitted,cfbd_drives_5a,"[""2025:401762481:19:5"", ""2025:401762481:20:1""]"
25c3cb6608a0ab79,2025,401754516,Hawai_i,attribution_only,dip_restore,0.0,game_unusable,reverted_unverified,cfbd_drives_5a,"[""2025:401754516:11:1"", ""2025:401754516:11:2"", ""2025:401754516:14:11"", ""2025:401754516:15:1"", ""2025:401754516:19:10"", ""2025:401754516:20:1"", ""2025:401754516:21:9""]"
25c772f32fe49a2d,2022,401426533,Florida International,points_recovery,incomplete_stream,13.0,game_unusable,reverted_unverified,cfbd_drives_5a,"[""2022:401426533:11:2"", ""2022:401426533:17:12"", ""2022:401426533:17:4"", ""2022:401426533:18:2"", ""2022:401426533:1:8""]"
25c8b9b4d9906bea,2019,401112504,Virginia,attribution_only,dip_restore,0.0,corroborated,admitted,cfbd_drives_5a,"[""2019:401112504:20:4"", ""2019:401112504:21:1""]"
25cc4770d0a01f86,2018,401013101,Louisville,attribution_only,dip_restore,0.0,corroborated,admitted,cfbd_drives_5a,"[""2018:401013101:23:4"", ""2018:401013101:24:1""]"
25cff5869417667f,2025,401752674,Missouri,attribution_only,dip_restore,0.0,game_unusable,reverted_unverified,cfbd_drives_5a,"[""2025:401752674:18:4"", ""2025:401752674:19:1""]"
25e04cbeed61ec92,2025,401756893,Houston,attribution_only,dip_restore,0.0,corroborated,admitted,cfbd_drives_5a,"[""2025:401756893:10:16"", ""2025:401756893:11:1""]"
25e078627382341b,2017,400937493,Syracuse,attribution_only,dip_restore,0.0,corroborated,admitted,cfbd_drives_5a,"[""2017:400937493:1:12"", ""2017:400937493:2:1""]"
25fa0d9e1143b291,2023,401532431,Western Michigan,attribution_only,dip_restore,0.0,corroborated,admitted,cfbd_drives_5a,"[""2023:401532431:10:11"", ""2023:401532431:11:1"", ""2023:401532431:6:6"", ""2023:401532431:7:1""]"
260ac9043fe34dca,2022,401415616,SMU,points_recovery,incomplete_stream,14.0,game_unusable,reverted_unverified,cfbd_drives_5a,"[""2022:401415616:4:6"", ""2022:401415616:6:1"", ""2022:401415616:6:5"", ""2022:401415616:8:7""]"
26208a77339e6d21,2017,400933896,Mississippi State,attribution_only,dip_restore,0.0,game_unusable,reverted_unverified,cfbd_drives_5a,"[""2017:400933896:17:11"", ""2017:400933896:18:1""]"
2639f9982bc6ff57,2024,401635538,Pittsburgh,attribution_only,dip_restore,0.0,corroborated,admitted,cfbd_drives_5a,"[""2024:401635538:10:5"", ""2024:401635538:11:1""]"
263abe9859540afb,2024,401645338,Tulane,attribution_only,dip_restore,0.0,corroborated,admitted,cfbd_drives_5a,"[""2024:401645338:20:1"", ""2024:401645338:21:1""]"
26ae2b533f6b66c0,2025,401762491,North Texas,attribution_only,dip_restore,0.0,corroborated,admitted,cfbd_drives_5a,"[""2025:401762491:6:5"", ""2025:401762491:7:1""]"
26d96b741b5fd811,2024,401641007,Nicholls,attribution_only,dip_restore,0.0,corroborated,admitted,cfbd_drives_5a,"[""2024:401641007:3:3"", ""2024:401641007:4:1""]"
26e88dd266db3850,2019,401110802,Mississippi State,attribution_only,dip_restore,0.0,game_unusable,reverted_unverified,cfbd_drives_5a,"[""2019:401110802:1:5"", ""2019:401110802:3:1""]"
2719f59125e1389b,2015,400756952,Syracuse,attribution_only,dip_restore,0.0,game_unusable,reverted_unverified,cfbd_drives_5a,"[""2015:400756952:7:1"", ""2015:400756952:8:20""]"
2723fdecba418a1b,2015,400763472,Southern Illinois,attribution_only,dip_restore,0.0,corroborated,admitted,cfbd_drives_5a,"[""2015:400763472:20:1"", ""2015:400763472:21:1""]"
273f26f39809aeff,2017,400934577,Notre Dame,attribution_only,dip_restore,0.0,corroborated,admitted,cfbd_drives_5a,"[""2017:400934577:7:16"", ""2017:400934577:8:1""]"
277ba9a3ecc73488,2022,401426593,Charlotte,points_recovery,incomplete_stream,30.0,game_unusable,reverted_unverified,cfbd_drives_5a,"[""2022:401426593:10:5"", ""2022:401426593:12:6"", ""2022:401426593:14:8"", ""2022:401426593:16:2"", ""2022:401426593:22:8""]"
278e5f3d1235fc6f,2015,400763645,Marshall,attribution_only,restoration_gt8,0.0,game_unusable,reverted_unverified,cfbd_drives_5a,"[""2015:400763645:23:6"", ""2015:400763645:24:1""]"
27952d814013bf19,2024,401628452,Michigan,attribution_only,dip_restore,0.0,corroborated,admitted,cfbd_drives_5a,"[""2024:401628452:21:8"", ""2024:401628452:22:1""]"
279bbb31422cfed1,2015,400764861,South Florida,attribution_only,dip_restore,0.0,game_unusable,reverted_unverified,cfbd_drives_5a,"[""2015:400764861:19:6"", ""2015:400764861:20:2""]"
27b80d25358f599e,2022,401411175,Pittsburgh,attribution_only,dip_restore,0.0,corroborated,admitted,cfbd_drives_5a,"[""2022:401411175:22:7"", ""2022:401411175:23:1""]"
27d048f139f205e2,2025,401757294,New Mexico State,attribution_only,dip_restore,0.0,game_unusable,reverted_unverified,cfbd_drives_5a,"[""2025:401757294:3:1"", ""2025:401757294:5:8""]"
27eb0d2288cecfba,2021,401282139,Vanderbilt,attribution_only,dip_restore,0.0,corroborated,admitted,cfbd_drives_5a,"[""2021:401282139:19:12"", ""2021:401282139:20:1""]"
27edfc22298267ea,2025,401756967,TCU,attribution_only,dip_restore,0.0,game_unusable,reverted_unverified,cfbd_drives_5a,"[""2025:401756967:14:2"", ""2025:401756967:19:6""]"
27fa8a7ffeae84be,2021,401282245,Southern Mississippi,attribution_only,dip_restore,0.0,corroborated,admitted,cfbd_drives_5a,"[""2021:401282245:4:5"", ""2021:401282245:5:1""]"
285b2d6f3934fc78,2023,401524029,Colorado,attribution_only,dip_restore,0.0,game_unusable,reverted_unverified,cfbd_drives_5a,"[""2023:401524029:20:5"", ""2023:401524029:21:1""]"
287105569df65e71,2022,401426348,Old Dominion,attribution_only,dip_restore,0.0,game_unusable,reverted_unverified,cfbd_drives_5a,"[""2022:401426348:7:4"", ""2022:401426348:8:14"", ""2022:401426348:8:2"", ""2022:401426348:8:4""]"
289105a980cd6988,2021,401310715,Colorado State,attribution_only,dip_restore,0.0,game_unusable,reverted_unverified,cfbd_drives_5a,"[""2021:401310715:1:9"", ""2021:401310715:2:12"", ""2021:401310715:2:2"", ""2021:401310715:2:5"", ""2021:401310715:3:13""]"
28a21b7911e64dcf,2023,401531914,Marshall,attribution_only,dip_restore,0.0,game_unusable,reverted_unverified,cfbd_drives_5a,"[""2023:401531914:1:4"", ""2023:401531914:6:10""]"
28b356c21cda1eb6,2025,401757220,Liberty,attribution_only,dip_restore,0.0,corroborated,admitted,cfbd_drives_5a,"[""2025:401757220:18:8"", ""2025:401757220:19:1""]"
28d2be74e7f074f9,2025,401757222,Middle Tennessee,attribution_only,dip_restore,0.0,game_unusable,reverted_unverified,cfbd_drives_5a,"[""2025:401757222:11:10"", ""2025:401757222:12:1""]"
292c4d42d4d5cded,2022,401426609,Florida International,attribution_only,dip_restore,0.0,game_unusable,reverted_unverified,cfbd_drives_5a,"[""2022:401426609:1:21"", ""2022:401426609:20:2"", ""2022:401426609:21:1"", ""2022:401426609:21:2"", ""2022:401426609:23:2"", ""2022:401426609:23:3"", ""2022:401426609:25:1""]"
2932e64b57312039,2015,400763512,Michigan State,attribution_only,dip_restore,0.0,corroborated,admitted,cfbd_drives_5a,"[""2015:400763512:3:7"", ""2015:400763512:4:1""]"
294c5e27a8713576,2022,401404109,Kansas State,points_recovery,incomplete_stream,7.0,game_unusable,reverted_unverified,cfbd_drives_5a,"[""2022:401404109:15:1""]"
296cf6e294d2f0a0,2017,400938664,UT San Antonio,attribution_only,dip_restore,0.0,corroborated,admitted,cfbd_drives_5a,"[""2017:400938664:8:18"", ""2017:400938664:9:1""]"
299479e0e4d9a967,2023,401532399,Akron,attribution_only,dip_restore,0.0,game_unusable,reverted_unverified,cfbd_drives_5a,"[""2023:401532399:11:1"", ""2023:401532399:12:1"", ""2023:401532399:12:3"", ""2023:401532399:13:1"", ""2023:401532399:26:2"", ""2023:401532399:27:1""]"
299821a28bfb056d,2025,401752797,Maryland,attribution_only,final_cap,0.0,game_unusable,reverted_unverified,cfbd_drives_5a,"[""2025:401752797:22:1"", ""2025:401752797:22:2"", ""2025:401752797:22:3"", ""2025:401752797:22:4"", ""2025:401752797:22:5"", ""2025:401752797:22:6"", ""2025:401752797:22:7"", ""2025:401752797:22:8"", ""2025:401752797:23:1"", ""2025:401752797:23:2"", ""2025:401752797:23:3"", ""2025:401752797:23:4"", ""2025:401752797:24:1"", ""2025:401752797:24:2"", ""2025:401752797:24:3"", ""2025:401752797:24:4"", ""2025:401752797:24:5"", ""2025:401752797:24:6"", ""2025:401752797:24:7"", ""2025:401752797:24:8"", ""2025:401752797:24:9"", ""2025:401752797:25:1"", ""2025:401752797:25:2"", ""2025:401752797:25:4"", ""2025:401752797:25:5"", ""2025:401752797:26:1"", ""2025:401752797:26:2"", ""2025:401752797:26:3"", ""2025:401752797:26:4"", ""2025:401752797:26:5"", ""2025:401752797:26:6"", ""2025:401752797:26:7"", ""2025:401752797:26:8"", ""2025:401752797:27:1"", ""2025:401752797:27:2"", ""2025:401752797:27:3"", ""2025:401752797:27:4"", ""2025:401752797:27:6"", ""2025:401752797:27:7"", ""2025:401752797:27:8"", ""2025:401752797:27:9"", ""2025:401752797:28:1"", ""2025:401752797:28:10"", ""2025:401752797:28:11"", ""2025:401752797:28:12"", ""2025:401752797:28:2"", ""2025:401752797:28:3"", ""2025:401752797:28:4"", ""2025:401752797:28:5"", ""2025:401752797:28:6"", ""2025:401752797:28:7"", ""2025:401752797:28:8"", ""2025:401752797:28:9"", ""2025:401752797:29:1"", ""2025:401752797:29:2"", ""2025:401752797:29:3"", ""2025:401752797:29:4"", ""2025:401752797:29:5"", ""2025:401752797:29:6"", ""2025:401752797:29:7"", ""2025:401752797:29:9"", ""2025:401752797:30:1"", ""2025:401752797:30:2"", ""2025:401752797:30:3"", ""2025:401752797:30:4"", ""2025:401752797:30:5"", ""2025:401752797:31:1"", ""2025:401752797:31:2"", ""2025:401752797:31:3"", ""2025:401752797:31:5"", ""2025:401752797:32:1"", ""2025:401752797:32:2"", ""2025:401752797:32:3"", ""2025:401752797:32:4""]"
29a1a534e0d12745,2025,401752713,South Carolina,points_recovery,incomplete_stream,20.0,game_unusable,reverted_unverified,cfbd_drives_5a,"[""2025:401752713:13:9"", ""2025:401752713:15:13"", ""2025:401752713:5:11"", ""2025:401752713:5:2"", ""2025:401752713:9:4""]"
29a7d03f51eaaf12,2017,400941832,South Florida,attribution_only,dip_restore,0.0,game_unusable,reverted_unverified,cfbd_drives_5a,"[""2017:400941832:13:6"", ""2017:400941832:15:1""]"
29af3967365a030a,2022,401411115,Pittsburgh,attribution_only,dip_restore,0.0,game_unusable,reverted_unverified,cfbd_drives_5a,"[""2022:401411115:15:9"", ""2022:401411115:8:1""]"
29b62fe68b58b06a,2022,401403880,Alabama,points_recovery,incomplete_stream,7.0,game_unusable,reverted_unverified,cfbd_drives_5a,"[""2022:401403880:24:1""]"
29e7c3fcd22a6b2a,2023,401531385,Temple,attribution_only,dip_restore,0.0,corroborated,admitted,cfbd_drives_5a,"[""2023:401531385:14:12"", ""2023:401531385:15:1""]"
2a107f3173c3f17e,2025,401756878,West Virginia,attribution_only,dip_restore,0.0,corroborated,admitted,cfbd_drives_5a,"[""2025:401756878:22:12"", ""2025:401756878:23:1""]"
2a18a6bd7b4c08ae,2024,401628527,Northwestern,attribution_only,dip_restore,0.0,game_unusable,reverted_unverified,cfbd_drives_5a,"[""2024:401628527:24:4"", ""2024:401628527:7:1""]"
2a225ee180afc5a0,2025,401761602,Jackson State,attribution_only,dip_restore,0.0,corroborated,admitted,cfbd_drives_5a,"[""2025:401761602:4:9"", ""2025:401761602:5:1""]"
2a310d02fca73dab,2023,401531381,UT San Antonio,attribution_only,dip_restore,0.0,corroborated,admitted,cfbd_drives_5a,"[""2023:401531381:20:5"", ""2023:401531381:21:1""]"
2a4125df73724559,2024,401643826,James Madison,attribution_only,dip_restore,0.0,corroborated,admitted,cfbd_drives_5a,"[""2024:401643826:4:1"", ""2024:401643826:5:1""]"
2a850d5cc3e5c29e,2025,401769073,Georgia,attribution_only,dip_restore,0.0,game_unusable,reverted_unverified,cfbd_drives_5a,"[""2025:401769073:10:1"", ""2025:401769073:9:5""]"
2aa8d9085af51759,2023,401532588,New Mexico,attribution_only,dip_restore,0.0,game_unusable,reverted_unverified,cfbd_drives_5a,"[""2023:401532588:14:11"", ""2023:401532588:2:1"", ""2023:401532588:5:16""]"
2ab55dcab61c5156,2024,401628374,Alabama,points_recovery,incomplete_stream,41.0,game_unusable,reverted_unverified,cfbd_drives_5a,"[""2024:401628374:12:3"", ""2024:401628374:18:8"", ""2024:401628374:1:19"", ""2024:401628374:26:2"", ""2024:401628374:2:2"", ""2024:401628374:2:6"", ""2024:401628374:4:4"", ""2024:401628374:5:3"", ""2024:401628374:7:9""]"
2ac089fce1b88bdc,2023,401539475,Washington,attribution_only,dip_restore,0.0,corroborated,admitted,cfbd_drives_5a,"[""2023:401539475:7:5"", ""2023:401539475:8:1""]"
2adf2fc3e8611837,2023,401525836,TCU,attribution_only,dip_restore,0.0,game_unusable,reverted_unverified,cfbd_drives_5a,"[""2023:401525836:12:9"", ""2023:401525836:13:1""]"
2ae96c38942ec01b,2021,401287902,Long Island University,attribution_only,final_cap,0.0,game_unusable,reverted_unverified,cfbd_drives_5a,"[""2021:401287902:10:1"", ""2021:401287902:10:2"", ""2021:401287902:10:3"", ""2021:401287902:10:4"", ""2021:401287902:10:5"", ""2021:401287902:10:6"", ""2021:401287902:11:1"", ""2021:401287902:11:2"", ""2021:401287902:11:3"", ""2021:401287902:11:4"", ""2021:401287902:11:5"", ""2021:401287902:12:1"", ""2021:401287902:12:2"", ""2021:401287902:12:3"", ""2021:401287902:13:1"", ""2021:401287902:13:2"", ""2021:401287902:13:3"", ""2021:401287902:14:1"", ""2021:401287902:14:2"", ""2021:401287902:14:5"", ""2021:401287902:15:1"", ""2021:401287902:15:2"", ""2021:401287902:15:3"", ""2021:401287902:15:4"", ""2021:401287902:15:5"", ""2021:401287902:16:1"", ""2021:401287902:16:2"", ""2021:401287902:16:3"", ""2021:401287902:16:4"", ""2021:401287902:16:5"", ""2021:401287902:16:7"", ""2021:401287902:16:8"", ""2021:401287902:17:1"", ""2021:401287902:17:2"", ""2021:401287902:17:3"", ""2021:401287902:17:4"", ""2021:401287902:17:5"", ""2021:401287902:18:1"", ""2021:401287902:18:2"", ""2021:401287902:18:3"", ""2021:401287902:18:4"", ""2021:401287902:18:5"", ""2021:401287902:18:6"", ""2021:401287902:18:7"", ""2021:401287902:18:8"", ""2021:401287902:19:1"", ""2021:401287902:19:3"", ""2021:401287902:19:4"", ""2021:401287902:19:5"", ""2021:401287902:1:2"", ""2021:401287902:1:3"", ""2021:401287902:1:4"", ""2021:401287902:1:5"", ""2021:401287902:1:6"", ""2021:401287902:1:7"", ""2021:401287902:1:8"", ""2021:401287902:20:1"", ""2021:401287902:20:2"", ""2021:401287902:20:3"", ""2021:401287902:20:4"", ""2021:401287902:20:5"", ""2021:401287902:20:6"", ""2021:401287902:20:7"", ""2021:401287902:20:8"", ""2021:401287902:20:9"", ""2021:401287902:21:1"", ""2021:401287902:21:2"", ""2021:401287902:21:3"", ""2021:401287902:21:4"", ""2021:401287902:22:1"", ""2021:401287902:22:2"", ""2021:401287902:22:3"", ""2021:401287902:23:1"", ""2021:401287902:23:2"", ""2021:401287902:23:3"", ""2021:401287902:23:4"", ""2021:401287902:23:5"", ""2021:401287902:24:1"", ""2021:401287902:24:2"", ""2021:401287902:24:3"", ""2021:401287902:24:4"", ""2021:401287902:25:1"", ""2021:401287902:25:2"", ""2021:401287902:25:3"", ""2021:401287902:25:4"", ""2021:401287902:2:1"", ""2021:401287902:2:10"", ""2021:401287902:2:11"", ""2021:401287902:2:12"", ""2021:401287902:2:13"", ""2021:401287902:2:14"", ""2021:401287902:2:2"", ""2021:401287902:2:3"", ""2021:401287902:2:4"", ""2021:401287902:2:5"", ""2021:401287902:2:6"", ""2021:401287902:2:7"", ""2021:401287902:2:8"", ""2021:401287902:2:9"", ""2021:401287902:3:1"", ""2021:401287902:3:2"", ""2021:401287902:3:3"", ""2021:401287902:3:4"", ""2021:401287902:3:5"", ""2021:401287902:4:1"", ""2021:401287902:4:2"", ""2021:401287902:4:3"", ""2021:401287902:4:4"", ""2021:401287902:4:5"", ""2021:401287902:4:6"", ""2021:401287902:5:1"", ""2021:401287902:5:10"", ""2021:401287902:5:2"", ""2021:401287902:5:3"", ""2021:401287902:5:4"", ""2021:401287902:5:5"", ""2021:401287902:5:7"", ""2021:401287902:5:8"", ""2021:401287902:5:9"", ""2021:401287902:6:1"", ""2021:401287902:6:10"", ""2021:401287902:6:11"", ""2021:401287902:6:12"", ""2021:401287902:6:13"", ""2021:401287902:6:14"", ""2021:401287902:6:2"", ""2021:401287902:6:3"", ""2021:401287902:6:4"", ""2021:401287902:6:5"", ""2021:401287902:6:6"", ""2021:401287902:6:7"", ""2021:401287902:6:8"", ""2021:401287902:6:9"", ""2021:401287902:7:1"", ""2021:401287902:7:2"", ""2021:401287902:7:3"", ""2021:401287902:7:4"", ""2021:401287902:7:5"", ""2021:401287902:7:6"", ""2021:401287902:8:1"", ""2021:401287902:8:10"", ""2021:401287902:8:14"", ""2021:401287902:8:2"", ""2021:401287902:8:3"", ""2021:401287902:8:4"", ""2021:401287902:8:5"", ""2021:401287902:8:6"", ""2021:401287902:8:7"", ""2021:401287902:8:8"", ""2021:401287902:8:9"", ""2021:401287902:9:1"", ""2021:401287902:9:10"", ""2021:401287902:9:11"", ""2021:401287902:9:12"", ""2021:401287902:9:13"", ""2021:401287902:9:14"", ""2021:401287902:9:2"", ""2021:401287902:9:3"", ""2021:401287902:9:4"", ""2021:401287902:9:5"", ""2021:401287902:9:6"", ""2021:401287902:9:7"", ""2021:401287902:9:8"", ""2021:401287902:9:9""]"
2afc67afd834df7d,2024,401636904,Kansas State,attribution_only,dip_restore,0.0,corroborated,admitted,cfbd_drives_5a,"[""2024:401636904:12:12"", ""2024:401636904:13:1""]"
2b1d79d859f0010f,2025,401757224,UNLV,attribution_only,dip_restore,0.0,game_unusable,reverted_unverified,cfbd_drives_5a,"[""2025:401757224:10:1"", ""2025:401757224:10:8"", ""2025:401757224:11:5"", ""2025:401757224:12:1"", ""2025:401757224:6:9"", ""2025:401757224:7:10""]"
2b28797eaf5b08ae,2015,400763495,BYU,points_recovery,dip_restore,6.0,corroborated,admitted,cfbd_drives_5a,"[""2015:400763495:28:7""]"
2b403ec02619d649,2025,401752898,Iowa,attribution_only,category_possession_reassignment,0.0,game_unusable,reverted_unverified,cfbd_drives_5a,"[""2025:401752898:16:14"", ""2025:401752898:17:14""]"
2b5e296943241e8a,2025,401752820,Wisconsin,attribution_only,dip_restore,0.0,game_unusable,reverted_unverified,cfbd_drives_5a,"[""2025:401752820:10:4"", ""2025:401752820:11:14"", ""2025:401752820:12:10"", ""2025:401752820:12:2"", ""2025:401752820:14:5"", ""2025:401752820:15:5"", ""2025:401752820:16:7"", ""2025:401752820:17:1"", ""2025:401752820:8:3""]"
2b657e18f9cfc974,2025,401760397,Boise State,points_reduction,dip_restore,-3.0,game_unusable,reverted_unverified,cfbd_drives_5a,"[""2025:401760397:15:5"", ""2025:401760397:6:4"", ""2025:401760397:6:7"", ""2025:401760397:7:1"", ""2025:401760397:9:11"", ""2025:401760397:9:14"", ""2025:401760397:9:5""]"
2b8aa2eca2a00ef3,2024,401677093,Texas A&M,attribution_only,dip_restore,0.0,game_unusable,reverted_unverified,cfbd_drives_5a,"[""2024:401677093:20:10"", ""2024:401677093:21:1""]"
2b9a6dfc089ac43e,2025,401762470,South Carolina State,attribution_only,dip_restore,0.0,corroborated,admitted,cfbd_drives_5a,"[""2025:401762470:10:8"", ""2025:401762470:11:1""]"
2bd05c161ccb4b1b,2022,401405095,Ohio State,attribution_only,dip_restore,0.0,corroborated,admitted,cfbd_drives_5a,"[""2022:401405095:15:8"", ""2022:401405095:16:1""]"
2bd2492c6218c77d,2025,401762794,Buffalo,attribution_only,dip_restore,0.0,game_unusable,reverted_unverified,cfbd_drives_5a,"[""2025:401762794:4:5"", ""2025:401762794:5:9""]"
2bd27fa153a12a87,2022,401411103,North Carolina,attribution_only,dip_restore,0.0,game_unusable,reverted_unverified,cfbd_drives_5a,"[""2022:401411103:10:1"", ""2022:401411103:9:9""]"
2bf4edf19de6b29c,2021,401281945,Florida,attribution_only,dip_restore,0.0,corroborated,admitted,cfbd_drives_5a,"[""2021:401281945:21:3"", ""2021:401281945:22:1""]"
2bf727d595a29886,2015,400757046,Arizona,attribution_only,dip_restore,0.0,corroborated,admitted,cfbd_drives_5a,"[""2015:400757046:11:1"", ""2015:400757046:12:1""]"
2c1454822c205a89,2025,401761622,Southern Mississippi,attribution_only,dip_restore,0.0,corroborated,admitted,cfbd_drives_5a,"[""2025:401761622:20:10"", ""2025:401761622:21:1""]"
2c282a38aed88c28,2021,401301007,Charleston Southern,attribution_only,dip_restore,0.0,corroborated,admitted,cfbd_drives_5a,"[""2021:401301007:1:17"", ""2021:401301007:2:1""]"
2c2d39acd5c8ff16,2015,400603893,LSU,attribution_only,dip_restore,0.0,game_unusable,reverted_unverified,cfbd_drives_5a,"[""2015:400603893:10:2"", ""2015:400603893:11:9"", ""2015:400603893:12:1"", ""2015:400603893:9:2""]"
2c3e538bec0a4327,2016,400868997,Alabama,attribution_only,dip_restore,0.0,corroborated,admitted,cfbd_drives_5a,"[""2016:400868997:14:6"", ""2016:400868997:15:1""]"
2c50f9629e12d8b1,2025,401760411,New Mexico,attribution_only,dip_restore,0.0,game_unusable,reverted_unverified,cfbd_drives_5a,"[""2025:401760411:13:11"", ""2025:401760411:13:2"", ""2025:401760411:23:1"", ""2025:401760411:23:4""]"
2c5275ff97498317,2021,401301035,Temple,attribution_only,dip_restore,0.0,game_unusable,reverted_unverified,cfbd_drives_5a,"[""2021:401301035:24:4"", ""2021:401301035:25:1""]"
2c5a40042313c04b,2025,401756918,Iowa State,attribution_only,dip_restore,0.0,corroborated,admitted,cfbd_drives_5a,"[""2025:401756918:16:11"", ""2025:401756918:17:1""]"
2c61e876f73e844b,2024,401636374,Florida A&M,attribution_only,dip_restore,0.0,corroborated,admitted,cfbd_drives_5a,"[""2024:401636374:2:11"", ""2024:401636374:3:1""]"
2caf844eee2a17cd,2023,401525831,Houston,points_recovery,incomplete_stream,41.0,game_unusable,reverted_unverified,cfbd_drives_5a,"[""2023:401525831:15:7"", ""2023:401525831:19:6"", ""2023:401525831:20:1"", ""2023:401525831:21:9"", ""2023:401525831:23:1"", ""2023:401525831:24:2"", ""2023:401525831:25:1"", ""2023:401525831:8:16""]"
2cbd47e434bdc341,2016,400869817,Nicholls,points_recovery,dip_restore,6.0,game_unusable,reverted_unverified,cfbd_drives_5a,"[""2016:400869817:35:3""]"
2cf8c382bd397b3b,2024,401645333,Rice,attribution_only,dip_restore,0.0,corroborated,admitted,cfbd_drives_5a,"[""2024:401645333:18:9"", ""2024:401645333:19:1""]"
2cfc60302ffda2ae,2025,401761651,Georgia State,attribution_only,dip_restore,0.0,game_unusable,reverted_unverified,cfbd_drives_5a,"[""2025:401761651:13:4"", ""2025:401761651:14:1"", ""2025:401761651:15:17""]"
2d0408d180d95b8a,2025,401752938,Oregon State,attribution_only,dip_restore,0.0,game_unusable,reverted_unverified,cfbd_drives_5a,"[""2025:401752938:25:4"", ""2025:401752938:26:1""]"
2d09e0bf286038f0,2024,401641010,Louisiana Tech,attribution_only,restoration_gt8,0.0,game_unusable,reverted_unverified,cfbd_drives_5a,"[""2024:401641010:11:7"", ""2024:401641010:12:1""]"
2d1dfc42ee05ea1e,2022,401404096,Baylor,attribution_only,dip_restore,0.0,game_unusable,reverted_unverified,cfbd_drives_5a,"[""2022:401404096:13:1"", ""2022:401404096:9:16""]"
2d2c7967ce1f39c3,2024,401677084,Florida,attribution_only,dip_restore,0.0,corroborated,admitted,cfbd_drives_5a,"[""2024:401677084:25:13"", ""2024:401677084:26:1""]"
2d2e2fc1a89e1e4c,2025,401752884,Rutgers,attribution_only,dip_restore,0.0,game_unusable,reverted_unverified,cfbd_drives_5a,"[""2025:401752884:7:4"", ""2025:401752884:9:22""]"
2d2e92bc548f7b53,2022,401426349,Georgia Southern,attribution_only,dip_restore,0.0,corroborated,admitted,cfbd_drives_5a,"[""2022:401426349:30:12"", ""2022:401426349:31:1""]"
2d356ccaaf6002d4,2024,401636926,Iowa State,attribution_only,dip_restore,0.0,corroborated,admitted,cfbd_drives_5a,"[""2024:401636926:4:6"", ""2024:401636926:5:1""]"
2d621c9686d58276,2021,401282215,Florida Atlantic,points_recovery,dip_restore,1.0,game_unusable,reverted_unverified,cfbd_drives_5a,"[""2021:401282215:14:1""]"
2d7e140a143d38c3,2022,401426538,James Madison,attribution_only,dip_restore,0.0,game_unusable,reverted_unverified,cfbd_drives_5a,"[""2022:401426538:19:3"", ""2022:401426538:20:1"", ""2022:401426538:26:10"", ""2022:401426538:27:9""]"
2d85505b71302795,2025,401762860,Miami (OH),attribution_only,dip_restore,0.0,game_unusable,reverted_unverified,cfbd_drives_5a,"[""2025:401762860:14:1"", ""2025:401762860:17:15""]"
2dc0672dd92dc394,2023,401526833,Miami (OH),points_recovery,incomplete_stream,34.0,game_unusable,reverted_unverified,cfbd_drives_5a,"[""2023:401526833:12:6"", ""2023:401526833:19:8"", ""2023:401526833:22:2"", ""2023:401526833:26:8"", ""2023:401526833:6:2"", ""2023:401526833:7:1""]"
2dcf2b9f34d66154,2024,401628486,Indiana,attribution_only,final_cap,0.0,game_unusable,reverted_unverified,cfbd_drives_5a,"[""2024:401628486:14:8"", ""2024:401628486:18:12"", ""2024:401628486:19:1""]"
2dd957fb9667d328,2024,401677190,Washington,attribution_only,dip_restore,0.0,corroborated,admitted,cfbd_drives_5a,"[""2024:401677190:24:16"", ""2024:401677190:25:1""]"
2de755683a41ba0f,2024,401640988,Middle Tennessee,attribution_only,dip_restore,0.0,game_unusable,reverted_unverified,cfbd_drives_5a,"[""2024:401640988:12:14"", ""2024:401640988:13:1""]"
2deb1ff00a390892,2022,401404164,UMass,points_recovery,incomplete_stream,24.0,game_unusable,reverted_unverified,cfbd_drives_5a,"[""2022:401404164:1:8"", ""2022:401404164:25:3"", ""2022:401404164:29:7"", ""2022:401404164:5:2"", ""2022:401404164:7:2""]"
2e0c74fc5f8bc2b7,2023,401520433,Texas A&M,attribution_only,dip_restore,0.0,game_unusable,reverted_unverified,cfbd_drives_5a,"[""2023:401520433:18:4"", ""2023:401520433:19:1""]"
2e0c7fa92c295f9f,2021,401287896,Coastal Carolina,attribution_only,dip_restore,0.0,game_unusable,reverted_unverified,cfbd_drives_5a,"[""2021:401287896:5:8"", ""2021:401287896:6:3""]"
2e161f35dad49492,2025,401752855,Penn State,attribution_only,dip_restore,0.0,game_unusable,reverted_unverified,cfbd_drives_5a,"[""2025:401752855:3:11"", ""2025:401752855:3:3""]"
2e38d846698ffb39,2025,401757312,Western Kentucky,attribution_only,dip_restore,0.0,game_unusable,reverted_unverified,cfbd_drives_5a,"[""2025:401757312:21:6"", ""2025:401757312:22:3""]"
2e3b6bf32f442941,2021,401287917,Baylor,attribution_only,dip_restore,0.0,game_unusable,reverted_unverified,cfbd_drives_5a,"[""2021:401287917:10:1"", ""2021:401287917:9:5""]"
2e3f6aa41f477577,2021,401282759,Iowa,attribution_only,dip_restore,0.0,corroborated,admitted,cfbd_drives_5a,"[""2021:401282759:11:10"", ""2021:401282759:12:1"", ""2021:401282759:13:13"", ""2021:401282759:15:1""]"
2e802539e6b7a13f,2025,401760397,Boise State,points_recovery,dip_restore,3.0,game_unusable,reverted_unverified,cfbd_drives_5a,"[""2025:401760397:2:1"", ""2025:401760397:2:14"", ""2025:401760397:4:11""]"
2e86df6f23760df3,2021,401301031,UCF,points_recovery,dip_restore,1.0,game_unusable,reverted_unverified,cfbd_drives_5a,"[""2021:401301031:4:7"", ""2021:401301031:5:4""]"
2e8be1f14353e4f7,2025,401754637,Clemson,attribution_only,dip_restore,0.0,corroborated,admitted,cfbd_drives_5a,"[""2025:401754637:13:11"", ""2025:401754637:14:1""]"
2ec2970fdc7d9189,2023,401532394,Howard,points_reduction,category_possession_reassignment,-7.0,game_unusable,reverted_unverified,cfbd_drives_5a,"[""2023:401532394:15:1""]"
2ec2b72a2a4c3fea,2022,401415263,Fresno State,attribution_only,dip_restore,0.0,corroborated,admitted,cfbd_drives_5a,"[""2022:401415263:6:4"", ""2022:401415263:7:1""]"
2eda0fa8e5f0d904,2022,401416651,Western Michigan,attribution_only,dip_restore,0.0,corroborated,admitted,cfbd_drives_5a,"[""2022:401416651:12:2"", ""2022:401416651:13:1""]"
2edb698bfb44568b,2025,401752865,Ohio State,attribution_only,dip_restore,0.0,corroborated,admitted,cfbd_drives_5a,"[""2025:401752865:14:18"", ""2025:401752865:15:1""]"
2ee563b959f758af,2023,401520217,Wisconsin,attribution_only,dip_restore,0.0,game_unusable,reverted_unverified,cfbd_drives_5a,"[""2023:401520217:7:10"", ""2023:401520217:8:2""]"
2ef348db0ff115c3,2023,401551752,Boise State,attribution_only,dip_restore,0.0,corroborated,admitted,cfbd_drives_5a,"[""2023:401551752:20:4"", ""2023:401551752:21:1""]"
2efa69ebe7294856,2017,400941835,Tulsa,attribution_only,dip_restore,0.0,corroborated,admitted,cfbd_drives_5a,"[""2017:400941835:7:12"", ""2017:400941835:8:1""]"
2f05dc12549feea2,2016,400869067,Texas A&M,points_recovery,dip_restore,6.0,corroborated,admitted,cfbd_drives_5a,"[""2016:400869067:27:9""]"
2f098d6df252aeb0,2024,401628559,Minnesota,attribution_only,dip_restore,0.0,game_unusable,reverted_unverified,cfbd_drives_5a,"[""2024:401628559:13:11"", ""2024:401628559:15:1""]"
2f27c9cd89ee6279,2025,401752722,South Carolina,attribution_only,dip_restore,0.0,corroborated,admitted,cfbd_drives_5a,"[""2025:401752722:6:3"", ""2025:401752722:7:1""]"
2f307c052aaf68f6,2017,400941799,Illinois,attribution_only,dip_restore,0.0,game_unusable,reverted_unverified,cfbd_drives_5a,"[""2017:400941799:12:5"", ""2017:400941799:4:1""]"
2f324246af2a601e,2022,401426365,South Alabama,attribution_only,dip_restore,0.0,corroborated,admitted,cfbd_drives_5a,"[""2022:401426365:19:15"", ""2022:401426365:20:1""]"
2f340154241cc4b0,2025,401760409,Nevada,attribution_only,dip_restore,0.0,game_unusable,reverted_unverified,cfbd_drives_5a,"[""2025:401760409:18:3"", ""2025:401760409:18:8""]"
2f4a05f6b20b2b6e,2025,401761590,James Madison,attribution_only,dip_restore,0.0,game_unusable,reverted_unverified,cfbd_drives_5a,"[""2025:401761590:6:11"", ""2025:401761590:7:1""]"
2f52e61c5c96dd35,2021,401287928,Kansas State,attribution_only,dip_restore,0.0,corroborated,admitted,cfbd_drives_5a,"[""2021:401287928:17:11"", ""2021:401287928:17:14""]"
2f964b37438d40cd,2024,401643775,South Alabama,attribution_only,dip_restore,0.0,corroborated,admitted,cfbd_drives_5a,"[""2024:401643775:8:13"", ""2024:401643775:9:1""]"
2fa2b385fa6b8390,2023,401520234,Murray State,attribution_only,dip_restore,0.0,corroborated,admitted,cfbd_drives_5a,"[""2023:401520234:23:11"", ""2023:401520234:24:1""]"
2fd6f45721f3b234,2019,401117533,Wyoming,attribution_only,dip_restore,0.0,corroborated,admitted,cfbd_drives_5a,"[""2019:401117533:10:7"", ""2019:401117533:11:1""]"
2fe545876b4d8b8e,2022,401404010,Oregon State,attribution_only,dip_restore,0.0,corroborated,admitted,cfbd_drives_5a,"[""2022:401404010:3:20"", ""2022:401404010:4:1""]"
300384268c0802d9,2025,401760379,Appalachian State,attribution_only,dip_restore,0.0,corroborated,admitted,cfbd_drives_5a,"[""2025:401760379:10:1"", ""2025:401760379:14:3"", ""2025:401760379:15:1"", ""2025:401760379:9:19""]"
3027d549eb40578b,2023,401525862,Houston,attribution_only,dip_restore,0.0,game_unusable,reverted_unverified,cfbd_drives_5a,"[""2023:401525862:10:11"", ""2023:401525862:3:1""]"
302b41afa9444a7f,2023,401520385,James Madison,attribution_only,dip_restore,0.0,corroborated,admitted,cfbd_drives_5a,"[""2023:401520385:7:1"", ""2023:401520385:8:2""]"
302f4109b1039905,2016,400869677,Nebraska,attribution_only,dip_restore,0.0,corroborated,admitted,cfbd_drives_5a,"[""2016:400869677:20:6"", ""2016:400869677:21:1""]"
3075deec2fc102a3,2022,401411108,Virginia Tech,points_recovery,incomplete_stream,27.0,game_unusable,reverted_unverified,cfbd_drives_5a,"[""2022:401411108:13:3"", ""2022:401411108:17:1"", ""2022:401411108:1:4"", ""2022:401411108:1:5"", ""2022:401411108:2:1"", ""2022:401411108:4:4"", ""2022:401411108:7:3""]"
307ddca933204737,2022,401403853,Vanderbilt,attribution_only,dip_restore,0.0,corroborated,admitted,cfbd_drives_5a,"[""2022:401403853:10:1"", ""2022:401403853:9:10""]"
30c6378a0ab0bcc9,2022,401405097,Michigan,attribution_only,dip_restore,0.0,game_unusable,reverted_unverified,cfbd_drives_5a,"[""2022:401405097:19:8"", ""2022:401405097:20:2""]"
30ce90a28ee62eba,2022,401404104,Oklahoma,points_recovery,incomplete_stream,28.0,game_unusable,reverted_unverified,cfbd_drives_5a,"[""2022:401404104:11:1"", ""2022:401404104:19:1"", ""2022:401404104:1:4"", ""2022:401404104:21:2"", ""2022:401404104:5:1""]"
30df18c20e9308a1,2024,401628551,Oregon,attribution_only,dip_restore,0.0,corroborated,admitted,cfbd_drives_5a,"[""2024:401628551:19:8"", ""2024:401628551:20:1""]"
312152a4962c513b,2017,400935278,Oregon,attribution_only,dip_restore,0.0,corroborated,admitted,cfbd_drives_5a,"[""2017:400935278:22:6"", ""2017:400935278:23:1""]"
3125d6708b96aae6,2023,401531893,James Madison,attribution_only,dip_restore,0.0,game_unusable,reverted_unverified,cfbd_drives_5a,"[""2023:401531893:18:11"", ""2023:401531893:19:1""]"
314338165625fa3d,2022,401404086,Oklahoma,attribution_only,dip_restore,0.0,corroborated,admitted,cfbd_drives_5a,"[""2022:401404086:28:16"", ""2022:401404086:29:1""]"
31475e8ed6eb8112,2025,401754569,Boston College,attribution_only,dip_restore,0.0,game_unusable,reverted_unverified,cfbd_drives_5a,"[""2025:401754569:4:2"", ""2025:401754569:5:11""]"
3159ce1eb63ce8b3,2022,401426539,SMU,attribution_only,dip_restore,0.0,corroborated,admitted,cfbd_drives_5a,"[""2022:401426539:3:14"", ""2022:401426539:4:1""]"
315df7d0d7c1f8d9,2017,400935290,USC,attribution_only,dip_restore,0.0,game_unusable,reverted_unverified,cfbd_drives_5a,"[""2017:400935290:22:3"", ""2017:400935290:23:1""]"
318af453ab5afb82,2025,401752866,Northwestern,attribution_only,dip_restore,0.0,game_unusable,reverted_unverified,cfbd_drives_5a,"[""2025:401752866:2:1"", ""2025:401752866:4:12""]"
31955dda2d8791a5,2023,401532579,Utah State,points_recovery,other,5.0,game_unusable,reverted_unverified,cfbd_drives_5a,"[""2023:401532579:14:2""]"
31a8161d844ab4fe,2023,401520175,Army,attribution_only,dip_restore,0.0,corroborated,admitted,cfbd_drives_5a,"[""2023:401520175:10:1"", ""2023:401520175:9:5""]"
31f034b7942d230f,2024,401645356,Tulane,attribution_only,dip_restore,0.0,corroborated,admitted,cfbd_drives_5a,"[""2024:401645356:11:14"", ""2024:401645356:12:1""]"
320d2f5196f73c49,2024,401634181,Ball State,points_recovery,final_cap,6.0,game_unusable,reverted_unverified,cfbd_drives_5a,"[""2024:401634181:25:4"", ""2024:401634181:26:1"", ""2024:401634181:26:2"", ""2024:401634181:26:3"", ""2024:401634181:26:4"", ""2024:401634181:26:5"", ""2024:401634181:26:6""]"
32155f2bffb9823b,2022,401403909,Alabama,attribution_only,dip_restore,0.0,corroborated,admitted,cfbd_drives_5a,"[""2022:401403909:8:10"", ""2022:401403909:9:1""]"
3217245f061ea040,2021,401309904,UCLA,attribution_only,restoration_gt8,0.0,game_unusable,reverted_unverified,cfbd_drives_5a,"[""2021:401309904:14:6"", ""2021:401309904:15:1""]"
3218c02ead17cac7,2022,401411110,Maine,attribution_only,dip_restore,0.0,game_unusable,reverted_unverified,cfbd_drives_5a,"[""2022:401411110:17:9"", ""2022:401411110:7:6""]"
322f1dc6a4587ed6,2025,401761639,Texas State,attribution_only,dip_restore,0.0,indistinguishable_at_drive_level,reverted_unverified,cfbd_drives_5a,"[""2025:401761639:13:13"", ""2025:401761639:13:16""]"
3232edf5fe0783fb,2024,401628455,Ohio State,attribution_only,dip_restore,0.0,corroborated,admitted,cfbd_drives_5a,"[""2024:401628455:22:2"", ""2024:401628455:23:1""]"
324e624b306b49d3,2017,400934577,North Carolina,attribution_only,dip_restore,0.0,corroborated,admitted,cfbd_drives_5a,"[""2017:400934577:16:6"", ""2017:400934577:17:1""]"
326950d29d919d6a,2025,401752687,LSU,attribution_only,other,0.0,game_unusable,reverted_unverified,cfbd_drives_5a,"[""2025:401752687:14:6"", ""2025:401752687:6:1""]"
326abad5c2fb3c88,2022,401405111,Rutgers,attribution_only,dip_restore,0.0,corroborated,admitted,cfbd_drives_5a,"[""2022:401405111:1:9"", ""2022:401405111:2:1""]"
3299dc79e38ff0b6,2021,401282246,North Texas,points_recovery,incomplete_stream,24.0,game_unusable,reverted_unverified,cfbd_drives_5a,"[""2021:401282246:12:9"", ""2021:401282246:16:10"", ""2021:401282246:1:19"", ""2021:401282246:7:12"", ""2021:401282246:9:1""]"
32a07f18515846c7,2022,401415213,Portland State,attribution_only,dip_restore,0.0,game_unusable,reverted_unverified,cfbd_drives_5a,"[""2022:401415213:1:9"", ""2022:401415213:5:1""]"
32b4661627ee4a99,2025,401766898,Bethune-Cookman,attribution_only,dip_restore,0.0,corroborated,admitted,cfbd_drives_5a,"[""2025:401766898:10:1"", ""2025:401766898:9:16""]"
32f1d62e94949ab7,2023,401525849,SMU,attribution_only,dip_restore,0.0,corroborated,admitted,cfbd_drives_5a,"[""2023:401525849:20:13"", ""2023:401525849:21:1""]"
3310e98bebc8e2d7,2018,401022517,Nevada,attribution_only,dip_restore,0.0,corroborated,admitted,cfbd_drives_5a,"[""2018:401022517:10:1"", ""2018:401022517:9:1""]"
3317e77058924fc6,2023,401520167,South Carolina,attribution_only,incomplete_stream,0.0,game_unusable,reverted_unverified,cfbd_drives_5a,"[""2023:401520167:12:7"", ""2023:401520167:13:1"", ""2023:401520167:13:2"", ""2023:401520167:13:3"", ""2023:401520167:13:4"", ""2023:401520167:13:5"", ""2023:401520167:14:1"", ""2023:401520167:14:2"", ""2023:401520167:14:3"", ""2023:401520167:14:4"", ""2023:401520167:14:5"", ""2023:401520167:14:6"", ""2023:401520167:14:7"", ""2023:401520167:14:8""]"
3324c1d6a2ded5eb,2016,400869152,USC,attribution_only,dip_restore,0.0,corroborated,admitted,cfbd_drives_5a,"[""2016:400869152:6:7"", ""2016:400869152:7:1""]"
337da2e50ce0c897,2023,401532438,Western Michigan,attribution_only,dip_restore,0.0,game_unusable,reverted_unverified,cfbd_drives_5a,"[""2023:401532438:1:1"", ""2023:401532438:3:11""]"
33829f38791dc9ef,2022,401403967,San Diego State,attribution_only,dip_restore,0.0,corroborated,admitted,cfbd_drives_5a,"[""2022:401403967:14:1"", ""2022:401403967:9:7""]"
3388eea9f4bcbde4,2023,401520189,North Texas,attribution_only,dip_restore,0.0,game_unusable,reverted_unverified,cfbd_drives_5a,"[""2023:401520189:2:1"", ""2023:401520189:4:9""]"
3389937af110c1ca,2024,401677093,Texas A&M,attribution_only,final_cap,0.0,game_unusable,reverted_unverified,cfbd_drives_5a,"[""2024:401677093:27:1"", ""2024:401677093:27:2"", ""2024:401677093:27:3""]"
339ec87642d4a3e6,2025,401757230,Sam Houston State,attribution_only,dip_restore,0.0,corroborated,admitted,cfbd_drives_5a,"[""2025:401757230:18:11"", ""2025:401757230:19:1""]"
33a52ce2ee989c45,2023,401520388,Liberty,attribution_only,final_cap,0.0,game_unusable,reverted_unverified,cfbd_drives_5a,"[""2023:401520388:17:1"", ""2023:401520388:17:10"", ""2023:401520388:17:12"", ""2023:401520388:17:13"", ""2023:401520388:17:2"", ""2023:401520388:17:3"", ""2023:401520388:17:4"", ""2023:401520388:17:5"", ""2023:401520388:17:6"", ""2023:401520388:17:7"", ""2023:401520388:17:8"", ""2023:401520388:17:9"", ""2023:401520388:18:1"", ""2023:401520388:18:2"", ""2023:401520388:18:3"", ""2023:401520388:18:4"", ""2023:401520388:19:2"", ""2023:401520388:19:3"", ""2023:401520388:19:4"", ""2023:401520388:19:5"", ""2023:401520388:20:1"", ""2023:401520388:20:10"", ""2023:401520388:20:2"", ""2023:401520388:20:3"", ""2023:401520388:20:4"", ""2023:401520388:20:5"", ""2023:401520388:20:6"", ""2023:401520388:20:7"", ""2023:401520388:20:8"", ""2023:401520388:20:9"", ""2023:401520388:21:1"", ""2023:401520388:21:2"", ""2023:401520388:21:3"", ""2023:401520388:21:4"", ""2023:401520388:22:1"", ""2023:401520388:22:2"", ""2023:401520388:22:3"", ""2023:401520388:22:4"", ""2023:401520388:22:5""]"
33a5e65b25021188,2018,401014973,Fordham,attribution_only,dip_restore,0.0,corroborated,admitted,cfbd_drives_5a,"[""2018:401014973:16:5"", ""2018:401014973:17:1""]"
33d44a155c1205d3,2015,400787471,Arkansas State,attribution_only,dip_restore,0.0,corroborated,admitted,cfbd_drives_5a,"[""2015:400787471:29:7"", ""2015:400787471:30:1""]"
33e0599cad212edc,2022,401415231,Utah State,attribution_only,dip_restore,0.0,corroborated,admitted,cfbd_drives_5a,"[""2022:401415231:2:8"", ""2022:401415231:3:1""]"
340240bfdc5fc422,2021,401282196,Georgia State,attribution_only,dip_restore,0.0,game_unusable,reverted_unverified,cfbd_drives_5a,"[""2021:401282196:14:1"", ""2021:401282196:9:2""]"
340acd5be7493ded,2024,401635595,Duke,attribution_only,dip_restore,0.0,corroborated,admitted,cfbd_drives_5a,"[""2024:401635595:17:9"", ""2024:401635595:18:1""]"
3439edca4216241d,2024,401645342,Army,points_recovery,restoration_gt8,14.0,game_unusable,reverted_unverified,cfbd_drives_5a,"[""2024:401645342:11:1"", ""2024:401645342:12:1"", ""2024:401645342:4:9"", ""2024:401645342:5:10"", ""2024:401645342:6:3"", ""2024:401645342:7:8"", ""2024:401645342:7:9"", ""2024:401645342:9:4""]"
34a2bee688e9003e,2023,401520165,Missouri,attribution_only,dip_restore,0.0,corroborated,admitted,cfbd_drives_5a,"[""2023:401520165:10:1"", ""2023:401520165:9:17""]"
34cb20168fc7202c,2017,400938630,Louisiana Tech,attribution_only,dip_restore,0.0,corroborated,admitted,cfbd_drives_5a,"[""2017:400938630:16:16"", ""2017:400938630:17:1"", ""2017:400938630:20:8"", ""2017:400938630:21:1""]"
34d7ad875b5c80bc,2021,401309585,Toledo,attribution_only,dip_restore,0.0,corroborated,admitted,cfbd_drives_5a,"[""2021:401309585:12:3"", ""2021:401309585:13:1""]"
34dfd0150a10037d,2017,400953399,Texas,attribution_only,dip_restore,0.0,corroborated,admitted,cfbd_drives_5a,"[""2017:400953399:31:6"", ""2017:400953399:32:1""]"
350713f22a64ffc5,2025,401762461,Western Michigan,points_recovery,incomplete_stream,30.0,game_unusable,reverted_unverified,cfbd_drives_5a,"[""2025:401762461:10:12"", ""2025:401762461:10:23"", ""2025:401762461:14:16"", ""2025:401762461:5:13"", ""2025:401762461:6:10"", ""2025:401762461:6:19"", ""2025:401762461:7:1"", ""2025:401762461:7:18"", ""2025:401762461:8:15""]"
350714ac4c96f7c1,2025,401754525,SMU,points_recovery,incomplete_stream,35.0,game_unusable,reverted_unverified,cfbd_drives_5a,"[""2025:401754525:14:3"", ""2025:401754525:18:7"", ""2025:401754525:20:4"", ""2025:401754525:7:13"", ""2025:401754525:8:12""]"
3519f55f0b6e7b9c,2024,401643809,South Alabama,attribution_only,category_possession_reassignment,0.0,game_unusable,reverted_unverified,cfbd_drives_5a,"[""2024:401643809:11:6"", ""2024:401643809:13:2""]"
353414efb837b0e8,2021,401282229,Liberty,attribution_only,dip_restore,0.0,game_unusable,reverted_unverified,cfbd_drives_5a,"[""2021:401282229:10:12"", ""2021:401282229:11:1""]"
3569ca7ca33fea7e,2023,401520445,Navy,attribution_only,final_cap,0.0,game_unusable,reverted_unverified,cfbd_drives_5a,"[""2023:401520445:19:1"", ""2023:401520445:19:2"", ""2023:401520445:19:3"", ""2023:401520445:19:4"", ""2023:401520445:19:5"", ""2023:401520445:19:6"", ""2023:401520445:19:7"", ""2023:401520445:19:8"", ""2023:401520445:20:1"", ""2023:401520445:20:10"", ""2023:401520445:20:2"", ""2023:401520445:20:3"", ""2023:401520445:20:4"", ""2023:401520445:20:6"", ""2023:401520445:20:8"", ""2023:401520445:21:1"", ""2023:401520445:21:10"", ""2023:401520445:21:2"", ""2023:401520445:21:3"", ""2023:401520445:21:4"", ""2023:401520445:21:5"", ""2023:401520445:21:6"", ""2023:401520445:21:7"", ""2023:401520445:21:8"", ""2023:401520445:21:9""]"
356b53bc6b30061b,2025,401762821,Akron,attribution_only,dip_restore,0.0,game_unusable,reverted_unverified,cfbd_drives_5a,"[""2025:401762821:14:4"", ""2025:401762821:15:2""]"
359734c8d661f945,2024,401643766,San Diego State,attribution_only,dip_restore,0.0,game_unusable,reverted_unverified,cfbd_drives_5a,"[""2024:401643766:12:1"", ""2024:401643766:13:1"", ""2024:401643766:25:12""]"
35a6e389ca0ca25a,2024,401629031,Florida Atlantic,attribution_only,final_cap,0.0,game_unusable,reverted_unverified,cfbd_drives_5a,"[""2024:401629031:20:1"", ""2024:401629031:20:2"", ""2024:401629031:20:3"", ""2024:401629031:20:4"", ""2024:401629031:20:5"", ""2024:401629031:21:1"", ""2024:401629031:21:2"", ""2024:401629031:21:3"", ""2024:401629031:21:4"", ""2024:401629031:21:5"", ""2024:401629031:21:6"", ""2024:401629031:21:7"", ""2024:401629031:21:8""]"
35b75e3549ca70e7,2023,401520440,Sam Houston State,attribution_only,dip_restore,0.0,corroborated,admitted,cfbd_drives_5a,"[""2023:401520440:16:3"", ""2023:401520440:17:1"", ""2023:401520440:24:13"", ""2023:401520440:25:1""]"
3615b17a7d9fa4df,2019,401117897,SMU,attribution_only,dip_restore,0.0,game_unusable,reverted_unverified,cfbd_drives_5a,"[""2019:401117897:11:8"", ""2019:401117897:12:1""]"
36249241496c8c9f,2015,400763556,Wisconsin,attribution_only,dip_restore,0.0,corroborated,admitted,cfbd_drives_5a,"[""2015:400763556:22:4"", ""2015:400763556:23:1""]"
3626c6530b779b55,2015,400756934,Louisville,attribution_only,dip_restore,0.0,game_unusable,reverted_unverified,cfbd_drives_5a,"[""2015:400756934:15:3"", ""2015:400756934:17:1""]"
36365be9e290ff2c,2015,400757049,Washington State,attribution_only,dip_restore,0.0,game_unusable,reverted_unverified,cfbd_drives_5a,"[""2015:400757049:31:2"", ""2015:400757049:32:10"", ""2015:400757049:32:11"", ""2015:400757049:32:2"", ""2015:400757049:33:1"", ""2015:400757049:34:1""]"
36399d3cca3b52db,2024,401643740,Boise State,attribution_only,dip_restore,0.0,game_unusable,reverted_unverified,cfbd_drives_5a,"[""2024:401643740:11:6"", ""2024:401643740:12:1""]"
363e71937f03ffe7,2025,401762484,Navy,attribution_only,final_cap,0.0,game_unusable,reverted_unverified,cfbd_drives_5a,"[""2025:401762484:19:1""]"
36505c725ae1ad2e,2025,401757287,Delaware,attribution_only,dip_restore,0.0,game_unusable,reverted_unverified,cfbd_drives_5a,"[""2025:401757287:15:1"", ""2025:401757287:19:10""]"
36568a4cf7143d07,2024,401677094,Connecticut,attribution_only,dip_restore,0.0,game_unusable,reverted_unverified,cfbd_drives_5a,"[""2024:401677094:11:15"", ""2024:401677094:12:1""]"
3662295e307bf1e2,2024,401645372,East Carolina,attribution_only,dip_restore,0.0,corroborated,admitted,cfbd_drives_5a,"[""2024:401645372:17:4"", ""2024:401645372:18:1""]"
366db87b297788f3,2021,401309575,Buffalo,points_recovery,incomplete_stream,21.0,game_unusable,reverted_unverified,cfbd_drives_5a,"[""2021:401309575:12:1"", ""2021:401309575:14:2"", ""2021:401309575:6:2"", ""2021:401309575:7:1"", ""2021:401309575:8:4"", ""2021:401309575:9:1""]"
367d6b3a8296c2bf,2022,401411173,Boston College,attribution_only,dip_restore,0.0,corroborated,admitted,cfbd_drives_5a,"[""2022:401411173:23:13"", ""2022:401411173:24:1""]"
3682d6f9c3f80858,2025,401756916,BYU,points_recovery,incomplete_stream,33.0,game_unusable,reverted_unverified,cfbd_drives_5a,"[""2025:401756916:18:16"", ""2025:401756916:20:16"", ""2025:401756916:23:6"", ""2025:401756916:24:4"", ""2025:401756916:25:5"", ""2025:401756916:3:8"", ""2025:401756916:5:4""]"
368885f17f0f5fa1,2022,401426360,Appalachian State,attribution_only,dip_restore,0.0,game_unusable,reverted_unverified,cfbd_drives_5a,"[""2022:401426360:14:1"", ""2022:401426360:4:1"", ""2022:401426360:6:4"", ""2022:401426360:9:4""]"
368c91a751f985b4,2018,401022538,Boise State,attribution_only,dip_restore,0.0,game_unusable,reverted_unverified,cfbd_drives_5a,"[""2018:401022538:3:14"", ""2018:401022538:4:1""]"
36a211a8e38b57a6,2022,401416652,Northern Illinois,attribution_only,dip_restore,0.0,corroborated,admitted,cfbd_drives_5a,"[""2022:401416652:17:13"", ""2022:401416652:18:1""]"
36a3dd670315d875,2025,401752816,Boston College,attribution_only,restoration_gt8,0.0,game_unusable,reverted_unverified,cfbd_drives_5a,"[""2025:401752816:5:14"", ""2025:401752816:8:7""]"
36ca9a973877e404,2025,401761594,Texas State,attribution_only,dip_restore,0.0,game_unusable,reverted_unverified,cfbd_drives_5a,"[""2025:401761594:13:11"", ""2025:401761594:9:7""]"
36d925acc88c945c,2021,401309596,Bowling Green,attribution_only,dip_restore,0.0,corroborated,admitted,cfbd_drives_5a,"[""2021:401309596:19:2"", ""2021:401309596:20:1""]"
36f0381d2dff4de3,2017,400938648,UTEP,attribution_only,dip_restore,0.0,corroborated,admitted,cfbd_drives_5a,"[""2017:400938648:10:1"", ""2017:400938648:9:9""]"
36f63fffe21b4105,2025,401754606,Wake Forest,attribution_only,category_possession_reassignment,0.0,corroborated,admitted,cfbd_drives_5a,"[""2025:401754606:2:15"", ""2025:401754606:3:1""]"
3708b15bd06d55aa,2021,401300997,Nicholls,attribution_only,dip_restore,0.0,corroborated,admitted,cfbd_drives_5a,"[""2021:401300997:15:11"", ""2021:401300997:16:1"", ""2021:401300997:19:12"", ""2021:401300997:20:1""]"
3737ef0689c0dfff,2023,401520331,Sam Houston State,points_recovery,dip_restore,20.0,game_unusable,reverted_unverified,cfbd_drives_5a,"[""2023:401520331:10:10"", ""2023:401520331:12:12"", ""2023:401520331:15:12"", ""2023:401520331:21:7""]"
3739aa86533a62ed,2017,400941826,Cincinnati,attribution_only,dip_restore,0.0,game_unusable,reverted_unverified,cfbd_drives_5a,"[""2017:400941826:18:13"", ""2017:400941826:19:1""]"
373a2ba6c8a827a1,2017,400953325,Arkansas State,attribution_only,dip_restore,0.0,corroborated,admitted,cfbd_drives_5a,"[""2017:400953325:18:11"", ""2017:400953325:19:1"", ""2017:400953325:22:11"", ""2017:400953325:23:1""]"
373ac18f194f053d,2015,400764870,Memphis,attribution_only,dip_restore,0.0,corroborated,admitted,cfbd_drives_5a,"[""2015:400764870:6:3"", ""2015:400764870:7:1""]"
3752ae8eb042eec4,2025,401756967,TCU,attribution_only,other,0.0,game_unusable,reverted_unverified,cfbd_drives_5a,"[""2025:401756967:11:12"", ""2025:401756967:13:10""]"
37564978ae7349ee,2025,401754547,Pittsburgh,attribution_only,dip_restore,0.0,corroborated,admitted,cfbd_drives_5a,"[""2025:401754547:15:5"", ""2025:401754547:16:1""]"
375dff79f65e06f2,2025,401752674,Missouri,attribution_only,dip_restore,0.0,game_unusable,reverted_unverified,cfbd_drives_5a,"[""2025:401752674:21:13"", ""2025:401752674:22:1""]"
37761266e294c8ab,2024,401645344,Rice,attribution_only,dip_restore,0.0,corroborated,admitted,cfbd_drives_5a,"[""2024:401645344:8:7"", ""2024:401645344:9:2""]"
377f52385ac80038,2024,401635624,North Carolina,attribution_only,dip_restore,0.0,game_unusable,reverted_unverified,cfbd_drives_5a,"[""2024:401635624:10:14"", ""2024:401635624:12:11"", ""2024:401635624:12:7""]"
37ad5cd33aab28e6,2022,401426572,UT San Antonio,attribution_only,dip_restore,0.0,corroborated,admitted,cfbd_drives_5a,"[""2022:401426572:13:4"", ""2022:401426572:14:1""]"
37aed31d14ec71a3,2015,400603908,Arkansas,points_recovery,dip_restore,8.0,cfbd_matches_neither,reverted_contradicted,cfbd_drives_5a,"[""2015:400603908:24:7""]"
37b333616c58dea6,2023,401520229,Louisiana Tech,attribution_only,dip_restore,0.0,corroborated,admitted,cfbd_drives_5a,"[""2023:401520229:6:9"", ""2023:401520229:7:1""]"
37d54c90b48fb826,2022,401416629,Bowling Green,attribution_only,dip_restore,0.0,corroborated,admitted,cfbd_drives_5a,"[""2022:401416629:1:10"", ""2022:401416629:2:1""]"
37e6b11a74b89b75,2024,401677091,Vanderbilt,attribution_only,dip_restore,0.0,corroborated,admitted,cfbd_drives_5a,"[""2024:401677091:13:8"", ""2024:401677091:14:1""]"
38220b3fe7a9f19e,2025,401761622,Georgia Southern,attribution_only,dip_restore,0.0,corroborated,admitted,cfbd_drives_5a,"[""2025:401761622:27:15"", ""2025:401761622:28:1""]"
38224fc7775f2801,2022,401420777,Georgia Southern,attribution_only,dip_restore,0.0,corroborated,admitted,cfbd_drives_5a,"[""2022:401420777:16:1"", ""2022:401420777:17:1""]"
38280058b326d907,2023,401531898,Southern Mississippi,attribution_only,dip_restore,0.0,corroborated,admitted,cfbd_drives_5a,"[""2023:401531898:10:1"", ""2023:401531898:9:4""]"
382e8706a54962df,2021,401282229,Middle Tennessee,attribution_only,dip_restore,0.0,game_unusable,reverted_unverified,cfbd_drives_5a,"[""2021:401282229:11:9"", ""2021:401282229:12:2""]"
385cc753476d0a4c,2023,401520375,Ohio State,attribution_only,dip_restore,0.0,corroborated,admitted,cfbd_drives_5a,"[""2023:401520375:13:12"", ""2023:401520375:14:1""]"
386288a20dc0bf54,2017,400935304,Stanford,attribution_only,dip_restore,0.0,corroborated,admitted,cfbd_drives_5a,"[""2017:400935304:22:11"", ""2017:400935304:23:1""]"
38741e309ec12f3d,2025,401752850,Illinois,attribution_only,dip_restore,0.0,corroborated,admitted,cfbd_drives_5a,"[""2025:401752850:2:10"", ""2025:401752850:3:1""]"
38764cb18fe94c38,2017,400953399,Missouri,attribution_only,dip_restore,0.0,corroborated,admitted,cfbd_drives_5a,"[""2017:400953399:12:6"", ""2017:400953399:13:1""]"
387c1dcf2098a19c,2022,401415215,Weber State,attribution_only,final_cap,0.0,game_unusable,reverted_unverified,cfbd_drives_5a,"[""2022:401415215:28:1"", ""2022:401415215:28:10"", ""2022:401415215:28:11"", ""2022:401415215:28:13"", ""2022:401415215:28:14"", ""2022:401415215:28:15"", ""2022:401415215:28:16"", ""2022:401415215:28:2"", ""2022:401415215:28:3"", ""2022:401415215:28:4"", ""2022:401415215:28:5"", ""2022:401415215:28:6"", ""2022:401415215:28:7"", ""2022:401415215:28:8"", ""2022:401415215:28:9""]"
387e5a425d83ce43,2017,400944898,Toledo,attribution_only,dip_restore,0.0,corroborated,admitted,cfbd_drives_5a,"[""2017:400944898:10:5"", ""2017:400944898:11:1""]"
38ce7de04d048343,2025,401752816,Michigan State,attribution_only,restoration_gt8,0.0,game_unusable,reverted_unverified,cfbd_drives_5a,"[""2025:401752816:3:13"", ""2025:401752816:4:11""]"
39268db5dabe9f9f,2021,401282783,Youngstown State,attribution_only,dip_restore,0.0,corroborated,admitted,cfbd_drives_5a,"[""2021:401282783:12:13"", ""2021:401282783:15:1""]"
3955b61723bf4e4b,2024,401643703,Utah State,attribution_only,dip_restore,0.0,corroborated,admitted,cfbd_drives_5a,"[""2024:401643703:7:3"", ""2024:401643703:8:1""]"
398f1e49c76e24a3,2024,401643744,San Diego State,attribution_only,dip_restore,0.0,game_unusable,reverted_unverified,cfbd_drives_5a,"[""2024:401643744:16:3"", ""2024:401643744:17:1""]"
3992a5fcef4797d0,2023,401520305,Missouri,attribution_only,dip_restore,0.0,corroborated,admitted,cfbd_drives_5a,"[""2023:401520305:6:6"", ""2023:401520305:7:1""]"
3996fc7a658c7c31,2024,401643799,Appalachian State,attribution_only,dip_restore,0.0,corroborated,admitted,cfbd_drives_5a,"[""2024:401643799:17:12"", ""2024:401643799:18:1""]"
39b9ddd068658b00,2024,401635614,Clemson,attribution_only,dip_restore,0.0,corroborated,admitted,cfbd_drives_5a,"[""2024:401635614:11:5"", ""2024:401635614:12:1""]"
39d11ea5b53a6950,2021,401331231,Michigan State,attribution_only,dip_restore,0.0,corroborated,admitted,cfbd_drives_5a,"[""2021:401331231:20:14"", ""2021:401331231:21:1""]"
39e7e6d5052df16c,2023,401532405,Ohio,attribution_only,dip_restore,0.0,corroborated,admitted,cfbd_drives_5a,"[""2023:401532405:2:3"", ""2023:401532405:3:1""]"
3a0e203c62f1c195,2025,401762472,Florida Atlantic,points_reduction,category_possession_reassignment,-7.0,game_unusable,reverted_unverified,cfbd_drives_5a,"[""2025:401762472:3:12""]"
3a276d1cb01fe6c6,2024,401643766,Utah State,attribution_only,dip_restore,0.0,game_unusable,reverted_unverified,cfbd_drives_5a,"[""2024:401643766:12:5"", ""2024:401643766:13:4""]"
3a47204f6a5e55f7,2021,401309882,California,attribution_only,final_cap,0.0,game_unusable,reverted_unverified,cfbd_drives_5a,"[""2021:401309882:21:13"", ""2021:401309882:22:1"", ""2021:401309882:22:3"", ""2021:401309882:23:1"", ""2021:401309882:23:10"", ""2021:401309882:23:11"", ""2021:401309882:23:12"", ""2021:401309882:23:14"", ""2021:401309882:23:16"", ""2021:401309882:23:2"", ""2021:401309882:23:4"", ""2021:401309882:23:5"", ""2021:401309882:23:7"", ""2021:401309882:23:9"", ""2021:401309882:24:1""]"
3a496305431e5fa4,2016,400869100,Arizona State,attribution_only,dip_restore,0.0,game_unusable,reverted_unverified,cfbd_drives_5a,"[""2016:400869100:3:1"", ""2016:400869100:4:6""]"
3a6f699e2d7c6832,2016,400869699,Iowa,attribution_only,dip_restore,0.0,corroborated,admitted,cfbd_drives_5a,"[""2016:400869699:15:4"", ""2016:400869699:16:1""]"
3a8fed083941c038,2024,401628497,Minnesota,attribution_only,dip_restore,0.0,game_unusable,reverted_unverified,cfbd_drives_5a,"[""2024:401628497:24:12"", ""2024:401628497:24:15""]"
3aa8958a2b64100b,2023,401532588,Wyoming,attribution_only,restoration_gt8,0.0,game_unusable,reverted_unverified,cfbd_drives_5a,"[""2023:401532588:6:10"", ""2023:401532588:7:1""]"
3ad919b4b8be241b,2024,401628406,Ole Miss,attribution_only,dip_restore,0.0,corroborated,admitted,cfbd_drives_5a,"[""2024:401628406:10:1"", ""2024:401628406:9:2""]"
3b24ef6b48b36f69,2025,401752791,Tennessee,attribution_only,dip_restore,0.0,game_unusable,reverted_unverified,cfbd_drives_5a,"[""2025:401752791:2:11"", ""2025:401752791:3:13"", ""2025:401752791:3:4""]"
3b3a21e795cbf7ac,2025,401752879,Maryland,attribution_only,category_possession_reassignment,0.0,game_unusable,reverted_unverified,cfbd_drives_5a,"[""2025:401752879:18:2"", ""2025:401752879:19:1""]"
3b5d86c029ff39f2,2025,401760386,UNLV,attribution_only,dip_restore,0.0,game_unusable,reverted_unverified,cfbd_drives_5a,"[""2025:401760386:14:1"", ""2025:401760386:15:1""]"
3b7e5cfa2464211b,2017,400937517,Georgia Tech,attribution_only,dip_restore,0.0,corroborated,admitted,cfbd_drives_5a,"[""2017:400937517:21:3"", ""2017:400937517:22:1""]"
3b8070f69bde2510,2021,401282652,Duke,attribution_only,dip_restore,0.0,corroborated,admitted,cfbd_drives_5a,"[""2021:401282652:11:14"", ""2021:401282652:12:1""]"
3b821a248d7fca1d,2018,401022535,New Mexico,attribution_only,dip_restore,0.0,cfbd_matches_neither,reverted_contradicted,cfbd_drives_5a,"[""2018:401022535:13:5"", ""2018:401022535:14:1""]"
3b8acf8741af9aea,2021,401309631,Louisiana,points_recovery,incomplete_stream,19.0,game_unusable,reverted_unverified,cfbd_drives_5a,"[""2021:401309631:15:6"", ""2021:401309631:17:6"", ""2021:401309631:19:5"", ""2021:401309631:21:13""]"
3ba8f2c9177eeffb,2023,401520348,Sam Houston State,attribution_only,dip_restore,0.0,corroborated,admitted,cfbd_drives_5a,"[""2023:401520348:5:14"", ""2023:401520348:6:1""]"
3bb12817cba34c1a,2024,401628514,UCLA,attribution_only,dip_restore,0.0,corroborated,admitted,cfbd_drives_5a,"[""2024:401628514:17:9"", ""2024:401628514:18:1""]"
3bc0ad7e8cbaefb0,2023,401531927,Troy,attribution_only,dip_restore,0.0,corroborated,admitted,cfbd_drives_5a,"[""2023:401531927:4:8"", ""2023:401531927:5:1""]"
3bdcb662bcd13456,2025,401756911,Kansas State,attribution_only,dip_restore,0.0,corroborated,admitted,cfbd_drives_5a,"[""2025:401756911:1:11"", ""2025:401756911:2:1""]"
3bf12393c7bcdefd,2025,401762514,Rice,attribution_only,category_possession_reassignment,0.0,corroborated,admitted,cfbd_drives_5a,"[""2025:401762514:17:8"", ""2025:401762514:18:1""]"
3c19be31376a6e9d,2023,401520374,Ole Miss,attribution_only,dip_restore,0.0,corroborated,admitted,cfbd_drives_5a,"[""2023:401520374:10:5"", ""2023:401520374:11:1""]"
3c3b67c28cfa2b38,2015,400757015,UCLA,attribution_only,dip_restore,0.0,corroborated,admitted,cfbd_drives_5a,"[""2015:400757015:21:5"", ""2015:400757015:22:1""]"
3c465933a59fedf9,2025,401754530,California,points_reduction,category_possession_reassignment,-7.0,game_unusable,reverted_unverified,cfbd_drives_5a,"[""2025:401754530:19:1""]"
3c479437549947ff,2018,401014990,Coastal Carolina,attribution_only,other,0.0,game_unusable,reverted_unverified,cfbd_drives_5a,"[""2018:401014990:14:13"", ""2018:401014990:9:10""]"
3c636143a2e2d17c,2022,401426578,Troy,attribution_only,dip_restore,0.0,game_unusable,reverted_unverified,cfbd_drives_5a,"[""2022:401426578:17:13"", ""2022:401426578:18:1"", ""2022:401426578:19:9"", ""2022:401426578:20:1""]"
3c74f5665f1e8db2,2023,401532452,Ohio,attribution_only,category_possession_reassignment,0.0,game_unusable,reverted_unverified,cfbd_drives_5a,"[""2023:401532452:11:8"", ""2023:401532452:12:1""]"
3c9d3a447a63c985,2025,401752951,Virginia,attribution_only,dip_restore,0.0,corroborated,admitted,cfbd_drives_5a,"[""2025:401752951:23:6"", ""2025:401752951:24:1""]"
3caba4c94e6c7f8e,2025,401761607,Appalachian State,attribution_only,dip_restore,0.0,corroborated,admitted,cfbd_drives_5a,"[""2025:401761607:24:12"", ""2025:401761607:25:1""]"
3cd0b0ee2fd76e68,2019,401121945,Louisiana,attribution_only,dip_restore,0.0,game_unusable,reverted_unverified,cfbd_drives_5a,"[""2019:401121945:11:30"", ""2019:401121945:12:1""]"
3cff4a6497237b32,2024,401643800,South Alabama,attribution_only,dip_restore,0.0,corroborated,admitted,cfbd_drives_5a,"[""2024:401643800:15:3"", ""2024:401643800:16:1""]"
3d02f2ddca14b960,2025,401760386,UNLV,attribution_only,dip_restore,0.0,game_unusable,reverted_unverified,cfbd_drives_5a,"[""2025:401760386:7:10"", ""2025:401760386:8:1""]"
3d0921fcffdf8f74,2023,401532405,Ohio,attribution_only,dip_restore,0.0,corroborated,admitted,cfbd_drives_5a,"[""2023:401532405:10:2"", ""2023:401532405:11:1""]"
3d1a42c2cccf8a81,2024,401636869,Tulsa,attribution_only,dip_restore,0.0,corroborated,admitted,cfbd_drives_5a,"[""2024:401636869:22:11"", ""2024:401636869:23:1""]"
3d33a23e3781a4dd,2024,401636876,Oklahoma State,attribution_only,dip_restore,0.0,corroborated,admitted,cfbd_drives_5a,"[""2024:401636876:29:8"", ""2024:401636876:30:1""]"
3d3afd87f99e0579,2018,401012862,Iowa,attribution_only,category_possession_reassignment,0.0,game_unusable,reverted_unverified,cfbd_drives_5a,"[""2018:401012862:25:4"", ""2018:401012862:27:1""]"
3d5dcf1ac6cf8b4d,2025,401756956,Arizona State,attribution_only,dip_restore,0.0,game_unusable,reverted_unverified,cfbd_drives_5a,"[""2025:401756956:19:1"", ""2025:401756956:21:4""]"
3d5fde355c533da0,2021,401282663,Florida State,attribution_only,dip_restore,0.0,corroborated,admitted,cfbd_drives_5a,"[""2021:401282663:19:10"", ""2021:401282663:20:1""]"
3d654a306388aa05,2021,401282195,North Texas,attribution_only,dip_restore,0.0,corroborated,admitted,cfbd_drives_5a,"[""2021:401282195:22:20"", ""2021:401282195:23:1""]"
3d6ddd0348dcbec7,2025,401752755,Georgia,attribution_only,dip_restore,0.0,game_unusable,reverted_unverified,cfbd_drives_5a,"[""2025:401752755:13:10"", ""2025:401752755:2:9""]"
3d725b73bd8a476e,2022,401405063,Nebraska,attribution_only,dip_restore,0.0,corroborated,admitted,cfbd_drives_5a,"[""2022:401405063:17:6"", ""2022:401405063:18:1""]"
3d9bffa770ee9934,2024,401628509,Wisconsin,attribution_only,dip_restore,0.0,corroborated,admitted,cfbd_drives_5a,"[""2024:401628509:19:8"", ""2024:401628509:20:1""]"
3da3e96fdbac384c,2017,400938606,North Carolina A&T,points_recovery,incomplete_stream,35.0,game_unusable,reverted_unverified,cfbd_drives_5a,"[""2017:400938606:19:4"", ""2017:400938606:26:11"", ""2017:400938606:2:13"", ""2017:400938606:4:4"", ""2017:400938606:6:10"", ""2017:400938606:6:8""]"
3dd9daa2fbc8be46,2024,401635557,TCU,attribution_only,category_possession_reassignment,0.0,game_unusable,reverted_unverified,cfbd_drives_5a,"[""2024:401635557:21:5"", ""2024:401635557:22:7""]"
3ddf1892704a424c,2019,401112108,Oklahoma State,attribution_only,dip_restore,0.0,indistinguishable_at_drive_level,reverted_unverified,cfbd_drives_5a,"[""2019:401112108:26:14"", ""2019:401112108:26:8""]"
3e059e2eca10be82,2024,401635606,Syracuse,attribution_only,dip_restore,0.0,corroborated,admitted,cfbd_drives_5a,"[""2024:401635606:25:11"", ""2024:401635606:26:1""]"
3e1e5dd617f6dc14,2023,401520189,Florida International,points_recovery,incomplete_stream,8.0,game_unusable,reverted_unverified,cfbd_drives_5a,"[""2023:401520189:29:2"", ""2023:401520189:30:1""]"
3e2351532fe4178a,2022,401411125,Clemson,attribution_only,dip_restore,0.0,corroborated,admitted,cfbd_drives_5a,"[""2022:401411125:7:11"", ""2022:401411125:8:1""]"
3e4690861d6e40e9,2021,401331169,Liberty,attribution_only,dip_restore,0.0,corroborated,admitted,cfbd_drives_5a,"[""2021:401331169:7:6"", ""2021:401331169:8:1""]"
3e5972bebdcd0258,2015,400763506,Penn State,attribution_only,dip_restore,0.0,corroborated,admitted,cfbd_drives_5a,"[""2015:400763506:20:4"", ""2015:400763506:21:1""]"
3e5d88d7372a0be8,2021,401301020,Tulsa,attribution_only,dip_restore,0.0,corroborated,admitted,cfbd_drives_5a,"[""2021:401301020:25:8"", ""2021:401301020:26:1""]"
3e6cf3fceacc8e3b,2025,401761601,South Alabama,attribution_only,dip_restore,0.0,corroborated,admitted,cfbd_drives_5a,"[""2025:401761601:5:3"", ""2025:401761601:6:1""]"
3e6fe7f9754c52cf,2018,401022545,Utah State,attribution_only,dip_restore,0.0,game_unusable,reverted_unverified,cfbd_drives_5a,"[""2018:401022545:26:13"", ""2018:401022545:27:1""]"
3e854e326a98a4ba,2025,401754528,Louisville,attribution_only,dip_restore,0.0,corroborated,admitted,cfbd_drives_5a,"[""2025:401754528:17:4"", ""2025:401754528:18:1"", ""2025:401754528:21:2"", ""2025:401754528:22:1""]"
3ec37472b8ef618c,2024,401643801,James Madison,attribution_only,dip_restore,0.0,corroborated,admitted,cfbd_drives_5a,"[""2024:401643801:17:17"", ""2024:401643801:18:1""]"
3ed576ca0e413c2a,2025,401754621,East Texas A&M,attribution_only,dip_restore,0.0,game_unusable,reverted_unverified,cfbd_drives_5a,"[""2025:401754621:23:7"", ""2025:401754621:24:2""]"
3ed60145589c1178,2019,401117889,SMU,attribution_only,dip_restore,0.0,corroborated,admitted,cfbd_drives_5a,"[""2019:401117889:24:6"", ""2019:401117889:25:1""]"
3edee14396b1fd6d,2023,401532593,Colorado State,attribution_only,dip_restore,0.0,corroborated,admitted,cfbd_drives_5a,"[""2023:401532593:24:11"", ""2023:401532593:25:2""]"
3edfe8f9b867d037,2024,401628556,Iowa,attribution_only,dip_restore,0.0,corroborated,admitted,cfbd_drives_5a,"[""2024:401628556:18:5"", ""2024:401628556:19:1""]"
3ee713cabe333d83,2025,401752739,Arkansas,attribution_only,dip_restore,0.0,corroborated,admitted,cfbd_drives_5a,"[""2025:401752739:19:14"", ""2025:401752739:20:1""]"
3f0cf3844a68cb68,2022,401426618,UT San Antonio,attribution_only,dip_restore,0.0,corroborated,admitted,cfbd_drives_5a,"[""2022:401426618:10:11"", ""2022:401426618:11:1""]"
3f47ee8acc916d61,2022,401426602,UAB,attribution_only,dip_restore,0.0,game_unusable,reverted_unverified,cfbd_drives_5a,"[""2022:401426602:8:4"", ""2022:401426602:9:1""]"
3f61244edb65b9b3,2022,401426558,UNLV,attribution_only,dip_restore,0.0,game_unusable,reverted_unverified,cfbd_drives_5a,"[""2022:401426558:4:1"", ""2022:401426558:6:21""]"
3f9e0ce4bd7f93e3,2025,401778302,Boise State,attribution_only,final_cap,0.0,game_unusable,reverted_unverified,cfbd_drives_5a,"[""2025:401778302:26:15"", ""2025:401778302:26:16""]"
3ffbd35cc5f2ef8d,2022,401404104,Baylor,points_recovery,incomplete_stream,38.0,game_unusable,reverted_unverified,cfbd_drives_5a,"[""2022:401404104:10:1"", ""2022:401404104:16:1"", ""2022:401404104:1:4"", ""2022:401404104:21:2"", ""2022:401404104:2:1"", ""2022:401404104:4:1"", ""2022:401404104:8:1""]"
40000c6410e8fbd2,2021,401301029,South Florida,attribution_only,dip_restore,0.0,corroborated,admitted,cfbd_drives_5a,"[""2021:401301029:7:13"", ""2021:401301029:8:1""]"
400602964c49a29f,2016,400869225,Hawai_i,points_recovery,incomplete_stream,14.0,game_unusable,reverted_unverified,cfbd_drives_5a,"[""2016:400869225:10:1"", ""2016:400869225:11:1"", ""2016:400869225:12:1"", ""2016:400869225:14:1"", ""2016:400869225:17:1"", ""2016:400869225:18:1"", ""2016:400869225:22:8"", ""2016:400869225:25:1""]"
404a445101d29430,2016,400869455,North Carolina,attribution_only,category_possession_reassignment,0.0,game_unusable,reverted_unverified,cfbd_drives_5a,"[""2016:400869455:18:9"", ""2016:400869455:19:14""]"
4087ab7fa3df648d,2019,401112262,Nevada,attribution_only,dip_restore,0.0,corroborated,admitted,cfbd_drives_5a,"[""2019:401112262:27:13"", ""2019:401112262:28:1""]"
40a02767eb6052bb,2021,401287938,Oklahoma,attribution_only,dip_restore,0.0,game_unusable,reverted_unverified,cfbd_drives_5a,"[""2021:401287938:10:7"", ""2021:401287938:11:3"", ""2021:401287938:12:7"", ""2021:401287938:20:6"", ""2021:401287938:22:10"", ""2021:401287938:7:13"", ""2021:401287938:8:7"", ""2021:401287938:9:10""]"
41217ca8a3475b76,2025,401757264,Marshall,attribution_only,dip_restore,0.0,game_unusable,reverted_unverified,cfbd_drives_5a,"[""2025:401757264:19:7"", ""2025:401757264:20:1""]"
4124e17d1544ff20,2024,401637159,Portland State,attribution_only,dip_restore,0.0,corroborated,admitted,cfbd_drives_5a,"[""2024:401637159:25:16"", ""2024:401637159:26:1""]"
4126a71baf665c6d,2018,401032076,Florida,attribution_only,dip_restore,0.0,game_unusable,reverted_unverified,cfbd_drives_5a,"[""2018:401032076:21:4"", ""2018:401032076:22:3""]"
413d27b2b84d230b,2021,401282681,Miami,attribution_only,dip_restore,0.0,game_unusable,reverted_unverified,cfbd_drives_5a,"[""2021:401282681:22:13"", ""2021:401282681:23:1""]"
4167a1229f7966d3,2022,401403987,California,attribution_only,dip_restore,0.0,corroborated,admitted,cfbd_drives_5a,"[""2022:401403987:10:4"", ""2022:401403987:11:1""]"
417978f7bf6659ba,2016,400868985,LSU,attribution_only,dip_restore,0.0,game_unusable,reverted_unverified,cfbd_drives_5a,"[""2016:400868985:11:8"", ""2016:400868985:12:1""]"
417b1099408c81a3,2019,401112262,Nevada,attribution_only,dip_restore,0.0,corroborated,admitted,cfbd_drives_5a,"[""2019:401112262:21:5"", ""2019:401112262:22:1""]"
41864e3259598d5e,2019,401121962,Coastal Carolina,attribution_only,dip_restore,0.0,corroborated,admitted,cfbd_drives_5a,"[""2019:401121962:23:13"", ""2019:401121962:24:1""]"
41a9e9e618af1eca,2025,401754544,Boston College,attribution_only,dip_restore,0.0,game_unusable,reverted_unverified,cfbd_drives_5a,"[""2025:401754544:16:2"", ""2025:401754544:8:1""]"
41d1a71b1199fbe1,2022,401404062,BYU,attribution_only,dip_restore,0.0,cfbd_matches_neither,reverted_contradicted,cfbd_drives_5a,"[""2022:401404062:24:4"", ""2022:401404062:25:1""]"
41d75c35a4aa25d9,2018,401013346,Ohio State,attribution_only,dip_restore,0.0,game_unusable,reverted_unverified,cfbd_drives_5a,"[""2018:401013346:10:1"", ""2018:401013346:9:6""]"
41eb4236516c0b91,2021,401282724,Idaho,attribution_only,dip_restore,0.0,corroborated,admitted,cfbd_drives_5a,"[""2021:401282724:14:12"", ""2021:401282724:15:1""]"
41f4b56fd6d169c0,2025,401760386,Air Force,attribution_only,dip_restore,0.0,game_unusable,reverted_unverified,cfbd_drives_5a,"[""2025:401760386:16:7"", ""2025:401760386:18:1""]"
41f9554b3e26c459,2023,401525503,West Virginia,attribution_only,dip_restore,0.0,corroborated,admitted,cfbd_drives_5a,"[""2023:401525503:13:14"", ""2023:401525503:14:1""]"
41fe9d78057eb3ae,2024,401645380,Florida Atlantic,attribution_only,dip_restore,0.0,corroborated,admitted,cfbd_drives_5a,"[""2024:401645380:24:4"", ""2024:401645380:25:1""]"
42110e8908352772,2019,401114168,Arizona,attribution_only,dip_restore,0.0,corroborated,admitted,cfbd_drives_5a,"[""2019:401114168:12:9"", ""2019:401114168:13:1""]"
421e0acd05f8bd7e,2024,401645342,UAB,attribution_only,dip_restore,0.0,game_unusable,reverted_unverified,cfbd_drives_5a,"[""2024:401645342:3:12"", ""2024:401645342:5:10""]"
423919c79157e680,2023,401551751,Jacksonville State,attribution_only,dip_restore,0.0,corroborated,admitted,cfbd_drives_5a,"[""2023:401551751:13:17"", ""2023:401551751:14:1""]"
4252719f0c67f80a,2019,401114334,Army,attribution_only,other,0.0,game_unusable,reverted_unverified,cfbd_drives_5a,"[""2019:401114334:1:5"", ""2019:401114334:3:12""]"
427072eb85013417,2025,401761627,Troy,points_recovery,incomplete_stream,48.0,game_unusable,reverted_unverified,cfbd_drives_5a,"[""2025:401761627:12:9"", ""2025:401761627:13:10"", ""2025:401761627:14:7"", ""2025:401761627:16:16"", ""2025:401761627:18:13"", ""2025:401761627:19:1"", ""2025:401761627:20:1"", ""2025:401761627:21:5"", ""2025:401761627:6:4"", ""2025:401761627:8:21"", ""2025:401761627:9:1""]"
427f14a344089c18,2024,401636908,Utah,attribution_only,final_cap,0.0,game_unusable,reverted_unverified,cfbd_drives_5a,"[""2024:401636908:20:4"", ""2024:401636908:21:1"", ""2024:401636908:21:2"", ""2024:401636908:21:3"", ""2024:401636908:21:4"", ""2024:401636908:21:5"", ""2024:401636908:22:1"", ""2024:401636908:22:10"", ""2024:401636908:22:11"", ""2024:401636908:22:2"", ""2024:401636908:22:3"", ""2024:401636908:22:4"", ""2024:401636908:22:5"", ""2024:401636908:22:6"", ""2024:401636908:22:7"", ""2024:401636908:22:8"", ""2024:401636908:23:1"", ""2024:401636908:23:2"", ""2024:401636908:23:3"", ""2024:401636908:23:4"", ""2024:401636908:23:5"", ""2024:401636908:23:6"", ""2024:401636908:23:7"", ""2024:401636908:23:8"", ""2024:401636908:23:9"", ""2024:401636908:2:2""]"
427f8760a1e579f9,2021,401310709,San Diego State,attribution_only,dip_restore,0.0,corroborated,admitted,cfbd_drives_5a,"[""2021:401310709:10:1"", ""2021:401310709:9:13""]"
42a167313c6f8a91,2021,401282768,Maryland,attribution_only,category_possession_reassignment,0.0,game_unusable,reverted_unverified,cfbd_drives_5a,"[""2021:401282768:18:11"", ""2021:401282768:19:3""]"
42b618cec9d9c455,2024,401635532,Clemson,attribution_only,dip_restore,0.0,corroborated,admitted,cfbd_drives_5a,"[""2024:401635532:5:3"", ""2024:401635532:6:1""]"
42baa149a9528c09,2017,400945276,Wyoming,attribution_only,dip_restore,0.0,corroborated,admitted,cfbd_drives_5a,"[""2017:400945276:8:15"", ""2017:400945276:9:1""]"
42c955c7c5f5af96,2023,401531847,Texas State,attribution_only,dip_restore,0.0,corroborated,admitted,cfbd_drives_5a,"[""2023:401531847:11:6"", ""2023:401531847:12:1""]"
42cf905a6c1fdd32,2025,401757170,Buffalo,attribution_only,dip_restore,0.0,game_unusable,reverted_unverified,cfbd_drives_5a,"[""2025:401757170:15:1"", ""2025:401757170:22:9""]"
42d89e1c1a234be4,2023,401520276,Sam Houston State,attribution_only,dip_restore,0.0,game_unusable,reverted_unverified,cfbd_drives_5a,"[""2023:401520276:29:1"", ""2023:401520276:30:8"", ""2023:401520276:31:1""]"
42eaa7717df70b8b,2025,401762461,North Texas,points_recovery,incomplete_stream,17.0,game_unusable,reverted_unverified,cfbd_drives_5a,"[""2025:401762461:14:9"", ""2025:401762461:6:19"", ""2025:401762461:7:18"", ""2025:401762461:9:14""]"
42f0cc7d48bac45f,2021,401309858,Stanford,points_recovery,dip_restore,7.0,game_unusable,reverted_unverified,cfbd_drives_5a,"[""2021:401309858:21:6""]"
42f1f188e699f3ff,2023,401524004,Tulsa,attribution_only,dip_restore,0.0,corroborated,admitted,cfbd_drives_5a,"[""2023:401524004:2:12"", ""2023:401524004:3:1""]"
432cb0312aadbcf3,2025,401756884,Rice,attribution_only,dip_restore,0.0,game_unusable,reverted_unverified,cfbd_drives_5a,"[""2025:401756884:13:28"", ""2025:401756884:16:5"", ""2025:401756884:8:22"", ""2025:401756884:9:15""]"
437367639d4fe9af,2025,401752821,UC Davis,attribution_only,dip_restore,0.0,corroborated,admitted,cfbd_drives_5a,"[""2025:401752821:5:9"", ""2025:401752821:6:1""]"
4383925f244dea6c,2024,401628329,Old Dominion,attribution_only,dip_restore,0.0,corroborated,admitted,cfbd_drives_5a,"[""2024:401628329:18:10"", ""2024:401628329:19:1""]"
439b20b135e27324,2017,400945005,Eastern Michigan,attribution_only,final_cap,0.0,game_unusable,reverted_unverified,cfbd_drives_5a,"[""2017:400945005:36:3"", ""2017:400945005:37:1"", ""2017:400945005:37:2""]"
43aa67647a9701e6,2021,401309594,Northern Illinois,attribution_only,dip_restore,0.0,corroborated,admitted,cfbd_drives_5a,"[""2021:401309594:21:5"", ""2021:401309594:22:1""]"
43ac59efb605c8c3,2025,401757175,Connecticut,attribution_only,dip_restore,0.0,game_unusable,reverted_unverified,cfbd_drives_5a,"[""2025:401757175:11:18"", ""2025:401757175:17:11"", ""2025:401757175:8:7""]"
43b102dc683ea78e,2022,401416650,Eastern Michigan,attribution_only,dip_restore,0.0,corroborated,admitted,cfbd_drives_5a,"[""2022:401416650:21:16"", ""2022:401416650:22:1""]"
43cc4e291b8e4e50,2016,400869697,Maryland,attribution_only,dip_restore,0.0,corroborated,admitted,cfbd_drives_5a,"[""2016:400869697:17:2"", ""2016:400869697:18:1""]"
440208b0ce80c491,2017,400938893,Appalachian State,attribution_only,dip_restore,0.0,game_unusable,reverted_unverified,cfbd_drives_5a,"[""2017:400938893:21:6"", ""2017:400938893:22:1""]"
44144f38839b7d27,2021,401282189,Rice,attribution_only,dip_restore,0.0,game_unusable,reverted_unverified,cfbd_drives_5a,"[""2021:401282189:11:13"", ""2021:401282189:12:1""]"
441cc51c79e0f4b1,2023,401520325,Florida,attribution_only,dip_restore,0.0,corroborated,admitted,cfbd_drives_5a,"[""2023:401520325:22:9"", ""2023:401520325:23:1""]"
442de0abbfd64239,2021,401282725,Cincinnati,attribution_only,dip_restore,0.0,game_unusable,reverted_unverified,cfbd_drives_5a,"[""2021:401282725:23:12"", ""2021:401282725:24:1""]"
443a0430067ebdb3,2024,401628359,South Carolina,attribution_only,dip_restore,0.0,game_unusable,reverted_unverified,cfbd_drives_5a,"[""2024:401628359:20:4"", ""2024:401628359:21:1""]"
4444d2696ac820eb,2015,400787442,Idaho,points_recovery,restoration_gt8,7.0,game_unusable,reverted_unverified,cfbd_drives_5a,"[""2015:400787442:7:1""]"
4450b674f73c5974,2024,401641037,Western Kentucky,attribution_only,dip_restore,0.0,corroborated,admitted,cfbd_drives_5a,"[""2024:401641037:25:12"", ""2024:401641037:26:1""]"
4466303c9e1af123,2021,401282632,Western Michigan,attribution_only,dip_restore,0.0,game_unusable,reverted_unverified,cfbd_drives_5a,"[""2021:401282632:5:13"", ""2021:401282632:6:1""]"
4471d7833c9d3091,2021,401282072,South Carolina,attribution_only,dip_restore,0.0,corroborated,admitted,cfbd_drives_5a,"[""2021:401282072:22:5"", ""2021:401282072:23:1""]"
4483161c07184226,2022,401405069,Rutgers,attribution_only,dip_restore,0.0,corroborated,admitted,cfbd_drives_5a,"[""2022:401405069:21:7"", ""2022:401405069:22:1""]"
448f05d1a8f1b9cd,2017,400941849,UCF,attribution_only,dip_restore,0.0,game_unusable,reverted_unverified,cfbd_drives_5a,"[""2017:400941849:2:11"", ""2017:400941849:3:1""]"
44a3588c52269ba1,2025,401754584,Boston College,attribution_only,dip_restore,0.0,game_unusable,reverted_unverified,cfbd_drives_5a,"[""2025:401754584:15:10"", ""2025:401754584:16:2""]"
44b9e1bc5554b075,2025,401752886,Oregon,attribution_only,dip_restore,0.0,indistinguishable_at_drive_level,reverted_unverified,cfbd_drives_5a,"[""2025:401752886:11:6"", ""2025:401752886:11:8""]"
44c34497918e91d8,2023,401532400,Bowling Green,attribution_only,dip_restore,0.0,corroborated,admitted,cfbd_drives_5a,"[""2023:401532400:7:9"", ""2023:401532400:8:1""]"
44fb162298c4c491,2024,401644770,Central Michigan,attribution_only,dip_restore,0.0,game_unusable,reverted_unverified,cfbd_drives_5a,"[""2024:401644770:14:11"", ""2024:401644770:15:2""]"
450927eeaf144991,2025,401754556,Wake Forest,attribution_only,dip_restore,0.0,corroborated,admitted,cfbd_drives_5a,"[""2025:401754556:3:6"", ""2025:401754556:4:1""]"
454c8588d0be3d97,2015,400763645,Marshall,attribution_only,incomplete_stream,0.0,game_unusable,reverted_unverified,cfbd_drives_5a,"[""2015:400763645:33:1""]"
454e135c1f7aba8a,2024,401636919,Iowa State,attribution_only,dip_restore,0.0,game_unusable,reverted_unverified,cfbd_drives_5a,"[""2024:401636919:15:6"", ""2024:401636919:16:1""]"
456c24200ae70a2a,2025,401762839,Bowling Green,attribution_only,dip_restore,0.0,corroborated,admitted,cfbd_drives_5a,"[""2025:401762839:1:10"", ""2025:401762839:2:1""]"
457a682e670d16ff,2025,401760411,Colorado State,attribution_only,dip_restore,0.0,game_unusable,reverted_unverified,cfbd_drives_5a,"[""2025:401760411:19:7"", ""2025:401760411:20:14""]"
457fb1e1b9bc20ec,2023,401531893,Marshall,attribution_only,final_cap,0.0,game_unusable,reverted_unverified,cfbd_drives_5a,"[""2023:401531893:22:1"", ""2023:401531893:22:2"", ""2023:401531893:22:3"", ""2023:401531893:22:4"", ""2023:401531893:22:5""]"
45834a36437e2653,2021,401309589,Ohio,attribution_only,dip_restore,0.0,game_unusable,reverted_unverified,cfbd_drives_5a,"[""2021:401309589:10:2"", ""2021:401309589:10:8"", ""2021:401309589:11:5"", ""2021:401309589:11:7"", ""2021:401309589:12:12"", ""2021:401309589:12:3"", ""2021:401309589:13:16"", ""2021:401309589:8:1""]"
45905775040fec26,2016,400868928,BYU,attribution_only,dip_restore,0.0,corroborated,admitted,cfbd_drives_5a,"[""2016:400868928:17:15"", ""2016:400868928:18:1""]"
45a6af0b462285fe,2025,401760406,Air Force,attribution_only,dip_restore,0.0,game_unusable,reverted_unverified,cfbd_drives_5a,"[""2025:401760406:6:4"", ""2025:401760406:7:8""]"
45bddc4fa5a43ca7,2021,401309904,USC,points_recovery,incomplete_stream,7.0,game_unusable,reverted_unverified,cfbd_drives_5a,"[""2021:401309904:21:1"", ""2021:401309904:23:11""]"
45cb33036440296f,2021,401300995,UCF,attribution_only,dip_restore,0.0,game_unusable,reverted_unverified,cfbd_drives_5a,"[""2021:401300995:25:11"", ""2021:401300995:26:1""]"
45d093bb0179fc1b,2023,401532617,Colorado State,attribution_only,dip_restore,0.0,game_unusable,reverted_unverified,cfbd_drives_5a,"[""2023:401532617:11:9"", ""2023:401532617:12:1"", ""2023:401532617:16:8"", ""2023:401532617:17:1""]"
45d2fa2dddf2b979,2022,401426589,Florida Atlantic,attribution_only,dip_restore,0.0,corroborated,admitted,cfbd_drives_5a,"[""2022:401426589:20:8"", ""2022:401426589:21:1""]"
45d61147670ffb62,2016,400869133,Oregon,attribution_only,dip_restore,0.0,corroborated,admitted,cfbd_drives_5a,"[""2016:400869133:15:9"", ""2016:400869133:16:1""]"
45df36c1e424f2d7,2024,401643714,San Jose State,attribution_only,category_possession_reassignment,0.0,game_unusable,reverted_unverified,cfbd_drives_5a,"[""2024:401643714:28:5"", ""2024:401643714:29:6""]"
46370b02c9e17f45,2021,401310738,New Mexico State,attribution_only,dip_restore,0.0,corroborated,admitted,cfbd_drives_5a,"[""2021:401310738:3:8"", ""2021:401310738:4:1"", ""2021:401310738:5:7"", ""2021:401310738:6:1""]"
4649a37855fa3999,2024,401645326,Rice,points_recovery,incomplete_stream,69.0,game_unusable,reverted_unverified,cfbd_drives_5a,"[""2024:401645326:11:3"", ""2024:401645326:15:18"", ""2024:401645326:17:2"", ""2024:401645326:19:6"", ""2024:401645326:1:8"", ""2024:401645326:21:12"", ""2024:401645326:23:3"", ""2024:401645326:25:2"", ""2024:401645326:3:12"", ""2024:401645326:4:6"", ""2024:401645326:8:1"", ""2024:401645326:9:3""]"
4655b8291c829499,2023,401524066,California,attribution_only,dip_restore,0.0,game_unusable,reverted_unverified,cfbd_drives_5a,"[""2023:401524066:10:2"", ""2023:401524066:11:2"", ""2023:401524066:13:4"", ""2023:401524066:19:12""]"
4655eb2eb96d57ad,2019,401117214,South Florida,points_recovery,incomplete_stream,27.0,game_unusable,reverted_unverified,cfbd_drives_5a,"[""2019:401117214:10:9"", ""2019:401117214:11:1"", ""2019:401117214:13:18"", ""2019:401117214:14:1"", ""2019:401117214:21:9""]"
46764c4d4523cf27,2022,401403983,Washington,attribution_only,dip_restore,0.0,corroborated,admitted,cfbd_drives_5a,"[""2022:401403983:12:5"", ""2022:401403983:13:1""]"
4678641cb859d2e2,2021,401309603,Nicholls,attribution_only,dip_restore,0.0,corroborated,admitted,cfbd_drives_5a,"[""2021:401309603:2:4"", ""2021:401309603:3:1""]"
469f70f0f8f2db80,2023,401531423,Rice,attribution_only,final_cap,0.0,game_unusable,reverted_unverified,cfbd_drives_5a,"[""2023:401531423:23:2"", ""2023:401531423:23:4""]"
46bda1490b3dcebc,2018,401019518,Cincinnati,attribution_only,dip_restore,0.0,corroborated,admitted,cfbd_drives_5a,"[""2018:401019518:4:15"", ""2018:401019518:5:1""]"
46c79152a4958710,2015,400787448,Appalachian State,attribution_only,dip_restore,0.0,game_unusable,reverted_unverified,cfbd_drives_5a,"[""2015:400787448:19:9"", ""2015:400787448:21:1""]"
46d0ddd085ffdbd9,2023,401532397,Southern Illinois,attribution_only,dip_restore,0.0,corroborated,admitted,cfbd_drives_5a,"[""2023:401532397:5:5"", ""2023:401532397:6:1""]"
46d80262ce91c4e9,2022,401415658,Tulane,attribution_only,dip_restore,0.0,corroborated,admitted,cfbd_drives_5a,"[""2022:401415658:25:10"", ""2022:401415658:26:1""]"
46e07fe94e2e3fd5,2021,401282809,Oregon,attribution_only,dip_restore,0.0,corroborated,admitted,cfbd_drives_5a,"[""2021:401282809:18:7"", ""2021:401282809:19:1""]"
46ec4ed2d291d20e,2021,401287919,TCU,attribution_only,dip_restore,0.0,corroborated,admitted,cfbd_drives_5a,"[""2021:401287919:8:17"", ""2021:401287919:9:1""]"
46edb14bfd5eb898,2021,401309850,Stony Brook,attribution_only,dip_restore,0.0,corroborated,admitted,cfbd_drives_5a,"[""2021:401309850:5:13"", ""2021:401309850:6:1""]"
46f1f06fd63a1949,2015,400787273,Colorado State,attribution_only,dip_restore,0.0,corroborated,admitted,cfbd_drives_5a,"[""2015:400787273:4:7"", ""2015:400787273:5:1""]"
473fd43e44f5efd5,2023,401525874,Kansas,points_reduction,category_possession_reassignment,-12.0,game_unusable,reverted_unverified,cfbd_drives_5a,"[""2023:401525874:19:11"", ""2023:401525874:26:1""]"
474b1ba4414558f2,2021,401309547,Wyoming,attribution_only,dip_restore,0.0,game_unusable,reverted_unverified,cfbd_drives_5a,"[""2021:401309547:11:12"", ""2021:401309547:12:1""]"
47596087482b4ba2,2021,401310713,San Jose State,attribution_only,dip_restore,0.0,corroborated,admitted,cfbd_drives_5a,"[""2021:401310713:4:11"", ""2021:401310713:5:1""]"
4764d1d91006f97c,2025,401752832,USC,attribution_only,dip_restore,0.0,corroborated,admitted,cfbd_drives_5a,"[""2025:401752832:12:8"", ""2025:401752832:13:1""]"
4769319645c64a09,2024,401628402,Oklahoma,attribution_only,category_possession_reassignment,0.0,game_unusable,reverted_unverified,cfbd_drives_5a,"[""2024:401628402:4:11"", ""2024:401628402:7:11""]"
4780c913a845fdb5,2022,401404157,Liberty,attribution_only,dip_restore,0.0,game_unusable,reverted_unverified,cfbd_drives_5a,"[""2022:401404157:12:2"", ""2022:401404157:13:1""]"
47901de1418a8a52,2015,400756912,Florida Atlantic,attribution_only,dip_restore,0.0,game_unusable,reverted_unverified,cfbd_drives_5a,"[""2015:400756912:4:11"", ""2015:400756912:5:1""]"
479e5b5f666d2830,2021,401309837,Nevada,points_recovery,incomplete_stream,19.0,game_unusable,reverted_unverified,cfbd_drives_5a,"[""2021:401309837:10:11"", ""2021:401309837:11:1"", ""2021:401309837:11:9"", ""2021:401309837:13:9"", ""2021:401309837:4:1"", ""2021:401309837:5:5"", ""2021:401309837:9:9""]"
47af940a477216b9,2023,401532581,Air Force,attribution_only,dip_restore,0.0,corroborated,admitted,cfbd_drives_5a,"[""2023:401532581:2:12"", ""2023:401532581:3:1""]"
47b0c3fcbabcbbf6,2021,401282156,UT San Antonio,attribution_only,dip_restore,0.0,corroborated,admitted,cfbd_drives_5a,"[""2021:401282156:16:1"", ""2021:401282156:17:1""]"
47b7ca96b1220fa7,2024,401643756,Washington State,attribution_only,dip_restore,0.0,corroborated,admitted,cfbd_drives_5a,"[""2024:401643756:4:14"", ""2024:401643756:5:1""]"
47e1472d6a449026,2023,401525564,Virginia Tech,attribution_only,dip_restore,0.0,game_unusable,reverted_unverified,cfbd_drives_5a,"[""2023:401525564:19:1"", ""2023:401525564:20:6"", ""2023:401525564:23:3""]"
47f9b201df92feeb,2023,401551748,Rice,attribution_only,dip_restore,0.0,corroborated,admitted,cfbd_drives_5a,"[""2023:401551748:11:13"", ""2023:401551748:12:1""]"
47ff712ca0b0ca29,2018,401013177,Georgia Tech,points_recovery,dip_restore,3.0,game_unusable,reverted_unverified,cfbd_drives_5a,"[""2018:401013177:19:4""]"
47ff902c7b9dd65d,2017,400945298,San Jose State,attribution_only,dip_restore,0.0,game_unusable,reverted_unverified,cfbd_drives_5a,"[""2017:400945298:19:1"", ""2017:400945298:19:2"", ""2017:400945298:19:3"", ""2017:400945298:19:4"", ""2017:400945298:19:5"", ""2017:400945298:20:1"", ""2017:400945298:20:2"", ""2017:400945298:20:3"", ""2017:400945298:20:4"", ""2017:400945298:20:5"", ""2017:400945298:20:6"", ""2017:400945298:20:7"", ""2017:400945298:20:8"", ""2017:400945298:20:9"", ""2017:400945298:21:1"", ""2017:400945298:21:2"", ""2017:400945298:21:3"", ""2017:400945298:21:4"", ""2017:400945298:21:5"", ""2017:400945298:21:6"", ""2017:400945298:21:7"", ""2017:400945298:21:8"", ""2017:400945298:21:9"", ""2017:400945298:22:1"", ""2017:400945298:22:2"", ""2017:400945298:22:3"", ""2017:400945298:22:4"", ""2017:400945298:23:1"", ""2017:400945298:30:7""]"
480efea0bd9bf9e0,2021,401282257,UAB,attribution_only,dip_restore,0.0,game_unusable,reverted_unverified,cfbd_drives_5a,"[""2021:401282257:1:8"", ""2021:401282257:5:11"", ""2021:401282257:6:1"", ""2021:401282257:6:11""]"
481a68778bacf9df,2017,400933916,Alabama,attribution_only,dip_restore,0.0,corroborated,admitted,cfbd_drives_5a,"[""2017:400933916:16:13"", ""2017:400933916:17:1""]"
482c2fa9d977304b,2016,400869292,Northern Illinois,attribution_only,dip_restore,0.0,corroborated,admitted,cfbd_drives_5a,"[""2016:400869292:24:5"", ""2016:400869292:25:1""]"
482e5ce39b5d3a3b,2018,401020760,Bowling Green,attribution_only,dip_restore,0.0,game_unusable,reverted_unverified,cfbd_drives_5a,"[""2018:401020760:3:1"", ""2018:401020760:4:3"", ""2018:401020760:4:7"", ""2018:401020760:5:4""]"
483c06ef47eb0cb4,2023,401525538,Miami,points_recovery,dip_restore,6.0,cfbd_matches_neither,reverted_contradicted,cfbd_drives_5a,"[""2023:401525538:25:1""]"
485371ff96407571,2021,401282203,Southern Mississippi,attribution_only,dip_restore,0.0,corroborated,admitted,cfbd_drives_5a,"[""2021:401282203:28:1"", ""2021:401282203:29:1""]"
4860463d6a4c43a6,2016,400868912,UTEP,attribution_only,dip_restore,0.0,game_unusable,reverted_unverified,cfbd_drives_5a,"[""2016:400868912:14:12"", ""2016:400868912:15:5"", ""2016:400868912:16:3""]"
48691e654f537856,2017,400944839,Idaho,attribution_only,dip_restore,0.0,corroborated,admitted,cfbd_drives_5a,"[""2017:400944839:18:6"", ""2017:400944839:19:1""]"
4870caa3b89d8f40,2021,401282263,Western Kentucky,attribution_only,dip_restore,0.0,corroborated,admitted,cfbd_drives_5a,"[""2021:401282263:2:7"", ""2021:401282263:3:1""]"
48a0c10737a34421,2025,401754541,Florida State,attribution_only,dip_restore,0.0,corroborated,admitted,cfbd_drives_5a,"[""2025:401754541:3:8"", ""2025:401754541:4:1""]"
48ded58b5ea490bb,2022,401416610,Miami (OH),points_recovery,incomplete_stream,20.0,game_unusable,reverted_unverified,cfbd_drives_5a,"[""2022:401416610:14:1"", ""2022:401416610:19:4"", ""2022:401416610:1:3"", ""2022:401416610:3:1"", ""2022:401416610:9:1""]"
48e0aa88123a9d42,2025,401752670,Toledo,attribution_only,dip_restore,0.0,corroborated,admitted,cfbd_drives_5a,"[""2025:401752670:21:7"", ""2025:401752670:22:1""]"
48f0dd129f793217,2025,401752823,UNLV,attribution_only,dip_restore,0.0,corroborated,admitted,cfbd_drives_5a,"[""2025:401752823:7:8"", ""2025:401752823:8:1""]"
48f3702037064568,2025,401757291,Missouri State,attribution_only,dip_restore,0.0,game_unusable,reverted_unverified,cfbd_drives_5a,"[""2025:401757291:2:3"", ""2025:401757291:3:4"", ""2025:401757291:4:7""]"
49085e697ffcfc4a,2016,400869018,Arkansas,attribution_only,dip_restore,0.0,corroborated,admitted,cfbd_drives_5a,"[""2016:400869018:10:15"", ""2016:400869018:11:1""]"
4920367e5fea3fec,2025,401752743,Texas,points_recovery,incomplete_stream,16.0,game_unusable,reverted_unverified,cfbd_drives_5a,"[""2025:401752743:15:7"", ""2025:401752743:23:12"", ""2025:401752743:27:6"", ""2025:401752743:8:3""]"
492b1a9f76d54637,2022,401414781,Temple,attribution_only,dip_restore,0.0,corroborated,admitted,cfbd_drives_5a,"[""2022:401414781:21:2"", ""2022:401414781:22:1""]"
494bbd6f69797a3a,2024,401628394,Texas A&M,attribution_only,dip_restore,0.0,corroborated,admitted,cfbd_drives_5a,"[""2024:401628394:10:19"", ""2024:401628394:11:1""]"
49552f0f7a46f2ee,2025,401779843,Oregon,attribution_only,dip_restore,0.0,game_unusable,reverted_unverified,cfbd_drives_5a,"[""2025:401779843:15:2"", ""2025:401779843:15:6"", ""2025:401779843:8:6"", ""2025:401779843:9:5""]"
49681b31c682bd6d,2023,401532440,Eastern Michigan,attribution_only,final_cap,0.0,game_unusable,reverted_unverified,cfbd_drives_5a,"[""2023:401532440:20:1"", ""2023:401532440:20:3""]"
49988363a7a08650,2017,400937451,Syracuse,attribution_only,other,0.0,game_unusable,reverted_unverified,cfbd_drives_5a,"[""2017:400937451:18:11"", ""2017:400937451:20:9""]"
499d98cc415f36c6,2021,401310711,Boise State,attribution_only,dip_restore,0.0,corroborated,admitted,cfbd_drives_5a,"[""2021:401310711:22:15"", ""2021:401310711:23:1""]"
499fb310dd931aeb,2022,401403873,LSU,points_recovery,incomplete_stream,14.0,game_unusable,reverted_unverified,cfbd_drives_5a,"[""2022:401403873:20:9"", ""2022:401403873:23:13""]"
49bd816e34bbe208,2015,400787364,Central Michigan,attribution_only,dip_restore,0.0,corroborated,admitted,cfbd_drives_5a,"[""2015:400787364:23:7"", ""2015:400787364:24:1""]"
49c00b8d8b6d2a9b,2023,401531383,UAB,attribution_only,dip_restore,0.0,corroborated,admitted,cfbd_drives_5a,"[""2023:401531383:27:2"", ""2023:401531383:28:1""]"
49f050651870b3e4,2019,401114333,Army,attribution_only,dip_restore,0.0,game_unusable,reverted_unverified,cfbd_drives_5a,"[""2019:401114333:15:2"", ""2019:401114333:16:1""]"
49ffbc2f15db4e4f,2023,401532444,Northern Illinois,attribution_only,dip_restore,0.0,corroborated,admitted,cfbd_drives_5a,"[""2023:401532444:14:7"", ""2023:401532444:15:1"", ""2023:401532444:16:8"", ""2023:401532444:17:1""]"
4a62f2fe742c8e13,2024,401629042,UMass,attribution_only,dip_restore,0.0,corroborated,admitted,cfbd_drives_5a,"[""2024:401629042:19:6"", ""2024:401629042:20:1""]"
4a65aaf578c93d9d,2022,401404092,West Virginia,attribution_only,dip_restore,0.0,game_unusable,reverted_unverified,cfbd_drives_5a,"[""2022:401404092:8:17"", ""2022:401404092:9:4""]"
4a6e674807fb3665,2016,400868991,Vanderbilt,attribution_only,dip_restore,0.0,game_unusable,reverted_unverified,cfbd_drives_5a,"[""2016:400868991:5:1"", ""2016:400868991:8:2""]"
4a7ccc5e79cc6405,2025,401762875,Ball State,attribution_only,dip_restore,0.0,cfbd_supports_baseline,reverted_contradicted,cfbd_drives_5a,"[""2025:401762875:21:13"", ""2025:401762875:21:3""]"
4a82f9ce6eb381a3,2021,401331167,Fresno State,points_recovery,incomplete_stream,25.0,game_unusable,reverted_unverified,cfbd_drives_5a,"[""2021:401331167:11:12"", ""2021:401331167:13:9"", ""2021:401331167:18:8"", ""2021:401331167:1:9"", ""2021:401331167:20:14"", ""2021:401331167:21:5"", ""2021:401331167:5:11""]"
4a8662e3968e9862,2022,401404065,Kansas,points_recovery,incomplete_stream,7.0,game_unusable,reverted_unverified,cfbd_drives_5a,"[""2022:401404065:1:9"", ""2022:401404065:4:11"", ""2022:401404065:7:2""]"
4a9d120f8ae640a1,2024,401628551,Wisconsin,attribution_only,dip_restore,0.0,corroborated,admitted,cfbd_drives_5a,"[""2024:401628551:11:12"", ""2024:401628551:12:1"", ""2024:401628551:7:15"", ""2024:401628551:8:1""]"
4ab14b20325c13fa,2023,401520256,Indiana,attribution_only,category_possession_reassignment,0.0,indistinguishable_at_drive_level,reverted_unverified,cfbd_drives_5a,"[""2023:401520256:30:1"", ""2023:401520256:32:2""]"
4ab2da8105936f74,2023,401524026,Colorado,attribution_only,dip_restore,0.0,corroborated,admitted,cfbd_drives_5a,"[""2023:401524026:12:10"", ""2023:401524026:13:1""]"
4ae34d45324394b5,2025,401752753,Arkansas,attribution_only,dip_restore,0.0,game_unusable,reverted_unverified,cfbd_drives_5a,"[""2025:401752753:6:2"", ""2025:401752753:6:6"", ""2025:401752753:7:11"", ""2025:401752753:9:17""]"
4ae7736dbd24627f,2025,401761635,Old Dominion,attribution_only,dip_restore,0.0,game_unusable,reverted_unverified,cfbd_drives_5a,"[""2025:401761635:5:13"", ""2025:401761635:9:11""]"
4b0a6488dd0c7890,2025,401769074,Indiana,attribution_only,restoration_gt8,0.0,game_unusable,reverted_unverified,cfbd_drives_5a,"[""2025:401769074:1:2"", ""2025:401769074:2:14""]"
4b15e4215db5d906,2017,400941839,Houston,attribution_only,dip_restore,0.0,game_unusable,reverted_unverified,cfbd_drives_5a,"[""2017:400941839:28:11"", ""2017:400941839:29:13""]"
4b21deef7a484276,2022,401426339,Gardner-Webb,attribution_only,dip_restore,0.0,corroborated,admitted,cfbd_drives_5a,"[""2022:401426339:7:9"", ""2022:401426339:8:1""]"
4b27b67e2b80066f,2021,401282766,Maryland,attribution_only,dip_restore,0.0,game_unusable,reverted_unverified,cfbd_drives_5a,"[""2021:401282766:20:10"", ""2021:401282766:21:1""]"
4b3dd8365a0485f0,2021,401309547,Northern Illinois,attribution_only,dip_restore,0.0,game_unusable,reverted_unverified,cfbd_drives_5a,"[""2021:401309547:22:11"", ""2021:401309547:23:1""]"
4b3e89e944f16fc9,2024,401628352,Auburn,attribution_only,dip_restore,0.0,corroborated,admitted,cfbd_drives_5a,"[""2024:401628352:15:3"", ""2024:401628352:16:1""]"
4b623616e9dc6893,2017,400935365,Illinois,attribution_only,dip_restore,0.0,corroborated,admitted,cfbd_drives_5a,"[""2017:400935365:3:19"", ""2017:400935365:4:1""]"
4b716b50dc0b2487,2025,401752794,Rutgers,points_recovery,incomplete_stream,24.0,game_unusable,reverted_unverified,cfbd_drives_5a,"[""2025:401752794:16:17"", ""2025:401752794:3:12"", ""2025:401752794:4:12"", ""2025:401752794:4:13"", ""2025:401752794:6:1"", ""2025:401752794:6:6"", ""2025:401752794:7:2""]"
4b790c4ca5645580,2021,401282790,Miami (OH),attribution_only,dip_restore,0.0,corroborated,admitted,cfbd_drives_5a,"[""2021:401282790:17:11"", ""2021:401282790:18:1""]"
4b870968d39e8f9a,2022,401426587,Western Kentucky,attribution_only,final_cap,0.0,game_unusable,reverted_unverified,cfbd_drives_5a,"[""2022:401426587:28:1"", ""2022:401426587:28:2"", ""2022:401426587:28:3"", ""2022:401426587:28:4"", ""2022:401426587:28:5"", ""2022:401426587:28:6"", ""2022:401426587:29:1"", ""2022:401426587:29:2"", ""2022:401426587:30:1"", ""2022:401426587:30:2"", ""2022:401426587:30:3"", ""2022:401426587:30:4"", ""2022:401426587:30:5"", ""2022:401426587:30:6"", ""2022:401426587:30:7""]"
4c3e3e77190b713e,2021,401309633,Appalachian State,points_reduction,dip_restore,-1.0,game_unusable,reverted_unverified,cfbd_drives_5a,"[""2021:401309633:18:17"", ""2021:401309633:18:9""]"
4c52a50d8840d7ee,2023,401532436,Kent State,attribution_only,incomplete_stream,0.0,game_unusable,reverted_unverified,cfbd_drives_5a,"[""2023:401532436:13:5""]"
4c70dafd1a31e1ce,2025,401762508,Memphis,attribution_only,dip_restore,0.0,game_unusable,reverted_unverified,cfbd_drives_5a,"[""2025:401762508:10:9"", ""2025:401762508:12:1""]"
4c7f8904f3b36737,2025,401761616,Arkansas State,points_recovery,dip_restore,3.0,game_unusable,reverted_unverified,cfbd_drives_5a,"[""2025:401761616:15:1""]"
4ca1504020bdfda6,2017,400944885,Troy,attribution_only,dip_restore,0.0,game_unusable,reverted_unverified,cfbd_drives_5a,"[""2017:400944885:31:11"", ""2017:400944885:32:1""]"
4ce9f18c6105ce3f,2024,401628477,Troy,attribution_only,dip_restore,0.0,corroborated,admitted,cfbd_drives_5a,"[""2024:401628477:10:7"", ""2024:401628477:11:1""]"
4d34f0dda7dd854d,2022,401426571,UTEP,points_recovery,incomplete_stream,10.0,game_unusable,reverted_unverified,cfbd_drives_5a,"[""2022:401426571:12:2"", ""2022:401426571:1:10"", ""2022:401426571:3:15"", ""2022:401426571:5:8"", ""2022:401426571:9:1""]"
4d41ff19bb838bba,2016,400869298,Western Michigan,attribution_only,dip_restore,0.0,game_unusable,reverted_unverified,cfbd_drives_5a,"[""2016:400869298:8:1"", ""2016:400869298:9:2""]"
4d564fe7f54a6a4e,2025,401754533,Stanford,attribution_only,dip_restore,0.0,corroborated,admitted,cfbd_drives_5a,"[""2025:401754533:1:15"", ""2025:401754533:2:1""]"
4d56ff71177e08ad,2023,401531386,UAB,attribution_only,category_possession_reassignment,0.0,game_unusable,reverted_unverified,cfbd_drives_5a,"[""2023:401531386:1:7"", ""2023:401531386:2:10""]"
4d6c55a420762d1c,2023,401531396,UT San Antonio,attribution_only,dip_restore,0.0,corroborated,admitted,cfbd_drives_5a,"[""2023:401531396:4:13"", ""2023:401531396:5:1""]"
4d86dffaca48b272,2025,401752937,Fresno State,points_reduction,dip_restore,-6.0,game_unusable,reverted_unverified,cfbd_drives_5a,"[""2025:401752937:12:11"", ""2025:401752937:14:12"", ""2025:401752937:15:1""]"
4daa79f335bc7444,2022,401415245,Nevada,attribution_only,final_cap,0.0,game_unusable,reverted_unverified,cfbd_drives_5a,"[""2022:401415245:10:1"", ""2022:401415245:11:1"", ""2022:401415245:11:2"", ""2022:401415245:11:3"", ""2022:401415245:11:4"", ""2022:401415245:11:5"", ""2022:401415245:12:1"", ""2022:401415245:12:2"", ""2022:401415245:13:1"", ""2022:401415245:13:2"", ""2022:401415245:13:4"", ""2022:401415245:13:5"", ""2022:401415245:13:6"", ""2022:401415245:13:8"", ""2022:401415245:9:2"", ""2022:401415245:9:3"", ""2022:401415245:9:4"", ""2022:401415245:9:5"", ""2022:401415245:9:7"", ""2022:401415245:9:9""]"
4dcb8046ed74a5c7,2025,401752855,UCLA,attribution_only,dip_restore,0.0,game_unusable,reverted_unverified,cfbd_drives_5a,"[""2025:401752855:3:1"", ""2025:401752855:4:1""]"
4de8944ccd741f68,2015,400787482,Appalachian State,attribution_only,other,0.0,game_unusable,reverted_unverified,cfbd_drives_5a,"[""2015:400787482:1:3"", ""2015:400787482:3:5""]"
4e0eae22fa51bbd4,2017,400941853,Temple,attribution_only,dip_restore,0.0,game_unusable,reverted_unverified,cfbd_drives_5a,"[""2017:400941853:19:4"", ""2017:400941853:21:1"", ""2017:400941853:26:4"", ""2017:400941853:27:1""]"
4e1ccf4a151eb811,2018,401012743,San Jose State,attribution_only,other,0.0,game_unusable,reverted_unverified,cfbd_drives_5a,"[""2018:401012743:23:8"", ""2018:401012743:25:7""]"
4e1fe755a9d7fb0b,2021,401309569,Toledo,attribution_only,dip_restore,0.0,game_unusable,reverted_unverified,cfbd_drives_5a,"[""2021:401309569:18:11"", ""2021:401309569:19:1""]"
4e2402d94d234c05,2022,401416645,Central Michigan,points_recovery,incomplete_stream,10.0,game_unusable,reverted_unverified,cfbd_drives_5a,"[""2022:401416645:12:1"", ""2022:401416645:15:1"", ""2022:401416645:1:1"", ""2022:401416645:4:1"", ""2022:401416645:9:1""]"
4e56bc5df8ce7771,2019,401114343,Central Michigan,attribution_only,dip_restore,0.0,game_unusable,reverted_unverified,cfbd_drives_5a,"[""2019:401114343:23:10"", ""2019:401114343:24:1""]"
4e8bf29f457b65da,2021,401309912,BYU,attribution_only,dip_restore,0.0,corroborated,admitted,cfbd_drives_5a,"[""2021:401309912:4:10"", ""2021:401309912:5:1""]"
4e99e0a47916aae7,2025,401762823,Gardner-Webb,attribution_only,dip_restore,0.0,corroborated,admitted,cfbd_drives_5a,"[""2025:401762823:5:6"", ""2025:401762823:6:1""]"
4ecbe97e7133457e,2023,401524007,Colorado,attribution_only,dip_restore,0.0,corroborated,admitted,cfbd_drives_5a,"[""2023:401524007:3:11"", ""2023:401524007:4:1""]"
4ece92c5deaf06cf,2022,401415657,UCF,attribution_only,dip_restore,0.0,corroborated,admitted,cfbd_drives_5a,"[""2022:401415657:3:3"", ""2022:401415657:4:1""]"
4ed5905ea92fddfe,2023,401525464,Northern Illinois,points_recovery,dip_restore,6.0,game_unusable,reverted_unverified,cfbd_drives_5a,"[""2023:401525464:23:1""]"
4edf3204b0f80b8e,2025,401752741,Florida,attribution_only,dip_restore,0.0,corroborated,admitted,cfbd_drives_5a,"[""2025:401752741:18:12"", ""2025:401752741:19:1""]"
4efa04771109bc78,2021,401310741,Air Force,attribution_only,dip_restore,0.0,corroborated,admitted,cfbd_drives_5a,"[""2021:401310741:8:4"", ""2021:401310741:9:1""]"
4f09665f9507d704,2025,401754543,Florida State,points_recovery,incomplete_stream,38.0,game_unusable,reverted_unverified,cfbd_drives_5a,"[""2025:401754543:10:6"", ""2025:401754543:12:6"", ""2025:401754543:17:9"", ""2025:401754543:21:9"", ""2025:401754543:24:4"", ""2025:401754543:8:8""]"
4f152158c88b6870,2025,401752716,Vanderbilt,attribution_only,dip_restore,0.0,corroborated,admitted,cfbd_drives_5a,"[""2025:401752716:21:8"", ""2025:401752716:22:1""]"
4f22022c5c559845,2019,401112258,Penn State,attribution_only,dip_restore,0.0,corroborated,admitted,cfbd_drives_5a,"[""2019:401112258:26:4"", ""2019:401112258:27:1""]"
4f5aa3f942eea2c3,2024,401636943,Cincinnati,attribution_only,dip_restore,0.0,corroborated,admitted,cfbd_drives_5a,"[""2024:401636943:20:13"", ""2024:401636943:21:1""]"
4f5ebbc7abd307ec,2021,401309639,Coastal Carolina,attribution_only,dip_restore,0.0,game_unusable,reverted_unverified,cfbd_drives_5a,"[""2021:401309639:21:1"", ""2021:401309639:24:10"", ""2021:401309639:25:1""]"
4f68aababb357310,2025,401752715,Tennessee,attribution_only,dip_restore,0.0,game_unusable,reverted_unverified,cfbd_drives_5a,"[""2025:401752715:7:6"", ""2025:401752715:8:1""]"
4f7fb5f67cadc7bc,2023,401524029,Colorado,attribution_only,dip_restore,0.0,game_unusable,reverted_unverified,cfbd_drives_5a,"[""2023:401524029:4:9"", ""2023:401524029:5:1""]"
4f843bbec579dbd2,2017,400935243,Cincinnati,attribution_only,dip_restore,0.0,corroborated,admitted,cfbd_drives_5a,"[""2017:400935243:6:10"", ""2017:400935243:7:1""]"
4f860506ab744c97,2018,401022534,Boise State,attribution_only,dip_restore,0.0,corroborated,admitted,cfbd_drives_5a,"[""2018:401022534:4:1"", ""2018:401022534:5:1""]"
4fae4bca65451fb1,2015,400756952,South Florida,attribution_only,dip_restore,0.0,game_unusable,reverted_unverified,cfbd_drives_5a,"[""2015:400756952:10:1"", ""2015:400756952:7:8""]"
4fb41b909deb3a53,2018,401012851,Indiana,attribution_only,dip_restore,0.0,corroborated,admitted,cfbd_drives_5a,"[""2018:401012851:7:12"", ""2018:401012851:8:1""]"
4fc46a83132c08a6,2017,400944987,Northern Illinois,attribution_only,dip_restore,0.0,game_unusable,reverted_unverified,cfbd_drives_5a,"[""2017:400944987:6:14"", ""2017:400944987:7:1""]"
4fd3aa6dae428647,2023,401539482,Boise State,attribution_only,dip_restore,0.0,corroborated,admitted,cfbd_drives_5a,"[""2023:401539482:1:9"", ""2023:401539482:2:1""]"
4fdc67d30899a368,2021,401310750,Wyoming,attribution_only,restoration_gt8,0.0,game_unusable,reverted_unverified,cfbd_drives_5a,"[""2021:401310750:3:8"", ""2021:401310750:4:1""]"
5010d0b86c8faeee,2023,401525555,Virginia,attribution_only,dip_restore,0.0,corroborated,admitted,cfbd_drives_5a,"[""2023:401525555:14:5"", ""2023:401525555:15:1""]"
501c597177aef7c6,2017,400945305,Nevada,attribution_only,dip_restore,0.0,game_unusable,reverted_unverified,cfbd_drives_5a,"[""2017:400945305:4:2"", ""2017:400945305:5:1""]"
501fb9c0e0398b20,2025,401752719,LSU,attribution_only,dip_restore,0.0,corroborated,admitted,cfbd_drives_5a,"[""2025:401752719:4:5"", ""2025:401752719:5:1""]"
5025b1ac459f4a06,2016,400869346,Hampton,attribution_only,dip_restore,0.0,corroborated,admitted,cfbd_drives_5a,"[""2016:400869346:18:12"", ""2016:400869346:19:1""]"
5050e810e5051a80,2018,401019511,South Florida,points_recovery,incomplete_stream,38.0,game_unusable,reverted_unverified,cfbd_drives_5a,"[""2018:401019511:11:1"", ""2018:401019511:12:8"", ""2018:401019511:13:1"", ""2018:401019511:15:1"", ""2018:401019511:20:3"", ""2018:401019511:21:1"", ""2018:401019511:23:1""]"
50592ef6c23b7681,2021,401282656,Virginia Tech,attribution_only,dip_restore,0.0,corroborated,admitted,cfbd_drives_5a,"[""2021:401282656:18:5"", ""2021:401282656:19:1""]"
507412c9f8888bad,2022,401405151,Purdue,points_recovery,other,1.0,game_unusable,reverted_unverified,cfbd_drives_5a,"[""2022:401405151:21:4""]"
50758dd12e28684c,2025,401762463,UAB,attribution_only,dip_restore,0.0,game_unusable,reverted_unverified,cfbd_drives_5a,"[""2025:401762463:12:9"", ""2025:401762463:13:1""]"
50b02f8074c8bb97,2021,401282681,Miami,attribution_only,dip_restore,0.0,game_unusable,reverted_unverified,cfbd_drives_5a,"[""2021:401282681:4:4"", ""2021:401282681:5:1""]"
50f10678f03fed9d,2022,401426546,Florida Atlantic,points_recovery,incomplete_stream,35.0,game_unusable,reverted_unverified,cfbd_drives_5a,"[""2022:401426546:10:3"", ""2022:401426546:15:1"", ""2022:401426546:18:1"", ""2022:401426546:1:11"", ""2022:401426546:3:1"", ""2022:401426546:4:1"", ""2022:401426546:7:6"", ""2022:401426546:8:2"", ""2022:401426546:8:3""]"
51183c716bb4d52d,2024,401628354,Kentucky,attribution_only,dip_restore,0.0,corroborated,admitted,cfbd_drives_5a,"[""2024:401628354:16:12"", ""2024:401628354:17:1""]"
51290917eb4b2c57,2021,401309634,Coastal Carolina,attribution_only,dip_restore,0.0,corroborated,admitted,cfbd_drives_5a,"[""2021:401309634:14:12"", ""2021:401309634:15:1""]"
51514250d97e0ae0,2023,401524035,Oregon,attribution_only,dip_restore,0.0,game_unusable,reverted_unverified,cfbd_drives_5a,"[""2023:401524035:17:7"", ""2023:401524035:18:1""]"
51a55cd77d748bf9,2017,400933894,Arkansas,points_recovery,dip_restore,7.0,game_unusable,reverted_unverified,cfbd_drives_5a,"[""2017:400933894:21:1""]"
51a88e20c0b0c9d9,2024,401628352,New Mexico,attribution_only,dip_restore,0.0,corroborated,admitted,cfbd_drives_5a,"[""2024:401628352:3:12"", ""2024:401628352:4:1""]"
51c84e781143045d,2021,401282795,Minnesota,points_recovery,other,1.0,game_unusable,reverted_unverified,cfbd_drives_5a,"[""2021:401282795:2:3"", ""2021:401282795:4:12"", ""2021:401282795:6:13""]"
51d31ccbfcb0c5d0,2023,401532418,Akron,attribution_only,dip_restore,0.0,game_unusable,reverted_unverified,cfbd_drives_5a,"[""2023:401532418:19:6"", ""2023:401532418:3:1"", ""2023:401532418:6:1""]"
520af96f614a3796,2025,401752900,Ohio State,attribution_only,dip_restore,0.0,game_unusable,reverted_unverified,cfbd_drives_5a,"[""2025:401752900:10:2"", ""2025:401752900:9:8""]"
521260414fdb04e1,2024,401645381,Temple,attribution_only,dip_restore,0.0,game_unusable,reverted_unverified,cfbd_drives_5a,"[""2024:401645381:18:3"", ""2024:401645381:20:1"", ""2024:401645381:20:7"", ""2024:401645381:8:1""]"
5224e1a02eb36537,2024,401643744,Washington State,points_reduction,dip_restore,-7.0,game_unusable,reverted_unverified,cfbd_drives_5a,"[""2024:401643744:19:5"", ""2024:401643744:20:1"", ""2024:401643744:8:1""]"
522b3d6bedb9afcf,2025,401762515,Tulane,attribution_only,dip_restore,0.0,indistinguishable_at_drive_level,reverted_unverified,cfbd_drives_5a,"[""2025:401762515:12:10"", ""2025:401762515:12:8""]"
525da5bf65a609e3,2023,401523997,Boise State,attribution_only,dip_restore,0.0,game_unusable,reverted_unverified,cfbd_drives_5a,"[""2023:401523997:18:6"", ""2023:401523997:19:1""]"
526c06ee5e7b031b,2025,401754618,Syracuse,attribution_only,dip_restore,0.0,game_unusable,reverted_unverified,cfbd_drives_5a,"[""2025:401754618:11:11"", ""2025:401754618:12:1""]"
526dd97d3167c5ac,2022,401411126,Duke,points_recovery,incomplete_stream,38.0,game_unusable,reverted_unverified,cfbd_drives_5a,"[""2022:401411126:12:1"", ""2022:401411126:16:5"", ""2022:401411126:18:1"", ""2022:401411126:1:8"", ""2022:401411126:3:5"", ""2022:401411126:5:8"", ""2022:401411126:6:11"", ""2022:401411126:6:4""]"
52782238203c7b8a,2021,401282792,Bowling Green,attribution_only,dip_restore,0.0,corroborated,admitted,cfbd_drives_5a,"[""2021:401282792:11:4"", ""2021:401282792:12:1""]"
52c97df1bd17c7e3,2024,401641014,Louisiana Tech,attribution_only,dip_restore,0.0,corroborated,admitted,cfbd_drives_5a,"[""2024:401641014:8:10"", ""2024:401641014:9:1""]"
52ef1617ad19c6ac,2022,401411164,Wake Forest,attribution_only,dip_restore,0.0,corroborated,admitted,cfbd_drives_5a,"[""2022:401411164:17:4"", ""2022:401411164:18:1""]"
530c78a6469b0f0d,2015,400787112,Colorado State,attribution_only,dip_restore,0.0,game_unusable,reverted_unverified,cfbd_drives_5a,"[""2015:400787112:26:2"", ""2015:400787112:27:1"", ""2015:400787112:31:1"", ""2015:400787112:33:1""]"
5312b69b4d063198,2022,401405115,Michigan,attribution_only,dip_restore,0.0,game_unusable,reverted_unverified,cfbd_drives_5a,"[""2022:401405115:13:1"", ""2022:401405115:14:2""]"
5357ece5a70a9d9f,2016,400869319,Kent State,attribution_only,dip_restore,0.0,game_unusable,reverted_unverified,cfbd_drives_5a,"[""2016:400869319:11:4"", ""2016:400869319:12:1""]"
5368895232ba69e5,2025,401762847,UMass,attribution_only,dip_restore,0.0,indistinguishable_at_drive_level,reverted_unverified,cfbd_drives_5a,"[""2025:401762847:3:3"", ""2025:401762847:3:6""]"
5368cd29496689a5,2025,401778328,Iowa,attribution_only,category_possession_reassignment,0.0,game_unusable,reverted_unverified,cfbd_drives_5a,"[""2025:401778328:1:7"", ""2025:401778328:6:13""]"
5377c8edf42f5fa7,2024,401644767,Ohio,attribution_only,dip_restore,0.0,corroborated,admitted,cfbd_drives_5a,"[""2024:401644767:22:10"", ""2024:401644767:23:2""]"
5383fa2ed37859ba,2016,400869624,TCU,attribution_only,dip_restore,0.0,corroborated,admitted,cfbd_drives_5a,"[""2016:400869624:19:9"", ""2016:400869624:20:1""]"
538a5345044d1c6d,2025,401756906,Kansas State,attribution_only,final_cap,0.0,game_unusable,reverted_unverified,cfbd_drives_5a,"[""2025:401756906:25:1"", ""2025:401756906:26:1"", ""2025:401756906:26:2"", ""2025:401756906:26:3"", ""2025:401756906:26:4"", ""2025:401756906:26:5""]"
53976c9846e83c16,2021,401310711,Nevada,attribution_only,dip_restore,0.0,corroborated,admitted,cfbd_drives_5a,"[""2021:401310711:1:13"", ""2021:401310711:2:1""]"
539812319fc33f2b,2022,401416568,Saint Francis,points_recovery,incomplete_stream,23.0,game_unusable,reverted_unverified,cfbd_drives_5a,"[""2022:401416568:12:2"", ""2022:401416568:16:1"", ""2022:401416568:22:1"", ""2022:401416568:2:1"", ""2022:401416568:6:8""]"
53a1e156813e0752,2017,400953396,Kansas State,attribution_only,dip_restore,0.0,corroborated,admitted,cfbd_drives_5a,"[""2017:400953396:5:3"", ""2017:400953396:6:1""]"
53ae5e6ce0974abf,2023,401520218,Western Kentucky,points_reduction,category_possession_reassignment,-7.0,game_unusable,reverted_unverified,cfbd_drives_5a,"[""2023:401520218:14:11""]"
53fe231f9198b731,2023,401520195,Kansas,points_reduction,category_possession_reassignment,-7.0,game_unusable,reverted_unverified,cfbd_drives_5a,"[""2023:401520195:9:1""]"
54053a45912c1160,2024,401628558,Purdue,attribution_only,dip_restore,0.0,game_unusable,reverted_unverified,cfbd_drives_5a,"[""2024:401628558:11:10"", ""2024:401628558:2:1"", ""2024:401628558:3:4""]"
5421f344cd2de4a9,2023,401520193,Indiana State,attribution_only,dip_restore,0.0,corroborated,admitted,cfbd_drives_5a,"[""2023:401520193:10:8"", ""2023:401520193:11:1""]"
542910b44a201779,2024,401634779,UNLV,attribution_only,dip_restore,0.0,corroborated,admitted,cfbd_drives_5a,"[""2024:401634779:16:8"", ""2024:401634779:17:1""]"
5436922ab6b9a66d,2017,400934548,Oklahoma State,attribution_only,dip_restore,0.0,corroborated,admitted,cfbd_drives_5a,"[""2017:400934548:23:9"", ""2017:400934548:24:1""]"
544ac5f50dec6a08,2018,401012874,Maryland,attribution_only,dip_restore,0.0,game_unusable,reverted_unverified,cfbd_drives_5a,"[""2018:401012874:12:2"", ""2018:401012874:14:1""]"
54bc182a1e2b3303,2025,401757233,Florida Atlantic,attribution_only,dip_restore,0.0,corroborated,admitted,cfbd_drives_5a,"[""2025:401757233:24:5"", ""2025:401757233:25:1""]"
54c55474ecaa7c2e,2025,401761620,Texas State,attribution_only,final_cap,0.0,game_unusable,reverted_unverified,cfbd_drives_5a,"[""2025:401761620:24:1"", ""2025:401761620:24:2"", ""2025:401761620:24:3"", ""2025:401761620:24:4"", ""2025:401761620:24:5"", ""2025:401761620:24:6""]"
54c5d8622a26f8fd,2018,401012320,Florida,attribution_only,dip_restore,0.0,game_unusable,reverted_unverified,cfbd_drives_5a,"[""2018:401012320:19:10"", ""2018:401012320:20:1""]"
54cc83dc830ebcdc,2023,401523987,Southern Utah,attribution_only,dip_restore,0.0,corroborated,admitted,cfbd_drives_5a,"[""2023:401523987:16:6"", ""2023:401523987:17:1""]"
54cc9f2e9d69901a,2025,401761667,Texas State,attribution_only,dip_restore,0.0,game_unusable,reverted_unverified,cfbd_drives_5a,"[""2025:401761667:20:13"", ""2025:401761667:21:1""]"
54cd989fbbe0d5f1,2021,401282763,Wisconsin,points_recovery,other,1.0,game_unusable,reverted_unverified,cfbd_drives_5a,"[""2021:401282763:22:13""]"
54f32e8fee8159f7,2024,401628557,Northwestern,attribution_only,category_possession_reassignment,0.0,game_unusable,reverted_unverified,cfbd_drives_5a,"[""2024:401628557:20:2"", ""2024:401628557:9:6""]"
54fed0cf60be6d4a,2021,401301046,Cincinnati,attribution_only,dip_restore,0.0,corroborated,admitted,cfbd_drives_5a,"[""2021:401301046:20:15"", ""2021:401301046:21:1""]"
54ff0c8227cccdfc,2022,401404055,Murray State,attribution_only,dip_restore,0.0,corroborated,admitted,cfbd_drives_5a,"[""2022:401404055:5:11"", ""2022:401404055:6:1""]"
55023795a93024f3,2025,401762506,North Texas,attribution_only,category_possession_reassignment,0.0,corroborated,admitted,cfbd_drives_5a,"[""2025:401762506:16:9"", ""2025:401762506:17:1""]"
5518dc16c5cb3fbd,2021,401309850,Oregon,attribution_only,dip_restore,0.0,corroborated,admitted,cfbd_drives_5a,"[""2021:401309850:21:1"", ""2021:401309850:22:1""]"
555b6ecfe4164c70,2021,401282753,Indiana,attribution_only,category_possession_reassignment,0.0,game_unusable,reverted_unverified,cfbd_drives_5a,"[""2021:401282753:2:14"", ""2021:401282753:5:4""]"
5565ea76716a5a0d,2025,401757228,Missouri State,attribution_only,dip_restore,0.0,game_unusable,reverted_unverified,cfbd_drives_5a,"[""2025:401757228:11:9"", ""2025:401757228:15:4"", ""2025:401757228:16:3"", ""2025:401757228:16:4"", ""2025:401757228:17:10"", ""2025:401757228:7:14"", ""2025:401757228:8:9""]"
557645994335424c,2019,401119274,Buffalo,attribution_only,dip_restore,0.0,game_unusable,reverted_unverified,cfbd_drives_5a,"[""2019:401119274:20:10"", ""2019:401119274:20:15""]"
559dc38ab5d04e80,2025,401754593,Virginia,attribution_only,dip_restore,0.0,game_unusable,reverted_unverified,cfbd_drives_5a,"[""2025:401754593:14:5"", ""2025:401754593:15:3""]"
55be13383fb41304,2021,401301000,Morgan State,attribution_only,dip_restore,0.0,game_unusable,reverted_unverified,cfbd_drives_5a,"[""2021:401301000:19:1"", ""2021:401301000:20:1"", ""2021:401301000:21:1"", ""2021:401301000:23:1"", ""2021:401301000:24:1"", ""2021:401301000:25:1"", ""2021:401301000:5:1"", ""2021:401301000:6:4"", ""2021:401301000:9:1""]"
55ca825e71df39f4,2019,401121943,Coastal Carolina,attribution_only,dip_restore,0.0,corroborated,admitted,cfbd_drives_5a,"[""2019:401121943:24:11"", ""2019:401121943:25:1""]"
55dbcb29b9776d49,2017,400941834,Temple,attribution_only,dip_restore,0.0,corroborated,admitted,cfbd_drives_5a,"[""2017:400941834:3:8"", ""2017:400941834:4:1""]"
55e8231d76bb97e9,2022,401415245,San Diego State,attribution_only,dip_restore,0.0,game_unusable,reverted_unverified,cfbd_drives_5a,"[""2022:401415245:15:5"", ""2022:401415245:16:1""]"
55ffe7ed2684c0c1,2019,401112245,Northwestern,attribution_only,dip_restore,0.0,corroborated,admitted,cfbd_drives_5a,"[""2019:401112245:18:12"", ""2019:401112245:19:1""]"
560584b41609f5e0,2025,401754523,TCU,attribution_only,dip_restore,0.0,corroborated,admitted,cfbd_drives_5a,"[""2025:401754523:10:1"", ""2025:401754523:9:3""]"
56167521a50dd7e1,2021,401282221,UAB,attribution_only,dip_restore,0.0,cfbd_matches_neither,reverted_contradicted,cfbd_drives_5a,"[""2021:401282221:21:1"", ""2021:401282221:21:4"", ""2021:401282221:22:1""]"
562d7294d3773b00,2023,401520420,Abilene Christian,attribution_only,category_possession_reassignment,0.0,game_unusable,reverted_unverified,cfbd_drives_5a,"[""2023:401520420:2:2"", ""2023:401520420:5:2""]"
564fb99d66c6ab2d,2022,401416614,Western Michigan,attribution_only,dip_restore,0.0,game_unusable,reverted_unverified,cfbd_drives_5a,"[""2022:401416614:10:1"", ""2022:401416614:8:10"", ""2022:401416614:9:1""]"
5673da2b36200d44,2023,401525896,Kansas,attribution_only,dip_restore,0.0,game_unusable,reverted_unverified,cfbd_drives_5a,"[""2023:401525896:10:1"", ""2023:401525896:9:16""]"
5673f195311dafb0,2024,401643744,Washington State,points_recovery,dip_restore,7.0,game_unusable,reverted_unverified,cfbd_drives_5a,"[""2024:401643744:1:7""]"
5677ce721ecea38f,2021,401309835,Arizona State,attribution_only,dip_restore,0.0,corroborated,admitted,cfbd_drives_5a,"[""2021:401309835:4:8"", ""2021:401309835:5:1""]"
5691cc79aaa3b1da,2022,401404000,USC,attribution_only,dip_restore,0.0,game_unusable,reverted_unverified,cfbd_drives_5a,"[""2022:401404000:16:3"", ""2022:401404000:19:13"", ""2022:401404000:20:1""]"
56c1767785cbdc2b,2021,401309578,Buffalo,attribution_only,category_possession_reassignment,0.0,game_unusable,reverted_unverified,cfbd_drives_5a,"[""2021:401309578:27:6"", ""2021:401309578:28:4""]"
56c3c3a026dd35ef,2023,401532428,Ohio,attribution_only,dip_restore,0.0,corroborated,admitted,cfbd_drives_5a,"[""2023:401532428:15:12"", ""2023:401532428:16:1""]"
56c3e1958566319f,2025,401769072,Indiana,attribution_only,dip_restore,0.0,indistinguishable_at_drive_level,reverted_unverified,cfbd_drives_5a,"[""2025:401769072:9:13"", ""2025:401769072:9:4""]"
56ca950ef75701bd,2022,401403983,Washington,attribution_only,dip_restore,0.0,corroborated,admitted,cfbd_drives_5a,"[""2022:401403983:15:11"", ""2022:401403983:16:1""]"
56f31b4f79e0f46b,2021,401287929,Baylor,attribution_only,category_possession_reassignment,0.0,game_unusable,reverted_unverified,cfbd_drives_5a,"[""2021:401287929:21:3"", ""2021:401287929:22:12""]"
56ff0fc04709d77b,2023,401520290,Rutgers,attribution_only,dip_restore,0.0,corroborated,admitted,cfbd_drives_5a,"[""2023:401520290:4:10"", ""2023:401520290:5:1""]"
5711e5d9e03daac5,2021,401282226,Old Dominion,points_recovery,incomplete_stream,13.0,game_unusable,reverted_unverified,cfbd_drives_5a,"[""2021:401282226:10:1"", ""2021:401282226:10:18"", ""2021:401282226:21:11"", ""2021:401282226:6:12"", ""2021:401282226:7:1"", ""2021:401282226:7:17"", ""2021:401282226:7:19"", ""2021:401282226:8:16"", ""2021:401282226:9:1""]"
57255335d6429376,2018,401022570,San Jose State,attribution_only,dip_restore,0.0,game_unusable,reverted_unverified,cfbd_drives_5a,"[""2018:401022570:26:10"", ""2018:401022570:27:1""]"
5738c4fadaa55d0a,2021,401282091,Florida,attribution_only,dip_restore,0.0,corroborated,admitted,cfbd_drives_5a,"[""2021:401282091:10:1"", ""2021:401282091:9:12""]"
577f81b671701f53,2025,401762464,Monmouth,attribution_only,dip_restore,0.0,corroborated,admitted,cfbd_drives_5a,"[""2025:401762464:19:6"", ""2025:401762464:20:1""]"
5787291a06274d06,2016,400869529,South Florida,attribution_only,dip_restore,0.0,corroborated,admitted,cfbd_drives_5a,"[""2016:400869529:11:7"", ""2016:400869529:12:1""]"
5792701ca4c1e402,2024,401636862,Houston,attribution_only,dip_restore,0.0,corroborated,admitted,cfbd_drives_5a,"[""2024:401636862:5:2"", ""2024:401636862:6:1""]"
57990baac2be9402,2025,401752700,Ole Miss,attribution_only,dip_restore,0.0,corroborated,admitted,cfbd_drives_5a,"[""2025:401752700:2:15"", ""2025:401752700:3:1""]"
579db7e0e0680f7d,2025,401756907,Oklahoma State,attribution_only,dip_restore,0.0,game_unusable,reverted_unverified,cfbd_drives_5a,"[""2025:401756907:14:1"", ""2025:401756907:22:2"", ""2025:401756907:23:1""]"
57c0eda4a26a53ee,2022,401416642,Toledo,attribution_only,dip_restore,0.0,corroborated,admitted,cfbd_drives_5a,"[""2022:401416642:12:6"", ""2022:401416642:13:1""]"
57c57b33b616a194,2024,401628362,Georgia State,attribution_only,dip_restore,0.0,game_unusable,reverted_unverified,cfbd_drives_5a,"[""2024:401628362:11:13"", ""2024:401628362:7:2""]"
57d66ee0bbbd214f,2023,401532454,Ball State,points_recovery,restoration_gt8,3.0,game_unusable,reverted_unverified,cfbd_drives_5a,"[""2023:401532454:19:9""]"
57eabd5fd172349b,2025,401761615,Louisiana,attribution_only,dip_restore,0.0,game_unusable,reverted_unverified,cfbd_drives_5a,"[""2025:401761615:2:9"", ""2025:401761615:5:1""]"
57f184a0e6e2284f,2024,401643803,James Madison,attribution_only,dip_restore,0.0,corroborated,admitted,cfbd_drives_5a,"[""2024:401643803:17:11"", ""2024:401643803:18:1""]"
5800485299cb632d,2021,401309858,UCLA,attribution_only,dip_restore,0.0,game_unusable,reverted_unverified,cfbd_drives_5a,"[""2021:401309858:17:1"", ""2021:401309858:1:1"", ""2021:401309858:22:3"", ""2021:401309858:26:5"", ""2021:401309858:31:1"", ""2021:401309858:39:1""]"
583f27f7169309c5,2023,401520441,Clemson,attribution_only,dip_restore,0.0,corroborated,admitted,cfbd_drives_5a,"[""2023:401520441:10:1"", ""2023:401520441:14:7"", ""2023:401520441:15:1"", ""2023:401520441:9:9""]"
5845a882505b771a,2021,401310697,Montana State,attribution_only,dip_restore,0.0,game_unusable,reverted_unverified,cfbd_drives_5a,"[""2021:401310697:23:5"", ""2021:401310697:24:1""]"
584d8d84bd4fb66d,2025,401769075,Miami,attribution_only,dip_restore,0.0,game_unusable,reverted_unverified,cfbd_drives_5a,"[""2025:401769075:1:5"", ""2025:401769075:2:13""]"
5859f8283bca3cf3,2025,401757293,Liberty,attribution_only,dip_restore,0.0,game_unusable,reverted_unverified,cfbd_drives_5a,"[""2025:401757293:8:10"", ""2025:401757293:8:14""]"
586420abcb2bdd6c,2022,401403916,BYU,attribution_only,dip_restore,0.0,corroborated,admitted,cfbd_drives_5a,"[""2022:401403916:4:12"", ""2022:401403916:5:1""]"
586abea7c7749063,2022,401416594,Ball State,attribution_only,incomplete_stream,0.0,game_unusable,reverted_unverified,cfbd_drives_5a,"[""2022:401416594:23:1""]"
58905bd49fc44dec,2025,401754538,Duke,attribution_only,dip_restore,0.0,corroborated,admitted,cfbd_drives_5a,"[""2025:401754538:14:9"", ""2025:401754538:15:1""]"
58943ae51a321290,2025,401761636,Arkansas State,attribution_only,dip_restore,0.0,game_unusable,reverted_unverified,cfbd_drives_5a,"[""2025:401761636:2:12"", ""2025:401761636:4:7""]"
58a7f341bd72884d,2015,400603838,Arizona State,attribution_only,dip_restore,0.0,game_unusable,reverted_unverified,cfbd_drives_5a,"[""2015:400603838:14:5"", ""2015:400603838:25:9""]"
58cd91beeacaf003,2021,401331219,Nevada,attribution_only,dip_restore,0.0,game_unusable,reverted_unverified,cfbd_drives_5a,"[""2021:401331219:7:10"", ""2021:401331219:8:1""]"
58e636b488e7b006,2023,401525519,Georgia Tech,attribution_only,dip_restore,0.0,corroborated,admitted,cfbd_drives_5a,"[""2023:401525519:14:11"", ""2023:401525519:15:1""]"
591a84a6b9dd227f,2025,401752722,Kentucky,attribution_only,dip_restore,0.0,corroborated,admitted,cfbd_drives_5a,"[""2025:401752722:1:9"", ""2025:401752722:2:1""]"
5924605230fe7c6b,2022,401426553,Army,attribution_only,incomplete_stream,0.0,game_unusable,reverted_unverified,cfbd_drives_5a,"[""2022:401426553:1:15""]"
59444cca5155b34b,2022,401416568,Akron,points_recovery,incomplete_stream,23.0,game_unusable,reverted_unverified,cfbd_drives_5a,"[""2022:401416568:14:1"", ""2022:401416568:17:1"", ""2022:401416568:1:2"", ""2022:401416568:21:1"", ""2022:401416568:2:1"", ""2022:401416568:6:7"", ""2022:401416568:7:1"", ""2022:401416568:8:1""]"
59681bf38b3addff,2021,401282199,SMU,attribution_only,dip_restore,0.0,corroborated,admitted,cfbd_drives_5a,"[""2021:401282199:17:4"", ""2021:401282199:18:1""]"
597e26ba12cc15b8,2024,401645380,Florida Atlantic,attribution_only,dip_restore,0.0,corroborated,admitted,cfbd_drives_5a,"[""2024:401645380:17:1"", ""2024:401645380:18:1""]"
5999d1b624d9b075,2017,400945307,Fresno State,attribution_only,dip_restore,0.0,game_unusable,reverted_unverified,cfbd_drives_5a,"[""2017:400945307:18:2"", ""2017:400945307:19:1""]"
59b5789f204203da,2022,401404022,USC,attribution_only,dip_restore,0.0,corroborated,admitted,cfbd_drives_5a,"[""2022:401404022:15:1"", ""2022:401404022:16:1""]"
59b8b73fffdeb551,2016,400868952,Stanford,attribution_only,dip_restore,0.0,corroborated,admitted,cfbd_drives_5a,"[""2016:400868952:17:15"", ""2016:400868952:18:1""]"
59bac45d89d08616,2025,401756896,Arizona State,attribution_only,dip_restore,0.0,corroborated,admitted,cfbd_drives_5a,"[""2025:401756896:2:16"", ""2025:401756896:3:1""]"
59c2fbae659d9656,2022,401404028,Arizona State,attribution_only,dip_restore,0.0,corroborated,admitted,cfbd_drives_5a,"[""2022:401404028:17:11"", ""2022:401404028:18:2""]"
59c62890a68e0b3c,2021,401309543,Toledo,attribution_only,dip_restore,0.0,corroborated,admitted,cfbd_drives_5a,"[""2021:401309543:8:2"", ""2021:401309543:9:1""]"
59ddbfb7c9245c84,2023,401525837,Kansas,attribution_only,dip_restore,0.0,game_unusable,reverted_unverified,cfbd_drives_5a,"[""2023:401525837:1:1"", ""2023:401525837:2:10""]"
59fa3ca4b154e080,2021,401282182,Florida International,attribution_only,dip_restore,0.0,game_unusable,reverted_unverified,cfbd_drives_5a,"[""2021:401282182:12:11"", ""2021:401282182:14:1""]"
5a274e600561885f,2023,401525467,Old Dominion,points_recovery,incomplete_stream,17.0,game_unusable,reverted_unverified,cfbd_drives_5a,"[""2023:401525467:10:18"", ""2023:401525467:13:10"", ""2023:401525467:5:1"", ""2023:401525467:6:13""]"
5a389a45697cf594,2017,400938608,Louisiana Tech,attribution_only,dip_restore,0.0,corroborated,admitted,cfbd_drives_5a,"[""2017:400938608:10:17"", ""2017:400938608:11:1""]"
5a58419196aa7406,2021,401282732,Minnesota,attribution_only,dip_restore,0.0,corroborated,admitted,cfbd_drives_5a,"[""2021:401282732:14:8"", ""2021:401282732:15:1""]"
5a6f912a91aa2e55,2024,401645340,East Carolina,attribution_only,final_cap,0.0,game_unusable,reverted_unverified,cfbd_drives_5a,"[""2024:401645340:23:2"", ""2024:401645340:23:3"", ""2024:401645340:23:4"", ""2024:401645340:23:5"", ""2024:401645340:23:6""]"
5a7cc8167280c99d,2024,401640989,Liberty,attribution_only,dip_restore,0.0,game_unusable,reverted_unverified,cfbd_drives_5a,"[""2024:401640989:10:14"", ""2024:401640989:12:1"", ""2024:401640989:21:7"", ""2024:401640989:22:1""]"
5a85521a9864c22c,2021,401310701,Utah State,points_recovery,incomplete_stream,40.0,game_unusable,reverted_unverified,cfbd_drives_5a,"[""2021:401310701:10:9"", ""2021:401310701:15:8"", ""2021:401310701:16:2"", ""2021:401310701:20:10"", ""2021:401310701:22:4"", ""2021:401310701:26:1"", ""2021:401310701:6:14"", ""2021:401310701:8:10""]"
5a982a7973f3b519,2017,400935376,Purdue,attribution_only,dip_restore,0.0,corroborated,admitted,cfbd_drives_5a,"[""2017:400935376:2:3"", ""2017:400935376:3:1""]"
5abf8383d30c9dba,2025,401761627,Texas State,points_recovery,incomplete_stream,41.0,game_unusable,reverted_unverified,cfbd_drives_5a,"[""2025:401761627:15:12"", ""2025:401761627:17:17"", ""2025:401761627:1:9"", ""2025:401761627:21:5"", ""2025:401761627:2:6"", ""2025:401761627:3:4"", ""2025:401761627:5:13"", ""2025:401761627:7:4"", ""2025:401761627:9:12""]"
5ac1360b44f5b75a,2017,400945283,Air Force,attribution_only,dip_restore,0.0,game_unusable,reverted_unverified,cfbd_drives_5a,"[""2017:400945283:10:1"", ""2017:400945283:8:2""]"
5aed7214ead32b23,2023,401524006,Idaho,attribution_only,dip_restore,0.0,corroborated,admitted,cfbd_drives_5a,"[""2023:401524006:3:10"", ""2023:401524006:4:1""]"
5af9bacc715425ae,2021,401309549,Ball State,attribution_only,dip_restore,0.0,corroborated,admitted,cfbd_drives_5a,"[""2021:401309549:18:16"", ""2021:401309549:19:1""]"
5b056b1747d023dd,2022,401403963,Texas A&M,attribution_only,dip_restore,0.0,corroborated,admitted,cfbd_drives_5a,"[""2022:401403963:6:11"", ""2022:401403963:7:1""]"
5b26d508af321795,2022,401416590,Eastern Kentucky,attribution_only,dip_restore,0.0,corroborated,admitted,cfbd_drives_5a,"[""2022:401416590:5:15"", ""2022:401416590:6:1""]"
5b4a1dc721702cf3,2025,401762862,Akron,attribution_only,category_possession_reassignment,0.0,corroborated,admitted,cfbd_drives_5a,"[""2025:401762862:20:2"", ""2025:401762862:21:1""]"
5b704bd8e68db65d,2025,401762861,Eastern Michigan,attribution_only,dip_restore,0.0,indistinguishable_at_drive_level,reverted_unverified,cfbd_drives_5a,"[""2025:401762861:17:5"", ""2025:401762861:17:7""]"
5b849f68c88c3ebb,2018,401012806,Illinois,attribution_only,dip_restore,0.0,corroborated,admitted,cfbd_drives_5a,"[""2018:401012806:15:2"", ""2018:401012806:16:1""]"
5b8591daf3913201,2024,401643752,Boise State,attribution_only,dip_restore,0.0,corroborated,admitted,cfbd_drives_5a,"[""2024:401643752:20:10"", ""2024:401643752:21:1""]"
5bb3bf8c4bfbffb1,2019,401112116,UCLA,attribution_only,dip_restore,0.0,corroborated,admitted,cfbd_drives_5a,"[""2019:401112116:6:14"", ""2019:401112116:7:1""]"
5bcfd1a90d52ce81,2022,401426355,Marshall,attribution_only,dip_restore,0.0,game_unusable,reverted_unverified,cfbd_drives_5a,"[""2022:401426355:10:1"", ""2022:401426355:11:7"", ""2022:401426355:15:5"", ""2022:401426355:16:1"", ""2022:401426355:8:2"", ""2022:401426355:9:1""]"
5bd02f003db06b91,2021,401282665,Miami,attribution_only,dip_restore,0.0,game_unusable,reverted_unverified,cfbd_drives_5a,"[""2021:401282665:22:10"", ""2021:401282665:23:12""]"
5bea7a7c2e188cb6,2023,401524007,Colorado State,attribution_only,dip_restore,0.0,corroborated,admitted,cfbd_drives_5a,"[""2023:401524007:5:4"", ""2023:401524007:6:1""]"
5bef7364b9fb99e1,2019,401114319,New Mexico State,attribution_only,dip_restore,0.0,corroborated,admitted,cfbd_drives_5a,"[""2019:401114319:18:10"", ""2019:401114319:19:1""]"
5c11dcf2fe4e95fc,2017,400945261,Wyoming,points_recovery,dip_restore,7.0,game_unusable,reverted_unverified,cfbd_drives_5a,"[""2017:400945261:22:3""]"
5c1ea8a82ec38339,2025,401762829,Central Michigan,attribution_only,dip_restore,0.0,game_unusable,reverted_unverified,cfbd_drives_5a,"[""2025:401762829:11:1"", ""2025:401762829:14:9""]"
5c2142faed0f01ab,2022,401416590,Eastern Michigan,attribution_only,dip_restore,0.0,corroborated,admitted,cfbd_drives_5a,"[""2022:401416590:6:11"", ""2022:401416590:7:1""]"
5c4ec9ff32e71dbe,2021,401309753,Ohio,attribution_only,dip_restore,0.0,game_unusable,reverted_unverified,cfbd_drives_5a,"[""2021:401309753:1:2"", ""2021:401309753:2:3""]"
5c5ac6bec9a406ca,2021,401309579,Ball State,points_recovery,incomplete_stream,31.0,game_unusable,reverted_unverified,cfbd_drives_5a,"[""2021:401309579:14:1"", ""2021:401309579:18:2"", ""2021:401309579:3:1"", ""2021:401309579:4:1"", ""2021:401309579:4:2"", ""2021:401309579:5:3"", ""2021:401309579:6:1""]"
5c74e37282ffaefd,2022,401405096,Cincinnati,attribution_only,dip_restore,0.0,corroborated,admitted,cfbd_drives_5a,"[""2022:401405096:8:6"", ""2022:401405096:9:1""]"
5c7fc50992d462d5,2022,401405117,Wisconsin,attribution_only,dip_restore,0.0,corroborated,admitted,cfbd_drives_5a,"[""2022:401405117:18:5"", ""2022:401405117:19:1""]"
5c98b245d73b5073,2016,400869342,Florida International,attribution_only,dip_restore,0.0,game_unusable,reverted_unverified,cfbd_drives_5a,"[""2016:400869342:1:15"", ""2016:400869342:4:6""]"
5caae347796473bc,2018,401012285,Auburn,attribution_only,dip_restore,0.0,game_unusable,reverted_unverified,cfbd_drives_5a,"[""2018:401012285:2:10"", ""2018:401012285:3:1""]"
5cb0d52419f37608,2016,400869190,San Jose State,attribution_only,dip_restore,0.0,game_unusable,reverted_unverified,cfbd_drives_5a,"[""2016:400869190:18:2"", ""2016:400869190:19:1""]"
5cc89415e29aead9,2024,401645345,UAB,attribution_only,dip_restore,0.0,game_unusable,reverted_unverified,cfbd_drives_5a,"[""2024:401645345:17:16"", ""2024:401645345:17:5"", ""2024:401645345:20:4"", ""2024:401645345:30:3""]"
5cd94f7a40dc1b3b,2024,401628442,Ole Miss,attribution_only,dip_restore,0.0,corroborated,admitted,cfbd_drives_5a,"[""2024:401628442:4:14"", ""2024:401628442:5:1""]"
5d138387d9ec3e22,2021,401282109,Vanderbilt,attribution_only,dip_restore,0.0,game_unusable,reverted_unverified,cfbd_drives_5a,"[""2021:401282109:11:4"", ""2021:401282109:15:1""]"
5d15ede337e35622,2024,401628568,Minnesota,attribution_only,dip_restore,0.0,corroborated,admitted,cfbd_drives_5a,"[""2024:401628568:22:10"", ""2024:401628568:23:1""]"
5d5a792fc1e40908,2021,401282727,Michigan,attribution_only,dip_restore,0.0,game_unusable,reverted_unverified,cfbd_drives_5a,"[""2021:401282727:18:1"", ""2021:401282727:19:3""]"
5d830303c3a55bdd,2022,401426340,Louisiana Monroe,points_recovery,incomplete_stream,7.0,game_unusable,reverted_unverified,cfbd_drives_5a,"[""2022:401426340:17:2""]"
5d86fc017a4bb270,2023,401531911,Louisiana,attribution_only,dip_restore,0.0,game_unusable,reverted_unverified,cfbd_drives_5a,"[""2023:401531911:19:2"", ""2023:401531911:7:2""]"
5d96d0a049c42cdb,2016,400869279,Ball State,attribution_only,dip_restore,0.0,corroborated,admitted,cfbd_drives_5a,"[""2016:400869279:14:14"", ""2016:400869279:15:1""]"
5da485d4deae8268,2021,401282667,Georgia Tech,attribution_only,dip_restore,0.0,game_unusable,reverted_unverified,cfbd_drives_5a,"[""2021:401282667:14:3"", ""2021:401282667:15:1"", ""2021:401282667:20:8"", ""2021:401282667:21:7"", ""2021:401282667:22:9"", ""2021:401282667:5:15"", ""2021:401282667:6:1""]"
5da7d370bcb45b80,2022,401426554,Georgia State,attribution_only,dip_restore,0.0,game_unusable,reverted_unverified,cfbd_drives_5a,"[""2022:401426554:10:6"", ""2022:401426554:12:2"", ""2022:401426554:13:2"", ""2022:401426554:13:7"", ""2022:401426554:15:1"", ""2022:401426554:16:13"", ""2022:401426554:17:1""]"
5dabf1e856c924f7,2022,401411097,Bethune-Cookman,attribution_only,dip_restore,0.0,game_unusable,reverted_unverified,cfbd_drives_5a,"[""2022:401411097:8:13"", ""2022:401411097:9:1""]"
5dcac7ecf19d04cc,2023,401520170,Purdue,attribution_only,dip_restore,0.0,game_unusable,reverted_unverified,cfbd_drives_5a,"[""2023:401520170:14:2"", ""2023:401520170:21:2""]"
5dd43593e16d1632,2022,401411097,Miami,points_recovery,category_possession_reassignment,6.0,game_unusable,reverted_unverified,cfbd_drives_5a,"[""2022:401411097:19:4"", ""2022:401411097:20:2"", ""2022:401411097:21:11""]"
5de384e85a1154e5,2023,401520348,UTEP,attribution_only,dip_restore,0.0,corroborated,admitted,cfbd_drives_5a,"[""2023:401520348:15:6"", ""2023:401520348:16:1""]"
5deda1bb5e605f0b,2025,401757170,Connecticut,attribution_only,dip_restore,0.0,game_unusable,reverted_unverified,cfbd_drives_5a,"[""2025:401757170:16:1"", ""2025:401757170:23:10"", ""2025:401757170:24:1"", ""2025:401757170:24:2""]"
5df439f0d79f3bf8,2022,401426582,Western Kentucky,attribution_only,dip_restore,0.0,corroborated,admitted,cfbd_drives_5a,"[""2022:401426582:6:11"", ""2022:401426582:7:1""]"
5df9b80966aa33d7,2015,400763571,Indiana,attribution_only,category_possession_reassignment,0.0,corroborated,admitted,cfbd_drives_5a,"[""2015:400763571:18:5"", ""2015:400763571:19:1""]"
5e0a7c3302c6adae,2016,400869313,Toledo,attribution_only,dip_restore,0.0,corroborated,admitted,cfbd_drives_5a,"[""2016:400869313:11:9"", ""2016:400869313:12:1""]"
5e1223ff51d2de44,2024,401640982,Liberty,attribution_only,dip_restore,0.0,game_unusable,reverted_unverified,cfbd_drives_5a,"[""2024:401640982:11:12"", ""2024:401640982:12:1""]"
5e16f07ec93c8d9b,2019,401110827,Ole Miss,points_recovery,dip_restore,3.0,game_unusable,reverted_unverified,cfbd_drives_5a,"[""2019:401110827:26:16""]"
5e59419b5cf0fd2b,2022,401426572,Texas Southern,attribution_only,dip_restore,0.0,corroborated,admitted,cfbd_drives_5a,"[""2022:401426572:14:3"", ""2022:401426572:15:1""]"
5e6a2cc97f849947,2022,401411148,Louisville,attribution_only,dip_restore,0.0,corroborated,admitted,cfbd_drives_5a,"[""2022:401411148:24:7"", ""2022:401411148:25:1""]"
5e752ca33076a5f0,2017,400935369,Ohio State,attribution_only,dip_restore,0.0,corroborated,admitted,cfbd_drives_5a,"[""2017:400935369:20:10"", ""2017:400935369:21:1""]"
5e77e182c990c24c,2024,401643824,Coastal Carolina,attribution_only,dip_restore,0.0,corroborated,admitted,cfbd_drives_5a,"[""2024:401643824:16:14"", ""2024:401643824:17:1""]"
5e8ca74a242dab4f,2021,401282218,Southern Mississippi,points_recovery,incomplete_stream,5.0,game_unusable,reverted_unverified,cfbd_drives_5a,"[""2021:401282218:15:2""]"
5e95a9ced0c52176,2022,401411147,Georgia Tech,attribution_only,dip_restore,0.0,corroborated,admitted,cfbd_drives_5a,"[""2022:401411147:15:7"", ""2022:401411147:16:1""]"
5ea858ea72c38dc8,2021,401282633,Syracuse,attribution_only,dip_restore,0.0,corroborated,admitted,cfbd_drives_5a,"[""2021:401282633:19:1"", ""2021:401282633:20:1""]"
5eb7dc4eeeeb8d0a,2025,401760375,San Jose State,attribution_only,dip_restore,0.0,corroborated,admitted,cfbd_drives_5a,"[""2025:401760375:13:9"", ""2025:401760375:14:1""]"
5ed463ca602cf935,2025,401762794,Buffalo,attribution_only,dip_restore,0.0,game_unusable,reverted_unverified,cfbd_drives_5a,"[""2025:401762794:15:23"", ""2025:401762794:18:20"", ""2025:401762794:21:1"", ""2025:401762794:22:1""]"
5ef1b13106ece6f8,2024,401636611,UNLV,attribution_only,dip_restore,0.0,corroborated,admitted,cfbd_drives_5a,"[""2024:401636611:25:6"", ""2024:401636611:26:1""]"
5efa605cda80c6af,2022,401416597,Central Michigan,attribution_only,dip_restore,0.0,corroborated,admitted,cfbd_drives_5a,"[""2022:401416597:24:10"", ""2022:401416597:25:1""]"
5f0e790ab7c717d4,2017,400933920,Vanderbilt,attribution_only,dip_restore,0.0,corroborated,admitted,cfbd_drives_5a,"[""2017:400933920:20:13"", ""2017:400933920:21:1""]"
5f0f989fa2cd3749,2023,401525894,Oklahoma State,attribution_only,dip_restore,0.0,corroborated,admitted,cfbd_drives_5a,"[""2023:401525894:24:14"", ""2023:401525894:25:1""]"
5f1a75482a9a0c32,2023,401520324,Michigan State,attribution_only,dip_restore,0.0,corroborated,admitted,cfbd_drives_5a,"[""2023:401520324:15:14"", ""2023:401520324:16:1""]"
5f4da2dd6ef8d66e,2021,401301018,Cincinnati,attribution_only,dip_restore,0.0,corroborated,admitted,cfbd_drives_5a,"[""2021:401301018:7:11"", ""2021:401301018:8:1""]"
5f4dc1132300a598,2015,400763412,TCU,attribution_only,dip_restore,0.0,corroborated,admitted,cfbd_drives_5a,"[""2015:400763412:8:1"", ""2015:400763412:9:1""]"
5f68b3468584955e,2016,400869375,Southern Mississippi,attribution_only,dip_restore,0.0,corroborated,admitted,cfbd_drives_5a,"[""2016:400869375:20:3"", ""2016:400869375:21:1""]"
5f89ab2c88b75527,2023,401532409,Western Michigan,attribution_only,dip_restore,0.0,game_unusable,reverted_unverified,cfbd_drives_5a,"[""2023:401532409:2:1"", ""2023:401532409:2:7""]"
5f943a95ea3e8305,2019,401132974,Oklahoma,attribution_only,dip_restore,0.0,corroborated,admitted,cfbd_drives_5a,"[""2019:401132974:5:7"", ""2019:401132974:6:1""]"
5fa551f858b4a982,2024,401628561,UCLA,attribution_only,dip_restore,0.0,game_unusable,reverted_unverified,cfbd_drives_5a,"[""2024:401628561:1:8"", ""2024:401628561:2:2""]"
5faa7f17b77e44b9,2021,401282066,Tennessee,attribution_only,dip_restore,0.0,game_unusable,reverted_unverified,cfbd_drives_5a,"[""2021:401282066:2:1"", ""2021:401282066:3:1""]"
5fb4c498b808307e,2025,401752716,Georgia State,attribution_only,dip_restore,0.0,corroborated,admitted,cfbd_drives_5a,"[""2025:401752716:15:8"", ""2025:401752716:16:1"", ""2025:401752716:7:17"", ""2025:401752716:8:1""]"
5fc65bdffe036b02,2024,401635594,California,attribution_only,dip_restore,0.0,corroborated,admitted,cfbd_drives_5a,"[""2024:401635594:1:10"", ""2024:401635594:2:1""]"
602e4accd384bcbf,2025,401761635,Appalachian State,attribution_only,dip_restore,0.0,game_unusable,reverted_unverified,cfbd_drives_5a,"[""2025:401761635:10:14"", ""2025:401761635:5:13""]"
604778e9e1ce1a8f,2022,401426547,Stephen F. Austin,points_recovery,incomplete_stream,16.0,game_unusable,reverted_unverified,cfbd_drives_5a,"[""2022:401426547:23:11"", ""2022:401426547:24:4"", ""2022:401426547:27:4"", ""2022:401426547:4:1""]"
604c3cecda8eef5b,2025,401762457,Tulsa,attribution_only,dip_restore,0.0,corroborated,admitted,cfbd_drives_5a,"[""2025:401762457:8:8"", ""2025:401762457:9:1""]"
605741c3df4fff1f,2022,401405146,Michigan State,points_recovery,incomplete_stream,21.0,game_unusable,reverted_unverified,cfbd_drives_5a,"[""2022:401405146:11:2"", ""2022:401405146:16:6"", ""2022:401405146:7:9"", ""2022:401405146:9:12""]"
606067c7a7ebc412,2016,400869281,Middle Tennessee,attribution_only,dip_restore,0.0,game_unusable,reverted_unverified,cfbd_drives_5a,"[""2016:400869281:8:6"", ""2016:400869281:9:9""]"
607d2eab0d2438af,2022,401404041,California,attribution_only,dip_restore,0.0,corroborated,admitted,cfbd_drives_5a,"[""2022:401404041:21:4"", ""2022:401404041:22:1""]"
607d5ddfa42ef9c3,2024,401634771,Boston College,attribution_only,dip_restore,0.0,game_unusable,reverted_unverified,cfbd_drives_5a,"[""2024:401634771:5:3"", ""2024:401634771:6:1"", ""2024:401634771:8:9"", ""2024:401634771:9:12""]"
608d44c257a03509,2022,401416631,Miami (OH),attribution_only,dip_restore,0.0,corroborated,admitted,cfbd_drives_5a,"[""2022:401416631:18:10"", ""2022:401416631:19:1""]"
60a3ad0aaba7e6fb,2025,401757290,Louisiana Tech,attribution_only,category_possession_reassignment,0.0,game_unusable,reverted_unverified,cfbd_drives_5a,"[""2025:401757290:14:9"", ""2025:401757290:16:3"", ""2025:401757290:19:13"", ""2025:401757290:20:1""]"
60af6cb4b58c79d8,2016,400868997,Alabama,attribution_only,dip_restore,0.0,corroborated,admitted,cfbd_drives_5a,"[""2016:400868997:26:7"", ""2016:400868997:27:1""]"
60b1a714fa68dfbc,2023,401532425,Ball State,attribution_only,dip_restore,0.0,corroborated,admitted,cfbd_drives_5a,"[""2023:401532425:13:16"", ""2023:401532425:14:1""]"
60c25bd9718719f6,2025,401752802,Michigan State,points_reduction,category_possession_reassignment,-7.0,game_unusable,reverted_unverified,cfbd_drives_5a,"[""2025:401752802:3:10""]"
60d2a53151e4dee0,2021,401309628,Appalachian State,attribution_only,dip_restore,0.0,game_unusable,reverted_unverified,cfbd_drives_5a,"[""2021:401309628:5:5"", ""2021:401309628:6:1""]"
60d3f7274f6e43c1,2025,401754562,Notre Dame,attribution_only,dip_restore,0.0,corroborated,admitted,cfbd_drives_5a,"[""2025:401754562:22:2"", ""2025:401754562:23:1""]"
60d5384b58ddca2e,2021,401282181,Gardner-Webb,points_recovery,incomplete_stream,10.0,game_unusable,reverted_unverified,cfbd_drives_5a,"[""2021:401282181:10:1"", ""2021:401282181:15:1"", ""2021:401282181:16:1"", ""2021:401282181:4:1"", ""2021:401282181:5:1"", ""2021:401282181:6:6"", ""2021:401282181:7:1"", ""2021:401282181:9:1""]"
60de26961cceb2f3,2025,401752701,Mississippi State,attribution_only,dip_restore,0.0,game_unusable,reverted_unverified,cfbd_drives_5a,"[""2025:401752701:13:7"", ""2025:401752701:14:1"", ""2025:401752701:17:1"", ""2025:401752701:19:5""]"
60fab8864aa9205f,2024,401628486,Indiana,attribution_only,other,0.0,game_unusable,reverted_unverified,cfbd_drives_5a,"[""2024:401628486:4:5"", ""2024:401628486:6:11""]"
60ffc65acc7e2fa3,2015,400852685,Ohio,attribution_only,dip_restore,0.0,corroborated,admitted,cfbd_drives_5a,"[""2015:400852685:29:1"", ""2015:400852685:30:1""]"
61016804b53c0187,2022,401404069,Ohio,points_recovery,incomplete_stream,7.0,game_unusable,reverted_unverified,cfbd_drives_5a,"[""2022:401404069:20:1""]"
610edaac9cc1f784,2017,400935328,Arizona State,attribution_only,dip_restore,0.0,corroborated,admitted,cfbd_drives_5a,"[""2017:400935328:14:2"", ""2017:400935328:15:1""]"
611c45c84fbc3f4f,2025,401761589,Charlotte,attribution_only,dip_restore,0.0,game_unusable,reverted_unverified,cfbd_drives_5a,"[""2025:401761589:2:1"", ""2025:401761589:6:14""]"
6138f1eb8a3b8892,2024,401645358,UAB,attribution_only,dip_restore,0.0,corroborated,admitted,cfbd_drives_5a,"[""2024:401645358:21:9"", ""2024:401645358:22:1""]"
615463bc5d2f4ad2,2023,401531388,Norfolk State,attribution_only,final_cap,0.0,game_unusable,reverted_unverified,cfbd_drives_5a,"[""2023:401531388:18:10"", ""2023:401531388:18:11"", ""2023:401531388:18:2"", ""2023:401531388:18:3"", ""2023:401531388:18:4"", ""2023:401531388:18:5"", ""2023:401531388:18:6"", ""2023:401531388:18:7"", ""2023:401531388:18:8"", ""2023:401531388:18:9"", ""2023:401531388:19:1"", ""2023:401531388:19:2"", ""2023:401531388:19:3"", ""2023:401531388:19:4"", ""2023:401531388:19:5"", ""2023:401531388:19:6"", ""2023:401531388:19:7"", ""2023:401531388:19:8"", ""2023:401531388:19:9""]"
61598585494c783b,2023,401532429,Bowling Green,attribution_only,dip_restore,0.0,game_unusable,reverted_unverified,cfbd_drives_5a,"[""2023:401532429:21:9"", ""2023:401532429:22:2""]"
615ecbbdba84db4e,2021,401282246,Rice,attribution_only,dip_restore,0.0,game_unusable,reverted_unverified,cfbd_drives_5a,"[""2021:401282246:6:26"", ""2021:401282246:9:1""]"
615ff0b16fcfd4dd,2023,401531373,Rice,attribution_only,dip_restore,0.0,corroborated,admitted,cfbd_drives_5a,"[""2023:401531373:18:7"", ""2023:401531373:19:1""]"
617b3ac527b1894a,2025,401761646,James Madison,attribution_only,dip_restore,0.0,game_unusable,reverted_unverified,cfbd_drives_5a,"[""2025:401761646:1:1"", ""2025:401761646:3:8""]"
6181a76cd7358c96,2021,401282671,Georgia Tech,attribution_only,category_possession_reassignment,0.0,game_unusable,reverted_unverified,cfbd_drives_5a,"[""2021:401282671:18:4"", ""2021:401282671:21:13""]"
61835336add9f384,2023,401520190,Florida,attribution_only,final_cap,0.0,game_unusable,reverted_unverified,cfbd_drives_5a,"[""2023:401520190:15:1"", ""2023:401520190:15:2"", ""2023:401520190:15:3"", ""2023:401520190:15:4"", ""2023:401520190:15:5"", ""2023:401520190:15:6""]"
6186420b8ddd4baa,2024,401645332,UAB,attribution_only,dip_restore,0.0,corroborated,admitted,cfbd_drives_5a,"[""2024:401645332:11:5"", ""2024:401645332:12:1""]"
618b92acd5dca72e,2025,401752840,California,points_recovery,incomplete_stream,10.0,game_unusable,reverted_unverified,cfbd_drives_5a,"[""2025:401752840:18:3"", ""2025:401752840:20:10""]"
61a9dcecac4645ed,2023,401520256,Indiana,attribution_only,dip_restore,0.0,corroborated,admitted,cfbd_drives_5a,"[""2023:401520256:22:11"", ""2023:401520256:23:1""]"
61b03c6f65a1f06d,2023,401531423,South Florida,attribution_only,dip_restore,0.0,game_unusable,reverted_unverified,cfbd_drives_5a,"[""2023:401531423:19:5"", ""2023:401531423:20:1"", ""2023:401531423:21:10"", ""2023:401531423:23:6""]"
61b7d5c09c414f37,2022,401403999,Washington State,attribution_only,dip_restore,0.0,game_unusable,reverted_unverified,cfbd_drives_5a,"[""2022:401403999:11:13"", ""2022:401403999:7:1""]"
61c83a365238a011,2025,401762517,Tulsa,attribution_only,category_possession_reassignment,0.0,corroborated,admitted,cfbd_drives_5a,"[""2025:401762517:10:1"", ""2025:401762517:9:8""]"
61f2af11e05b820f,2016,400869367,Rice,attribution_only,dip_restore,0.0,corroborated,admitted,cfbd_drives_5a,"[""2016:400869367:18:8"", ""2016:400869367:19:1""]"
623c13ab84ccd51d,2018,401012327,Alabama,attribution_only,dip_restore,0.0,corroborated,admitted,cfbd_drives_5a,"[""2018:401012327:11:2"", ""2018:401012327:12:1""]"
624773de70ac8bfb,2015,400763556,Wisconsin,attribution_only,dip_restore,0.0,corroborated,admitted,cfbd_drives_5a,"[""2015:400763556:3:3"", ""2015:400763556:4:1""]"
6262285f33674f07,2021,401282623,Boston College,attribution_only,dip_restore,0.0,game_unusable,reverted_unverified,cfbd_drives_5a,"[""2021:401282623:15:6"", ""2021:401282623:17:1""]"
62954048285057fc,2021,401282190,Southern Mississippi,attribution_only,restoration_gt8,0.0,game_unusable,reverted_unverified,cfbd_drives_5a,"[""2021:401282190:4:11"", ""2021:401282190:5:1""]"
62c0c136f9436f5d,2025,401778329,Duke,attribution_only,category_possession_reassignment,0.0,corroborated,admitted,cfbd_drives_5a,"[""2025:401778329:13:7"", ""2025:401778329:14:1""]"
62d9984e9fa2dc77,2016,400869287,Memphis,attribution_only,dip_restore,0.0,corroborated,admitted,cfbd_drives_5a,"[""2016:400869287:6:3"", ""2016:400869287:7:1""]"
62de1d245ef8537f,2021,401310733,San Diego State,points_recovery,other,1.0,game_unusable,reverted_unverified,cfbd_drives_5a,"[""2021:401310733:26:13""]"
62e45442496460da,2025,401756884,Houston,attribution_only,restoration_gt8,0.0,game_unusable,reverted_unverified,cfbd_drives_5a,"[""2025:401756884:11:3"", ""2025:401756884:12:15"", ""2025:401756884:13:15""]"
62e8c236116c6a4b,2024,401635558,Virginia,attribution_only,dip_restore,0.0,corroborated,admitted,cfbd_drives_5a,"[""2024:401635558:10:1"", ""2024:401635558:9:16""]"
62f28ec8e6523aeb,2017,400944854,Arkansas State,attribution_only,dip_restore,0.0,corroborated,admitted,cfbd_drives_5a,"[""2017:400944854:2:12"", ""2017:400944854:3:1""]"
631cb1fa3696001d,2023,401551741,Arkansas State,attribution_only,dip_restore,0.0,corroborated,admitted,cfbd_drives_5a,"[""2023:401551741:21:8"", ""2023:401551741:22:1""]"
6351eaf867cba4f3,2015,400763460,Kansas State,attribution_only,dip_restore,0.0,game_unusable,reverted_unverified,cfbd_drives_5a,"[""2015:400763460:27:3"", ""2015:400763460:28:1""]"
6360cb7ca04f55b6,2025,401752760,Kentucky,attribution_only,dip_restore,0.0,game_unusable,reverted_unverified,cfbd_drives_5a,"[""2025:401752760:1:10"", ""2025:401752760:2:10""]"
636103aec307f0d3,2018,401015042,Old Dominion,attribution_only,dip_restore,0.0,corroborated,admitted,cfbd_drives_5a,"[""2018:401015042:11:4"", ""2018:401015042:12:1""]"
636eae75bc84f957,2023,401520309,Connecticut,attribution_only,dip_restore,0.0,corroborated,admitted,cfbd_drives_5a,"[""2023:401520309:21:4"", ""2023:401520309:22:1""]"
63873cf6688ba099,2022,401403985,Arizona,attribution_only,category_possession_reassignment,0.0,game_unusable,reverted_unverified,cfbd_drives_5a,"[""2022:401403985:13:10"", ""2022:401403985:14:3""]"
6399236ecca317b5,2025,401757259,Delaware,attribution_only,dip_restore,0.0,corroborated,admitted,cfbd_drives_5a,"[""2025:401757259:15:4"", ""2025:401757259:16:1""]"
63a9ab4f5d2ce0dd,2022,401426564,South Carolina,attribution_only,dip_restore,0.0,game_unusable,reverted_unverified,cfbd_drives_5a,"[""2022:401426564:1:14"", ""2022:401426564:2:1""]"
63c15192b4ae30b4,2025,401757269,Jacksonville State,attribution_only,dip_restore,0.0,corroborated,admitted,cfbd_drives_5a,"[""2025:401757269:23:16"", ""2025:401757269:24:1""]"
63d109beedeee052,2021,401309632,Louisiana,attribution_only,dip_restore,0.0,corroborated,admitted,cfbd_drives_5a,"[""2021:401309632:18:9"", ""2021:401309632:19:1""]"
63f138963536ef8c,2025,401754577,Duke,attribution_only,dip_restore,0.0,corroborated,admitted,cfbd_drives_5a,"[""2025:401754577:2:9"", ""2025:401754577:3:1""]"
641d549f81b43d0e,2021,401281944,Auburn,points_recovery,incomplete_stream,40.0,game_unusable,reverted_unverified,cfbd_drives_5a,"[""2021:401281944:11:8"", ""2021:401281944:13:1"", ""2021:401281944:13:8"", ""2021:401281944:14:4"", ""2021:401281944:15:6"", ""2021:401281944:21:6"", ""2021:401281944:7:6"", ""2021:401281944:9:14""]"
64557becab9434b3,2016,400869853,Idaho,points_recovery,incomplete_stream,38.0,game_unusable,reverted_unverified,cfbd_drives_5a,"[""2016:400869853:13:11"", ""2016:400869853:17:7"", ""2016:400869853:19:15"", ""2016:400869853:3:3"", ""2016:400869853:5:2"", ""2016:400869853:6:1""]"
646124a5306e7053,2022,401415024,East Carolina,attribution_only,dip_restore,0.0,game_unusable,reverted_unverified,cfbd_drives_5a,"[""2022:401415024:1:19"", ""2022:401415024:1:4"", ""2022:401415024:2:1"", ""2022:401415024:4:9"", ""2022:401415024:5:2"", ""2022:401415024:9:22""]"
647a7feee6c708fb,2024,401677100,Army,attribution_only,dip_restore,0.0,corroborated,admitted,cfbd_drives_5a,"[""2024:401677100:11:7"", ""2024:401677100:12:1""]"
647b330fb272d4ea,2025,401752803,Tulane,attribution_only,dip_restore,0.0,corroborated,admitted,cfbd_drives_5a,"[""2025:401752803:10:2"", ""2025:401752803:11:1""]"
648cc7ab3f1341ed,2017,400945004,Eastern Michigan,attribution_only,dip_restore,0.0,game_unusable,reverted_unverified,cfbd_drives_5a,"[""2017:400945004:10:1"", ""2017:400945004:9:6""]"
64c0262017662d96,2015,400756952,Syracuse,attribution_only,dip_restore,0.0,game_unusable,reverted_unverified,cfbd_drives_5a,"[""2015:400756952:15:3"", ""2015:400756952:17:1""]"
64c5daf431bed102,2017,400945005,Eastern Michigan,attribution_only,dip_restore,0.0,game_unusable,reverted_unverified,cfbd_drives_5a,"[""2017:400945005:10:1"", ""2017:400945005:13:1"", ""2017:400945005:14:1"", ""2017:400945005:19:1"", ""2017:400945005:27:1""]"
64d1ee6492c90da9,2021,401300999,Temple,points_recovery,incomplete_stream,17.0,game_unusable,reverted_unverified,cfbd_drives_5a,"[""2021:401300999:10:13"", ""2021:401300999:13:1"", ""2021:401300999:6:12"", ""2021:401300999:7:10"", ""2021:401300999:8:4""]"
64e95ab6f7f90281,2023,401524053,Oregon,attribution_only,dip_restore,0.0,corroborated,admitted,cfbd_drives_5a,"[""2023:401524053:6:16"", ""2023:401524053:7:1""]"
6504d495415efeec,2023,401525874,Oklahoma,attribution_only,dip_restore,0.0,game_unusable,reverted_unverified,cfbd_drives_5a,"[""2023:401525874:10:6"", ""2023:401525874:11:1""]"
6507946b0dfdb3fc,2025,401761589,Appalachian State,attribution_only,dip_restore,0.0,game_unusable,reverted_unverified,cfbd_drives_5a,"[""2025:401761589:11:2"", ""2025:401761589:11:3"", ""2025:401761589:12:4"", ""2025:401761589:13:1"", ""2025:401761589:14:1"", ""2025:401761589:16:11""]"
65350f9d760c9c66,2024,401628393,Florida,attribution_only,dip_restore,0.0,game_unusable,reverted_unverified,cfbd_drives_5a,"[""2024:401628393:25:2"", ""2024:401628393:26:2""]"
6536c6fb4956987f,2015,400764869,Temple,attribution_only,dip_restore,0.0,cfbd_matches_neither,reverted_contradicted,cfbd_drives_5a,"[""2015:400764869:34:11"", ""2015:400764869:35:1""]"
65407896b3a3e11b,2023,401520264,Northwestern,attribution_only,restoration_gt8,0.0,game_unusable,reverted_unverified,cfbd_drives_5a,"[""2023:401520264:10:1"", ""2023:401520264:14:3""]"
6540efa7de0bda2e,2023,401520356,Northwestern,attribution_only,dip_restore,0.0,corroborated,admitted,cfbd_drives_5a,"[""2023:401520356:4:3"", ""2023:401520356:5:1""]"
654a2fefab89d114,2025,401761628,Arkansas State,attribution_only,final_cap,0.0,game_unusable,reverted_unverified,cfbd_drives_5a,"[""2025:401761628:22:1"", ""2025:401761628:22:10"", ""2025:401761628:22:11"", ""2025:401761628:22:12"", ""2025:401761628:22:13"", ""2025:401761628:22:14"", ""2025:401761628:22:15"", ""2025:401761628:22:16"", ""2025:401761628:22:17"", ""2025:401761628:22:2"", ""2025:401761628:22:3"", ""2025:401761628:22:4"", ""2025:401761628:22:5"", ""2025:401761628:22:6"", ""2025:401761628:22:7"", ""2025:401761628:22:8"", ""2025:401761628:22:9"", ""2025:401761628:23:1"", ""2025:401761628:23:2"", ""2025:401761628:23:3"", ""2025:401761628:23:4"", ""2025:401761628:23:5"", ""2025:401761628:23:6"", ""2025:401761628:23:7"", ""2025:401761628:23:8"", ""2025:401761628:23:9""]"
6565e13a408a957d,2025,401760396,San Jose State,attribution_only,dip_restore,0.0,game_unusable,reverted_unverified,cfbd_drives_5a,"[""2025:401760396:12:1"", ""2025:401760396:14:4""]"
656c0278d6dfe0df,2018,401021683,Coastal Carolina,attribution_only,category_possession_reassignment,0.0,game_unusable,reverted_unverified,cfbd_drives_5a,"[""2018:401021683:21:2"", ""2018:401021683:5:8""]"
65dcd96c5046780e,2022,401404003,USC,attribution_only,dip_restore,0.0,corroborated,admitted,cfbd_drives_5a,"[""2022:401404003:16:8"", ""2022:401404003:17:1""]"
65f1faca9e807ae7,2025,401752783,Missouri,attribution_only,category_possession_reassignment,0.0,corroborated,admitted,cfbd_drives_5a,"[""2025:401752783:1:4"", ""2025:401752783:2:1""]"
65f543dcdad9189f,2023,401531884,Texas State,attribution_only,dip_restore,0.0,game_unusable,reverted_unverified,cfbd_drives_5a,"[""2023:401531884:5:10"", ""2023:401531884:6:1""]"
660f2d16c461a63a,2023,401532432,Miami (OH),attribution_only,dip_restore,0.0,corroborated,admitted,cfbd_drives_5a,"[""2023:401532432:17:4"", ""2023:401532432:18:1""]"
662f90f41c698abf,2025,401754600,North Carolina,attribution_only,category_possession_reassignment,0.0,corroborated,admitted,cfbd_drives_5a,"[""2025:401754600:10:11"", ""2025:401754600:11:1""]"
663050ed3c75de0e,2021,401309610,Louisiana,attribution_only,dip_restore,0.0,corroborated,admitted,cfbd_drives_5a,"[""2021:401309610:15:5"", ""2021:401309610:16:1""]"
66309fbfd00a7438,2023,401525896,Kansas State,points_recovery,incomplete_stream,24.0,game_unusable,reverted_unverified,cfbd_drives_5a,"[""2023:401525896:14:10"", ""2023:401525896:18:6"", ""2023:401525896:7:10"", ""2023:401525896:8:10"", ""2023:401525896:8:13""]"
664bbea830943ee5,2021,401308839,Ohio,attribution_only,dip_restore,0.0,corroborated,admitted,cfbd_drives_5a,"[""2021:401308839:29:4"", ""2021:401308839:30:1""]"
667179beb12d6dae,2021,401282795,Northwestern,attribution_only,category_possession_reassignment,0.0,game_unusable,reverted_unverified,cfbd_drives_5a,"[""2021:401282795:5:13"", ""2021:401282795:6:13""]"
667fdc558ea9ad26,2017,400935235,Nebraska,attribution_only,dip_restore,0.0,game_unusable,reverted_unverified,cfbd_drives_5a,"[""2017:400935235:15:10"", ""2017:400935235:16:1""]"
66a4a5da3af244b1,2024,401644742,Western Michigan,attribution_only,dip_restore,0.0,game_unusable,reverted_unverified,cfbd_drives_5a,"[""2024:401644742:8:5"", ""2024:401644742:9:4""]"
66e2e19e5fcbd2ab,2022,401415251,San Jose State,points_recovery,restoration_gt8,8.0,game_unusable,reverted_unverified,cfbd_drives_5a,"[""2022:401415251:1:10"", ""2022:401415251:1:9""]"
66f65e583c4b1104,2021,401282268,Old Dominion,attribution_only,dip_restore,0.0,corroborated,admitted,cfbd_drives_5a,"[""2021:401282268:23:5"", ""2021:401282268:24:1""]"
66f68c1304519ce7,2019,401114160,Arizona State,attribution_only,dip_restore,0.0,game_unusable,reverted_unverified,cfbd_drives_5a,"[""2019:401114160:2:1"", ""2019:401114160:5:4""]"
670d5410045f96e9,2022,401415617,Memphis,attribution_only,dip_restore,0.0,corroborated,admitted,cfbd_drives_5a,"[""2022:401415617:1:11"", ""2022:401415617:2:1""]"
670e8df4d2884d4d,2021,401331164,Toledo,attribution_only,dip_restore,0.0,corroborated,admitted,cfbd_drives_5a,"[""2021:401331164:7:9"", ""2021:401331164:8:1""]"
67148dc3acd0176f,2024,401677182,Arizona State,attribution_only,dip_restore,0.0,game_unusable,reverted_unverified,cfbd_drives_5a,"[""2024:401677182:17:11"", ""2024:401677182:18:1"", ""2024:401677182:19:4"", ""2024:401677182:20:1""]"
671b43fcc0fe7034,2025,401752672,Ole Miss,attribution_only,dip_restore,0.0,corroborated,admitted,cfbd_drives_5a,"[""2025:401752672:12:19"", ""2025:401752672:13:1""]"
673be2dbbedc9776,2025,401754532,Syracuse,attribution_only,dip_restore,0.0,corroborated,admitted,cfbd_drives_5a,"[""2025:401754532:19:3"", ""2025:401754532:20:1""]"
6759f9f461028bc3,2022,401415659,Tulsa,attribution_only,dip_restore,0.0,game_unusable,reverted_unverified,cfbd_drives_5a,"[""2022:401415659:10:1"", ""2022:401415659:9:7""]"
6784f7faadaf63a2,2021,401282093,Missouri,points_recovery,incomplete_stream,8.0,game_unusable,reverted_unverified,cfbd_drives_5a,"[""2021:401282093:10:1"", ""2021:401282093:17:1"", ""2021:401282093:17:2"", ""2021:401282093:9:14""]"
67865183caa31c32,2023,401532617,San Diego State,attribution_only,dip_restore,0.0,game_unusable,reverted_unverified,cfbd_drives_5a,"[""2023:401532617:19:12"", ""2023:401532617:20:1""]"
67ad98e15fdf7d2a,2025,401756907,Baylor,attribution_only,dip_restore,0.0,game_unusable,reverted_unverified,cfbd_drives_5a,"[""2025:401756907:6:8"", ""2025:401756907:7:2""]"
67bb5513ec7816c8,2024,401628337,Auburn,attribution_only,final_cap,0.0,game_unusable,reverted_unverified,cfbd_drives_5a,"[""2024:401628337:23:1"", ""2024:401628337:23:11"", ""2024:401628337:23:12"", ""2024:401628337:23:14"", ""2024:401628337:23:2"", ""2024:401628337:23:3"", ""2024:401628337:23:4"", ""2024:401628337:23:5"", ""2024:401628337:23:6"", ""2024:401628337:23:7"", ""2024:401628337:23:9"", ""2024:401628337:24:1"", ""2024:401628337:24:2"", ""2024:401628337:25:1"", ""2024:401628337:25:3"", ""2024:401628337:25:4"", ""2024:401628337:25:6"", ""2024:401628337:26:1"", ""2024:401628337:27:1""]"
680a44bfd1d439e1,2025,401762472,Florida Atlantic,points_recovery,dip_restore,7.0,game_unusable,reverted_unverified,cfbd_drives_5a,"[""2025:401762472:2:1""]"
6812fe9a0edd777d,2015,400763466,Oklahoma,attribution_only,dip_restore,0.0,corroborated,admitted,cfbd_drives_5a,"[""2015:400763466:12:12"", ""2015:400763466:13:1""]"
683c1b19bb16aa89,2021,401282249,Florida Atlantic,points_recovery,incomplete_stream,13.0,game_unusable,reverted_unverified,cfbd_drives_5a,"[""2021:401282249:2:3"", ""2021:401282249:4:2"", ""2021:401282249:7:7""]"
684ab4ef098e8417,2024,401640979,Central Michigan,attribution_only,final_cap,0.0,game_unusable,reverted_unverified,cfbd_drives_5a,"[""2024:401640979:23:1"", ""2024:401640979:23:2""]"
684c2b041d470f94,2021,401282224,Charlotte,attribution_only,dip_restore,0.0,corroborated,admitted,cfbd_drives_5a,"[""2021:401282224:19:6"", ""2021:401282224:20:1""]"
6860a0d9dce95921,2025,401752949,North Texas,attribution_only,dip_restore,0.0,corroborated,admitted,cfbd_drives_5a,"[""2025:401752949:3:1"", ""2025:401752949:4:1""]"
6895409da77b7a1f,2023,401520321,Michigan,attribution_only,dip_restore,0.0,corroborated,admitted,cfbd_drives_5a,"[""2023:401520321:6:13"", ""2023:401520321:7:1""]"
68a56e273d71285c,2025,401752869,Iowa,attribution_only,dip_restore,0.0,corroborated,admitted,cfbd_drives_5a,"[""2025:401752869:11:9"", ""2025:401752869:12:1""]"
68ee2a315bb34260,2022,401415216,Nevada,attribution_only,dip_restore,0.0,corroborated,admitted,cfbd_drives_5a,"[""2022:401415216:29:8"", ""2022:401415216:30:1""]"
690284e11aae2d7b,2023,401531398,UT San Antonio,attribution_only,dip_restore,0.0,corroborated,admitted,cfbd_drives_5a,"[""2023:401531398:16:10"", ""2023:401531398:17:1"", ""2023:401531398:22:9"", ""2023:401531398:23:1""]"
692754f23ce3f789,2025,401760376,UNLV,attribution_only,restoration_gt8,0.0,game_unusable,reverted_unverified,cfbd_drives_5a,"[""2025:401760376:7:10"", ""2025:401760376:8:3""]"
69364635183f5027,2021,401282655,Syracuse,attribution_only,dip_restore,0.0,corroborated,admitted,cfbd_drives_5a,"[""2021:401282655:26:12"", ""2021:401282655:27:1""]"
694c63536b0f5d7a,2021,401282068,Colorado State,attribution_only,dip_restore,0.0,game_unusable,reverted_unverified,cfbd_drives_5a,"[""2021:401282068:1:7"", ""2021:401282068:2:1"", ""2021:401282068:4:1"", ""2021:401282068:5:1"", ""2021:401282068:6:1"", ""2021:401282068:6:9""]"
6966d1441f2381bc,2017,400953325,Middle Tennessee,attribution_only,dip_restore,0.0,corroborated,admitted,cfbd_drives_5a,"[""2017:400953325:14:5"", ""2017:400953325:15:1""]"
697e01f710a614b8,2024,401635567,Boston College,attribution_only,dip_restore,0.0,corroborated,admitted,cfbd_drives_5a,"[""2024:401635567:6:11"", ""2024:401635567:7:1""]"
6990e3beb68879a9,2015,400764914,Tulane,attribution_only,dip_restore,0.0,corroborated,admitted,cfbd_drives_5a,"[""2015:400764914:22:7"", ""2015:400764914:23:1""]"
69a6d70c36d8ebe4,2023,401525822,Oklahoma,attribution_only,dip_restore,0.0,corroborated,admitted,cfbd_drives_5a,"[""2023:401525822:4:11"", ""2023:401525822:5:1"", ""2023:401525822:6:14"", ""2023:401525822:7:1""]"
69a73833818b205d,2023,401525903,Cincinnati,attribution_only,dip_restore,0.0,game_unusable,reverted_unverified,cfbd_drives_5a,"[""2023:401525903:15:14"", ""2023:401525903:16:1"", ""2023:401525903:16:4"", ""2023:401525903:18:2"", ""2023:401525903:9:15""]"
69e61fbb66d4d28f,2022,401415251,Colorado State,points_recovery,incomplete_stream,10.0,game_unusable,reverted_unverified,cfbd_drives_5a,"[""2022:401415251:12:1"", ""2022:401415251:1:6"", ""2022:401415251:1:8"", ""2022:401415251:9:13""]"
6a1fea44a8471015,2025,401752862,Rutgers,attribution_only,dip_restore,0.0,corroborated,admitted,cfbd_drives_5a,"[""2025:401752862:1:5"", ""2025:401752862:2:1"", ""2025:401752862:3:14"", ""2025:401752862:4:1""]"
6a462b9b6ebc018a,2024,401677083,Ohio,attribution_only,dip_restore,0.0,corroborated,admitted,cfbd_drives_5a,"[""2024:401677083:7:6"", ""2024:401677083:8:1""]"
6a51e1db1d3c6954,2025,401754530,California,attribution_only,dip_restore,0.0,game_unusable,reverted_unverified,cfbd_drives_5a,"[""2025:401754530:1:1"", ""2025:401754530:4:5"", ""2025:401754530:5:4""]"
6a61da2c9f130075,2025,401754622,Georgia Tech,attribution_only,dip_restore,0.0,game_unusable,reverted_unverified,cfbd_drives_5a,"[""2025:401754622:15:12"", ""2025:401754622:17:5""]"
6a6503309dbc8095,2016,400903226,Utah,attribution_only,dip_restore,0.0,game_unusable,reverted_unverified,cfbd_drives_5a,"[""2016:400903226:4:1"", ""2016:400903226:5:2""]"
6a66f7af176d803d,2022,401403927,Auburn,attribution_only,dip_restore,0.0,corroborated,admitted,cfbd_drives_5a,"[""2022:401403927:22:8"", ""2022:401403927:23:1""]"
6a78272ae8d60b5b,2023,401551770,Maryland,attribution_only,dip_restore,0.0,corroborated,admitted,cfbd_drives_5a,"[""2023:401551770:13:4"", ""2023:401551770:14:1""]"
6a82dd66054659c9,2016,400869633,Rutgers,attribution_only,dip_restore,0.0,game_unusable,reverted_unverified,cfbd_drives_5a,"[""2016:400869633:27:16"", ""2016:400869633:28:1""]"
6aa3a14dfb27eb82,2025,401760370,Hawai_i,attribution_only,dip_restore,0.0,corroborated,admitted,cfbd_drives_5a,"[""2025:401760370:4:13"", ""2025:401760370:5:1""]"
6ac39128fa27b61f,2016,400869820,New Mexico State,attribution_only,dip_restore,0.0,game_unusable,reverted_unverified,cfbd_drives_5a,"[""2016:400869820:28:4"", ""2016:400869820:28:7"", ""2016:400869820:29:1""]"
6ac9f8d8e778eb4e,2023,401531902,Louisiana,attribution_only,dip_restore,0.0,corroborated,admitted,cfbd_drives_5a,"[""2023:401531902:13:10"", ""2023:401531902:14:1"", ""2023:401531902:15:7"", ""2023:401531902:16:1"", ""2023:401531902:16:7"", ""2023:401531902:17:1""]"
6af25fd1eaf423c0,2025,401752791,Vanderbilt,attribution_only,restoration_gt8,0.0,game_unusable,reverted_unverified,cfbd_drives_5a,"[""2025:401752791:2:11"", ""2025:401752791:4:6"", ""2025:401752791:4:9""]"
6b034559cbd467af,2022,401404165,Liberty,attribution_only,dip_restore,0.0,game_unusable,reverted_unverified,cfbd_drives_5a,"[""2022:401404165:10:2"", ""2022:401404165:13:11""]"
6b0d60f265689d50,2025,401757303,Middle Tennessee,attribution_only,dip_restore,0.0,game_unusable,reverted_unverified,cfbd_drives_5a,"[""2025:401757303:18:6"", ""2025:401757303:19:11"", ""2025:401757303:20:1"", ""2025:401757303:21:1"", ""2025:401757303:21:2"", ""2025:401757303:21:3"", ""2025:401757303:21:4"", ""2025:401757303:21:5"", ""2025:401757303:21:6"", ""2025:401757303:21:7"", ""2025:401757303:22:1"", ""2025:401757303:22:2"", ""2025:401757303:22:4"", ""2025:401757303:22:5"", ""2025:401757303:22:6"", ""2025:401757303:23:1"", ""2025:401757303:23:2"", ""2025:401757303:23:3"", ""2025:401757303:23:4"", ""2025:401757303:23:5"", ""2025:401757303:23:6"", ""2025:401757303:23:7"", ""2025:401757303:23:8"", ""2025:401757303:23:9"", ""2025:401757303:24:1""]"
6b35aca070d1569f,2024,401635623,Miami,attribution_only,dip_restore,0.0,game_unusable,reverted_unverified,cfbd_drives_5a,"[""2024:401635623:2:1"", ""2024:401635623:3:7""]"
6b541f3844c6fe8b,2021,401282178,Bethune-Cookman,attribution_only,dip_restore,0.0,game_unusable,reverted_unverified,cfbd_drives_5a,"[""2021:401282178:14:1"", ""2021:401282178:15:1""]"
6b5fff05807bee7f,2022,401405119,Ohio State,attribution_only,dip_restore,0.0,corroborated,admitted,cfbd_drives_5a,"[""2022:401405119:7:5"", ""2022:401405119:8:1""]"
6ba378e5dc46bf60,2022,401426611,UT San Antonio,attribution_only,dip_restore,0.0,corroborated,admitted,cfbd_drives_5a,"[""2022:401426611:13:6"", ""2022:401426611:14:2""]"
6bad7ee73a58eb94,2023,401525832,TCU,attribution_only,dip_restore,0.0,game_unusable,reverted_unverified,cfbd_drives_5a,"[""2023:401525832:23:1"", ""2023:401525832:24:1"", ""2023:401525832:25:4"", ""2023:401525832:26:1"", ""2023:401525832:29:1"", ""2023:401525832:30:1""]"
6bbbd150a82d0958,2021,401282140,Mississippi State,attribution_only,dip_restore,0.0,corroborated,admitted,cfbd_drives_5a,"[""2021:401282140:6:6"", ""2021:401282140:7:1""]"
6bccce4187828324,2015,400756888,Boise State,attribution_only,dip_restore,0.0,corroborated,admitted,cfbd_drives_5a,"[""2015:400756888:5:14"", ""2015:400756888:6:1""]"
6bd0314b3ffd5e6f,2021,401301003,Memphis,attribution_only,dip_restore,0.0,corroborated,admitted,cfbd_drives_5a,"[""2021:401301003:3:14"", ""2021:401301003:4:1""]"
6c069f3027c423cd,2019,401112239,Colorado,attribution_only,dip_restore,0.0,game_unusable,reverted_unverified,cfbd_drives_5a,"[""2019:401112239:28:1"", ""2019:401112239:29:6""]"
6c78549208b390a4,2017,400941853,Tulsa,attribution_only,dip_restore,0.0,game_unusable,reverted_unverified,cfbd_drives_5a,"[""2017:400941853:26:5"", ""2017:400941853:27:1""]"
6c840397852901be,2017,400935359,Indiana,attribution_only,dip_restore,0.0,game_unusable,reverted_unverified,cfbd_drives_5a,"[""2017:400935359:4:12"", ""2017:400935359:5:1""]"
6c9641c129b1b51a,2016,400869342,Indiana,attribution_only,dip_restore,0.0,game_unusable,reverted_unverified,cfbd_drives_5a,"[""2016:400869342:8:2"", ""2016:400869342:9:1""]"
6c9cfef878030341,2022,401404031,Washington,attribution_only,dip_restore,0.0,corroborated,admitted,cfbd_drives_5a,"[""2022:401404031:19:22"", ""2022:401404031:20:1""]"
6cd47f11a1dff8db,2022,401411103,North Carolina,attribution_only,dip_restore,0.0,game_unusable,reverted_unverified,cfbd_drives_5a,"[""2022:401411103:1:8"", ""2022:401411103:2:1"", ""2022:401411103:6:9""]"
6cd5f2ef2f52e221,2024,401635533,Northwestern,attribution_only,dip_restore,0.0,corroborated,admitted,cfbd_drives_5a,"[""2024:401635533:1:7"", ""2024:401635533:2:1""]"
6ce51a54aca50e43,2021,401282662,Army,attribution_only,dip_restore,0.0,corroborated,admitted,cfbd_drives_5a,"[""2021:401282662:22:5"", ""2021:401282662:23:1""]"
6cf60451f745fe23,2023,401525824,Rice,attribution_only,dip_restore,0.0,game_unusable,reverted_unverified,cfbd_drives_5a,"[""2023:401525824:22:1"", ""2023:401525824:23:1""]"
6d0c156f35d493fa,2023,401532426,Eastern Michigan,points_recovery,dip_restore,3.0,game_unusable,reverted_unverified,cfbd_drives_5a,"[""2023:401532426:1:1""]"
6d19c150f5044ab3,2015,400757023,Stanford,attribution_only,dip_restore,0.0,corroborated,admitted,cfbd_drives_5a,"[""2015:400757023:10:1"", ""2015:400757023:9:5""]"
6d39f115a5e61fa5,2021,401309614,Coastal Carolina,attribution_only,dip_restore,0.0,corroborated,admitted,cfbd_drives_5a,"[""2021:401309614:8:9"", ""2021:401309614:9:1""]"
6d4a12459f5efb00,2022,401405115,Michigan,attribution_only,dip_restore,0.0,game_unusable,reverted_unverified,cfbd_drives_5a,"[""2022:401405115:1:12"", ""2022:401405115:2:3""]"
6d57e15c87193ec8,2025,401762508,Memphis,attribution_only,dip_restore,0.0,game_unusable,reverted_unverified,cfbd_drives_5a,"[""2025:401762508:14:11"", ""2025:401762508:22:8""]"
6d5cfa3f95346adc,2025,401756945,BYU,attribution_only,category_possession_reassignment,0.0,game_unusable,reverted_unverified,cfbd_drives_5a,"[""2025:401756945:19:9"", ""2025:401756945:20:1""]"
6d5dcd18c7986f6c,2024,401635620,Boston College,attribution_only,dip_restore,0.0,game_unusable,reverted_unverified,cfbd_drives_5a,"[""2024:401635620:3:3"", ""2024:401635620:5:3""]"
6dbc9d465241ccbc,2023,401520273,UTEP,attribution_only,dip_restore,0.0,game_unusable,reverted_unverified,cfbd_drives_5a,"[""2023:401520273:14:1"", ""2023:401520273:16:10"", ""2023:401520273:18:1"", ""2023:401520273:19:8"", ""2023:401520273:7:11"", ""2023:401520273:9:1""]"
6dcec82850aa88d1,2021,401287938,Baylor,attribution_only,dip_restore,0.0,game_unusable,reverted_unverified,cfbd_drives_5a,"[""2021:401287938:10:7"", ""2021:401287938:11:3"", ""2021:401287938:12:7"", ""2021:401287938:17:7"", ""2021:401287938:18:4"", ""2021:401287938:19:17"", ""2021:401287938:19:5"", ""2021:401287938:22:10"", ""2021:401287938:22:5"", ""2021:401287938:8:18"", ""2021:401287938:9:10"", ""2021:401287938:9:12""]"
6dd100d445c1decc,2024,401643704,Idaho State,attribution_only,dip_restore,0.0,game_unusable,reverted_unverified,cfbd_drives_5a,"[""2024:401643704:6:4"", ""2024:401643704:7:2""]"
6de7d6b7d18f5fff,2023,401531905,Appalachian State,attribution_only,dip_restore,0.0,game_unusable,reverted_unverified,cfbd_drives_5a,"[""2023:401531905:6:10"", ""2023:401531905:7:1""]"
6df71296ec1a39c3,2022,401426559,Louisiana,points_recovery,incomplete_stream,14.0,game_unusable,reverted_unverified,cfbd_drives_5a,"[""2022:401426559:11:2"", ""2022:401426559:13:12"", ""2022:401426559:1:9"", ""2022:401426559:6:1"", ""2022:401426559:7:1"", ""2022:401426559:9:3""]"
6e0f594157ca13b6,2024,401628455,Ohio State,attribution_only,dip_restore,0.0,corroborated,admitted,cfbd_drives_5a,"[""2024:401628455:10:1"", ""2024:401628455:9:11""]"
6e25c99d4ab52a0e,2022,401403863,South Carolina,attribution_only,dip_restore,0.0,game_unusable,reverted_unverified,cfbd_drives_5a,"[""2022:401403863:6:12"", ""2022:401403863:7:1""]"
6e2ceb6da33323af,2021,401282771,Michigan State,attribution_only,dip_restore,0.0,corroborated,admitted,cfbd_drives_5a,"[""2021:401282771:10:1"", ""2021:401282771:9:15""]"
6e430d0f7945e459,2025,401756936,UCF,attribution_only,dip_restore,0.0,game_unusable,reverted_unverified,cfbd_drives_5a,"[""2025:401756936:11:8"", ""2025:401756936:12:5""]"
6e4465a75518823a,2018,401013049,Kansas,attribution_only,dip_restore,0.0,corroborated,admitted,cfbd_drives_5a,"[""2018:401013049:17:8"", ""2018:401013049:18:1""]"
6e482dc465d63063,2021,401282121,Arkansas,points_recovery,other,2.0,game_unusable,reverted_unverified,cfbd_drives_5a,"[""2021:401282121:19:13""]"
6e6a0340e3c1bdf9,2022,401411091,Florida A&M,attribution_only,dip_restore,0.0,game_unusable,reverted_unverified,cfbd_drives_5a,"[""2022:401411091:17:6"", ""2022:401411091:18:1""]"
6e74f04b9a6ada55,2021,401287899,Tulsa,points_recovery,incomplete_stream,6.0,game_unusable,reverted_unverified,cfbd_drives_5a,"[""2021:401287899:21:2""]"
6e87bde218b8604c,2019,401112489,Virginia Tech,points_reduction,incomplete_stream,-1.0,game_unusable,reverted_unverified,cfbd_drives_5a,"[""2019:401112489:32:4"", ""2019:401112489:36:1""]"
6e9606679cd5f070,2023,401539481,Toledo,attribution_only,dip_restore,0.0,corroborated,admitted,cfbd_drives_5a,"[""2023:401539481:12:13"", ""2023:401539481:13:1"", ""2023:401539481:16:6"", ""2023:401539481:17:1""]"
6e9abda084c475e9,2025,401752696,Alabama,attribution_only,dip_restore,0.0,game_unusable,reverted_unverified,cfbd_drives_5a,"[""2025:401752696:10:2"", ""2025:401752696:11:1""]"
6eac49b13ce14393,2017,400959397,Washington State,attribution_only,dip_restore,0.0,corroborated,admitted,cfbd_drives_5a,"[""2017:400959397:15:9"", ""2017:400959397:16:1""]"
6ec95fcb323b595e,2023,401525824,Texas,points_reduction,restoration_gt8,-3.0,game_unusable,reverted_unverified,cfbd_drives_5a,"[""2023:401525824:10:2"", ""2023:401525824:11:2"", ""2023:401525824:12:2"", ""2023:401525824:13:5""]"
6ed66b4103812fd7,2023,401532446,Central Michigan,attribution_only,dip_restore,0.0,corroborated,admitted,cfbd_drives_5a,"[""2023:401532446:16:12"", ""2023:401532446:17:1""]"
6ed796d15486609d,2018,401013365,UMass,points_recovery,incomplete_stream,24.0,game_unusable,reverted_unverified,cfbd_drives_5a,"[""2018:401013365:11:3"", ""2018:401013365:14:10"", ""2018:401013365:19:6"", ""2018:401013365:27:16"", ""2018:401013365:29:12"", ""2018:401013365:31:1""]"
6ee6e72870d23f0a,2023,401520432,Kentucky,attribution_only,dip_restore,0.0,game_unusable,reverted_unverified,cfbd_drives_5a,"[""2023:401520432:11:2"", ""2023:401520432:12:3""]"
6f615ae752de6783,2019,401114165,Arizona,attribution_only,dip_restore,0.0,game_unusable,reverted_unverified,cfbd_drives_5a,"[""2019:401114165:12:6"", ""2019:401114165:13:1""]"
6f96e66c45adedcd,2022,401415619,Cincinnati,points_recovery,dip_restore,21.0,game_unusable,reverted_unverified,cfbd_drives_5a,"[""2022:401415619:17:3"", ""2022:401415619:17:5"", ""2022:401415619:17:6""]"
6fa9f0f7b27d25d7,2022,401403964,Tennessee,attribution_only,dip_restore,0.0,corroborated,admitted,cfbd_drives_5a,"[""2022:401403964:18:7"", ""2022:401403964:19:1""]"
6fd3751a4db57eee,2025,401752763,Missouri,attribution_only,dip_restore,0.0,game_unusable,reverted_unverified,cfbd_drives_5a,"[""2025:401752763:19:10"", ""2025:401752763:19:3""]"
6fff79b9bd47bc7b,2018,401013151,Florida State,attribution_only,dip_restore,0.0,corroborated,admitted,cfbd_drives_5a,"[""2018:401013151:21:5"", ""2018:401013151:22:1""]"
70275b74834941f5,2022,401411092,Pittsburgh,attribution_only,dip_restore,0.0,game_unusable,reverted_unverified,cfbd_drives_5a,"[""2022:401411092:16:4"", ""2022:401411092:17:1""]"
7030d4d53bf183fc,2025,401760357,San Diego State,attribution_only,dip_restore,0.0,game_unusable,reverted_unverified,cfbd_drives_5a,"[""2025:401760357:18:6"", ""2025:401760357:19:1""]"
7033f24efcb75792,2025,401760390,Nevada,attribution_only,dip_restore,0.0,game_unusable,reverted_unverified,cfbd_drives_5a,"[""2025:401760390:21:11"", ""2025:401760390:22:1""]"
7043c61d45588912,2025,401752854,Penn State,points_recovery,incomplete_stream,24.0,game_unusable,reverted_unverified,cfbd_drives_5a,"[""2025:401752854:14:9"", ""2025:401752854:16:34"", ""2025:401752854:18:3"", ""2025:401752854:4:20""]"
7065c0420bc4111f,2025,401760365,Sacramento State,attribution_only,dip_restore,0.0,game_unusable,reverted_unverified,cfbd_drives_5a,"[""2025:401760365:1:9"", ""2025:401760365:2:1""]"
706b7cec7f8b741e,2023,401520167,North Carolina,attribution_only,dip_restore,0.0,game_unusable,reverted_unverified,cfbd_drives_5a,"[""2023:401520167:7:6"", ""2023:401520167:8:1""]"
707602ddc2e92cb6,2025,401752678,Texas A&M,attribution_only,dip_restore,0.0,game_unusable,reverted_unverified,cfbd_drives_5a,"[""2025:401752678:6:10"", ""2025:401752678:7:1""]"
7084f5502d7e8720,2018,401032061,Toledo,attribution_only,dip_restore,0.0,game_unusable,reverted_unverified,cfbd_drives_5a,"[""2018:401032061:1:3"", ""2018:401032061:2:1""]"
708671ac869a2c4f,2021,401287912,Iowa State,attribution_only,dip_restore,0.0,corroborated,admitted,cfbd_drives_5a,"[""2021:401287912:12:7"", ""2021:401287912:13:1""]"
70abf31b1d623468,2015,400787458,Texas State,attribution_only,dip_restore,0.0,game_unusable,reverted_unverified,cfbd_drives_5a,"[""2015:400787458:11:14"", ""2015:400787458:13:1""]"
70feec1025130ae2,2017,400938652,UTEP,attribution_only,dip_restore,0.0,corroborated,admitted,cfbd_drives_5a,"[""2017:400938652:17:16"", ""2017:400938652:18:1""]"
71050406cd3263d8,2022,401404127,BYU,attribution_only,dip_restore,0.0,game_unusable,reverted_unverified,cfbd_drives_5a,"[""2022:401404127:10:12"", ""2022:401404127:5:7"", ""2022:401404127:6:1""]"
71342b1b3d75468a,2024,401628514,Minnesota,attribution_only,dip_restore,0.0,corroborated,admitted,cfbd_drives_5a,"[""2024:401628514:14:7"", ""2024:401628514:15:1""]"
714395db4ef1b534,2024,401645377,Charlotte,attribution_only,dip_restore,0.0,corroborated,admitted,cfbd_drives_5a,"[""2024:401645377:23:4"", ""2024:401645377:24:1""]"
71497c14b4046eed,2021,401309884,Oregon,attribution_only,category_possession_reassignment,0.0,game_unusable,reverted_unverified,cfbd_drives_5a,"[""2021:401309884:11:6"", ""2021:401309884:12:1""]"
715533b8bfe57495,2016,400869101,USC,attribution_only,dip_restore,0.0,corroborated,admitted,cfbd_drives_5a,"[""2016:400869101:7:13"", ""2016:400869101:8:1""]"
71b354116b5be018,2025,401752820,Wisconsin,attribution_only,dip_restore,0.0,game_unusable,reverted_unverified,cfbd_drives_5a,"[""2025:401752820:4:16"", ""2025:401752820:6:10""]"
71d7a25facc6234a,2025,401778302,Washington,attribution_only,category_possession_reassignment,0.0,game_unusable,reverted_unverified,cfbd_drives_5a,"[""2025:401778302:12:3"", ""2025:401778302:15:8""]"
71dc7c37c310a6bb,2025,401757264,Marshall,attribution_only,dip_restore,0.0,game_unusable,reverted_unverified,cfbd_drives_5a,"[""2025:401757264:5:4"", ""2025:401757264:6:2""]"
71f3b5dc80915f21,2015,400603832,Kentucky,attribution_only,other,0.0,game_unusable,reverted_unverified,cfbd_drives_5a,"[""2015:400603832:18:7"", ""2015:400603832:26:10""]"
72273588ff80a9b2,2018,401015008,Old Dominion,attribution_only,dip_restore,0.0,game_unusable,reverted_unverified,cfbd_drives_5a,"[""2018:401015008:15:12"", ""2018:401015008:16:1""]"
722950b3afce0f1c,2022,401421117,Nicholls,points_recovery,incomplete_stream,7.0,game_unusable,reverted_unverified,cfbd_drives_5a,"[""2022:401421117:5:1""]"
72508e40631a7f02,2021,401309605,Arkansas State,attribution_only,dip_restore,0.0,corroborated,admitted,cfbd_drives_5a,"[""2021:401309605:21:5"", ""2021:401309605:22:1""]"
725732d3cf78ae79,2022,401426573,Charlotte,attribution_only,dip_restore,0.0,corroborated,admitted,cfbd_drives_5a,"[""2022:401426573:12:2"", ""2022:401426573:13:1""]"
72764f313be62531,2015,400763548,Penn State,attribution_only,dip_restore,0.0,corroborated,admitted,cfbd_drives_5a,"[""2015:400763548:20:8"", ""2015:400763548:21:1""]"
72a86d1df8c8da4e,2023,401525827,Boise State,points_recovery,incomplete_stream,6.0,game_unusable,reverted_unverified,cfbd_drives_5a,"[""2023:401525827:14:6"", ""2023:401525827:18:14"", ""2023:401525827:19:2"", ""2023:401525827:20:4""]"
72bc13a931186ac1,2024,401640999,Eastern Michigan,attribution_only,dip_restore,0.0,corroborated,admitted,cfbd_drives_5a,"[""2024:401640999:2:12"", ""2024:401640999:3:1""]"
72ede449aba2879c,2025,401769074,Indiana,points_recovery,incomplete_stream,35.0,game_unusable,reverted_unverified,cfbd_drives_5a,"[""2025:401769074:11:10"", ""2025:401769074:13:13"", ""2025:401769074:19:4"", ""2025:401769074:21:5"", ""2025:401769074:9:4""]"
72fdc981d474dafb,2019,401114268,Rice,attribution_only,dip_restore,0.0,game_unusable,reverted_unverified,cfbd_drives_5a,"[""2019:401114268:24:3"", ""2019:401114268:24:9""]"
731969e5ae68a60f,2023,401532433,Central Michigan,attribution_only,dip_restore,0.0,game_unusable,reverted_unverified,cfbd_drives_5a,"[""2023:401532433:16:7"", ""2023:401532433:17:1""]"
7328618c6bcb49f4,2017,400935314,California,attribution_only,category_possession_reassignment,0.0,game_unusable,reverted_unverified,cfbd_drives_5a,"[""2017:400935314:4:11"", ""2017:400935314:5:7""]"
732a28095cd6469e,2016,400868953,Miami,attribution_only,dip_restore,0.0,corroborated,admitted,cfbd_drives_5a,"[""2016:400868953:16:15"", ""2016:400868953:17:1""]"
7342cedf0ac25b67,2024,401635623,Miami,attribution_only,final_cap,0.0,game_unusable,reverted_unverified,cfbd_drives_5a,"[""2024:401635623:20:1""]"
734b1db1aecfd2e8,2018,401013438,Utah State,attribution_only,dip_restore,0.0,game_unusable,reverted_unverified,cfbd_drives_5a,"[""2018:401013438:8:9"", ""2018:401013438:9:1""]"
734e55c133f3460d,2023,401532409,Ball State,points_reduction,category_possession_reassignment,-7.0,game_unusable,reverted_unverified,cfbd_drives_5a,"[""2023:401532409:13:10""]"
73620edd6dfa9a1f,2016,400869420,North Texas,attribution_only,restoration_gt8,0.0,game_unusable,reverted_unverified,cfbd_drives_5a,"[""2016:400869420:11:1"", ""2016:400869420:9:1""]"
738351f1b1ad04e6,2025,401752924,Indiana,attribution_only,dip_restore,0.0,corroborated,admitted,cfbd_drives_5a,"[""2025:401752924:20:1"", ""2025:401752924:21:1""]"
738dae1a913c183c,2024,401645318,Tulsa,attribution_only,dip_restore,0.0,game_unusable,reverted_unverified,cfbd_drives_5a,"[""2024:401645318:21:2"", ""2024:401645318:22:11""]"
739401c84b204af7,2024,401644769,Kent State,attribution_only,dip_restore,0.0,corroborated,admitted,cfbd_drives_5a,"[""2024:401644769:22:4"", ""2024:401644769:23:1""]"
73a788f72b2f24d1,2015,400756929,Purdue,attribution_only,dip_restore,0.0,corroborated,admitted,cfbd_drives_5a,"[""2015:400756929:4:11"", ""2015:400756929:5:1""]"
73ab2707cfe18158,2019,401119273,Central Michigan,attribution_only,dip_restore,0.0,game_unusable,reverted_unverified,cfbd_drives_5a,"[""2019:401119273:20:3"", ""2019:401119273:21:1""]"
73ae662a7e294d7b,2021,401282783,Michigan State,attribution_only,restoration_gt8,0.0,corroborated,admitted,cfbd_drives_5a,"[""2021:401282783:1:3"", ""2021:401282783:2:1""]"
73b3963f85ec8e2f,2025,401778315,UT San Antonio,attribution_only,dip_restore,0.0,indistinguishable_at_drive_level,reverted_unverified,cfbd_drives_5a,"[""2025:401778315:17:12"", ""2025:401778315:17:6""]"
73dbe497aeb28c9a,2022,401404062,BYU,attribution_only,dip_restore,0.0,corroborated,admitted,cfbd_drives_5a,"[""2022:401404062:11:10"", ""2022:401404062:12:1""]"
73e8cd17d019b4f7,2024,401628543,Oregon,attribution_only,dip_restore,0.0,corroborated,admitted,cfbd_drives_5a,"[""2024:401628543:4:15"", ""2024:401628543:5:1""]"
73e93fddfdf9eb49,2022,401416594,Western Michigan,points_recovery,incomplete_stream,8.0,game_unusable,reverted_unverified,cfbd_drives_5a,"[""2022:401416594:23:1""]"
73e9a181f7726788,2018,401032070,Duke,attribution_only,dip_restore,0.0,corroborated,admitted,cfbd_drives_5a,"[""2018:401032070:23:7"", ""2018:401032070:24:1""]"
7416779f8b895f66,2024,401643816,Appalachian State,attribution_only,dip_restore,0.0,corroborated,admitted,cfbd_drives_5a,"[""2024:401643816:6:10"", ""2024:401643816:7:1""]"
743180417a508412,2015,400763589,Southern,attribution_only,dip_restore,0.0,game_unusable,reverted_unverified,cfbd_drives_5a,"[""2015:400763589:8:1"", ""2015:400763589:9:5""]"
7452c1f2f09b821c,2023,401520366,Louisiana Tech,attribution_only,dip_restore,0.0,corroborated,admitted,cfbd_drives_5a,"[""2023:401520366:16:5"", ""2023:401520366:17:1""]"
74620bfcfe1e10cd,2022,401404165,Virginia Tech,points_recovery,other,2.0,game_unusable,reverted_unverified,cfbd_drives_5a,"[""2022:401404165:22:13""]"
746ba788423ecc84,2023,401525516,Virginia Tech,attribution_only,dip_restore,0.0,game_unusable,reverted_unverified,cfbd_drives_5a,"[""2023:401525516:12:12"", ""2023:401525516:16:3"", ""2023:401525516:17:1""]"
7475912f12a124e4,2021,401308841,Miami (OH),attribution_only,dip_restore,0.0,corroborated,admitted,cfbd_drives_5a,"[""2021:401308841:12:1"", ""2021:401308841:13:1""]"
747ddb60ce833ec7,2025,401756926,Cincinnati,points_recovery,incomplete_stream,42.0,game_unusable,reverted_unverified,cfbd_drives_5a,"[""2025:401756926:14:13"", ""2025:401756926:15:15"", ""2025:401756926:17:2"", ""2025:401756926:4:11"", ""2025:401756926:5:2"", ""2025:401756926:6:9"", ""2025:401756926:8:12""]"
74829f17d798fdc4,2024,401635575,Pittsburgh,attribution_only,dip_restore,0.0,game_unusable,reverted_unverified,cfbd_drives_5a,"[""2024:401635575:3:12"", ""2024:401635575:4:2""]"
7484e0dce33c16b9,2024,401628482,Nebraska,attribution_only,dip_restore,0.0,corroborated,admitted,cfbd_drives_5a,"[""2024:401628482:1:9"", ""2024:401628482:2:1""]"
749e427df3967375,2025,401752725,Vanderbilt,attribution_only,dip_restore,0.0,corroborated,admitted,cfbd_drives_5a,"[""2025:401752725:6:9"", ""2025:401752725:7:1""]"
74adc63b26ee71e7,2025,401762491,North Texas,attribution_only,dip_restore,0.0,corroborated,admitted,cfbd_drives_5a,"[""2025:401762491:20:5"", ""2025:401762491:21:1""]"
74b83364a45fe176,2021,401282121,Mississippi State,attribution_only,other,0.0,game_unusable,reverted_unverified,cfbd_drives_5a,"[""2021:401282121:16:8"", ""2021:401282121:18:12""]"
74cda38ab2ad04be,2016,400869054,Kentucky,attribution_only,dip_restore,0.0,game_unusable,reverted_unverified,cfbd_drives_5a,"[""2016:400869054:27:2"", ""2016:400869054:29:1""]"
74da02f17448780b,2023,401523998,Arizona State,attribution_only,dip_restore,0.0,corroborated,admitted,cfbd_drives_5a,"[""2023:401523998:8:5"", ""2023:401523998:9:1""]"
74df0dab679157e9,2022,401426535,Charlotte,points_recovery,incomplete_stream,24.0,game_unusable,reverted_unverified,cfbd_drives_5a,"[""2022:401426535:10:1"", ""2022:401426535:15:1"", ""2022:401426535:1:1"", ""2022:401426535:1:10"", ""2022:401426535:1:5"", ""2022:401426535:3:2"", ""2022:401426535:4:2"", ""2022:401426535:8:3"", ""2022:401426535:9:2""]"
74ef1dd2823a960f,2021,401287899,Oklahoma State,points_recovery,incomplete_stream,7.0,game_unusable,reverted_unverified,cfbd_drives_5a,"[""2021:401287899:21:2""]"
7524dd511d9eaf0a,2025,401756853,Iowa State,attribution_only,dip_restore,0.0,corroborated,admitted,cfbd_drives_5a,"[""2025:401756853:11:4"", ""2025:401756853:12:1""]"
752aba1ef39ca96b,2019,401112154,Michigan State,attribution_only,dip_restore,0.0,game_unusable,reverted_unverified,cfbd_drives_5a,"[""2019:401112154:2:10"", ""2019:401112154:3:1"", ""2019:401112154:4:5"", ""2019:401112154:5:1""]"
753c33c62ebbbc8f,2021,401309560,Akron,points_recovery,incomplete_stream,16.0,game_unusable,reverted_unverified,cfbd_drives_5a,"[""2021:401309560:10:1"", ""2021:401309560:11:1"", ""2021:401309560:12:1"", ""2021:401309560:13:1"", ""2021:401309560:14:1"", ""2021:401309560:1:10"", ""2021:401309560:1:12"", ""2021:401309560:8:2"", ""2021:401309560:9:1""]"
7543f0ca70c2785c,2018,401022510,Hawai_i,attribution_only,dip_restore,0.0,corroborated,admitted,cfbd_drives_5a,"[""2018:401022510:5:12"", ""2018:401022510:6:1""]"
75531db83e8989f0,2025,401752840,California,points_recovery,restoration_gt8,3.0,game_unusable,reverted_unverified,cfbd_drives_5a,"[""2025:401752840:12:7""]"
7575106fcc6c3ed6,2018,401019511,Connecticut,attribution_only,dip_restore,0.0,game_unusable,reverted_unverified,cfbd_drives_5a,"[""2018:401019511:18:7"", ""2018:401019511:3:5""]"
75764f78e1c41e58,2025,401756962,Houston,attribution_only,dip_restore,0.0,game_unusable,reverted_unverified,cfbd_drives_5a,"[""2025:401756962:12:4"", ""2025:401756962:14:6""]"
758418e4c03946af,2025,401752918,Minnesota,attribution_only,dip_restore,0.0,game_unusable,reverted_unverified,cfbd_drives_5a,"[""2025:401752918:6:1"", ""2025:401752918:7:7""]"
758644c132c84aa3,2025,401760396,Utah State,attribution_only,final_cap,0.0,game_unusable,reverted_unverified,cfbd_drives_5a,"[""2025:401760396:22:1"", ""2025:401760396:22:10"", ""2025:401760396:22:11"", ""2025:401760396:22:12"", ""2025:401760396:22:13"", ""2025:401760396:22:2"", ""2025:401760396:22:3"", ""2025:401760396:22:4"", ""2025:401760396:22:5"", ""2025:401760396:22:6"", ""2025:401760396:22:7"", ""2025:401760396:22:8"", ""2025:401760396:22:9""]"
758f59b3a05d3929,2021,401282211,UAB,attribution_only,dip_restore,0.0,corroborated,admitted,cfbd_drives_5a,"[""2021:401282211:5:1"", ""2021:401282211:6:1""]"
75a4f1285d718ff7,2019,401112117,Texas Tech,attribution_only,dip_restore,0.0,game_unusable,reverted_unverified,cfbd_drives_5a,"[""2019:401112117:13:3"", ""2019:401112117:16:6""]"
75d2c19f19aefcfa,2018,401014998,Rice,points_recovery,incomplete_stream,22.0,game_unusable,reverted_unverified,cfbd_drives_5a,"[""2018:401014998:10:15"", ""2018:401014998:22:10"", ""2018:401014998:3:5"", ""2018:401014998:6:4""]"
75e2ca6ad4991fe8,2016,400869315,Ohio,attribution_only,dip_restore,0.0,corroborated,admitted,cfbd_drives_5a,"[""2016:400869315:10:1"", ""2016:400869315:9:14""]"
75e6514dbd9c8982,2022,401416653,Buffalo,points_recovery,incomplete_stream,10.0,game_unusable,reverted_unverified,cfbd_drives_5a,"[""2022:401416653:14:1"", ""2022:401416653:3:17"", ""2022:401416653:4:1"", ""2022:401416653:5:1"", ""2022:401416653:6:9"", ""2022:401416653:8:1"", ""2022:401416653:9:1""]"
760959f1d4b40d3a,2017,400935262,Colorado,attribution_only,dip_restore,0.0,corroborated,admitted,cfbd_drives_5a,"[""2017:400935262:22:7"", ""2017:400935262:23:1""]"
762c763a3ba21ab9,2021,401286306,UMass,attribution_only,dip_restore,0.0,corroborated,admitted,cfbd_drives_5a,"[""2021:401286306:12:5"", ""2021:401286306:13:1""]"
763771cd2a0e58a2,2024,401644739,Eastern Michigan,attribution_only,dip_restore,0.0,indistinguishable_at_drive_level,reverted_unverified,cfbd_drives_5a,"[""2024:401644739:25:2"", ""2024:401644739:25:4""]"
7638c0e7dbb8ea4e,2016,400869633,Rutgers,attribution_only,dip_restore,0.0,game_unusable,reverted_unverified,cfbd_drives_5a,"[""2016:400869633:2:1"", ""2016:400869633:4:1""]"
76871069bfc233d1,2024,401644766,Northern Illinois,attribution_only,dip_restore,0.0,corroborated,admitted,cfbd_drives_5a,"[""2024:401644766:11:8"", ""2024:401644766:12:1""]"
76a357057a57f0bd,2021,401282241,Western Kentucky,attribution_only,dip_restore,0.0,corroborated,admitted,cfbd_drives_5a,"[""2021:401282241:2:7"", ""2021:401282241:3:1""]"
76ac56c56ba1b943,2016,400869123,Boise State,attribution_only,dip_restore,0.0,game_unusable,reverted_unverified,cfbd_drives_5a,"[""2016:400869123:27:2"", ""2016:400869123:29:1""]"
76bb9ae8524960e9,2024,401636938,Colorado,attribution_only,dip_restore,0.0,corroborated,admitted,cfbd_drives_5a,"[""2024:401636938:26:2"", ""2024:401636938:27:1""]"
76bf68cadf7360c9,2017,400935402,Rutgers,attribution_only,dip_restore,0.0,game_unusable,reverted_unverified,cfbd_drives_5a,"[""2017:400935402:10:1"", ""2017:400935402:8:8""]"
76dbfb575fadd7bb,2019,401121943,Appalachian State,attribution_only,dip_restore,0.0,corroborated,admitted,cfbd_drives_5a,"[""2019:401121943:10:5"", ""2019:401121943:11:1""]"
76ec407b409e19be,2025,401762500,UT San Antonio,attribution_only,dip_restore,0.0,game_unusable,reverted_unverified,cfbd_drives_5a,"[""2025:401762500:4:1"", ""2025:401762500:4:7""]"
76efa9ce6e8bb6b2,2022,401403864,Tennessee,attribution_only,dip_restore,0.0,corroborated,admitted,cfbd_drives_5a,"[""2022:401403864:19:17"", ""2022:401403864:20:1""]"
76f2e385d5fae371,2024,401628572,Washington State,attribution_only,dip_restore,0.0,corroborated,admitted,cfbd_drives_5a,"[""2024:401628572:7:16"", ""2024:401628572:8:1""]"
76f7cd60f24d088a,2021,401309886,Arizona,attribution_only,dip_restore,0.0,corroborated,admitted,cfbd_drives_5a,"[""2021:401309886:20:13"", ""2021:401309886:21:1""]"
7730f0c431829623,2022,401416653,Kent State,points_recovery,incomplete_stream,21.0,game_unusable,reverted_unverified,cfbd_drives_5a,"[""2022:401416653:11:1"", ""2022:401416653:20:11"", ""2022:401416653:23:10"", ""2022:401416653:3:14"", ""2022:401416653:3:3"", ""2022:401416653:4:1"", ""2022:401416653:9:3""]"
77315373f0351dd3,2024,401628509,Wisconsin,attribution_only,dip_restore,0.0,corroborated,admitted,cfbd_drives_5a,"[""2024:401628509:13:12"", ""2024:401628509:14:1""]"
773724d178983702,2024,401641033,Fresno State,attribution_only,dip_restore,0.0,corroborated,admitted,cfbd_drives_5a,"[""2024:401641033:24:8"", ""2024:401641033:25:1""]"
778ac81b3a262479,2016,400869244,Wyoming,attribution_only,dip_restore,0.0,game_unusable,reverted_unverified,cfbd_drives_5a,"[""2016:400869244:37:2"", ""2016:400869244:38:1""]"
778ef955187b8d39,2024,401644754,Bowling Green,attribution_only,category_possession_reassignment,0.0,game_unusable,reverted_unverified,cfbd_drives_5a,"[""2024:401644754:17:9"", ""2024:401644754:21:3""]"
77a35ce62c5cca84,2024,401640980,Florida Atlantic,attribution_only,dip_restore,0.0,corroborated,admitted,cfbd_drives_5a,"[""2024:401640980:12:7"", ""2024:401640980:13:1""]"
77c42a307d658e39,2021,401309908,Oregon,attribution_only,dip_restore,0.0,corroborated,admitted,cfbd_drives_5a,"[""2021:401309908:15:14"", ""2021:401309908:16:1""]"
77dc3fd09beb8e8b,2022,401403906,Mississippi State,attribution_only,dip_restore,0.0,corroborated,admitted,cfbd_drives_5a,"[""2022:401403906:14:6"", ""2022:401403906:15:1""]"
77e6996f9f000659,2024,401628586,Campbell,attribution_only,dip_restore,0.0,corroborated,admitted,cfbd_drives_5a,"[""2024:401628586:16:5"", ""2024:401628586:17:1"", ""2024:401628586:22:10"", ""2024:401628586:23:1""]"
77fab1952f8c4661,2024,401628334,LSU,attribution_only,dip_restore,0.0,corroborated,admitted,cfbd_drives_5a,"[""2024:401628334:5:11"", ""2024:401628334:6:1""]"
7838212c3960fc1f,2021,401309579,Akron,points_recovery,incomplete_stream,25.0,game_unusable,reverted_unverified,cfbd_drives_5a,"[""2021:401309579:10:1"", ""2021:401309579:12:1"", ""2021:401309579:13:1"", ""2021:401309579:17:9"", ""2021:401309579:18:2"", ""2021:401309579:19:1"", ""2021:401309579:4:2"", ""2021:401309579:5:1"", ""2021:401309579:5:3"", ""2021:401309579:6:1"", ""2021:401309579:8:1"", ""2021:401309579:9:1""]"
786c0279e4be4698,2022,401415262,Colorado State,attribution_only,dip_restore,0.0,corroborated,admitted,cfbd_drives_5a,"[""2022:401415262:13:2"", ""2022:401415262:14:1""]"
78715b91188eb59f,2025,401761628,South Alabama,attribution_only,dip_restore,0.0,game_unusable,reverted_unverified,cfbd_drives_5a,"[""2025:401761628:15:1"", ""2025:401761628:19:5""]"
787d06e64ae548ab,2024,401644690,Miami (OH),attribution_only,dip_restore,0.0,corroborated,admitted,cfbd_drives_5a,"[""2024:401644690:10:1"", ""2024:401644690:9:6""]"
78809f171736e62a,2022,401426357,Arkansas State,points_recovery,incomplete_stream,15.0,game_unusable,reverted_unverified,cfbd_drives_5a,"[""2022:401426357:13:3"", ""2022:401426357:21:13"", ""2022:401426357:26:3""]"
788c6d7a2eb9ced1,2021,401282270,Middle Tennessee,points_recovery,incomplete_stream,25.0,game_unusable,reverted_unverified,cfbd_drives_5a,"[""2021:401282270:12:1"", ""2021:401282270:13:1"", ""2021:401282270:15:1"", ""2021:401282270:17:1"", ""2021:401282270:18:1"", ""2021:401282270:21:4"", ""2021:401282270:25:1"", ""2021:401282270:26:1""]"
78aad69279710c0e,2015,400787296,San Diego State,attribution_only,dip_restore,0.0,game_unusable,reverted_unverified,cfbd_drives_5a,"[""2015:400787296:10:6"", ""2015:400787296:14:1""]"
78ab97127849a568,2015,400763543,Nebraska,attribution_only,dip_restore,0.0,corroborated,admitted,cfbd_drives_5a,"[""2015:400763543:17:8"", ""2015:400763543:18:1""]"
78b03aaa67112424,2017,400941799,South Florida,attribution_only,dip_restore,0.0,game_unusable,reverted_unverified,cfbd_drives_5a,"[""2017:400941799:10:1"", ""2017:400941799:9:9""]"
78c47b19da161fe7,2025,401778325,Coastal Carolina,attribution_only,dip_restore,0.0,game_unusable,reverted_unverified,cfbd_drives_5a,"[""2025:401778325:6:10"", ""2025:401778325:7:1""]"
792e5d0207136f80,2023,401520438,Indiana,attribution_only,dip_restore,0.0,game_unusable,reverted_unverified,cfbd_drives_5a,"[""2023:401520438:19:2"", ""2023:401520438:22:9""]"
796aa1ae3f522c7e,2021,401282757,Iowa,attribution_only,dip_restore,0.0,game_unusable,reverted_unverified,cfbd_drives_5a,"[""2021:401282757:3:8"", ""2021:401282757:8:6""]"
79901594a1e4b05b,2025,401754560,Georgia Tech,attribution_only,dip_restore,0.0,corroborated,admitted,cfbd_drives_5a,"[""2025:401754560:1:11"", ""2025:401754560:2:1""]"
79a64fb1ee4eb38c,2024,401628443,Missouri,attribution_only,dip_restore,0.0,corroborated,admitted,cfbd_drives_5a,"[""2024:401628443:15:10"", ""2024:401628443:16:1""]"
79b6f9631bd97c41,2021,401282184,Louisiana Tech,points_recovery,restoration_gt8,2.0,game_unusable,reverted_unverified,cfbd_drives_5a,"[""2021:401282184:3:9"", ""2021:401282184:4:1"", ""2021:401282184:5:1"", ""2021:401282184:5:15"", ""2021:401282184:6:1"", ""2021:401282184:6:4""]"
79bde13be8f75560,2017,400938663,UTEP,attribution_only,dip_restore,0.0,corroborated,admitted,cfbd_drives_5a,"[""2017:400938663:20:6"", ""2017:400938663:21:1""]"
79f92c526fe4f510,2016,400869100,Texas Tech,attribution_only,dip_restore,0.0,game_unusable,reverted_unverified,cfbd_drives_5a,"[""2016:400869100:3:9"", ""2016:400869100:5:1""]"
7a01e116f4cd167b,2022,401405083,Northwestern,attribution_only,dip_restore,0.0,game_unusable,reverted_unverified,cfbd_drives_5a,"[""2022:401405083:4:24"", ""2022:401405083:5:11""]"
7a6615d7c792ef69,2023,401525900,Oklahoma,attribution_only,dip_restore,0.0,game_unusable,reverted_unverified,cfbd_drives_5a,"[""2023:401525900:17:1"", ""2023:401525900:18:14"", ""2023:401525900:21:7"", ""2023:401525900:22:1""]"
7a7c7aa4aee67eee,2022,401416631,Akron,attribution_only,dip_restore,0.0,corroborated,admitted,cfbd_drives_5a,"[""2022:401416631:24:7"", ""2022:401416631:25:1""]"
7a849592f5d0b121,2022,401416603,Kent State,points_recovery,incomplete_stream,7.0,game_unusable,reverted_unverified,cfbd_drives_5a,"[""2022:401416603:1:19"", ""2022:401416603:2:1"", ""2022:401416603:3:1"", ""2022:401416603:4:11"", ""2022:401416603:5:2""]"
7ab5ef0d37e19556,2025,401778310,Southern Mississippi,attribution_only,dip_restore,0.0,game_unusable,reverted_unverified,cfbd_drives_5a,"[""2025:401778310:12:5"", ""2025:401778310:14:8"", ""2025:401778310:16:13"", ""2025:401778310:17:1"", ""2025:401778310:22:2"", ""2025:401778310:23:9"", ""2025:401778310:4:15"", ""2025:401778310:6:4""]"
7ac2d2b5c62b43c5,2022,401411108,Boston College,points_recovery,incomplete_stream,10.0,game_unusable,reverted_unverified,cfbd_drives_5a,"[""2022:401411108:17:1"", ""2022:401411108:1:8"", ""2022:401411108:9:1""]"
7aee531af8499e60,2021,401282732,Indiana,attribution_only,dip_restore,0.0,corroborated,admitted,cfbd_drives_5a,"[""2021:401282732:21:10"", ""2021:401282732:22:1""]"
7af96298156ad2fb,2023,401520171,Rutgers,attribution_only,dip_restore,0.0,game_unusable,reverted_unverified,cfbd_drives_5a,"[""2023:401520171:2:1"", ""2023:401520171:2:18"", ""2023:401520171:3:2"", ""2023:401520171:4:1""]"
7afc4c0a8cfd2010,2023,401532579,Utah State,points_reduction,category_possession_reassignment,-5.0,game_unusable,reverted_unverified,cfbd_drives_5a,"[""2023:401532579:18:1""]"
7b1573e1f1274222,2025,401760375,San Jose State,attribution_only,dip_restore,0.0,corroborated,admitted,cfbd_drives_5a,"[""2025:401760375:17:14"", ""2025:401760375:18:1""]"
7b2abe985ebe22bb,2018,401015056,Southern Mississippi,attribution_only,dip_restore,0.0,game_unusable,reverted_unverified,cfbd_drives_5a,"[""2018:401015056:2:4"", ""2018:401015056:4:1""]"
7b511232238054b0,2017,400944986,Kent State,attribution_only,dip_restore,0.0,corroborated,admitted,cfbd_drives_5a,"[""2017:400944986:8:2"", ""2017:400944986:9:1""]"
7b556e4e6c213996,2024,401628368,Missouri,points_recovery,incomplete_stream,30.0,game_unusable,reverted_unverified,cfbd_drives_5a,"[""2024:401628368:12:10"", ""2024:401628368:14:4"", ""2024:401628368:24:5"", ""2024:401628368:25:1"", ""2024:401628368:27:2"", ""2024:401628368:4:11"", ""2024:401628368:8:11""]"
7b6b8a00d19b4fda,2025,401752828,Nebraska,attribution_only,dip_restore,0.0,corroborated,admitted,cfbd_drives_5a,"[""2025:401752828:1:10"", ""2025:401752828:2:1""]"
7b857b3b9fa455b0,2023,401520387,Louisiana Tech,attribution_only,dip_restore,0.0,corroborated,admitted,cfbd_drives_5a,"[""2023:401520387:22:13"", ""2023:401520387:23:1""]"
7b9ab5ec00549c1f,2024,401644774,Bowling Green,attribution_only,dip_restore,0.0,game_unusable,reverted_unverified,cfbd_drives_5a,"[""2024:401644774:13:17"", ""2024:401644774:14:1"", ""2024:401644774:15:5"", ""2024:401644774:16:1"", ""2024:401644774:17:2"", ""2024:401644774:18:1""]"
7bd2e6cc79b94c93,2019,401121934,Appalachian State,attribution_only,dip_restore,0.0,corroborated,admitted,cfbd_drives_5a,"[""2019:401121934:8:8"", ""2019:401121934:9:1""]"
7bd440c723735cf6,2016,400869327,Akron,attribution_only,dip_restore,0.0,corroborated,admitted,cfbd_drives_5a,"[""2016:400869327:27:13"", ""2016:400869327:28:1""]"
7be70df30322e931,2016,400869366,Marshall,attribution_only,dip_restore,0.0,game_unusable,reverted_unverified,cfbd_drives_5a,"[""2016:400869366:26:11"", ""2016:400869366:27:1""]"
7be8f04ad54afa8a,2018,401014981,Appalachian State,attribution_only,dip_restore,0.0,game_unusable,reverted_unverified,cfbd_drives_5a,"[""2018:401014981:20:1"", ""2018:401014981:22:1""]"
7bf2ca2e48d3a565,2022,401404011,Utah,attribution_only,dip_restore,0.0,corroborated,admitted,cfbd_drives_5a,"[""2022:401404011:14:13"", ""2022:401404011:15:1""]"
7bf5f7f0abfd1fb4,2024,401628569,Oregon,attribution_only,dip_restore,0.0,corroborated,admitted,cfbd_drives_5a,"[""2024:401628569:10:1"", ""2024:401628569:9:2""]"
7c0e39d74cae2689,2021,401282715,Illinois,points_recovery,incomplete_stream,7.0,game_unusable,reverted_unverified,cfbd_drives_5a,"[""2021:401282715:22:1""]"
7c13ee4b7594e9c4,2015,400852729,Louisville,attribution_only,dip_restore,0.0,corroborated,admitted,cfbd_drives_5a,"[""2015:400852729:8:5"", ""2015:400852729:9:1""]"
7c154c3ec02a7b0f,2025,401752915,Wisconsin,attribution_only,restoration_gt8,0.0,game_unusable,reverted_unverified,cfbd_drives_5a,"[""2025:401752915:1:9"", ""2025:401752915:2:16""]"
7c2ed8940a73860b,2024,401644728,Duquesne,attribution_only,dip_restore,0.0,corroborated,admitted,cfbd_drives_5a,"[""2024:401644728:6:8"", ""2024:401644728:7:1""]"
7c3497e3071fab47,2021,401282680,Clemson,attribution_only,category_possession_reassignment,0.0,game_unusable,reverted_unverified,cfbd_drives_5a,"[""2021:401282680:2:4"", ""2021:401282680:8:3""]"
7c4044e8b5d3fce0,2022,401405070,Virginia,attribution_only,final_cap,0.0,game_unusable,reverted_unverified,cfbd_drives_5a,"[""2022:401405070:5:1""]"
7c4baa8a8ccfbf5a,2021,401282639,Duke,attribution_only,dip_restore,0.0,corroborated,admitted,cfbd_drives_5a,"[""2021:401282639:26:10"", ""2021:401282639:27:1""]"
7c6d2452adbe8076,2023,401524057,Washington State,attribution_only,dip_restore,0.0,game_unusable,reverted_unverified,cfbd_drives_5a,"[""2023:401524057:7:2"", ""2023:401524057:8:8""]"
7c7916e77f5f4d35,2021,401282721,Iowa,attribution_only,dip_restore,0.0,game_unusable,reverted_unverified,cfbd_drives_5a,"[""2021:401282721:4:2"", ""2021:401282721:5:3"", ""2021:401282721:7:11""]"
7c7f6aea5d9c44ca,2024,401635535,Jacksonville State,attribution_only,dip_restore,0.0,corroborated,admitted,cfbd_drives_5a,"[""2024:401635535:10:11"", ""2024:401635535:11:1""]"
7c9f9b5e504fae30,2022,401411103,Georgia State,attribution_only,dip_restore,0.0,game_unusable,reverted_unverified,cfbd_drives_5a,"[""2022:401411103:3:11"", ""2022:401411103:6:7""]"
7cf11214bcd686d4,2024,401635602,North Carolina,attribution_only,dip_restore,0.0,game_unusable,reverted_unverified,cfbd_drives_5a,"[""2024:401635602:6:12"", ""2024:401635602:7:2""]"
7cf902300a093a4e,2022,401426552,New Mexico State,attribution_only,dip_restore,0.0,game_unusable,reverted_unverified,cfbd_drives_5a,"[""2022:401426552:15:1"", ""2022:401426552:18:1"", ""2022:401426552:22:3""]"
7cf97703f7828918,2017,400938667,Charlotte,attribution_only,dip_restore,0.0,corroborated,admitted,cfbd_drives_5a,"[""2017:400938667:10:7"", ""2017:400938667:11:1""]"
7d1659ca3268eae0,2018,401012356,Texas A&M,points_recovery,dip_restore,8.0,cfbd_matches_neither,reverted_contradicted,cfbd_drives_5a,"[""2018:401012356:36:4""]"
7d1a106b831006c9,2023,401525827,Boise State,attribution_only,restoration_gt8,0.0,game_unusable,reverted_unverified,cfbd_drives_5a,"[""2023:401525827:4:2"", ""2023:401525827:5:1""]"
7d3068bfffaf4890,2022,401411142,Clemson,attribution_only,dip_restore,0.0,corroborated,admitted,cfbd_drives_5a,"[""2022:401411142:19:2"", ""2022:401411142:20:1""]"
7d31248c0794357b,2022,401404066,Oklahoma,points_recovery,incomplete_stream,14.0,game_unusable,reverted_unverified,cfbd_drives_5a,"[""2022:401404066:10:3"", ""2022:401404066:11:1"", ""2022:401404066:12:1"", ""2022:401404066:13:2"", ""2022:401404066:1:9""]"
7d3cbcdaf800bd8b,2024,401643706,Colorado State,attribution_only,dip_restore,0.0,corroborated,admitted,cfbd_drives_5a,"[""2024:401643706:10:1"", ""2024:401643706:9:16""]"
7d3d7bc8ee0c76db,2023,401523991,California,attribution_only,dip_restore,0.0,corroborated,admitted,cfbd_drives_5a,"[""2023:401523991:22:8"", ""2023:401523991:23:1""]"
7d469a749de46345,2022,401415246,Boise State,attribution_only,dip_restore,0.0,corroborated,admitted,cfbd_drives_5a,"[""2022:401415246:8:9"", ""2022:401415246:9:1""]"
7d4ab804c21ce66c,2016,400869358,Florida Atlantic,points_recovery,incomplete_stream,7.0,game_unusable,reverted_unverified,cfbd_drives_5a,"[""2016:400869358:25:2"", ""2016:400869358:26:4"", ""2016:400869358:27:2"", ""2016:400869358:27:3"", ""2016:400869358:27:5"", ""2016:400869358:29:1"", ""2016:400869358:30:1""]"
7d5627b642b729ca,2025,401761621,South Alabama,points_recovery,incomplete_stream,24.0,game_unusable,reverted_unverified,cfbd_drives_5a,"[""2025:401761621:13:6"", ""2025:401761621:15:8"", ""2025:401761621:19:15"", ""2025:401761621:23:3"", ""2025:401761621:3:11""]"
7d64d456b55b28a1,2021,401309554,Western Michigan,attribution_only,dip_restore,0.0,corroborated,admitted,cfbd_drives_5a,"[""2021:401309554:10:1"", ""2021:401309554:9:6""]"
7d6a5ac1b9978531,2024,401628401,Auburn,attribution_only,dip_restore,0.0,corroborated,admitted,cfbd_drives_5a,"[""2024:401628401:17:10"", ""2024:401628401:18:1""]"
7d6d27d6d092fca0,2023,401531901,Arkansas State,attribution_only,dip_restore,0.0,corroborated,admitted,cfbd_drives_5a,"[""2023:401531901:16:16"", ""2023:401531901:17:1""]"
7d8b3f4b8dfc3892,2025,401762462,Temple,attribution_only,dip_restore,0.0,corroborated,admitted,cfbd_drives_5a,"[""2025:401762462:14:13"", ""2025:401762462:15:1""]"
7d8d1825535e2f6a,2015,400763496,Rutgers,points_reduction,other,-1.0,game_unusable,reverted_unverified,cfbd_drives_5a,"[""2015:400763496:21:6""]"
7d913b3fb5d3dfd7,2021,401282272,Western Kentucky,points_recovery,incomplete_stream,36.0,game_unusable,reverted_unverified,cfbd_drives_5a,"[""2021:401282272:11:10"", ""2021:401282272:15:1"", ""2021:401282272:16:2"", ""2021:401282272:18:12"", ""2021:401282272:20:1"", ""2021:401282272:21:1"", ""2021:401282272:22:11"", ""2021:401282272:24:10"", ""2021:401282272:24:8"", ""2021:401282272:25:9"", ""2021:401282272:9:7""]"
7da74354757f98ec,2021,401310747,Air Force,attribution_only,dip_restore,0.0,game_unusable,reverted_unverified,cfbd_drives_5a,"[""2021:401310747:8:8"", ""2021:401310747:9:1""]"
7df0a82365b775c5,2025,401762793,Northern Illinois,attribution_only,dip_restore,0.0,corroborated,admitted,cfbd_drives_5a,"[""2025:401762793:21:10"", ""2025:401762793:21:8""]"
7df7fb0afa82401d,2021,401282225,UAB,attribution_only,dip_restore,0.0,corroborated,admitted,cfbd_drives_5a,"[""2021:401282225:5:2"", ""2021:401282225:6:1""]"
7e3c24106b2729bd,2023,401525818,Cincinnati,attribution_only,dip_restore,0.0,corroborated,admitted,cfbd_drives_5a,"[""2023:401525818:18:12"", ""2023:401525818:19:1""]"
7e425f8a922d538f,2016,400868912,Army,attribution_only,dip_restore,0.0,game_unusable,reverted_unverified,cfbd_drives_5a,"[""2016:400868912:15:12"", ""2016:400868912:16:3""]"
7e4d500dfb907886,2015,400764860,Navy,attribution_only,dip_restore,0.0,game_unusable,reverted_unverified,cfbd_drives_5a,"[""2015:400764860:19:7"", ""2015:400764860:21:1""]"
7e5f980969c68868,2023,401532426,Eastern Michigan,points_reduction,dip_restore,-3.0,game_unusable,reverted_unverified,cfbd_drives_5a,"[""2023:401532426:11:17"", ""2023:401532426:12:1"", ""2023:401532426:7:12""]"
7e7f68c69160f919,2024,401645381,North Texas,attribution_only,dip_restore,0.0,game_unusable,reverted_unverified,cfbd_drives_5a,"[""2024:401645381:10:5"", ""2024:401645381:11:2""]"
7ea8681c54101daf,2021,401309851,Oregon State,attribution_only,dip_restore,0.0,corroborated,admitted,cfbd_drives_5a,"[""2021:401309851:11:9"", ""2021:401309851:12:1""]"
7ede1502e7919780,2023,401525526,North Carolina,attribution_only,dip_restore,0.0,corroborated,admitted,cfbd_drives_5a,"[""2023:401525526:18:4"", ""2023:401525526:19:1""]"
7f2b83d623275d25,2023,401524031,Notre Dame,attribution_only,dip_restore,0.0,game_unusable,reverted_unverified,cfbd_drives_5a,"[""2023:401524031:22:2"", ""2023:401524031:23:6""]"
7f3306be4668569d,2017,400937523,Florida State,attribution_only,dip_restore,0.0,corroborated,admitted,cfbd_drives_5a,"[""2017:400937523:11:3"", ""2017:400937523:12:1""]"
7f4f7fb9b5bff503,2016,400869619,Oklahoma State,attribution_only,dip_restore,0.0,game_unusable,reverted_unverified,cfbd_drives_5a,"[""2016:400869619:17:3"", ""2016:400869619:18:2""]"
7f7a752df2226703,2025,401760357,San Diego State,attribution_only,dip_restore,0.0,game_unusable,reverted_unverified,cfbd_drives_5a,"[""2025:401760357:1:16"", ""2025:401760357:1:5"", ""2025:401760357:2:1"", ""2025:401760357:3:27""]"
7f7e356996914115,2023,401520414,Northwestern,attribution_only,dip_restore,0.0,corroborated,admitted,cfbd_drives_5a,"[""2023:401520414:21:9"", ""2023:401520414:22:1""]"
7f8c87e94cea0361,2017,400944859,South Alabama,attribution_only,dip_restore,0.0,corroborated,admitted,cfbd_drives_5a,"[""2017:400944859:16:9"", ""2017:400944859:17:1""]"
7f99ba355b8b1ced,2021,401287900,California,attribution_only,dip_restore,0.0,corroborated,admitted,cfbd_drives_5a,"[""2021:401287900:8:3"", ""2021:401287900:9:1""]"
7fa7b0f425c09bcd,2022,401404094,Oklahoma,points_recovery,restoration_gt8,38.0,game_unusable,reverted_unverified,cfbd_drives_5a,"[""2022:401404094:1:16"", ""2022:401404094:1:17"", ""2022:401404094:1:18"", ""2022:401404094:1:21"", ""2022:401404094:1:24"", ""2022:401404094:1:28""]"
7ff703c1407a5e8e,2023,401526835,UMass,attribution_only,dip_restore,0.0,corroborated,admitted,cfbd_drives_5a,"[""2023:401526835:8:8"", ""2023:401526835:9:1""]"
7ff7159e05691800,2022,401403938,South Carolina,attribution_only,dip_restore,0.0,corroborated,admitted,cfbd_drives_5a,"[""2022:401403938:18:14"", ""2022:401403938:19:1""]"
8005805df508dcd6,2023,401532406,Western Michigan,attribution_only,dip_restore,0.0,game_unusable,reverted_unverified,cfbd_drives_5a,"[""2023:401532406:12:7"", ""2023:401532406:14:6"", ""2023:401532406:16:2""]"
800ce07e4db0e7c0,2019,401112110,Kansas State,attribution_only,dip_restore,0.0,game_unusable,reverted_unverified,cfbd_drives_5a,"[""2019:401112110:5:13"", ""2019:401112110:6:1""]"
8012940f4d71ecdb,2025,401760384,New Mexico,attribution_only,dip_restore,0.0,corroborated,admitted,cfbd_drives_5a,"[""2025:401760384:8:19"", ""2025:401760384:9:1""]"
801c069793fe3bf6,2018,401013362,UMass,attribution_only,dip_restore,0.0,game_unusable,reverted_unverified,cfbd_drives_5a,"[""2018:401013362:10:1"", ""2018:401013362:11:1""]"
802236104e32d984,2021,401282189,Houston,attribution_only,dip_restore,0.0,game_unusable,reverted_unverified,cfbd_drives_5a,"[""2021:401282189:6:6"", ""2021:401282189:7:1""]"
802635c23879db6f,2021,401282215,Florida Atlantic,points_reduction,dip_restore,-1.0,game_unusable,reverted_unverified,cfbd_drives_5a,"[""2021:401282215:16:5"", ""2021:401282215:20:14""]"
8041d1db4e1e6a50,2021,401282103,Alabama,attribution_only,dip_restore,0.0,game_unusable,reverted_unverified,cfbd_drives_5a,"[""2021:401282103:20:11"", ""2021:401282103:21:2"", ""2021:401282103:22:15"", ""2021:401282103:23:2""]"
805ce47c473b02da,2024,401643705,Air Force,attribution_only,dip_restore,0.0,corroborated,admitted,cfbd_drives_5a,"[""2024:401643705:4:5"", ""2024:401643705:5:2""]"
806475b7093fd64e,2022,401415237,Air Force,points_recovery,incomplete_stream,42.0,game_unusable,reverted_unverified,cfbd_drives_5a,"[""2022:401415237:12:1"", ""2022:401415237:14:1"", ""2022:401415237:1:3"", ""2022:401415237:2:1"", ""2022:401415237:3:1"", ""2022:401415237:5:12"", ""2022:401415237:6:1"", ""2022:401415237:7:1""]"
808193d1d8682ad5,2024,401635570,Georgia Tech,attribution_only,dip_restore,0.0,corroborated,admitted,cfbd_drives_5a,"[""2024:401635570:17:8"", ""2024:401635570:18:1""]"
809b4d8f4a9fd6c4,2021,401287903,Boise State,points_recovery,incomplete_stream,20.0,game_unusable,reverted_unverified,cfbd_drives_5a,"[""2021:401287903:11:9"", ""2021:401287903:1:14"", ""2021:401287903:2:1"", ""2021:401287903:3:9"", ""2021:401287903:7:7"", ""2021:401287903:9:9""]"
80a25c77f7974cc7,2016,400868995,Kentucky,attribution_only,dip_restore,0.0,game_unusable,reverted_unverified,cfbd_drives_5a,"[""2016:400868995:29:4"", ""2016:400868995:31:1""]"
80a9a33eef41edef,2024,401636942,Houston,attribution_only,dip_restore,0.0,corroborated,admitted,cfbd_drives_5a,"[""2024:401636942:4:11"", ""2024:401636942:4:13""]"
80b45c0406a0e3fe,2018,401019472,Elon,attribution_only,dip_restore,0.0,corroborated,admitted,cfbd_drives_5a,"[""2018:401019472:16:1"", ""2018:401019472:17:1""]"
80b4d4d4a5760ee8,2021,401282237,Louisiana Tech,points_recovery,incomplete_stream,16.0,game_unusable,reverted_unverified,cfbd_drives_5a,"[""2021:401282237:19:1"", ""2021:401282237:1:2"", ""2021:401282237:2:1"", ""2021:401282237:7:1"", ""2021:401282237:8:1"", ""2021:401282237:8:14""]"
80c90ea62f53e882,2024,401640993,Kennesaw State,attribution_only,dip_restore,0.0,game_unusable,reverted_unverified,cfbd_drives_5a,"[""2024:401640993:10:14"", ""2024:401640993:11:1"", ""2024:401640993:5:4""]"
811d70aa5d8a902d,2024,401635572,North Carolina,attribution_only,dip_restore,0.0,corroborated,admitted,cfbd_drives_5a,"[""2024:401635572:11:11"", ""2024:401635572:12:1""]"
812ab92c1f51c5b9,2017,400945004,Western Michigan,points_recovery,dip_restore,3.0,game_unusable,reverted_unverified,cfbd_drives_5a,"[""2017:400945004:25:7""]"
813eaa40c2b0a3f5,2022,401416592,Eastern Illinois,attribution_only,dip_restore,0.0,corroborated,admitted,cfbd_drives_5a,"[""2022:401416592:18:8"", ""2022:401416592:19:1""]"
8142f9af496c8154,2023,401525494,Georgia Tech,points_recovery,incomplete_stream,34.0,cfbd_matches_neither,reverted_contradicted,cfbd_drives_5a,"[""2023:401525494:12:4"", ""2023:401525494:14:1"", ""2023:401525494:16:8"", ""2023:401525494:18:11"", ""2023:401525494:20:8"", ""2023:401525494:8:5""]"
81481c23f6ff7ebc,2023,401531878,Coastal Carolina,attribution_only,dip_restore,0.0,corroborated,admitted,cfbd_drives_5a,"[""2023:401531878:22:20"", ""2023:401531878:23:1""]"
8154661c49380e29,2021,401287903,Oklahoma State,attribution_only,dip_restore,0.0,game_unusable,reverted_unverified,cfbd_drives_5a,"[""2021:401287903:4:2"", ""2021:401287903:7:7""]"
816b763a6b7ed2e2,2025,401752682,Arkansas State,attribution_only,dip_restore,0.0,game_unusable,reverted_unverified,cfbd_drives_5a,"[""2025:401752682:14:1"", ""2025:401752682:14:10"", ""2025:401752682:14:11"", ""2025:401752682:14:12"", ""2025:401752682:14:13"", ""2025:401752682:14:14"", ""2025:401752682:14:2"", ""2025:401752682:14:3"", ""2025:401752682:14:4"", ""2025:401752682:14:5"", ""2025:401752682:14:6"", ""2025:401752682:14:8"", ""2025:401752682:14:9"", ""2025:401752682:15:1"", ""2025:401752682:15:2"", ""2025:401752682:15:3"", ""2025:401752682:16:1"", ""2025:401752682:16:2"", ""2025:401752682:16:3"", ""2025:401752682:16:4"", ""2025:401752682:16:5"", ""2025:401752682:16:6"", ""2025:401752682:17:1"", ""2025:401752682:17:2"", ""2025:401752682:17:3"", ""2025:401752682:17:4"", ""2025:401752682:18:1"", ""2025:401752682:18:2"", ""2025:401752682:18:3"", ""2025:401752682:18:4"", ""2025:401752682:18:5"", ""2025:401752682:18:6"", ""2025:401752682:18:7"", ""2025:401752682:18:8"", ""2025:401752682:19:1"", ""2025:401752682:19:10"", ""2025:401752682:19:2"", ""2025:401752682:19:3"", ""2025:401752682:19:4"", ""2025:401752682:19:5"", ""2025:401752682:19:6"", ""2025:401752682:19:7"", ""2025:401752682:19:8"", ""2025:401752682:19:9"", ""2025:401752682:20:1"", ""2025:401752682:20:11"", ""2025:401752682:20:12"", ""2025:401752682:20:13"", ""2025:401752682:20:14"", ""2025:401752682:20:16"", ""2025:401752682:20:17"", ""2025:401752682:20:18"", ""2025:401752682:20:19"", ""2025:401752682:20:2"", ""2025:401752682:20:22"", ""2025:401752682:20:3"", ""2025:401752682:20:4"", ""2025:401752682:20:5"", ""2025:401752682:20:6"", ""2025:401752682:20:7"", ""2025:401752682:20:8"", ""2025:401752682:20:9"", ""2025:401752682:21:2"", ""2025:401752682:21:3"", ""2025:401752682:21:4"", ""2025:401752682:21:5"", ""2025:401752682:21:6"", ""2025:401752682:21:7"", ""2025:401752682:21:8"", ""2025:401752682:21:9"", ""2025:401752682:22:1"", ""2025:401752682:22:11"", ""2025:401752682:22:12"", ""2025:401752682:22:13"", ""2025:401752682:22:15"", ""2025:401752682:22:2"", ""2025:401752682:22:3"", ""2025:401752682:22:4"", ""2025:401752682:22:5"", ""2025:401752682:22:6"", ""2025:401752682:22:7"", ""2025:401752682:22:8"", ""2025:401752682:22:9"", ""2025:401752682:23:1"", ""2025:401752682:4:1"", ""2025:401752682:5:1"", ""2025:401752682:7:1""]"
8174bfb1ed125a99,2016,400869303,Western Michigan,attribution_only,dip_restore,0.0,game_unusable,reverted_unverified,cfbd_drives_5a,"[""2016:400869303:16:5"", ""2016:400869303:17:1""]"
81a79e5bcc4fac0a,2024,401645382,South Florida,attribution_only,dip_restore,0.0,game_unusable,reverted_unverified,cfbd_drives_5a,"[""2024:401645382:29:2"", ""2024:401645382:30:1""]"
81aa88fbc5e57f36,2024,401628412,Kentucky,attribution_only,dip_restore,0.0,corroborated,admitted,cfbd_drives_5a,"[""2024:401628412:20:9"", ""2024:401628412:21:1""]"
81b709ecef158ffd,2024,401628404,LSU,attribution_only,dip_restore,0.0,game_unusable,reverted_unverified,cfbd_drives_5a,"[""2024:401628404:10:3"", ""2024:401628404:9:4""]"
81b9c58700e0537d,2021,401282103,Texas A&M,attribution_only,dip_restore,0.0,game_unusable,reverted_unverified,cfbd_drives_5a,"[""2021:401282103:16:1"", ""2021:401282103:17:2""]"
81df36c70e6a168e,2016,400869817,Nicholls,attribution_only,other,0.0,game_unusable,reverted_unverified,cfbd_drives_5a,"[""2016:400869817:13:3"", ""2016:400869817:14:5""]"
81e9319bcc23b59c,2021,401282242,Marshall,points_recovery,incomplete_stream,21.0,game_unusable,reverted_unverified,cfbd_drives_5a,"[""2021:401282242:10:1"", ""2021:401282242:11:1"", ""2021:401282242:12:1"", ""2021:401282242:13:1"", ""2021:401282242:14:1"", ""2021:401282242:16:1"", ""2021:401282242:4:1"", ""2021:401282242:5:1"", ""2021:401282242:6:10"", ""2021:401282242:8:1"", ""2021:401282242:9:1""]"
81fe68a65ee5284e,2018,401013350,Kent State,attribution_only,dip_restore,0.0,corroborated,admitted,cfbd_drives_5a,"[""2018:401013350:13:7"", ""2018:401013350:14:1""]"
82155be17d1907ff,2021,401282268,Charlotte,attribution_only,dip_restore,0.0,corroborated,admitted,cfbd_drives_5a,"[""2021:401282268:10:5"", ""2021:401282268:11:1""]"
821d8407ef38f2df,2021,401282064,NC State,attribution_only,dip_restore,0.0,game_unusable,reverted_unverified,cfbd_drives_5a,"[""2021:401282064:2:1"", ""2021:401282064:7:14""]"
82287e3f8d157d48,2024,401645368,South Florida,attribution_only,dip_restore,0.0,corroborated,admitted,cfbd_drives_5a,"[""2024:401645368:10:1"", ""2024:401645368:9:8""]"
825ae203a094df48,2025,401757175,Florida Atlantic,attribution_only,dip_restore,0.0,game_unusable,reverted_unverified,cfbd_drives_5a,"[""2025:401757175:2:11"", ""2025:401757175:2:2""]"
8265d71a15aa5198,2025,401757278,Missouri State,attribution_only,final_cap,0.0,game_unusable,reverted_unverified,cfbd_drives_5a,"[""2025:401757278:20:1"", ""2025:401757278:20:2"", ""2025:401757278:20:3"", ""2025:401757278:20:4""]"
827eb4ca192101e1,2024,401643815,Old Dominion,attribution_only,dip_restore,0.0,corroborated,admitted,cfbd_drives_5a,"[""2024:401643815:20:5"", ""2024:401643815:21:1""]"
82a20c424506156a,2015,400756961,Virginia Tech,attribution_only,other,0.0,game_unusable,reverted_unverified,cfbd_drives_5a,"[""2015:400756961:30:5"", ""2015:400756961:31:7""]"
82a4f26dad068d64,2021,401309891,Oregon State,attribution_only,restoration_gt8,0.0,game_unusable,reverted_unverified,cfbd_drives_5a,"[""2021:401309891:25:1"", ""2021:401309891:25:6""]"
82becc30a0a5807b,2023,401525854,Kansas,attribution_only,dip_restore,0.0,game_unusable,reverted_unverified,cfbd_drives_5a,"[""2023:401525854:5:7"", ""2023:401525854:6:2""]"
82d851badd8cc11a,2025,401754588,Stanford,attribution_only,dip_restore,0.0,game_unusable,reverted_unverified,cfbd_drives_5a,"[""2025:401754588:12:1"", ""2025:401754588:19:10""]"
82f8afeb04fea973,2024,401628456,Oregon,attribution_only,dip_restore,0.0,corroborated,admitted,cfbd_drives_5a,"[""2024:401628456:8:9"", ""2024:401628456:9:1""]"
8300878ac3c9a38b,2024,401644749,Buffalo,points_recovery,incomplete_stream,41.0,game_unusable,reverted_unverified,cfbd_drives_5a,"[""2024:401644749:12:10"", ""2024:401644749:17:8"", ""2024:401644749:19:12"", ""2024:401644749:1:1"", ""2024:401644749:21:3"", ""2024:401644749:25:11"", ""2024:401644749:3:1"", ""2024:401644749:6:1""]"
832ca77f4abcc89c,2016,400869327,Bowling Green,attribution_only,dip_restore,0.0,corroborated,admitted,cfbd_drives_5a,"[""2016:400869327:33:2"", ""2016:400869327:34:1""]"
8336738c503cfbca,2023,401531420,Florida Atlantic,attribution_only,dip_restore,0.0,corroborated,admitted,cfbd_drives_5a,"[""2023:401531420:15:6"", ""2023:401531420:16:1""]"
834284c1d52ab977,2023,401520364,Georgia,attribution_only,other,0.0,game_unusable,reverted_unverified,cfbd_drives_5a,"[""2023:401520364:14:10"", ""2023:401520364:16:10""]"
83432567d810f495,2021,401282218,Rice,attribution_only,incomplete_stream,0.0,game_unusable,reverted_unverified,cfbd_drives_5a,"[""2021:401282218:15:2""]"
8355576a86b909b1,2016,400869530,SMU,attribution_only,dip_restore,0.0,game_unusable,reverted_unverified,cfbd_drives_5a,"[""2016:400869530:1:4"", ""2016:400869530:3:1""]"
836b1953d636f567,2022,401415219,Hawai_i,attribution_only,dip_restore,0.0,game_unusable,reverted_unverified,cfbd_drives_5a,"[""2022:401415219:16:6"", ""2022:401415219:17:12""]"
8371f18b6bf3620e,2025,401754601,Pittsburgh,attribution_only,dip_restore,0.0,game_unusable,reverted_unverified,cfbd_drives_5a,"[""2025:401754601:1:1"", ""2025:401754601:4:3""]"
837b65f59975fbe7,2022,401404051,Washington,points_reduction,other,-1.0,game_unusable,reverted_unverified,cfbd_drives_5a,"[""2022:401404051:12:2""]"
83a69baf1f4f41d1,2023,401524027,California,attribution_only,dip_restore,0.0,corroborated,admitted,cfbd_drives_5a,"[""2023:401524027:5:10"", ""2023:401524027:6:1""]"
83f40ccabc52971e,2023,401531346,East Carolina,attribution_only,dip_restore,0.0,corroborated,admitted,cfbd_drives_5a,"[""2023:401531346:2:8"", ""2023:401531346:3:1""]"
83f50f4eb84a3acb,2021,401287895,Baylor,points_recovery,dip_restore,7.0,game_unusable,reverted_unverified,cfbd_drives_5a,"[""2021:401287895:18:1""]"
840bc4ee1fcbc867,2022,401403863,South Carolina,attribution_only,dip_restore,0.0,game_unusable,reverted_unverified,cfbd_drives_5a,"[""2022:401403863:18:9"", ""2022:401403863:19:2"", ""2022:401403863:19:3"", ""2022:401403863:20:1"", ""2022:401403863:20:7"", ""2022:401403863:21:3"", ""2022:401403863:22:1"", ""2022:401403863:23:1"", ""2022:401403863:23:4"", ""2022:401403863:24:1""]"
8416185aab3592cc,2024,401628422,Kentucky,attribution_only,dip_restore,0.0,corroborated,admitted,cfbd_drives_5a,"[""2024:401628422:14:8"", ""2024:401628422:15:1""]"
842e3ca8fa6f529b,2019,401112078,Baylor,points_recovery,dip_restore,6.0,game_unusable,reverted_unverified,cfbd_drives_5a,"[""2019:401112078:29:3""]"
84713b370c06fb2a,2025,401754520,Pittsburgh,attribution_only,dip_restore,0.0,corroborated,admitted,cfbd_drives_5a,"[""2025:401754520:21:8"", ""2025:401754520:22:1""]"
848d695f74363d4a,2024,401628567,Michigan State,attribution_only,dip_restore,0.0,corroborated,admitted,cfbd_drives_5a,"[""2024:401628567:1:6"", ""2024:401628567:2:1""]"
8495b427de619427,2021,401282634,Boston College,attribution_only,dip_restore,0.0,corroborated,admitted,cfbd_drives_5a,"[""2021:401282634:1:4"", ""2021:401282634:2:1""]"
84a7222c039a9826,2025,401762473,Rice,attribution_only,dip_restore,0.0,corroborated,admitted,cfbd_drives_5a,"[""2025:401762473:18:14"", ""2025:401762473:19:1""]"
84b95433fe1893a0,2017,400953398,Iowa,attribution_only,dip_restore,0.0,corroborated,admitted,cfbd_drives_5a,"[""2017:400953398:15:7"", ""2017:400953398:16:1""]"
84c4cca6896d2be2,2021,401287930,TCU,points_recovery,dip_restore,5.0,game_unusable,reverted_unverified,cfbd_drives_5a,"[""2021:401287930:10:1"", ""2021:401287930:11:1"", ""2021:401287930:12:1"", ""2021:401287930:18:3"", ""2021:401287930:19:1"", ""2021:401287930:1:12"", ""2021:401287930:1:17"", ""2021:401287930:20:3"", ""2021:401287930:21:1"", ""2021:401287930:5:8"", ""2021:401287930:6:1"", ""2021:401287930:9:1""]"
84d5a05bc3af9734,2023,401531384,Navy,attribution_only,dip_restore,0.0,corroborated,admitted,cfbd_drives_5a,"[""2023:401531384:5:5"", ""2023:401531384:6:1""]"
84f125c00b190559,2024,401640959,Notre Dame,attribution_only,dip_restore,0.0,corroborated,admitted,cfbd_drives_5a,"[""2024:401640959:13:2"", ""2024:401640959:14:1""]"
84f4b9b4ffeb5380,2015,400787475,South Alabama,attribution_only,dip_restore,0.0,corroborated,admitted,cfbd_drives_5a,"[""2015:400787475:1:5"", ""2015:400787475:2:1""]"
84f7f26247ef1e68,2016,400869178,Northern Illinois,attribution_only,dip_restore,0.0,game_unusable,reverted_unverified,cfbd_drives_5a,"[""2016:400869178:29:5"", ""2016:400869178:30:1""]"
84f87d4dd77b7a3f,2021,401331172,Old Dominion,attribution_only,dip_restore,0.0,game_unusable,reverted_unverified,cfbd_drives_5a,"[""2021:401331172:21:6"", ""2021:401331172:22:1""]"
84fd6e8e753ff017,2022,401411151,Boston College,attribution_only,dip_restore,0.0,corroborated,admitted,cfbd_drives_5a,"[""2022:401411151:18:8"", ""2022:401411151:19:1""]"
85012683eeec0426,2025,401760368,Air Force,attribution_only,dip_restore,0.0,game_unusable,reverted_unverified,cfbd_drives_5a,"[""2025:401760368:6:1"", ""2025:401760368:7:1"", ""2025:401760368:7:9""]"
85152bd98c61c45d,2023,401520340,Michigan,attribution_only,dip_restore,0.0,corroborated,admitted,cfbd_drives_5a,"[""2023:401520340:12:12"", ""2023:401520340:13:1""]"
851b6b56e944f880,2024,401635545,North Carolina Central,attribution_only,dip_restore,0.0,corroborated,admitted,cfbd_drives_5a,"[""2024:401635545:1:15"", ""2024:401635545:2:1""]"
852842e7b6bd0366,2025,401756922,Arizona State,attribution_only,dip_restore,0.0,game_unusable,reverted_unverified,cfbd_drives_5a,"[""2025:401756922:11:14"", ""2025:401756922:12:1"", ""2025:401756922:3:1""]"
8530efccc629f134,2017,400935260,Stanford,attribution_only,dip_restore,0.0,game_unusable,reverted_unverified,cfbd_drives_5a,"[""2017:400935260:3:2"", ""2017:400935260:4:1""]"
85363714715ca45a,2023,401525508,Georgia Tech,attribution_only,dip_restore,0.0,corroborated,admitted,cfbd_drives_5a,"[""2023:401525508:7:7"", ""2023:401525508:8:1""]"
853c320a17a28362,2015,400763559,Rutgers,attribution_only,dip_restore,0.0,game_unusable,reverted_unverified,cfbd_drives_5a,"[""2015:400763559:14:2"", ""2015:400763559:15:1""]"
854e8145ca9354e5,2025,401752802,Michigan State,attribution_only,dip_restore,0.0,game_unusable,reverted_unverified,cfbd_drives_5a,"[""2025:401752802:14:1"", ""2025:401752802:14:2"", ""2025:401752802:14:3"", ""2025:401752802:14:4"", ""2025:401752802:14:6"", ""2025:401752802:14:7"", ""2025:401752802:17:1"", ""2025:401752802:18:1"", ""2025:401752802:18:2"", ""2025:401752802:18:3"", ""2025:401752802:18:4"", ""2025:401752802:18:5"", ""2025:401752802:19:1"", ""2025:401752802:19:2"", ""2025:401752802:19:3"", ""2025:401752802:19:4"", ""2025:401752802:19:5"", ""2025:401752802:19:6"", ""2025:401752802:19:7"", ""2025:401752802:19:8"", ""2025:401752802:19:9"", ""2025:401752802:20:1"", ""2025:401752802:20:10"", ""2025:401752802:20:2"", ""2025:401752802:20:3"", ""2025:401752802:20:4"", ""2025:401752802:20:5"", ""2025:401752802:20:6"", ""2025:401752802:20:7"", ""2025:401752802:20:8"", ""2025:401752802:20:9"", ""2025:401752802:21:1"", ""2025:401752802:21:10"", ""2025:401752802:21:11"", ""2025:401752802:21:12"", ""2025:401752802:21:2"", ""2025:401752802:21:3"", ""2025:401752802:21:4"", ""2025:401752802:21:5"", ""2025:401752802:21:6"", ""2025:401752802:21:7"", ""2025:401752802:21:8"", ""2025:401752802:21:9"", ""2025:401752802:22:1"", ""2025:401752802:22:2"", ""2025:401752802:22:3"", ""2025:401752802:22:4"", ""2025:401752802:22:5"", ""2025:401752802:22:6"", ""2025:401752802:23:1"", ""2025:401752802:23:2""]"
85586b28603b0532,2024,401645344,Rice,attribution_only,dip_restore,0.0,corroborated,admitted,cfbd_drives_5a,"[""2024:401645344:11:4"", ""2024:401645344:12:1"", ""2024:401645344:13:7"", ""2024:401645344:14:1""]"
855f86854ab74859,2023,401531437,SMU,attribution_only,dip_restore,0.0,corroborated,admitted,cfbd_drives_5a,"[""2023:401531437:6:11"", ""2023:401531437:7:1""]"
856edac946c91047,2025,401756847,Fresno State,attribution_only,category_possession_reassignment,0.0,game_unusable,reverted_unverified,cfbd_drives_5a,"[""2025:401756847:2:8"", ""2025:401756847:3:1""]"
857f7c01886265d8,2022,401404092,Baylor,attribution_only,dip_restore,0.0,game_unusable,reverted_unverified,cfbd_drives_5a,"[""2022:401404092:10:6"", ""2022:401404092:8:17""]"
858d036687be3d21,2018,401022555,Nevada,attribution_only,dip_restore,0.0,corroborated,admitted,cfbd_drives_5a,"[""2018:401022555:12:5"", ""2018:401022555:13:1""]"
859821adefb082f8,2024,401643716,Wyoming,attribution_only,dip_restore,0.0,game_unusable,reverted_unverified,cfbd_drives_5a,"[""2024:401643716:1:11"", ""2024:401643716:2:1""]"
859ac8768262ac1c,2016,400869064,Tennessee,attribution_only,dip_restore,0.0,game_unusable,reverted_unverified,cfbd_drives_5a,"[""2016:400869064:7:4"", ""2016:400869064:8:1""]"
85bbccbf6abf7bf4,2023,401532439,Buffalo,attribution_only,dip_restore,0.0,game_unusable,reverted_unverified,cfbd_drives_5a,"[""2023:401532439:11:10"", ""2023:401532439:12:1""]"
85bfd37fdbadf958,2025,401752715,Tennessee,attribution_only,dip_restore,0.0,game_unusable,reverted_unverified,cfbd_drives_5a,"[""2025:401752715:17:7"", ""2025:401752715:18:1""]"
85c20b7e9349d2c8,2017,400944831,Appalachian State,attribution_only,dip_restore,0.0,corroborated,admitted,cfbd_drives_5a,"[""2017:400944831:14:4"", ""2017:400944831:15:1""]"
85cb4c92c107175b,2021,401282212,UTEP,attribution_only,dip_restore,0.0,corroborated,admitted,cfbd_drives_5a,"[""2021:401282212:14:9"", ""2021:401282212:15:1""]"
85d9a3c83d3e1702,2016,400869359,Texas Tech,attribution_only,dip_restore,0.0,corroborated,admitted,cfbd_drives_5a,"[""2016:400869359:7:8"", ""2016:400869359:8:1""]"
85e0dabadad93d99,2025,401762485,UT San Antonio,attribution_only,other,0.0,game_unusable,reverted_unverified,cfbd_drives_5a,"[""2025:401762485:18:1"", ""2025:401762485:21:2""]"
85e2433213dcf8f7,2021,401309540,Western Illinois,attribution_only,dip_restore,0.0,corroborated,admitted,cfbd_drives_5a,"[""2021:401309540:26:9"", ""2021:401309540:27:1""]"
861f82c943fd3135,2024,401629040,UMass,attribution_only,dip_restore,0.0,corroborated,admitted,cfbd_drives_5a,"[""2024:401629040:24:10"", ""2024:401629040:25:2""]"
8644ab9aa367751a,2018,401012806,South Florida,attribution_only,dip_restore,0.0,corroborated,admitted,cfbd_drives_5a,"[""2018:401012806:24:6"", ""2018:401012806:25:1""]"
864cd5d5d4ad3856,2021,401282763,Iowa,attribution_only,category_possession_reassignment,0.0,game_unusable,reverted_unverified,cfbd_drives_5a,"[""2021:401282763:19:8"", ""2021:401282763:22:13""]"
8675a28db704a347,2021,401282701,Miami,points_recovery,incomplete_stream,44.0,game_unusable,reverted_unverified,cfbd_drives_5a,"[""2021:401282701:11:10"", ""2021:401282701:13:17"", ""2021:401282701:14:14"", ""2021:401282701:16:4"", ""2021:401282701:18:10"", ""2021:401282701:3:1"", ""2021:401282701:3:12"", ""2021:401282701:5:11"", ""2021:401282701:9:7""]"
86979571169241d8,2023,401520220,BYU,attribution_only,dip_restore,0.0,corroborated,admitted,cfbd_drives_5a,"[""2023:401520220:23:1"", ""2023:401520220:24:1""]"
86a03317d1abb292,2025,401762829,Central Michigan,attribution_only,final_cap,0.0,game_unusable,reverted_unverified,cfbd_drives_5a,"[""2025:401762829:20:1"", ""2025:401762829:20:2""]"
86dd85741b4cedc9,2021,401331226,Maryland,attribution_only,dip_restore,0.0,corroborated,admitted,cfbd_drives_5a,"[""2021:401331226:14:6"", ""2021:401331226:15:1""]"
874feccb7c0495d5,2022,401403883,South Florida,attribution_only,dip_restore,0.0,game_unusable,reverted_unverified,cfbd_drives_5a,"[""2022:401403883:12:1"", ""2022:401403883:15:16""]"
87556fb31a54a356,2025,401761589,Charlotte,attribution_only,final_cap,0.0,game_unusable,reverted_unverified,cfbd_drives_5a,"[""2025:401761589:14:16"", ""2025:401761589:19:1"", ""2025:401761589:19:2"", ""2025:401761589:19:3"", ""2025:401761589:19:4"", ""2025:401761589:19:5"", ""2025:401761589:19:6"", ""2025:401761589:19:7"", ""2025:401761589:19:8"", ""2025:401761589:19:9""]"
87c25a8c4e017cd9,2021,401331159,Utah,attribution_only,dip_restore,0.0,corroborated,admitted,cfbd_drives_5a,"[""2021:401331159:16:3"", ""2021:401331159:17:1""]"
87cebf5ff424394c,2015,400787330,Toledo,attribution_only,dip_restore,0.0,corroborated,admitted,cfbd_drives_5a,"[""2015:400787330:21:10"", ""2015:400787330:22:1""]"
87d027f38438c5f0,2023,401525824,Texas,points_recovery,restoration_gt8,3.0,game_unusable,reverted_unverified,cfbd_drives_5a,"[""2023:401525824:3:2"", ""2023:401525824:4:1"", ""2023:401525824:7:1"", ""2023:401525824:8:1""]"
87d0790f727c1817,2022,401426530,Charlotte,points_recovery,incomplete_stream,13.0,game_unusable,reverted_unverified,cfbd_drives_5a,"[""2022:401426530:12:2"", ""2022:401426530:13:2"", ""2022:401426530:14:1"", ""2022:401426530:15:1"", ""2022:401426530:18:6"", ""2022:401426530:1:2"", ""2022:401426530:1:5"", ""2022:401426530:2:1"", ""2022:401426530:5:1"", ""2022:401426530:6:1"", ""2022:401426530:6:3"", ""2022:401426530:7:7"", ""2022:401426530:9:3"", ""2022:401426530:9:4"", ""2022:401426530:9:8""]"
87f206da4e8025ce,2021,401331654,Washington State,attribution_only,dip_restore,0.0,corroborated,admitted,cfbd_drives_5a,"[""2021:401331654:23:8"", ""2021:401331654:24:1""]"
881b9863b7abd495,2024,401640987,Kennesaw State,attribution_only,dip_restore,0.0,corroborated,admitted,cfbd_drives_5a,"[""2024:401640987:27:10"", ""2024:401640987:28:1""]"
8862900c54c582cd,2021,401309640,Georgia Southern,attribution_only,dip_restore,0.0,corroborated,admitted,cfbd_drives_5a,"[""2021:401309640:6:11"", ""2021:401309640:7:1""]"
887f5feb9dd1122d,2025,401752889,Ohio State,attribution_only,dip_restore,0.0,game_unusable,reverted_unverified,cfbd_drives_5a,"[""2025:401752889:11:1"", ""2025:401752889:13:8""]"
8885e3983d151db4,2021,401309547,Wyoming,attribution_only,final_cap,0.0,game_unusable,reverted_unverified,cfbd_drives_5a,"[""2021:401309547:24:1"", ""2021:401309547:24:2"", ""2021:401309547:24:3"", ""2021:401309547:24:4"", ""2021:401309547:24:5"", ""2021:401309547:24:6"", ""2021:401309547:24:7"", ""2021:401309547:24:8"", ""2021:401309547:25:1"", ""2021:401309547:25:3"", ""2021:401309547:25:5""]"
8891defe17fbcc09,2022,401426553,Army,attribution_only,incomplete_stream,0.0,game_unusable,reverted_unverified,cfbd_drives_5a,"[""2022:401426553:8:1""]"
889a7cb28888f2a2,2023,401520367,Maryland,attribution_only,dip_restore,0.0,corroborated,admitted,cfbd_drives_5a,"[""2023:401520367:16:9"", ""2023:401520367:17:1""]"
889d74c6d4c08628,2017,400944868,Georgia Southern,attribution_only,dip_restore,0.0,corroborated,admitted,cfbd_drives_5a,"[""2017:400944868:14:8"", ""2017:400944868:15:1""]"
88bdef5e13489c5d,2017,400945274,Nevada,attribution_only,dip_restore,0.0,game_unusable,reverted_unverified,cfbd_drives_5a,"[""2017:400945274:6:1"", ""2017:400945274:7:1"", ""2017:400945274:8:12"", ""2017:400945274:9:1""]"
88c324c097340ec5,2021,401309897,Arizona State,attribution_only,dip_restore,0.0,corroborated,admitted,cfbd_drives_5a,"[""2021:401309897:23:5"", ""2021:401309897:24:1""]"
88d05cb24eebd904,2023,401525881,UCF,attribution_only,dip_restore,0.0,corroborated,admitted,cfbd_drives_5a,"[""2023:401525881:4:7"", ""2023:401525881:5:1""]"
88dba54969516411,2022,401426335,Arkansas State,points_recovery,incomplete_stream,7.0,game_unusable,reverted_unverified,cfbd_drives_5a,"[""2022:401426335:22:13""]"
88f3183c926ffdcb,2015,400603907,Kentucky,attribution_only,dip_restore,0.0,game_unusable,reverted_unverified,cfbd_drives_5a,"[""2015:400603907:11:5"", ""2015:400603907:12:1""]"
890f3e1889a797d5,2023,401525836,Houston,points_recovery,dip_restore,1.0,game_unusable,reverted_unverified,cfbd_drives_5a,"[""2023:401525836:12:2""]"
89326aa1ee2d8fa0,2022,401411121,Pittsburgh,attribution_only,dip_restore,0.0,corroborated,admitted,cfbd_drives_5a,"[""2022:401411121:14:16"", ""2022:401411121:15:1""]"
8945f5e99f495212,2023,401520309,Connecticut,attribution_only,dip_restore,0.0,corroborated,admitted,cfbd_drives_5a,"[""2023:401520309:11:7"", ""2023:401520309:12:1"", ""2023:401520309:15:7"", ""2023:401520309:16:1""]"
89470cdafd0b0653,2023,401532610,Nevada,attribution_only,dip_restore,0.0,game_unusable,reverted_unverified,cfbd_drives_5a,"[""2023:401532610:15:1"", ""2023:401532610:18:6""]"
8976ce667ff63abf,2021,401309871,USC,attribution_only,dip_restore,0.0,game_unusable,reverted_unverified,cfbd_drives_5a,"[""2021:401309871:20:1"", ""2021:401309871:23:5"", ""2021:401309871:24:1""]"
89941df6e20bc138,2025,401752683,Auburn,attribution_only,dip_restore,0.0,corroborated,admitted,cfbd_drives_5a,"[""2025:401752683:6:3"", ""2025:401752683:7:1""]"
89a051b02d678fe4,2018,401013328,New Mexico State,attribution_only,dip_restore,0.0,game_unusable,reverted_unverified,cfbd_drives_5a,"[""2018:401013328:11:8"", ""2018:401013328:12:1""]"
89a0581d3831ac5f,2018,401020765,Central Michigan,attribution_only,dip_restore,0.0,corroborated,admitted,cfbd_drives_5a,"[""2018:401020765:22:8"", ""2018:401020765:23:1""]"
89ae3c6d673aa99b,2021,401282777,Michigan,attribution_only,dip_restore,0.0,game_unusable,reverted_unverified,cfbd_drives_5a,"[""2021:401282777:2:4"", ""2021:401282777:3:10"", ""2021:401282777:4:9"", ""2021:401282777:5:7""]"
89c2575bde6fcf05,2021,401309904,UCLA,points_recovery,incomplete_stream,27.0,game_unusable,reverted_unverified,cfbd_drives_5a,"[""2021:401309904:21:1"", ""2021:401309904:21:2"", ""2021:401309904:22:13"", ""2021:401309904:24:6"", ""2021:401309904:26:3""]"
89c680e78f82c071,2025,401754516,Stanford,attribution_only,dip_restore,0.0,game_unusable,reverted_unverified,cfbd_drives_5a,"[""2025:401754516:11:21"", ""2025:401754516:3:1"", ""2025:401754516:8:11"", ""2025:401754516:9:1""]"
89ddae66bb80a9f3,2021,401309891,Colorado,attribution_only,dip_restore,0.0,game_unusable,reverted_unverified,cfbd_drives_5a,"[""2021:401309891:1:13"", ""2021:401309891:2:1"", ""2021:401309891:3:8"", ""2021:401309891:4:17""]"
89e29693f1e900a6,2016,400869113,Oregon,attribution_only,dip_restore,0.0,game_unusable,reverted_unverified,cfbd_drives_5a,"[""2016:400869113:11:1"", ""2016:400869113:12:1""]"
89ec6c941a1d578f,2019,401112212,Tulsa,attribution_only,dip_restore,0.0,corroborated,admitted,cfbd_drives_5a,"[""2019:401112212:15:9"", ""2019:401112212:16:1""]"
89f4bc1febc4cec1,2017,400938619,New Mexico State,attribution_only,dip_restore,0.0,game_unusable,reverted_unverified,cfbd_drives_5a,"[""2017:400938619:14:5"", ""2017:400938619:16:1"", ""2017:400938619:21:9"", ""2017:400938619:23:7""]"
8a0e931fd912d926,2025,401762792,Kent State,points_recovery,dip_restore,7.0,game_unusable,reverted_unverified,cfbd_drives_5a,"[""2025:401762792:16:2"", ""2025:401762792:17:2"", ""2025:401762792:19:2"", ""2025:401762792:21:3""]"
8a1fe390c0c5c579,2025,401757224,Sam Houston State,attribution_only,dip_restore,0.0,game_unusable,reverted_unverified,cfbd_drives_5a,"[""2025:401757224:2:1"", ""2025:401757224:3:13""]"
8a2f729acacf2340,2015,400787482,Appalachian State,attribution_only,dip_restore,0.0,game_unusable,reverted_unverified,cfbd_drives_5a,"[""2015:400787482:27:9"", ""2015:400787482:28:1""]"
8a4023a64d5cac19,2021,401309859,Arizona,attribution_only,dip_restore,0.0,game_unusable,reverted_unverified,cfbd_drives_5a,"[""2021:401309859:13:3"", ""2021:401309859:14:2""]"
8a4f36f004910f2d,2021,401282243,Florida Atlantic,points_recovery,category_possession_reassignment,1.0,game_unusable,reverted_unverified,cfbd_drives_5a,"[""2021:401282243:12:1"", ""2021:401282243:13:13"", ""2021:401282243:5:2""]"
8a5c4053ca777b28,2022,401426550,Rice,points_recovery,incomplete_stream,17.0,game_unusable,reverted_unverified,cfbd_drives_5a,"[""2022:401426550:2:19"", ""2022:401426550:3:1"", ""2022:401426550:4:1"", ""2022:401426550:5:1"", ""2022:401426550:6:1"", ""2022:401426550:7:6"", ""2022:401426550:8:1""]"
8ab7616416bc969f,2025,401752780,Arkansas,points_recovery,dip_restore,3.0,game_unusable,reverted_unverified,cfbd_drives_5a,"[""2025:401752780:2:1""]"
8acaec6f2a6242d2,2025,401761655,Louisiana,points_recovery,incomplete_stream,20.0,game_unusable,reverted_unverified,cfbd_drives_5a,"[""2025:401761655:10:1"", ""2025:401761655:10:12"", ""2025:401761655:20:10"", ""2025:401761655:22:11""]"
8ada2520a13a7f62,2024,401644757,Akron,attribution_only,dip_restore,0.0,game_unusable,reverted_unverified,cfbd_drives_5a,"[""2024:401644757:10:6"", ""2024:401644757:1:1""]"
8ade22a0cb1cdd96,2021,401301041,UCF,attribution_only,dip_restore,0.0,game_unusable,reverted_unverified,cfbd_drives_5a,"[""2021:401301041:18:1"", ""2021:401301041:25:8""]"
8ae0a7df53e9a18f,2018,401019530,SMU,attribution_only,dip_restore,0.0,corroborated,admitted,cfbd_drives_5a,"[""2018:401019530:12:4"", ""2018:401019530:13:1""]"
8b240ee0ffabb4ce,2021,401309556,Maine,attribution_only,dip_restore,0.0,corroborated,admitted,cfbd_drives_5a,"[""2021:401309556:4:11"", ""2021:401309556:5:1""]"
8b3aa41beabfcd41,2021,401282224,Charlotte,attribution_only,dip_restore,0.0,corroborated,admitted,cfbd_drives_5a,"[""2021:401282224:2:9"", ""2021:401282224:3:1""]"
8b40511e57287632,2015,400756951,Pittsburgh,attribution_only,dip_restore,0.0,corroborated,admitted,cfbd_drives_5a,"[""2015:400756951:20:4"", ""2015:400756951:21:1""]"
8b4f4a4c01143258,2024,401628502,USC,attribution_only,dip_restore,0.0,corroborated,admitted,cfbd_drives_5a,"[""2024:401628502:22:2"", ""2024:401628502:23:1""]"
8b5ced595b415960,2023,401531922,Appalachian State,attribution_only,dip_restore,0.0,game_unusable,reverted_unverified,cfbd_drives_5a,"[""2023:401531922:20:12"", ""2023:401531922:21:1""]"
8b6de7925c9b65a1,2023,401523990,Colorado State,attribution_only,dip_restore,0.0,game_unusable,reverted_unverified,cfbd_drives_5a,"[""2023:401523990:21:2"", ""2023:401523990:22:2""]"
8b70841f85bc1fb4,2024,401640982,Liberty,attribution_only,final_cap,0.0,game_unusable,reverted_unverified,cfbd_drives_5a,"[""2024:401640982:25:1"", ""2024:401640982:25:2"", ""2024:401640982:25:3""]"
8b7f10dea50a7236,2023,401520349,UMass,attribution_only,dip_restore,0.0,corroborated,admitted,cfbd_drives_5a,"[""2023:401520349:10:6"", ""2023:401520349:11:1""]"
8bcd20cc92a6288e,2023,401520403,Coastal Carolina,attribution_only,dip_restore,0.0,corroborated,admitted,cfbd_drives_5a,"[""2023:401520403:16:11"", ""2023:401520403:17:1""]"
8c05480a56f0c260,2023,401551762,Rutgers,attribution_only,dip_restore,0.0,corroborated,admitted,cfbd_drives_5a,"[""2023:401551762:11:4"", ""2023:401551762:12:1""]"
8c14add78ae068d1,2022,401404040,Oregon State,attribution_only,dip_restore,0.0,corroborated,admitted,cfbd_drives_5a,"[""2022:401404040:8:5"", ""2022:401404040:9:1""]"
8c1631a8330a5b34,2022,401403930,Tennessee,attribution_only,dip_restore,0.0,corroborated,admitted,cfbd_drives_5a,"[""2022:401403930:5:18"", ""2022:401403930:6:1""]"
8c3814c11c682953,2021,401282660,Virginia,attribution_only,dip_restore,0.0,corroborated,admitted,cfbd_drives_5a,"[""2021:401282660:11:9"", ""2021:401282660:12:1""]"
8c910d39e3b0546e,2019,401117903,South Florida,attribution_only,dip_restore,0.0,corroborated,admitted,cfbd_drives_5a,"[""2019:401117903:17:1"", ""2019:401117903:18:1""]"
8cb7a4ea7f6da6d0,2023,401531422,Florida A&M,attribution_only,dip_restore,0.0,corroborated,admitted,cfbd_drives_5a,"[""2023:401531422:23:6"", ""2023:401531422:24:1""]"
8cc4860ce8902fbe,2021,401309858,Stanford,points_reduction,category_possession_reassignment,-7.0,game_unusable,reverted_unverified,cfbd_drives_5a,"[""2021:401309858:36:1""]"
8cde900d16e5f074,2019,401112130,TCU,attribution_only,dip_restore,0.0,corroborated,admitted,cfbd_drives_5a,"[""2019:401112130:14:12"", ""2019:401112130:15:1""]"
8ce3c737cdf327c0,2025,401752921,Michigan,attribution_only,dip_restore,0.0,indistinguishable_at_drive_level,reverted_unverified,cfbd_drives_5a,"[""2025:401752921:3:1"", ""2025:401752921:3:6""]"
8cf26042d2e20672,2023,401520376,Jacksonville State,attribution_only,dip_restore,0.0,corroborated,admitted,cfbd_drives_5a,"[""2023:401520376:7:9"", ""2023:401520376:8:1""]"
8d1cdbe5e826a4f9,2019,401112479,Clemson,attribution_only,dip_restore,0.0,corroborated,admitted,cfbd_drives_5a,"[""2019:401112479:19:8"", ""2019:401112479:20:1""]"
8d223d25330e7e53,2018,401032081,Missouri,attribution_only,dip_restore,0.0,game_unusable,reverted_unverified,cfbd_drives_5a,"[""2018:401032081:3:10"", ""2018:401032081:4:2""]"
8d337621bd43d6d2,2021,401301054,Navy,attribution_only,dip_restore,0.0,corroborated,admitted,cfbd_drives_5a,"[""2021:401301054:5:5"", ""2021:401301054:6:1""]"
8d457d926c07a823,2017,400945005,Northern Illinois,attribution_only,dip_restore,0.0,game_unusable,reverted_unverified,cfbd_drives_5a,"[""2017:400945005:10:1"", ""2017:400945005:13:1"", ""2017:400945005:18:11"", ""2017:400945005:30:7"", ""2017:400945005:8:3"", ""2017:400945005:9:1""]"
8d5f9647a1827f59,2025,401760388,Fresno State,attribution_only,dip_restore,0.0,corroborated,admitted,cfbd_drives_5a,"[""2025:401760388:16:10"", ""2025:401760388:17:1""]"
8d70e7d48b3ea86c,2024,401628335,South Florida,attribution_only,dip_restore,0.0,corroborated,admitted,cfbd_drives_5a,"[""2024:401628335:19:5"", ""2024:401628335:20:1""]"
8d7bb0493272a493,2022,401405065,Wisconsin,attribution_only,dip_restore,0.0,corroborated,admitted,cfbd_drives_5a,"[""2022:401405065:3:17"", ""2022:401405065:4:1""]"
8d7efd0fb812f70b,2021,401282674,Miami,attribution_only,category_possession_reassignment,0.0,game_unusable,reverted_unverified,cfbd_drives_5a,"[""2021:401282674:4:4"", ""2021:401282674:5:8""]"
8d9b672b4afe2946,2024,401636877,Texas Tech,attribution_only,dip_restore,0.0,corroborated,admitted,cfbd_drives_5a,"[""2024:401636877:1:11"", ""2024:401636877:2:1""]"
8da108ad4336f9b6,2023,401525506,Louisville,attribution_only,dip_restore,0.0,corroborated,admitted,cfbd_drives_5a,"[""2023:401525506:18:1"", ""2023:401525506:19:1""]"
8da952a786759e09,2023,401520247,Vanderbilt,attribution_only,dip_restore,0.0,corroborated,admitted,cfbd_drives_5a,"[""2023:401520247:22:8"", ""2023:401520247:23:1""]"
8dab6d622a541568,2022,401405126,Ohio State,attribution_only,dip_restore,0.0,corroborated,admitted,cfbd_drives_5a,"[""2022:401405126:23:11"", ""2022:401405126:24:1""]"
8dae513780b16211,2021,401287923,TCU,attribution_only,dip_restore,0.0,game_unusable,reverted_unverified,cfbd_drives_5a,"[""2021:401287923:15:3"", ""2021:401287923:9:1""]"
8db275f39b511d15,2025,401757297,Jacksonville State,points_recovery,other,3.0,game_unusable,reverted_unverified,cfbd_drives_5a,"[""2025:401757297:9:8""]"
8db4b06429946f67,2025,401754575,North Carolina,points_recovery,incomplete_stream,24.0,game_unusable,reverted_unverified,cfbd_drives_5a,"[""2025:401754575:12:11"", ""2025:401754575:15:1"", ""2025:401754575:16:1"", ""2025:401754575:17:1"", ""2025:401754575:19:4"", ""2025:401754575:2:4"", ""2025:401754575:3:9"", ""2025:401754575:6:1""]"
8dbc24b91a8a8cee,2022,401403973,Kent State,attribution_only,dip_restore,0.0,corroborated,admitted,cfbd_drives_5a,"[""2022:401403973:16:11"", ""2022:401403973:17:1""]"
8de683374669eec2,2023,401524023,Colorado,points_recovery,incomplete_stream,16.0,game_unusable,reverted_unverified,cfbd_drives_5a,"[""2023:401524023:20:6"", ""2023:401524023:22:6"", ""2023:401524023:23:1"", ""2023:401524023:24:12"", ""2023:401524023:28:11""]"
8df1e760ee280745,2024,401628446,Vanderbilt,attribution_only,dip_restore,0.0,game_unusable,reverted_unverified,cfbd_drives_5a,"[""2024:401628446:21:7"", ""2024:401628446:22:2""]"
8e02c81b8779e4c7,2017,400938622,Charlotte,attribution_only,dip_restore,0.0,corroborated,admitted,cfbd_drives_5a,"[""2017:400938622:2:5"", ""2017:400938622:3:1""]"
8e5022f7b7d72ee7,2021,401282660,Virginia,attribution_only,dip_restore,0.0,corroborated,admitted,cfbd_drives_5a,"[""2021:401282660:3:12"", ""2021:401282660:4:1""]"
8e5d40b3d4dda84c,2025,401760368,Utah State,attribution_only,dip_restore,0.0,game_unusable,reverted_unverified,cfbd_drives_5a,"[""2025:401760368:23:1"", ""2025:401760368:23:3""]"
8e63d86367e448e5,2018,401020686,Georgia State,attribution_only,dip_restore,0.0,corroborated,admitted,cfbd_drives_5a,"[""2018:401020686:15:14"", ""2018:401020686:16:1""]"
8e79f03a73e74688,2025,401761633,Troy,attribution_only,dip_restore,0.0,corroborated,admitted,cfbd_drives_5a,"[""2025:401761633:14:1"", ""2025:401761633:15:1""]"
8e8d1cd08ae139c5,2023,401532572,UNLV,attribution_only,restoration_gt8,0.0,game_unusable,reverted_unverified,cfbd_drives_5a,"[""2023:401532572:3:1"", ""2023:401532572:4:1"", ""2023:401532572:5:1"", ""2023:401532572:5:8"", ""2023:401532572:6:1""]"
8e8d5e2371e0325d,2025,401754582,Stanford,points_recovery,dip_restore,1.0,game_unusable,reverted_unverified,cfbd_drives_5a,"[""2025:401754582:12:11"", ""2025:401754582:12:3"", ""2025:401754582:14:8"", ""2025:401754582:15:14"", ""2025:401754582:18:7"", ""2025:401754582:28:13"", ""2025:401754582:28:9"", ""2025:401754582:5:5"", ""2025:401754582:8:9""]"
8e9c20bc4de2ef1a,2022,401416596,Buffalo,points_recovery,incomplete_stream,31.0,game_unusable,reverted_unverified,cfbd_drives_5a,"[""2022:401416596:1:13"", ""2022:401416596:1:15"", ""2022:401416596:1:3"", ""2022:401416596:1:7"", ""2022:401416596:1:9"", ""2022:401416596:5:1"", ""2022:401416596:6:1""]"
8e9f1170c0bf516a,2023,401525864,Kansas,attribution_only,dip_restore,0.0,corroborated,admitted,cfbd_drives_5a,"[""2023:401525864:4:6"", ""2023:401525864:5:1"", ""2023:401525864:6:11"", ""2023:401525864:7:1""]"
8eb7bb804523ca62,2025,401756923,Arizona State,attribution_only,dip_restore,0.0,corroborated,admitted,cfbd_drives_5a,"[""2025:401756923:25:15"", ""2025:401756923:26:1""]"
8ec21cf36ad2a7d7,2025,401756883,Ohio,attribution_only,dip_restore,0.0,game_unusable,reverted_unverified,cfbd_drives_5a,"[""2025:401756883:10:1"", ""2025:401756883:9:16""]"
8ee0e7b9a032d8db,2024,401635555,South Florida,attribution_only,dip_restore,0.0,corroborated,admitted,cfbd_drives_5a,"[""2024:401635555:4:3"", ""2024:401635555:5:1""]"
8f120e7e16f00b28,2023,401532407,Fresno State,attribution_only,final_cap,0.0,game_unusable,reverted_unverified,cfbd_drives_5a,"[""2023:401532407:17:1"", ""2023:401532407:17:2""]"
8f38a9bf51a256ca,2025,401769071,Oregon,attribution_only,dip_restore,0.0,indistinguishable_at_drive_level,reverted_unverified,cfbd_drives_5a,"[""2025:401769071:21:11"", ""2025:401769071:21:5""]"
8f3c8ab88404f44d,2017,400933930,Ole Miss,attribution_only,dip_restore,0.0,corroborated,admitted,cfbd_drives_5a,"[""2017:400933930:18:2"", ""2017:400933930:19:1"", ""2017:400933930:22:1"", ""2017:400933930:23:1""]"
8f3f92df6a5baaf7,2021,401308834,Army,attribution_only,other,0.0,game_unusable,reverted_unverified,cfbd_drives_5a,"[""2021:401308834:12:8"", ""2021:401308834:8:1""]"
8f471e8162a785a2,2023,401531404,Charlotte,attribution_only,dip_restore,0.0,corroborated,admitted,cfbd_drives_5a,"[""2023:401531404:17:15"", ""2023:401531404:18:1""]"
8f5c556f84092d3d,2025,401752794,Ohio,attribution_only,dip_restore,0.0,game_unusable,reverted_unverified,cfbd_drives_5a,"[""2025:401752794:6:6"", ""2025:401752794:7:2"", ""2025:401752794:8:11""]"
8f6cd61f291d7896,2025,401778334,Mississippi State,attribution_only,dip_restore,0.0,game_unusable,reverted_unverified,cfbd_drives_5a,"[""2025:401778334:21:9"", ""2025:401778334:22:3""]"
8f74b4c968f6cc09,2024,401641001,Kennesaw State,attribution_only,dip_restore,0.0,game_unusable,reverted_unverified,cfbd_drives_5a,"[""2024:401641001:11:2"", ""2024:401641001:12:11"", ""2024:401641001:13:1""]"
8f7ca00ca1be5033,2017,400937533,NC State,attribution_only,dip_restore,0.0,corroborated,admitted,cfbd_drives_5a,"[""2017:400937533:22:1"", ""2017:400937533:23:1""]"
8f8ded5f0bd34a55,2015,400763509,Indiana,attribution_only,dip_restore,0.0,corroborated,admitted,cfbd_drives_5a,"[""2015:400763509:18:3"", ""2015:400763509:19:1""]"
8faa2e6b740057cc,2025,401757303,Western Kentucky,points_recovery,incomplete_stream,14.0,game_unusable,reverted_unverified,cfbd_drives_5a,"[""2025:401757303:18:6"", ""2025:401757303:19:1"", ""2025:401757303:19:3""]"
8fc6cbb64121f516,2024,401645355,Tulsa,attribution_only,dip_restore,0.0,corroborated,admitted,cfbd_drives_5a,"[""2024:401645355:25:3"", ""2024:401645355:26:1"", ""2024:401645355:27:10"", ""2024:401645355:28:1""]"
8fd4950c1adf4309,2023,401520264,Minnesota,attribution_only,restoration_gt8,0.0,game_unusable,reverted_unverified,cfbd_drives_5a,"[""2023:401520264:1:1"", ""2023:401520264:5:1""]"
8fdd7dfc812d2a3b,2023,401520355,Nebraska,attribution_only,dip_restore,0.0,corroborated,admitted,cfbd_drives_5a,"[""2023:401520355:21:7"", ""2023:401520355:22:1""]"
8fe198141511f6ae,2023,401525529,Miami,attribution_only,dip_restore,0.0,game_unusable,reverted_unverified,cfbd_drives_5a,"[""2023:401525529:4:1"", ""2023:401525529:5:1""]"
8ff1256cf2c6a9a9,2025,401757230,Hawai_i,attribution_only,dip_restore,0.0,corroborated,admitted,cfbd_drives_5a,"[""2025:401757230:17:12"", ""2025:401757230:18:1""]"
8ff5634e4e084192,2025,401757226,Western Kentucky,points_reduction,category_possession_reassignment,-3.0,game_unusable,reverted_unverified,cfbd_drives_5a,"[""2025:401757226:21:10""]"
90015dfc12c8aa0e,2025,401752684,South Florida,attribution_only,dip_restore,0.0,game_unusable,reverted_unverified,cfbd_drives_5a,"[""2025:401752684:15:1"", ""2025:401752684:21:13""]"
902060dfcf1e7f13,2021,401331162,Cincinnati,attribution_only,dip_restore,0.0,corroborated,admitted,cfbd_drives_5a,"[""2021:401331162:4:2"", ""2021:401331162:5:1""]"
90403a2d24c779d2,2023,401532399,Morgan State,attribution_only,dip_restore,0.0,game_unusable,reverted_unverified,cfbd_drives_5a,"[""2023:401532399:10:1"", ""2023:401532399:9:9""]"
9081b20a442beedb,2021,401282121,Arkansas,attribution_only,other,0.0,game_unusable,reverted_unverified,cfbd_drives_5a,"[""2021:401282121:5:9"", ""2021:401282121:9:10""]"
9088b83dd87897b3,2018,401079833,East Carolina,attribution_only,dip_restore,0.0,game_unusable,reverted_unverified,cfbd_drives_5a,"[""2018:401079833:6:12"", ""2018:401079833:7:1""]"
90c01c51a9004afc,2017,400934543,Kansas State,points_recovery,dip_restore,7.0,game_unusable,reverted_unverified,cfbd_drives_5a,"[""2017:400934543:23:7""]"
90ce0b4d6e3ae616,2025,401778321,North Texas,points_recovery,incomplete_stream,49.0,game_unusable,reverted_unverified,cfbd_drives_5a,"[""2025:401778321:17:11"", ""2025:401778321:1:14"", ""2025:401778321:21:5"", ""2025:401778321:24:5"", ""2025:401778321:3:7"", ""2025:401778321:3:9"", ""2025:401778321:7:6""]"
90d3fc512b8f3f00,2024,401643715,Temple,attribution_only,dip_restore,0.0,corroborated,admitted,cfbd_drives_5a,"[""2024:401643715:19:3"", ""2024:401643715:20:1""]"
90fb2e0a446d825e,2022,401416604,Eastern Michigan,attribution_only,dip_restore,0.0,game_unusable,reverted_unverified,cfbd_drives_5a,"[""2022:401416604:2:2"", ""2022:401416604:3:9"", ""2022:401416604:5:9""]"
9105932f8896d19b,2017,400934556,Baylor,attribution_only,dip_restore,0.0,corroborated,admitted,cfbd_drives_5a,"[""2017:400934556:14:3"", ""2017:400934556:15:1""]"
910a4b3285d39368,2021,401310755,Utah State,attribution_only,dip_restore,0.0,corroborated,admitted,cfbd_drives_5a,"[""2021:401310755:10:9"", ""2021:401310755:11:1"", ""2021:401310755:8:4"", ""2021:401310755:9:1""]"
9113f13529cb06a8,2021,401309570,Bowling Green,attribution_only,restoration_gt8,0.0,game_unusable,reverted_unverified,cfbd_drives_5a,"[""2021:401309570:10:1"", ""2021:401309570:9:8""]"
9118001883fe13cd,2018,401013188,West Virginia,attribution_only,dip_restore,0.0,corroborated,admitted,cfbd_drives_5a,"[""2018:401013188:5:6"", ""2018:401013188:6:1""]"
914088d1236089a6,2017,400944842,Louisiana Monroe,attribution_only,dip_restore,0.0,cfbd_matches_neither,reverted_contradicted,cfbd_drives_5a,"[""2017:400944842:26:9"", ""2017:400944842:27:1""]"
91539d152fcfe9b2,2025,401754636,SMU,attribution_only,dip_restore,0.0,corroborated,admitted,cfbd_drives_5a,"[""2025:401754636:5:16"", ""2025:401754636:6:1""]"
917192676de2bc45,2022,401403935,Auburn,attribution_only,dip_restore,0.0,corroborated,admitted,cfbd_drives_5a,"[""2022:401403935:27:4"", ""2022:401403935:28:1""]"
917ac192688269e7,2021,401282728,Rutgers,attribution_only,dip_restore,0.0,corroborated,admitted,cfbd_drives_5a,"[""2021:401282728:19:1"", ""2021:401282728:20:1""]"
917bbacf455f3aff,2022,401416602,Central Michigan,attribution_only,dip_restore,0.0,corroborated,admitted,cfbd_drives_5a,"[""2022:401416602:21:7"", ""2022:401416602:22:1""]"
91896d12629bdad8,2022,401416620,Northern Illinois,attribution_only,dip_restore,0.0,game_unusable,reverted_unverified,cfbd_drives_5a,"[""2022:401416620:3:1"", ""2022:401416620:6:3""]"
91e3055cd7e06e09,2024,401636364,Bethune-Cookman,attribution_only,dip_restore,0.0,game_unusable,reverted_unverified,cfbd_drives_5a,"[""2024:401636364:14:2"", ""2024:401636364:15:1"", ""2024:401636364:15:2"", ""2024:401636364:20:15""]"
91f307912cb925e2,2023,401520262,Middle Tennessee,attribution_only,dip_restore,0.0,corroborated,admitted,cfbd_drives_5a,"[""2023:401520262:3:7"", ""2023:401520262:4:1""]"
92017784a7852fc4,2021,401309898,UCLA,attribution_only,dip_restore,0.0,corroborated,admitted,cfbd_drives_5a,"[""2021:401309898:8:5"", ""2021:401309898:9:1""]"
92060fc1ae346f6f,2022,401426565,Western Kentucky,attribution_only,dip_restore,0.0,game_unusable,reverted_unverified,cfbd_drives_5a,"[""2022:401426565:24:1"", ""2022:401426565:27:4"", ""2022:401426565:29:8""]"
920a8fedbb3c3d51,2018,401019511,Connecticut,attribution_only,dip_restore,0.0,game_unusable,reverted_unverified,cfbd_drives_5a,"[""2018:401019511:20:1"", ""2018:401019511:23:13"", ""2018:401019511:24:1"", ""2018:401019511:26:4"", ""2018:401019511:27:1"", ""2018:401019511:27:7"", ""2018:401019511:28:1""]"
9245ce0eff2a736f,2022,401411149,Pittsburgh,attribution_only,dip_restore,0.0,corroborated,admitted,cfbd_drives_5a,"[""2022:401411149:7:3"", ""2022:401411149:8:1""]"
926c61447d5f2e70,2022,401443542,Pittsburgh,attribution_only,dip_restore,0.0,corroborated,admitted,cfbd_drives_5a,"[""2022:401443542:25:7"", ""2022:401443542:26:1""]"
927f6a2c4a9fcfbd,2021,401282064,Mississippi State,attribution_only,dip_restore,0.0,game_unusable,reverted_unverified,cfbd_drives_5a,"[""2021:401282064:10:15"", ""2021:401282064:14:9"", ""2021:401282064:2:1""]"
92821d4adb7567f4,2022,401403876,Missouri,attribution_only,dip_restore,0.0,game_unusable,reverted_unverified,cfbd_drives_5a,"[""2022:401403876:11:8"", ""2022:401403876:1:1"", ""2022:401403876:2:2""]"
928c959e83adf763,2025,401762837,Kent State,attribution_only,other,0.0,game_unusable,reverted_unverified,cfbd_drives_5a,"[""2025:401762837:4:6"", ""2025:401762837:8:13""]"
929c743f4010dd46,2021,401309867,USC,attribution_only,dip_restore,0.0,corroborated,admitted,cfbd_drives_5a,"[""2021:401309867:7:5"", ""2021:401309867:8:1""]"
92b2266f3aeb3acc,2023,401520409,Georgia State,attribution_only,dip_restore,0.0,corroborated,admitted,cfbd_drives_5a,"[""2023:401520409:5:8"", ""2023:401520409:6:1""]"
92c266d1a00b18dc,2024,401634240,BYU,attribution_only,dip_restore,0.0,corroborated,admitted,cfbd_drives_5a,"[""2024:401634240:4:5"", ""2024:401634240:5:1""]"
92d053b740174109,2022,401404033,Colorado,attribution_only,dip_restore,0.0,corroborated,admitted,cfbd_drives_5a,"[""2022:401404033:16:9"", ""2022:401404033:17:1""]"
92e72240a3129a19,2025,401752697,Auburn,attribution_only,dip_restore,0.0,corroborated,admitted,cfbd_drives_5a,"[""2025:401752697:5:6"", ""2025:401752697:6:1""]"
92ff12922e639f72,2019,401117553,San Jose State,attribution_only,dip_restore,0.0,game_unusable,reverted_unverified,cfbd_drives_5a,"[""2019:401117553:22:1"", ""2019:401117553:23:1""]"
931d9f84364997f6,2025,401752784,Auburn,attribution_only,dip_restore,0.0,game_unusable,reverted_unverified,cfbd_drives_5a,"[""2025:401752784:12:11"", ""2025:401752784:14:13"", ""2025:401752784:1:1""]"
932d93f6d8ae4579,2021,401287937,Oklahoma State,attribution_only,dip_restore,0.0,corroborated,admitted,cfbd_drives_5a,"[""2021:401287937:8:7"", ""2021:401287937:9:1""]"
933b958885208fa1,2021,401282232,Western Kentucky,attribution_only,dip_restore,0.0,corroborated,admitted,cfbd_drives_5a,"[""2021:401282232:25:2"", ""2021:401282232:26:1""]"
93468921f03f4dce,2021,401310703,Nevada,attribution_only,dip_restore,0.0,game_unusable,reverted_unverified,cfbd_drives_5a,"[""2021:401310703:17:4"", ""2021:401310703:18:1""]"
935622cfebb391c5,2023,401532451,Toledo,attribution_only,dip_restore,0.0,game_unusable,reverted_unverified,cfbd_drives_5a,"[""2023:401532451:19:9"", ""2023:401532451:20:13"", ""2023:401532451:20:2""]"
935af9f22141b387,2024,401645355,Tulsa,attribution_only,dip_restore,0.0,corroborated,admitted,cfbd_drives_5a,"[""2024:401645355:33:9"", ""2024:401645355:34:1""]"
9367d2859f3b9b02,2017,400944888,South Alabama,attribution_only,dip_restore,0.0,game_unusable,reverted_unverified,cfbd_drives_5a,"[""2017:400944888:20:10"", ""2017:400944888:5:10"", ""2017:400944888:6:1"", ""2017:400944888:7:1""]"
937502fd439952a8,2021,401282695,Syracuse,attribution_only,dip_restore,0.0,game_unusable,reverted_unverified,cfbd_drives_5a,"[""2021:401282695:10:2"", ""2021:401282695:15:9"", ""2021:401282695:19:2"", ""2021:401282695:21:4""]"
9384dc9b60914b08,2022,401415630,Memphis,attribution_only,dip_restore,0.0,game_unusable,reverted_unverified,cfbd_drives_5a,"[""2022:401415630:19:5"", ""2022:401415630:20:1""]"
93b37a642dca39ce,2022,401415627,Tulsa,attribution_only,dip_restore,0.0,corroborated,admitted,cfbd_drives_5a,"[""2022:401415627:15:10"", ""2022:401415627:16:1""]"
93bb7a21c4670d1d,2025,401762838,Akron,attribution_only,dip_restore,0.0,game_unusable,reverted_unverified,cfbd_drives_5a,"[""2025:401762838:12:12"", ""2025:401762838:13:1""]"
93bc662268abbf92,2025,401760423,San Jose State,attribution_only,dip_restore,0.0,game_unusable,reverted_unverified,cfbd_drives_5a,"[""2025:401760423:22:7"", ""2025:401760423:23:6""]"
93c07aee7ef92b77,2024,401643765,Colorado State,attribution_only,dip_restore,0.0,corroborated,admitted,cfbd_drives_5a,"[""2024:401643765:25:8"", ""2024:401643765:26:1""]"
93c5afeaeff09df9,2023,401532444,Northern Illinois,attribution_only,dip_restore,0.0,corroborated,admitted,cfbd_drives_5a,"[""2023:401532444:3:14"", ""2023:401532444:4:1""]"
93db321a481bae19,2016,400876093,North Texas,attribution_only,dip_restore,0.0,corroborated,admitted,cfbd_drives_5a,"[""2016:400876093:8:12"", ""2016:400876093:9:1""]"
93e15f49fd37711c,2025,401752740,Missouri,points_recovery,incomplete_stream,23.0,game_unusable,reverted_unverified,cfbd_drives_5a,"[""2025:401752740:19:7"", ""2025:401752740:26:8"", ""2025:401752740:4:11"", ""2025:401752740:6:10""]"
93e6bdf05298ebd0,2025,401754596,North Carolina,attribution_only,dip_restore,0.0,indistinguishable_at_drive_level,reverted_unverified,cfbd_drives_5a,"[""2025:401754596:10:11"", ""2025:401754596:10:2""]"
93f8f3bf8523c01b,2023,401532426,Northern Illinois,points_reduction,category_possession_reassignment,-3.0,game_unusable,reverted_unverified,cfbd_drives_5a,"[""2023:401532426:10:14""]"
93fdeadf84c3a1ba,2024,401643762,UNLV,attribution_only,dip_restore,0.0,corroborated,admitted,cfbd_drives_5a,"[""2024:401643762:24:8"", ""2024:401643762:25:1""]"
941332d430f78b84,2017,400941851,Connecticut,points_recovery,dip_restore,6.0,corroborated,admitted,cfbd_drives_5a,"[""2017:400941851:21:19""]"
9427087f9c56f709,2024,401635583,Wake Forest,attribution_only,dip_restore,0.0,game_unusable,reverted_unverified,cfbd_drives_5a,"[""2024:401635583:11:9"", ""2024:401635583:12:1""]"
944906a9f92aa28b,2025,401761632,Marshall,points_recovery,incomplete_stream,40.0,game_unusable,reverted_unverified,cfbd_drives_5a,"[""2025:401761632:11:8"", ""2025:401761632:13:17"", ""2025:401761632:14:1"", ""2025:401761632:14:5"", ""2025:401761632:15:11"", ""2025:401761632:16:19"", ""2025:401761632:19:4"", ""2025:401761632:22:8"", ""2025:401761632:3:10"", ""2025:401761632:5:4"", ""2025:401761632:6:2"", ""2025:401761632:7:20""]"
94557fd4e98c9f28,2024,401643771,Hawai_i,attribution_only,dip_restore,0.0,game_unusable,reverted_unverified,cfbd_drives_5a,"[""2024:401643771:11:1"", ""2024:401643771:9:6""]"
945b4e413bca14a3,2025,401761632,Texas State,points_recovery,incomplete_stream,37.0,game_unusable,reverted_unverified,cfbd_drives_5a,"[""2025:401761632:11:14"", ""2025:401761632:13:1"", ""2025:401761632:14:5"", ""2025:401761632:15:1"", ""2025:401761632:17:31"", ""2025:401761632:19:4"", ""2025:401761632:1:6"", ""2025:401761632:20:8"", ""2025:401761632:21:8"", ""2025:401761632:2:3""]"
9470f075ea48d82c,2024,401643846,James Madison,points_recovery,category_possession_reassignment,3.0,game_unusable,reverted_unverified,cfbd_drives_5a,"[""2024:401643846:21:1"", ""2024:401643846:21:2""]"
9494616e77dee42e,2022,401426615,Western Kentucky,points_recovery,incomplete_stream,25.0,game_unusable,reverted_unverified,cfbd_drives_5a,"[""2022:401426615:10:1"", ""2022:401426615:15:1"", ""2022:401426615:16:1"", ""2022:401426615:17:1"", ""2022:401426615:18:1"", ""2022:401426615:1:12"", ""2022:401426615:1:4"", ""2022:401426615:1:6"", ""2022:401426615:20:1"", ""2022:401426615:8:4"", ""2022:401426615:9:3""]"
949574edffafd54f,2022,401426539,SMU,attribution_only,dip_restore,0.0,corroborated,admitted,cfbd_drives_5a,"[""2022:401426539:20:6"", ""2022:401426539:21:1""]"
94ef658246c6d51b,2025,401752683,Auburn,attribution_only,dip_restore,0.0,corroborated,admitted,cfbd_drives_5a,"[""2025:401752683:15:4"", ""2025:401752683:16:1""]"
950df4dd9fb13273,2024,401644752,Eastern Michigan,points_recovery,incomplete_stream,21.0,game_unusable,reverted_unverified,cfbd_drives_5a,"[""2024:401644752:14:13"", ""2024:401644752:16:9"", ""2024:401644752:17:1"", ""2024:401644752:18:13""]"
95250f92c1bf11a6,2022,401426563,Indiana,attribution_only,dip_restore,0.0,game_unusable,reverted_unverified,cfbd_drives_5a,"[""2022:401426563:27:1"", ""2022:401426563:27:2"", ""2022:401426563:28:1""]"
955ab7d626c5033f,2021,401309621,Georgia Southern,attribution_only,dip_restore,0.0,corroborated,admitted,cfbd_drives_5a,"[""2021:401309621:19:12"", ""2021:401309621:20:1""]"
956fb08deab1ec32,2022,401415632,Navy,points_recovery,incomplete_stream,19.0,game_unusable,reverted_unverified,cfbd_drives_5a,"[""2022:401415632:11:4"", ""2022:401415632:13:3"", ""2022:401415632:14:7"", ""2022:401415632:16:15"", ""2022:401415632:16:16"", ""2022:401415632:18:10"", ""2022:401415632:20:12"", ""2022:401415632:26:7""]"
957c0df50f51f158,2025,401761598,Georgia State,points_recovery,incomplete_stream,16.0,game_unusable,reverted_unverified,cfbd_drives_5a,"[""2025:401761598:4:13"", ""2025:401761598:4:20"", ""2025:401761598:5:2"", ""2025:401761598:6:3"", ""2025:401761598:8:9""]"
95a1874eb5d5be5d,2025,401754569,Boston College,attribution_only,final_cap,0.0,game_unusable,reverted_unverified,cfbd_drives_5a,"[""2025:401754569:17:1"", ""2025:401754569:17:2"", ""2025:401754569:17:3"", ""2025:401754569:17:4"", ""2025:401754569:17:5"", ""2025:401754569:18:1"", ""2025:401754569:18:2"", ""2025:401754569:18:3"", ""2025:401754569:18:4"", ""2025:401754569:19:1"", ""2025:401754569:19:2"", ""2025:401754569:19:3"", ""2025:401754569:19:4""]"
95ca541af75f2e0a,2021,401286306,UMass,attribution_only,dip_restore,0.0,corroborated,admitted,cfbd_drives_5a,"[""2021:401286306:6:6"", ""2021:401286306:7:1""]"
95d843c3c37708af,2018,401013365,Liberty,points_recovery,incomplete_stream,42.0,game_unusable,reverted_unverified,cfbd_drives_5a,"[""2018:401013365:11:3"", ""2018:401013365:12:1"", ""2018:401013365:22:4"", ""2018:401013365:24:4"", ""2018:401013365:26:1"", ""2018:401013365:31:1"", ""2018:401013365:31:7""]"
95fe70529f756744,2024,401635517,Stanford,attribution_only,dip_restore,0.0,corroborated,admitted,cfbd_drives_5a,"[""2024:401635517:19:10"", ""2024:401635517:20:1""]"
960c2ba8755903b4,2024,401645382,South Florida,attribution_only,dip_restore,0.0,game_unusable,reverted_unverified,cfbd_drives_5a,"[""2024:401645382:15:8"", ""2024:401645382:19:2"", ""2024:401645382:20:1"", ""2024:401645382:20:3""]"
961fe628e3b73e07,2025,401757260,Jacksonville State,attribution_only,dip_restore,0.0,corroborated,admitted,cfbd_drives_5a,"[""2025:401757260:13:5"", ""2025:401757260:14:1""]"
9632ff089448d668,2023,401524003,Stanford,points_recovery,incomplete_stream,10.0,game_unusable,reverted_unverified,cfbd_drives_5a,"[""2023:401524003:24:12"", ""2023:401524003:8:6"", ""2023:401524003:9:3""]"
963e746abc3739ee,2021,401310746,Nevada,attribution_only,dip_restore,0.0,corroborated,admitted,cfbd_drives_5a,"[""2021:401310746:18:6"", ""2021:401310746:19:1""]"
9650052e227252a2,2021,401282143,South Alabama,attribution_only,dip_restore,0.0,game_unusable,reverted_unverified,cfbd_drives_5a,"[""2021:401282143:10:2"", ""2021:401282143:10:3"", ""2021:401282143:10:4"", ""2021:401282143:10:5"", ""2021:401282143:10:7"", ""2021:401282143:11:1"", ""2021:401282143:12:1"", ""2021:401282143:12:2"", ""2021:401282143:12:3"", ""2021:401282143:12:4"", ""2021:401282143:12:5"", ""2021:401282143:13:1"", ""2021:401282143:13:2"", ""2021:401282143:13:3"", ""2021:401282143:13:5"", ""2021:401282143:13:6"", ""2021:401282143:13:7"", ""2021:401282143:18:5""]"
96744cf1c2c571a7,2025,401752779,South Carolina,attribution_only,dip_restore,0.0,indistinguishable_at_drive_level,reverted_unverified,cfbd_drives_5a,"[""2025:401752779:22:22"", ""2025:401752779:22:4"", ""2025:401752779:22:7""]"
96912c3fedf25e25,2015,400763536,Wisconsin,attribution_only,dip_restore,0.0,corroborated,admitted,cfbd_drives_5a,"[""2015:400763536:8:19"", ""2015:400763536:9:1""]"
9694d2b597272d64,2017,400935308,California,attribution_only,dip_restore,0.0,corroborated,admitted,cfbd_drives_5a,"[""2017:400935308:23:10"", ""2017:400935308:24:1""]"
96a16a4b9e00aea8,2021,401282096,Connecticut,attribution_only,dip_restore,0.0,corroborated,admitted,cfbd_drives_5a,"[""2021:401282096:22:11"", ""2021:401282096:23:1"", ""2021:401282096:24:7"", ""2021:401282096:25:1""]"
96b578a0827f4eac,2025,401762835,Bowling Green,attribution_only,dip_restore,0.0,corroborated,admitted,cfbd_drives_5a,"[""2025:401762835:12:7"", ""2025:401762835:13:1""]"
96bcb08c5318c757,2019,401117855,Wagner,attribution_only,dip_restore,0.0,corroborated,admitted,cfbd_drives_5a,"[""2019:401117855:18:1"", ""2019:401117855:19:1""]"
96c06055f0d1b45c,2023,401531920,South Alabama,attribution_only,dip_restore,0.0,game_unusable,reverted_unverified,cfbd_drives_5a,"[""2023:401531920:12:6"", ""2023:401531920:7:1""]"
96c9c93ea6a0bb30,2021,401282246,Rice,attribution_only,dip_restore,0.0,game_unusable,reverted_unverified,cfbd_drives_5a,"[""2021:401282246:13:18"", ""2021:401282246:14:1""]"
96e2bf428adf21cc,2023,401525836,Houston,attribution_only,dip_restore,0.0,game_unusable,reverted_unverified,cfbd_drives_5a,"[""2023:401525836:25:8""]"
96f6dff1ad3bbaab,2024,401636871,BYU,attribution_only,dip_restore,0.0,game_unusable,reverted_unverified,cfbd_drives_5a,"[""2024:401636871:15:2"", ""2024:401636871:16:9"", ""2024:401636871:19:10"", ""2024:401636871:20:7"", ""2024:401636871:23:15""]"
96f851f16884241c,2024,401628469,Oregon,attribution_only,dip_restore,0.0,game_unusable,reverted_unverified,cfbd_drives_5a,"[""2024:401628469:17:6"", ""2024:401628469:18:1""]"
971327c18a130029,2025,401760361,Fresno State,attribution_only,dip_restore,0.0,corroborated,admitted,cfbd_drives_5a,"[""2025:401760361:19:6"", ""2025:401760361:20:1""]"
9713af9d95b88667,2023,401525858,Baylor,attribution_only,dip_restore,0.0,game_unusable,reverted_unverified,cfbd_drives_5a,"[""2023:401525858:20:4"", ""2023:401525858:20:6"", ""2023:401525858:6:1"", ""2023:401525858:7:6"", ""2023:401525858:9:5""]"
972152f05823aea4,2023,401532624,UNLV,attribution_only,dip_restore,0.0,game_unusable,reverted_unverified,cfbd_drives_5a,"[""2023:401532624:16:10"", ""2023:401532624:3:6"", ""2023:401532624:5:5""]"
972d31cc54b4d68b,2024,401643765,Fresno State,points_recovery,incomplete_stream,14.0,corroborated,admitted,cfbd_drives_5a,"[""2024:401643765:10:6"", ""2024:401643765:12:12"", ""2024:401643765:14:1""]"
973a34294027a3a5,2025,401778302,Washington,attribution_only,dip_restore,0.0,game_unusable,reverted_unverified,cfbd_drives_5a,"[""2025:401778302:1:8"", ""2025:401778302:2:16""]"
974deca912716ae0,2025,401752937,Fresno State,points_recovery,dip_restore,6.0,game_unusable,reverted_unverified,cfbd_drives_5a,"[""2025:401752937:10:4"", ""2025:401752937:11:13"", ""2025:401752937:6:11"", ""2025:401752937:7:9"", ""2025:401752937:9:1""]"
9751190059b4aece,2025,401756900,Oklahoma State,attribution_only,dip_restore,0.0,game_unusable,reverted_unverified,cfbd_drives_5a,"[""2025:401756900:16:9"", ""2025:401756900:20:6"", ""2025:401756900:21:1"", ""2025:401756900:21:2"", ""2025:401756900:21:3""]"
976016a4e6e130b3,2024,401641041,Texas State,attribution_only,dip_restore,0.0,corroborated,admitted,cfbd_drives_5a,"[""2024:401641041:8:8"", ""2024:401641041:9:1""]"
97973ecdb5806a65,2022,401411092,West Virginia,attribution_only,dip_restore,0.0,game_unusable,reverted_unverified,cfbd_drives_5a,"[""2022:401411092:13:1"", ""2022:401411092:14:2""]"
97e58e01328c5e86,2022,401426584,UT San Antonio,attribution_only,dip_restore,0.0,corroborated,admitted,cfbd_drives_5a,"[""2022:401426584:17:5"", ""2022:401426584:18:1""]"
97f554ec19d03943,2019,401112488,Georgia Tech,points_recovery,dip_restore,7.0,game_unusable,reverted_unverified,cfbd_drives_5a,"[""2019:401112488:21:5""]"
980b19768f65ef20,2025,401757167,Central Connecticut,attribution_only,dip_restore,0.0,corroborated,admitted,cfbd_drives_5a,"[""2025:401757167:2:2"", ""2025:401757167:3:1""]"
984091b8feebaeb9,2022,401415648,Temple,attribution_only,dip_restore,0.0,corroborated,admitted,cfbd_drives_5a,"[""2022:401415648:4:10"", ""2022:401415648:5:1""]"
98548621011bc38e,2025,401762829,Akron,attribution_only,dip_restore,0.0,game_unusable,reverted_unverified,cfbd_drives_5a,"[""2025:401762829:11:1"", ""2025:401762829:13:10"", ""2025:401762829:14:1"", ""2025:401762829:14:2"", ""2025:401762829:14:3"", ""2025:401762829:14:4"", ""2025:401762829:14:5"", ""2025:401762829:14:6"", ""2025:401762829:14:7"", ""2025:401762829:14:8""]"
985619cebd2d1b9b,2017,400933840,Georgia Tech,attribution_only,dip_restore,0.0,corroborated,admitted,cfbd_drives_5a,"[""2017:400933840:13:13"", ""2017:400933840:14:1""]"
985842ef183d3443,2021,401282224,Florida International,attribution_only,dip_restore,0.0,corroborated,admitted,cfbd_drives_5a,"[""2021:401282224:1:13"", ""2021:401282224:2:1""]"
9868a7bad657423a,2021,401282226,Marshall,points_recovery,dip_restore,13.0,game_unusable,reverted_unverified,cfbd_drives_5a,"[""2021:401282226:10:16"", ""2021:401282226:10:18"", ""2021:401282226:22:12"", ""2021:401282226:23:1"", ""2021:401282226:5:6"", ""2021:401282226:6:2"", ""2021:401282226:7:1"", ""2021:401282226:9:19""]"
987d5ee2258ab355,2024,401641017,San Jose State,points_reduction,dip_restore,-1.0,game_unusable,reverted_unverified,cfbd_drives_5a,"[""2024:401641017:17:1"", ""2024:401641017:21:5""]"
987d69f7279f8486,2022,401426576,Middle Tennessee,attribution_only,dip_restore,0.0,corroborated,admitted,cfbd_drives_5a,"[""2022:401426576:10:1"", ""2022:401426576:9:4""]"
987e73171f4604d5,2023,401531883,Texas State,attribution_only,dip_restore,0.0,game_unusable,reverted_unverified,cfbd_drives_5a,"[""2023:401531883:1:2"", ""2023:401531883:2:6""]"
98989ad3ab4e419d,2025,401752775,Tennessee,attribution_only,dip_restore,0.0,indistinguishable_at_drive_level,reverted_unverified,cfbd_drives_5a,"[""2025:401752775:3:1"", ""2025:401752775:3:7""]"
98a142af5c7be17c,2025,401777325,Jacksonville State,attribution_only,dip_restore,0.0,game_unusable,reverted_unverified,cfbd_drives_5a,"[""2025:401777325:12:13"", ""2025:401777325:15:8""]"
98bd7389ec56d9d8,2015,400603867,Kentucky,attribution_only,final_cap,0.0,game_unusable,reverted_unverified,cfbd_drives_5a,"[""2015:400603867:19:11""]"
991b1a40c5330a9c,2022,401404117,Kansas State,attribution_only,dip_restore,0.0,corroborated,admitted,cfbd_drives_5a,"[""2022:401404117:2:4"", ""2022:401404117:3:1""]"
99450cfd9065bc93,2022,401415617,Navy,attribution_only,dip_restore,0.0,corroborated,admitted,cfbd_drives_5a,"[""2022:401415617:16:24"", ""2022:401415617:17:1""]"
998aaaff4e26d968,2022,401405089,Rutgers,attribution_only,dip_restore,0.0,corroborated,admitted,cfbd_drives_5a,"[""2022:401405089:6:6"", ""2022:401405089:7:1""]"
998d1723d480a815,2015,400603881,LSU,attribution_only,dip_restore,0.0,corroborated,admitted,cfbd_drives_5a,"[""2015:400603881:18:8"", ""2015:400603881:19:1""]"
999040c8a9915220,2024,401628343,Arizona State,attribution_only,dip_restore,0.0,corroborated,admitted,cfbd_drives_5a,"[""2024:401628343:10:1"", ""2024:401628343:9:13""]"
999e9fb852fe78a4,2023,401531902,South Alabama,attribution_only,dip_restore,0.0,corroborated,admitted,cfbd_drives_5a,"[""2023:401531902:23:6"", ""2023:401531902:24:1""]"
99dc87cb4779ce5c,2021,401310703,Nevada,attribution_only,dip_restore,0.0,game_unusable,reverted_unverified,cfbd_drives_5a,"[""2021:401310703:2:1"", ""2021:401310703:2:15"", ""2021:401310703:2:3"", ""2021:401310703:3:11""]"
99f6e9f620a90b48,2024,401629041,Buffalo,points_recovery,incomplete_stream,27.0,game_unusable,reverted_unverified,cfbd_drives_5a,"[""2024:401629041:14:11"", ""2024:401629041:18:2"", ""2024:401629041:19:12"", ""2024:401629041:1:6"", ""2024:401629041:20:1"", ""2024:401629041:3:1"", ""2024:401629041:8:7""]"
99f7292a683e74e6,2022,401405145,Michigan,attribution_only,dip_restore,0.0,corroborated,admitted,cfbd_drives_5a,"[""2022:401405145:1:8"", ""2022:401405145:2:1""]"
99faf069f8f704af,2021,401309834,Utah,attribution_only,dip_restore,0.0,corroborated,admitted,cfbd_drives_5a,"[""2021:401309834:3:8"", ""2021:401309834:4:1""]"
9a1374196d82b85b,2022,401426559,Rice,points_recovery,incomplete_stream,33.0,game_unusable,reverted_unverified,cfbd_drives_5a,"[""2022:401426559:11:2"", ""2022:401426559:18:14"", ""2022:401426559:18:18"", ""2022:401426559:4:1"", ""2022:401426559:5:1"", ""2022:401426559:8:1"", ""2022:401426559:9:3""]"
9a16dc5bfda4ea18,2016,400869114,Oregon State,attribution_only,dip_restore,0.0,game_unusable,reverted_unverified,cfbd_drives_5a,"[""2016:400869114:21:9"", ""2016:400869114:23:1""]"
9a1f3f6924dfda64,2025,401756907,Baylor,attribution_only,other,0.0,game_unusable,reverted_unverified,cfbd_drives_5a,"[""2025:401756907:23:1"", ""2025:401756907:24:14""]"
9a338f4088e2ca2f,2025,401752905,Northwestern,attribution_only,dip_restore,0.0,game_unusable,reverted_unverified,cfbd_drives_5a,"[""2025:401752905:8:11"", ""2025:401752905:8:4""]"
9a6b091c03ccc62d,2025,401754554,Virginia,points_recovery,incomplete_stream,30.0,game_unusable,reverted_unverified,cfbd_drives_5a,"[""2025:401754554:11:4"", ""2025:401754554:15:5"", ""2025:401754554:16:1"", ""2025:401754554:22:6"", ""2025:401754554:23:4"", ""2025:401754554:2:14"", ""2025:401754554:4:18"", ""2025:401754554:5:1""]"
9a875eb8bee1b4a3,2022,401404161,Liberty,attribution_only,dip_restore,0.0,corroborated,admitted,cfbd_drives_5a,"[""2022:401404161:21:7"", ""2022:401404161:22:1""]"
9a92bad8cf279379,2025,401757297,UTEP,attribution_only,restoration_gt8,0.0,game_unusable,reverted_unverified,cfbd_drives_5a,"[""2025:401757297:10:20"", ""2025:401757297:11:7"", ""2025:401757297:12:1""]"
9a9f8e48e5da6186,2025,401757224,UNLV,attribution_only,final_cap,0.0,game_unusable,reverted_unverified,cfbd_drives_5a,"[""2025:401757224:19:1"", ""2025:401757224:19:2"", ""2025:401757224:19:3"", ""2025:401757224:19:4"", ""2025:401757224:19:6"", ""2025:401757224:20:1"", ""2025:401757224:20:2"", ""2025:401757224:20:3"", ""2025:401757224:20:4"", ""2025:401757224:20:5"", ""2025:401757224:20:6"", ""2025:401757224:20:7"", ""2025:401757224:20:8"", ""2025:401757224:20:9"", ""2025:401757224:21:1"", ""2025:401757224:21:2"", ""2025:401757224:21:3"", ""2025:401757224:21:4"", ""2025:401757224:21:5""]"
9ab61272bc657c90,2022,401415626,East Carolina,attribution_only,other,0.0,game_unusable,reverted_unverified,cfbd_drives_5a,"[""2022:401415626:14:7"", ""2022:401415626:19:11""]"
9af0c9eae9258749,2021,401287947,West Virginia,attribution_only,dip_restore,0.0,corroborated,admitted,cfbd_drives_5a,"[""2021:401287947:1:11"", ""2021:401287947:2:1"", ""2021:401287947:7:12"", ""2021:401287947:8:1""]"
9b13e5c91bb6f57b,2021,401309905,Washington State,attribution_only,dip_restore,0.0,corroborated,admitted,cfbd_drives_5a,"[""2021:401309905:11:10"", ""2021:401309905:12:1""]"
9b4906687f3417ef,2022,401411114,Wofford,points_recovery,incomplete_stream,7.0,game_unusable,reverted_unverified,cfbd_drives_5a,"[""2022:401411114:17:1"", ""2022:401411114:17:4"", ""2022:401411114:3:21""]"
9b5c4e9d1ee47fca,2021,401282194,UT San Antonio,points_recovery,dip_restore,10.0,game_unusable,reverted_unverified,cfbd_drives_5a,"[""2021:401282194:15:18"", ""2021:401282194:16:1"", ""2021:401282194:21:3"", ""2021:401282194:23:10""]"
9b5f4d306a91e62b,2016,400869113,Nebraska,attribution_only,dip_restore,0.0,game_unusable,reverted_unverified,cfbd_drives_5a,"[""2016:400869113:14:9"", ""2016:400869113:15:1""]"
9b7009a4601eabaa,2023,401532447,Miami (OH),attribution_only,dip_restore,0.0,corroborated,admitted,cfbd_drives_5a,"[""2023:401532447:16:3"", ""2023:401532447:17:1""]"
9baba419659e8040,2017,400933915,Ole Miss,attribution_only,dip_restore,0.0,corroborated,admitted,cfbd_drives_5a,"[""2017:400933915:21:9"", ""2017:400933915:22:1""]"
9bb122ca4c7f58a1,2016,400869222,Hawai_i,points_recovery,incomplete_stream,17.0,game_unusable,reverted_unverified,cfbd_drives_5a,"[""2016:400869222:15:11"", ""2016:400869222:17:6"", ""2016:400869222:18:1"", ""2016:400869222:19:5"", ""2016:400869222:19:7""]"
9bd007b0e2756f88,2023,401520156,Ohio State,attribution_only,dip_restore,0.0,corroborated,admitted,cfbd_drives_5a,"[""2023:401520156:2:11"", ""2023:401520156:3:1""]"
9bd09a14f877ed75,2021,401282271,Louisiana Tech,points_reduction,category_possession_reassignment,-7.0,game_unusable,reverted_unverified,cfbd_drives_5a,"[""2021:401282271:19:8""]"
9be8d1db43b29daf,2023,401531349,Tulane,attribution_only,dip_restore,0.0,corroborated,admitted,cfbd_drives_5a,"[""2023:401531349:2:6"", ""2023:401531349:3:1""]"
9befe7fd89c53ba2,2016,400869486,Georgia Tech,attribution_only,dip_restore,0.0,game_unusable,reverted_unverified,cfbd_drives_5a,"[""2016:400869486:20:1"", ""2016:400869486:22:2""]"
9bf513e1f1e11e2d,2015,400757064,UCLA,attribution_only,dip_restore,0.0,corroborated,admitted,cfbd_drives_5a,"[""2015:400757064:8:16"", ""2015:400757064:9:1""]"
9c0d3e0f29789257,2018,401012880,Michigan State,attribution_only,dip_restore,0.0,corroborated,admitted,cfbd_drives_5a,"[""2018:401012880:21:11"", ""2018:401012880:22:1""]"
9c28624fad74c73f,2022,401403926,UT Martin,attribution_only,dip_restore,0.0,corroborated,admitted,cfbd_drives_5a,"[""2022:401403926:3:9"", ""2022:401403926:4:1""]"
9c44c7a6592231ea,2017,400944880,Louisiana Monroe,attribution_only,dip_restore,0.0,game_unusable,reverted_unverified,cfbd_drives_5a,"[""2017:400944880:21:6"", ""2017:400944880:22:1""]"
9c4a70d5f4be7144,2022,401416601,Coastal Carolina,points_recovery,incomplete_stream,7.0,game_unusable,reverted_unverified,cfbd_drives_5a,"[""2022:401416601:25:18""]"
9c5fae4cefca940e,2024,401628415,Missouri,attribution_only,dip_restore,0.0,corroborated,admitted,cfbd_drives_5a,"[""2024:401628415:19:9"", ""2024:401628415:20:1""]"
9c607e954dc28f8f,2018,401021683,Appalachian State,attribution_only,dip_restore,0.0,game_unusable,reverted_unverified,cfbd_drives_5a,"[""2018:401021683:21:1"", ""2018:401021683:21:3""]"
9c81e7f08377a8d5,2025,401778327,TCU,attribution_only,category_possession_reassignment,0.0,game_unusable,reverted_unverified,cfbd_drives_5a,"[""2025:401778327:22:1"", ""2025:401778327:23:3""]"
9caabef84b478ba7,2025,401762847,Central Michigan,attribution_only,dip_restore,0.0,indistinguishable_at_drive_level,reverted_unverified,cfbd_drives_5a,"[""2025:401762847:2:1"", ""2025:401762847:2:7""]"
9cb45fe46bd18553,2017,400933858,Ole Miss,attribution_only,category_possession_reassignment,0.0,game_unusable,reverted_unverified,cfbd_drives_5a,"[""2017:400933858:10:4"", ""2017:400933858:9:1""]"
9cf14e20e4b81dec,2016,400869519,Temple,attribution_only,dip_restore,0.0,corroborated,admitted,cfbd_drives_5a,"[""2016:400869519:18:6"", ""2016:400869519:19:1""]"
9cf22a775f2b6253,2022,401404111,Texas Tech,points_recovery,incomplete_stream,43.0,game_unusable,reverted_unverified,cfbd_drives_5a,"[""2022:401404111:13:4"", ""2022:401404111:17:10"", ""2022:401404111:1:11"", ""2022:401404111:21:10"", ""2022:401404111:23:5"", ""2022:401404111:2:1"", ""2022:401404111:3:13"", ""2022:401404111:5:7"", ""2022:401404111:6:5"", ""2022:401404111:8:1""]"
9cf8a916bc0aa777,2023,401525557,Syracuse,attribution_only,other,0.0,game_unusable,reverted_unverified,cfbd_drives_5a,"[""2023:401525557:12:10"", ""2023:401525557:16:5""]"
9cf945ccd287abdd,2025,401762494,Memphis,attribution_only,dip_restore,0.0,game_unusable,reverted_unverified,cfbd_drives_5a,"[""2025:401762494:12:1"", ""2025:401762494:14:17""]"
9d061c72ffc58b13,2025,401754615,SMU,attribution_only,dip_restore,0.0,corroborated,admitted,cfbd_drives_5a,"[""2025:401754615:18:3"", ""2025:401754615:19:1""]"
9d2f352a09049813,2015,400760498,Army,attribution_only,dip_restore,0.0,game_unusable,reverted_unverified,cfbd_drives_5a,"[""2015:400760498:11:8"", ""2015:400760498:13:1""]"
9d315220f650e9ac,2024,401645347,Navy,attribution_only,dip_restore,0.0,corroborated,admitted,cfbd_drives_5a,"[""2024:401645347:22:1"", ""2024:401645347:23:1""]"
9d38567dea2c73ba,2025,401762459,East Carolina,attribution_only,dip_restore,0.0,game_unusable,reverted_unverified,cfbd_drives_5a,"[""2025:401762459:3:10"", ""2025:401762459:4:16""]"
9d411265c24dc862,2022,401415241,Boise State,attribution_only,dip_restore,0.0,corroborated,admitted,cfbd_drives_5a,"[""2022:401415241:3:13"", ""2022:401415241:4:1""]"
9d4255b9abc9680f,2023,401525542,Virginia,attribution_only,dip_restore,0.0,game_unusable,reverted_unverified,cfbd_drives_5a,"[""2023:401525542:5:8"", ""2023:401525542:6:1""]"
9d881a2d8bd95c12,2025,401762794,Saint Francis,attribution_only,dip_restore,0.0,game_unusable,reverted_unverified,cfbd_drives_5a,"[""2025:401762794:17:13"", ""2025:401762794:22:1""]"
9d89e0eafe2d7cb6,2023,401525876,Oklahoma State,attribution_only,dip_restore,0.0,corroborated,admitted,cfbd_drives_5a,"[""2023:401525876:1:6"", ""2023:401525876:2:1""]"
9d8ccfdbdde514f8,2016,400869490,Boston College,attribution_only,dip_restore,0.0,corroborated,admitted,cfbd_drives_5a,"[""2016:400869490:18:10"", ""2016:400869490:19:1""]"
9da602d2a999cfb2,2016,400869313,Toledo,attribution_only,dip_restore,0.0,corroborated,admitted,cfbd_drives_5a,"[""2016:400869313:19:6"", ""2016:400869313:20:1""]"
9daa1012e9586a5e,2021,401309907,UCLA,attribution_only,dip_restore,0.0,corroborated,admitted,cfbd_drives_5a,"[""2021:401309907:16:13"", ""2021:401309907:17:1""]"
9daf37d90c8e26fa,2023,401531919,Arkansas State,attribution_only,dip_restore,0.0,corroborated,admitted,cfbd_drives_5a,"[""2023:401531919:12:1"", ""2023:401531919:13:1""]"
9db3847d4fa83555,2016,400869844,Louisiana,attribution_only,dip_restore,0.0,game_unusable,reverted_unverified,cfbd_drives_5a,"[""2016:400869844:19:17"", ""2016:400869844:20:1""]"
9de6b53c0b9fa8b9,2021,401309557,Texas State,attribution_only,dip_restore,0.0,corroborated,admitted,cfbd_drives_5a,"[""2021:401309557:16:6"", ""2021:401309557:17:1""]"
9df1a7095f75b900,2021,401387250,California,points_recovery,incomplete_stream,21.0,game_unusable,reverted_unverified,cfbd_drives_5a,"[""2021:401387250:16:8"", ""2021:401387250:2:16"", ""2021:401387250:3:15"", ""2021:401387250:6:10"", ""2021:401387250:7:1"", ""2021:401387250:7:10""]"
9df81467651152bd,2023,401525874,Oklahoma,points_recovery,dip_restore,6.0,game_unusable,reverted_unverified,cfbd_drives_5a,"[""2023:401525874:2:1""]"
9e05c5d52856ad6b,2022,401404148,Syracuse,attribution_only,dip_restore,0.0,game_unusable,reverted_unverified,cfbd_drives_5a,"[""2022:401404148:10:1"", ""2022:401404148:9:12""]"
9e125df13a432726,2022,401426531,UTEP,attribution_only,dip_restore,0.0,game_unusable,reverted_unverified,cfbd_drives_5a,"[""2022:401426531:10:5"", ""2022:401426531:12:1""]"
9e139e9dfb8663d5,2019,401183793,New Mexico,attribution_only,dip_restore,0.0,corroborated,admitted,cfbd_drives_5a,"[""2019:401183793:10:11"", ""2019:401183793:11:1""]"
9e14f80a684d26ff,2022,401416590,Eastern Michigan,attribution_only,dip_restore,0.0,corroborated,admitted,cfbd_drives_5a,"[""2022:401416590:12:9"", ""2022:401416590:13:1""]"
9e1b22a75671064c,2017,400944852,Texas State,attribution_only,dip_restore,0.0,corroborated,admitted,cfbd_drives_5a,"[""2017:400944852:16:8"", ""2017:400944852:17:1""]"
9e250e1a2a2cf36b,2025,401756890,Iowa State,attribution_only,dip_restore,0.0,game_unusable,reverted_unverified,cfbd_drives_5a,"[""2025:401756890:10:1"", ""2025:401756890:10:2"", ""2025:401756890:11:1"", ""2025:401756890:11:10"", ""2025:401756890:11:11"", ""2025:401756890:11:12"", ""2025:401756890:11:13"", ""2025:401756890:11:14"", ""2025:401756890:11:2"", ""2025:401756890:11:3"", ""2025:401756890:11:4"", ""2025:401756890:11:5"", ""2025:401756890:11:6"", ""2025:401756890:11:7"", ""2025:401756890:11:8"", ""2025:401756890:11:9"", ""2025:401756890:16:10"", ""2025:401756890:9:2"", ""2025:401756890:9:5"", ""2025:401756890:9:6""]"
9e3242293bd077ed,2021,401309882,California,attribution_only,dip_restore,0.0,game_unusable,reverted_unverified,cfbd_drives_5a,"[""2021:401309882:6:8"", ""2021:401309882:7:1""]"
9e3b9d27bee977cb,2021,401282259,Western Kentucky,attribution_only,restoration_gt8,0.0,game_unusable,reverted_unverified,cfbd_drives_5a,"[""2021:401282259:4:7"", ""2021:401282259:5:1"", ""2021:401282259:5:14""]"
9e6206cb8ebc9a29,2024,401636944,Iowa State,attribution_only,dip_restore,0.0,corroborated,admitted,cfbd_drives_5a,"[""2024:401636944:10:6"", ""2024:401636944:11:1"", ""2024:401636944:16:7"", ""2024:401636944:17:1""]"
9e6a9e43c5669173,2024,401644686,Ohio,attribution_only,dip_restore,0.0,corroborated,admitted,cfbd_drives_5a,"[""2024:401644686:25:6"", ""2024:401644686:26:1""]"
9e8c8cb09241e81b,2024,401645329,Memphis,attribution_only,category_possession_reassignment,0.0,game_unusable,reverted_unverified,cfbd_drives_5a,"[""2024:401645329:21:14"", ""2024:401645329:22:9""]"
9e8c993bd73af8d9,2022,401404126,North Carolina,attribution_only,dip_restore,0.0,corroborated,admitted,cfbd_drives_5a,"[""2022:401404126:23:9"", ""2022:401404126:24:1""]"
9e9afdd3d9548dd0,2023,401551757,Kansas,attribution_only,dip_restore,0.0,corroborated,admitted,cfbd_drives_5a,"[""2023:401551757:12:9"", ""2023:401551757:13:1"", ""2023:401551757:20:13"", ""2023:401551757:21:1"", ""2023:401551757:8:5"", ""2023:401551757:9:1""]"
9ea7b4106d0006a0,2022,401416627,Western Michigan,points_recovery,incomplete_stream,16.0,game_unusable,reverted_unverified,cfbd_drives_5a,"[""2022:401416627:10:1"", ""2022:401416627:11:10"", ""2022:401416627:13:1"", ""2022:401416627:14:1"", ""2022:401416627:1:4"", ""2022:401416627:1:6"", ""2022:401416627:9:1""]"
9eab0f41c72acec8,2022,401425418,Arkansas State,attribution_only,dip_restore,0.0,game_unusable,reverted_unverified,cfbd_drives_5a,"[""2022:401425418:13:10"", ""2022:401425418:14:1""]"
9ee46598b713175a,2017,400934570,Army,attribution_only,dip_restore,0.0,game_unusable,reverted_unverified,cfbd_drives_5a,"[""2017:400934570:11:1"", ""2017:400934570:9:20""]"
9f0428b4f8ebd8a6,2022,401411168,Georgia Tech,attribution_only,dip_restore,0.0,corroborated,admitted,cfbd_drives_5a,"[""2022:401411168:11:12"", ""2022:401411168:12:1""]"
9f139c90022b50f2,2022,401425418,Arkansas State,attribution_only,dip_restore,0.0,game_unusable,reverted_unverified,cfbd_drives_5a,"[""2022:401425418:4:5"", ""2022:401425418:6:1"", ""2022:401425418:7:8""]"
9f29898f498f2313,2016,400869413,North Texas,attribution_only,dip_restore,0.0,corroborated,admitted,cfbd_drives_5a,"[""2016:400869413:24:7"", ""2016:400869413:25:1"", ""2016:400869413:27:5"", ""2016:400869413:28:1""]"
9f3164b21e84403d,2021,401309553,Colorado State,attribution_only,dip_restore,0.0,corroborated,admitted,cfbd_drives_5a,"[""2021:401309553:16:11"", ""2021:401309553:17:1""]"
9f3e4f826c6350f9,2022,401405083,Northwestern,attribution_only,dip_restore,0.0,game_unusable,reverted_unverified,cfbd_drives_5a,"[""2022:401405083:16:1"", ""2022:401405083:18:11"", ""2022:401405083:24:16""]"
9f50ea2eae635f00,2023,401551773,Georgia,attribution_only,dip_restore,0.0,corroborated,admitted,cfbd_drives_5a,"[""2023:401551773:19:10"", ""2023:401551773:20:1""]"
9f5e2f550a37e4bc,2022,401411093,Wake Forest,attribution_only,dip_restore,0.0,corroborated,admitted,cfbd_drives_5a,"[""2022:401411093:20:5"", ""2022:401411093:21:1""]"
9f60c66d16850d29,2024,401643702,San Diego State,attribution_only,dip_restore,0.0,game_unusable,reverted_unverified,cfbd_drives_5a,"[""2024:401643702:17:1"", ""2024:401643702:17:3"", ""2024:401643702:18:8""]"
9f882f7f82975c23,2025,401757224,UNLV,attribution_only,dip_restore,0.0,game_unusable,reverted_unverified,cfbd_drives_5a,"[""2025:401757224:2:1"", ""2025:401757224:4:15""]"
9f8b49a48a4ef987,2021,401308834,Miami (OH),attribution_only,dip_restore,0.0,game_unusable,reverted_unverified,cfbd_drives_5a,"[""2021:401308834:18:2"", ""2021:401308834:8:1""]"
9f970c31c9aee40b,2024,401628625,Monmouth,attribution_only,dip_restore,0.0,corroborated,admitted,cfbd_drives_5a,"[""2024:401628625:10:17"", ""2024:401628625:11:1""]"
9fb3a26d6b6e9df0,2016,400869853,South Alabama,points_recovery,incomplete_stream,31.0,game_unusable,reverted_unverified,cfbd_drives_5a,"[""2016:400869853:13:1"", ""2016:400869853:16:11"", ""2016:400869853:17:1"", ""2016:400869853:5:1"", ""2016:400869853:6:9"", ""2016:400869853:7:1""]"
9fc7d8ada4f8d4cc,2022,401413216,Tulsa,attribution_only,dip_restore,0.0,game_unusable,reverted_unverified,cfbd_drives_5a,"[""2022:401413216:3:5"", ""2022:401413216:4:7"", ""2022:401413216:5:8"", ""2022:401413216:7:10""]"
9fe35277b712e02c,2025,401752820,Middle Tennessee,attribution_only,dip_restore,0.0,game_unusable,reverted_unverified,cfbd_drives_5a,"[""2025:401752820:2:18"", ""2025:401752820:3:13""]"
9ff36b4897b22a4a,2024,401645373,UAB,attribution_only,dip_restore,0.0,corroborated,admitted,cfbd_drives_5a,"[""2024:401645373:20:14"", ""2024:401645373:21:1"", ""2024:401645373:22:1"", ""2024:401645373:23:1""]"
9ff6586616b6013e,2021,401282694,Miami,attribution_only,dip_restore,0.0,corroborated,admitted,cfbd_drives_5a,"[""2021:401282694:2:4"", ""2021:401282694:3:1"", ""2021:401282694:4:11"", ""2021:401282694:5:1""]"
9ff69120d02a6727,2017,400941836,SMU,attribution_only,dip_restore,0.0,corroborated,admitted,cfbd_drives_5a,"[""2017:400941836:13:6"", ""2017:400941836:14:1""]"
9ffa3422d28193d6,2024,401628422,Murray State,attribution_only,dip_restore,0.0,corroborated,admitted,cfbd_drives_5a,"[""2024:401628422:17:19"", ""2024:401628422:18:1""]"
a001850f30424bbb,2024,401628512,Iowa,attribution_only,dip_restore,0.0,corroborated,admitted,cfbd_drives_5a,"[""2024:401628512:17:1"", ""2024:401628512:18:1""]"
a02e5098a3ee58d9,2023,401532596,San Jose State,attribution_only,dip_restore,0.0,corroborated,admitted,cfbd_drives_5a,"[""2023:401532596:5:5"", ""2023:401532596:6:1""]"
a050c56af5a286d8,2018,401020759,Toledo,points_recovery,dip_restore,6.0,game_unusable,reverted_unverified,cfbd_drives_5a,"[""2018:401020759:24:7""]"
a0687b63713c16f6,2022,401403994,Washington,attribution_only,dip_restore,0.0,corroborated,admitted,cfbd_drives_5a,"[""2022:401403994:12:5"", ""2022:401403994:13:1""]"
a074209ce6e396b9,2022,401415236,San Jose State,attribution_only,dip_restore,0.0,corroborated,admitted,cfbd_drives_5a,"[""2022:401415236:15:3"", ""2022:401415236:16:1""]"
a08a3847aa3d6c8c,2022,401411113,Virginia,attribution_only,dip_restore,0.0,game_unusable,reverted_unverified,cfbd_drives_5a,"[""2022:401411113:20:12"", ""2022:401411113:4:11"", ""2022:401411113:6:8""]"
a091e8d7c341f446,2016,400869289,Ohio,attribution_only,dip_restore,0.0,corroborated,admitted,cfbd_drives_5a,"[""2016:400869289:8:4"", ""2016:400869289:9:1""]"
a0bbe9d31268e854,2024,401628531,Penn State,attribution_only,dip_restore,0.0,game_unusable,reverted_unverified,cfbd_drives_5a,"[""2024:401628531:15:4"", ""2024:401628531:17:16""]"
a0c2b289dcd2590c,2025,401752824,Oregon,attribution_only,dip_restore,0.0,corroborated,admitted,cfbd_drives_5a,"[""2025:401752824:7:5"", ""2025:401752824:8:1""]"
a0d4eac700d0aaba,2023,401532578,Cal Poly,attribution_only,dip_restore,0.0,corroborated,admitted,cfbd_drives_5a,"[""2023:401532578:11:14"", ""2023:401532578:12:1""]"
a0efa4086ef4b459,2021,401282763,Wisconsin,attribution_only,dip_restore,0.0,game_unusable,reverted_unverified,cfbd_drives_5a,"[""2021:401282763:10:1"", ""2021:401282763:11:7"", ""2021:401282763:13:1""]"
a12dd4e1d917920a,2024,401634769,Duke,attribution_only,dip_restore,0.0,game_unusable,reverted_unverified,cfbd_drives_5a,"[""2024:401634769:24:7"", ""2024:401634769:25:1""]"
a15469d4c5888e6f,2023,401532591,Wyoming,attribution_only,dip_restore,0.0,game_unusable,reverted_unverified,cfbd_drives_5a,"[""2023:401532591:6:11"", ""2023:401532591:8:2""]"
a154d51aa771c681,2018,401022510,Colorado State,attribution_only,dip_restore,0.0,corroborated,admitted,cfbd_drives_5a,"[""2018:401022510:23:11"", ""2018:401022510:24:1""]"
a1588039bf7cc6b5,2022,401426382,Georgia Southern,attribution_only,category_possession_reassignment,0.0,game_unusable,reverted_unverified,cfbd_drives_5a,"[""2022:401426382:28:6"", ""2022:401426382:29:3""]"
a16de2a5fc231961,2021,401282691,Duke,attribution_only,dip_restore,0.0,corroborated,admitted,cfbd_drives_5a,"[""2021:401282691:17:10"", ""2021:401282691:18:1""]"
a19462f634648137,2025,401761588,Louisiana Monroe,attribution_only,dip_restore,0.0,corroborated,admitted,cfbd_drives_5a,"[""2025:401761588:19:5"", ""2025:401761588:20:1""]"
a19503384273d933,2025,401752785,Florida State,attribution_only,dip_restore,0.0,corroborated,admitted,cfbd_drives_5a,"[""2025:401752785:7:3"", ""2025:401752785:8:1""]"
a1ad110f8663d241,2023,401520423,Sam Houston State,attribution_only,dip_restore,0.0,corroborated,admitted,cfbd_drives_5a,"[""2023:401520423:8:8"", ""2023:401520423:9:1""]"
a1c98d09b4baa6c7,2025,401762793,Holy Cross,attribution_only,dip_restore,0.0,corroborated,admitted,cfbd_drives_5a,"[""2025:401762793:8:5"", ""2025:401762793:9:1""]"
a1da80bd4e485992,2017,400941831,Tulsa,attribution_only,dip_restore,0.0,corroborated,admitted,cfbd_drives_5a,"[""2017:400941831:3:3"", ""2017:400941831:4:1""]"
a1e92b5c5a25c08f,2023,401525557,Syracuse,attribution_only,final_cap,0.0,game_unusable,reverted_unverified,cfbd_drives_5a,"[""2023:401525557:21:1"", ""2023:401525557:21:10"", ""2023:401525557:21:11"", ""2023:401525557:21:2"", ""2023:401525557:21:3"", ""2023:401525557:21:4"", ""2023:401525557:21:5"", ""2023:401525557:21:6"", ""2023:401525557:21:7"", ""2023:401525557:21:8"", ""2023:401525557:21:9"", ""2023:401525557:22:1"", ""2023:401525557:22:2"", ""2023:401525557:23:1"", ""2023:401525557:23:2"", ""2023:401525557:23:3"", ""2023:401525557:23:4""]"
a219f6449708ed0a,2016,400869687,Wisconsin,attribution_only,dip_restore,0.0,corroborated,admitted,cfbd_drives_5a,"[""2016:400869687:21:9"", ""2016:400869687:22:1""]"
a241e812225d2aa8,2023,401551782,Liberty,attribution_only,final_cap,0.0,game_unusable,reverted_unverified,cfbd_drives_5a,"[""2023:401551782:1:8"", ""2023:401551782:2:9"", ""2023:401551782:3:6"", ""2023:401551782:3:8"", ""2023:401551782:4:1"", ""2023:401551782:4:2"", ""2023:401551782:4:3"", ""2023:401551782:4:4"", ""2023:401551782:5:1"", ""2023:401551782:5:2"", ""2023:401551782:5:3"", ""2023:401551782:5:4"", ""2023:401551782:5:5"", ""2023:401551782:5:6"", ""2023:401551782:5:7"", ""2023:401551782:5:8"", ""2023:401551782:5:9"", ""2023:401551782:6:1"", ""2023:401551782:6:2"", ""2023:401551782:6:3"", ""2023:401551782:6:5"", ""2023:401551782:6:6"", ""2023:401551782:6:7""]"
a26a29f8b322bcc5,2022,401404153,Ball State,attribution_only,dip_restore,0.0,corroborated,admitted,cfbd_drives_5a,"[""2022:401404153:24:8"", ""2022:401404153:25:1""]"
a26b598abd6e758d,2023,401524064,Arizona,attribution_only,dip_restore,0.0,corroborated,admitted,cfbd_drives_5a,"[""2023:401524064:3:12"", ""2023:401524064:4:1""]"
a26f637ca5bde7ac,2023,401526834,UMass,attribution_only,dip_restore,0.0,corroborated,admitted,cfbd_drives_5a,"[""2023:401526834:16:11"", ""2023:401526834:17:1""]"
a2a25f724d86afcc,2022,401411166,Florida State,attribution_only,dip_restore,0.0,corroborated,admitted,cfbd_drives_5a,"[""2022:401411166:14:6"", ""2022:401411166:15:1""]"
a2a92b81557626e2,2021,401309620,Louisiana,attribution_only,dip_restore,0.0,corroborated,admitted,cfbd_drives_5a,"[""2021:401309620:19:4"", ""2021:401309620:20:1""]"
a2be05b3fded472e,2022,401404049,Stanford,attribution_only,dip_restore,0.0,game_unusable,reverted_unverified,cfbd_drives_5a,"[""2022:401404049:2:11"", ""2022:401404049:6:13"", ""2022:401404049:7:1"", ""2022:401404049:7:15""]"
a2bf78ae0f694b99,2022,401411117,Virginia,attribution_only,dip_restore,0.0,corroborated,admitted,cfbd_drives_5a,"[""2022:401411117:15:14"", ""2022:401411117:16:1""]"
a2d578ad3f7891f0,2017,400944850,Appalachian State,attribution_only,dip_restore,0.0,game_unusable,reverted_unverified,cfbd_drives_5a,"[""2017:400944850:29:8"", ""2017:400944850:30:1""]"
a2f92b319315e993,2018,401012338,The Citadel,attribution_only,dip_restore,0.0,corroborated,admitted,cfbd_drives_5a,"[""2018:401012338:19:15"", ""2018:401012338:20:1""]"
a322db9922cb427b,2025,401760416,Colorado State,attribution_only,dip_restore,0.0,corroborated,admitted,cfbd_drives_5a,"[""2025:401760416:22:5"", ""2025:401760416:23:1""]"
a324f60ef6545b32,2023,401525860,Kansas,attribution_only,dip_restore,0.0,game_unusable,reverted_unverified,cfbd_drives_5a,"[""2023:401525860:14:1"", ""2023:401525860:15:5""]"
a34fa688d9fcdc1b,2023,401524061,Stanford,attribution_only,other,0.0,game_unusable,reverted_unverified,cfbd_drives_5a,"[""2023:401524061:19:4"", ""2023:401524061:21:7""]"
a3691fca754e050f,2022,401415225,San Jose State,attribution_only,restoration_gt8,0.0,game_unusable,reverted_unverified,cfbd_drives_5a,"[""2022:401415225:10:9"", ""2022:401415225:11:1""]"
a37f75cd7dd42843,2022,401426371,Coastal Carolina,attribution_only,dip_restore,0.0,corroborated,admitted,cfbd_drives_5a,"[""2022:401426371:3:7"", ""2022:401426371:4:1""]"
a3b3941af91624ee,2023,401520273,UNLV,attribution_only,dip_restore,0.0,game_unusable,reverted_unverified,cfbd_drives_5a,"[""2023:401520273:1:1"", ""2023:401520273:4:1""]"
a3c8c7e743b1ad04,2015,400787268,Nevada,attribution_only,dip_restore,0.0,corroborated,admitted,cfbd_drives_5a,"[""2015:400787268:12:11"", ""2015:400787268:13:1""]"
a42a7ab6594bcbd6,2019,401117538,Colorado State,attribution_only,dip_restore,0.0,game_unusable,reverted_unverified,cfbd_drives_5a,"[""2019:401117538:14:16"", ""2019:401117538:15:1""]"
a4314839b6a8aaeb,2024,401636380,Louisiana,attribution_only,dip_restore,0.0,corroborated,admitted,cfbd_drives_5a,"[""2024:401636380:5:9"", ""2024:401636380:6:1""]"
a45b717167f6eba9,2022,401415234,Wyoming,attribution_only,dip_restore,0.0,corroborated,admitted,cfbd_drives_5a,"[""2022:401415234:12:10"", ""2022:401415234:13:1""]"
a45e6c5fb5c7feee,2019,401117855,Connecticut,attribution_only,dip_restore,0.0,corroborated,admitted,cfbd_drives_5a,"[""2019:401117855:19:1"", ""2019:401117855:20:1""]"
a46d6b6990a3fb38,2025,401762831,Buffalo,points_recovery,incomplete_stream,31.0,game_unusable,reverted_unverified,cfbd_drives_5a,"[""2025:401762831:15:10"", ""2025:401762831:17:3"", ""2025:401762831:24:12"", ""2025:401762831:4:2"", ""2025:401762831:8:2"", ""2025:401762831:9:20""]"
a46e2fa73c1dc12d,2025,401761634,South Alabama,attribution_only,category_possession_reassignment,0.0,corroborated,admitted,cfbd_drives_5a,"[""2025:401761634:19:8"", ""2025:401761634:20:1""]"
a47f2346f53a7990,2017,400941829,Tulane,attribution_only,dip_restore,0.0,corroborated,admitted,cfbd_drives_5a,"[""2017:400941829:19:3"", ""2017:400941829:20:1""]"
a495c18a4575686e,2023,401525890,Oklahoma,attribution_only,dip_restore,0.0,game_unusable,reverted_unverified,cfbd_drives_5a,"[""2023:401525890:22:1"", ""2023:401525890:22:5"", ""2023:401525890:23:10""]"
a4a95ba5b512d6d3,2022,401405121,Rutgers,attribution_only,dip_restore,0.0,game_unusable,reverted_unverified,cfbd_drives_5a,"[""2022:401405121:5:14"", ""2022:401405121:6:1""]"
a4b64e0b10022cd7,2022,401404094,Oklahoma,points_recovery,incomplete_stream,7.0,game_unusable,reverted_unverified,cfbd_drives_5a,"[""2022:401404094:1:3"", ""2022:401404094:2:2"", ""2022:401404094:3:1""]"
a4c8fdf60eb6b805,2024,401636898,BYU,attribution_only,dip_restore,0.0,game_unusable,reverted_unverified,cfbd_drives_5a,"[""2024:401636898:19:10"", ""2024:401636898:20:3""]"
a4d2b181273b4332,2024,401628446,Tennessee,attribution_only,dip_restore,0.0,game_unusable,reverted_unverified,cfbd_drives_5a,"[""2024:401628446:19:2"", ""2024:401628446:20:2""]"
a4d56518b8883585,2025,401752764,Vanderbilt,attribution_only,dip_restore,0.0,game_unusable,reverted_unverified,cfbd_drives_5a,"[""2025:401752764:22:2"", ""2025:401752764:23:3""]"
a51034a238ff2494,2024,401628468,Ohio State,attribution_only,final_cap,0.0,game_unusable,reverted_unverified,cfbd_drives_5a,"[""2024:401628468:24:5"", ""2024:401628468:25:1"", ""2024:401628468:25:2"", ""2024:401628468:25:3"", ""2024:401628468:25:4"", ""2024:401628468:25:5"", ""2024:401628468:26:1"", ""2024:401628468:26:2"", ""2024:401628468:26:3"", ""2024:401628468:26:4"", ""2024:401628468:26:5""]"
a54807db32805797,2021,401287950,West Virginia,attribution_only,dip_restore,0.0,indistinguishable_at_drive_level,reverted_unverified,cfbd_drives_5a,"[""2021:401287950:6:18"", ""2021:401287950:6:20""]"
a54b474dadf75fb9,2021,401282096,Vanderbilt,attribution_only,dip_restore,0.0,corroborated,admitted,cfbd_drives_5a,"[""2021:401282096:10:1"", ""2021:401282096:9:16""]"
a55d17a8b6b6f931,2022,401426615,Florida Atlantic,points_recovery,incomplete_stream,24.0,game_unusable,reverted_unverified,cfbd_drives_5a,"[""2022:401426615:10:1"", ""2022:401426615:11:1"", ""2022:401426615:14:1"", ""2022:401426615:15:1"", ""2022:401426615:17:3"", ""2022:401426615:19:4"", ""2022:401426615:1:10"", ""2022:401426615:1:4"", ""2022:401426615:1:5"", ""2022:401426615:1:7"", ""2022:401426615:20:1"", ""2022:401426615:7:2""]"
a588f702979ca518,2024,401640989,New Mexico State,attribution_only,dip_restore,0.0,game_unusable,reverted_unverified,cfbd_drives_5a,"[""2024:401640989:6:13"", ""2024:401640989:7:2""]"
a58c21194cde51f8,2021,401309869,Washington State,attribution_only,dip_restore,0.0,corroborated,admitted,cfbd_drives_5a,"[""2021:401309869:16:6"", ""2021:401309869:17:1""]"
a59b09677426bca6,2023,401532393,Western Michigan,attribution_only,dip_restore,0.0,game_unusable,reverted_unverified,cfbd_drives_5a,"[""2023:401532393:1:11"", ""2023:401532393:4:1""]"
a5dc5e90fddacf62,2024,401628460,Washington,attribution_only,dip_restore,0.0,corroborated,admitted,cfbd_drives_5a,"[""2024:401628460:10:4"", ""2024:401628460:11:1"", ""2024:401628460:13:12"", ""2024:401628460:14:1""]"
a5dce513454cf7c8,2022,401426602,UAB,attribution_only,dip_restore,0.0,game_unusable,reverted_unverified,cfbd_drives_5a,"[""2022:401426602:17:10"", ""2022:401426602:18:1""]"
a5ec4f0c0c35533e,2025,401754547,Pittsburgh,attribution_only,dip_restore,0.0,corroborated,admitted,cfbd_drives_5a,"[""2025:401754547:3:2"", ""2025:401754547:4:1""]"
a5f40836c19fe2aa,2021,401282184,SE Louisiana,points_recovery,incomplete_stream,36.0,game_unusable,reverted_unverified,cfbd_drives_5a,"[""2021:401282184:14:4"", ""2021:401282184:16:14"", ""2021:401282184:20:17"", ""2021:401282184:4:13"", ""2021:401282184:5:1"", ""2021:401282184:6:1"", ""2021:401282184:6:10"", ""2021:401282184:6:4"", ""2021:401282184:7:1""]"
a6036bd3bcf7ff94,2021,401282128,Mississippi State,attribution_only,dip_restore,0.0,corroborated,admitted,cfbd_drives_5a,"[""2021:401282128:11:9"", ""2021:401282128:12:1""]"
a60d74615c140098,2022,401426360,Robert Morris,attribution_only,dip_restore,0.0,game_unusable,reverted_unverified,cfbd_drives_5a,"[""2022:401426360:14:1"", ""2022:401426360:4:14"", ""2022:401426360:9:1""]"
a6174dc13b2c6690,2016,400876108,Clemson,attribution_only,dip_restore,0.0,corroborated,admitted,cfbd_drives_5a,"[""2016:400876108:12:8"", ""2016:400876108:13:1""]"
a62612d0987c99de,2024,401644749,Western Michigan,attribution_only,dip_restore,0.0,game_unusable,reverted_unverified,cfbd_drives_5a,"[""2024:401644749:21:1"", ""2024:401644749:22:6""]"
a63289a96ef61e3a,2021,401282774,Michigan,attribution_only,dip_restore,0.0,corroborated,admitted,cfbd_drives_5a,"[""2021:401282774:16:2"", ""2021:401282774:17:1""]"
a64243c92ff25dd1,2016,400869821,Texas State,attribution_only,dip_restore,0.0,game_unusable,reverted_unverified,cfbd_drives_5a,"[""2016:400869821:28:2"", ""2016:400869821:29:2""]"
a6603a9b54ee1e73,2015,400603893,Florida,attribution_only,dip_restore,0.0,game_unusable,reverted_unverified,cfbd_drives_5a,"[""2015:400603893:10:5"", ""2015:400603893:11:2"", ""2015:400603893:14:10"", ""2015:400603893:15:1""]"
a6ccd4f699e3a936,2023,401531344,Tulane,attribution_only,dip_restore,0.0,game_unusable,reverted_unverified,cfbd_drives_5a,"[""2023:401531344:15:2"", ""2023:401531344:20:10""]"
a6fbad5ba0a1bb8e,2025,401752724,Texas A&M,attribution_only,dip_restore,0.0,game_unusable,reverted_unverified,cfbd_drives_5a,"[""2025:401752724:13:1"", ""2025:401752724:23:6"", ""2025:401752724:24:1"", ""2025:401752724:24:2"", ""2025:401752724:24:3""]"
a70d9b556853def3,2019,401117883,South Florida,attribution_only,dip_restore,0.0,corroborated,admitted,cfbd_drives_5a,"[""2019:401117883:11:4"", ""2019:401117883:12:1""]"
a73629430ceb7cb6,2025,401762489,Temple,points_recovery,restoration_gt8,7.0,game_unusable,reverted_unverified,cfbd_drives_5a,"[""2025:401762489:6:2"", ""2025:401762489:6:5"", ""2025:401762489:8:4""]"
a7552d4f11d2fc6c,2018,401013185,Wake Forest,attribution_only,dip_restore,0.0,game_unusable,reverted_unverified,cfbd_drives_5a,"[""2018:401013185:16:1"", ""2018:401013185:18:1""]"
a76771d23e2a9bb9,2025,401754603,Miami,attribution_only,other,0.0,game_unusable,reverted_unverified,cfbd_drives_5a,"[""2025:401754603:10:13"", ""2025:401754603:7:6""]"
a7876edf3a26d6fd,2025,401756850,Arizona State,attribution_only,dip_restore,0.0,corroborated,admitted,cfbd_drives_5a,"[""2025:401756850:4:8"", ""2025:401756850:5:1""]"
a78b1eaff813f200,2025,401778315,Florida International,attribution_only,dip_restore,0.0,cfbd_supports_baseline,reverted_contradicted,cfbd_drives_5a,"[""2025:401778315:17:11"", ""2025:401778315:17:6""]"
a7b194cfad1b173a,2017,400937493,Clemson,attribution_only,dip_restore,0.0,corroborated,admitted,cfbd_drives_5a,"[""2017:400937493:10:1"", ""2017:400937493:9:11""]"
a7bc63855e189d71,2022,401415637,East Carolina,points_recovery,incomplete_stream,27.0,game_unusable,reverted_unverified,cfbd_drives_5a,"[""2022:401415637:13:4"", ""2022:401415637:15:17"", ""2022:401415637:17:12"", ""2022:401415637:20:3"", ""2022:401415637:22:1""]"
a7c430b03021a401,2022,401405072,Georgia Southern,attribution_only,dip_restore,0.0,corroborated,admitted,cfbd_drives_5a,"[""2022:401405072:10:6"", ""2022:401405072:11:1""]"
a7d49a32ee69afb1,2021,401310757,Fresno State,attribution_only,dip_restore,0.0,game_unusable,reverted_unverified,cfbd_drives_5a,"[""2021:401310757:10:1"", ""2021:401310757:8:1""]"
a8077bab48990917,2023,401520389,LSU,attribution_only,dip_restore,0.0,corroborated,admitted,cfbd_drives_5a,"[""2023:401520389:21:4"", ""2023:401520389:22:1""]"
a807cae2099f1a2b,2021,401309898,Colorado,attribution_only,dip_restore,0.0,corroborated,admitted,cfbd_drives_5a,"[""2021:401309898:7:11"", ""2021:401309898:8:1""]"
a81c4a43848c96c9,2021,401282795,Minnesota,points_reduction,other,-1.0,game_unusable,reverted_unverified,cfbd_drives_5a,"[""2021:401282795:15:6""]"
a82e12298ca3c03f,2024,401628539,Penn State,attribution_only,dip_restore,0.0,corroborated,admitted,cfbd_drives_5a,"[""2024:401628539:2:4"", ""2024:401628539:3:1""]"
a84fbbd8e8640433,2023,401520222,Liberty,attribution_only,dip_restore,0.0,game_unusable,reverted_unverified,cfbd_drives_5a,"[""2023:401520222:24:1"", ""2023:401520222:28:1""]"
a8539b23513ba32d,2018,401012259,Vanderbilt,attribution_only,dip_restore,0.0,corroborated,admitted,cfbd_drives_5a,"[""2018:401012259:18:13"", ""2018:401012259:19:1""]"
a85cc4238824bbd8,2024,401628323,Georgia,attribution_only,dip_restore,0.0,corroborated,admitted,cfbd_drives_5a,"[""2024:401628323:12:7"", ""2024:401628323:13:1""]"
a8628b4801ddd024,2019,401112251,Ohio State,attribution_only,dip_restore,0.0,corroborated,admitted,cfbd_drives_5a,"[""2019:401112251:27:11"", ""2019:401112251:28:1""]"
a875f43df46de2f3,2023,401531424,Navy,attribution_only,dip_restore,0.0,game_unusable,reverted_unverified,cfbd_drives_5a,"[""2023:401531424:27:2"", ""2023:401531424:28:1""]"
a876d898b47bac11,2021,401309899,Arizona,points_reduction,category_possession_reassignment,-3.0,game_unusable,reverted_unverified,cfbd_drives_5a,"[""2021:401309899:19:16""]"
a884722233e90558,2024,401644727,Buffalo,attribution_only,dip_restore,0.0,game_unusable,reverted_unverified,cfbd_drives_5a,"[""2024:401644727:3:9"", ""2024:401644727:4:1""]"
a89dba2c92664335,2025,401754531,Wake Forest,attribution_only,dip_restore,0.0,cfbd_matches_neither,reverted_contradicted,cfbd_drives_5a,"[""2025:401754531:1:1"", ""2025:401754531:2:1""]"
a8b6994a477cc419,2022,401426371,Coastal Carolina,attribution_only,dip_restore,0.0,corroborated,admitted,cfbd_drives_5a,"[""2022:401426371:17:4"", ""2022:401426371:18:1""]"
a8caadbc9aaf15e6,2025,401757171,Connecticut,attribution_only,dip_restore,0.0,corroborated,admitted,cfbd_drives_5a,"[""2025:401757171:20:12"", ""2025:401757171:21:1""]"
a8cff4c3f5aa4386,2022,401404000,Oregon State,attribution_only,dip_restore,0.0,game_unusable,reverted_unverified,cfbd_drives_5a,"[""2022:401404000:10:2"", ""2022:401404000:12:6"", ""2022:401404000:13:7"", ""2022:401404000:16:3"", ""2022:401404000:18:2"", ""2022:401404000:4:10"", ""2022:401404000:8:14"", ""2022:401404000:8:2""]"
a8d5d26275db52f0,2025,401762835,Bowling Green,attribution_only,dip_restore,0.0,corroborated,admitted,cfbd_drives_5a,"[""2025:401762835:24:2"", ""2025:401762835:25:1""]"
a8d636e6e13aab34,2017,400937464,North Carolina,attribution_only,dip_restore,0.0,game_unusable,reverted_unverified,cfbd_drives_5a,"[""2017:400937464:1:14"", ""2017:400937464:2:1""]"
a8ebb9cedb51d488,2024,401636868,Texas Tech,points_recovery,incomplete_stream,49.0,game_unusable,reverted_unverified,cfbd_drives_5a,"[""2024:401636868:11:2"", ""2024:401636868:13:4"", ""2024:401636868:15:6"", ""2024:401636868:25:4"", ""2024:401636868:27:11"", ""2024:401636868:2:8"", ""2024:401636868:3:1"", ""2024:401636868:4:7"", ""2024:401636868:5:1"", ""2024:401636868:6:10"", ""2024:401636868:6:3"", ""2024:401636868:7:2"", ""2024:401636868:8:2"", ""2024:401636868:9:3""]"
a8ee460288f42d43,2022,401415269,Boise State,attribution_only,dip_restore,0.0,corroborated,admitted,cfbd_drives_5a,"[""2022:401415269:24:3"", ""2022:401415269:25:1"", ""2022:401415269:25:4"", ""2022:401415269:26:1""]"
a8f3ce1c5b1b1673,2025,401761630,Georgia Southern,attribution_only,dip_restore,0.0,corroborated,admitted,cfbd_drives_5a,"[""2025:401761630:1:10"", ""2025:401761630:2:1""]"
a903385c801eb508,2024,401634206,Colorado,attribution_only,dip_restore,0.0,game_unusable,reverted_unverified,cfbd_drives_5a,"[""2024:401634206:2:7"", ""2024:401634206:3:2""]"
a94169b0dfa198be,2021,401309618,Georgia State,attribution_only,dip_restore,0.0,corroborated,admitted,cfbd_drives_5a,"[""2021:401309618:4:11"", ""2021:401309618:5:1"", ""2021:401309618:8:9"", ""2021:401309618:9:1""]"
a9583ade03a9d424,2021,401309581,Western Michigan,attribution_only,dip_restore,0.0,corroborated,admitted,cfbd_drives_5a,"[""2021:401309581:2:15"", ""2021:401309581:3:1""]"
a96650b2b4c2e127,2016,400869412,Florida Atlantic,attribution_only,dip_restore,0.0,corroborated,admitted,cfbd_drives_5a,"[""2016:400869412:3:10"", ""2016:400869412:4:1""]"
a9adffbce7f0e036,2023,401539484,Troy,attribution_only,dip_restore,0.0,corroborated,admitted,cfbd_drives_5a,"[""2023:401539484:21:6"", ""2023:401539484:22:1""]"
a9f77466833135d5,2023,401525816,UCF,attribution_only,dip_restore,0.0,game_unusable,reverted_unverified,cfbd_drives_5a,"[""2023:401525816:1:2"", ""2023:401525816:2:1"", ""2023:401525816:3:1"", ""2023:401525816:4:1""]"
aa067e4847b1fb1c,2022,401404041,Stanford,attribution_only,dip_restore,0.0,corroborated,admitted,cfbd_drives_5a,"[""2022:401404041:15:12"", ""2022:401404041:16:1""]"
aa0c94ea7a712c35,2025,401778323,Houston,attribution_only,dip_restore,0.0,game_unusable,reverted_unverified,cfbd_drives_5a,"[""2025:401778323:10:15"", ""2025:401778323:12:1""]"
aa0f40c0774113a0,2018,401012246,Alabama,attribution_only,dip_restore,0.0,cfbd_matches_neither,reverted_contradicted,cfbd_drives_5a,"[""2018:401012246:18:1"", ""2018:401012246:19:1""]"
aa13bf08534a7450,2025,401754558,Clemson,points_recovery,dip_restore,3.0,game_unusable,reverted_unverified,cfbd_drives_5a,"[""2025:401754558:10:4""]"
aa1d03457e5271fd,2021,401309551,Murray State,points_recovery,incomplete_stream,10.0,game_unusable,reverted_unverified,cfbd_drives_5a,"[""2021:401309551:10:1"", ""2021:401309551:12:1"", ""2021:401309551:12:2"", ""2021:401309551:7:1"", ""2021:401309551:8:1"", ""2021:401309551:9:1""]"
aa31e25eb352ed3c,2025,401756953,UCF,attribution_only,dip_restore,0.0,game_unusable,reverted_unverified,cfbd_drives_5a,"[""2025:401756953:15:5"", ""2025:401756953:16:1"", ""2025:401756953:9:3""]"
aa4276fdf13a724f,2024,401628347,Michigan,attribution_only,dip_restore,0.0,corroborated,admitted,cfbd_drives_5a,"[""2024:401628347:19:9"", ""2024:401628347:20:1""]"
aa4ff7bb2dd29954,2023,401520172,Louisiana Tech,attribution_only,dip_restore,0.0,corroborated,admitted,cfbd_drives_5a,"[""2023:401520172:15:6"", ""2023:401520172:16:1""]"
aa504fbe86eb052b,2022,401415216,Nevada,attribution_only,dip_restore,0.0,corroborated,admitted,cfbd_drives_5a,"[""2022:401415216:23:10"", ""2022:401415216:24:1""]"
aa589cf2ea9526ef,2021,401310700,New Mexico State,points_recovery,dip_restore,2.0,game_unusable,reverted_unverified,cfbd_drives_5a,"[""2021:401310700:18:1""]"
aa66c0f3b73a2b1d,2022,401405144,Ohio State,attribution_only,dip_restore,0.0,indistinguishable_at_drive_level,reverted_unverified,cfbd_drives_5a,"[""2022:401405144:18:5"", ""2022:401405144:18:7""]"
aa66c95a28d74006,2023,401551755,Eastern Michigan,attribution_only,incomplete_stream,0.0,game_unusable,reverted_unverified,cfbd_drives_5a,"[""2023:401551755:5:6"", ""2023:401551755:6:1"", ""2023:401551755:6:2"", ""2023:401551755:6:3"", ""2023:401551755:6:4"", ""2023:401551755:6:5"", ""2023:401551755:6:6"", ""2023:401551755:7:1"", ""2023:401551755:7:2"", ""2023:401551755:8:1"", ""2023:401551755:8:2"", ""2023:401551755:8:4"", ""2023:401551755:8:5"", ""2023:401551755:9:1"", ""2023:401551755:9:2"", ""2023:401551755:9:3"", ""2023:401551755:9:4"", ""2023:401551755:9:5"", ""2023:401551755:9:6"", ""2023:401551755:9:7"", ""2023:401551755:9:8"", ""2023:401551755:9:9""]"
aa74a2f2a8764b7c,2024,401628515,Oregon,attribution_only,dip_restore,0.0,corroborated,admitted,cfbd_drives_5a,"[""2024:401628515:8:5"", ""2024:401628515:9:1""]"
aa78610904c4f0f6,2022,401404059,Texas,attribution_only,dip_restore,0.0,corroborated,admitted,cfbd_drives_5a,"[""2022:401404059:21:12"", ""2022:401404059:22:1""]"
aaa8750a84a27552,2017,400944903,Western Michigan,attribution_only,dip_restore,0.0,corroborated,admitted,cfbd_drives_5a,"[""2017:400944903:11:7"", ""2017:400944903:12:1""]"
aab82422ec03166e,2023,401520288,LSU,attribution_only,dip_restore,0.0,corroborated,admitted,cfbd_drives_5a,"[""2023:401520288:21:5"", ""2023:401520288:22:1""]"
ab06db8c97a084c3,2021,401309904,UCLA,attribution_only,restoration_gt8,0.0,game_unusable,reverted_unverified,cfbd_drives_5a,"[""2021:401309904:6:9"", ""2021:401309904:7:1""]"
ab1ec1c13c66f820,2022,401416614,Western Michigan,attribution_only,dip_restore,0.0,game_unusable,reverted_unverified,cfbd_drives_5a,"[""2022:401416614:19:11"", ""2022:401416614:20:1""]"
ab2a1314926c82db,2021,401287941,Kansas,attribution_only,dip_restore,0.0,game_unusable,reverted_unverified,cfbd_drives_5a,"[""2021:401287941:21:11"", ""2021:401287941:22:1""]"
ab2f7109028dde76,2025,401754519,Louisville,attribution_only,dip_restore,0.0,corroborated,admitted,cfbd_drives_5a,"[""2025:401754519:6:3"", ""2025:401754519:7:1""]"
ab43d945b1861701,2023,401520162,Michigan,attribution_only,dip_restore,0.0,corroborated,admitted,cfbd_drives_5a,"[""2023:401520162:6:9"", ""2023:401520162:7:1""]"
ab57f187d570fd9f,2023,401524032,Oregon State,attribution_only,dip_restore,0.0,corroborated,admitted,cfbd_drives_5a,"[""2023:401524032:2:6"", ""2023:401524032:3:1""]"
ab5a477a86b02964,2021,401309909,Arizona State,attribution_only,dip_restore,0.0,corroborated,admitted,cfbd_drives_5a,"[""2021:401309909:18:10"", ""2021:401309909:19:1""]"
ab650f0efaf181f8,2024,401635557,TCU,attribution_only,dip_restore,0.0,game_unusable,reverted_unverified,cfbd_drives_5a,"[""2024:401635557:4:19"", ""2024:401635557:5:1""]"
ab70b67362eb5102,2023,401551769,Penn State,attribution_only,dip_restore,0.0,corroborated,admitted,cfbd_drives_5a,"[""2023:401551769:24:4"", ""2023:401551769:25:1""]"
ab776370e67a6b72,2024,401643698,Sacramento State,attribution_only,dip_restore,0.0,corroborated,admitted,cfbd_drives_5a,"[""2024:401643698:21:13"", ""2024:401643698:22:1""]"
ab88d4f87301efab,2024,401644687,Miami (OH),attribution_only,dip_restore,0.0,corroborated,admitted,cfbd_drives_5a,"[""2024:401644687:12:7"", ""2024:401644687:13:1""]"
abacde25bdce0d38,2016,400869140,Oregon,attribution_only,dip_restore,0.0,corroborated,admitted,cfbd_drives_5a,"[""2016:400869140:19:5"", ""2016:400869140:20:1""]"
abc97417601a0ba2,2024,401634169,Purdue,attribution_only,dip_restore,0.0,corroborated,admitted,cfbd_drives_5a,"[""2024:401634169:8:3"", ""2024:401634169:9:1""]"
abde98306b6d9746,2023,401525502,VMI,attribution_only,dip_restore,0.0,game_unusable,reverted_unverified,cfbd_drives_5a,"[""2023:401525502:14:7"", ""2023:401525502:15:1""]"
ac02757af4f08e4b,2021,401282137,New Mexico State,attribution_only,dip_restore,0.0,corroborated,admitted,cfbd_drives_5a,"[""2021:401282137:11:12"", ""2021:401282137:12:1""]"
ac0e70689507ea1f,2023,401525847,BYU,attribution_only,dip_restore,0.0,game_unusable,reverted_unverified,cfbd_drives_5a,"[""2023:401525847:10:2"", ""2023:401525847:12:10"", ""2023:401525847:13:2"", ""2023:401525847:16:16"", ""2023:401525847:17:1"", ""2023:401525847:9:14""]"
ac0ee414f1743a85,2016,400868956,Notre Dame,attribution_only,dip_restore,0.0,game_unusable,reverted_unverified,cfbd_drives_5a,"[""2016:400868956:27:3"", ""2016:400868956:28:1""]"
ac1b22450ff90c13,2023,401525506,Louisville,attribution_only,dip_restore,0.0,corroborated,admitted,cfbd_drives_5a,"[""2023:401525506:12:6"", ""2023:401525506:13:1""]"
ac3c5e64c6d7f14e,2021,401287933,Iowa State,attribution_only,dip_restore,0.0,corroborated,admitted,cfbd_drives_5a,"[""2021:401287933:14:7"", ""2021:401287933:15:1""]"
ac65a99d0245dd5d,2023,401525542,Georgia Tech,points_recovery,dip_restore,14.0,game_unusable,reverted_unverified,cfbd_drives_5a,"[""2023:401525542:1:1"", ""2023:401525542:2:1""]"
ac78e28706bb1e1e,2015,400852730,USC,attribution_only,dip_restore,0.0,corroborated,admitted,cfbd_drives_5a,"[""2015:400852730:13:6"", ""2015:400852730:14:1""]"
acd64f6e6295bc2e,2021,401282724,Indiana,attribution_only,dip_restore,0.0,corroborated,admitted,cfbd_drives_5a,"[""2021:401282724:19:4"", ""2021:401282724:20:1""]"
ace0a6c7605b7c6b,2015,400603836,Southern Mississippi,attribution_only,dip_restore,0.0,game_unusable,reverted_unverified,cfbd_drives_5a,"[""2015:400603836:22:16"", ""2015:400603836:23:1""]"
ad1d06217e59d5a2,2023,401532420,Akron,attribution_only,dip_restore,0.0,corroborated,admitted,cfbd_drives_5a,"[""2023:401532420:19:11"", ""2023:401532420:20:1"", ""2023:401532420:4:5"", ""2023:401532420:5:1""]"
ad2e8575a5479092,2021,401310743,Fresno State,attribution_only,dip_restore,0.0,corroborated,admitted,cfbd_drives_5a,"[""2021:401310743:14:8"", ""2021:401310743:15:1""]"
ad5050cac0d261e9,2024,401636930,BYU,attribution_only,dip_restore,0.0,corroborated,admitted,cfbd_drives_5a,"[""2024:401636930:11:13"", ""2024:401636930:12:1""]"
ad548e917d793896,2023,401520412,Southern Mississippi,attribution_only,final_cap,0.0,game_unusable,reverted_unverified,cfbd_drives_5a,"[""2023:401520412:24:2"", ""2023:401520412:24:3""]"
ad5e3c0dc3e3e16c,2022,401415256,Air Force,attribution_only,dip_restore,0.0,corroborated,admitted,cfbd_drives_5a,"[""2022:401415256:17:9"", ""2022:401415256:18:1""]"
ad608c8b3f8641b1,2015,400756886,Eastern Washington,attribution_only,dip_restore,0.0,corroborated,admitted,cfbd_drives_5a,"[""2015:400756886:8:6"", ""2015:400756886:9:1""]"
ad718c90afa2558d,2025,401752798,USC,attribution_only,dip_restore,0.0,corroborated,admitted,cfbd_drives_5a,"[""2025:401752798:7:4"", ""2025:401752798:8:1""]"
ada88271aaef6b0b,2024,401645377,UAB,attribution_only,dip_restore,0.0,corroborated,admitted,cfbd_drives_5a,"[""2024:401645377:11:11"", ""2024:401645377:12:1""]"
adaafef1b22fef0a,2021,401287905,Kansas State,attribution_only,dip_restore,0.0,corroborated,admitted,cfbd_drives_5a,"[""2021:401287905:7:12"", ""2021:401287905:8:1""]"
adb9fe91abc9016a,2024,401628361,Texas,attribution_only,dip_restore,0.0,corroborated,admitted,cfbd_drives_5a,"[""2024:401628361:24:6"", ""2024:401628361:25:1""]"
adcd2788c52d4d54,2021,401282250,UAB,attribution_only,dip_restore,0.0,corroborated,admitted,cfbd_drives_5a,"[""2021:401282250:8:8"", ""2021:401282250:9:1""]"
addfc8305b681b7a,2025,401754586,Florida State,attribution_only,dip_restore,0.0,indistinguishable_at_drive_level,reverted_unverified,cfbd_drives_5a,"[""2025:401754586:18:11"", ""2025:401754586:18:17""]"
adf444a7379754ec,2021,401309871,Utah,attribution_only,dip_restore,0.0,game_unusable,reverted_unverified,cfbd_drives_5a,"[""2021:401309871:20:9"", ""2021:401309871:21:1""]"
ae001d9523a65cf0,2022,401411166,Florida State,attribution_only,dip_restore,0.0,corroborated,admitted,cfbd_drives_5a,"[""2022:401411166:5:8"", ""2022:401411166:6:1""]"
ae051202ebd32643,2023,401525823,Oklahoma State,points_reduction,restoration_gt8,-3.0,game_unusable,reverted_unverified,cfbd_drives_5a,"[""2023:401525823:11:11""]"
ae1e69183715fa44,2016,400869171,Oregon State,attribution_only,dip_restore,0.0,corroborated,admitted,cfbd_drives_5a,"[""2016:400869171:16:8"", ""2016:400869171:17:1""]"
ae2f5118bbb9b242,2015,400787478,Louisiana,attribution_only,dip_restore,0.0,corroborated,admitted,cfbd_drives_5a,"[""2015:400787478:20:14"", ""2015:400787478:21:1""]"
ae3308114a0ba765,2023,401531379,UAB,attribution_only,dip_restore,0.0,corroborated,admitted,cfbd_drives_5a,"[""2023:401531379:22:10"", ""2023:401531379:23:1""]"
ae580ddd99353b40,2015,400756889,Washington State,attribution_only,dip_restore,0.0,corroborated,admitted,cfbd_drives_5a,"[""2015:400756889:15:13"", ""2015:400756889:16:1""]"
ae80b09c98c0f4ff,2024,401645344,UT San Antonio,attribution_only,dip_restore,0.0,corroborated,admitted,cfbd_drives_5a,"[""2024:401645344:10:1"", ""2024:401645344:9:10""]"
ae9d0619c44d5dae,2023,401531339,Temple,attribution_only,dip_restore,0.0,game_unusable,reverted_unverified,cfbd_drives_5a,"[""2023:401531339:14:2"", ""2023:401531339:17:7""]"
aea1054ec76abe81,2022,401415621,Campbell,attribution_only,dip_restore,0.0,game_unusable,reverted_unverified,cfbd_drives_5a,"[""2022:401415621:1:13"", ""2022:401415621:2:7""]"
aea67354923e2e71,2024,401636919,Kansas,points_recovery,incomplete_stream,7.0,game_unusable,reverted_unverified,cfbd_drives_5a,"[""2024:401636919:20:1""]"
aeb3349dfde396f0,2022,401411175,Miami,attribution_only,dip_restore,0.0,corroborated,admitted,cfbd_drives_5a,"[""2022:401411175:19:10"", ""2022:401411175:20:1"", ""2022:401411175:21:13"", ""2022:401411175:22:1""]"
aeb53ed9563cf6b4,2024,401635557,SMU,attribution_only,dip_restore,0.0,game_unusable,reverted_unverified,cfbd_drives_5a,"[""2024:401635557:22:7"", ""2024:401635557:23:1""]"
aebd0e5f71a3880b,2021,401287909,Oklahoma State,points_recovery,incomplete_stream,31.0,game_unusable,reverted_unverified,cfbd_drives_5a,"[""2021:401287909:2:8"", ""2021:401287909:3:10"", ""2021:401287909:4:3"", ""2021:401287909:6:12"", ""2021:401287909:6:3"", ""2021:401287909:8:11""]"
aebf820c6b862176,2025,401757285,Florida International,attribution_only,dip_restore,0.0,game_unusable,reverted_unverified,cfbd_drives_5a,"[""2025:401757285:10:10"", ""2025:401757285:6:8"", ""2025:401757285:7:1"", ""2025:401757285:8:8"", ""2025:401757285:9:5""]"
aec5424a4681f7eb,2022,401404003,Arizona State,attribution_only,dip_restore,0.0,corroborated,admitted,cfbd_drives_5a,"[""2022:401404003:15:13"", ""2022:401404003:16:1""]"
aed69cedec459acf,2025,401757287,Delaware,points_reduction,category_possession_reassignment,-4.0,game_unusable,reverted_unverified,cfbd_drives_5a,"[""2025:401757287:9:1""]"
aed8eb0846c641a8,2025,401756895,Utah,attribution_only,dip_restore,0.0,corroborated,admitted,cfbd_drives_5a,"[""2025:401756895:2:10"", ""2025:401756895:3:1""]"
aee4623f1e36d67f,2025,401762818,Ball State,attribution_only,dip_restore,0.0,corroborated,admitted,cfbd_drives_5a,"[""2025:401762818:11:10"", ""2025:401762818:12:1"", ""2025:401762818:14:8"", ""2025:401762818:15:1""]"
aef4409c0e6004f7,2021,401282136,Charleston Southern,attribution_only,dip_restore,0.0,cfbd_matches_neither,reverted_contradicted,cfbd_drives_5a,"[""2021:401282136:23:5"", ""2021:401282136:24:1""]"
aef85633006e0bdd,2025,401752794,Ohio,attribution_only,dip_restore,0.0,game_unusable,reverted_unverified,cfbd_drives_5a,"[""2025:401752794:16:1"", ""2025:401752794:18:7""]"
af00e23cef35f22b,2021,401309585,Toledo,attribution_only,dip_restore,0.0,corroborated,admitted,cfbd_drives_5a,"[""2021:401309585:16:4"", ""2021:401309585:17:1""]"
af1cde2ee330288e,2025,401757168,Connecticut,attribution_only,dip_restore,0.0,corroborated,admitted,cfbd_drives_5a,"[""2025:401757168:5:9"", ""2025:401757168:6:1""]"
af242bdd508830fc,2021,401282217,UTEP,points_recovery,incomplete_stream,26.0,game_unusable,reverted_unverified,cfbd_drives_5a,"[""2021:401282217:16:2"", ""2021:401282217:2:1"", ""2021:401282217:3:1"", ""2021:401282217:4:10"", ""2021:401282217:4:9"", ""2021:401282217:5:1"", ""2021:401282217:6:2"", ""2021:401282217:7:1"", ""2021:401282217:7:3"", ""2021:401282217:9:1""]"
af6a2382297f2d4e,2025,401757261,Arkansas State,points_reduction,category_possession_reassignment,-7.0,game_unusable,reverted_unverified,cfbd_drives_5a,"[""2025:401757261:16:3""]"
af6a6f5e2346d7a0,2025,401752937,Oregon State,points_recovery,dip_restore,6.0,game_unusable,reverted_unverified,cfbd_drives_5a,"[""2025:401752937:13:9""]"
af9586a01103c43c,2019,401117861,Prairie View A&M,points_recovery,dip_restore,7.0,game_unusable,reverted_unverified,cfbd_drives_5a,"[""2019:401117861:27:6""]"
af9952d865e8c231,2022,401403991,South Alabama,points_recovery,restoration_gt8,3.0,game_unusable,reverted_unverified,cfbd_drives_5a,"[""2022:401403991:3:12""]"
afb1a89a73beb861,2021,401282262,Florida International,attribution_only,dip_restore,0.0,game_unusable,reverted_unverified,cfbd_drives_5a,"[""2021:401282262:17:1"", ""2021:401282262:18:1"", ""2021:401282262:19:1"", ""2021:401282262:1:12"", ""2021:401282262:20:1"", ""2021:401282262:22:1"", ""2021:401282262:23:5""]"
afb7e39b88e2aa5e,2015,400763611,Incarnate Word,attribution_only,final_cap,0.0,game_unusable,reverted_unverified,cfbd_drives_5a,"[""2015:400763611:19:1""]"
afbada44567a9928,2023,401532581,Utah State,attribution_only,dip_restore,0.0,corroborated,admitted,cfbd_drives_5a,"[""2023:401532581:18:8"", ""2023:401532581:19:1""]"
b005669ac78eedc9,2022,401404067,Tarleton State,points_recovery,incomplete_stream,17.0,game_unusable,reverted_unverified,cfbd_drives_5a,"[""2022:401404067:10:1"", ""2022:401404067:15:1"", ""2022:401404067:16:2"", ""2022:401404067:2:13"", ""2022:401404067:2:16""]"
b00a2ba90a20362a,2025,401756934,Utah,attribution_only,restoration_gt8,0.0,game_unusable,reverted_unverified,cfbd_drives_5a,"[""2025:401756934:6:2"", ""2025:401756934:7:1""]"
b01126db43675e63,2023,401524041,USC,attribution_only,dip_restore,0.0,game_unusable,reverted_unverified,cfbd_drives_5a,"[""2023:401524041:1:15"", ""2023:401524041:2:2""]"
b01644304c9c606e,2021,401282256,Old Dominion,attribution_only,dip_restore,0.0,corroborated,admitted,cfbd_drives_5a,"[""2021:401282256:25:5"", ""2021:401282256:26:1""]"
b03fa15aac1bade2,2024,401643720,Fresno State,attribution_only,dip_restore,0.0,game_unusable,reverted_unverified,cfbd_drives_5a,"[""2024:401643720:17:14"", ""2024:401643720:18:1""]"
b04160d6e2258e7a,2021,401309891,Oregon State,points_reduction,restoration_gt8,-1.0,game_unusable,reverted_unverified,cfbd_drives_5a,"[""2021:401309891:20:7""]"
b0448f98db1176c1,2025,401752901,Indiana,attribution_only,dip_restore,0.0,game_unusable,reverted_unverified,cfbd_drives_5a,"[""2025:401752901:1:14"", ""2025:401752901:2:9""]"
b048833fc0ec2ae5,2022,401405142,Wisconsin,attribution_only,dip_restore,0.0,corroborated,admitted,cfbd_drives_5a,"[""2022:401405142:14:12"", ""2022:401405142:15:1""]"
b0514012568a074a,2017,400945249,Western Carolina,attribution_only,final_cap,0.0,game_unusable,reverted_unverified,cfbd_drives_5a,"[""2017:400945249:22:11"", ""2017:400945249:27:11"", ""2017:400945249:28:1""]"
b05e18f69933e78e,2024,401636889,Baylor,attribution_only,dip_restore,0.0,corroborated,admitted,cfbd_drives_5a,"[""2024:401636889:4:15"", ""2024:401636889:5:2""]"
b05e9cf9159504ae,2022,401415272,UNLV,points_recovery,incomplete_stream,10.0,game_unusable,reverted_unverified,cfbd_drives_5a,"[""2022:401415272:24:8"", ""2022:401415272:26:10"", ""2022:401415272:28:3""]"
b064f66e5e7fc279,2021,401301020,Tulsa,attribution_only,dip_restore,0.0,corroborated,admitted,cfbd_drives_5a,"[""2021:401301020:19:5"", ""2021:401301020:20:1""]"
b06d75afc65aac8f,2023,401525504,Wake Forest,attribution_only,dip_restore,0.0,corroborated,admitted,cfbd_drives_5a,"[""2023:401525504:24:9"", ""2023:401525504:25:1""]"
b070450c8e61100e,2025,401752861,Purdue,attribution_only,dip_restore,0.0,corroborated,admitted,cfbd_drives_5a,"[""2025:401752861:14:7"", ""2025:401752861:15:1""]"
b089d2361a3f4aaf,2023,401525874,Oklahoma,points_reduction,category_possession_reassignment,-6.0,game_unusable,reverted_unverified,cfbd_drives_5a,"[""2023:401525874:23:4""]"
b0977943854e52a4,2024,401641020,Kennesaw State,attribution_only,dip_restore,0.0,game_unusable,reverted_unverified,cfbd_drives_5a,"[""2024:401641020:19:2"", ""2024:401641020:20:2""]"
b0b6935293bbfd6c,2024,401628445,Texas,attribution_only,dip_restore,0.0,corroborated,admitted,cfbd_drives_5a,"[""2024:401628445:6:9"", ""2024:401628445:7:1""]"
b0e184e5e6c7ac37,2022,401403906,Mississippi State,attribution_only,dip_restore,0.0,corroborated,admitted,cfbd_drives_5a,"[""2022:401403906:21:2"", ""2022:401403906:22:1""]"
b108d38ca5498fb5,2023,401520396,South Carolina,attribution_only,dip_restore,0.0,corroborated,admitted,cfbd_drives_5a,"[""2023:401520396:17:2"", ""2023:401520396:18:1""]"
b111c0430f6d8851,2025,401754543,Virginia,points_recovery,incomplete_stream,46.0,game_unusable,reverted_unverified,cfbd_drives_5a,"[""2025:401754543:13:9"", ""2025:401754543:16:13"", ""2025:401754543:18:20"", ""2025:401754543:24:4"", ""2025:401754543:25:5"", ""2025:401754543:26:5"", ""2025:401754543:5:7"", ""2025:401754543:7:17""]"
b11c327f686c125b,2024,401628584,Duke,attribution_only,category_possession_reassignment,0.0,game_unusable,reverted_unverified,cfbd_drives_5a,"[""2024:401628584:10:1"", ""2024:401628584:10:3""]"
b11ca6c769957725,2021,401287902,West Virginia,points_recovery,incomplete_stream,52.0,game_unusable,reverted_unverified,cfbd_drives_5a,"[""2021:401287902:10:6"", ""2021:401287902:12:3"", ""2021:401287902:14:5"", ""2021:401287902:16:8"", ""2021:401287902:1:2"", ""2021:401287902:2:14"", ""2021:401287902:4:6"", ""2021:401287902:5:1"", ""2021:401287902:6:14"", ""2021:401287902:8:14""]"
b14333c47ec757ee,2024,401645329,Memphis,attribution_only,dip_restore,0.0,game_unusable,reverted_unverified,cfbd_drives_5a,"[""2024:401645329:1:10"", ""2024:401645329:2:1""]"
b14c062c9dc293c9,2021,401282763,Wisconsin,attribution_only,category_possession_reassignment,0.0,game_unusable,reverted_unverified,cfbd_drives_5a,"[""2021:401282763:4:8"", ""2021:401282763:5:7""]"
b1617caab150eafb,2015,400763645,Middle Tennessee,attribution_only,incomplete_stream,0.0,game_unusable,reverted_unverified,cfbd_drives_5a,"[""2015:400763645:33:1""]"
b18bd80de2d81919,2021,401310729,UNLV,attribution_only,dip_restore,0.0,game_unusable,reverted_unverified,cfbd_drives_5a,"[""2021:401310729:1:8"", ""2021:401310729:3:1"", ""2021:401310729:4:1"", ""2021:401310729:5:1"", ""2021:401310729:5:9""]"
b18cc63608d29ae9,2017,400938623,Florida Atlantic,attribution_only,dip_restore,0.0,game_unusable,reverted_unverified,cfbd_drives_5a,"[""2017:400938623:11:13"", ""2017:400938623:12:1"", ""2017:400938623:7:1"", ""2017:400938623:8:13""]"
b18d8035e64ec2a3,2024,401634767,Miami,attribution_only,dip_restore,0.0,corroborated,admitted,cfbd_drives_5a,"[""2024:401634767:3:7"", ""2024:401634767:4:1""]"
b18df8e9a1f5504d,2025,401761620,Arkansas State,attribution_only,dip_restore,0.0,game_unusable,reverted_unverified,cfbd_drives_5a,"[""2025:401761620:11:1"", ""2025:401761620:20:12"", ""2025:401761620:20:9""]"
b1a3d00eed70be3d,2023,401525905,BYU,attribution_only,dip_restore,0.0,game_unusable,reverted_unverified,cfbd_drives_5a,"[""2023:401525905:10:1"", ""2023:401525905:6:9"", ""2023:401525905:7:1"", ""2023:401525905:9:1""]"
b1a6d7d34d0e26d3,2022,401405104,Ohio State,attribution_only,dip_restore,0.0,corroborated,admitted,cfbd_drives_5a,"[""2022:401405104:19:5"", ""2022:401405104:20:1""]"
b1b2d5a41ad90813,2017,400938657,Marshall,attribution_only,dip_restore,0.0,game_unusable,reverted_unverified,cfbd_drives_5a,"[""2017:400938657:6:13"", ""2017:400938657:7:1""]"
b1bff912c88564e6,2024,401641023,Middle Tennessee,attribution_only,dip_restore,0.0,corroborated,admitted,cfbd_drives_5a,"[""2024:401641023:20:9"", ""2024:401641023:21:2""]"
b1c2aab306803e66,2021,401301012,Houston,attribution_only,dip_restore,0.0,corroborated,admitted,cfbd_drives_5a,"[""2021:401301012:16:4"", ""2021:401301012:17:1""]"
b20146e8559e240b,2023,401532619,Boise State,attribution_only,category_possession_reassignment,0.0,game_unusable,reverted_unverified,cfbd_drives_5a,"[""2023:401532619:15:4"", ""2023:401532619:16:1""]"
b2032e0acaf9a99c,2016,400869558,East Carolina,attribution_only,dip_restore,0.0,corroborated,admitted,cfbd_drives_5a,"[""2016:400869558:8:10"", ""2016:400869558:9:1""]"
b2087f16bce63505,2023,401532433,Northern Illinois,attribution_only,restoration_gt8,0.0,game_unusable,reverted_unverified,cfbd_drives_5a,"[""2023:401532433:5:10"", ""2023:401532433:6:1""]"
b20bdb57e04a6d43,2024,401634305,Pittsburgh,attribution_only,dip_restore,0.0,game_unusable,reverted_unverified,cfbd_drives_5a,"[""2024:401634305:1:10"", ""2024:401634305:2:1""]"
b217f1e579b507ce,2024,401645382,Rice,attribution_only,final_cap,0.0,game_unusable,reverted_unverified,cfbd_drives_5a,"[""2024:401645382:19:1""]"
b21b7303d65d133b,2023,401520326,Texas A&M,attribution_only,dip_restore,0.0,game_unusable,reverted_unverified,cfbd_drives_5a,"[""2023:401520326:1:1"", ""2023:401520326:3:9""]"
b21c6d0969a9f511,2024,401635612,Boston College,attribution_only,dip_restore,0.0,game_unusable,reverted_unverified,cfbd_drives_5a,"[""2024:401635612:1:1"", ""2024:401635612:2:12""]"
b22213911ba81f35,2021,401282178,UTEP,attribution_only,dip_restore,0.0,game_unusable,reverted_unverified,cfbd_drives_5a,"[""2021:401282178:17:8"", ""2021:401282178:18:1""]"
b239b0f4d40f6ebb,2025,401752880,Washington,attribution_only,dip_restore,0.0,game_unusable,reverted_unverified,cfbd_drives_5a,"[""2025:401752880:6:8"", ""2025:401752880:7:14""]"
b23e2dd1ef42b1d6,2023,401520383,Illinois,attribution_only,dip_restore,0.0,game_unusable,reverted_unverified,cfbd_drives_5a,"[""2023:401520383:19:7"", ""2023:401520383:20:1"", ""2023:401520383:21:9"", ""2023:401520383:22:1""]"
b255559cf7036d5e,2024,401628469,Boise State,attribution_only,dip_restore,0.0,game_unusable,reverted_unverified,cfbd_drives_5a,"[""2024:401628469:23:1"", ""2024:401628469:24:1""]"
b256a14fcc5ed64c,2022,401404033,USC,attribution_only,dip_restore,0.0,corroborated,admitted,cfbd_drives_5a,"[""2022:401404033:17:3"", ""2022:401404033:18:1""]"
b266fcfc4ec90e21,2022,401404088,Kansas State,attribution_only,dip_restore,0.0,corroborated,admitted,cfbd_drives_5a,"[""2022:401404088:18:11"", ""2022:401404088:19:1""]"
b295a5c5595d5c8a,2025,401752699,Florida,attribution_only,dip_restore,0.0,corroborated,admitted,cfbd_drives_5a,"[""2025:401752699:10:12"", ""2025:401752699:11:1""]"
b29ddb47fe1b38bd,2021,401282824,Wisconsin,attribution_only,dip_restore,0.0,corroborated,admitted,cfbd_drives_5a,"[""2021:401282824:11:6"", ""2021:401282824:12:1""]"
b2d08e762dd5000a,2021,401282777,Michigan State,points_recovery,incomplete_stream,17.0,game_unusable,reverted_unverified,cfbd_drives_5a,"[""2021:401282777:17:9"", ""2021:401282777:19:10"", ""2021:401282777:23:9""]"
b2dd4fbf7e47f164,2023,401532406,Toledo,attribution_only,dip_restore,0.0,game_unusable,reverted_unverified,cfbd_drives_5a,"[""2023:401532406:24:6"", ""2023:401532406:25:1""]"
b30b2f5139ce8f2a,2025,401761620,Arkansas State,attribution_only,dip_restore,0.0,game_unusable,reverted_unverified,cfbd_drives_5a,"[""2025:401761620:23:1"", ""2025:401761620:24:7""]"
b31089fc2fd01477,2022,401415223,BYU,attribution_only,dip_restore,0.0,corroborated,admitted,cfbd_drives_5a,"[""2022:401415223:13:9"", ""2022:401415223:14:1""]"
b316478c2a3cba59,2016,400868923,BYU,attribution_only,dip_restore,0.0,corroborated,admitted,cfbd_drives_5a,"[""2016:400868923:12:5"", ""2016:400868923:13:1""]"
b34e61b5c1098732,2016,400869558,SMU,attribution_only,dip_restore,0.0,corroborated,admitted,cfbd_drives_5a,"[""2016:400869558:18:13"", ""2016:400869558:19:1""]"
b34f9a78d9082359,2021,401282215,Florida Atlantic,attribution_only,dip_restore,0.0,game_unusable,reverted_unverified,cfbd_drives_5a,"[""2021:401282215:26:9"", ""2021:401282215:27:1""]"
b35e08f458b490e2,2022,401415272,Nevada,attribution_only,dip_restore,0.0,game_unusable,reverted_unverified,cfbd_drives_5a,"[""2022:401415272:19:4"", ""2022:401415272:24:5"", ""2022:401415272:27:13"", ""2022:401415272:28:3"", ""2022:401415272:29:3"", ""2022:401415272:31:9"", ""2022:401415272:32:5""]"
b387dbd07a8fe9b0,2015,400763457,Kansas State,attribution_only,dip_restore,0.0,game_unusable,reverted_unverified,cfbd_drives_5a,"[""2015:400763457:29:8"", ""2015:400763457:30:1""]"
b392def71d42574e,2024,401645316,UAB,attribution_only,dip_restore,0.0,corroborated,admitted,cfbd_drives_5a,"[""2024:401645316:13:8"", ""2024:401645316:14:2""]"
b3a83deacd344338,2023,401532410,Eastern Michigan,attribution_only,dip_restore,0.0,game_unusable,reverted_unverified,cfbd_drives_5a,"[""2023:401532410:13:8"", ""2023:401532410:14:1""]"
b3c77891a7a704eb,2021,401282196,Charlotte,points_recovery,dip_restore,2.0,game_unusable,reverted_unverified,cfbd_drives_5a,"[""2021:401282196:14:1"", ""2021:401282196:17:6"", ""2021:401282196:21:13"", ""2021:401282196:22:6"", ""2021:401282196:6:12""]"
b3d585ea734eb116,2021,401282674,Pittsburgh,attribution_only,category_possession_reassignment,0.0,game_unusable,reverted_unverified,cfbd_drives_5a,"[""2021:401282674:18:5"", ""2021:401282674:20:3""]"
b41220ad1bcb065b,2021,401310253,Army,attribution_only,dip_restore,0.0,game_unusable,reverted_unverified,cfbd_drives_5a,"[""2021:401310253:12:3"", ""2021:401310253:14:1"", ""2021:401310253:15:7""]"
b43905ccab5f84eb,2018,401022521,Prairie View A&M,attribution_only,dip_restore,0.0,game_unusable,reverted_unverified,cfbd_drives_5a,"[""2018:401022521:22:3"", ""2018:401022521:6:4""]"
b446e403fd4d562b,2019,401114247,Appalachian State,attribution_only,dip_restore,0.0,game_unusable,reverted_unverified,cfbd_drives_5a,"[""2019:401114247:15:2"", ""2019:401114247:16:1""]"
b44fd14e8de508eb,2022,401403915,Vanderbilt,attribution_only,dip_restore,0.0,corroborated,admitted,cfbd_drives_5a,"[""2022:401403915:2:12"", ""2022:401403915:3:1""]"
b45cb328d8bd2641,2025,401762838,Ball State,attribution_only,final_cap,0.0,game_unusable,reverted_unverified,cfbd_drives_5a,"[""2025:401762838:26:1"", ""2025:401762838:26:2"", ""2025:401762838:26:3"", ""2025:401762838:26:4"", ""2025:401762838:26:5"", ""2025:401762838:26:6"", ""2025:401762838:26:7"", ""2025:401762838:26:8"", ""2025:401762838:26:9"", ""2025:401762838:27:1"", ""2025:401762838:27:2"", ""2025:401762838:27:4"", ""2025:401762838:27:6"", ""2025:401762838:28:1"", ""2025:401762838:28:2"", ""2025:401762838:29:1"", ""2025:401762838:29:2"", ""2025:401762838:29:3"", ""2025:401762838:29:4""]"
b462756c0b28de8d,2023,401531412,Appalachian State,attribution_only,dip_restore,0.0,game_unusable,reverted_unverified,cfbd_drives_5a,"[""2023:401531412:15:2"", ""2023:401531412:18:1"", ""2023:401531412:20:1"", ""2023:401531412:22:6"", ""2023:401531412:23:1"", ""2023:401531412:8:6""]"
b47114cd45754de2,2022,401404029,California,attribution_only,dip_restore,0.0,corroborated,admitted,cfbd_drives_5a,"[""2022:401404029:2:5"", ""2022:401404029:3:1""]"
b4828cfbca2b95d3,2022,401415641,SMU,attribution_only,dip_restore,0.0,corroborated,admitted,cfbd_drives_5a,"[""2022:401415641:15:14"", ""2022:401415641:16:1""]"
b496ac9b2a1bf8c9,2025,401762456,UMass,attribution_only,dip_restore,0.0,corroborated,admitted,cfbd_drives_5a,"[""2025:401762456:1:11"", ""2025:401762456:2:1""]"
b49ac10a7f1e78ab,2025,401754601,Georgia Tech,attribution_only,dip_restore,0.0,game_unusable,reverted_unverified,cfbd_drives_5a,"[""2025:401754601:22:5"", ""2025:401754601:23:6""]"
b4a8376f78d94f9f,2024,401635516,Stanford,attribution_only,dip_restore,0.0,corroborated,admitted,cfbd_drives_5a,"[""2024:401635516:21:4"", ""2024:401635516:22:1""]"
b4bc77fb226c7d6b,2018,401021660,South Alabama,attribution_only,dip_restore,0.0,game_unusable,reverted_unverified,cfbd_drives_5a,"[""2018:401021660:21:6"", ""2018:401021660:23:1""]"
b4bfc1e6b33bf904,2023,401524052,Colorado,attribution_only,dip_restore,0.0,corroborated,admitted,cfbd_drives_5a,"[""2023:401524052:11:14"", ""2023:401524052:12:1""]"
b4c57141ea5a22f7,2025,401762510,Navy,attribution_only,dip_restore,0.0,game_unusable,reverted_unverified,cfbd_drives_5a,"[""2025:401762510:1:11"", ""2025:401762510:1:6"", ""2025:401762510:2:5""]"
b4c74151c516ae87,2025,401757271,Liberty,attribution_only,dip_restore,0.0,corroborated,admitted,cfbd_drives_5a,"[""2025:401757271:17:4"", ""2025:401757271:18:1""]"
b4fc6a2362fc6226,2015,400756886,Eastern Washington,attribution_only,dip_restore,0.0,corroborated,admitted,cfbd_drives_5a,"[""2015:400756886:18:17"", ""2015:400756886:19:1""]"
b50484a2695df3b2,2017,400934534,Oklahoma,attribution_only,dip_restore,0.0,corroborated,admitted,cfbd_drives_5a,"[""2017:400934534:22:14"", ""2017:400934534:23:1""]"
b504b75f4cd073ee,2022,401404048,Colorado,attribution_only,dip_restore,0.0,corroborated,admitted,cfbd_drives_5a,"[""2022:401404048:27:16"", ""2022:401404048:28:1""]"
b523db3421d51fa2,2022,401405100,Michigan,attribution_only,dip_restore,0.0,corroborated,admitted,cfbd_drives_5a,"[""2022:401405100:7:15"", ""2022:401405100:8:1""]"
b53072df296ae6ce,2025,401754372,California,attribution_only,final_cap,0.0,game_unusable,reverted_unverified,cfbd_drives_5a,"[""2025:401754372:20:11"", ""2025:401754372:24:1"", ""2025:401754372:25:1"", ""2025:401754372:27:2""]"
b5434fc25e93e2c2,2021,401282262,North Texas,points_recovery,incomplete_stream,43.0,game_unusable,reverted_unverified,cfbd_drives_5a,"[""2021:401282262:10:1"", ""2021:401282262:11:1"", ""2021:401282262:13:1"", ""2021:401282262:15:1"", ""2021:401282262:18:2"", ""2021:401282262:19:2"", ""2021:401282262:1:10"", ""2021:401282262:1:3"", ""2021:401282262:1:9"", ""2021:401282262:20:1"", ""2021:401282262:3:1"", ""2021:401282262:4:1"", ""2021:401282262:5:1"", ""2021:401282262:6:1"", ""2021:401282262:7:1"", ""2021:401282262:8:7"", ""2021:401282262:9:1""]"
b55d870119498c74,2018,401019476,Tulsa,attribution_only,dip_restore,0.0,game_unusable,reverted_unverified,cfbd_drives_5a,"[""2018:401019476:1:9"", ""2018:401019476:2:1""]"
b5646d43f69579f2,2022,401415652,SMU,attribution_only,dip_restore,0.0,game_unusable,reverted_unverified,cfbd_drives_5a,"[""2022:401415652:12:4"", ""2022:401415652:14:1""]"
b58523af329cfcee,2024,401636607,Utah,attribution_only,dip_restore,0.0,corroborated,admitted,cfbd_drives_5a,"[""2024:401636607:2:7"", ""2024:401636607:3:1""]"
b5b242fc28751c63,2019,401114325,UAB,attribution_only,dip_restore,0.0,game_unusable,reverted_unverified,cfbd_drives_5a,"[""2019:401114325:4:12"", ""2019:401114325:5:1""]"
b5b685886ba5fdba,2021,401282182,Texas State,points_recovery,incomplete_stream,23.0,game_unusable,reverted_unverified,cfbd_drives_5a,"[""2021:401282182:10:6"", ""2021:401282182:11:10"", ""2021:401282182:12:1"", ""2021:401282182:12:12"", ""2021:401282182:1:9"", ""2021:401282182:21:11"", ""2021:401282182:29:2"", ""2021:401282182:2:1"", ""2021:401282182:2:7"", ""2021:401282182:3:5"", ""2021:401282182:5:14"", ""2021:401282182:7:5"", ""2021:401282182:7:6"", ""2021:401282182:9:5""]"
b5bd3f2d4706c4b4,2022,401403901,Florida,attribution_only,dip_restore,0.0,game_unusable,reverted_unverified,cfbd_drives_5a,"[""2022:401403901:14:1"", ""2022:401403901:17:12"", ""2022:401403901:19:7""]"
b5d12d0f77b64841,2021,401309905,Washington State,attribution_only,dip_restore,0.0,corroborated,admitted,cfbd_drives_5a,"[""2021:401309905:15:10"", ""2021:401309905:16:1""]"
b5d161d948365524,2018,401019472,South Florida,attribution_only,dip_restore,0.0,corroborated,admitted,cfbd_drives_5a,"[""2018:401019472:10:1"", ""2018:401019472:11:1""]"
b5e32b372b6e55ee,2019,401121967,South Alabama,attribution_only,dip_restore,0.0,corroborated,admitted,cfbd_drives_5a,"[""2019:401121967:14:13"", ""2019:401121967:15:1""]"
b5fb513a7a69c84a,2018,401013372,Eastern Michigan,attribution_only,category_possession_reassignment,0.0,corroborated,admitted,cfbd_drives_5a,"[""2018:401013372:11:6"", ""2018:401013372:12:1""]"
b60cf3878978f92a,2021,401282243,Florida Atlantic,points_reduction,other,-1.0,game_unusable,reverted_unverified,cfbd_drives_5a,"[""2021:401282243:19:7""]"
b63fd2b822cbff4a,2024,401632072,Southern Utah,attribution_only,dip_restore,0.0,corroborated,admitted,cfbd_drives_5a,"[""2024:401632072:2:10"", ""2024:401632072:3:1""]"
b641fc0ead800cc3,2016,400869436,Pittsburgh,attribution_only,dip_restore,0.0,corroborated,admitted,cfbd_drives_5a,"[""2016:400869436:10:3"", ""2016:400869436:11:1"", ""2016:400869436:19:12"", ""2016:400869436:20:1""]"
b64dfbf2b2ba1bdb,2024,401673470,Marshall,attribution_only,dip_restore,0.0,corroborated,admitted,cfbd_drives_5a,"[""2024:401673470:16:10"", ""2024:401673470:17:1""]"
b65796c3f24eec48,2022,401416614,Eastern Michigan,attribution_only,dip_restore,0.0,game_unusable,reverted_unverified,cfbd_drives_5a,"[""2022:401416614:22:8"", ""2022:401416614:23:1""]"
b6901a6d02d3670e,2024,401645353,Charlotte,attribution_only,dip_restore,0.0,corroborated,admitted,cfbd_drives_5a,"[""2024:401645353:15:10"", ""2024:401645353:16:1""]"
b6aafe43198eabc0,2025,401757302,Kennesaw State,attribution_only,dip_restore,0.0,game_unusable,reverted_unverified,cfbd_drives_5a,"[""2025:401757302:17:5"", ""2025:401757302:18:10""]"
b6ceebd3937cee30,2021,401282651,Wake Forest,attribution_only,dip_restore,0.0,corroborated,admitted,cfbd_drives_5a,"[""2021:401282651:3:10"", ""2021:401282651:4:1""]"
b6db8ce4d04b3b31,2023,401520189,North Texas,attribution_only,dip_restore,0.0,game_unusable,reverted_unverified,cfbd_drives_5a,"[""2023:401520189:28:1"", ""2023:401520189:29:1""]"
b70caf61ad47ba45,2023,401525875,Kansas State,attribution_only,dip_restore,0.0,game_unusable,reverted_unverified,cfbd_drives_5a,"[""2023:401525875:10:1"", ""2023:401525875:9:5""]"
b7242204e12e0f5e,2018,401012775,Arizona,attribution_only,dip_restore,0.0,corroborated,admitted,cfbd_drives_5a,"[""2018:401012775:26:5"", ""2018:401012775:27:1""]"
b7339e73629cede3,2015,400756993,NC State,attribution_only,dip_restore,0.0,game_unusable,reverted_unverified,cfbd_drives_5a,"[""2015:400756993:17:3"", ""2015:400756993:19:1""]"
b743255c2b38a170,2024,401644775,Akron,attribution_only,final_cap,0.0,game_unusable,reverted_unverified,cfbd_drives_5a,"[""2024:401644775:8:1"", ""2024:401644775:8:2"", ""2024:401644775:8:3"", ""2024:401644775:8:4"", ""2024:401644775:8:5"", ""2024:401644775:8:6"", ""2024:401644775:8:7""]"
b747f4b46ff90471,2025,401754580,Virginia Tech,attribution_only,dip_restore,0.0,indistinguishable_at_drive_level,reverted_unverified,cfbd_drives_5a,"[""2025:401754580:9:6"", ""2025:401754580:9:8""]"
b74a97e9d8fe0fb6,2025,401762795,Eastern Michigan,points_recovery,incomplete_stream,13.0,game_unusable,reverted_unverified,cfbd_drives_5a,"[""2025:401762795:16:9"", ""2025:401762795:18:14"", ""2025:401762795:19:13"", ""2025:401762795:3:15"", ""2025:401762795:4:10"", ""2025:401762795:6:12"", ""2025:401762795:9:8""]"
b7543fcd92eae5a7,2017,400945252,Howard,attribution_only,dip_restore,0.0,game_unusable,reverted_unverified,cfbd_drives_5a,"[""2017:400945252:1:6"", ""2017:400945252:2:1""]"
b755aa7054bdb056,2025,401762495,Temple,attribution_only,dip_restore,0.0,game_unusable,reverted_unverified,cfbd_drives_5a,"[""2025:401762495:15:4"", ""2025:401762495:15:7""]"
b75a0a7c3adbd07a,2025,401752816,Michigan State,points_recovery,incomplete_stream,23.0,game_unusable,reverted_unverified,cfbd_drives_5a,"[""2025:401752816:10:13"", ""2025:401752816:12:5"", ""2025:401752816:13:12"", ""2025:401752816:14:11"", ""2025:401752816:14:13"", ""2025:401752816:14:17"", ""2025:401752816:15:12"", ""2025:401752816:17:4"", ""2025:401752816:9:5""]"
b762f67ef8f3d981,2019,401117909,Memphis,attribution_only,dip_restore,0.0,corroborated,admitted,cfbd_drives_5a,"[""2019:401117909:13:1"", ""2019:401117909:14:1"", ""2019:401117909:15:1"", ""2019:401117909:16:1"", ""2019:401117909:20:1"", ""2019:401117909:21:1"", ""2019:401117909:22:1"", ""2019:401117909:23:1""]"
b78407a78264acb3,2017,400933897,Missouri,attribution_only,dip_restore,0.0,game_unusable,reverted_unverified,cfbd_drives_5a,"[""2017:400933897:10:1"", ""2017:400933897:11:5"", ""2017:400933897:9:2""]"
b78823d502ce3b4c,2025,401752678,UT San Antonio,attribution_only,final_cap,0.0,game_unusable,reverted_unverified,cfbd_drives_5a,"[""2025:401752678:25:1"", ""2025:401752678:25:2""]"
b7b8348d3ee56d1b,2017,400941809,SMU,attribution_only,dip_restore,0.0,game_unusable,reverted_unverified,cfbd_drives_5a,"[""2017:400941809:24:1"", ""2017:400941809:25:1""]"
b7bcf91f55b5c462,2023,401532409,Ball State,points_recovery,dip_restore,7.0,game_unusable,reverted_unverified,cfbd_drives_5a,"[""2023:401532409:1:10"", ""2023:401532409:2:7"", ""2023:401532409:3:1""]"
b7e55ec25ac0f707,2025,401762839,Central Michigan,attribution_only,dip_restore,0.0,corroborated,admitted,cfbd_drives_5a,"[""2025:401762839:13:10"", ""2025:401762839:14:1"", ""2025:401762839:15:4"", ""2025:401762839:16:1""]"
b7f2c5fdfcf20bc5,2024,401643830,Troy,attribution_only,dip_restore,0.0,cfbd_supports_baseline,reverted_contradicted,cfbd_drives_5a,"[""2024:401643830:13:9"", ""2024:401643830:14:1""]"
b8163c0d62c5887c,2024,401641038,Western Kentucky,points_recovery,incomplete_stream,28.0,game_unusable,reverted_unverified,cfbd_drives_5a,"[""2024:401641038:17:3"", ""2024:401641038:19:3"", ""2024:401641038:1:8"", ""2024:401641038:7:12"", ""2024:401641038:9:16""]"
b819844208f6c1fe,2022,401404086,TCU,attribution_only,dip_restore,0.0,corroborated,admitted,cfbd_drives_5a,"[""2022:401404086:6:4"", ""2022:401404086:7:1""]"
b82170fae163d6bc,2021,401310712,Fresno State,attribution_only,dip_restore,0.0,corroborated,admitted,cfbd_drives_5a,"[""2021:401310712:16:9"", ""2021:401310712:17:1""]"
b873fb3c54c5a5bf,2024,401628338,Florida,attribution_only,dip_restore,0.0,corroborated,admitted,cfbd_drives_5a,"[""2024:401628338:24:7"", ""2024:401628338:25:1""]"
b87ed40ea11ab72a,2022,401415213,San Jose State,attribution_only,dip_restore,0.0,game_unusable,reverted_unverified,cfbd_drives_5a,"[""2022:401415213:2:9"", ""2022:401415213:5:1""]"
b89ec5dadb5aabb6,2023,401520160,Liberty,attribution_only,dip_restore,0.0,corroborated,admitted,cfbd_drives_5a,"[""2023:401520160:8:4"", ""2023:401520160:9:1""]"
b8a0e6c3fb69847a,2022,401426592,UAB,attribution_only,dip_restore,0.0,corroborated,admitted,cfbd_drives_5a,"[""2022:401426592:10:4"", ""2022:401426592:11:1""]"
b8b080f4d2d119ff,2024,401643761,New Mexico,attribution_only,dip_restore,0.0,corroborated,admitted,cfbd_drives_5a,"[""2024:401643761:1:13"", ""2024:401643761:2:1""]"
b8beaaea765c4715,2022,401415237,UNLV,points_recovery,incomplete_stream,7.0,game_unusable,reverted_unverified,cfbd_drives_5a,"[""2022:401415237:10:4"", ""2022:401415237:1:13"", ""2022:401415237:6:1""]"
b8e158a3aaacf7be,2023,401520240,Ohio State,attribution_only,dip_restore,0.0,corroborated,admitted,cfbd_drives_5a,"[""2023:401520240:1:9"", ""2023:401520240:2:1""]"
b8ebac1db15ced5e,2022,401416603,Long Island University,points_recovery,incomplete_stream,10.0,game_unusable,reverted_unverified,cfbd_drives_5a,"[""2022:401416603:1:3"", ""2022:401416603:3:1"", ""2022:401416603:5:1""]"
b8f143fe4439ebab,2016,400869208,Wyoming,attribution_only,dip_restore,0.0,corroborated,admitted,cfbd_drives_5a,"[""2016:400869208:13:10"", ""2016:400869208:14:1""]"
b91ebb4a03e73f70,2016,400869633,Howard,attribution_only,final_cap,0.0,game_unusable,reverted_unverified,cfbd_drives_5a,"[""2016:400869633:2:2"", ""2016:400869633:3:1"", ""2016:400869633:3:2""]"
b93e38189ed73827,2021,401309553,Colorado State,attribution_only,dip_restore,0.0,corroborated,admitted,cfbd_drives_5a,"[""2021:401309553:25:4"", ""2021:401309553:26:1""]"
b947ca7cc18f884f,2021,401309558,Eastern Michigan,attribution_only,dip_restore,0.0,corroborated,admitted,cfbd_drives_5a,"[""2021:401309558:21:12"", ""2021:401309558:22:1""]"
b94ccd35a4453787,2021,401309851,Oregon State,attribution_only,dip_restore,0.0,corroborated,admitted,cfbd_drives_5a,"[""2021:401309851:4:9"", ""2021:401309851:5:1""]"
b974507a193cc98f,2025,401762818,New Hampshire,attribution_only,dip_restore,0.0,corroborated,admitted,cfbd_drives_5a,"[""2025:401762818:3:11"", ""2025:401762818:4:1""]"
b98357660eee81ff,2025,401762839,Central Michigan,attribution_only,dip_restore,0.0,corroborated,admitted,cfbd_drives_5a,"[""2025:401762839:8:10"", ""2025:401762839:9:1""]"
b991ae1e8da77407,2022,401403885,LSU,attribution_only,dip_restore,0.0,corroborated,admitted,cfbd_drives_5a,"[""2022:401403885:22:5"", ""2022:401403885:23:1""]"
b9995d6a1cc898d0,2022,401404022,Arizona,attribution_only,dip_restore,0.0,corroborated,admitted,cfbd_drives_5a,"[""2022:401404022:16:5"", ""2022:401404022:17:1""]"
b9aff40083c19dc3,2022,401405139,Ohio State,attribution_only,dip_restore,0.0,corroborated,admitted,cfbd_drives_5a,"[""2022:401405139:29:8"", ""2022:401405139:30:1""]"
b9b117d856a8a1e7,2022,401411128,North Carolina,attribution_only,dip_restore,0.0,corroborated,admitted,cfbd_drives_5a,"[""2022:401411128:5:13"", ""2022:401411128:6:1""]"
b9dd662ac157c929,2019,401119269,Troy,attribution_only,dip_restore,0.0,game_unusable,reverted_unverified,cfbd_drives_5a,"[""2019:401119269:10:1"", ""2019:401119269:9:1""]"
b9eb1c8d54b96c64,2016,400869375,Southern Mississippi,attribution_only,dip_restore,0.0,corroborated,admitted,cfbd_drives_5a,"[""2016:400869375:10:2"", ""2016:400869375:11:1""]"
b9ed6175d3ed0f77,2024,401628565,Maryland,attribution_only,dip_restore,0.0,corroborated,admitted,cfbd_drives_5a,"[""2024:401628565:2:1"", ""2024:401628565:3:1""]"
b9f7f491631f44ac,2025,401762456,Temple,attribution_only,dip_restore,0.0,corroborated,admitted,cfbd_drives_5a,"[""2025:401762456:12:6"", ""2025:401762456:13:1""]"
ba006cb2870ef055,2025,401754597,Pittsburgh,points_recovery,incomplete_stream,6.0,game_unusable,reverted_unverified,cfbd_drives_5a,"[""2025:401754597:19:1""]"
ba16125941287073,2022,401404069,Iowa State,attribution_only,dip_restore,0.0,game_unusable,reverted_unverified,cfbd_drives_5a,"[""2022:401404069:1:12"", ""2022:401404069:2:1"", ""2022:401404069:2:6"", ""2022:401404069:3:6"", ""2022:401404069:4:10"", ""2022:401404069:4:12"", ""2022:401404069:5:13"", ""2022:401404069:5:6""]"
ba2aafce119a90b6,2025,401760366,New Mexico,attribution_only,dip_restore,0.0,game_unusable,reverted_unverified,cfbd_drives_5a,"[""2025:401760366:11:15"", ""2025:401760366:12:7"", ""2025:401760366:4:24"", ""2025:401760366:5:5"", ""2025:401760366:6:10"", ""2025:401760366:7:16""]"
ba342ffc984476dd,2022,401405151,Purdue,attribution_only,dip_restore,0.0,game_unusable,reverted_unverified,cfbd_drives_5a,"[""2022:401405151:12:10"", ""2022:401405151:13:1""]"
ba50c5c63016f259,2023,401525527,Wake Forest,attribution_only,dip_restore,0.0,game_unusable,reverted_unverified,cfbd_drives_5a,"[""2023:401525527:12:1"", ""2023:401525527:12:2"", ""2023:401525527:13:10"", ""2023:401525527:13:16"", ""2023:401525527:13:7""]"
ba7687594d445e2f,2024,401628336,Oklahoma State,attribution_only,dip_restore,0.0,game_unusable,reverted_unverified,cfbd_drives_5a,"[""2024:401628336:8:11"", ""2024:401628336:9:1""]"
ba979647b7cef545,2022,401411169,Duke,attribution_only,dip_restore,0.0,corroborated,admitted,cfbd_drives_5a,"[""2022:401411169:12:12"", ""2022:401411169:13:1""]"
bad2ad1dc76d839c,2015,400603934,South Carolina,attribution_only,dip_restore,0.0,corroborated,admitted,cfbd_drives_5a,"[""2015:400603934:17:9"", ""2015:400603934:18:1""]"
bae5ecb72b5cbda3,2025,401757221,Louisiana Tech,attribution_only,dip_restore,0.0,corroborated,admitted,cfbd_drives_5a,"[""2025:401757221:14:7"", ""2025:401757221:15:1""]"
bb00852a39ff8e06,2021,401310729,San Jose State,attribution_only,dip_restore,0.0,game_unusable,reverted_unverified,cfbd_drives_5a,"[""2021:401310729:19:5"", ""2021:401310729:20:1""]"
bb03e3446e5ad6f9,2021,401301003,Memphis,attribution_only,dip_restore,0.0,corroborated,admitted,cfbd_drives_5a,"[""2021:401301003:24:13"", ""2021:401301003:25:1""]"
bb188f48e8e0019a,2025,401762510,South Florida,attribution_only,dip_restore,0.0,game_unusable,reverted_unverified,cfbd_drives_5a,"[""2025:401762510:1:11"", ""2025:401762510:1:6"", ""2025:401762510:3:9""]"
bb2532b27ee7b1ac,2024,401643767,UNLV,attribution_only,dip_restore,0.0,game_unusable,reverted_unverified,cfbd_drives_5a,"[""2024:401643767:21:14"", ""2024:401643767:22:1""]"
bb2646d8d9d33092,2019,401117908,East Carolina,attribution_only,dip_restore,0.0,corroborated,admitted,cfbd_drives_5a,"[""2019:401117908:7:1"", ""2019:401117908:8:1""]"
bb43910da7a20c2a,2022,401415225,Western Michigan,attribution_only,incomplete_stream,0.0,game_unusable,reverted_unverified,cfbd_drives_5a,"[""2022:401415225:11:2"", ""2022:401415225:11:3"", ""2022:401415225:11:4"", ""2022:401415225:11:5"", ""2022:401415225:11:6"", ""2022:401415225:11:7"", ""2022:401415225:12:1"", ""2022:401415225:12:2"", ""2022:401415225:12:3"", ""2022:401415225:12:4"", ""2022:401415225:13:1"", ""2022:401415225:13:10"", ""2022:401415225:13:12"", ""2022:401415225:13:2"", ""2022:401415225:13:3"", ""2022:401415225:13:4"", ""2022:401415225:13:5"", ""2022:401415225:13:6"", ""2022:401415225:13:7"", ""2022:401415225:13:8"", ""2022:401415225:13:9"", ""2022:401415225:14:1"", ""2022:401415225:14:2"", ""2022:401415225:14:3"", ""2022:401415225:14:5"", ""2022:401415225:16:1""]"
bb6792de06be4cb1,2017,400945302,New Mexico,attribution_only,dip_restore,0.0,corroborated,admitted,cfbd_drives_5a,"[""2017:400945302:23:5"", ""2017:400945302:24:1""]"
bb6ccbcd792f7bff,2018,401019514,Cincinnati,points_recovery,incomplete_stream,9.0,game_unusable,reverted_unverified,cfbd_drives_5a,"[""2018:401019514:29:11"", ""2018:401019514:29:16""]"
bb71a73c4952e002,2024,401641028,Colorado State,attribution_only,category_possession_reassignment,0.0,game_unusable,reverted_unverified,cfbd_drives_5a,"[""2024:401641028:18:9"", ""2024:401641028:22:6""]"
bb79f2c6a329c6db,2025,401752876,Oregon,attribution_only,dip_restore,0.0,corroborated,admitted,cfbd_drives_5a,"[""2025:401752876:20:3"", ""2025:401752876:21:1""]"
bba042d42cc6c1a7,2016,400869337,Eastern Michigan,attribution_only,dip_restore,0.0,corroborated,admitted,cfbd_drives_5a,"[""2016:400869337:22:10"", ""2016:400869337:23:1""]"
bbbc9a0081e912bc,2016,400869307,Central Michigan,points_recovery,dip_restore,13.0,game_unusable,reverted_unverified,cfbd_drives_5a,"[""2016:400869307:11:13"", ""2016:400869307:24:4""]"
bbbfffda4484fb5a,2025,401752730,Mississippi State,attribution_only,dip_restore,0.0,game_unusable,reverted_unverified,cfbd_drives_5a,"[""2025:401752730:3:16"", ""2025:401752730:3:4""]"
bbc1d9f8bcaa8166,2021,401309633,Arkansas State,points_reduction,category_possession_reassignment,-1.0,game_unusable,reverted_unverified,cfbd_drives_5a,"[""2021:401309633:18:11""]"
bbc8357fe2db2616,2022,401426333,Troy,attribution_only,dip_restore,0.0,game_unusable,reverted_unverified,cfbd_drives_5a,"[""2022:401426333:15:17"", ""2022:401426333:16:1""]"
bbd7900a81942b88,2022,401426558,North Texas,points_recovery,incomplete_stream,22.0,game_unusable,reverted_unverified,cfbd_drives_5a,"[""2022:401426558:11:11"", ""2022:401426558:14:4"", ""2022:401426558:2:1"", ""2022:401426558:2:2"", ""2022:401426558:5:3"", ""2022:401426558:9:15""]"
bbdc7c9305169e13,2018,401013175,Florida State,attribution_only,dip_restore,0.0,corroborated,admitted,cfbd_drives_5a,"[""2018:401013175:20:5"", ""2018:401013175:21:1""]"
bbe9d21a4083ba83,2025,401762493,Florida Atlantic,attribution_only,category_possession_reassignment,0.0,corroborated,admitted,cfbd_drives_5a,"[""2025:401762493:21:6"", ""2025:401762493:22:1""]"
bbf0cdd1fcb02baf,2022,401411157,Virginia Tech,points_recovery,incomplete_stream,7.0,game_unusable,reverted_unverified,cfbd_drives_5a,"[""2022:401411157:2:8"", ""2022:401411157:2:9"", ""2022:401411157:8:5"", ""2022:401411157:9:2""]"
bbf18b78f5b9a452,2021,401282816,Ball State,attribution_only,category_possession_reassignment,0.0,game_unusable,reverted_unverified,cfbd_drives_5a,"[""2021:401282816:20:11"", ""2021:401282816:23:5""]"
bbfcbbe545630147,2023,401525823,Oklahoma State,points_recovery,restoration_gt8,3.0,game_unusable,reverted_unverified,cfbd_drives_5a,"[""2023:401525823:1:1""]"
bc05a28a1d30228a,2023,401531337,Tulsa,attribution_only,dip_restore,0.0,corroborated,admitted,cfbd_drives_5a,"[""2023:401531337:12:6"", ""2023:401531337:13:1""]"
bc11424f020766cb,2021,401327913,Fordham,attribution_only,dip_restore,0.0,game_unusable,reverted_unverified,cfbd_drives_5a,"[""2021:401327913:13:1"", ""2021:401327913:15:9"", ""2021:401327913:19:9"", ""2021:401327913:6:10"", ""2021:401327913:8:1""]"
bc3b7053d7957c49,2016,400869171,Oregon State,attribution_only,dip_restore,0.0,corroborated,admitted,cfbd_drives_5a,"[""2016:400869171:2:9"", ""2016:400869171:3:1""]"
bc6257d14a4ccffa,2022,401404121,Kansas State,attribution_only,dip_restore,0.0,game_unusable,reverted_unverified,cfbd_drives_5a,"[""2022:401404121:7:1"", ""2022:401404121:8:6""]"
bc77ea211731528f,2025,401762792,Merrimack,attribution_only,restoration_gt8,0.0,game_unusable,reverted_unverified,cfbd_drives_5a,"[""2025:401762792:13:13"", ""2025:401762792:14:2"", ""2025:401762792:16:2"", ""2025:401762792:18:15""]"
bc8f550e3be5ec55,2021,401282726,Maryland,points_recovery,dip_restore,1.0,game_unusable,reverted_unverified,cfbd_drives_5a,"[""2021:401282726:20:1""]"
bc953095cef5d634,2024,401641007,Louisiana Tech,attribution_only,dip_restore,0.0,corroborated,admitted,cfbd_drives_5a,"[""2024:401641007:27:8"", ""2024:401641007:28:1""]"
bccc0ae4187945dc,2017,400933936,LSU,attribution_only,category_possession_reassignment,0.0,corroborated,admitted,cfbd_drives_5a,"[""2017:400933936:23:5"", ""2017:400933936:24:1""]"
bcd3fe9f6469ec30,2023,401531847,Jackson State,attribution_only,dip_restore,0.0,corroborated,admitted,cfbd_drives_5a,"[""2023:401531847:23:11"", ""2023:401531847:24:1""]"
bcf0b6ad23d60662,2025,401754569,Connecticut,attribution_only,dip_restore,0.0,game_unusable,reverted_unverified,cfbd_drives_5a,"[""2025:401754569:11:7"", ""2025:401754569:7:1""]"
bcf92fa0aa1d5d12,2025,401752858,Northwestern,attribution_only,dip_restore,0.0,corroborated,admitted,cfbd_drives_5a,"[""2025:401752858:10:1"", ""2025:401752858:9:3"", ""2025:401752858:9:7""]"
bcfd002057519001,2021,401310723,San Jose State,attribution_only,final_cap,0.0,game_unusable,reverted_unverified,cfbd_drives_5a,"[""2021:401310723:26:1""]"
bd53a7cb776d75e9,2015,400763411,Oklahoma State,attribution_only,other,0.0,game_unusable,reverted_unverified,cfbd_drives_5a,"[""2015:400763411:20:4"", ""2015:400763411:22:7""]"
bd6ff033c6c4e61f,2022,401403931,Ole Miss,attribution_only,dip_restore,0.0,game_unusable,reverted_unverified,cfbd_drives_5a,"[""2022:401403931:1:8"", ""2022:401403931:2:2""]"
bdbeb39e1b6ddae0,2022,401404051,Washington,points_recovery,dip_restore,1.0,game_unusable,reverted_unverified,cfbd_drives_5a,"[""2022:401404051:9:1""]"
bdc857bb2ff618e1,2024,401644742,Akron,attribution_only,dip_restore,0.0,game_unusable,reverted_unverified,cfbd_drives_5a,"[""2024:401644742:6:5"", ""2024:401644742:8:6""]"
bde231208fe06aae,2023,401532419,Toledo,attribution_only,dip_restore,0.0,corroborated,admitted,cfbd_drives_5a,"[""2023:401532419:2:18"", ""2023:401532419:3:1""]"
bdf53fd015d48b62,2017,400945286,UNLV,attribution_only,dip_restore,0.0,game_unusable,reverted_unverified,cfbd_drives_5a,"[""2017:400945286:6:19"", ""2017:400945286:7:1""]"
bdf576b92ed49dcd,2025,401762794,Buffalo,attribution_only,dip_restore,0.0,game_unusable,reverted_unverified,cfbd_drives_5a,"[""2025:401762794:10:7"", ""2025:401762794:13:7""]"
be0a7da145c97087,2022,401405066,Maryland,attribution_only,dip_restore,0.0,game_unusable,reverted_unverified,cfbd_drives_5a,"[""2022:401405066:2:1"", ""2022:401405066:3:5"", ""2022:401405066:4:1""]"
be1832f0e051b1b1,2023,401520393,Michigan State,attribution_only,dip_restore,0.0,corroborated,admitted,cfbd_drives_5a,"[""2023:401520393:8:6"", ""2023:401520393:9:1""]"
be5ef2222d356c26,2022,401405138,Michigan State,attribution_only,dip_restore,0.0,corroborated,admitted,cfbd_drives_5a,"[""2022:401405138:5:11"", ""2022:401405138:6:1""]"
be668d3e2f3370f9,2025,401757172,Rice,attribution_only,dip_restore,0.0,indistinguishable_at_drive_level,reverted_unverified,cfbd_drives_5a,"[""2025:401757172:5:11"", ""2025:401757172:5:5""]"
be6f6ba7c475c29a,2023,401525440,Notre Dame,attribution_only,dip_restore,0.0,game_unusable,reverted_unverified,cfbd_drives_5a,"[""2023:401525440:18:4"", ""2023:401525440:19:8""]"
be85d3fb27a048a4,2018,401012318,Alabama,attribution_only,dip_restore,0.0,corroborated,admitted,cfbd_drives_5a,"[""2018:401012318:17:2"", ""2018:401012318:18:1""]"
be86a284a6f28ecb,2021,401331222,Air Force,attribution_only,dip_restore,0.0,game_unusable,reverted_unverified,cfbd_drives_5a,"[""2021:401331222:11:1"", ""2021:401331222:16:19""]"
beae065e627c6118,2025,401762816,UMass,points_recovery,incomplete_stream,26.0,game_unusable,reverted_unverified,cfbd_drives_5a,"[""2025:401762816:11:4"", ""2025:401762816:13:3"", ""2025:401762816:15:21"", ""2025:401762816:5:14"", ""2025:401762816:6:4"", ""2025:401762816:7:5"", ""2025:401762816:8:1""]"
bebee4972ce2b6bb,2023,401525510,Pittsburgh,attribution_only,final_cap,0.0,game_unusable,reverted_unverified,cfbd_drives_5a,"[""2023:401525510:14:11"", ""2023:401525510:14:12"", ""2023:401525510:14:2"", ""2023:401525510:14:3"", ""2023:401525510:14:4"", ""2023:401525510:14:5"", ""2023:401525510:14:6"", ""2023:401525510:14:7"", ""2023:401525510:14:8"", ""2023:401525510:14:9""]"
bec7f1e7f492383a,2022,401404091,Texas Tech,attribution_only,dip_restore,0.0,corroborated,admitted,cfbd_drives_5a,"[""2022:401404091:1:13"", ""2022:401404091:2:1""]"
bf2909a7a58bcb59,2017,400933828,Arkansas,attribution_only,dip_restore,0.0,game_unusable,reverted_unverified,cfbd_drives_5a,"[""2017:400933828:15:5"", ""2017:400933828:16:1""]"
bf3bbabbe951763c,2015,400787470,Appalachian State,attribution_only,dip_restore,0.0,corroborated,admitted,cfbd_drives_5a,"[""2015:400787470:17:1"", ""2015:400787470:18:1""]"
bf4461d074f2abd5,2024,401641021,Kennesaw State,attribution_only,dip_restore,0.0,game_unusable,reverted_unverified,cfbd_drives_5a,"[""2024:401641021:24:1"", ""2024:401641021:27:2""]"
bf4b48875de34a35,2021,401282217,Old Dominion,points_recovery,incomplete_stream,14.0,game_unusable,reverted_unverified,cfbd_drives_5a,"[""2021:401282217:10:1"", ""2021:401282217:11:1"", ""2021:401282217:7:3"", ""2021:401282217:8:1"", ""2021:401282217:9:1""]"
bf5aee3f2d320b37,2017,400934558,Iowa State,attribution_only,dip_restore,0.0,corroborated,admitted,cfbd_drives_5a,"[""2017:400934558:14:13"", ""2017:400934558:15:1""]"
bf71bfd4a15b2cea,2022,401404073,West Virginia,points_recovery,incomplete_stream,64.0,game_unusable,reverted_unverified,cfbd_drives_5a,"[""2022:401404073:10:5"", ""2022:401404073:12:9"", ""2022:401404073:15:14"", ""2022:401404073:17:16"", ""2022:401404073:19:7"", ""2022:401404073:1:13"", ""2022:401404073:2:1"", ""2022:401404073:2:21"", ""2022:401404073:4:1"", ""2022:401404073:6:14"", ""2022:401404073:7:1""]"
bf9defb4ee0466b8,2021,401282248,Florida International,attribution_only,dip_restore,0.0,game_unusable,reverted_unverified,cfbd_drives_5a,"[""2021:401282248:5:7"", ""2021:401282248:6:1"", ""2021:401282248:7:10"", ""2021:401282248:8:1""]"
bfc90657718c7126,2017,400935280,UCLA,attribution_only,dip_restore,0.0,corroborated,admitted,cfbd_drives_5a,"[""2017:400935280:7:8"", ""2017:400935280:8:1""]"
bffe56bece12fc2b,2022,401426345,Texas State,attribution_only,dip_restore,0.0,corroborated,admitted,cfbd_drives_5a,"[""2022:401426345:15:13"", ""2022:401426345:16:1""]"
c02fe584d0de49b8,2025,401754533,Stanford,attribution_only,dip_restore,0.0,corroborated,admitted,cfbd_drives_5a,"[""2025:401754533:12:3"", ""2025:401754533:13:1""]"
c0328655d2b97559,2025,401762867,Toledo,attribution_only,dip_restore,0.0,game_unusable,reverted_unverified,cfbd_drives_5a,"[""2025:401762867:4:5"", ""2025:401762867:5:4""]"
c036c68af42437e1,2025,401762512,Army,points_recovery,incomplete_stream,18.0,game_unusable,reverted_unverified,cfbd_drives_5a,"[""2025:401762512:10:16"", ""2025:401762512:6:1"", ""2025:401762512:6:15"", ""2025:401762512:8:14""]"
c04bd26f4dfac310,2022,401403967,Arizona,attribution_only,dip_restore,0.0,corroborated,admitted,cfbd_drives_5a,"[""2022:401403967:12:6"", ""2022:401403967:14:1""]"
c04e48e226b0840f,2025,401754551,California,attribution_only,dip_restore,0.0,corroborated,admitted,cfbd_drives_5a,"[""2025:401754551:1:14"", ""2025:401754551:2:1""]"
c05ab8acc0b07112,2024,401677085,Coastal Carolina,attribution_only,incomplete_stream,0.0,game_unusable,reverted_unverified,cfbd_drives_5a,"[""2024:401677085:11:1"", ""2024:401677085:11:10"", ""2024:401677085:11:11"", ""2024:401677085:11:12"", ""2024:401677085:11:13"", ""2024:401677085:11:16"", ""2024:401677085:11:18"", ""2024:401677085:11:2"", ""2024:401677085:11:20"", ""2024:401677085:11:3"", ""2024:401677085:11:4"", ""2024:401677085:11:5"", ""2024:401677085:11:6"", ""2024:401677085:11:7"", ""2024:401677085:11:8"", ""2024:401677085:11:9"", ""2024:401677085:12:1"", ""2024:401677085:12:2"", ""2024:401677085:12:3"", ""2024:401677085:12:4"", ""2024:401677085:12:5"", ""2024:401677085:12:6"", ""2024:401677085:12:7"", ""2024:401677085:12:8"", ""2024:401677085:12:9"", ""2024:401677085:13:1"", ""2024:401677085:13:10"", ""2024:401677085:13:2"", ""2024:401677085:13:3"", ""2024:401677085:13:4"", ""2024:401677085:13:5"", ""2024:401677085:13:6"", ""2024:401677085:13:7"", ""2024:401677085:13:8"", ""2024:401677085:13:9""]"
c0684084a037b95d,2015,400603920,Tennessee,attribution_only,dip_restore,0.0,game_unusable,reverted_unverified,cfbd_drives_5a,"[""2015:400603920:11:5"", ""2015:400603920:13:1""]"
c072458585da74f8,2021,401309625,Georgia State,attribution_only,dip_restore,0.0,corroborated,admitted,cfbd_drives_5a,"[""2021:401309625:8:4"", ""2021:401309625:9:1""]"
c080c3e42715673a,2021,401282177,South Alabama,attribution_only,final_cap,0.0,game_unusable,reverted_unverified,cfbd_drives_5a,"[""2021:401282177:20:1"", ""2021:401282177:20:10"", ""2021:401282177:20:2"", ""2021:401282177:20:3"", ""2021:401282177:20:4"", ""2021:401282177:20:5"", ""2021:401282177:20:6"", ""2021:401282177:20:7"", ""2021:401282177:20:9"", ""2021:401282177:21:1""]"
c0c9cb47ce854ff2,2022,401405134,Purdue,attribution_only,dip_restore,0.0,corroborated,admitted,cfbd_drives_5a,"[""2022:401405134:16:13"", ""2022:401405134:17:1""]"
c0d01abc9cd7e3f5,2022,401426560,Georgia Southern,attribution_only,dip_restore,0.0,game_unusable,reverted_unverified,cfbd_drives_5a,"[""2022:401426560:19:1"", ""2022:401426560:20:13""]"
c0d12b6f4a57d944,2016,400869264,Texas State,attribution_only,dip_restore,0.0,game_unusable,reverted_unverified,cfbd_drives_5a,"[""2016:400869264:34:12"", ""2016:400869264:34:17"", ""2016:400869264:34:30"", ""2016:400869264:34:6""]"
c0d7901b8ee4fe19,2025,401760397,Nevada,attribution_only,dip_restore,0.0,game_unusable,reverted_unverified,cfbd_drives_5a,"[""2025:401760397:2:1"", ""2025:401760397:4:11"", ""2025:401760397:4:14""]"
c0d8dc258ab98a0e,2021,401282147,Florida,attribution_only,dip_restore,0.0,corroborated,admitted,cfbd_drives_5a,"[""2021:401282147:14:8"", ""2021:401282147:15:1"", ""2021:401282147:1:12"", ""2021:401282147:2:1""]"
c0dfcf32dfaeddc9,2022,401415215,Utah State,attribution_only,final_cap,0.0,game_unusable,reverted_unverified,cfbd_drives_5a,"[""2022:401415215:5:2"", ""2022:401415215:5:3""]"
c0ebe5526ab18cfb,2021,401310733,San Diego State,attribution_only,category_possession_reassignment,0.0,game_unusable,reverted_unverified,cfbd_drives_5a,"[""2021:401310733:10:8"", ""2021:401310733:19:7""]"
c100452aaae6ec05,2021,401309873,Washington State,attribution_only,dip_restore,0.0,corroborated,admitted,cfbd_drives_5a,"[""2021:401309873:23:6"", ""2021:401309873:24:1""]"
c111e578d3415433,2015,400763457,Texas Tech,attribution_only,dip_restore,0.0,game_unusable,reverted_unverified,cfbd_drives_5a,"[""2015:400763457:30:10"", ""2015:400763457:31:1""]"
c117f9d9831278a2,2018,401012749,Stanford,attribution_only,final_cap,0.0,game_unusable,reverted_unverified,cfbd_drives_5a,"[""2018:401012749:22:1"", ""2018:401012749:22:2"", ""2018:401012749:22:3""]"
c122e15c7e3bf263,2021,401287929,Baylor,attribution_only,category_possession_reassignment,0.0,game_unusable,reverted_unverified,cfbd_drives_5a,"[""2021:401287929:17:10"", ""2021:401287929:19:14""]"
c1404c7a71fa5799,2018,401013068,Oklahoma,attribution_only,dip_restore,0.0,game_unusable,reverted_unverified,cfbd_drives_5a,"[""2018:401013068:2:6"", ""2018:401013068:3:1""]"
c14c40c1d2c45ba6,2025,401762506,North Texas,attribution_only,category_possession_reassignment,0.0,corroborated,admitted,cfbd_drives_5a,"[""2025:401762506:3:6"", ""2025:401762506:4:1""]"
c16257233c576210,2024,401636882,Kansas,attribution_only,dip_restore,0.0,corroborated,admitted,cfbd_drives_5a,"[""2024:401636882:2:5"", ""2024:401636882:3:1""]"
c16d6b746cdce6ec,2024,401628408,Georgia,attribution_only,dip_restore,0.0,corroborated,admitted,cfbd_drives_5a,"[""2024:401628408:19:9"", ""2024:401628408:20:1""]"
c170ec4955fedd82,2022,401426553,UT San Antonio,attribution_only,incomplete_stream,0.0,game_unusable,reverted_unverified,cfbd_drives_5a,"[""2022:401426553:1:15"", ""2022:401426553:8:1""]"
c1bc411198af0a30,2021,401286297,Liberty,attribution_only,dip_restore,0.0,corroborated,admitted,cfbd_drives_5a,"[""2021:401286297:2:1"", ""2021:401286297:3:1""]"
c20a724834485ead,2023,401525843,UCF,attribution_only,dip_restore,0.0,corroborated,admitted,cfbd_drives_5a,"[""2023:401525843:1:16"", ""2023:401525843:2:1""]"
c212afdd659fa494,2023,401524044,Oregon,attribution_only,dip_restore,0.0,game_unusable,reverted_unverified,cfbd_drives_5a,"[""2023:401524044:5:10"", ""2023:401524044:6:1"", ""2023:401524044:7:1"", ""2023:401524044:9:1""]"
c21daed3dcf3b608,2021,401387250,USC,attribution_only,dip_restore,0.0,game_unusable,reverted_unverified,cfbd_drives_5a,"[""2021:401387250:10:2"", ""2021:401387250:5:12"", ""2021:401387250:7:1""]"
c227d22f20c4a47b,2018,401020680,Western Michigan,attribution_only,dip_restore,0.0,game_unusable,reverted_unverified,cfbd_drives_5a,"[""2018:401020680:22:3"", ""2018:401020680:24:1""]"
c233842571c71bc6,2025,401760366,New Mexico,attribution_only,dip_restore,0.0,game_unusable,reverted_unverified,cfbd_drives_5a,"[""2025:401760366:14:7"", ""2025:401760366:17:11""]"
c252161b20025691,2025,401754517,Elon,attribution_only,dip_restore,0.0,corroborated,admitted,cfbd_drives_5a,"[""2025:401754517:10:1"", ""2025:401754517:9:11""]"
c2596eeecd2192ca,2016,400869348,New Mexico State,attribution_only,dip_restore,0.0,corroborated,admitted,cfbd_drives_5a,"[""2016:400869348:5:14"", ""2016:400869348:6:1""]"
c270e63a3f300ac8,2021,401282726,Indiana,points_recovery,category_possession_reassignment,1.0,game_unusable,reverted_unverified,cfbd_drives_5a,"[""2021:401282726:24:7"", ""2021:401282726:27:17"", ""2021:401282726:28:4""]"
c27b6eeee1eb8021,2024,401643738,Wyoming,attribution_only,dip_restore,0.0,corroborated,admitted,cfbd_drives_5a,"[""2024:401643738:28:1"", ""2024:401643738:29:1""]"
c299dc6a977ed451,2016,400868953,Notre Dame,attribution_only,dip_restore,0.0,corroborated,admitted,cfbd_drives_5a,"[""2016:400868953:10:1"", ""2016:400868953:9:5""]"
c2ae74719b522040,2022,401404115,Iowa State,points_recovery,incomplete_stream,10.0,game_unusable,reverted_unverified,cfbd_drives_5a,"[""2022:401404115:19:1"", ""2022:401404115:5:6"", ""2022:401404115:8:1""]"
c2f4236a19d12481,2021,401282686,Boston College,points_recovery,incomplete_stream,34.0,game_unusable,reverted_unverified,cfbd_drives_5a,"[""2021:401282686:10:5"", ""2021:401282686:15:14"", ""2021:401282686:17:12"", ""2021:401282686:19:5"", ""2021:401282686:2:1"", ""2021:401282686:6:5"", ""2021:401282686:8:5""]"
c2fc0ae39403d65a,2021,401309853,Northern Arizona,attribution_only,final_cap,0.0,game_unusable,reverted_unverified,cfbd_drives_5a,"[""2021:401309853:31:8""]"
c302229913648346,2025,401760368,Air Force,attribution_only,dip_restore,0.0,game_unusable,reverted_unverified,cfbd_drives_5a,"[""2025:401760368:19:1"", ""2025:401760368:19:2"", ""2025:401760368:19:3"", ""2025:401760368:19:4"", ""2025:401760368:19:5"", ""2025:401760368:20:1"", ""2025:401760368:20:2"", ""2025:401760368:20:3"", ""2025:401760368:20:4"", ""2025:401760368:20:5"", ""2025:401760368:20:6"", ""2025:401760368:20:7"", ""2025:401760368:21:1"", ""2025:401760368:21:2"", ""2025:401760368:21:3"", ""2025:401760368:21:4"", ""2025:401760368:21:5"", ""2025:401760368:21:6"", ""2025:401760368:21:7"", ""2025:401760368:21:8"", ""2025:401760368:22:9"", ""2025:401760368:23:3"", ""2025:401760368:24:1""]"
c3315fea16a76f13,2021,401282206,Central Michigan,attribution_only,dip_restore,0.0,corroborated,admitted,cfbd_drives_5a,"[""2021:401282206:30:5"", ""2021:401282206:31:1""]"
c33f05566e244973,2023,401520225,Georgia,attribution_only,dip_restore,0.0,corroborated,admitted,cfbd_drives_5a,"[""2023:401520225:10:1"", ""2023:401520225:9:7""]"
c346753c9d5bbf99,2024,401636934,Oklahoma State,attribution_only,dip_restore,0.0,corroborated,admitted,cfbd_drives_5a,"[""2024:401636934:21:9"", ""2024:401636934:22:1""]"
c35ae643fe01f152,2025,401757235,Kennesaw State,attribution_only,dip_restore,0.0,game_unusable,reverted_unverified,cfbd_drives_5a,"[""2025:401757235:13:4"", ""2025:401757235:14:1"", ""2025:401757235:15:9"", ""2025:401757235:16:1""]"
c35cb8618a786bc1,2021,401282181,Charlotte,points_recovery,incomplete_stream,12.0,game_unusable,reverted_unverified,cfbd_drives_5a,"[""2021:401282181:1:1"", ""2021:401282181:2:2"", ""2021:401282181:3:1"", ""2021:401282181:5:1"", ""2021:401282181:6:1"", ""2021:401282181:6:6"", ""2021:401282181:7:1""]"
c36089138f51473b,2017,400935394,Ohio State,attribution_only,dip_restore,0.0,game_unusable,reverted_unverified,cfbd_drives_5a,"[""2017:400935394:10:6"", ""2017:400935394:11:1""]"
c37f5f39e02e628e,2025,401778328,Vanderbilt,points_recovery,incomplete_stream,27.0,game_unusable,reverted_unverified,cfbd_drives_5a,"[""2025:401778328:13:2"", ""2025:401778328:17:9"", ""2025:401778328:19:6"", ""2025:401778328:21:9"", ""2025:401778328:2:1"", ""2025:401778328:6:13""]"
c3971e58d6a45274,2024,401643760,Hawai_i,attribution_only,dip_restore,0.0,game_unusable,reverted_unverified,cfbd_drives_5a,"[""2024:401643760:13:1"", ""2024:401643760:29:8""]"
c3acabfe20070fef,2019,401117909,Memphis,attribution_only,dip_restore,0.0,corroborated,admitted,cfbd_drives_5a,"[""2019:401117909:5:1"", ""2019:401117909:6:1""]"
c3c8a06b9a4de00d,2021,401282682,North Carolina,attribution_only,dip_restore,0.0,corroborated,admitted,cfbd_drives_5a,"[""2021:401282682:29:2"", ""2021:401282682:30:1""]"
c3e67665486aade9,2021,401282149,Kentucky,attribution_only,dip_restore,0.0,corroborated,admitted,cfbd_drives_5a,"[""2021:401282149:15:6"", ""2021:401282149:16:1""]"
c3e6ff33b2457c7a,2024,401640993,Liberty,attribution_only,dip_restore,0.0,game_unusable,reverted_unverified,cfbd_drives_5a,"[""2024:401640993:10:14"", ""2024:401640993:11:1"", ""2024:401640993:14:8"", ""2024:401640993:15:1"", ""2024:401640993:18:10"", ""2024:401640993:19:1""]"
c3f65c738e6f1a1e,2021,401282269,Southern Mississippi,attribution_only,dip_restore,0.0,corroborated,admitted,cfbd_drives_5a,"[""2021:401282269:2:9"", ""2021:401282269:3:1""]"
c3f6c957aff1a2ba,2024,401628581,Wake Forest,points_recovery,restoration_gt8,1.0,game_unusable,reverted_unverified,cfbd_drives_5a,"[""2024:401628581:12:7""]"
c4184afdb76d4c56,2025,401778327,USC,attribution_only,category_possession_reassignment,0.0,game_unusable,reverted_unverified,cfbd_drives_5a,"[""2025:401778327:22:1"", ""2025:401778327:22:7""]"
c42012255b8c8952,2022,401404005,Stanford,attribution_only,dip_restore,0.0,corroborated,admitted,cfbd_drives_5a,"[""2022:401404005:18:7"", ""2022:401404005:19:1""]"
c443817b81403ba7,2019,401112231,Georgia Southern,attribution_only,dip_restore,0.0,game_unusable,reverted_unverified,cfbd_drives_5a,"[""2019:401112231:21:4"", ""2019:401112231:23:1""]"
c44a0373060d8a2f,2025,401752713,Missouri,attribution_only,dip_restore,0.0,game_unusable,reverted_unverified,cfbd_drives_5a,"[""2025:401752713:10:12"", ""2025:401752713:11:1""]"
c4573233feade0ea,2016,400869832,Georgia Southern,attribution_only,dip_restore,0.0,game_unusable,reverted_unverified,cfbd_drives_5a,"[""2016:400869832:19:8"", ""2016:400869832:20:1""]"
c46f2f9db9d1164e,2023,401525827,UCF,attribution_only,restoration_gt8,0.0,game_unusable,reverted_unverified,cfbd_drives_5a,"[""2023:401525827:11:4"", ""2023:401525827:12:1"", ""2023:401525827:1:7"", ""2023:401525827:4:1"", ""2023:401525827:7:2"", ""2023:401525827:8:1""]"
c4dae376fb6fdd0c,2025,401757296,Florida International,attribution_only,dip_restore,0.0,indistinguishable_at_drive_level,reverted_unverified,cfbd_drives_5a,"[""2025:401757296:17:11"", ""2025:401757296:17:2""]"
c4df7fd258ea1a90,2022,401413216,Jacksonville State,attribution_only,dip_restore,0.0,game_unusable,reverted_unverified,cfbd_drives_5a,"[""2022:401413216:13:2"", ""2022:401413216:16:13""]"
c4ec041ac1048841,2015,400763558,Wisconsin,attribution_only,dip_restore,0.0,game_unusable,reverted_unverified,cfbd_drives_5a,"[""2015:400763558:19:8"", ""2015:400763558:20:1""]"
c53a1c7212854972,2016,400869375,Rice,attribution_only,dip_restore,0.0,corroborated,admitted,cfbd_drives_5a,"[""2016:400869375:10:1"", ""2016:400869375:9:9""]"
c54d180b15356fb3,2025,401757287,Delaware,points_recovery,other,4.0,game_unusable,reverted_unverified,cfbd_drives_5a,"[""2025:401757287:6:14""]"
c5559110e7cb2422,2023,401520213,Austin Peay,points_recovery,dip_restore,3.0,game_unusable,reverted_unverified,cfbd_drives_5a,"[""2023:401520213:1:1""]"
c55c49b27592ea3d,2025,401754637,Troy,attribution_only,dip_restore,0.0,corroborated,admitted,cfbd_drives_5a,"[""2025:401754637:10:1"", ""2025:401754637:11:1""]"
c5635aac5bc42aa4,2022,401404130,Notre Dame,attribution_only,dip_restore,0.0,game_unusable,reverted_unverified,cfbd_drives_5a,"[""2022:401404130:19:1"", ""2022:401404130:20:14""]"
c58b7f580a9e84fd,2024,401635564,Northern Illinois,attribution_only,dip_restore,0.0,corroborated,admitted,cfbd_drives_5a,"[""2024:401635564:3:8"", ""2024:401635564:4:1""]"
c58c033675b52ecd,2024,401628524,UCLA,attribution_only,dip_restore,0.0,corroborated,admitted,cfbd_drives_5a,"[""2024:401628524:12:3"", ""2024:401628524:13:1""]"
c5902c93bdac61db,2022,401404001,Stanford,attribution_only,dip_restore,0.0,corroborated,admitted,cfbd_drives_5a,"[""2022:401404001:23:4"", ""2022:401404001:24:1""]"
c59451f996e9f3c5,2021,401282116,Auburn,attribution_only,dip_restore,0.0,corroborated,admitted,cfbd_drives_5a,"[""2021:401282116:3:13"", ""2021:401282116:4:1""]"
c59fce990b01eac4,2022,401403903,LSU,attribution_only,dip_restore,0.0,corroborated,admitted,cfbd_drives_5a,"[""2022:401403903:19:9"", ""2022:401403903:20:1""]"
c5cab97857994c31,2025,401761649,Old Dominion,attribution_only,dip_restore,0.0,game_unusable,reverted_unverified,cfbd_drives_5a,"[""2025:401761649:7:13"", ""2025:401761649:8:1""]"
c5f2de83376d613e,2022,401411114,Virginia Tech,points_recovery,incomplete_stream,27.0,game_unusable,reverted_unverified,cfbd_drives_5a,"[""2022:401411114:10:1"", ""2022:401411114:11:1"", ""2022:401411114:16:10"", ""2022:401411114:1:7"", ""2022:401411114:2:11"", ""2022:401411114:5:1"", ""2022:401411114:6:1"", ""2022:401411114:7:1"", ""2022:401411114:7:10"", ""2022:401411114:8:11"", ""2022:401411114:9:1"", ""2022:401411114:9:2""]"
c5f8653da485b03b,2017,400941811,Temple,attribution_only,category_possession_reassignment,0.0,game_unusable,reverted_unverified,cfbd_drives_5a,"[""2017:400941811:17:12"", ""2017:400941811:18:3""]"
c5fc42f824dc0a85,2025,401761593,South Alabama,attribution_only,dip_restore,0.0,game_unusable,reverted_unverified,cfbd_drives_5a,"[""2025:401761593:12:3"", ""2025:401761593:13:1"", ""2025:401761593:7:1"", ""2025:401761593:9:1""]"
c624910f3089188d,2025,401756886,UCF,attribution_only,dip_restore,0.0,game_unusable,reverted_unverified,cfbd_drives_5a,"[""2025:401756886:19:1"", ""2025:401756886:20:1""]"
c628c44b5b106188,2022,401404115,Texas Tech,attribution_only,dip_restore,0.0,game_unusable,reverted_unverified,cfbd_drives_5a,"[""2022:401404115:13:1"", ""2022:401404115:18:5"", ""2022:401404115:19:1"", ""2022:401404115:5:7"", ""2022:401404115:7:15""]"
c63bf561eb8f460b,2025,401761636,Georgia Southern,attribution_only,dip_restore,0.0,game_unusable,reverted_unverified,cfbd_drives_5a,"[""2025:401761636:2:12"", ""2025:401761636:3:10""]"
c6547a910101a64a,2021,401282178,Bethune-Cookman,attribution_only,dip_restore,0.0,game_unusable,reverted_unverified,cfbd_drives_5a,"[""2021:401282178:20:2"", ""2021:401282178:21:1""]"
c6595a6fa53cd997,2017,400945277,San Jose State,attribution_only,dip_restore,0.0,cfbd_matches_neither,reverted_contradicted,cfbd_drives_5a,"[""2017:400945277:15:2"", ""2017:400945277:16:1"", ""2017:400945277:19:1"", ""2017:400945277:19:3""]"
c65f331fdae9db38,2024,401636914,Iowa State,attribution_only,dip_restore,0.0,corroborated,admitted,cfbd_drives_5a,"[""2024:401636914:6:7"", ""2024:401636914:7:1""]"
c664e2996e9cbc66,2025,401756929,Houston,attribution_only,dip_restore,0.0,cfbd_supports_baseline,reverted_contradicted,cfbd_drives_5a,"[""2025:401756929:3:10"", ""2025:401756929:3:12""]"
c67b05a9c7af3505,2025,401752743,Kentucky,points_recovery,incomplete_stream,13.0,game_unusable,reverted_unverified,cfbd_drives_5a,"[""2025:401752743:14:15"", ""2025:401752743:18:6"", ""2025:401752743:24:9"", ""2025:401752743:27:6""]"
c699f9e1603038b7,2023,401525831,Rice,points_recovery,incomplete_stream,36.0,game_unusable,reverted_unverified,cfbd_drives_5a,"[""2023:401525831:1:13"", ""2023:401525831:23:1"", ""2023:401525831:25:1"", ""2023:401525831:3:1"", ""2023:401525831:3:7"", ""2023:401525831:4:2"", ""2023:401525831:5:1"", ""2023:401525831:5:3"", ""2023:401525831:6:1"", ""2023:401525831:7:17""]"
c6a8d2446e54751f,2023,401531403,Charlotte,points_recovery,dip_restore,1.0,game_unusable,reverted_unverified,cfbd_drives_5a,"[""2023:401531403:19:5"", ""2023:401531403:20:10""]"
c6ab2020f6367d5d,2025,401762852,Ohio,attribution_only,dip_restore,0.0,game_unusable,reverted_unverified,cfbd_drives_5a,"[""2025:401762852:10:9"", ""2025:401762852:9:5""]"
c6ac3271a62e09f5,2023,401531892,South Alabama,attribution_only,dip_restore,0.0,corroborated,admitted,cfbd_drives_5a,"[""2023:401531892:15:4"", ""2023:401531892:16:1""]"
c6cf041decd86d2f,2017,400935300,California,points_recovery,dip_restore,6.0,game_unusable,reverted_unverified,cfbd_drives_5a,"[""2017:400935300:21:1"", ""2017:400935300:22:5"", ""2017:400935300:24:2""]"
c6cfcb8155add0f1,2025,401752691,South Carolina State,attribution_only,dip_restore,0.0,corroborated,admitted,cfbd_drives_5a,"[""2025:401752691:5:10"", ""2025:401752691:6:1""]"
c6ef1f22d72d4c8d,2025,401766898,Florida International,attribution_only,dip_restore,0.0,corroborated,admitted,cfbd_drives_5a,"[""2025:401766898:2:9"", ""2025:401766898:3:1"", ""2025:401766898:4:19"", ""2025:401766898:5:1""]"
c70cfa52f680f0ce,2025,401752906,Illinois,attribution_only,dip_restore,0.0,game_unusable,reverted_unverified,cfbd_drives_5a,"[""2025:401752906:4:8"", ""2025:401752906:5:4""]"
c7159b2042ccf11d,2024,401635518,Syracuse,attribution_only,dip_restore,0.0,corroborated,admitted,cfbd_drives_5a,"[""2024:401635518:19:12"", ""2024:401635518:20:1""]"
c71b6ca7ec591f27,2022,401405089,Rutgers,attribution_only,dip_restore,0.0,corroborated,admitted,cfbd_drives_5a,"[""2022:401405089:17:10"", ""2022:401405089:18:1""]"
c72bf16269e20689,2022,401426330,Old Dominion,attribution_only,dip_restore,0.0,game_unusable,reverted_unverified,cfbd_drives_5a,"[""2022:401426330:29:12"", ""2022:401426330:31:1""]"
c7407049533dde98,2022,401404046,UCLA,attribution_only,final_cap,0.0,game_unusable,reverted_unverified,cfbd_drives_5a,"[""2022:401404046:20:1"", ""2022:401404046:20:2"", ""2022:401404046:20:3"", ""2022:401404046:20:4"", ""2022:401404046:20:5"", ""2022:401404046:21:1"", ""2022:401404046:21:10"", ""2022:401404046:21:12"", ""2022:401404046:21:14"", ""2022:401404046:21:16"", ""2022:401404046:21:2"", ""2022:401404046:21:3"", ""2022:401404046:21:4"", ""2022:401404046:21:5"", ""2022:401404046:21:6"", ""2022:401404046:21:8"", ""2022:401404046:22:1"", ""2022:401404046:22:2"", ""2022:401404046:22:3"", ""2022:401404046:22:4"", ""2022:401404046:23:1"", ""2022:401404046:23:2"", ""2022:401404046:23:3""]"
c746fd498fa40034,2023,401532433,Central Michigan,attribution_only,dip_restore,0.0,game_unusable,reverted_unverified,cfbd_drives_5a,"[""2023:401532433:2:7"", ""2023:401532433:3:1""]"
c74f7b609e87bd5b,2022,401403853,Vanderbilt,attribution_only,dip_restore,0.0,corroborated,admitted,cfbd_drives_5a,"[""2022:401403853:20:9"", ""2022:401403853:21:1""]"
c758417be2f3a924,2022,401426563,Western Kentucky,attribution_only,restoration_gt8,0.0,game_unusable,reverted_unverified,cfbd_drives_5a,"[""2022:401426563:5:4"", ""2022:401426563:6:1""]"
c77d41db672ca44c,2021,401282800,Nebraska,attribution_only,dip_restore,0.0,corroborated,admitted,cfbd_drives_5a,"[""2021:401282800:20:16"", ""2021:401282800:21:1""]"
c77e4d74444667b7,2023,401531440,Rice,attribution_only,dip_restore,0.0,corroborated,admitted,cfbd_drives_5a,"[""2023:401531440:11:10"", ""2023:401531440:12:1""]"
c7a064e597981746,2021,401282128,Mississippi State,attribution_only,dip_restore,0.0,corroborated,admitted,cfbd_drives_5a,"[""2021:401282128:19:5"", ""2021:401282128:20:1""]"
c7b5dd9c486724ff,2024,401644754,Bowling Green,attribution_only,dip_restore,0.0,game_unusable,reverted_unverified,cfbd_drives_5a,"[""2024:401644754:11:3"", ""2024:401644754:9:2""]"
c81ab0be7977a6dd,2023,401525540,Boston College,attribution_only,dip_restore,0.0,game_unusable,reverted_unverified,cfbd_drives_5a,"[""2023:401525540:18:1"", ""2023:401525540:23:11""]"
c81d9bbe7fb79763,2025,401752817,Northwestern,attribution_only,other,0.0,game_unusable,reverted_unverified,cfbd_drives_5a,"[""2025:401752817:16:10"", ""2025:401752817:4:1""]"
c848ea2fb9b36880,2022,401403941,South Carolina,attribution_only,dip_restore,0.0,corroborated,admitted,cfbd_drives_5a,"[""2022:401403941:8:9"", ""2022:401403941:9:1""]"
c8673cd84e3da09b,2018,401016406,McNeese,attribution_only,dip_restore,0.0,corroborated,admitted,cfbd_drives_5a,"[""2018:401016406:3:8"", ""2018:401016406:4:1""]"
c8676d5e3c1bcde7,2022,401415652,Houston,attribution_only,dip_restore,0.0,game_unusable,reverted_unverified,cfbd_drives_5a,"[""2022:401415652:12:1"", ""2022:401415652:13:4"", ""2022:401415652:14:7"", ""2022:401415652:15:1""]"
c887604441a52a14,2025,401761603,Texas State,attribution_only,dip_restore,0.0,game_unusable,reverted_unverified,cfbd_drives_5a,"[""2025:401761603:15:9"", ""2025:401761603:16:1""]"
c8956c325e033880,2016,400869365,Middle Tennessee,attribution_only,dip_restore,0.0,game_unusable,reverted_unverified,cfbd_drives_5a,"[""2016:400869365:8:5"", ""2016:400869365:9:9""]"
c8aa58ab22376f7f,2021,401282616,Duke,attribution_only,dip_restore,0.0,corroborated,admitted,cfbd_drives_5a,"[""2021:401282616:8:13"", ""2021:401282616:9:1""]"
c8ae639c7f5f82c0,2024,401643723,Boise State,attribution_only,dip_restore,0.0,game_unusable,reverted_unverified,cfbd_drives_5a,"[""2024:401643723:16:2"", ""2024:401643723:17:12""]"
c8b5f343c69f8c44,2021,401282238,UAB,attribution_only,dip_restore,0.0,corroborated,admitted,cfbd_drives_5a,"[""2021:401282238:21:10"", ""2021:401282238:22:1""]"
c8d9b59cdba0faea,2017,400945009,Ohio,attribution_only,dip_restore,0.0,corroborated,admitted,cfbd_drives_5a,"[""2017:400945009:13:12"", ""2017:400945009:14:1""]"
c8f16e0b39ad6406,2021,401309884,Oregon,attribution_only,other,0.0,game_unusable,reverted_unverified,cfbd_drives_5a,"[""2021:401309884:3:5"", ""2021:401309884:5:11""]"
c8f21a73dde73e78,2022,401404006,Utah,attribution_only,dip_restore,0.0,corroborated,admitted,cfbd_drives_5a,"[""2022:401404006:17:10"", ""2022:401404006:18:1""]"
c8f2c07d93a069b7,2023,401525875,Kansas State,attribution_only,dip_restore,0.0,game_unusable,reverted_unverified,cfbd_drives_5a,"[""2023:401525875:1:13"", ""2023:401525875:2:2""]"
c90709f97212594f,2019,401112489,Virginia Tech,points_recovery,restoration_gt8,10.0,game_unusable,reverted_unverified,cfbd_drives_5a,"[""2019:401112489:14:1"", ""2019:401112489:14:6""]"
c918399883d79c1f,2022,401426596,UTEP,attribution_only,dip_restore,0.0,game_unusable,reverted_unverified,cfbd_drives_5a,"[""2022:401426596:20:14"", ""2022:401426596:21:2""]"
c920d397a28bbdd0,2025,401757310,Delaware,attribution_only,dip_restore,0.0,game_unusable,reverted_unverified,cfbd_drives_5a,"[""2025:401757310:11:6"", ""2025:401757310:12:2"", ""2025:401757310:13:7""]"
c926667a1c355217,2024,401636910,Texas Tech,attribution_only,dip_restore,0.0,corroborated,admitted,cfbd_drives_5a,"[""2024:401636910:18:7"", ""2024:401636910:19:1""]"
c94321f6fd30a122,2016,400869428,Liberty,attribution_only,incomplete_stream,0.0,game_unusable,reverted_unverified,cfbd_drives_5a,"[""2016:400869428:23:1""]"
c956a53d4e8b9d3f,2021,401301035,East Carolina,attribution_only,dip_restore,0.0,game_unusable,reverted_unverified,cfbd_drives_5a,"[""2021:401301035:24:4"", ""2021:401301035:25:1""]"
c9624f9718b530e1,2021,401282221,UAB,attribution_only,dip_restore,0.0,corroborated,admitted,cfbd_drives_5a,"[""2021:401282221:1:11"", ""2021:401282221:2:1""]"
c9649a8232bad975,2024,401644741,Western Michigan,attribution_only,dip_restore,0.0,corroborated,admitted,cfbd_drives_5a,"[""2024:401644741:2:9"", ""2024:401644741:3:1""]"
c97c2ec351077439,2025,401761591,Southeast Missouri State,points_recovery,dip_restore,7.0,game_unusable,reverted_unverified,cfbd_drives_5a,"[""2025:401761591:1:3"", ""2025:401761591:2:1""]"
c981542c4dcd1c03,2021,401301031,UCF,attribution_only,dip_restore,0.0,game_unusable,reverted_unverified,cfbd_drives_5a,"[""2021:401301031:17:2"", ""2021:401301031:18:4"", ""2021:401301031:21:4""]"
c98b1d6b111ab016,2017,400944987,San Diego State,attribution_only,dip_restore,0.0,game_unusable,reverted_unverified,cfbd_drives_5a,"[""2017:400944987:12:7"", ""2017:400944987:13:1""]"
c99bdeae8167ebfc,2021,401301010,Wagner,attribution_only,dip_restore,0.0,game_unusable,reverted_unverified,cfbd_drives_5a,"[""2021:401301010:1:1"", ""2021:401301010:3:9"", ""2021:401301010:4:7""]"
c9b89bceae74f4bb,2023,401525847,Kansas,attribution_only,dip_restore,0.0,game_unusable,reverted_unverified,cfbd_drives_5a,"[""2023:401525847:17:14"", ""2023:401525847:18:2""]"
c9eac18d9f7a2b90,2017,400941831,SMU,attribution_only,dip_restore,0.0,corroborated,admitted,cfbd_drives_5a,"[""2017:400941831:19:7"", ""2017:400941831:20:1"", ""2017:400941831:21:8"", ""2017:400941831:22:1""]"
c9edaf26f38c2b47,2023,401525895,Texas,attribution_only,other,0.0,game_unusable,reverted_unverified,cfbd_drives_5a,"[""2023:401525895:15:1"", ""2023:401525895:17:4""]"
c9f9a3f4835f56d5,2023,401532582,North Dakota,attribution_only,category_possession_reassignment,0.0,game_unusable,reverted_unverified,cfbd_drives_5a,"[""2023:401532582:4:14"", ""2023:401532582:7:12""]"
ca0ce8c2df9c5175,2016,400869639,Rutgers,attribution_only,dip_restore,0.0,game_unusable,reverted_unverified,cfbd_drives_5a,"[""2016:400869639:37:10"", ""2016:400869639:38:1""]"
ca3dfcd7d4a42e81,2017,400937485,NC State,attribution_only,category_possession_reassignment,0.0,game_unusable,reverted_unverified,cfbd_drives_5a,"[""2017:400937485:7:6"", ""2017:400937485:8:7""]"
ca5065dfb196cd92,2024,401636608,New Mexico,attribution_only,dip_restore,0.0,corroborated,admitted,cfbd_drives_5a,"[""2024:401636608:11:7"", ""2024:401636608:12:1""]"
ca6b5d35db638cee,2022,401416607,Central Michigan,attribution_only,dip_restore,0.0,corroborated,admitted,cfbd_drives_5a,"[""2022:401416607:21:2"", ""2022:401416607:22:1""]"
ca71341b32513ef8,2023,401525837,Kansas,attribution_only,dip_restore,0.0,game_unusable,reverted_unverified,cfbd_drives_5a,"[""2023:401525837:17:1"", ""2023:401525837:18:10""]"
ca76a0e5d4af3464,2025,401760396,San Jose State,attribution_only,final_cap,0.0,game_unusable,reverted_unverified,cfbd_drives_5a,"[""2025:401760396:18:5"", ""2025:401760396:19:1"", ""2025:401760396:19:10"", ""2025:401760396:19:11"", ""2025:401760396:19:12"", ""2025:401760396:19:13"", ""2025:401760396:19:14"", ""2025:401760396:19:2"", ""2025:401760396:19:3"", ""2025:401760396:19:4"", ""2025:401760396:19:5"", ""2025:401760396:19:6"", ""2025:401760396:19:7"", ""2025:401760396:19:8"", ""2025:401760396:19:9""]"
ca934f9fad608096,2025,401757233,Florida International,attribution_only,dip_restore,0.0,corroborated,admitted,cfbd_drives_5a,"[""2025:401757233:8:4"", ""2025:401757233:9:1""]"
caaba91c7ea3df94,2015,400787243,South Alabama,points_recovery,incomplete_stream,10.0,game_unusable,reverted_unverified,cfbd_drives_5a,"[""2015:400787243:28:15"", ""2015:400787243:28:21""]"
cabb207fa8d49664,2025,401762458,Navy,attribution_only,dip_restore,0.0,corroborated,admitted,cfbd_drives_5a,"[""2025:401762458:12:6"", ""2025:401762458:13:1"", ""2025:401762458:7:12"", ""2025:401762458:8:1""]"
cac262bc7a0444cb,2021,401309834,Utah,attribution_only,dip_restore,0.0,corroborated,admitted,cfbd_drives_5a,"[""2021:401309834:20:3"", ""2021:401309834:21:1""]"
cb227b9cbf681fd5,2019,401110822,Texas A&M,attribution_only,dip_restore,0.0,corroborated,admitted,cfbd_drives_5a,"[""2019:401110822:20:8"", ""2019:401110822:21:1""]"
cb31f1e6033bf718,2025,401761631,James Madison,points_recovery,incomplete_stream,63.0,game_unusable,reverted_unverified,cfbd_drives_5a,"[""2025:401761631:13:8"", ""2025:401761631:16:5"", ""2025:401761631:18:4"", ""2025:401761631:1:2"", ""2025:401761631:1:7"", ""2025:401761631:20:5"", ""2025:401761631:24:9"", ""2025:401761631:5:3"", ""2025:401761631:7:10"", ""2025:401761631:9:12""]"
cb407ff3528d1d5d,2022,401426340,Arkansas State,attribution_only,restoration_gt8,0.0,game_unusable,reverted_unverified,cfbd_drives_5a,"[""2022:401426340:12:10"", ""2022:401426340:13:1""]"
cb4d13428107a246,2023,401520204,Minnesota,attribution_only,category_possession_reassignment,0.0,game_unusable,reverted_unverified,cfbd_drives_5a,"[""2023:401520204:14:1"", ""2023:401520204:16:2""]"
cb4e8584ac6d719d,2021,401310697,Wyoming,attribution_only,dip_restore,0.0,game_unusable,reverted_unverified,cfbd_drives_5a,"[""2021:401310697:12:7"", ""2021:401310697:13:1"", ""2021:401310697:16:1"", ""2021:401310697:20:11"", ""2021:401310697:20:8"", ""2021:401310697:21:1""]"
cb6a3b61fdd27bc7,2017,400933910,Tennessee,attribution_only,dip_restore,0.0,corroborated,admitted,cfbd_drives_5a,"[""2017:400933910:17:7"", ""2017:400933910:18:1""]"
cb9120fe082f47fc,2017,400935418,Northwestern,attribution_only,dip_restore,0.0,corroborated,admitted,cfbd_drives_5a,"[""2017:400935418:24:13"", ""2017:400935418:25:1""]"
cb926ca1ce8e3996,2016,400869319,Central Michigan,attribution_only,dip_restore,0.0,game_unusable,reverted_unverified,cfbd_drives_5a,"[""2016:400869319:17:4"", ""2016:400869319:19:1""]"
cb967e86bbf0e351,2025,401754522,Miami,attribution_only,dip_restore,0.0,game_unusable,reverted_unverified,cfbd_drives_5a,"[""2025:401754522:6:9"", ""2025:401754522:7:2""]"
cb9d0cc97cbe7613,2022,401405097,Maryland,attribution_only,dip_restore,0.0,game_unusable,reverted_unverified,cfbd_drives_5a,"[""2022:401405097:6:7"", ""2022:401405097:7:2""]"
cbd69d2368a52b1d,2019,401114184,Colorado State,attribution_only,dip_restore,0.0,game_unusable,reverted_unverified,cfbd_drives_5a,"[""2019:401114184:2:7"", ""2019:401114184:3:1""]"
cbd9b908632c1fcd,2025,401756927,Baylor,attribution_only,dip_restore,0.0,game_unusable,reverted_unverified,cfbd_drives_5a,"[""2025:401756927:12:1"", ""2025:401756927:15:14"", ""2025:401756927:17:13"", ""2025:401756927:18:2""]"
cbee2f0246a9fabc,2016,400869430,Troy,attribution_only,dip_restore,0.0,corroborated,admitted,cfbd_drives_5a,"[""2016:400869430:33:10"", ""2016:400869430:34:1""]"
cbf2563d442896cb,2016,400869119,Washington,attribution_only,dip_restore,0.0,game_unusable,reverted_unverified,cfbd_drives_5a,"[""2016:400869119:23:1"", ""2016:400869119:24:4""]"
cbfb5ad8ac2842ba,2021,401282177,Southern Mississippi,attribution_only,incomplete_stream,0.0,game_unusable,reverted_unverified,cfbd_drives_5a,"[""2021:401282177:10:17"", ""2021:401282177:11:1"", ""2021:401282177:11:2"", ""2021:401282177:11:3"", ""2021:401282177:11:4"", ""2021:401282177:12:1"", ""2021:401282177:12:2"", ""2021:401282177:12:3"", ""2021:401282177:12:4"", ""2021:401282177:12:5"", ""2021:401282177:13:1"", ""2021:401282177:13:10"", ""2021:401282177:13:2"", ""2021:401282177:13:3"", ""2021:401282177:13:4"", ""2021:401282177:13:5"", ""2021:401282177:13:6"", ""2021:401282177:13:7"", ""2021:401282177:13:8"", ""2021:401282177:13:9"", ""2021:401282177:14:1"", ""2021:401282177:14:10"", ""2021:401282177:14:11"", ""2021:401282177:14:12"", ""2021:401282177:14:2"", ""2021:401282177:14:3"", ""2021:401282177:14:4"", ""2021:401282177:14:5"", ""2021:401282177:14:6"", ""2021:401282177:14:7"", ""2021:401282177:14:8"", ""2021:401282177:14:9"", ""2021:401282177:15:1"", ""2021:401282177:15:11"", ""2021:401282177:15:12"", ""2021:401282177:15:13"", ""2021:401282177:15:14"", ""2021:401282177:15:15"", ""2021:401282177:15:2"", ""2021:401282177:15:3"", ""2021:401282177:15:4"", ""2021:401282177:15:5"", ""2021:401282177:15:6"", ""2021:401282177:15:7"", ""2021:401282177:15:8"", ""2021:401282177:15:9"", ""2021:401282177:16:1"", ""2021:401282177:16:10"", ""2021:401282177:16:2"", ""2021:401282177:16:3"", ""2021:401282177:16:4"", ""2021:401282177:16:5"", ""2021:401282177:16:6"", ""2021:401282177:16:8"", ""2021:401282177:16:9"", ""2021:401282177:17:1"", ""2021:401282177:17:2"", ""2021:401282177:17:3"", ""2021:401282177:17:4"", ""2021:401282177:17:5"", ""2021:401282177:17:6"", ""2021:401282177:17:7"", ""2021:401282177:18:1"", ""2021:401282177:18:10"", ""2021:401282177:18:11"", ""2021:401282177:18:13"", ""2021:401282177:18:2"", ""2021:401282177:18:3"", ""2021:401282177:18:4"", ""2021:401282177:18:5"", ""2021:401282177:18:6"", ""2021:401282177:18:7"", ""2021:401282177:18:8"", ""2021:401282177:18:9""]"
cc08b5af4b131a63,2025,401762854,Northern Illinois,attribution_only,dip_restore,0.0,game_unusable,reverted_unverified,cfbd_drives_5a,"[""2025:401762854:1:14"", ""2025:401762854:3:1""]"
cc0b5de035d69873,2022,401416598,Eastern Michigan,attribution_only,dip_restore,0.0,game_unusable,reverted_unverified,cfbd_drives_5a,"[""2022:401416598:10:5"", ""2022:401416598:14:7"", ""2022:401416598:20:2"", ""2022:401416598:22:10"", ""2022:401416598:9:1""]"
cc10f7345e21f2a6,2023,401532615,Utah State,attribution_only,dip_restore,0.0,corroborated,admitted,cfbd_drives_5a,"[""2023:401532615:7:12"", ""2023:401532615:8:1""]"
cc229685968afa90,2022,401416610,Buffalo,points_recovery,incomplete_stream,24.0,game_unusable,reverted_unverified,cfbd_drives_5a,"[""2022:401416610:11:1"", ""2022:401416610:14:1"", ""2022:401416610:1:14"", ""2022:401416610:20:1"", ""2022:401416610:24:4"", ""2022:401416610:2:1"", ""2022:401416610:3:1"", ""2022:401416610:7:5"", ""2022:401416610:9:1""]"
cc24daa2b7518c54,2025,401752829,Illinois,attribution_only,dip_restore,0.0,game_unusable,reverted_unverified,cfbd_drives_5a,"[""2025:401752829:14:11"", ""2025:401752829:15:1""]"
cc631e9da2de0f25,2023,401531924,Marshall,attribution_only,restoration_gt8,0.0,game_unusable,reverted_unverified,cfbd_drives_5a,"[""2023:401531924:1:1"", ""2023:401531924:1:10"", ""2023:401531924:4:4"", ""2023:401531924:6:1""]"
cc695b2e70a5d433,2022,401426383,James Madison,attribution_only,other,0.0,game_unusable,reverted_unverified,cfbd_drives_5a,"[""2022:401426383:13:6"", ""2022:401426383:15:7""]"
cc8254ab130fb14f,2017,400941839,South Florida,attribution_only,other,0.0,game_unusable,reverted_unverified,cfbd_drives_5a,"[""2017:400941839:27:6"", ""2017:400941839:29:13""]"
ccbee10b1162c9dd,2021,401310736,Wyoming,attribution_only,dip_restore,0.0,game_unusable,reverted_unverified,cfbd_drives_5a,"[""2021:401310736:8:5"", ""2021:401310736:9:1""]"
ccc078c39d2da538,2025,401757302,Kennesaw State,attribution_only,dip_restore,0.0,game_unusable,reverted_unverified,cfbd_drives_5a,"[""2025:401757302:7:1"", ""2025:401757302:7:12""]"
cd29c46e5cbda311,2024,401636920,TCU,attribution_only,dip_restore,0.0,corroborated,admitted,cfbd_drives_5a,"[""2024:401636920:5:7"", ""2024:401636920:6:1"", ""2024:401636920:7:10"", ""2024:401636920:7:12""]"
cd43fd1992bc9613,2016,400928102,Air Force,attribution_only,dip_restore,0.0,corroborated,admitted,cfbd_drives_5a,"[""2016:400928102:10:4"", ""2016:400928102:11:1""]"
cd4975537835ee7f,2015,400763589,Louisiana Tech,points_recovery,incomplete_stream,62.0,game_unusable,reverted_unverified,cfbd_drives_5a,"[""2015:400763589:12:1"", ""2015:400763589:14:2"", ""2015:400763589:16:1"", ""2015:400763589:18:9"", ""2015:400763589:26:9"", ""2015:400763589:2:6"", ""2015:400763589:30:7"", ""2015:400763589:3:6"", ""2015:400763589:5:4"", ""2015:400763589:7:6"", ""2015:400763589:9:5""]"
cd4af47345212e67,2025,401752861,Illinois,attribution_only,dip_restore,0.0,corroborated,admitted,cfbd_drives_5a,"[""2025:401752861:16:5"", ""2025:401752861:17:1""]"
cd568195a8e0098c,2021,401287913,Oklahoma,attribution_only,dip_restore,0.0,game_unusable,reverted_unverified,cfbd_drives_5a,"[""2021:401287913:16:10"", ""2021:401287913:17:1""]"
cd5babf89bdb870a,2025,401754565,SMU,attribution_only,dip_restore,0.0,corroborated,admitted,cfbd_drives_5a,"[""2025:401754565:23:8"", ""2025:401754565:24:1""]"
cd5f361abe4a6bef,2021,401310731,Hawai_i,attribution_only,category_possession_reassignment,0.0,game_unusable,reverted_unverified,cfbd_drives_5a,"[""2021:401310731:16:10"", ""2021:401310731:17:1"", ""2021:401310731:18:5"", ""2021:401310731:19:1"", ""2021:401310731:19:17""]"
cd72aabca366598a,2021,401282244,Louisiana Tech,points_recovery,incomplete_stream,14.0,game_unusable,reverted_unverified,cfbd_drives_5a,"[""2021:401282244:11:1"", ""2021:401282244:11:10"", ""2021:401282244:11:2"", ""2021:401282244:14:8"", ""2021:401282244:20:5"", ""2021:401282244:21:22""]"
cd7708c06ebeae87,2017,400935266,Washington,attribution_only,dip_restore,0.0,corroborated,admitted,cfbd_drives_5a,"[""2017:400935266:7:6"", ""2017:400935266:8:1""]"
cd95ab8fc3b43532,2022,401426548,Colorado State,attribution_only,dip_restore,0.0,game_unusable,reverted_unverified,cfbd_drives_5a,"[""2022:401426548:21:2"", ""2022:401426548:22:1""]"
cd972cb49ef53a5c,2023,401531912,Coastal Carolina,attribution_only,dip_restore,0.0,corroborated,admitted,cfbd_drives_5a,"[""2023:401531912:13:14"", ""2023:401531912:14:1""]"
cda7566a74da9b8a,2022,401411104,Georgia Tech,attribution_only,dip_restore,0.0,game_unusable,reverted_unverified,cfbd_drives_5a,"[""2022:401411104:13:6"", ""2022:401411104:14:10"", ""2022:401411104:15:10""]"
cdb770ea41d3d801,2022,401411104,Georgia Tech,attribution_only,final_cap,0.0,game_unusable,reverted_unverified,cfbd_drives_5a,"[""2022:401411104:19:1"", ""2022:401411104:19:2"", ""2022:401411104:19:3"", ""2022:401411104:19:4""]"
cdbe7f29fd69f842,2019,401114219,USC,attribution_only,dip_restore,0.0,corroborated,admitted,cfbd_drives_5a,"[""2019:401114219:7:12"", ""2019:401114219:8:1""]"
cdc78b0fe3674847,2017,400944842,Louisiana,attribution_only,dip_restore,0.0,cfbd_matches_neither,reverted_contradicted,cfbd_drives_5a,"[""2017:400944842:27:13"", ""2017:400944842:28:1""]"
cde399512fc4b552,2015,400787353,Akron,attribution_only,dip_restore,0.0,corroborated,admitted,cfbd_drives_5a,"[""2015:400787353:32:14"", ""2015:400787353:33:1""]"
cdfeae3aa55e07e5,2019,401112266,Liberty,attribution_only,dip_restore,0.0,game_unusable,reverted_unverified,cfbd_drives_5a,"[""2019:401112266:17:13"", ""2019:401112266:18:1""]"
ce0b397ff2fc1aa5,2021,401282263,Western Kentucky,attribution_only,dip_restore,0.0,corroborated,admitted,cfbd_drives_5a,"[""2021:401282263:10:1"", ""2021:401282263:9:10""]"
ce1608c4c2c4135a,2015,400787349,Ohio,attribution_only,dip_restore,0.0,corroborated,admitted,cfbd_drives_5a,"[""2015:400787349:5:13"", ""2015:400787349:6:1""]"
ce25f8de07a8424c,2025,401762831,Eastern Michigan,points_recovery,incomplete_stream,30.0,game_unusable,reverted_unverified,cfbd_drives_5a,"[""2025:401762831:14:10"", ""2025:401762831:15:1"", ""2025:401762831:17:3"", ""2025:401762831:18:9"", ""2025:401762831:21:5"", ""2025:401762831:3:8"", ""2025:401762831:7:19""]"
ce2a42f2f01a2022,2024,401635572,North Carolina,attribution_only,dip_restore,0.0,corroborated,admitted,cfbd_drives_5a,"[""2024:401635572:3:7"", ""2024:401635572:4:1""]"
ce3f92ab37e1ab40,2021,401309582,Northern Illinois,attribution_only,dip_restore,0.0,corroborated,admitted,cfbd_drives_5a,"[""2021:401309582:13:13"", ""2021:401309582:14:1""]"
ce4d4fc9d23201f9,2024,401640980,Florida International,attribution_only,dip_restore,0.0,corroborated,admitted,cfbd_drives_5a,"[""2024:401640980:1:4"", ""2024:401640980:2:1""]"
ce6f7e4b8833cc26,2025,401752718,Alabama,attribution_only,dip_restore,0.0,corroborated,admitted,cfbd_drives_5a,"[""2025:401752718:10:12"", ""2025:401752718:11:1""]"
ce7d46d1d317f352,2024,401641017,San Jose State,points_recovery,dip_restore,1.0,game_unusable,reverted_unverified,cfbd_drives_5a,"[""2024:401641017:13:1""]"
ce7e7d87e8faf34a,2022,401404063,Texas Tech,attribution_only,dip_restore,0.0,game_unusable,reverted_unverified,cfbd_drives_5a,"[""2022:401404063:31:1"", ""2022:401404063:32:5""]"
cea76ca762db18d7,2023,401531380,UAB,attribution_only,dip_restore,0.0,corroborated,admitted,cfbd_drives_5a,"[""2023:401531380:10:7"", ""2023:401531380:11:1""]"
cea7c776dbfa9b4e,2022,401416598,Louisiana,attribution_only,dip_restore,0.0,game_unusable,reverted_unverified,cfbd_drives_5a,"[""2022:401416598:11:2"", ""2022:401416598:12:1""]"
ceab29bf45cbec7d,2024,401628329,Old Dominion,attribution_only,dip_restore,0.0,corroborated,admitted,cfbd_drives_5a,"[""2024:401628329:22:15"", ""2024:401628329:23:1""]"
ceb3ea5aa8984e75,2025,401762522,South Florida,attribution_only,dip_restore,0.0,corroborated,admitted,cfbd_drives_5a,"[""2025:401762522:19:6"", ""2025:401762522:20:1""]"
cec7e9aedc464877,2021,401309546,Bowling Green,points_recovery,incomplete_stream,19.0,game_unusable,reverted_unverified,cfbd_drives_5a,"[""2021:401309546:16:1"", ""2021:401309546:18:1"", ""2021:401309546:1:2"", ""2021:401309546:25:1"", ""2021:401309546:7:2""]"
cf0302db62dcbd84,2023,401520259,Missouri,attribution_only,dip_restore,0.0,game_unusable,reverted_unverified,cfbd_drives_5a,"[""2023:401520259:14:3"", ""2023:401520259:9:2"", ""2023:401520259:9:6""]"
cf0486c072cb4ffe,2022,401403931,Texas A&M,attribution_only,dip_restore,0.0,game_unusable,reverted_unverified,cfbd_drives_5a,"[""2022:401403931:4:6"", ""2022:401403931:5:1""]"
cf152eeefc3bf14e,2023,401531345,Tulsa,attribution_only,dip_restore,0.0,corroborated,admitted,cfbd_drives_5a,"[""2023:401531345:15:7"", ""2023:401531345:16:1""]"
cf1a7d1e9dab0a90,2021,401282658,NC State,attribution_only,dip_restore,0.0,corroborated,admitted,cfbd_drives_5a,"[""2021:401282658:14:1"", ""2021:401282658:15:1""]"
cf2a440b910d60c3,2018,401020688,Northern Illinois,attribution_only,dip_restore,0.0,corroborated,admitted,cfbd_drives_5a,"[""2018:401020688:13:14"", ""2018:401020688:14:1""]"
cf2bb01f7d99b6b5,2021,401282216,Marshall,attribution_only,dip_restore,0.0,game_unusable,reverted_unverified,cfbd_drives_5a,"[""2021:401282216:16:8"", ""2021:401282216:17:1""]"
cf520ae07107c57d,2025,401760403,Hawai_i,attribution_only,dip_restore,0.0,game_unusable,reverted_unverified,cfbd_drives_5a,"[""2025:401760403:10:3"", ""2025:401760403:9:10""]"
cf641dd552d05151,2025,401757285,Kennesaw State,attribution_only,dip_restore,0.0,game_unusable,reverted_unverified,cfbd_drives_5a,"[""2025:401757285:8:8"", ""2025:401757285:9:2"", ""2025:401757285:9:5""]"
cf6c172fbfdeb124,2024,401645329,Navy,attribution_only,dip_restore,0.0,game_unusable,reverted_unverified,cfbd_drives_5a,"[""2024:401645329:4:10"", ""2024:401645329:5:1""]"
cf7dec1a05428824,2021,401282092,LSU,attribution_only,dip_restore,0.0,game_unusable,reverted_unverified,cfbd_drives_5a,"[""2021:401282092:13:12"", ""2021:401282092:14:2""]"
cf86ef71494918da,2022,401404000,USC,attribution_only,dip_restore,0.0,game_unusable,reverted_unverified,cfbd_drives_5a,"[""2022:401404000:13:7"", ""2022:401404000:7:8""]"
cf8a7c95757896e4,2017,400935242,Maryland,attribution_only,dip_restore,0.0,corroborated,admitted,cfbd_drives_5a,"[""2017:400935242:5:1"", ""2017:400935242:6:1""]"
cf924eeb7a8d7c4a,2019,401112472,Notre Dame,attribution_only,dip_restore,0.0,corroborated,admitted,cfbd_drives_5a,"[""2019:401112472:14:2"", ""2019:401112472:15:1""]"
cfbda6c729dd5bc4,2018,401015054,UT San Antonio,attribution_only,dip_restore,0.0,corroborated,admitted,cfbd_drives_5a,"[""2018:401015054:7:6"", ""2018:401015054:8:1""]"
cfc10f09a80807d6,2022,401405134,Illinois,attribution_only,dip_restore,0.0,corroborated,admitted,cfbd_drives_5a,"[""2022:401405134:17:14"", ""2022:401405134:18:1""]"
cfd18a33f95900aa,2023,401525830,Oklahoma,attribution_only,dip_restore,0.0,game_unusable,reverted_unverified,cfbd_drives_5a,"[""2023:401525830:10:1"", ""2023:401525830:19:2"", ""2023:401525830:20:1"", ""2023:401525830:9:8""]"
cfec772d121ac375,2021,401282121,Mississippi State,attribution_only,other,0.0,game_unusable,reverted_unverified,cfbd_drives_5a,"[""2021:401282121:10:16"", ""2021:401282121:12:14""]"
cfecd07b271871fe,2022,401415619,Cincinnati,points_reduction,category_possession_reassignment,-21.0,game_unusable,reverted_unverified,cfbd_drives_5a,"[""2022:401415619:20:1"", ""2022:401415619:22:1"", ""2022:401415619:23:1""]"
cff271d7f8be8694,2022,401405093,Northwestern,attribution_only,dip_restore,0.0,game_unusable,reverted_unverified,cfbd_drives_5a,"[""2022:401405093:3:12"", ""2022:401405093:6:1""]"
d00b6bf2ea098ffa,2022,401404128,UNLV,attribution_only,dip_restore,0.0,corroborated,admitted,cfbd_drives_5a,"[""2022:401404128:23:10"", ""2022:401404128:24:1""]"
d0100a481969d625,2016,400869503,Maine,attribution_only,dip_restore,0.0,game_unusable,reverted_unverified,cfbd_drives_5a,"[""2016:400869503:17:10"", ""2016:400869503:19:1""]"
d045106d6d093ec3,2022,401404070,Nebraska,attribution_only,dip_restore,0.0,game_unusable,reverted_unverified,cfbd_drives_5a,"[""2022:401404070:27:13"", ""2022:401404070:9:6""]"
d0684d4dd96198a6,2021,401287929,Texas,attribution_only,dip_restore,0.0,game_unusable,reverted_unverified,cfbd_drives_5a,"[""2021:401287929:11:4"", ""2021:401287929:6:4"", ""2021:401287929:7:9"", ""2021:401287929:8:7"", ""2021:401287929:9:5""]"
d06b666596a2f044,2021,401310717,New Mexico State,attribution_only,dip_restore,0.0,corroborated,admitted,cfbd_drives_5a,"[""2021:401310717:31:5"", ""2021:401310717:32:1""]"
d077e407ffa1646b,2022,401416630,Eastern Michigan,attribution_only,dip_restore,0.0,corroborated,admitted,cfbd_drives_5a,"[""2022:401416630:10:4"", ""2022:401416630:11:1""]"
d08dcceebe541d59,2025,401754602,SMU,attribution_only,dip_restore,0.0,indistinguishable_at_drive_level,reverted_unverified,cfbd_drives_5a,"[""2025:401754602:5:1"", ""2025:401754602:5:11""]"
d0a935050fc20d75,2017,400981507,Miami,attribution_only,dip_restore,0.0,game_unusable,reverted_unverified,cfbd_drives_5a,"[""2017:400981507:28:11"", ""2017:400981507:29:1""]"
d0cd2e72d5a70a3a,2022,401411130,Syracuse,attribution_only,dip_restore,0.0,corroborated,admitted,cfbd_drives_5a,"[""2022:401411130:10:3"", ""2022:401411130:11:1""]"
d0d1ad9dd7acd515,2024,401636865,Miami (OH),attribution_only,dip_restore,0.0,game_unusable,reverted_unverified,cfbd_drives_5a,"[""2024:401636865:18:11"", ""2024:401636865:18:4""]"
d0d3fe6b0115d116,2023,401520336,Illinois,attribution_only,dip_restore,0.0,game_unusable,reverted_unverified,cfbd_drives_5a,"[""2023:401520336:11:13"", ""2023:401520336:1:1"", ""2023:401520336:5:6"", ""2023:401520336:6:1""]"
d0dcdac80daea47a,2022,401426565,Western Kentucky,attribution_only,dip_restore,0.0,game_unusable,reverted_unverified,cfbd_drives_5a,"[""2022:401426565:21:1"", ""2022:401426565:21:3"", ""2022:401426565:23:2""]"
d1276a08dee4de84,2021,401282801,Purdue,attribution_only,category_possession_reassignment,0.0,game_unusable,reverted_unverified,cfbd_drives_5a,"[""2021:401282801:6:15"", ""2021:401282801:7:10""]"
d13a307abf260f25,2021,401282725,Indiana,attribution_only,dip_restore,0.0,game_unusable,reverted_unverified,cfbd_drives_5a,"[""2021:401282725:12:2"", ""2021:401282725:13:1""]"
d1503f8b073ff60c,2022,401404126,Notre Dame,attribution_only,dip_restore,0.0,corroborated,admitted,cfbd_drives_5a,"[""2022:401404126:8:3"", ""2022:401404126:9:1""]"
d157583645727b28,2021,401282795,Minnesota,points_recovery,other,1.0,game_unusable,reverted_unverified,cfbd_drives_5a,"[""2021:401282795:17:13""]"
d17fbed7704fa59e,2024,401644729,Bowling Green,attribution_only,restoration_gt8,0.0,game_unusable,reverted_unverified,cfbd_drives_5a,"[""2024:401644729:2:10"", ""2024:401644729:3:1""]"
d19be75050c4c48d,2024,401644731,Western Illinois,points_recovery,incomplete_stream,14.0,game_unusable,reverted_unverified,cfbd_drives_5a,"[""2024:401644731:17:1"", ""2024:401644731:21:10"", ""2024:401644731:5:11""]"
d1a31d08de29d9a8,2025,401762837,UMass,attribution_only,dip_restore,0.0,game_unusable,reverted_unverified,cfbd_drives_5a,"[""2025:401762837:10:1"", ""2025:401762837:9:5""]"
d1c3a4bec6ef3ae4,2021,401309860,Oregon State,attribution_only,dip_restore,0.0,corroborated,admitted,cfbd_drives_5a,"[""2021:401309860:12:9"", ""2021:401309860:13:1""]"
d1ca036b4401a851,2022,401405144,Ohio State,attribution_only,dip_restore,0.0,corroborated,admitted,cfbd_drives_5a,"[""2022:401405144:1:7"", ""2022:401405144:2:1""]"
d1f11935aa65e190,2016,400876041,Louisiana,attribution_only,dip_restore,0.0,corroborated,admitted,cfbd_drives_5a,"[""2016:400876041:11:2"", ""2016:400876041:12:1""]"
d1fb718ea6ce3287,2023,401532593,Colorado State,attribution_only,dip_restore,0.0,corroborated,admitted,cfbd_drives_5a,"[""2023:401532593:15:12"", ""2023:401532593:16:1""]"
d20380a2e776fd19,2025,401756914,TCU,attribution_only,dip_restore,0.0,corroborated,admitted,cfbd_drives_5a,"[""2025:401756914:14:14"", ""2025:401756914:15:1""]"
d2054191ebbd69e7,2021,401282790,Minnesota,attribution_only,dip_restore,0.0,corroborated,admitted,cfbd_drives_5a,"[""2021:401282790:8:6"", ""2021:401282790:9:1""]"
d20ccd6d5b627954,2021,401282820,Purdue,attribution_only,dip_restore,0.0,corroborated,admitted,cfbd_drives_5a,"[""2021:401282820:12:9"", ""2021:401282820:13:1""]"
d220e21ae5425391,2016,400869248,Colorado State,attribution_only,dip_restore,0.0,game_unusable,reverted_unverified,cfbd_drives_5a,"[""2016:400869248:4:8"", ""2016:400869248:5:1""]"
d22ca94c3d26417d,2021,401309613,Georgia Southern,attribution_only,dip_restore,0.0,corroborated,admitted,cfbd_drives_5a,"[""2021:401309613:19:4"", ""2021:401309613:20:1""]"
d240645ed4212dc9,2025,401761654,Texas State,attribution_only,category_possession_reassignment,0.0,corroborated,admitted,cfbd_drives_5a,"[""2025:401761654:7:3"", ""2025:401761654:8:1""]"
d242454305d27998,2022,401403960,Louisville,points_recovery,dip_restore,2.0,game_unusable,reverted_unverified,cfbd_drives_5a,"[""2022:401403960:18:14"", ""2022:401403960:20:8""]"
d2522b3c299fae23,2025,401752740,Auburn,points_recovery,incomplete_stream,17.0,game_unusable,reverted_unverified,cfbd_drives_5a,"[""2025:401752740:14:12"", ""2025:401752740:16:8"", ""2025:401752740:1:14"", ""2025:401752740:26:8""]"
d25d72a5f76b864e,2023,401520145,Jacksonville State,attribution_only,dip_restore,0.0,corroborated,admitted,cfbd_drives_5a,"[""2023:401520145:14:4"", ""2023:401520145:15:1""]"
d276298aa24edd86,2017,400933938,Vanderbilt,attribution_only,dip_restore,0.0,corroborated,admitted,cfbd_drives_5a,"[""2017:400933938:4:13"", ""2017:400933938:5:1""]"
d28305802ff84faf,2024,401635612,Boston College,attribution_only,dip_restore,0.0,game_unusable,reverted_unverified,cfbd_drives_5a,"[""2024:401635612:3:15""]"
d295a472541c727a,2023,401525842,Oklahoma,attribution_only,dip_restore,0.0,corroborated,admitted,cfbd_drives_5a,"[""2023:401525842:21:2"", ""2023:401525842:22:1""]"
d2b21bdc8ec0ab1f,2022,401403992,USC,points_recovery,incomplete_stream,45.0,game_unusable,reverted_unverified,cfbd_drives_5a,"[""2022:401403992:14:5"", ""2022:401403992:16:12"", ""2022:401403992:18:10"", ""2022:401403992:1:1"", ""2022:401403992:2:13"", ""2022:401403992:3:12"", ""2022:401403992:4:14"", ""2022:401403992:5:17"", ""2022:401403992:6:1""]"
d2bb2fcf0c25bdad,2017,400953415,Georgia,attribution_only,dip_restore,0.0,corroborated,admitted,cfbd_drives_5a,"[""2017:400953415:16:5"", ""2017:400953415:17:1""]"
d2c00250e139611a,2023,401532445,Akron,attribution_only,dip_restore,0.0,game_unusable,reverted_unverified,cfbd_drives_5a,"[""2023:401532445:13:19"", ""2023:401532445:14:1"", ""2023:401532445:6:10"", ""2023:401532445:7:1""]"
d2cfde0cf103ada1,2018,401012759,California,attribution_only,dip_restore,0.0,corroborated,admitted,cfbd_drives_5a,"[""2018:401012759:24:12"", ""2018:401012759:25:1""]"
d2d4b7e7f207566d,2021,401309834,Weber State,attribution_only,dip_restore,0.0,indistinguishable_at_drive_level,reverted_unverified,cfbd_drives_5a,"[""2021:401309834:3:1"", ""2021:401309834:3:6""]"
d2f78e8732b67ad8,2024,401644749,Western Michigan,attribution_only,dip_restore,0.0,game_unusable,reverted_unverified,cfbd_drives_5a,"[""2024:401644749:3:1"", ""2024:401644749:4:7""]"
d2fd8d8f536197c6,2023,401525858,Texas Tech,attribution_only,dip_restore,0.0,game_unusable,reverted_unverified,cfbd_drives_5a,"[""2023:401525858:11:11"", ""2023:401525858:14:4""]"
d31fccb8dc617e1b,2017,400935321,Oregon,attribution_only,dip_restore,0.0,corroborated,admitted,cfbd_drives_5a,"[""2017:400935321:5:7"", ""2017:400935321:6:1""]"
d33560df5eeef931,2023,401520386,Alabama,attribution_only,dip_restore,0.0,game_unusable,reverted_unverified,cfbd_drives_5a,"[""2023:401520386:18:11"", ""2023:401520386:19:2""]"
d342c3d37546861e,2021,401309631,Louisiana,points_reduction,restoration_gt8,-1.0,game_unusable,reverted_unverified,cfbd_drives_5a,"[""2021:401309631:12:9""]"
d3438b295b235c4c,2023,401551766,Kentucky,points_recovery,incomplete_stream,28.0,game_unusable,reverted_unverified,cfbd_drives_5a,"[""2023:401551766:10:6"", ""2023:401551766:15:1"", ""2023:401551766:16:1"", ""2023:401551766:27:4""]"
d347d245e4f1fe68,2023,401532407,Fresno State,attribution_only,category_possession_reassignment,0.0,game_unusable,reverted_unverified,cfbd_drives_5a,"[""2023:401532407:6:7"", ""2023:401532407:7:16""]"
d3633c96364ce6b0,2022,401415249,Nevada,attribution_only,dip_restore,0.0,corroborated,admitted,cfbd_drives_5a,"[""2022:401415249:8:11"", ""2022:401415249:9:1""]"
d37e2c5a676968dc,2017,400944890,Rhode Island,attribution_only,dip_restore,0.0,game_unusable,reverted_unverified,cfbd_drives_5a,"[""2017:400944890:40:4"", ""2017:400944890:42:1""]"
d38c012011903302,2025,401760361,Georgia Southern,attribution_only,dip_restore,0.0,corroborated,admitted,cfbd_drives_5a,"[""2025:401760361:6:11"", ""2025:401760361:7:1""]"
d3d6a2bba63cb32d,2021,401282243,UTEP,attribution_only,category_possession_reassignment,0.0,game_unusable,reverted_unverified,cfbd_drives_5a,"[""2021:401282243:12:1"", ""2021:401282243:13:13""]"
d3e42d1652bc00bf,2025,401754561,SMU,attribution_only,dip_restore,0.0,corroborated,admitted,cfbd_drives_5a,"[""2025:401754561:17:17"", ""2025:401754561:18:1""]"
d3ef3a6b986f530c,2021,401282252,North Texas,attribution_only,category_possession_reassignment,0.0,corroborated,admitted,cfbd_drives_5a,"[""2021:401282252:22:3"", ""2021:401282252:23:1""]"
d3f1f0449e874ee3,2024,401645346,Army,attribution_only,dip_restore,0.0,corroborated,admitted,cfbd_drives_5a,"[""2024:401645346:2:6"", ""2024:401645346:3:1""]"
d40350e8c903c0b8,2025,401760382,Colorado State,attribution_only,dip_restore,0.0,corroborated,admitted,cfbd_drives_5a,"[""2025:401760382:7:4"", ""2025:401760382:8:1""]"
d42914b2a6336436,2023,401531922,Georgia Southern,attribution_only,final_cap,0.0,game_unusable,reverted_unverified,cfbd_drives_5a,"[""2023:401531922:23:1"", ""2023:401531922:23:2"", ""2023:401531922:23:3"", ""2023:401531922:23:4"", ""2023:401531922:23:5"", ""2023:401531922:23:7"", ""2023:401531922:23:8"", ""2023:401531922:23:9"", ""2023:401531922:24:1"", ""2023:401531922:24:2"", ""2023:401531922:24:3"", ""2023:401531922:24:4"", ""2023:401531922:24:6"", ""2023:401531922:25:1"", ""2023:401531922:25:2""]"
d4297815ca258ed1,2025,401752790,Clemson,attribution_only,category_possession_reassignment,0.0,game_unusable,reverted_unverified,cfbd_drives_5a,"[""2025:401752790:11:11"", ""2025:401752790:15:13""]"
d46311286b841eb5,2025,401761629,Appalachian State,attribution_only,dip_restore,0.0,game_unusable,reverted_unverified,cfbd_drives_5a,"[""2025:401761629:11:1"", ""2025:401761629:9:2""]"
d464f0201c34d67f,2025,401757297,Jacksonville State,points_reduction,category_possession_reassignment,-3.0,game_unusable,reverted_unverified,cfbd_drives_5a,"[""2025:401757297:12:1""]"
d46fa10b537ab7d0,2023,401532454,Miami (OH),attribution_only,restoration_gt8,0.0,game_unusable,reverted_unverified,cfbd_drives_5a,"[""2023:401532454:7:7"", ""2023:401532454:8:1""]"
d48b59b67e39dffb,2022,401404122,Texas Tech,points_recovery,incomplete_stream,51.0,game_unusable,reverted_unverified,cfbd_drives_5a,"[""2022:401404122:13:11"", ""2022:401404122:15:4"", ""2022:401404122:17:8"", ""2022:401404122:19:5"", ""2022:401404122:23:8"", ""2022:401404122:27:7"", ""2022:401404122:31:15"", ""2022:401404122:34:4"", ""2022:401404122:9:12""]"
d4a53a439008470b,2025,401756915,Kansas,attribution_only,dip_restore,0.0,corroborated,admitted,cfbd_drives_5a,"[""2025:401756915:13:6"", ""2025:401756915:14:1""]"
d4be935c3cb32ee9,2024,401628564,Indiana,attribution_only,dip_restore,0.0,corroborated,admitted,cfbd_drives_5a,"[""2024:401628564:19:8"", ""2024:401628564:20:1""]"
d4d56c1976649fda,2024,401628481,Minnesota,points_recovery,incomplete_stream,21.0,corroborated,admitted,cfbd_drives_5a,"[""2024:401628481:11:2"", ""2024:401628481:13:9"", ""2024:401628481:15:1"", ""2024:401628481:16:4""]"
d4ea89c780b49f8c,2021,401309875,Colorado,attribution_only,dip_restore,0.0,game_unusable,reverted_unverified,cfbd_drives_5a,"[""2021:401309875:18:3"", ""2021:401309875:18:6"", ""2021:401309875:21:9""]"
d50c0e28338357f2,2023,401551764,Kansas State,attribution_only,dip_restore,0.0,corroborated,admitted,cfbd_drives_5a,"[""2023:401551764:7:8"", ""2023:401551764:8:1""]"
d5157fbae979aab7,2021,401282209,Old Dominion,attribution_only,dip_restore,0.0,corroborated,admitted,cfbd_drives_5a,"[""2021:401282209:19:11"", ""2021:401282209:20:1""]"
d51e13419f2641f4,2019,401112078,Texas Tech,points_recovery,dip_restore,10.0,game_unusable,reverted_unverified,cfbd_drives_5a,"[""2019:401112078:27:7"", ""2019:401112078:28:4""]"
d5347b6d4f1a83aa,2022,401416649,Bowling Green,attribution_only,dip_restore,0.0,corroborated,admitted,cfbd_drives_5a,"[""2022:401416649:23:8"", ""2022:401416649:24:1""]"
d5378bd244bc77c4,2021,401309633,Arkansas State,points_recovery,other,1.0,game_unusable,reverted_unverified,cfbd_drives_5a,"[""2021:401309633:6:10""]"
d54c1cfeefe1b127,2017,400945261,Wyoming,attribution_only,dip_restore,0.0,game_unusable,reverted_unverified,cfbd_drives_5a,"[""2017:400945261:15:1"", ""2017:400945261:16:1""]"
d579c7cc1a4d8851,2021,401282793,Purdue,attribution_only,dip_restore,0.0,corroborated,admitted,cfbd_drives_5a,"[""2021:401282793:5:16"", ""2021:401282793:6:1""]"
d5954f1ea4e73157,2025,401761615,Marshall,points_recovery,incomplete_stream,51.0,game_unusable,reverted_unverified,cfbd_drives_5a,"[""2025:401761615:11:10"", ""2025:401761615:13:3"", ""2025:401761615:14:7"", ""2025:401761615:16:8"", ""2025:401761615:22:10"", ""2025:401761615:26:1"", ""2025:401761615:27:1"", ""2025:401761615:2:9"", ""2025:401761615:3:1"", ""2025:401761615:4:1"", ""2025:401761615:7:12""]"
d59d9923d9b13d4c,2016,400869319,Kent State,attribution_only,dip_restore,0.0,game_unusable,reverted_unverified,cfbd_drives_5a,"[""2016:400869319:23:1"", ""2016:400869319:24:2""]"
d5b91ff80491eaa6,2023,401525901,Texas,attribution_only,dip_restore,0.0,game_unusable,reverted_unverified,cfbd_drives_5a,"[""2023:401525901:28:15"", ""2023:401525901:29:1""]"
d5d5ce23f7a39d40,2025,401752850,USC,attribution_only,dip_restore,0.0,corroborated,admitted,cfbd_drives_5a,"[""2025:401752850:16:13"", ""2025:401752850:17:1""]"
d5e37d47c8c8d743,2025,401756850,Arizona State,attribution_only,dip_restore,0.0,corroborated,admitted,cfbd_drives_5a,"[""2025:401756850:25:3"", ""2025:401756850:26:1""]"
d5ea4be7cefeb0bb,2025,401752847,Michigan State,attribution_only,dip_restore,0.0,corroborated,admitted,cfbd_drives_5a,"[""2025:401752847:8:8"", ""2025:401752847:9:1""]"
d606c37c9085f756,2023,401525500,Florida State,attribution_only,dip_restore,0.0,corroborated,admitted,cfbd_drives_5a,"[""2023:401525500:13:3"", ""2023:401525500:14:1""]"
d6110b29728ea9bd,2025,401761596,Lindenwood,attribution_only,dip_restore,0.0,corroborated,admitted,cfbd_drives_5a,"[""2025:401761596:23:11"", ""2025:401761596:24:1""]"
d618a8a5af486931,2022,401403991,UCLA,attribution_only,dip_restore,0.0,game_unusable,reverted_unverified,cfbd_drives_5a,"[""2022:401403991:11:6"", ""2022:401403991:13:2"", ""2022:401403991:7:3"", ""2022:401403991:9:1"", ""2022:401403991:9:2""]"
d6192e661f06aadb,2024,401654845,Illinois,attribution_only,dip_restore,0.0,corroborated,admitted,cfbd_drives_5a,"[""2024:401654845:3:11"", ""2024:401654845:4:1""]"
d61b848b49c8d56e,2025,401754532,Colgate,attribution_only,dip_restore,0.0,corroborated,admitted,cfbd_drives_5a,"[""2025:401754532:24:6"", ""2025:401754532:25:1""]"
d63260e9f1873c06,2018,401021655,Louisiana Monroe,attribution_only,dip_restore,0.0,corroborated,admitted,cfbd_drives_5a,"[""2018:401021655:19:15"", ""2018:401021655:20:1"", ""2018:401021655:25:7"", ""2018:401021655:26:1""]"
d6334e27086b284a,2022,401416604,Buffalo,attribution_only,dip_restore,0.0,game_unusable,reverted_unverified,cfbd_drives_5a,"[""2022:401416604:16:8"", ""2022:401416604:17:1""]"
d63b446886d3fdf7,2025,401752821,Washington,attribution_only,dip_restore,0.0,corroborated,admitted,cfbd_drives_5a,"[""2025:401752821:17:10"", ""2025:401752821:18:1""]"
d64393efa0bec997,2022,401415666,Memphis,attribution_only,dip_restore,0.0,corroborated,admitted,cfbd_drives_5a,"[""2022:401415666:13:13"", ""2022:401415666:14:1""]"
d64eeafffd8233bc,2025,401752849,Minnesota,attribution_only,dip_restore,0.0,game_unusable,reverted_unverified,cfbd_drives_5a,"[""2025:401752849:18:1"", ""2025:401752849:21:7""]"
d6501e4fc0bc50fb,2022,401426560,Georgia Southern,attribution_only,dip_restore,0.0,game_unusable,reverted_unverified,cfbd_drives_5a,"[""2022:401426560:10:13"", ""2022:401426560:6:1""]"
d66c326af301511b,2023,401520276,Jacksonville State,attribution_only,dip_restore,0.0,game_unusable,reverted_unverified,cfbd_drives_5a,"[""2023:401520276:29:10"", ""2023:401520276:31:1""]"
d66f9b7d5c1d4aa6,2017,400944990,Central Michigan,attribution_only,dip_restore,0.0,game_unusable,reverted_unverified,cfbd_drives_5a,"[""2017:400944990:11:1"", ""2017:400944990:9:15""]"
d69a582683a84bd7,2023,401520228,Kentucky,attribution_only,dip_restore,0.0,corroborated,admitted,cfbd_drives_5a,"[""2023:401520228:13:5"", ""2023:401520228:14:1""]"
d6ae83c08ce6cc16,2021,401287893,Texas State,attribution_only,dip_restore,0.0,game_unusable,reverted_unverified,cfbd_drives_5a,"[""2021:401287893:3:2"", ""2021:401287893:4:18""]"
d6d0665e79393345,2018,401021693,Louisiana Monroe,attribution_only,dip_restore,0.0,corroborated,admitted,cfbd_drives_5a,"[""2018:401021693:8:9"", ""2018:401021693:9:1""]"
d6e4eaa44f16b4fa,2023,401532418,Northern Illinois,attribution_only,dip_restore,0.0,game_unusable,reverted_unverified,cfbd_drives_5a,"[""2023:401532418:16:3"", ""2023:401532418:17:1""]"
d6ee50aab2024ecc,2025,401762508,East Carolina,attribution_only,dip_restore,0.0,game_unusable,reverted_unverified,cfbd_drives_5a,"[""2025:401762508:10:1"", ""2025:401762508:13:7"", ""2025:401762508:14:1"", ""2025:401762508:8:12""]"
d70436058466bbd2,2024,401677106,Texas State,attribution_only,dip_restore,0.0,corroborated,admitted,cfbd_drives_5a,"[""2024:401677106:19:4"", ""2024:401677106:20:1""]"
d70821bc580f4681,2024,401628400,Alabama,attribution_only,dip_restore,0.0,corroborated,admitted,cfbd_drives_5a,"[""2024:401628400:22:5"", ""2024:401628400:23:1""]"
d712abaf2344c4bd,2023,401520268,Syracuse,attribution_only,dip_restore,0.0,corroborated,admitted,cfbd_drives_5a,"[""2023:401520268:11:4"", ""2023:401520268:12:1"", ""2023:401520268:13:10"", ""2023:401520268:14:1""]"
d714cf5fd9ea785b,2019,401112201,Maryland,attribution_only,other,0.0,game_unusable,reverted_unverified,cfbd_drives_5a,"[""2019:401112201:25:5"", ""2019:401112201:28:6""]"
d73025cd98ba0e18,2024,401643833,James Madison,attribution_only,dip_restore,0.0,corroborated,admitted,cfbd_drives_5a,"[""2024:401643833:3:20"", ""2024:401643833:4:1""]"
d7694d43c1e5bce2,2021,401282702,Pittsburgh,attribution_only,dip_restore,0.0,corroborated,admitted,cfbd_drives_5a,"[""2021:401282702:22:7"", ""2021:401282702:23:1""]"
d772e7df7c2d498a,2017,400933894,Auburn,points_recovery,dip_restore,7.0,game_unusable,reverted_unverified,cfbd_drives_5a,"[""2017:400933894:19:1""]"
d77f7682e4d12e36,2018,401012324,Auburn,attribution_only,dip_restore,0.0,corroborated,admitted,cfbd_drives_5a,"[""2018:401012324:5:1"", ""2018:401012324:6:1""]"
d790100dd74bec76,2023,401551767,Iowa State,attribution_only,incomplete_stream,0.0,game_unusable,reverted_unverified,cfbd_drives_5a,"[""2023:401551767:14:1"", ""2023:401551767:14:2"", ""2023:401551767:14:3"", ""2023:401551767:14:4"", ""2023:401551767:14:5"", ""2023:401551767:14:6"", ""2023:401551767:15:1"", ""2023:401551767:15:2"", ""2023:401551767:15:3""]"
d7b7fb0dba8b6570,2018,401013348,Purdue,attribution_only,dip_restore,0.0,corroborated,admitted,cfbd_drives_5a,"[""2018:401013348:5:16"", ""2018:401013348:6:1""]"
d7c1cd2ecb326320,2023,401520195,Illinois,attribution_only,dip_restore,0.0,game_unusable,reverted_unverified,cfbd_drives_5a,"[""2023:401520195:17:6"", ""2023:401520195:18:1""]"
d7c5f4a4923c10f1,2025,401757229,New Mexico State,attribution_only,dip_restore,0.0,game_unusable,reverted_unverified,cfbd_drives_5a,"[""2025:401757229:12:5"", ""2025:401757229:13:25"", ""2025:401757229:13:9"", ""2025:401757229:14:14"", ""2025:401757229:15:13"", ""2025:401757229:15:27"", ""2025:401757229:17:17"", ""2025:401757229:17:19"", ""2025:401757229:19:1"", ""2025:401757229:2:1"", ""2025:401757229:7:11"", ""2025:401757229:8:6""]"
d7d82d18f090cc49,2024,401643716,Wyoming,attribution_only,final_cap,0.0,game_unusable,reverted_unverified,cfbd_drives_5a,"[""2024:401643716:14:8"", ""2024:401643716:9:1"", ""2024:401643716:9:12"", ""2024:401643716:9:2"", ""2024:401643716:9:3"", ""2024:401643716:9:4"", ""2024:401643716:9:5"", ""2024:401643716:9:6"", ""2024:401643716:9:8"", ""2024:401643716:9:9""]"
d817e22eddc4b681,2017,400938893,UMass,attribution_only,dip_restore,0.0,game_unusable,reverted_unverified,cfbd_drives_5a,"[""2017:400938893:4:3"", ""2017:400938893:5:1""]"
d81bd32b5e746c72,2024,401636942,BYU,attribution_only,dip_restore,0.0,corroborated,admitted,cfbd_drives_5a,"[""2024:401636942:16:12"", ""2024:401636942:17:1""]"
d81e540629ee07e0,2021,401310750,Utah State,attribution_only,other,0.0,game_unusable,reverted_unverified,cfbd_drives_5a,"[""2021:401310750:13:10"", ""2021:401310750:5:2""]"
d82be7057ca220ac,2025,401752737,Texas A&M,attribution_only,dip_restore,0.0,game_unusable,reverted_unverified,cfbd_drives_5a,"[""2025:401752737:15:1"", ""2025:401752737:19:13""]"
d847c434646419b7,2022,401404089,Kansas,attribution_only,dip_restore,0.0,corroborated,admitted,cfbd_drives_5a,"[""2022:401404089:21:5"", ""2022:401404089:22:1"", ""2022:401404089:25:5"", ""2022:401404089:26:1""]"
d850fbfa69c86fc5,2024,401635517,Louisville,attribution_only,dip_restore,0.0,corroborated,admitted,cfbd_drives_5a,"[""2024:401635517:20:12"", ""2024:401635517:21:1""]"
d857200e7f75083a,2021,401282189,Houston,points_recovery,dip_restore,13.0,game_unusable,reverted_unverified,cfbd_drives_5a,"[""2021:401282189:20:2"", ""2021:401282189:21:11""]"
d85d655a0b5fcb4d,2022,401403861,Mississippi State,attribution_only,dip_restore,0.0,corroborated,admitted,cfbd_drives_5a,"[""2022:401403861:21:9"", ""2022:401403861:22:1""]"
d86e2603e7c352f1,2016,400869470,North Carolina,attribution_only,dip_restore,0.0,corroborated,admitted,cfbd_drives_5a,"[""2016:400869470:8:5"", ""2016:400869470:9:1""]"
d87b0e0974fee74e,2019,401114319,UTEP,attribution_only,dip_restore,0.0,corroborated,admitted,cfbd_drives_5a,"[""2019:401114319:10:7"", ""2019:401114319:11:1""]"
d8a6be9f54ee2b6b,2021,401301017,Tulane,attribution_only,dip_restore,0.0,corroborated,admitted,cfbd_drives_5a,"[""2021:401301017:7:5"", ""2021:401301017:8:1""]"
d8e8b5b30d4a9fbe,2017,400934557,Texas Tech,attribution_only,dip_restore,0.0,corroborated,admitted,cfbd_drives_5a,"[""2017:400934557:28:7"", ""2017:400934557:29:1""]"
d8f3c39d336ca074,2021,401309574,Eastern Michigan,points_recovery,incomplete_stream,18.0,game_unusable,reverted_unverified,cfbd_drives_5a,"[""2021:401309574:11:3"", ""2021:401309574:12:1"", ""2021:401309574:5:3"", ""2021:401309574:6:1"", ""2021:401309574:8:1"", ""2021:401309574:9:1""]"
d90264381d1e629c,2022,401416611,Ohio,points_recovery,dip_restore,24.0,game_unusable,reverted_unverified,cfbd_drives_5a,"[""2022:401416611:16:4"", ""2022:401416611:17:1"", ""2022:401416611:22:2"", ""2022:401416611:5:15"", ""2022:401416611:7:11""]"
d91c4a3b62f4e146,2021,401282244,Old Dominion,points_recovery,incomplete_stream,20.0,game_unusable,reverted_unverified,cfbd_drives_5a,"[""2021:401282244:11:1"", ""2021:401282244:11:10"", ""2021:401282244:11:2"", ""2021:401282244:13:9"", ""2021:401282244:14:8"", ""2021:401282244:21:22"", ""2021:401282244:23:8""]"
d926e50e8bbc3ac8,2018,401012334,Georgia,attribution_only,dip_restore,0.0,corroborated,admitted,cfbd_drives_5a,"[""2018:401012334:8:6"", ""2018:401012334:9:1""]"
d928b50aea585550,2021,401309909,Arizona State,attribution_only,dip_restore,0.0,corroborated,admitted,cfbd_drives_5a,"[""2021:401309909:13:5"", ""2021:401309909:14:1""]"
d9313b1995523446,2024,401645321,Memphis,attribution_only,dip_restore,0.0,corroborated,admitted,cfbd_drives_5a,"[""2024:401645321:10:1"", ""2024:401645321:9:3""]"
d934b11f399a1efa,2018,401012890,SMU,attribution_only,other,0.0,game_unusable,reverted_unverified,cfbd_drives_5a,"[""2018:401012890:14:21"", ""2018:401012890:16:18""]"
d940def6e9b110e0,2025,401752833,Rutgers,attribution_only,dip_restore,0.0,game_unusable,reverted_unverified,cfbd_drives_5a,"[""2025:401752833:6:11"", ""2025:401752833:7:1""]"
d95a0ab53abf6566,2025,401760366,Idaho State,points_recovery,dip_restore,6.0,game_unusable,reverted_unverified,cfbd_drives_5a,"[""2025:401760366:10:13"", ""2025:401760366:10:7"", ""2025:401760366:5:2"", ""2025:401760366:6:25"", ""2025:401760366:7:15"", ""2025:401760366:8:7"", ""2025:401760366:9:14"", ""2025:401760366:9:7""]"
d96e1fe67eaee994,2021,401286304,Maine,attribution_only,dip_restore,0.0,game_unusable,reverted_unverified,cfbd_drives_5a,"[""2021:401286304:12:8"", ""2021:401286304:13:1"", ""2021:401286304:8:14"", ""2021:401286304:9:1""]"
d971885a2e4aa4cf,2022,401426550,McNeese,points_recovery,incomplete_stream,10.0,game_unusable,reverted_unverified,cfbd_drives_5a,"[""2022:401426550:13:1"", ""2022:401426550:15:2"", ""2022:401426550:2:22"", ""2022:401426550:2:25""]"
d98c908fdf1053a5,2015,400852738,Ole Miss,attribution_only,dip_restore,0.0,corroborated,admitted,cfbd_drives_5a,"[""2015:400852738:15:12"", ""2015:400852738:16:1""]"
d9d2cb7117de8e23,2025,401757305,Florida International,attribution_only,dip_restore,0.0,game_unusable,reverted_unverified,cfbd_drives_5a,"[""2025:401757305:1:2"", ""2025:401757305:2:8""]"
d9e51605f7f22a29,2015,400603930,Texas A&M,attribution_only,dip_restore,0.0,corroborated,admitted,cfbd_drives_5a,"[""2015:400603930:23:10"", ""2015:400603930:24:1""]"
d9f235df65432be3,2022,401403996,Arizona,attribution_only,dip_restore,0.0,corroborated,admitted,cfbd_drives_5a,"[""2022:401403996:4:9"", ""2022:401403996:5:1""]"
d9f6f77801958bc3,2017,400934527,Iowa State,attribution_only,dip_restore,0.0,corroborated,admitted,cfbd_drives_5a,"[""2017:400934527:26:6"", ""2017:400934527:27:1""]"
da0fc874776aa64c,2023,401520346,Liberty,attribution_only,dip_restore,0.0,corroborated,admitted,cfbd_drives_5a,"[""2023:401520346:17:7"", ""2023:401520346:18:1""]"
da1691442afec468,2017,400933930,Mississippi State,attribution_only,dip_restore,0.0,corroborated,admitted,cfbd_drives_5a,"[""2017:400933930:29:12"", ""2017:400933930:30:1""]"
da2cc0e45006a605,2021,401309540,Ball State,attribution_only,dip_restore,0.0,corroborated,admitted,cfbd_drives_5a,"[""2021:401309540:4:6"", ""2021:401309540:5:1""]"
da31901ad8570f96,2023,401525823,Central Arkansas,points_recovery,dip_restore,6.0,game_unusable,reverted_unverified,cfbd_drives_5a,"[""2023:401525823:2:1""]"
da35c7df5533e6e4,2025,401752867,Nebraska,attribution_only,dip_restore,0.0,corroborated,admitted,cfbd_drives_5a,"[""2025:401752867:10:1"", ""2025:401752867:9:3""]"
da3ec2e63c25d6fc,2024,401628497,Michigan,attribution_only,dip_restore,0.0,game_unusable,reverted_unverified,cfbd_drives_5a,"[""2024:401628497:13:1"", ""2024:401628497:13:2"", ""2024:401628497:15:1"", ""2024:401628497:15:2"", ""2024:401628497:15:3"", ""2024:401628497:15:4"", ""2024:401628497:16:1"", ""2024:401628497:16:10"", ""2024:401628497:16:2"", ""2024:401628497:16:3"", ""2024:401628497:16:4"", ""2024:401628497:16:5"", ""2024:401628497:16:6"", ""2024:401628497:16:7"", ""2024:401628497:16:8"", ""2024:401628497:16:9"", ""2024:401628497:17:14"", ""2024:401628497:23:15""]"
da58fbaed805e886,2024,401644741,Ball State,attribution_only,dip_restore,0.0,corroborated,admitted,cfbd_drives_5a,"[""2024:401644741:13:6"", ""2024:401644741:14:1""]"
da6b9c4ae1953df5,2025,401757225,UTEP,attribution_only,dip_restore,0.0,game_unusable,reverted_unverified,cfbd_drives_5a,"[""2025:401757225:13:1"", ""2025:401757225:19:9""]"
da8272556c8d79db,2022,401426533,Bryant,points_recovery,incomplete_stream,17.0,game_unusable,reverted_unverified,cfbd_drives_5a,"[""2022:401426533:10:1"", ""2022:401426533:11:15"", ""2022:401426533:18:2"", ""2022:401426533:2:1"", ""2022:401426533:3:1""]"
da85f69f5ac8dbd1,2024,401628509,Purdue,attribution_only,dip_restore,0.0,corroborated,admitted,cfbd_drives_5a,"[""2024:401628509:12:7"", ""2024:401628509:13:1""]"
da86d07dec08dbb9,2015,400763449,Kansas State,attribution_only,dip_restore,0.0,corroborated,admitted,cfbd_drives_5a,"[""2015:400763449:17:6"", ""2015:400763449:18:1""]"
da95e2ceef295e74,2024,401628983,Navy,attribution_only,dip_restore,0.0,corroborated,admitted,cfbd_drives_5a,"[""2024:401628983:14:13"", ""2024:401628983:15:1""]"
dab1bc1731915c18,2017,400941851,Connecticut,attribution_only,dip_restore,0.0,corroborated,admitted,cfbd_drives_5a,"[""2017:400941851:6:12"", ""2017:400941851:7:1""]"
dab258a2f8b1684d,2022,401403941,Florida,attribution_only,dip_restore,0.0,corroborated,admitted,cfbd_drives_5a,"[""2022:401403941:13:3"", ""2022:401403941:14:1""]"
daba25d8645440e9,2025,401761626,Marshall,points_recovery,incomplete_stream,48.0,game_unusable,reverted_unverified,cfbd_drives_5a,"[""2025:401761626:11:11"", ""2025:401761626:12:1"", ""2025:401761626:13:4"", ""2025:401761626:18:2"", ""2025:401761626:20:6"", ""2025:401761626:21:1"", ""2025:401761626:26:6"", ""2025:401761626:3:10"", ""2025:401761626:4:1"", ""2025:401761626:5:1""]"
dad46552b1eb738b,2023,401520147,Vanderbilt,points_recovery,incomplete_stream,16.0,game_unusable,reverted_unverified,cfbd_drives_5a,"[""2023:401520147:14:4"", ""2023:401520147:16:11"", ""2023:401520147:5:11""]"
dae024ece5e898df,2022,401415226,Utah State,attribution_only,dip_restore,0.0,corroborated,admitted,cfbd_drives_5a,"[""2022:401415226:1:13"", ""2022:401415226:2:1""]"
dafb45d779066c24,2024,401628438,Florida State,points_recovery,incomplete_stream,8.0,game_unusable,reverted_unverified,cfbd_drives_5a,"[""2024:401628438:23:1""]"
dafef1d20fe6b9cb,2021,401309586,Central Michigan,attribution_only,dip_restore,0.0,corroborated,admitted,cfbd_drives_5a,"[""2021:401309586:17:9"", ""2021:401309586:18:1""]"
db3aa553ee789bcc,2023,401551743,Georgia State,attribution_only,dip_restore,0.0,corroborated,admitted,cfbd_drives_5a,"[""2023:401551743:2:11"", ""2023:401551743:3:1""]"
db3edc22d4ae20b6,2021,401309899,Arizona,points_recovery,dip_restore,3.0,game_unusable,reverted_unverified,cfbd_drives_5a,"[""2021:401309899:15:1""]"
db4219d8a97fe707,2019,401114159,Arizona State,attribution_only,dip_restore,0.0,corroborated,admitted,cfbd_drives_5a,"[""2019:401114159:21:6"", ""2019:401114159:22:1""]"
db53254dc5410ff6,2024,401643725,Hawai_i,attribution_only,dip_restore,0.0,corroborated,admitted,cfbd_drives_5a,"[""2024:401643725:10:7"", ""2024:401643725:11:1"", ""2024:401643725:14:13"", ""2024:401643725:15:1""]"
db8bf31d76931d78,2016,400869018,Alabama,attribution_only,dip_restore,0.0,corroborated,admitted,cfbd_drives_5a,"[""2016:400869018:4:6"", ""2016:400869018:5:1""]"
db93a8b5047ee230,2021,401309647,Arkansas State,attribution_only,dip_restore,0.0,game_unusable,reverted_unverified,cfbd_drives_5a,"[""2021:401309647:2:1"", ""2021:401309647:3:16"", ""2021:401309647:4:7"", ""2021:401309647:5:1""]"
dba120d65da35899,2025,401757313,Liberty,attribution_only,dip_restore,0.0,game_unusable,reverted_unverified,cfbd_drives_5a,"[""2025:401757313:10:1"", ""2025:401757313:13:10"", ""2025:401757313:14:1""]"
dba47b3ccc27bbd7,2021,401282675,Syracuse,points_recovery,other,1.0,game_unusable,reverted_unverified,cfbd_drives_5a,"[""2021:401282675:15:5"", ""2021:401282675:17:5"", ""2021:401282675:18:5""]"
dbbbdaa2f4e623db,2023,401525839,South Alabama,attribution_only,dip_restore,0.0,corroborated,admitted,cfbd_drives_5a,"[""2023:401525839:22:2"", ""2023:401525839:23:1""]"
dbbeebc522fdbad2,2021,401310720,UNLV,attribution_only,dip_restore,0.0,game_unusable,reverted_unverified,cfbd_drives_5a,"[""2021:401310720:4:4"", ""2021:401310720:5:1""]"
dc24f381e2d95199,2025,401752800,UCLA,attribution_only,final_cap,0.0,game_unusable,reverted_unverified,cfbd_drives_5a,"[""2025:401752800:11:1"", ""2025:401752800:11:10"", ""2025:401752800:11:11"", ""2025:401752800:11:12"", ""2025:401752800:11:13"", ""2025:401752800:11:14"", ""2025:401752800:11:15"", ""2025:401752800:11:16"", ""2025:401752800:11:17"", ""2025:401752800:11:18"", ""2025:401752800:11:19"", ""2025:401752800:11:2"", ""2025:401752800:11:20"", ""2025:401752800:11:21"", ""2025:401752800:11:3"", ""2025:401752800:11:4"", ""2025:401752800:11:5"", ""2025:401752800:11:6"", ""2025:401752800:11:7"", ""2025:401752800:11:8"", ""2025:401752800:11:9""]"
dc2d16a404fb3d01,2023,401525825,Wyoming,points_recovery,incomplete_stream,22.0,game_unusable,reverted_unverified,cfbd_drives_5a,"[""2023:401525825:18:13"", ""2023:401525825:20:16"", ""2023:401525825:25:5"", ""2023:401525825:28:8""]"
dcd07be6c0992f86,2022,401403859,Miami (OH),points_recovery,incomplete_stream,3.0,game_unusable,reverted_unverified,cfbd_drives_5a,"[""2022:401403859:11:2""]"
dcedf9fa073d9aa1,2024,401635571,SMU,attribution_only,dip_restore,0.0,corroborated,admitted,cfbd_drives_5a,"[""2024:401635571:7:7"", ""2024:401635571:8:1""]"
dd109e5c9787e8f6,2023,401531894,Louisiana Monroe,attribution_only,dip_restore,0.0,corroborated,admitted,cfbd_drives_5a,"[""2023:401531894:16:4"", ""2023:401531894:17:1""]"
dd5388e37bf34001,2025,401756892,Cincinnati,attribution_only,dip_restore,0.0,corroborated,admitted,cfbd_drives_5a,"[""2025:401756892:1:6"", ""2025:401756892:2:1""]"
dd56c17e2afbfebe,2021,401282105,Kentucky,attribution_only,dip_restore,0.0,game_unusable,reverted_unverified,cfbd_drives_5a,"[""2021:401282105:20:26"", ""2021:401282105:21:1""]"
dd5d3513d914406d,2015,400764869,UMass,attribution_only,dip_restore,0.0,corroborated,admitted,cfbd_drives_5a,"[""2015:400764869:34:10"", ""2015:400764869:35:1""]"
dd60a9b84fb4e756,2021,401282250,UAB,attribution_only,dip_restore,0.0,corroborated,admitted,cfbd_drives_5a,"[""2021:401282250:22:8"", ""2021:401282250:23:1""]"
dd778301f0f84138,2023,401525494,South Carolina State,attribution_only,dip_restore,0.0,corroborated,admitted,cfbd_drives_5a,"[""2023:401525494:11:9"", ""2023:401525494:14:1""]"
dd7dd5c82630f697,2018,401019482,Cincinnati,attribution_only,dip_restore,0.0,corroborated,admitted,cfbd_drives_5a,"[""2018:401019482:4:9"", ""2018:401019482:5:1""]"
dd9b2c558a8f8bc6,2015,400603884,Tennessee,attribution_only,dip_restore,0.0,cfbd_matches_neither,reverted_contradicted,cfbd_drives_5a,"[""2015:400603884:1:1"", ""2015:400603884:2:1""]"
dd9ff17999b80b6b,2023,401531896,Coastal Carolina,attribution_only,dip_restore,0.0,corroborated,admitted,cfbd_drives_5a,"[""2023:401531896:22:2"", ""2023:401531896:23:1""]"
dda13718b938709b,2024,401628476,Indiana,attribution_only,dip_restore,0.0,corroborated,admitted,cfbd_drives_5a,"[""2024:401628476:7:13"", ""2024:401628476:8:1""]"
dda82fcdefa89044,2025,401760376,Miami (OH),attribution_only,restoration_gt8,0.0,game_unusable,reverted_unverified,cfbd_drives_5a,"[""2025:401760376:10:3"", ""2025:401760376:5:8"", ""2025:401760376:6:12"", ""2025:401760376:8:3"", ""2025:401760376:8:9""]"
ddb6a63b0d7afdf4,2019,401114334,Hawai_i,attribution_only,dip_restore,0.0,game_unusable,reverted_unverified,cfbd_drives_5a,"[""2019:401114334:1:5"", ""2019:401114334:2:9"", ""2019:401114334:4:3""]"
ddc0bc1a65c1da99,2022,401426564,South Carolina,attribution_only,dip_restore,0.0,game_unusable,reverted_unverified,cfbd_drives_5a,"[""2022:401426564:16:5"", ""2022:401426564:21:3""]"
ddc457e9cab54bbb,2021,401310704,Utah State,attribution_only,dip_restore,0.0,game_unusable,reverted_unverified,cfbd_drives_5a,"[""2021:401310704:4:16"", ""2021:401310704:5:1""]"
dded1a3eb8b83bac,2025,401757258,Middle Tennessee,attribution_only,dip_restore,0.0,corroborated,admitted,cfbd_drives_5a,"[""2025:401757258:25:13"", ""2025:401757258:26:1""]"
ddf2e4042ae5c8db,2025,401754536,Old Dominion,attribution_only,dip_restore,0.0,corroborated,admitted,cfbd_drives_5a,"[""2025:401754536:10:1"", ""2025:401754536:9:9""]"
de1cc716198d2ba8,2022,401426355,James Madison,attribution_only,final_cap,0.0,game_unusable,reverted_unverified,cfbd_drives_5a,"[""2022:401426355:10:1"", ""2022:401426355:10:2"", ""2022:401426355:10:3"", ""2022:401426355:10:4"", ""2022:401426355:9:2"", ""2022:401426355:9:3""]"
de3058cfe182199c,2018,401012744,Oregon State,attribution_only,dip_restore,0.0,game_unusable,reverted_unverified,cfbd_drives_5a,"[""2018:401012744:2:1"", ""2018:401012744:3:11""]"
de332214b7825313,2023,401531347,Tulane,attribution_only,dip_restore,0.0,corroborated,admitted,cfbd_drives_5a,"[""2023:401531347:6:4"", ""2023:401531347:7:1""]"
de367d814f0d578c,2022,401403974,Washington State,points_recovery,incomplete_stream,24.0,corroborated,admitted,cfbd_drives_5a,"[""2022:401403974:10:9"", ""2022:401403974:12:8"", ""2022:401403974:14:1"", ""2022:401403974:15:8"", ""2022:401403974:23:5""]"
de4bfb5c5427c64d,2023,401531437,North Texas,attribution_only,dip_restore,0.0,corroborated,admitted,cfbd_drives_5a,"[""2023:401531437:5:11"", ""2023:401531437:6:1""]"
de51a27e72a79d93,2016,400869568,Houston,attribution_only,dip_restore,0.0,corroborated,admitted,cfbd_drives_5a,"[""2016:400869568:13:8"", ""2016:400869568:14:1""]"
de5bcebb85b39a9a,2018,401014998,Southern Mississippi,points_recovery,incomplete_stream,40.0,game_unusable,reverted_unverified,cfbd_drives_5a,"[""2018:401014998:13:1"", ""2018:401014998:17:11"", ""2018:401014998:19:9"", ""2018:401014998:21:4"", ""2018:401014998:3:5"", ""2018:401014998:4:1"", ""2018:401014998:5:1"", ""2018:401014998:9:11""]"
de78858068f439c2,2018,401012797,Oregon State,points_recovery,incomplete_stream,15.0,game_unusable,reverted_unverified,cfbd_drives_5a,"[""2018:401012797:11:9"", ""2018:401012797:14:4"", ""2018:401012797:25:11"", ""2018:401012797:8:9""]"
de8f3e3fbeebd74b,2016,400869029,Alabama,attribution_only,dip_restore,0.0,game_unusable,reverted_unverified,cfbd_drives_5a,"[""2016:400869029:16:16"", ""2016:400869029:17:1""]"
de93da1a4777e1fd,2024,401635608,Duke,attribution_only,dip_restore,0.0,corroborated,admitted,cfbd_drives_5a,"[""2024:401635608:27:8"", ""2024:401635608:28:1""]"
de9be1aa1d8e7347,2025,401756948,West Virginia,attribution_only,category_possession_reassignment,0.0,corroborated,admitted,cfbd_drives_5a,"[""2025:401756948:8:2"", ""2025:401756948:9:1""]"
dea76a039a9264d8,2021,401287890,Oklahoma State,attribution_only,dip_restore,0.0,corroborated,admitted,cfbd_drives_5a,"[""2021:401287890:2:9"", ""2021:401287890:3:1""]"
dea94d41e6fd4c31,2021,401282682,North Carolina,attribution_only,dip_restore,0.0,corroborated,admitted,cfbd_drives_5a,"[""2021:401282682:21:7"", ""2021:401282682:22:1"", ""2021:401282682:23:14"", ""2021:401282682:24:1""]"
deb0b911c69aa837,2021,401301006,South Florida,attribution_only,dip_restore,0.0,corroborated,admitted,cfbd_drives_5a,"[""2021:401301006:13:9"", ""2021:401301006:14:1""]"
deb299c7fe1bc476,2023,401520156,Ohio State,attribution_only,dip_restore,0.0,corroborated,admitted,cfbd_drives_5a,"[""2023:401520156:16:8"", ""2023:401520156:17:1"", ""2023:401520156:18:15"", ""2023:401520156:19:1""]"
dedaff41e243dc72,2023,401525828,BYU,attribution_only,dip_restore,0.0,corroborated,admitted,cfbd_drives_5a,"[""2023:401525828:7:5"", ""2023:401525828:8:1""]"
df0553f86f83f4cd,2024,401628428,Texas A&M,attribution_only,dip_restore,0.0,game_unusable,reverted_unverified,cfbd_drives_5a,"[""2024:401628428:10:11"", ""2024:401628428:11:1""]"
df076271608dc939,2023,401532394,Howard,points_recovery,dip_restore,7.0,game_unusable,reverted_unverified,cfbd_drives_5a,"[""2023:401532394:1:10""]"
df188a7dc4522694,2024,401629038,Connecticut,attribution_only,dip_restore,0.0,corroborated,admitted,cfbd_drives_5a,"[""2024:401629038:21:4"", ""2024:401629038:22:1""]"
df22d465ef0ede0a,2021,401282058,Auburn,attribution_only,dip_restore,0.0,corroborated,admitted,cfbd_drives_5a,"[""2021:401282058:17:7"", ""2021:401282058:18:1""]"
df4c257d325efc5a,2025,401757305,Jacksonville State,attribution_only,dip_restore,0.0,game_unusable,reverted_unverified,cfbd_drives_5a,"[""2025:401757305:1:2"", ""2025:401757305:3:6""]"
df57bb781d099148,2025,401756890,Arkansas State,attribution_only,final_cap,0.0,game_unusable,reverted_unverified,cfbd_drives_5a,"[""2025:401756890:16:1"", ""2025:401756890:16:2"", ""2025:401756890:16:3"", ""2025:401756890:16:4"", ""2025:401756890:16:5"", ""2025:401756890:16:6"", ""2025:401756890:16:7"", ""2025:401756890:16:8"", ""2025:401756890:16:9""]"
df589405efbbf707,2021,401309908,Oregon State,attribution_only,dip_restore,0.0,corroborated,admitted,cfbd_drives_5a,"[""2021:401309908:16:16"", ""2021:401309908:17:1""]"
df6731042a90700a,2021,401301034,Houston,attribution_only,dip_restore,0.0,game_unusable,reverted_unverified,cfbd_drives_5a,"[""2021:401301034:23:1"", ""2021:401301034:24:1""]"
df6904dfc359f0ef,2025,401761598,Memphis,points_recovery,dip_restore,14.0,game_unusable,reverted_unverified,cfbd_drives_5a,"[""2025:401761598:10:1"", ""2025:401761598:11:9"", ""2025:401761598:12:8"", ""2025:401761598:2:7"", ""2025:401761598:3:2"", ""2025:401761598:7:18"", ""2025:401761598:8:9""]"
df9a0a2d650a1917,2022,401415211,Tulsa,attribution_only,dip_restore,0.0,game_unusable,reverted_unverified,cfbd_drives_5a,"[""2022:401415211:6:12"", ""2022:401415211:7:1""]"
dfa8ddd461c601d2,2017,400937503,Virginia Tech,attribution_only,dip_restore,0.0,corroborated,admitted,cfbd_drives_5a,"[""2017:400937503:14:8"", ""2017:400937503:15:1""]"
dfb880d8b994504e,2017,400944888,New Mexico State,attribution_only,dip_restore,0.0,game_unusable,reverted_unverified,cfbd_drives_5a,"[""2017:400944888:23:18"", ""2017:400944888:24:1""]"
dfbb733c7b59f964,2025,401757267,Louisiana Monroe,attribution_only,dip_restore,0.0,corroborated,admitted,cfbd_drives_5a,"[""2025:401757267:15:8"", ""2025:401757267:16:1""]"
dff633c3a11d127f,2022,401403994,Michigan State,attribution_only,dip_restore,0.0,corroborated,admitted,cfbd_drives_5a,"[""2022:401403994:19:10"", ""2022:401403994:20:1""]"
e00084b01cee8b18,2022,401403915,Ole Miss,attribution_only,dip_restore,0.0,corroborated,admitted,cfbd_drives_5a,"[""2022:401403915:1:16"", ""2022:401403915:2:1""]"
e00c3d27036744e1,2021,401309636,South Alabama,attribution_only,dip_restore,0.0,game_unusable,reverted_unverified,cfbd_drives_5a,"[""2021:401309636:14:10"", ""2021:401309636:2:1""]"
e0400ee5e64d998d,2025,401757268,Nevada,attribution_only,dip_restore,0.0,corroborated,admitted,cfbd_drives_5a,"[""2025:401757268:3:10"", ""2025:401757268:4:1""]"
e0801bb328742100,2021,401331216,Florida,attribution_only,dip_restore,0.0,corroborated,admitted,cfbd_drives_5a,"[""2021:401331216:18:7"", ""2021:401331216:19:1""]"
e096ef7c5d740237,2025,401757229,Tulsa,attribution_only,dip_restore,0.0,game_unusable,reverted_unverified,cfbd_drives_5a,"[""2025:401757229:11:11"", ""2025:401757229:12:5"", ""2025:401757229:13:8"", ""2025:401757229:15:14"", ""2025:401757229:17:19"", ""2025:401757229:18:9""]"
e0dd6b85ec2b212d,2016,400868981,TCU,attribution_only,dip_restore,0.0,corroborated,admitted,cfbd_drives_5a,"[""2016:400868981:22:9"", ""2016:400868981:23:1""]"
e1363c1c6845dd0d,2022,401411095,Appalachian State,points_recovery,incomplete_stream,6.0,game_unusable,reverted_unverified,cfbd_drives_5a,"[""2022:401411095:25:13"", ""2022:401411095:26:1"", ""2022:401411095:26:2""]"
e146d4319f5761fa,2024,401643770,Utah State,attribution_only,dip_restore,0.0,game_unusable,reverted_unverified,cfbd_drives_5a,"[""2024:401643770:19:3"", ""2024:401643770:26:13""]"
e168917d0e80ef99,2021,401282110,Ole Miss,attribution_only,dip_restore,0.0,corroborated,admitted,cfbd_drives_5a,"[""2021:401282110:19:9"", ""2021:401282110:20:1""]"
e18cd2bdc410ebf3,2022,401426547,Louisiana Tech,points_recovery,incomplete_stream,45.0,game_unusable,reverted_unverified,cfbd_drives_5a,"[""2022:401426547:13:11"", ""2022:401426547:15:6"", ""2022:401426547:19:13"", ""2022:401426547:21:2"", ""2022:401426547:22:5"", ""2022:401426547:5:1"", ""2022:401426547:5:4"", ""2022:401426547:8:5""]"
e191fb69cf2dbc7e,2022,401416641,Kent State,attribution_only,dip_restore,0.0,corroborated,admitted,cfbd_drives_5a,"[""2022:401416641:19:3"", ""2022:401416641:20:1""]"
e19335b90b280d36,2016,400869307,Northern Illinois,points_recovery,dip_restore,7.0,game_unusable,reverted_unverified,cfbd_drives_5a,"[""2016:400869307:18:13"", ""2016:400869307:19:4"", ""2016:400869307:25:3""]"
e1ecc34893c392dd,2024,401628560,Nebraska,attribution_only,dip_restore,0.0,corroborated,admitted,cfbd_drives_5a,"[""2024:401628560:7:10"", ""2024:401628560:8:1""]"
e1ee9a3c8125e2fd,2021,401282183,Georgia Southern,attribution_only,dip_restore,0.0,game_unusable,reverted_unverified,cfbd_drives_5a,"[""2021:401282183:10:7"", ""2021:401282183:17:8"", ""2021:401282183:1:1"", ""2021:401282183:3:13"", ""2021:401282183:4:1"", ""2021:401282183:4:7""]"
e1f0d90417050433,2022,401415259,UNLV,points_recovery,incomplete_stream,19.0,game_unusable,reverted_unverified,cfbd_drives_5a,"[""2022:401415259:11:1"", ""2022:401415259:1:11"", ""2022:401415259:1:2"", ""2022:401415259:1:21"", ""2022:401415259:2:1"", ""2022:401415259:3:1"", ""2022:401415259:4:1"", ""2022:401415259:5:7"", ""2022:401415259:7:4""]"
e1f81c783e5080d6,2017,400935300,Arizona,attribution_only,dip_restore,0.0,game_unusable,reverted_unverified,cfbd_drives_5a,"[""2017:400935300:23:1"", ""2017:400935300:24:2""]"
e20a733313802f51,2025,401754582,Pittsburgh,attribution_only,dip_restore,0.0,game_unusable,reverted_unverified,cfbd_drives_5a,"[""2025:401754582:12:11"", ""2025:401754582:14:8"", ""2025:401754582:18:7""]"
e21ec6c44012bdbd,2016,400876098,Miami,attribution_only,dip_restore,0.0,corroborated,admitted,cfbd_drives_5a,"[""2016:400876098:20:10"", ""2016:400876098:21:1""]"
e23598f990756129,2021,401282268,Old Dominion,attribution_only,dip_restore,0.0,corroborated,admitted,cfbd_drives_5a,"[""2021:401282268:17:8"", ""2021:401282268:18:1""]"
e242f0ef6c373bb8,2023,401532604,New Mexico,attribution_only,dip_restore,0.0,game_unusable,reverted_unverified,cfbd_drives_5a,"[""2023:401532604:16:9"", ""2023:401532604:17:1""]"
e25b0da34c9240ba,2021,401282626,Louisville,attribution_only,dip_restore,0.0,corroborated,admitted,cfbd_drives_5a,"[""2021:401282626:27:1"", ""2021:401282626:28:1""]"
e25ef50f6d7def6c,2017,400934539,Oklahoma,attribution_only,dip_restore,0.0,game_unusable,reverted_unverified,cfbd_drives_5a,"[""2017:400934539:4:7"", ""2017:400934539:5:2""]"
e27c5e358e40b86a,2024,401645340,Charlotte,attribution_only,dip_restore,0.0,game_unusable,reverted_unverified,cfbd_drives_5a,"[""2024:401645340:22:9"", ""2024:401645340:23:1""]"
e2914f021578bb91,2023,401525823,Central Arkansas,points_reduction,category_possession_reassignment,-6.0,game_unusable,reverted_unverified,cfbd_drives_5a,"[""2023:401525823:23:7""]"
e294fe11caacb333,2021,401309578,Bowling Green,points_recovery,incomplete_stream,54.0,game_unusable,reverted_unverified,cfbd_drives_5a,"[""2021:401309578:11:4"", ""2021:401309578:12:1"", ""2021:401309578:1:12"", ""2021:401309578:1:5"", ""2021:401309578:1:7"", ""2021:401309578:20:1"", ""2021:401309578:22:2"", ""2021:401309578:26:2"", ""2021:401309578:28:4"", ""2021:401309578:2:1"", ""2021:401309578:2:2"", ""2021:401309578:2:8"", ""2021:401309578:3:1"", ""2021:401309578:3:5"", ""2021:401309578:4:1"", ""2021:401309578:4:5"", ""2021:401309578:5:1"", ""2021:401309578:5:13"", ""2021:401309578:6:1"", ""2021:401309578:6:16"", ""2021:401309578:6:17"", ""2021:401309578:6:25"", ""2021:401309578:9:3""]"
e29d7afa8f27a9f8,2024,401645323,Army,attribution_only,dip_restore,0.0,corroborated,admitted,cfbd_drives_5a,"[""2024:401645323:15:18"", ""2024:401645323:16:1""]"
e2a5695850d7840f,2022,401426555,UCF,points_recovery,incomplete_stream,40.0,game_unusable,reverted_unverified,cfbd_drives_5a,"[""2022:401426555:14:12"", ""2022:401426555:15:2"", ""2022:401426555:18:1"", ""2022:401426555:1:3"", ""2022:401426555:20:9"", ""2022:401426555:22:1"", ""2022:401426555:2:2"", ""2022:401426555:4:1"", ""2022:401426555:6:12"", ""2022:401426555:8:1""]"
e2abdea2b1e2b7e1,2022,401415619,Kennesaw State,attribution_only,dip_restore,0.0,game_unusable,reverted_unverified,cfbd_drives_5a,"[""2022:401415619:17:4"", ""2022:401415619:21:1""]"
e2b484b8222fb2ff,2021,401309612,Appalachian State,attribution_only,dip_restore,0.0,corroborated,admitted,cfbd_drives_5a,"[""2021:401309612:10:13"", ""2021:401309612:11:1""]"
e2ce7f68f451aea9,2025,401752847,USC,attribution_only,dip_restore,0.0,corroborated,admitted,cfbd_drives_5a,"[""2025:401752847:12:4"", ""2025:401752847:13:1""]"
e2eab0fe5e319b08,2021,401327913,Nebraska,points_recovery,incomplete_stream,7.0,game_unusable,reverted_unverified,cfbd_drives_5a,"[""2021:401327913:10:9"", ""2021:401327913:12:9"", ""2021:401327913:13:1"", ""2021:401327913:3:13"", ""2021:401327913:6:10"", ""2021:401327913:6:5"", ""2021:401327913:6:8"", ""2021:401327913:8:1"", ""2021:401327913:8:7""]"
e2fdfc2461a214fb,2025,401754614,Stanford,attribution_only,dip_restore,0.0,game_unusable,reverted_unverified,cfbd_drives_5a,"[""2025:401754614:21:1"", ""2025:401754614:22:17""]"
e3263ded62455445,2024,401636893,Arizona,attribution_only,dip_restore,0.0,corroborated,admitted,cfbd_drives_5a,"[""2024:401636893:19:12"", ""2024:401636893:20:1""]"
e34175027d0d2708,2025,401752848,Notre Dame,attribution_only,dip_restore,0.0,game_unusable,reverted_unverified,cfbd_drives_5a,"[""2025:401752848:12:2"", ""2025:401752848:13:7""]"
e3455596ef24880a,2018,401013078,TCU,attribution_only,dip_restore,0.0,game_unusable,reverted_unverified,cfbd_drives_5a,"[""2018:401013078:15:2"", ""2018:401013078:17:1""]"
e35b5e1f4ba2ff4a,2021,401282137,Kentucky,attribution_only,dip_restore,0.0,corroborated,admitted,cfbd_drives_5a,"[""2021:401282137:6:1"", ""2021:401282137:7:1""]"
e3614aa7f551ff27,2025,401756907,Oklahoma State,attribution_only,dip_restore,0.0,game_unusable,reverted_unverified,cfbd_drives_5a,"[""2025:401756907:3:13"", ""2025:401756907:3:8""]"
e371c8f2f6e3bc5d,2025,401757235,Kennesaw State,attribution_only,dip_restore,0.0,game_unusable,reverted_unverified,cfbd_drives_5a,"[""2025:401757235:6:12"", ""2025:401757235:7:1""]"
e39296ee0a4f85ad,2022,401416613,Central Michigan,attribution_only,dip_restore,0.0,game_unusable,reverted_unverified,cfbd_drives_5a,"[""2022:401416613:23:1"", ""2022:401416613:26:1""]"
e393960073c09bf6,2016,400869369,Southern Mississippi,attribution_only,dip_restore,0.0,game_unusable,reverted_unverified,cfbd_drives_5a,"[""2016:400869369:17:6"", ""2016:400869369:19:1""]"
e39cd06ccb5e0735,2024,401636934,Texas Tech,attribution_only,dip_restore,0.0,corroborated,admitted,cfbd_drives_5a,"[""2024:401636934:25:4"", ""2024:401636934:26:1""]"
e3cc14f36fdd0d60,2025,401777324,Tulane,attribution_only,dip_restore,0.0,game_unusable,reverted_unverified,cfbd_drives_5a,"[""2025:401777324:3:11"", ""2025:401777324:4:2""]"
e3fee2870172806a,2023,401525822,Oklahoma,attribution_only,dip_restore,0.0,corroborated,admitted,cfbd_drives_5a,"[""2023:401525822:15:11"", ""2023:401525822:16:1""]"
e4064c3ceade81b4,2016,400868887,Northern Iowa,attribution_only,dip_restore,0.0,corroborated,admitted,cfbd_drives_5a,"[""2016:400868887:16:4"", ""2016:400868887:17:1""]"
e41e39df6d7071c5,2023,401520149,Middle Tennessee,attribution_only,dip_restore,0.0,game_unusable,reverted_unverified,cfbd_drives_5a,"[""2023:401520149:1:11"", ""2023:401520149:21:1""]"
e42eb1581ac156b4,2024,401635624,NC State,attribution_only,dip_restore,0.0,game_unusable,reverted_unverified,cfbd_drives_5a,"[""2024:401635624:23:7"", ""2024:401635624:24:1""]"
e431338a76471302,2022,401416601,Buffalo,points_recovery,incomplete_stream,7.0,game_unusable,reverted_unverified,cfbd_drives_5a,"[""2022:401416601:25:18""]"
e4383196fa309469,2022,401426565,Western Kentucky,attribution_only,other,0.0,game_unusable,reverted_unverified,cfbd_drives_5a,"[""2022:401426565:10:4"", ""2022:401426565:8:8""]"
e47f63d7ebc6b1a2,2022,401426344,Louisiana Monroe,points_recovery,other,1.0,game_unusable,reverted_unverified,cfbd_drives_5a,"[""2022:401426344:11:8""]"
e48a2796bef7206b,2022,401404148,Syracuse,attribution_only,dip_restore,0.0,game_unusable,reverted_unverified,cfbd_drives_5a,"[""2022:401404148:1:1"", ""2022:401404148:2:13"", ""2022:401404148:3:1""]"
e4abc316b4f9a938,2025,401756940,Kansas,attribution_only,dip_restore,0.0,game_unusable,reverted_unverified,cfbd_drives_5a,"[""2025:401756940:2:1"", ""2025:401756940:2:14""]"
e4e2c0588f999246,2021,401301002,Murray State,attribution_only,dip_restore,0.0,game_unusable,reverted_unverified,cfbd_drives_5a,"[""2021:401301002:3:17"", ""2021:401301002:4:1""]"
e4fca4439e0f395a,2022,401416620,Northern Illinois,attribution_only,dip_restore,0.0,game_unusable,reverted_unverified,cfbd_drives_5a,"[""2022:401416620:19:6"", ""2022:401416620:20:1""]"
e50b05867ab7ceb9,2015,400756906,Boston College,attribution_only,dip_restore,0.0,game_unusable,reverted_unverified,cfbd_drives_5a,"[""2015:400756906:21:6"", ""2015:400756906:22:1""]"
e54df777d19e68b2,2024,401635563,Florida State,attribution_only,dip_restore,0.0,game_unusable,reverted_unverified,cfbd_drives_5a,"[""2024:401635563:11:6"", ""2024:401635563:12:3""]"
e56481b992b3044f,2025,401756919,Kansas State,attribution_only,dip_restore,0.0,corroborated,admitted,cfbd_drives_5a,"[""2025:401756919:8:3"", ""2025:401756919:9:1""]"
e59c6f54d6e08276,2023,401551757,UNLV,attribution_only,dip_restore,0.0,corroborated,admitted,cfbd_drives_5a,"[""2023:401551757:21:9"", ""2023:401551757:22:1""]"
e5a31813d5e0ef5b,2025,401754591,Clemson,attribution_only,dip_restore,0.0,game_unusable,reverted_unverified,cfbd_drives_5a,"[""2025:401754591:18:2"", ""2025:401754591:19:6""]"
e5aae70fa919d586,2021,401309609,Texas State,attribution_only,dip_restore,0.0,corroborated,admitted,cfbd_drives_5a,"[""2021:401309609:17:16"", ""2021:401309609:18:1""]"
e5d007fca0502cd6,2022,401403959,Georgia,attribution_only,dip_restore,0.0,corroborated,admitted,cfbd_drives_5a,"[""2022:401403959:17:6"", ""2022:401403959:18:1""]"
e5e5aed8f33b23ef,2024,401628341,Nicholls,points_recovery,incomplete_stream,21.0,game_unusable,reverted_unverified,cfbd_drives_5a,"[""2024:401628341:10:4"", ""2024:401628341:3:1"", ""2024:401628341:4:15"", ""2024:401628341:6:17""]"
e5fcafabfdf46329,2021,401287947,Texas,attribution_only,dip_restore,0.0,corroborated,admitted,cfbd_drives_5a,"[""2021:401287947:12:9"", ""2021:401287947:13:1""]"
e5fcf8120167dbe3,2021,401282271,Louisiana Tech,points_recovery,dip_restore,7.0,game_unusable,reverted_unverified,cfbd_drives_5a,"[""2021:401282271:1:1""]"
e6238f948db82e28,2023,401520218,Western Kentucky,points_recovery,dip_restore,7.0,game_unusable,reverted_unverified,cfbd_drives_5a,"[""2023:401520218:1:1""]"
e633c17eac690557,2019,401147693,Georgia Southern,points_recovery,dip_restore,3.0,game_unusable,reverted_unverified,cfbd_drives_5a,"[""2019:401147693:29:15""]"
e64abff54cf34b3c,2023,401520150,Arkansas,attribution_only,dip_restore,0.0,corroborated,admitted,cfbd_drives_5a,"[""2023:401520150:19:12"", ""2023:401520150:20:1""]"
e67a330b6c80d28e,2021,401282110,Tennessee,attribution_only,dip_restore,0.0,corroborated,admitted,cfbd_drives_5a,"[""2021:401282110:16:9"", ""2021:401282110:17:1""]"
e6806a7581d921d3,2022,401426543,Western Kentucky,attribution_only,dip_restore,0.0,corroborated,admitted,cfbd_drives_5a,"[""2022:401426543:22:7"", ""2022:401426543:23:1""]"
e68c6abc813ec6a9,2025,401754587,Syracuse,attribution_only,dip_restore,0.0,game_unusable,reverted_unverified,cfbd_drives_5a,"[""2025:401754587:13:10"", ""2025:401754587:13:7""]"
e69f91625f8bb8a9,2015,400787469,Louisiana,attribution_only,dip_restore,0.0,corroborated,admitted,cfbd_drives_5a,"[""2015:400787469:2:6"", ""2015:400787469:3:1""]"
e6ad95321f5a8755,2022,401405146,Indiana,attribution_only,other,0.0,game_unusable,reverted_unverified,cfbd_drives_5a,"[""2022:401405146:18:4"", ""2022:401405146:20:11""]"
e6ccdc7ace093099,2021,401287909,Kansas State,points_recovery,incomplete_stream,20.0,game_unusable,reverted_unverified,cfbd_drives_5a,"[""2021:401287909:11:5"", ""2021:401287909:19:3"", ""2021:401287909:1:15"", ""2021:401287909:2:1"", ""2021:401287909:3:1"", ""2021:401287909:6:3""]"
e6e43f2c3699f423,2023,401525545,North Carolina,points_recovery,incomplete_stream,7.0,game_unusable,reverted_unverified,cfbd_drives_5a,"[""2023:401525545:24:1""]"
e738fb24b4ac1ca2,2018,401020783,Toledo,attribution_only,dip_restore,0.0,corroborated,admitted,cfbd_drives_5a,"[""2018:401020783:4:9"", ""2018:401020783:5:1""]"
e73a80d71db667e1,2021,401310729,San Jose State,attribution_only,dip_restore,0.0,game_unusable,reverted_unverified,cfbd_drives_5a,"[""2021:401310729:2:14"", ""2021:401310729:3:1""]"
e75004c46eff3582,2025,401752833,Rutgers,attribution_only,dip_restore,0.0,game_unusable,reverted_unverified,cfbd_drives_5a,"[""2025:401752833:14:1"", ""2025:401752833:16:9""]"
e76863ba1e2bdd96,2022,401426332,Gardner-Webb,attribution_only,dip_restore,0.0,game_unusable,reverted_unverified,cfbd_drives_5a,"[""2022:401426332:11:3"", ""2022:401426332:12:12""]"
e77b9406b267115e,2024,401645358,UAB,attribution_only,dip_restore,0.0,corroborated,admitted,cfbd_drives_5a,"[""2024:401645358:10:6"", ""2024:401645358:11:1"", ""2024:401645358:8:6"", ""2024:401645358:9:1""]"
e7942abc7f0835be,2022,401404083,Oklahoma State,attribution_only,dip_restore,0.0,game_unusable,reverted_unverified,cfbd_drives_5a,"[""2022:401404083:11:1"", ""2022:401404083:12:1"", ""2022:401404083:16:3"", ""2022:401404083:17:1""]"
e7a18bf0e7c717cd,2024,401643707,Sacramento State,attribution_only,dip_restore,0.0,corroborated,admitted,cfbd_drives_5a,"[""2024:401643707:16:2"", ""2024:401643707:17:1""]"
e7ac85161697db91,2023,401525816,UCF,attribution_only,dip_restore,0.0,game_unusable,reverted_unverified,cfbd_drives_5a,"[""2023:401525816:11:7"", ""2023:401525816:12:1"", ""2023:401525816:14:1"", ""2023:401525816:15:1"", ""2023:401525816:18:1"", ""2023:401525816:19:1"", ""2023:401525816:22:1"", ""2023:401525816:23:1"", ""2023:401525816:24:1"", ""2023:401525816:25:1"", ""2023:401525816:8:3""]"
e7ad73bd5ccb03fd,2022,401426558,UNLV,attribution_only,dip_restore,0.0,game_unusable,reverted_unverified,cfbd_drives_5a,"[""2022:401426558:10:1"", ""2022:401426558:12:1"", ""2022:401426558:15:6""]"
e7e48a54e3117cf9,2021,401282183,Florida Atlantic,points_recovery,incomplete_stream,37.0,game_unusable,reverted_unverified,cfbd_drives_5a,"[""2021:401282183:10:6"", ""2021:401282183:10:7"", ""2021:401282183:12:1"", ""2021:401282183:13:1"", ""2021:401282183:14:1"", ""2021:401282183:15:1"", ""2021:401282183:16:1"", ""2021:401282183:17:1"", ""2021:401282183:17:8"", ""2021:401282183:20:1"", ""2021:401282183:2:25"", ""2021:401282183:2:28"", ""2021:401282183:2:29"", ""2021:401282183:5:1"", ""2021:401282183:6:1"", ""2021:401282183:7:1"", ""2021:401282183:8:1"", ""2021:401282183:9:1""]"
e82ff7c7e8cd9381,2022,401404009,Washington,attribution_only,dip_restore,0.0,corroborated,admitted,cfbd_drives_5a,"[""2022:401404009:8:11"", ""2022:401404009:9:1""]"
e8370c3277d330d6,2021,401309589,Toledo,attribution_only,dip_restore,0.0,game_unusable,reverted_unverified,cfbd_drives_5a,"[""2021:401309589:8:1"", ""2021:401309589:9:7""]"
e85534e903b26454,2021,401282681,Georgia Tech,attribution_only,dip_restore,0.0,game_unusable,reverted_unverified,cfbd_drives_5a,"[""2021:401282681:19:8"", ""2021:401282681:22:13"", ""2021:401282681:23:1""]"
e870d4c5974e21b4,2023,401531870,Wyoming,points_recovery,incomplete_stream,8.0,game_unusable,reverted_unverified,cfbd_drives_5a,"[""2023:401531870:23:1""]"
e8e5678bcf7bfae5,2021,401331213,Kent State,attribution_only,dip_restore,0.0,corroborated,admitted,cfbd_drives_5a,"[""2021:401331213:13:8"", ""2021:401331213:14:1""]"
e8f75e932517b92e,2021,401282248,Old Dominion,attribution_only,dip_restore,0.0,game_unusable,reverted_unverified,cfbd_drives_5a,"[""2021:401282248:17:8"", ""2021:401282248:18:1"", ""2021:401282248:6:4"", ""2021:401282248:8:1"", ""2021:401282248:8:9""]"
e8f926df35485806,2022,401411149,North Carolina,attribution_only,dip_restore,0.0,corroborated,admitted,cfbd_drives_5a,"[""2022:401411149:23:3"", ""2022:401411149:24:1""]"
e8fbd0995c312adb,2022,401411095,North Carolina,attribution_only,incomplete_stream,0.0,game_unusable,reverted_unverified,cfbd_drives_5a,"[""2022:401411095:26:2""]"
e900a6cb40dab008,2021,401309551,Bowling Green,points_recovery,incomplete_stream,26.0,game_unusable,reverted_unverified,cfbd_drives_5a,"[""2021:401309551:12:2"", ""2021:401309551:16:1"", ""2021:401309551:18:2"", ""2021:401309551:2:1"", ""2021:401309551:3:1"", ""2021:401309551:6:11""]"
e90f581f992c62a5,2021,401282612,Pittsburgh,attribution_only,dip_restore,0.0,game_unusable,reverted_unverified,cfbd_drives_5a,"[""2021:401282612:12:9"", ""2021:401282612:13:1""]"
e93090944b2b46ec,2022,401426582,UT San Antonio,attribution_only,dip_restore,0.0,corroborated,admitted,cfbd_drives_5a,"[""2022:401426582:11:7"", ""2022:401426582:12:1""]"
e93981ebb1ae449d,2024,401628370,South Carolina,attribution_only,dip_restore,0.0,corroborated,admitted,cfbd_drives_5a,"[""2024:401628370:3:15"", ""2024:401628370:4:1""]"
e96134ac7a36a3a7,2017,400933891,Mississippi State,attribution_only,dip_restore,0.0,game_unusable,reverted_unverified,cfbd_drives_5a,"[""2017:400933891:10:15"", ""2017:400933891:11:1""]"
e9621e6497d18176,2021,401309906,Colorado,attribution_only,incomplete_stream,0.0,game_unusable,reverted_unverified,cfbd_drives_5a,"[""2021:401309906:11:2""]"
e96beccb38b915d7,2023,401532408,Delaware State,attribution_only,dip_restore,0.0,game_unusable,reverted_unverified,cfbd_drives_5a,"[""2023:401532408:1:1"", ""2023:401532408:4:11""]"
e984d62186794225,2016,400869619,Oklahoma State,attribution_only,dip_restore,0.0,game_unusable,reverted_unverified,cfbd_drives_5a,"[""2016:400869619:25:5"", ""2016:400869619:26:2""]"
e99e3b6f83cd7443,2022,401404066,Kent State,attribution_only,dip_restore,0.0,game_unusable,reverted_unverified,cfbd_drives_5a,"[""2022:401404066:12:1"", ""2022:401404066:19:5"", ""2022:401404066:7:16""]"
e9a4a15fa44bd3aa,2023,401525902,Baylor,attribution_only,dip_restore,0.0,game_unusable,reverted_unverified,cfbd_drives_5a,"[""2023:401525902:11:8"", ""2023:401525902:6:2"", ""2023:401525902:7:1"", ""2023:401525902:7:2""]"
e9b1993f5e317456,2023,401525520,North Carolina,attribution_only,dip_restore,0.0,game_unusable,reverted_unverified,cfbd_drives_5a,"[""2023:401525520:18:1"", ""2023:401525520:19:18""]"
e9b1c1398cfcf829,2025,401754558,Boston College,attribution_only,dip_restore,0.0,game_unusable,reverted_unverified,cfbd_drives_5a,"[""2025:401754558:5:1"", ""2025:401754558:6:12""]"
e9bbf57ebfbb77e5,2025,401761617,South Alabama,attribution_only,dip_restore,0.0,corroborated,admitted,cfbd_drives_5a,"[""2025:401761617:16:13"", ""2025:401761617:17:1""]"
e9c69b852c4c12c6,2018,401032068,Minnesota,attribution_only,dip_restore,0.0,corroborated,admitted,cfbd_drives_5a,"[""2018:401032068:5:11"", ""2018:401032068:6:1""]"
e9ccb0ee4929a744,2022,401405144,Ohio State,attribution_only,dip_restore,0.0,corroborated,admitted,cfbd_drives_5a,"[""2022:401405144:23:3"", ""2022:401405144:24:1""]"
e9d7364cc1de84be,2021,401282670,Florida State,attribution_only,dip_restore,0.0,corroborated,admitted,cfbd_drives_5a,"[""2021:401282670:22:4"", ""2021:401282670:23:1""]"
e9e398dfec9b117c,2023,401525846,Oklahoma State,attribution_only,dip_restore,0.0,corroborated,admitted,cfbd_drives_5a,"[""2023:401525846:15:10"", ""2023:401525846:16:1""]"
e9fdd1cbc1477397,2021,401309631,Louisiana,points_recovery,restoration_gt8,1.0,game_unusable,reverted_unverified,cfbd_drives_5a,"[""2021:401309631:6:15""]"
ea0d446bf795cb78,2021,401287917,West Virginia,points_recovery,dip_restore,7.0,game_unusable,reverted_unverified,cfbd_drives_5a,"[""2021:401287917:22:16""]"
ea166ab84c90ac81,2024,401645340,Charlotte,attribution_only,dip_restore,0.0,game_unusable,reverted_unverified,cfbd_drives_5a,"[""2024:401645340:10:1"", ""2024:401645340:11:2"", ""2024:401645340:12:1"", ""2024:401645340:9:9""]"
ea19c239c5ecec47,2022,401404157,Liberty,attribution_only,dip_restore,0.0,game_unusable,reverted_unverified,cfbd_drives_5a,"[""2022:401404157:30:6"", ""2022:401404157:32:1""]"
ea1b5e7d480a2700,2022,401416614,Eastern Michigan,attribution_only,dip_restore,0.0,game_unusable,reverted_unverified,cfbd_drives_5a,"[""2022:401416614:1:11"", ""2022:401416614:2:1"", ""2022:401416614:2:6"", ""2022:401416614:3:11"", ""2022:401416614:4:1"", ""2022:401416614:5:23"", ""2022:401416614:6:1""]"
ea263dc95ac8c6a8,2024,401641041,Sam Houston State,attribution_only,dip_restore,0.0,corroborated,admitted,cfbd_drives_5a,"[""2024:401641041:20:9"", ""2024:401641041:21:1""]"
ea2727eba73fb434,2022,401415664,Temple,attribution_only,dip_restore,0.0,game_unusable,reverted_unverified,cfbd_drives_5a,"[""2022:401415664:15:6"", ""2022:401415664:16:1""]"
ea30171180ae996d,2023,401520242,Purdue,attribution_only,dip_restore,0.0,game_unusable,reverted_unverified,cfbd_drives_5a,"[""2023:401520242:10:9"", ""2023:401520242:16:16"", ""2023:401520242:18:17"", ""2023:401520242:21:4"", ""2023:401520242:9:11"", ""2023:401520242:9:2""]"
ea31acccf9a81d3c,2025,401754569,Connecticut,attribution_only,dip_restore,0.0,game_unusable,reverted_unverified,cfbd_drives_5a,"[""2025:401754569:4:12"", ""2025:401754569:4:3""]"
ea3351014fc1e8e6,2024,401628368,Vanderbilt,points_recovery,incomplete_stream,21.0,game_unusable,reverted_unverified,cfbd_drives_5a,"[""2024:401628368:11:3"", ""2024:401628368:17:8"", ""2024:401628368:24:5"", ""2024:401628368:3:4"", ""2024:401628368:5:12""]"
ea34d2dade6e6aec,2023,401526836,UMass,attribution_only,dip_restore,0.0,game_unusable,reverted_unverified,cfbd_drives_5a,"[""2023:401526836:12:11"", ""2023:401526836:13:1""]"
ea379079f3cfbcd3,2023,401531401,South Florida,attribution_only,dip_restore,0.0,corroborated,admitted,cfbd_drives_5a,"[""2023:401531401:21:8"", ""2023:401531401:22:1""]"
ea3fc787f6930704,2022,401411157,Georgia Tech,points_recovery,incomplete_stream,16.0,game_unusable,reverted_unverified,cfbd_drives_5a,"[""2022:401411157:13:3"", ""2022:401411157:14:6"", ""2022:401411157:16:1"", ""2022:401411157:1:1"", ""2022:401411157:1:10"", ""2022:401411157:21:1"", ""2022:401411157:2:3""]"
ea4229fa0e3f4878,2024,401643700,Georgia Southern,attribution_only,dip_restore,0.0,corroborated,admitted,cfbd_drives_5a,"[""2024:401643700:18:8"", ""2024:401643700:19:1""]"
ea4ba619ff22b0b6,2023,401532604,New Mexico,attribution_only,dip_restore,0.0,game_unusable,reverted_unverified,cfbd_drives_5a,"[""2023:401532604:22:8"", ""2023:401532604:23:1"", ""2023:401532604:24:19"", ""2023:401532604:25:1""]"
ea73c12a5293c56e,2023,401532608,Fresno State,attribution_only,dip_restore,0.0,game_unusable,reverted_unverified,cfbd_drives_5a,"[""2023:401532608:13:2"", ""2023:401532608:13:6"", ""2023:401532608:14:14""]"
ea81db3cbf7ba040,2023,401524038,Arizona State,attribution_only,dip_restore,0.0,corroborated,admitted,cfbd_drives_5a,"[""2023:401524038:10:1"", ""2023:401524038:9:9""]"
ea8e434d59d42c1f,2021,401309557,Eastern Michigan,attribution_only,dip_restore,0.0,corroborated,admitted,cfbd_drives_5a,"[""2021:401309557:17:7"", ""2021:401309557:18:1""]"
ea9176936eaac5b8,2018,401015038,Florida International,attribution_only,dip_restore,0.0,game_unusable,reverted_unverified,cfbd_drives_5a,"[""2018:401015038:20:1"", ""2018:401015038:22:1""]"
ea925bb6ef57945c,2017,400941821,Connecticut,attribution_only,dip_restore,0.0,corroborated,admitted,cfbd_drives_5a,"[""2017:400941821:15:12"", ""2017:400941821:16:1""]"
eab49be4dd9f8160,2021,401282115,Mississippi State,attribution_only,dip_restore,0.0,game_unusable,reverted_unverified,cfbd_drives_5a,"[""2021:401282115:20:6"", ""2021:401282115:22:10""]"
ead9f629bca9b54c,2021,401309891,Oregon State,attribution_only,restoration_gt8,0.0,game_unusable,reverted_unverified,cfbd_drives_5a,"[""2021:401309891:4:17"", ""2021:401309891:9:11""]"
eae7fe85856e81d4,2024,401628336,Arkansas,attribution_only,dip_restore,0.0,game_unusable,reverted_unverified,cfbd_drives_5a,"[""2024:401628336:4:6"", ""2024:401628336:5:2""]"
eb0d8730685cca63,2017,400934539,Oklahoma,attribution_only,dip_restore,0.0,game_unusable,reverted_unverified,cfbd_drives_5a,"[""2017:400934539:23:9"", ""2017:400934539:24:1""]"
eb2c6a16a2df9445,2017,400941799,South Florida,attribution_only,dip_restore,0.0,game_unusable,reverted_unverified,cfbd_drives_5a,"[""2017:400941799:3:10"", ""2017:400941799:3:8""]"
eb30b09d04fef6d1,2021,401287929,Baylor,attribution_only,dip_restore,0.0,game_unusable,reverted_unverified,cfbd_drives_5a,"[""2021:401287929:3:13"", ""2021:401287929:4:3"", ""2021:401287929:4:8"", ""2021:401287929:5:2""]"
eb38da490fd7b9f4,2021,401309616,Coastal Carolina,attribution_only,dip_restore,0.0,corroborated,admitted,cfbd_drives_5a,"[""2021:401309616:20:3"", ""2021:401309616:21:1""]"
eb6a51e9e4e32ff1,2025,401754546,Wake Forest,points_recovery,incomplete_stream,29.0,game_unusable,reverted_unverified,cfbd_drives_5a,"[""2025:401754546:10:5"", ""2025:401754546:12:11"", ""2025:401754546:14:15"", ""2025:401754546:22:6"", ""2025:401754546:27:4"", ""2025:401754546:28:1"", ""2025:401754546:8:8""]"
eb8519d708271a4b,2025,401752938,Texas Tech,attribution_only,dip_restore,0.0,game_unusable,reverted_unverified,cfbd_drives_5a,"[""2025:401752938:11:1"", ""2025:401752938:12:1"", ""2025:401752938:16:12"", ""2025:401752938:9:4""]"
eb8f257406206c36,2025,401752823,UNLV,attribution_only,dip_restore,0.0,corroborated,admitted,cfbd_drives_5a,"[""2025:401752823:1:15"", ""2025:401752823:2:1""]"
eb92efa2dfb4199e,2021,401310751,UNLV,attribution_only,dip_restore,0.0,corroborated,admitted,cfbd_drives_5a,"[""2021:401310751:8:5"", ""2021:401310751:9:1""]"
ebc3780d65046de7,2021,401309602,Troy,attribution_only,dip_restore,0.0,corroborated,admitted,cfbd_drives_5a,"[""2021:401309602:18:6"", ""2021:401309602:19:1""]"
ebfc8df3674b6344,2017,400934524,Kansas State,attribution_only,dip_restore,0.0,game_unusable,reverted_unverified,cfbd_drives_5a,"[""2017:400934524:25:6"", ""2017:400934524:26:2"", ""2017:400934524:28:1""]"
ec05998e59c7d02b,2021,401282182,Florida International,attribution_only,dip_restore,0.0,game_unusable,reverted_unverified,cfbd_drives_5a,"[""2021:401282182:15:1"", ""2021:401282182:15:11"", ""2021:401282182:16:8"", ""2021:401282182:17:5""]"
ec17d7e723b279a3,2023,401520273,UNLV,attribution_only,dip_restore,0.0,game_unusable,reverted_unverified,cfbd_drives_5a,"[""2023:401520273:18:1"", ""2023:401520273:20:11"", ""2023:401520273:25:4"", ""2023:401520273:26:1""]"
ec1b391ef1e800e1,2019,401114216,Utah,attribution_only,dip_restore,0.0,corroborated,admitted,cfbd_drives_5a,"[""2019:401114216:10:1"", ""2019:401114216:9:6""]"
ec6a593524f4c26e,2018,401013097,Holy Cross,attribution_only,dip_restore,0.0,game_unusable,reverted_unverified,cfbd_drives_5a,"[""2018:401013097:25:4"", ""2018:401013097:27:1""]"
ec6bd49d1ebe3e03,2023,401531389,UT San Antonio,attribution_only,dip_restore,0.0,corroborated,admitted,cfbd_drives_5a,"[""2023:401531389:15:8"", ""2023:401531389:16:1""]"
ec8ff00346ca8025,2021,401282232,Western Kentucky,attribution_only,dip_restore,0.0,corroborated,admitted,cfbd_drives_5a,"[""2021:401282232:5:13"", ""2021:401282232:6:1""]"
eccc2c6e83b4d585,2022,401426340,Arkansas State,points_recovery,incomplete_stream,7.0,game_unusable,reverted_unverified,cfbd_drives_5a,"[""2022:401426340:17:2""]"
ecd1d2856580d4ad,2015,400787477,Georgia State,attribution_only,dip_restore,0.0,corroborated,admitted,cfbd_drives_5a,"[""2015:400787477:14:18"", ""2015:400787477:15:1""]"
ecd39690d2dfdda8,2022,401415024,Old Dominion,attribution_only,dip_restore,0.0,game_unusable,reverted_unverified,cfbd_drives_5a,"[""2022:401415024:2:3"", ""2022:401415024:5:1""]"
ecebc0ac49f23e4b,2021,401310253,Air Force,attribution_only,other,0.0,game_unusable,reverted_unverified,cfbd_drives_5a,"[""2021:401310253:15:7"", ""2021:401310253:19:17""]"
ecef4fd4f3af80c9,2024,401632072,UTEP,attribution_only,dip_restore,0.0,corroborated,admitted,cfbd_drives_5a,"[""2024:401632072:1:11"", ""2024:401632072:2:1""]"
ed134b810c9e2047,2025,401760366,Idaho State,points_reduction,category_possession_reassignment,-6.0,game_unusable,reverted_unverified,cfbd_drives_5a,"[""2025:401760366:13:7"", ""2025:401760366:16:7""]"
ed4349ccdca50289,2017,400937475,Toledo,points_recovery,incomplete_stream,10.0,game_unusable,reverted_unverified,cfbd_drives_5a,"[""2017:400937475:21:8"", ""2017:400937475:23:1""]"
ed500cffcc82fc94,2025,401762514,North Texas,attribution_only,category_possession_reassignment,0.0,corroborated,admitted,cfbd_drives_5a,"[""2025:401762514:18:9"", ""2025:401762514:19:1""]"
ed5649b318029d07,2021,401309882,Oregon State,attribution_only,final_cap,0.0,game_unusable,reverted_unverified,cfbd_drives_5a,"[""2021:401309882:21:1"", ""2021:401309882:21:11"", ""2021:401309882:21:12"", ""2021:401309882:21:2"", ""2021:401309882:21:3"", ""2021:401309882:21:4"", ""2021:401309882:21:5"", ""2021:401309882:21:6"", ""2021:401309882:21:7"", ""2021:401309882:21:8"", ""2021:401309882:21:9""]"
ed58143ce93a1ee8,2022,401403999,Washington State,attribution_only,dip_restore,0.0,game_unusable,reverted_unverified,cfbd_drives_5a,"[""2022:401403999:18:1"", ""2022:401403999:22:10""]"
ed6de6ce7654e991,2021,401282756,Iowa,attribution_only,dip_restore,0.0,corroborated,admitted,cfbd_drives_5a,"[""2021:401282756:20:4"", ""2021:401282756:21:1""]"
ed7e2bb2df9b4118,2025,401756906,UCF,attribution_only,dip_restore,0.0,game_unusable,reverted_unverified,cfbd_drives_5a,"[""2025:401756906:18:1"", ""2025:401756906:19:7""]"
ed8b1aaaf30438c7,2023,401525816,Kent State,attribution_only,dip_restore,0.0,game_unusable,reverted_unverified,cfbd_drives_5a,"[""2023:401525816:19:2"", ""2023:401525816:20:1"", ""2023:401525816:4:2"", ""2023:401525816:5:1""]"
edd78fd827d2c87c,2025,401761667,Texas State,attribution_only,dip_restore,0.0,game_unusable,reverted_unverified,cfbd_drives_5a,"[""2025:401761667:10:1"", ""2025:401761667:11:2"", ""2025:401761667:15:13"", ""2025:401761667:15:7"", ""2025:401761667:17:1"", ""2025:401761667:18:1"", ""2025:401761667:4:2"", ""2025:401761667:5:17""]"
ee07c84d65f3db71,2022,401415216,Incarnate Word,attribution_only,dip_restore,0.0,corroborated,admitted,cfbd_drives_5a,"[""2022:401415216:13:4"", ""2022:401415216:14:1""]"
ee081bf56e75252c,2025,401760368,Utah State,attribution_only,dip_restore,0.0,game_unusable,reverted_unverified,cfbd_drives_5a,"[""2025:401760368:6:7"", ""2025:401760368:7:3""]"
ee0cf074eb7aa721,2025,401754558,Clemson,points_reduction,other,-3.0,game_unusable,reverted_unverified,cfbd_drives_5a,"[""2025:401754558:19:10""]"
ee1d17df8c1a7d59,2025,401762871,Kent State,attribution_only,dip_restore,0.0,game_unusable,reverted_unverified,cfbd_drives_5a,"[""2025:401762871:2:1"", ""2025:401762871:3:8""]"
ee26585978c983cf,2024,401628350,Wisconsin,attribution_only,dip_restore,0.0,corroborated,admitted,cfbd_drives_5a,"[""2024:401628350:1:11"", ""2024:401628350:2:1""]"
ee5c7246abb237d2,2025,401752939,Oregon State,points_recovery,incomplete_stream,24.0,game_unusable,reverted_unverified,cfbd_drives_5a,"[""2025:401752939:13:7"", ""2025:401752939:15:15"", ""2025:401752939:16:1"", ""2025:401752939:16:2"", ""2025:401752939:16:3"", ""2025:401752939:16:4"", ""2025:401752939:16:5"", ""2025:401752939:17:1"", ""2025:401752939:17:2"", ""2025:401752939:17:3"", ""2025:401752939:17:4"", ""2025:401752939:17:5"", ""2025:401752939:17:6"", ""2025:401752939:18:1"", ""2025:401752939:18:2"", ""2025:401752939:18:3"", ""2025:401752939:18:4"", ""2025:401752939:18:5"", ""2025:401752939:18:6"", ""2025:401752939:18:7"", ""2025:401752939:25:7"", ""2025:401752939:6:2"", ""2025:401752939:8:12""]"
ee6031ee3b1b3e50,2021,401282192,UT San Antonio,attribution_only,final_cap,0.0,game_unusable,reverted_unverified,cfbd_drives_5a,"[""2021:401282192:17:1"", ""2021:401282192:17:10"", ""2021:401282192:17:2"", ""2021:401282192:17:3"", ""2021:401282192:17:4"", ""2021:401282192:17:5"", ""2021:401282192:17:6"", ""2021:401282192:17:7"", ""2021:401282192:17:8"", ""2021:401282192:17:9"", ""2021:401282192:18:10"", ""2021:401282192:18:2"", ""2021:401282192:18:3"", ""2021:401282192:18:4"", ""2021:401282192:18:5"", ""2021:401282192:18:6"", ""2021:401282192:18:7"", ""2021:401282192:18:8"", ""2021:401282192:18:9"", ""2021:401282192:19:1"", ""2021:401282192:19:3"", ""2021:401282192:19:4"", ""2021:401282192:19:5"", ""2021:401282192:19:6"", ""2021:401282192:20:2"", ""2021:401282192:20:3"", ""2021:401282192:20:4"", ""2021:401282192:20:5"", ""2021:401282192:20:6""]"
ee71fc4b4864093a,2025,401757257,Louisiana Tech,attribution_only,dip_restore,0.0,corroborated,admitted,cfbd_drives_5a,"[""2025:401757257:4:8"", ""2025:401757257:5:1""]"
ee7a4fa3abd14726,2022,401405126,Ohio State,attribution_only,dip_restore,0.0,corroborated,admitted,cfbd_drives_5a,"[""2022:401405126:19:4"", ""2022:401405126:20:1""]"
ee7aab83c4e3cf09,2025,401752879,UCLA,attribution_only,dip_restore,0.0,game_unusable,reverted_unverified,cfbd_drives_5a,"[""2025:401752879:28:1"", ""2025:401752879:29:6""]"
ee7c8a529665feca,2018,401020768,Central Michigan,attribution_only,dip_restore,0.0,corroborated,admitted,cfbd_drives_5a,"[""2018:401020768:20:4"", ""2018:401020768:21:1""]"
eeb46738f14d8593,2025,401769076,Indiana,attribution_only,dip_restore,0.0,indistinguishable_at_drive_level,reverted_unverified,cfbd_drives_5a,"[""2025:401769076:4:1"", ""2025:401769076:4:14""]"
eec5233a24abda3f,2024,401640979,Florida International,attribution_only,dip_restore,0.0,game_unusable,reverted_unverified,cfbd_drives_5a,"[""2024:401640979:12:4"", ""2024:401640979:13:2"", ""2024:401640979:19:2"", ""2024:401640979:23:4""]"
eecee50df237c5cc,2022,401426373,Appalachian State,attribution_only,dip_restore,0.0,game_unusable,reverted_unverified,cfbd_drives_5a,"[""2022:401426373:17:2"", ""2022:401426373:20:10""]"
eef9d59c926dd3ec,2021,401310701,North Dakota,points_recovery,incomplete_stream,9.0,game_unusable,reverted_unverified,cfbd_drives_5a,"[""2021:401310701:10:9"", ""2021:401310701:15:8"", ""2021:401310701:5:6"", ""2021:401310701:6:14"", ""2021:401310701:6:7"", ""2021:401310701:8:10""]"
ef0b2a34b6614c3e,2023,401520431,Illinois,attribution_only,dip_restore,0.0,corroborated,admitted,cfbd_drives_5a,"[""2023:401520431:25:2"", ""2023:401520431:26:1""]"
ef14983f0ce67d4f,2025,401754585,California,attribution_only,dip_restore,0.0,game_unusable,reverted_unverified,cfbd_drives_5a,"[""2025:401754585:14:12"", ""2025:401754585:14:17""]"
ef3296e1bebc5464,2025,401762476,Army,attribution_only,dip_restore,0.0,corroborated,admitted,cfbd_drives_5a,"[""2025:401762476:8:11"", ""2025:401762476:9:1""]"
ef3c8958c1261d4d,2017,400945252,Howard,attribution_only,dip_restore,0.0,game_unusable,reverted_unverified,cfbd_drives_5a,"[""2017:400945252:21:16"", ""2017:400945252:22:1""]"
ef6a18bc4094a30b,2015,400763496,Rutgers,points_recovery,other,1.0,game_unusable,reverted_unverified,cfbd_drives_5a,"[""2015:400763496:17:3""]"
ef7c91485d075dde,2022,401405079,Ohio State,attribution_only,dip_restore,0.0,corroborated,admitted,cfbd_drives_5a,"[""2022:401405079:2:8"", ""2022:401405079:3:1""]"
efbc17d273d971bf,2022,401426359,Louisiana,attribution_only,other,0.0,game_unusable,reverted_unverified,cfbd_drives_5a,"[""2022:401426359:10:10"", ""2022:401426359:6:1""]"
efec58896274754e,2021,401309548,Central Michigan,points_recovery,restoration_gt8,25.0,game_unusable,reverted_unverified,cfbd_drives_5a,"[""2021:401309548:10:1"", ""2021:401309548:11:1"", ""2021:401309548:2:10"", ""2021:401309548:3:1"", ""2021:401309548:5:3"", ""2021:401309548:6:1"", ""2021:401309548:7:1"", ""2021:401309548:8:1"", ""2021:401309548:9:1""]"
f004b148849c0485,2023,401520325,Florida,attribution_only,dip_restore,0.0,corroborated,admitted,cfbd_drives_5a,"[""2023:401520325:7:5"", ""2023:401520325:8:1""]"
f017c40d3e36796b,2022,401411152,Louisville,attribution_only,dip_restore,0.0,corroborated,admitted,cfbd_drives_5a,"[""2022:401411152:2:8"", ""2022:401411152:3:1""]"
f026d5e5e84655d7,2021,401331226,Virginia Tech,attribution_only,dip_restore,0.0,corroborated,admitted,cfbd_drives_5a,"[""2021:401331226:10:15"", ""2021:401331226:11:1""]"
f03e9a1f78613993,2015,400757072,Oregon,attribution_only,dip_restore,0.0,corroborated,admitted,cfbd_drives_5a,"[""2015:400757072:20:6"", ""2015:400757072:21:1""]"
f0612d71bc718d58,2022,401415218,UT Martin,attribution_only,final_cap,0.0,game_unusable,reverted_unverified,cfbd_drives_5a,"[""2022:401415218:6:13"", ""2022:401415218:6:14"", ""2022:401415218:6:15"", ""2022:401415218:6:16"", ""2022:401415218:6:17""]"
f064bb213157ed12,2023,401532418,Northern Illinois,attribution_only,dip_restore,0.0,game_unusable,reverted_unverified,cfbd_drives_5a,"[""2023:401532418:5:2"", ""2023:401532418:6:2""]"
f0741908ddc5e414,2017,400944884,Appalachian State,attribution_only,dip_restore,0.0,game_unusable,reverted_unverified,cfbd_drives_5a,"[""2017:400944884:22:14"", ""2017:400944884:23:1""]"
f086a55976bf6b6a,2015,400763595,Ohio,attribution_only,dip_restore,0.0,corroborated,admitted,cfbd_drives_5a,"[""2015:400763595:28:19"", ""2015:400763595:29:1""]"
f086ee27df660ce3,2017,400945297,Hawai_i,attribution_only,dip_restore,0.0,game_unusable,reverted_unverified,cfbd_drives_5a,"[""2017:400945297:20:4"", ""2017:400945297:22:1""]"
f08fbd551bda5877,2024,401643780,Louisiana Monroe,attribution_only,other,0.0,game_unusable,reverted_unverified,cfbd_drives_5a,"[""2024:401643780:11:3"", ""2024:401643780:13:10""]"
f0a6218239a56889,2017,400933937,Clemson,attribution_only,dip_restore,0.0,corroborated,admitted,cfbd_drives_5a,"[""2017:400933937:10:1"", ""2017:400933937:13:2"", ""2017:400933937:14:1"", ""2017:400933937:9:10""]"
f0a922956c5b1929,2025,401752757,Oklahoma,attribution_only,dip_restore,0.0,game_unusable,reverted_unverified,cfbd_drives_5a,"[""2025:401752757:12:1"", ""2025:401752757:16:6""]"
f0b59cb55b5ee12f,2022,401403878,Texas A&M,attribution_only,dip_restore,0.0,game_unusable,reverted_unverified,cfbd_drives_5a,"[""2022:401403878:6:8"", ""2022:401403878:7:2""]"
f0ba3676c65ea128,2017,400935299,Stanford,attribution_only,dip_restore,0.0,corroborated,admitted,cfbd_drives_5a,"[""2017:400935299:19:11"", ""2017:400935299:20:1""]"
f0d76028a6c0c12d,2024,401628434,Wofford,attribution_only,dip_restore,0.0,corroborated,admitted,cfbd_drives_5a,"[""2024:401628434:1:6"", ""2024:401628434:2:1""]"
f0ede01331656223,2021,401310253,Army,attribution_only,final_cap,0.0,game_unusable,reverted_unverified,cfbd_drives_5a,"[""2021:401310253:22:3""]"
f0f955a9c7bfbeea,2015,400763533,Wisconsin,attribution_only,dip_restore,0.0,game_unusable,reverted_unverified,cfbd_drives_5a,"[""2015:400763533:15:11"", ""2015:400763533:17:5""]"
f108a5a2337d0cf7,2021,401282085,Mississippi State,attribution_only,dip_restore,0.0,corroborated,admitted,cfbd_drives_5a,"[""2021:401282085:19:13"", ""2021:401282085:20:1"", ""2021:401282085:21:16"", ""2021:401282085:22:1""]"
f1725e76faa102f9,2018,401020677,Kent State,attribution_only,category_possession_reassignment,0.0,game_unusable,reverted_unverified,cfbd_drives_5a,"[""2018:401020677:23:1"", ""2018:401020677:25:4""]"
f1ab56ce808cdc0b,2025,401752667,Auburn,attribution_only,dip_restore,0.0,game_unusable,reverted_unverified,cfbd_drives_5a,"[""2025:401752667:16:1"", ""2025:401752667:17:15""]"
f1b1b7bc8a93037e,2025,401778308,Washington State,attribution_only,dip_restore,0.0,game_unusable,reverted_unverified,cfbd_drives_5a,"[""2025:401778308:23:8"", ""2025:401778308:24:14""]"
f1c19756e9d193d0,2019,401119278,Western Michigan,attribution_only,dip_restore,0.0,corroborated,admitted,cfbd_drives_5a,"[""2019:401119278:26:6"", ""2019:401119278:27:1""]"
f1de83ecb76caa8f,2021,401282194,Middle Tennessee,points_recovery,dip_restore,13.0,game_unusable,reverted_unverified,cfbd_drives_5a,"[""2021:401282194:26:4"", ""2021:401282194:28:4""]"
f20d44a7e6f89865,2017,400935306,USC,attribution_only,dip_restore,0.0,corroborated,admitted,cfbd_drives_5a,"[""2017:400935306:13:7"", ""2017:400935306:14:1""]"
f210a8ca94727655,2022,401416652,Akron,attribution_only,dip_restore,0.0,corroborated,admitted,cfbd_drives_5a,"[""2022:401416652:12:17"", ""2022:401416652:13:1""]"
f21e9b316d1c1f5d,2024,401636912,Baylor,attribution_only,dip_restore,0.0,corroborated,admitted,cfbd_drives_5a,"[""2024:401636912:15:11"", ""2024:401636912:16:1"", ""2024:401636912:8:5"", ""2024:401636912:9:1""]"
f22252c849bab98d,2016,400869281,Bowling Green,points_recovery,incomplete_stream,21.0,game_unusable,reverted_unverified,cfbd_drives_5a,"[""2016:400869281:12:1"", ""2016:400869281:5:4"", ""2016:400869281:7:9"", ""2016:400869281:9:9""]"
f224de16078f61dc,2017,400933892,South Carolina,attribution_only,dip_restore,0.0,game_unusable,reverted_unverified,cfbd_drives_5a,"[""2017:400933892:7:6"", ""2017:400933892:8:2""]"
f22d78964f63491c,2022,401403879,Vanderbilt,attribution_only,dip_restore,0.0,corroborated,admitted,cfbd_drives_5a,"[""2022:401403879:24:10"", ""2022:401403879:25:1""]"
f22e2a55beb55695,2019,401114292,UT San Antonio,attribution_only,dip_restore,0.0,game_unusable,reverted_unverified,cfbd_drives_5a,"[""2019:401114292:12:2"", ""2019:401114292:14:1"", ""2019:401114292:15:12""]"
f2548f4c547c0278,2025,401754372,Virginia Tech,attribution_only,dip_restore,0.0,game_unusable,reverted_unverified,cfbd_drives_5a,"[""2025:401754372:19:2"", ""2025:401754372:19:9""]"
f26d5295c3f805c4,2016,400869817,Nicholls,attribution_only,dip_restore,0.0,game_unusable,reverted_unverified,cfbd_drives_5a,"[""2016:400869817:11:1"", ""2016:400869817:9:1""]"
f29e66a5ed48e099,2025,401756900,Tulsa,attribution_only,dip_restore,0.0,game_unusable,reverted_unverified,cfbd_drives_5a,"[""2025:401756900:11:11"", ""2025:401756900:9:1""]"
f2d3c9d1ca8e15bd,2021,401319455,South Carolina State,attribution_only,final_cap,0.0,game_unusable,reverted_unverified,cfbd_drives_5a,"[""2021:401319455:24:1"", ""2021:401319455:24:2"", ""2021:401319455:24:4"", ""2021:401319455:24:6"", ""2021:401319455:24:8"", ""2021:401319455:25:1"", ""2021:401319455:25:2""]"
f3535cd88034345b,2025,401752784,Auburn,attribution_only,dip_restore,0.0,game_unusable,reverted_unverified,cfbd_drives_5a,"[""2025:401752784:21:2"", ""2025:401752784:22:7""]"
f354175a5616519c,2021,401310749,Colorado State,attribution_only,dip_restore,0.0,corroborated,admitted,cfbd_drives_5a,"[""2021:401310749:24:8"", ""2021:401310749:25:1""]"
f35bf575e1f8c733,2019,401112455,Furman,attribution_only,dip_restore,0.0,corroborated,admitted,cfbd_drives_5a,"[""2019:401112455:23:13"", ""2019:401112455:24:1""]"
f37f42642378ff2c,2025,401761640,Marshall,attribution_only,dip_restore,0.0,game_unusable,reverted_unverified,cfbd_drives_5a,"[""2025:401761640:2:10"", ""2025:401761640:5:4""]"
f37f5cc958027c28,2021,401282078,Tennessee,attribution_only,dip_restore,0.0,corroborated,admitted,cfbd_drives_5a,"[""2021:401282078:19:2"", ""2021:401282078:20:1""]"
f3978ef29cf124c4,2021,401286303,Rhode Island,attribution_only,dip_restore,0.0,corroborated,admitted,cfbd_drives_5a,"[""2021:401286303:2:3"", ""2021:401286303:3:1""]"
f39e980a317f9600,2024,401643760,Utah State,attribution_only,final_cap,0.0,game_unusable,reverted_unverified,cfbd_drives_5a,"[""2024:401643760:31:1"", ""2024:401643760:31:2"", ""2024:401643760:31:3""]"
f3e2ec6e2c4756e6,2024,401644745,Toledo,attribution_only,final_cap,0.0,game_unusable,reverted_unverified,cfbd_drives_5a,"[""2024:401644745:22:15""]"
f3ea4c08d27a4db2,2021,401287944,Oklahoma,points_recovery,incomplete_stream,27.0,game_unusable,reverted_unverified,cfbd_drives_5a,"[""2021:401287944:10:1"", ""2021:401287944:11:1"", ""2021:401287944:15:1"", ""2021:401287944:19:2"", ""2021:401287944:1:15"", ""2021:401287944:21:1"", ""2021:401287944:2:2"", ""2021:401287944:3:1"", ""2021:401287944:4:1"", ""2021:401287944:5:1"", ""2021:401287944:6:1"", ""2021:401287944:6:11"", ""2021:401287944:6:9"", ""2021:401287944:9:1""]"
f41efa94f2f4b21b,2024,401643858,Delaware State,attribution_only,dip_restore,0.0,corroborated,admitted,cfbd_drives_5a,"[""2024:401643858:15:10"", ""2024:401643858:16:1"", ""2024:401643858:17:9"", ""2024:401643858:18:1""]"
f42eff6b28ae19ee,2017,400938662,Florida Atlantic,attribution_only,category_possession_reassignment,0.0,game_unusable,reverted_unverified,cfbd_drives_5a,"[""2017:400938662:14:3"", ""2017:400938662:15:8""]"
f43263057f1c3ac9,2024,401643807,Southern Mississippi,attribution_only,dip_restore,0.0,corroborated,admitted,cfbd_drives_5a,"[""2024:401643807:26:11"", ""2024:401643807:27:1""]"
f43677510f6f8140,2018,401032078,Oklahoma,attribution_only,dip_restore,0.0,corroborated,admitted,cfbd_drives_5a,"[""2018:401032078:8:5"", ""2018:401032078:9:1""]"
f4397eeb079523cf,2022,401403882,Penn State,attribution_only,dip_restore,0.0,corroborated,admitted,cfbd_drives_5a,"[""2022:401403882:14:4"", ""2022:401403882:15:1""]"
f47a71e48172e5fb,2025,401756884,Houston,points_recovery,incomplete_stream,14.0,game_unusable,reverted_unverified,cfbd_drives_5a,"[""2025:401756884:14:5"", ""2025:401756884:15:12"", ""2025:401756884:16:5""]"
f4853ffcdbdc552c,2021,401287944,Iowa State,points_recovery,incomplete_stream,19.0,game_unusable,reverted_unverified,cfbd_drives_5a,"[""2021:401287944:10:1"", ""2021:401287944:11:1"", ""2021:401287944:18:6"", ""2021:401287944:1:13"", ""2021:401287944:1:31"", ""2021:401287944:22:1"", ""2021:401287944:2:1"", ""2021:401287944:3:1"", ""2021:401287944:4:1"", ""2021:401287944:5:1"", ""2021:401287944:6:1"", ""2021:401287944:6:11"", ""2021:401287944:6:9""]"
f49e8d08b324bb10,2025,401752681,Alabama,attribution_only,dip_restore,0.0,corroborated,admitted,cfbd_drives_5a,"[""2025:401752681:10:1"", ""2025:401752681:9:6""]"
f4bf26103fed13ca,2025,401752863,Michigan State,attribution_only,final_cap,0.0,game_unusable,reverted_unverified,cfbd_drives_5a,"[""2025:401752863:18:1"", ""2025:401752863:18:10"", ""2025:401752863:18:2"", ""2025:401752863:18:3"", ""2025:401752863:18:4"", ""2025:401752863:18:5"", ""2025:401752863:18:6"", ""2025:401752863:18:7"", ""2025:401752863:18:8"", ""2025:401752863:18:9"", ""2025:401752863:19:1"", ""2025:401752863:19:2"", ""2025:401752863:19:3"", ""2025:401752863:19:4"", ""2025:401752863:19:5"", ""2025:401752863:19:6"", ""2025:401752863:19:7"", ""2025:401752863:19:8"", ""2025:401752863:19:9"", ""2025:401752863:20:1"", ""2025:401752863:20:2"", ""2025:401752863:20:3"", ""2025:401752863:20:4"", ""2025:401752863:20:5"", ""2025:401752863:20:6""]"
f4f882c0dc07fe16,2024,401644727,Lafayette,attribution_only,dip_restore,0.0,game_unusable,reverted_unverified,cfbd_drives_5a,"[""2024:401644727:12:1"", ""2024:401644727:15:1"", ""2024:401644727:20:1"", ""2024:401644727:21:11""]"
f4fd385316f54443,2015,400787330,Toledo,attribution_only,category_possession_reassignment,0.0,corroborated,admitted,cfbd_drives_5a,"[""2015:400787330:4:16"", ""2015:400787330:5:1""]"
f5009df4d4fccee6,2022,401404045,Arizona,attribution_only,dip_restore,0.0,game_unusable,reverted_unverified,cfbd_drives_5a,"[""2022:401404045:16:1"", ""2022:401404045:18:7""]"
f50e878e394bd732,2021,401310716,San Diego State,attribution_only,dip_restore,0.0,cfbd_matches_neither,reverted_contradicted,cfbd_drives_5a,"[""2021:401310716:10:10"", ""2021:401310716:11:1""]"
f51754212d65e305,2025,401752854,Oregon,points_recovery,incomplete_stream,30.0,game_unusable,reverted_unverified,cfbd_drives_5a,"[""2025:401752854:11:20"", ""2025:401752854:13:20"", ""2025:401752854:18:3"", ""2025:401752854:19:7"", ""2025:401752854:20:1"", ""2025:401752854:7:17""]"
f53967fcb38f2ef2,2025,401760392,Air Force,attribution_only,final_cap,0.0,game_unusable,reverted_unverified,cfbd_drives_5a,"[""2025:401760392:17:1"", ""2025:401760392:17:2"", ""2025:401760392:17:3"", ""2025:401760392:17:4"", ""2025:401760392:17:5"", ""2025:401760392:17:6"", ""2025:401760392:17:7"", ""2025:401760392:17:8"", ""2025:401760392:17:9""]"
f55b4ce6e4d4797a,2025,401752911,Oregon,points_recovery,incomplete_stream,21.0,game_unusable,reverted_unverified,cfbd_drives_5a,"[""2025:401752911:13:8"", ""2025:401752911:17:13"", ""2025:401752911:8:6"", ""2025:401752911:9:1""]"
f567c23cfb08de03,2025,401752863,Michigan State,attribution_only,dip_restore,0.0,game_unusable,reverted_unverified,cfbd_drives_5a,"[""2025:401752863:2:1"", ""2025:401752863:3:10""]"
f59c9d1818fded46,2021,401282191,Boise State,attribution_only,dip_restore,0.0,corroborated,admitted,cfbd_drives_5a,"[""2021:401282191:15:4"", ""2021:401282191:16:1""]"
f5c7cef97a006852,2023,401525844,Texas,attribution_only,dip_restore,0.0,game_unusable,reverted_unverified,cfbd_drives_5a,"[""2023:401525844:12:6"", ""2023:401525844:13:1"", ""2023:401525844:14:1"", ""2023:401525844:17:1"", ""2023:401525844:17:7""]"
f5db495e1d4b686c,2015,400763658,Rice,attribution_only,dip_restore,0.0,corroborated,admitted,cfbd_drives_5a,"[""2015:400763658:7:9"", ""2015:400763658:8:1""]"
f5f6897744e7a64e,2025,401762795,Long Island University,points_recovery,incomplete_stream,14.0,game_unusable,reverted_unverified,cfbd_drives_5a,"[""2025:401762795:15:7"", ""2025:401762795:17:28"", ""2025:401762795:19:13"", ""2025:401762795:2:5"", ""2025:401762795:3:4"", ""2025:401762795:6:5"", ""2025:401762795:8:7"", ""2025:401762795:9:7""]"
f5f8298c54d768cc,2024,401645368,South Florida,attribution_only,dip_restore,0.0,corroborated,admitted,cfbd_drives_5a,"[""2024:401645368:16:7"", ""2024:401645368:17:1""]"
f5fe596897f41d57,2021,401282272,Marshall,points_recovery,incomplete_stream,21.0,game_unusable,reverted_unverified,cfbd_drives_5a,"[""2021:401282272:15:1"", ""2021:401282272:25:7"", ""2021:401282272:2:21"", ""2021:401282272:4:10""]"
f606daff48369c46,2022,401426571,Boise State,points_recovery,incomplete_stream,10.0,game_unusable,reverted_unverified,cfbd_drives_5a,"[""2022:401426571:11:1"", ""2022:401426571:12:1"", ""2022:401426571:16:1"", ""2022:401426571:16:3"", ""2022:401426571:2:1"", ""2022:401426571:3:1"", ""2022:401426571:3:13"", ""2022:401426571:6:5""]"
f639d49490a07f90,2025,401760409,Utah State,attribution_only,dip_restore,0.0,game_unusable,reverted_unverified,cfbd_drives_5a,"[""2025:401760409:10:5"", ""2025:401760409:9:4""]"
f63ee0fc21b96f93,2022,401426546,SE Louisiana,points_recovery,incomplete_stream,9.0,game_unusable,reverted_unverified,cfbd_drives_5a,"[""2022:401426546:18:1"", ""2022:401426546:1:11"", ""2022:401426546:8:1""]"
f651853667a8b11a,2025,401752855,UCLA,attribution_only,dip_restore,0.0,game_unusable,reverted_unverified,cfbd_drives_5a,"[""2025:401752855:12:10"", ""2025:401752855:13:1"", ""2025:401752855:14:14"", ""2025:401752855:15:6"", ""2025:401752855:7:3"", ""2025:401752855:8:1""]"
f651d47d7f987ae9,2017,400935386,Michigan,attribution_only,other,0.0,game_unusable,reverted_unverified,cfbd_drives_5a,"[""2017:400935386:10:8"", ""2017:400935386:6:12""]"
f6833a856ba882db,2024,401644748,Bowling Green,attribution_only,dip_restore,0.0,corroborated,admitted,cfbd_drives_5a,"[""2024:401644748:11:13"", ""2024:401644748:12:1""]"
f691d43dc9453bb3,2024,401628359,LSU,points_recovery,incomplete_stream,20.0,game_unusable,reverted_unverified,cfbd_drives_5a,"[""2024:401628359:16:5"", ""2024:401628359:18:12"", ""2024:401628359:27:11""]"
f6b6dd99ed6a1682,2022,401416627,Miami (OH),attribution_only,dip_restore,0.0,game_unusable,reverted_unverified,cfbd_drives_5a,"[""2022:401416627:12:1"", ""2022:401416627:16:2"", ""2022:401416627:2:1"", ""2022:401416627:6:2""]"
f6b8efcf535419e5,2024,401628558,Michigan State,attribution_only,dip_restore,0.0,game_unusable,reverted_unverified,cfbd_drives_5a,"[""2024:401628558:3:1"", ""2024:401628558:4:12""]"
f6bbacf3a700bf42,2015,400763601,Florida International,attribution_only,dip_restore,0.0,corroborated,admitted,cfbd_drives_5a,"[""2015:400763601:5:7"", ""2015:400763601:6:1""]"
f6bd6de240202761,2015,400763555,Purdue,attribution_only,dip_restore,0.0,corroborated,admitted,cfbd_drives_5a,"[""2015:400763555:3:7"", ""2015:400763555:4:1""]"
f6c286a24e003970,2023,401520195,Kansas,points_recovery,dip_restore,7.0,game_unusable,reverted_unverified,cfbd_drives_5a,"[""2023:401520195:1:11""]"
f6ce0541d85f4cf5,2024,401636934,Oklahoma State,attribution_only,dip_restore,0.0,corroborated,admitted,cfbd_drives_5a,"[""2024:401636934:26:10"", ""2024:401636934:27:1""]"
f6e06f7f8fc66eeb,2021,401309840,Utah State,attribution_only,dip_restore,0.0,game_unusable,reverted_unverified,cfbd_drives_5a,"[""2021:401309840:21:11"", ""2021:401309840:22:1""]"
f706b6f3c861ad2f,2016,400869094,Stanford,attribution_only,dip_restore,0.0,game_unusable,reverted_unverified,cfbd_drives_5a,"[""2016:400869094:1:11"", ""2016:400869094:2:3""]"
f706c39de1268639,2015,400787302,Idaho,attribution_only,restoration_gt8,0.0,game_unusable,reverted_unverified,cfbd_drives_5a,"[""2015:400787302:2:2"", ""2015:400787302:6:1"", ""2015:400787302:8:11""]"
f70e27eccf8e4a25,2015,400756961,Virginia Tech,attribution_only,dip_restore,0.0,game_unusable,reverted_unverified,cfbd_drives_5a,"[""2015:400756961:22:13"", ""2015:400756961:23:1""]"
f713701121323811,2023,401531370,Tulane,attribution_only,dip_restore,0.0,corroborated,admitted,cfbd_drives_5a,"[""2023:401531370:10:11"", ""2023:401531370:11:1""]"
f72563f2ef214482,2016,400869346,Old Dominion,attribution_only,dip_restore,0.0,corroborated,admitted,cfbd_drives_5a,"[""2016:400869346:21:4"", ""2016:400869346:22:1""]"
f72a1b559fda8e75,2022,401403867,LSU,attribution_only,final_cap,0.0,game_unusable,reverted_unverified,cfbd_drives_5a,"[""2022:401403867:14:1"", ""2022:401403867:14:10"", ""2022:401403867:14:11"", ""2022:401403867:14:12"", ""2022:401403867:14:13"", ""2022:401403867:14:14"", ""2022:401403867:14:15"", ""2022:401403867:14:16"", ""2022:401403867:14:2"", ""2022:401403867:14:3"", ""2022:401403867:14:4"", ""2022:401403867:14:5"", ""2022:401403867:14:6"", ""2022:401403867:14:7"", ""2022:401403867:14:8"", ""2022:401403867:14:9"", ""2022:401403867:15:1"", ""2022:401403867:15:2"", ""2022:401403867:15:3"", ""2022:401403867:15:4"", ""2022:401403867:15:5"", ""2022:401403867:15:6"", ""2022:401403867:16:1"", ""2022:401403867:16:2"", ""2022:401403867:16:4"", ""2022:401403867:17:1"", ""2022:401403867:17:10"", ""2022:401403867:17:11"", ""2022:401403867:17:12"", ""2022:401403867:17:15"", ""2022:401403867:17:2"", ""2022:401403867:17:3"", ""2022:401403867:17:5"", ""2022:401403867:17:6"", ""2022:401403867:17:7"", ""2022:401403867:17:9""]"
f72de0da267b15ec,2021,401282671,Virginia Tech,attribution_only,dip_restore,0.0,game_unusable,reverted_unverified,cfbd_drives_5a,"[""2021:401282671:5:11"", ""2021:401282671:7:2"", ""2021:401282671:9:7""]"
f73eea0cac39e402,2022,401416612,Western Michigan,points_recovery,incomplete_stream,44.0,game_unusable,reverted_unverified,cfbd_drives_5a,"[""2022:401416612:1:1"", ""2022:401416612:21:7"", ""2022:401416612:23:7"", ""2022:401416612:26:4"", ""2022:401416612:2:10"", ""2022:401416612:4:3"", ""2022:401416612:7:4"", ""2022:401416612:9:5""]"
f7403b12c336e4ad,2024,401643767,UNLV,attribution_only,dip_restore,0.0,game_unusable,reverted_unverified,cfbd_drives_5a,"[""2024:401643767:2:3"", ""2024:401643767:7:4""]"
f749205cbe45486b,2021,401282686,Georgia Tech,points_recovery,incomplete_stream,30.0,game_unusable,reverted_unverified,cfbd_drives_5a,"[""2021:401282686:12:13"", ""2021:401282686:16:7"", ""2021:401282686:2:1"", ""2021:401282686:2:2"", ""2021:401282686:3:7"", ""2021:401282686:5:17""]"
f7672df233a4317e,2017,400938636,UT San Antonio,attribution_only,dip_restore,0.0,game_unusable,reverted_unverified,cfbd_drives_5a,"[""2017:400938636:13:7"", ""2017:400938636:14:1""]"
f76c60d6c6fc9520,2018,401020684,Maine,attribution_only,final_cap,0.0,game_unusable,reverted_unverified,cfbd_drives_5a,"[""2018:401020684:26:1"", ""2018:401020684:26:2"", ""2018:401020684:26:3"", ""2018:401020684:26:4"", ""2018:401020684:26:5"", ""2018:401020684:26:6"", ""2018:401020684:26:7"", ""2018:401020684:27:1"", ""2018:401020684:27:10"", ""2018:401020684:27:2"", ""2018:401020684:27:4"", ""2018:401020684:27:5"", ""2018:401020684:27:7"", ""2018:401020684:27:8"", ""2018:401020684:28:1"", ""2018:401020684:28:2"", ""2018:401020684:28:3"", ""2018:401020684:29:1"", ""2018:401020684:29:2""]"
f76d436f6d8a5e54,2025,401760371,Idaho State,attribution_only,dip_restore,0.0,game_unusable,reverted_unverified,cfbd_drives_5a,"[""2025:401760371:10:1"", ""2025:401760371:13:5"", ""2025:401760371:14:1"", ""2025:401760371:19:6"", ""2025:401760371:2:7"", ""2025:401760371:3:6""]"
f76ec0c529b9ad16,2023,401520231,Maryland,attribution_only,dip_restore,0.0,game_unusable,reverted_unverified,cfbd_drives_5a,"[""2023:401520231:5:2"", ""2023:401520231:8:16""]"
f7737455be34f218,2024,401641032,New Mexico State,attribution_only,dip_restore,0.0,game_unusable,reverted_unverified,cfbd_drives_5a,"[""2024:401641032:19:1"", ""2024:401641032:19:11"", ""2024:401641032:21:1""]"
f773cc0ca1f4e85e,2019,401112265,Boston College,attribution_only,dip_restore,0.0,corroborated,admitted,cfbd_drives_5a,"[""2019:401112265:15:14"", ""2019:401112265:16:1""]"
f783ec1fba42adf7,2017,400938665,Western Kentucky,points_recovery,restoration_gt8,6.0,game_unusable,reverted_unverified,cfbd_drives_5a,"[""2017:400938665:19:2""]"
f784b1776196c772,2016,400869217,Hawai_i,attribution_only,dip_restore,0.0,corroborated,admitted,cfbd_drives_5a,"[""2016:400869217:12:6"", ""2016:400869217:13:1"", ""2016:400869217:6:4"", ""2016:400869217:7:1""]"
f7adbb1d8de94cb7,2025,401754529,Pittsburgh,attribution_only,category_possession_reassignment,0.0,game_unusable,reverted_unverified,cfbd_drives_5a,"[""2025:401754529:22:1"", ""2025:401754529:22:10""]"
f7b60ebbe8717e2e,2021,401301056,Army,attribution_only,final_cap,0.0,game_unusable,reverted_unverified,cfbd_drives_5a,"[""2021:401301056:12:1"", ""2021:401301056:12:2"", ""2021:401301056:12:3"", ""2021:401301056:12:4"", ""2021:401301056:12:5"", ""2021:401301056:13:1"", ""2021:401301056:13:2"", ""2021:401301056:13:3"", ""2021:401301056:13:4"", ""2021:401301056:13:5"", ""2021:401301056:13:6"", ""2021:401301056:13:7"", ""2021:401301056:13:8"", ""2021:401301056:14:1"", ""2021:401301056:14:2"", ""2021:401301056:14:3"", ""2021:401301056:14:4"", ""2021:401301056:14:5"", ""2021:401301056:14:6"", ""2021:401301056:15:1"", ""2021:401301056:15:10"", ""2021:401301056:15:11"", ""2021:401301056:15:12"", ""2021:401301056:15:13"", ""2021:401301056:15:14"", ""2021:401301056:15:16"", ""2021:401301056:15:18"", ""2021:401301056:15:19"", ""2021:401301056:15:3"", ""2021:401301056:15:4"", ""2021:401301056:15:5"", ""2021:401301056:15:6"", ""2021:401301056:15:7"", ""2021:401301056:15:8"", ""2021:401301056:15:9"", ""2021:401301056:16:1"", ""2021:401301056:16:2"", ""2021:401301056:16:3"", ""2021:401301056:16:4"", ""2021:401301056:16:5"", ""2021:401301056:16:6"", ""2021:401301056:16:7"", ""2021:401301056:16:8"", ""2021:401301056:17:1"", ""2021:401301056:17:3"", ""2021:401301056:17:5"", ""2021:401301056:17:7"", ""2021:401301056:18:1"", ""2021:401301056:18:2"", ""2021:401301056:18:3"", ""2021:401301056:18:4"", ""2021:401301056:18:5"", ""2021:401301056:18:6"", ""2021:401301056:18:7"", ""2021:401301056:19:1"", ""2021:401301056:19:2"", ""2021:401301056:19:3""]"
f7de7798571722fe,2025,401761598,Memphis,points_reduction,category_possession_reassignment,-14.0,game_unusable,reverted_unverified,cfbd_drives_5a,"[""2025:401761598:14:12"", ""2025:401761598:15:11""]"
f7faf2cd4178efbb,2019,401112161,Michigan State,attribution_only,dip_restore,0.0,corroborated,admitted,cfbd_drives_5a,"[""2019:401112161:24:10"", ""2019:401112161:25:1""]"
f806a7eeb570b9f9,2023,401525874,Kansas,points_recovery,dip_restore,12.0,game_unusable,reverted_unverified,cfbd_drives_5a,"[""2023:401525874:2:1"", ""2023:401525874:2:7""]"
f8075a5c104a1923,2025,401760399,San Diego State,attribution_only,category_possession_reassignment,0.0,game_unusable,reverted_unverified,cfbd_drives_5a,"[""2025:401760399:18:3"", ""2025:401760399:19:1""]"
f811645d62ec5469,2023,401531913,Georgia State,attribution_only,dip_restore,0.0,corroborated,admitted,cfbd_drives_5a,"[""2023:401531913:24:9"", ""2023:401531913:25:1""]"
f837fe28a0101333,2025,401756913,Texas Tech,points_recovery,incomplete_stream,20.0,game_unusable,reverted_unverified,cfbd_drives_5a,"[""2025:401756913:11:3"", ""2025:401756913:16:13"", ""2025:401756913:23:8"", ""2025:401756913:6:1"", ""2025:401756913:6:4"", ""2025:401756913:8:1"", ""2025:401756913:8:2"", ""2025:401756913:9:2""]"
f83b260f4c0df1cd,2025,401760367,Northern Iowa,attribution_only,dip_restore,0.0,game_unusable,reverted_unverified,cfbd_drives_5a,"[""2025:401760367:3:10"", ""2025:401760367:5:18"", ""2025:401760367:7:7""]"
f855e951e397ccb5,2021,401310756,Hawai_i,attribution_only,dip_restore,0.0,corroborated,admitted,cfbd_drives_5a,"[""2021:401310756:11:9"", ""2021:401310756:12:1""]"
f857b091021f5fea,2025,401756879,Arizona,points_recovery,incomplete_stream,20.0,game_unusable,reverted_unverified,cfbd_drives_5a,"[""2025:401756879:10:7"", ""2025:401756879:14:3"", ""2025:401756879:5:5"", ""2025:401756879:6:6"", ""2025:401756879:8:4""]"
f8591aef819d3f5d,2024,401634181,Ball State,attribution_only,dip_restore,0.0,game_unusable,reverted_unverified,cfbd_drives_5a,"[""2024:401634181:19:1"", ""2024:401634181:19:3""]"
f86bed944fb010bb,2022,401405118,Maryland,attribution_only,dip_restore,0.0,corroborated,admitted,cfbd_drives_5a,"[""2022:401405118:16:11"", ""2022:401405118:17:1"", ""2022:401405118:20:2"", ""2022:401405118:21:1""]"
f86f6a6f6a88106a,2015,400763455,Iowa State,attribution_only,dip_restore,0.0,corroborated,admitted,cfbd_drives_5a,"[""2015:400763455:14:4"", ""2015:400763455:15:1""]"
f871e46906444231,2025,401760412,Fresno State,attribution_only,dip_restore,0.0,game_unusable,reverted_unverified,cfbd_drives_5a,"[""2025:401760412:16:16"", ""2025:401760412:20:1""]"
f884a78ebe8fc55a,2024,401645373,Rice,attribution_only,dip_restore,0.0,corroborated,admitted,cfbd_drives_5a,"[""2024:401645373:2:4"", ""2024:401645373:3:1""]"
f88aaf535b4670e7,2021,401301007,Charleston Southern,attribution_only,dip_restore,0.0,corroborated,admitted,cfbd_drives_5a,"[""2021:401301007:27:9"", ""2021:401301007:28:1""]"
f897e65bd049f35e,2025,401752889,Penn State,attribution_only,dip_restore,0.0,game_unusable,reverted_unverified,cfbd_drives_5a,"[""2025:401752889:10:1"", ""2025:401752889:8:5""]"
f8b8bd36c836760f,2025,401760373,Colorado State,attribution_only,dip_restore,0.0,corroborated,admitted,cfbd_drives_5a,"[""2025:401760373:25:15"", ""2025:401760373:26:1""]"
f8ceef131adf4c2f,2025,401752727,Florida,attribution_only,dip_restore,0.0,corroborated,admitted,cfbd_drives_5a,"[""2025:401752727:1:15"", ""2025:401752727:2:1""]"
f8d067e743089cfd,2019,401117917,Tulane,attribution_only,dip_restore,0.0,corroborated,admitted,cfbd_drives_5a,"[""2019:401117917:22:9"", ""2019:401117917:23:1""]"
f8d36331615f9331,2015,400603835,Ole Miss,attribution_only,dip_restore,0.0,game_unusable,reverted_unverified,cfbd_drives_5a,"[""2015:400603835:19:1"", ""2015:400603835:20:2""]"
f8d3aad4da239e28,2024,401636865,Cincinnati,points_recovery,incomplete_stream,3.0,game_unusable,reverted_unverified,cfbd_drives_5a,"[""2024:401636865:18:4""]"
f8e1923e29dd5873,2015,400764898,Memphis,attribution_only,dip_restore,0.0,corroborated,admitted,cfbd_drives_5a,"[""2015:400764898:19:8"", ""2015:400764898:20:1""]"
f8e4fab48ddc13a5,2023,401520399,New Mexico State,attribution_only,dip_restore,0.0,corroborated,admitted,cfbd_drives_5a,"[""2023:401520399:12:12"", ""2023:401520399:13:1""]"
f8e7894090c616dd,2025,401762467,UT San Antonio,attribution_only,dip_restore,0.0,corroborated,admitted,cfbd_drives_5a,"[""2025:401762467:4:10"", ""2025:401762467:5:1""]"
f9085499d93c6a95,2025,401756906,UCF,attribution_only,final_cap,0.0,game_unusable,reverted_unverified,cfbd_drives_5a,"[""2025:401756906:22:1"", ""2025:401756906:22:2"", ""2025:401756906:22:3"", ""2025:401756906:22:4"", ""2025:401756906:22:5"", ""2025:401756906:22:6"", ""2025:401756906:22:7"", ""2025:401756906:22:8"", ""2025:401756906:23:1"", ""2025:401756906:23:2"", ""2025:401756906:23:3"", ""2025:401756906:23:4"", ""2025:401756906:23:5"", ""2025:401756906:23:6"", ""2025:401756906:24:1"", ""2025:401756906:24:2"", ""2025:401756906:24:3""]"
f93f670b2339f6e5,2023,401520267,South Carolina,attribution_only,dip_restore,0.0,corroborated,admitted,cfbd_drives_5a,"[""2023:401520267:20:4"", ""2023:401520267:21:1""]"
f9407a559c2d7fcc,2018,401012797,Oregon,points_recovery,incomplete_stream,41.0,game_unusable,reverted_unverified,cfbd_drives_5a,"[""2018:401012797:13:12"", ""2018:401012797:17:4"", ""2018:401012797:20:6"", ""2018:401012797:22:2"", ""2018:401012797:24:9"", ""2018:401012797:8:9"", ""2018:401012797:9:1""]"
f981a2f4f2c0c3df,2017,400985387,Florida International,attribution_only,dip_restore,0.0,corroborated,admitted,cfbd_drives_5a,"[""2017:400985387:10:1"", ""2017:400985387:9:11""]"
f98819348284cf84,2021,401282112,Arkansas,points_recovery,incomplete_stream,45.0,game_unusable,reverted_unverified,cfbd_drives_5a,"[""2021:401282112:11:7"", ""2021:401282112:12:6"", ""2021:401282112:14:3"", ""2021:401282112:16:4"", ""2021:401282112:1:1"", ""2021:401282112:2:1"", ""2021:401282112:6:12"", ""2021:401282112:7:7""]"
f9893777a24bbb47,2024,401644746,Central Michigan,attribution_only,dip_restore,0.0,game_unusable,reverted_unverified,cfbd_drives_5a,"[""2024:401644746:18:6"", ""2024:401644746:21:3""]"
f98d229f4bdb22fb,2016,400869639,Rutgers,attribution_only,dip_restore,0.0,game_unusable,reverted_unverified,cfbd_drives_5a,"[""2016:400869639:14:3"", ""2016:400869639:16:1""]"
f9c866bd887adefc,2021,401282777,Michigan,attribution_only,category_possession_reassignment,0.0,game_unusable,reverted_unverified,cfbd_drives_5a,"[""2021:401282777:10:9"", ""2021:401282777:11:11""]"
f9cb4c09565006ae,2025,401752802,Michigan State,points_recovery,dip_restore,7.0,game_unusable,reverted_unverified,cfbd_drives_5a,"[""2025:401752802:2:1""]"
f9d8be1883431ddb,2022,401415243,Fresno State,attribution_only,dip_restore,0.0,corroborated,admitted,cfbd_drives_5a,"[""2022:401415243:1:3"", ""2022:401415243:2:1""]"
f9e0083f912d21b4,2022,401426609,UTEP,points_recovery,incomplete_stream,7.0,game_unusable,reverted_unverified,cfbd_drives_5a,"[""2022:401426609:1:3"", ""2022:401426609:2:1"", ""2022:401426609:6:1"", ""2022:401426609:7:1""]"
f9e514f2b7f671eb,2024,401644774,Ball State,attribution_only,category_possession_reassignment,0.0,game_unusable,reverted_unverified,cfbd_drives_5a,"[""2024:401644774:11:7"", ""2024:401644774:16:3""]"
f9e6e2724977a323,2023,401520336,Wisconsin,attribution_only,dip_restore,0.0,game_unusable,reverted_unverified,cfbd_drives_5a,"[""2023:401520336:12:10"", ""2023:401520336:1:1""]"
f9f3a53c345beb9b,2015,400763433,TCU,attribution_only,dip_restore,0.0,corroborated,admitted,cfbd_drives_5a,"[""2015:400763433:23:2"", ""2015:400763433:24:1""]"
f9ff05ac87b3a214,2022,401403991,South Alabama,points_recovery,incomplete_stream,15.0,game_unusable,reverted_unverified,cfbd_drives_5a,"[""2022:401403991:14:9"", ""2022:401403991:16:2"", ""2022:401403991:6:11"", ""2022:401403991:6:4"", ""2022:401403991:7:1""]"
fa0290be5b38281d,2023,401520381,Holy Cross,attribution_only,dip_restore,0.0,corroborated,admitted,cfbd_drives_5a,"[""2023:401520381:15:11"", ""2023:401520381:16:1""]"
fa0e327cb2fcd6ee,2023,401531440,SMU,attribution_only,dip_restore,0.0,corroborated,admitted,cfbd_drives_5a,"[""2023:401531440:6:3"", ""2023:401531440:7:1""]"
fa1a4932d6695caa,2025,401756931,Iowa State,attribution_only,dip_restore,0.0,game_unusable,reverted_unverified,cfbd_drives_5a,"[""2025:401756931:6:7"", ""2025:401756931:9:15""]"
fa20c2fa3c446392,2022,401404018,Arizona State,attribution_only,dip_restore,0.0,corroborated,admitted,cfbd_drives_5a,"[""2022:401404018:3:8"", ""2022:401404018:4:1""]"
fa2ae62278aae60e,2015,400787302,Ohio,points_recovery,incomplete_stream,14.0,game_unusable,reverted_unverified,cfbd_drives_5a,"[""2015:400787302:11:5"", ""2015:400787302:12:9"", ""2015:400787302:2:2"", ""2015:400787302:6:1""]"
fa2e63339ae34845,2021,401282697,Notre Dame,attribution_only,dip_restore,0.0,corroborated,admitted,cfbd_drives_5a,"[""2021:401282697:12:7"", ""2021:401282697:13:1""]"
fa46b85c9cf747ab,2023,401532595,San Diego State,attribution_only,dip_restore,0.0,game_unusable,reverted_unverified,cfbd_drives_5a,"[""2023:401532595:23:1"", ""2023:401532595:26:5""]"
fa4cbe9b45a9deda,2025,401754553,Florida State,attribution_only,dip_restore,0.0,corroborated,admitted,cfbd_drives_5a,"[""2025:401754553:18:11"", ""2025:401754553:19:1""]"
fa6273dcf9cde78b,2022,401403861,Memphis,attribution_only,dip_restore,0.0,corroborated,admitted,cfbd_drives_5a,"[""2022:401403861:20:9"", ""2022:401403861:21:1""]"
fa6405f41bc355a2,2017,400945284,Boise State,attribution_only,dip_restore,0.0,corroborated,admitted,cfbd_drives_5a,"[""2017:400945284:20:10"", ""2017:400945284:21:1""]"
fa6b475c850c06c9,2025,401761655,Louisiana,attribution_only,restoration_gt8,0.0,game_unusable,reverted_unverified,cfbd_drives_5a,"[""2025:401761655:6:8"", ""2025:401761655:7:4""]"
faa492176b7a43d4,2022,401426555,Florida Atlantic,points_recovery,incomplete_stream,7.0,game_unusable,reverted_unverified,cfbd_drives_5a,"[""2022:401426555:1:3"", ""2022:401426555:2:2"", ""2022:401426555:5:1""]"
fae28ac92f6707a2,2024,401643833,Old Dominion,attribution_only,dip_restore,0.0,corroborated,admitted,cfbd_drives_5a,"[""2024:401643833:27:11"", ""2024:401643833:28:1""]"
fae963677b3b5126,2025,401762849,Bowling Green,attribution_only,dip_restore,0.0,cfbd_supports_baseline,reverted_contradicted,cfbd_drives_5a,"[""2025:401762849:24:1"", ""2025:401762849:24:9""]"
faf4a0caaa1aea9e,2021,401331229,South Carolina,attribution_only,dip_restore,0.0,corroborated,admitted,cfbd_drives_5a,"[""2021:401331229:10:7"", ""2021:401331229:11:1""]"
faf6c0c09633ff79,2022,401415267,Air Force,attribution_only,dip_restore,0.0,corroborated,admitted,cfbd_drives_5a,"[""2022:401415267:11:4"", ""2022:401415267:12:1""]"
fb01e04a6088844d,2025,401762516,Memphis,attribution_only,dip_restore,0.0,game_unusable,reverted_unverified,cfbd_drives_5a,"[""2025:401762516:2:3"", ""2025:401762516:3:12""]"
fb024826c1850400,2024,401644727,Buffalo,attribution_only,dip_restore,0.0,game_unusable,reverted_unverified,cfbd_drives_5a,"[""2024:401644727:20:1"", ""2024:401644727:25:1""]"
fb116cdc6bad948e,2023,401532591,Fresno State,attribution_only,dip_restore,0.0,game_unusable,reverted_unverified,cfbd_drives_5a,"[""2023:401532591:5:10"", ""2023:401532591:8:2""]"
fb2e44bf1e214b8c,2021,401282646,Virginia,attribution_only,dip_restore,0.0,corroborated,admitted,cfbd_drives_5a,"[""2021:401282646:21:8"", ""2021:401282646:22:1""]"
fb3510fb77871d8e,2021,401282825,Wisconsin,attribution_only,dip_restore,0.0,corroborated,admitted,cfbd_drives_5a,"[""2021:401282825:20:6"", ""2021:401282825:21:1""]"
fb685b1a3206689e,2018,401015043,UAB,attribution_only,dip_restore,0.0,game_unusable,reverted_unverified,cfbd_drives_5a,"[""2018:401015043:14:5"", ""2018:401015043:15:1""]"
fb6e69d6198d5ff4,2025,401761656,Appalachian State,attribution_only,dip_restore,0.0,game_unusable,reverted_unverified,cfbd_drives_5a,"[""2025:401761656:3:1"", ""2025:401761656:4:9""]"
fb833b0938bc4b21,2025,401760404,UNLV,attribution_only,dip_restore,0.0,game_unusable,reverted_unverified,cfbd_drives_5a,"[""2025:401760404:11:1"", ""2025:401760404:11:3"", ""2025:401760404:17:6"", ""2025:401760404:17:8""]"
fb941bbaeac607ce,2023,401520366,Louisiana Tech,attribution_only,dip_restore,0.0,corroborated,admitted,cfbd_drives_5a,"[""2023:401520366:12:10"", ""2023:401520366:13:2""]"
fbb9ca9b7324239f,2025,401752800,Utah,attribution_only,other,0.0,game_unusable,reverted_unverified,cfbd_drives_5a,"[""2025:401752800:10:1"", ""2025:401752800:11:22""]"
fbba4846ffa98183,2022,401416604,Buffalo,attribution_only,other,0.0,game_unusable,reverted_unverified,cfbd_drives_5a,"[""2022:401416604:2:2"", ""2022:401416604:4:15""]"
fbbe7341d4529560,2022,401411126,Virginia,points_recovery,incomplete_stream,17.0,game_unusable,reverted_unverified,cfbd_drives_5a,"[""2022:401411126:10:1"", ""2022:401411126:13:2"", ""2022:401411126:17:1"", ""2022:401411126:1:13"", ""2022:401411126:7:1"", ""2022:401411126:9:1""]"
fbca198c9e370d3d,2023,401520254,Sam Houston State,attribution_only,dip_restore,0.0,corroborated,admitted,cfbd_drives_5a,"[""2023:401520254:2:10"", ""2023:401520254:3:1""]"
fbcbab6372526af5,2024,401636888,Arizona State,attribution_only,dip_restore,0.0,corroborated,admitted,cfbd_drives_5a,"[""2024:401636888:18:11"", ""2024:401636888:19:1""]"
fbdac80271d44f44,2016,400869567,Tulsa,attribution_only,dip_restore,0.0,corroborated,admitted,cfbd_drives_5a,"[""2016:400869567:16:15"", ""2016:400869567:17:1""]"
fbdcf2dfd76df491,2016,400869276,North Dakota,points_recovery,dip_restore,6.0,corroborated,admitted,cfbd_drives_5a,"[""2016:400869276:30:12""]"
fbfaae2722487470,2023,401525882,Kansas,attribution_only,dip_restore,0.0,game_unusable,reverted_unverified,cfbd_drives_5a,"[""2023:401525882:7:2"", ""2023:401525882:8:1""]"
fc08adecda761015,2021,401310700,New Mexico State,attribution_only,dip_restore,0.0,game_unusable,reverted_unverified,cfbd_drives_5a,"[""2021:401310700:24:1"", ""2021:401310700:25:3""]"
fc37699c16ac91e5,2015,400787277,Hawai_i,attribution_only,incomplete_stream,0.0,game_unusable,reverted_unverified,cfbd_drives_5a,"[""2015:400787277:29:2""]"
fc5d1c77789f8093,2024,401641020,Western Kentucky,attribution_only,dip_restore,0.0,game_unusable,reverted_unverified,cfbd_drives_5a,"[""2024:401641020:7:5"", ""2024:401641020:8:1""]"
fc63ed09efaa8ae1,2024,401643758,Boise State,attribution_only,dip_restore,0.0,corroborated,admitted,cfbd_drives_5a,"[""2024:401643758:18:8"", ""2024:401643758:19:1""]"
fc65d73ea778474a,2025,401752772,Texas A&M,attribution_only,category_possession_reassignment,0.0,game_unusable,reverted_unverified,cfbd_drives_5a,"[""2025:401752772:26:12"", ""2025:401752772:27:1""]"
fc69670835264a4a,2019,401112488,Miami,attribution_only,dip_restore,0.0,game_unusable,reverted_unverified,cfbd_drives_5a,"[""2019:401112488:3:14"", ""2019:401112488:4:1""]"
fc6dcc883936eede,2016,400869091,Utah,points_recovery,incomplete_stream,24.0,game_unusable,reverted_unverified,cfbd_drives_5a,"[""2016:400869091:11:4"", ""2016:400869091:18:1"", ""2016:400869091:1:11"", ""2016:400869091:22:2"", ""2016:400869091:9:12""]"
fcbe2a3b70fcbaff,2025,401762482,Florida Atlantic,attribution_only,dip_restore,0.0,corroborated,admitted,cfbd_drives_5a,"[""2025:401762482:6:3"", ""2025:401762482:7:1""]"
fcc5861edba66f92,2018,401035252,Arkansas State,attribution_only,dip_restore,0.0,game_unusable,reverted_unverified,cfbd_drives_5a,"[""2018:401035252:32:12"", ""2018:401035252:32:19"", ""2018:401035252:32:24""]"
fcf6a8e929034adc,2023,401524014,USC,attribution_only,dip_restore,0.0,corroborated,admitted,cfbd_drives_5a,"[""2023:401524014:22:4"", ""2023:401524014:23:1""]"
fd04d8822b01df37,2016,400869167,Arizona,attribution_only,dip_restore,0.0,corroborated,admitted,cfbd_drives_5a,"[""2016:400869167:1:4"", ""2016:400869167:2:1""]"
fd4f0755b162aba1,2023,401520278,UTEP,attribution_only,dip_restore,0.0,game_unusable,reverted_unverified,cfbd_drives_5a,"[""2023:401520278:13:1"", ""2023:401520278:15:11""]"
fd507aaea923b4f4,2023,401532426,Northern Illinois,points_recovery,dip_restore,3.0,game_unusable,reverted_unverified,cfbd_drives_5a,"[""2023:401532426:1:1""]"
fd54dc799c2a6107,2021,401331216,UCF,attribution_only,dip_restore,0.0,corroborated,admitted,cfbd_drives_5a,"[""2021:401331216:17:3"", ""2021:401331216:18:1""]"
fd5a1c1be7e12309,2021,401286295,Liberty,attribution_only,dip_restore,0.0,game_unusable,reverted_unverified,cfbd_drives_5a,"[""2021:401286295:4:1"", ""2021:401286295:9:7""]"
fd626749c834e922,2021,401282137,Kentucky,attribution_only,dip_restore,0.0,corroborated,admitted,cfbd_drives_5a,"[""2021:401282137:10:7"", ""2021:401282137:11:1""]"
fd6fb81bf28cd6ef,2019,401114294,Middle Tennessee,attribution_only,dip_restore,0.0,game_unusable,reverted_unverified,cfbd_drives_5a,"[""2019:401114294:6:4"", ""2019:401114294:7:1""]"
fd72d79c7ccedfcc,2015,400763596,Old Dominion,attribution_only,dip_restore,0.0,corroborated,admitted,cfbd_drives_5a,"[""2015:400763596:1:11"", ""2015:400763596:2:1""]"
fd8b344e9e557c47,2021,401310697,Montana State,attribution_only,dip_restore,0.0,game_unusable,reverted_unverified,cfbd_drives_5a,"[""2021:401310697:12:7"", ""2021:401310697:13:1"", ""2021:401310697:16:1"", ""2021:401310697:20:8"", ""2021:401310697:3:1"", ""2021:401310697:8:8""]"
fd8c8ed237029376,2024,401636880,BYU,attribution_only,dip_restore,0.0,corroborated,admitted,cfbd_drives_5a,"[""2024:401636880:14:14"", ""2024:401636880:15:1""]"
fda781f640f8ce4f,2021,401282270,Florida Atlantic,points_recovery,incomplete_stream,17.0,game_unusable,reverted_unverified,cfbd_drives_5a,"[""2021:401282270:16:1"", ""2021:401282270:1:2"", ""2021:401282270:2:1"", ""2021:401282270:9:1""]"
fdc5ac31e16e27e3,2023,401531872,Utah State,attribution_only,dip_restore,0.0,corroborated,admitted,cfbd_drives_5a,"[""2023:401531872:21:5"", ""2023:401531872:22:1""]"
fdce1dc068787dd4,2022,401426535,William & Mary,points_recovery,incomplete_stream,21.0,game_unusable,reverted_unverified,cfbd_drives_5a,"[""2022:401426535:16:7"", ""2022:401426535:1:1"", ""2022:401426535:1:5"", ""2022:401426535:2:2"", ""2022:401426535:3:2"", ""2022:401426535:8:3"", ""2022:401426535:9:2""]"
fdce4e2d9f17f6a1,2022,401404002,Arizona,points_recovery,incomplete_stream,36.0,game_unusable,reverted_unverified,cfbd_drives_5a,"[""2022:401404002:15:1"", ""2022:401404002:16:2"", ""2022:401404002:19:3"", ""2022:401404002:1:3"", ""2022:401404002:3:9"", ""2022:401404002:7:2"", ""2022:401404002:9:1""]"
fdd876207b5bcc82,2021,401287894,Tulane,attribution_only,dip_restore,0.0,game_unusable,reverted_unverified,cfbd_drives_5a,"[""2021:401287894:2:9"", ""2021:401287894:4:1""]"
fdd89bd485e86828,2023,401531379,Louisiana,attribution_only,dip_restore,0.0,corroborated,admitted,cfbd_drives_5a,"[""2023:401531379:17:8"", ""2023:401531379:18:1""]"
fdda085d0a30337f,2015,400763499,Colorado State,attribution_only,dip_restore,0.0,game_unusable,reverted_unverified,cfbd_drives_5a,"[""2015:400763499:33:12"", ""2015:400763499:34:1""]"
fdfd2270977241f9,2016,400869533,Tulsa,attribution_only,dip_restore,0.0,game_unusable,reverted_unverified,cfbd_drives_5a,"[""2016:400869533:12:12"", ""2016:400869533:13:1""]"
fe1064b1ee9c7ab7,2019,401114196,Oregon,attribution_only,dip_restore,0.0,corroborated,admitted,cfbd_drives_5a,"[""2019:401114196:17:11"", ""2019:401114196:18:1""]"
fe5b6cd8b8557734,2018,401015020,Florida International,attribution_only,other,0.0,game_unusable,reverted_unverified,cfbd_drives_5a,"[""2018:401015020:10:12"", ""2018:401015020:8:3""]"
fe61aec127aa21f3,2023,401520318,Kentucky,attribution_only,dip_restore,0.0,corroborated,admitted,cfbd_drives_5a,"[""2023:401520318:4:10"", ""2023:401520318:5:1""]"
fe692fba92fe5a56,2025,401757278,Middle Tennessee,attribution_only,final_cap,0.0,game_unusable,reverted_unverified,cfbd_drives_5a,"[""2025:401757278:19:1"", ""2025:401757278:19:10"", ""2025:401757278:19:2"", ""2025:401757278:19:3"", ""2025:401757278:19:4"", ""2025:401757278:19:5"", ""2025:401757278:19:6"", ""2025:401757278:19:7"", ""2025:401757278:19:8"", ""2025:401757278:19:9""]"
fe8fb40b854a1d36,2025,401754554,Louisville,points_recovery,incomplete_stream,27.0,game_unusable,reverted_unverified,cfbd_drives_5a,"[""2025:401754554:18:6"", ""2025:401754554:20:11"", ""2025:401754554:22:6"", ""2025:401754554:3:16"", ""2025:401754554:5:8""]"
fe9a2785b55bd088,2024,401628423,South Carolina,attribution_only,dip_restore,0.0,game_unusable,reverted_unverified,cfbd_drives_5a,"[""2024:401628423:10:5"", ""2024:401628423:18:9"", ""2024:401628423:19:1"", ""2024:401628423:19:9""]"
fea27c6c2eef6088,2025,401752916,Iowa,attribution_only,dip_restore,0.0,game_unusable,reverted_unverified,cfbd_drives_5a,"[""2025:401752916:18:10"", ""2025:401752916:18:6""]"
feae25c06b7e60c2,2017,400935278,Oregon,attribution_only,dip_restore,0.0,corroborated,admitted,cfbd_drives_5a,"[""2017:400935278:15:1"", ""2017:400935278:16:1""]"
fecdcbb80e2895df,2021,401310701,North Dakota,attribution_only,restoration_gt8,0.0,game_unusable,reverted_unverified,cfbd_drives_5a,"[""2021:401310701:1:9"", ""2021:401310701:2:1""]"
fed7df1b2debaafc,2025,401760412,Fresno State,attribution_only,dip_restore,0.0,game_unusable,reverted_unverified,cfbd_drives_5a,"[""2025:401760412:1:1"", ""2025:401760412:2:12"", ""2025:401760412:2:14""]"
fede64550dabf4c2,2022,401415220,Air Force,points_recovery,incomplete_stream,48.0,game_unusable,reverted_unverified,cfbd_drives_5a,"[""2022:401415220:11:6"", ""2022:401415220:13:9"", ""2022:401415220:15:7"", ""2022:401415220:17:16"", ""2022:401415220:1:19"", ""2022:401415220:3:1"", ""2022:401415220:4:8"", ""2022:401415220:6:8"", ""2022:401415220:8:15""]"
fee7845c69abc021,2025,401761660,Georgia State,attribution_only,dip_restore,0.0,game_unusable,reverted_unverified,cfbd_drives_5a,"[""2025:401761660:14:1"", ""2025:401761660:17:15""]"
fee84a72625a2a0b,2022,401415245,San Diego State,attribution_only,dip_restore,0.0,game_unusable,reverted_unverified,cfbd_drives_5a,"[""2022:401415245:7:15"", ""2022:401415245:8:1""]"
feeeb0c7447f60d8,2022,401416611,Kent State,points_recovery,dip_restore,24.0,game_unusable,reverted_unverified,cfbd_drives_5a,"[""2022:401416611:13:10"", ""2022:401416611:21:9"", ""2022:401416611:23:9"", ""2022:401416611:2:6""]"
fefff03f77d4bacb,2022,401404129,Notre Dame,attribution_only,dip_restore,0.0,corroborated,admitted,cfbd_drives_5a,"[""2022:401404129:1:2"", ""2022:401404129:2:1""]"
ff085fd82628b9f2,2021,401309892,Arizona State,attribution_only,dip_restore,0.0,game_unusable,reverted_unverified,cfbd_drives_5a,"[""2021:401309892:13:9"", ""2021:401309892:14:2""]"
ff113cba74a31770,2022,401405102,Nebraska,attribution_only,dip_restore,0.0,corroborated,admitted,cfbd_drives_5a,"[""2022:401405102:25:4"", ""2022:401405102:26:1""]"
ff1d96f43fc55d6a,2025,401760392,Air Force,attribution_only,dip_restore,0.0,game_unusable,reverted_unverified,cfbd_drives_5a,"[""2025:401760392:10:9"", ""2025:401760392:5:11"", ""2025:401760392:5:9"", ""2025:401760392:6:1""]"
ff31642cb45eb12f,2017,400934524,Texas,points_recovery,dip_restore,6.0,game_unusable,reverted_unverified,cfbd_drives_5a,"[""2017:400934524:25:4"", ""2017:400934524:26:2"", ""2017:400934524:26:5""]"
ff4c2150669d0f8e,2022,401411164,North Carolina,attribution_only,dip_restore,0.0,corroborated,admitted,cfbd_drives_5a,"[""2022:401411164:16:11"", ""2022:401411164:17:1""]"
ff5efc565c53887a,2023,401525890,Oklahoma,attribution_only,dip_restore,0.0,game_unusable,reverted_unverified,cfbd_drives_5a,"[""2023:401525890:15:5"", ""2023:401525890:16:2"", ""2023:401525890:17:1""]"
ff7cf54a4396f949,2025,401761622,Georgia Southern,attribution_only,dip_restore,0.0,corroborated,admitted,cfbd_drives_5a,"[""2025:401761622:3:8"", ""2025:401761622:4:1""]"
ff8607d5724170fe,2018,401013168,Syracuse,attribution_only,dip_restore,0.0,game_unusable,reverted_unverified,cfbd_drives_5a,"[""2018:401013168:20:6"", ""2018:401013168:21:1""]"
ff91c2b3e50a1922,2024,401643716,North Texas,attribution_only,dip_restore,0.0,game_unusable,reverted_unverified,cfbd_drives_5a,"[""2024:401643716:2:8"", ""2024:401643716:4:2""]"
ff9aa04171725596,2024,401636609,Arizona State,attribution_only,dip_restore,0.0,game_unusable,reverted_unverified,cfbd_drives_5a,"[""2024:401636609:3:7"", ""2024:401636609:4:1""]"
ffb6cf0a2a8a5ed8,2021,401309849,Sacramento State,attribution_only,dip_restore,0.0,game_unusable,reverted_unverified,cfbd_drives_5a,"[""2021:401309849:15:2"", ""2021:401309849:16:1""]"
