season,week,game_id,completed_game_stage,target,mean,arm,evaluation
2026,0,401856766,0,margin,16.4563034693322,rating_only,retrospective
2026,0,401856766,0,margin,14.6209952655291,repaired,retrospective
2026,0,401856766,0,margin,16.4563034693322,v5_control,retrospective
2026,0,401856766,0,total,54.783110476167,rating_only,retrospective
2026,0,401856766,0,total,54.6880743466247,repaired,retrospective
2026,0,401856766,0,total,54.783110476167,v5_control,retrospective
2026,0,401858201,0,margin,-1.46190905513308,rating_only,retrospective
2026,0,401858201,0,margin,1.26929485444182,repaired,retrospective
2026,0,401858201,0,margin,-1.46190905513308,v5_control,retrospective
2026,0,401858201,0,total,54.1449408834582,rating_only,retrospective
2026,0,401858201,0,total,53.6039417902399,repaired,retrospective
2026,0,401858201,0,total,54.1449408834582,v5_control,retrospective
2026,0,401858202,0,margin,5.02467037168821,rating_only,retrospective
2026,0,401858202,0,margin,6.04873670051396,repaired,retrospective
2026,0,401858202,0,margin,5.02467037168821,v5_control,retrospective
2026,0,401858202,0,total,54.1913410136671,rating_only,retrospective
2026,0,401858202,0,total,54.3919474814391,repaired,retrospective
2026,0,401858202,0,total,54.1913410136671,v5_control,retrospective
2026,0,401862693,0,margin,4.25389782061538,rating_only,retrospective
2026,0,401862693,0,margin,5.29967875863618,repaired,retrospective
2026,0,401862693,0,margin,4.25389782061538,v5_control,retrospective
2026,0,401862693,0,total,55.3119208460856,rating_only,retrospective
2026,0,401862693,0,total,55.3544853297924,repaired,retrospective
2026,0,401862693,0,total,55.3119208460856,v5_control,retrospective
2026,0,401864494,0,margin,28.6255262217547,rating_only,retrospective
2026,0,401864494,0,margin,23.7214920124204,repaired,retrospective
2026,0,401864494,0,margin,28.6255262217547,v5_control,retrospective
2026,0,401864494,0,total,56.1407573412991,rating_only,retrospective
2026,0,401864494,0,total,56.3273322132246,repaired,retrospective
2026,0,401864494,0,total,56.1407573412991,v5_control,retrospective
2026,0,401864570,0,margin,19.7241588583099,rating_only,retrospective
2026,0,401864570,0,margin,16.9428625598371,repaired,retrospective
2026,0,401864570,0,margin,19.7241588583099,v5_control,retrospective
2026,0,401864570,0,total,55.1333911352838,rating_only,retrospective
2026,0,401864570,0,total,55.0948553357781,repaired,retrospective
2026,0,401864570,0,total,55.1333911352838,v5_control,retrospective
2026,0,401864577,0,margin,1.28594967241634,rating_only,retrospective
2026,0,401864577,0,margin,3.34558267306146,repaired,retrospective
2026,0,401864577,0,margin,1.28594967241634,v5_control,retrospective
2026,0,401864577,0,total,54.9503376521862,rating_only,retrospective
2026,0,401864577,0,total,54.2651919951392,repaired,retrospective
2026,0,401864577,0,total,54.9503376521862,v5_control,retrospective
2026,0,401866408,0,margin,11.2355579473613,rating_only,retrospective
2026,0,401866408,0,margin,10.5845058026815,repaired,retrospective
2026,0,401866408,0,margin,11.2355579473613,v5_control,retrospective
2026,0,401866408,0,total,54.9194310392071,rating_only,retrospective
2026,0,401866408,0,total,54.181205205729,repaired,retrospective
2026,0,401866408,0,total,54.9194310392071,v5_control,retrospective
2026,1,401856634,0,margin,11.9427246106284,rating_only,retrospective
2026,1,401856634,0,margin,10.9482874203308,repaired,retrospective
2026,1,401856634,0,margin,11.9427246106284,v5_control,retrospective
2026,1,401856634,0,total,54.5221500300258,rating_only,retrospective
2026,1,401856634,0,total,54.9940685695858,repaired,retrospective
2026,1,401856634,0,total,54.5221500300258,v5_control,retrospective
2026,1,401856636,0,margin,6.57464679045297,rating_only,retrospective
2026,1,401856636,0,margin,7.34544810890914,repaired,retrospective
2026,1,401856636,0,margin,6.57464679045297,v5_control,retrospective
2026,1,401856636,0,total,54.5587142255776,rating_only,retrospective
2026,1,401856636,0,total,54.498116562459,repaired,retrospective
2026,1,401856636,0,total,54.5587142255776,v5_control,retrospective
2026,1,401856637,0,margin,15.7941884847971,rating_only,retrospective
2026,1,401856637,0,margin,14.6686362064664,repaired,retrospective
2026,1,401856637,0,margin,15.7941884847971,v5_control,retrospective
2026,1,401856637,0,total,55.6623453563616,rating_only,retrospective
2026,1,401856637,0,total,55.1036534891362,repaired,retrospective
2026,1,401856637,0,total,55.6623453563616,v5_control,retrospective
2026,1,401856660,0,margin,4.80696682903925,rating_only,retrospective
2026,1,401856660,0,margin,5.80346418456243,repaired,retrospective
2026,1,401856660,0,margin,4.80696682903925,v5_control,retrospective
2026,1,401856660,0,total,53.5006007180992,rating_only,retrospective
2026,1,401856660,0,total,53.614114640513,repaired,retrospective
2026,1,401856660,0,total,53.5006007180992,v5_control,retrospective
2026,1,401856661,0,margin,11.6942786819547,rating_only,retrospective
2026,1,401856661,0,margin,10.4390614692416,repaired,retrospective
2026,1,401856661,0,margin,11.6942786819547,v5_control,retrospective
2026,1,401856661,0,total,54.7218583345585,rating_only,retrospective
2026,1,401856661,0,total,55.601777397623,repaired,retrospective
2026,1,401856661,0,total,54.7218583345585,v5_control,retrospective
2026,1,401856662,0,margin,22.6685587843449,rating_only,retrospective
2026,1,401856662,0,margin,19.4985852688445,repaired,retrospective
2026,1,401856662,0,margin,22.6685587843449,v5_control,retrospective
2026,1,401856662,0,total,55.6630761169154,rating_only,retrospective
2026,1,401856662,0,total,55.1523781816147,repaired,retrospective
2026,1,401856662,0,total,55.6630761169154,v5_control,retrospective
2026,1,401856664,0,margin,23.7033111740835,rating_only,retrospective
2026,1,401856664,0,margin,20.2263139952288,repaired,retrospective
2026,1,401856664,0,margin,23.7033111740835,v5_control,retrospective
2026,1,401856664,0,total,54.0489888081483,rating_only,retrospective
2026,1,401856664,0,total,53.738738395084,repaired,retrospective
2026,1,401856664,0,total,54.0489888081483,v5_control,retrospective
2026,1,401856665,0,margin,19.0883003703628,rating_only,retrospective
2026,1,401856665,0,margin,17.2135471139786,repaired,retrospective
2026,1,401856665,0,margin,19.0883003703628,v5_control,retrospective
2026,1,401856665,0,total,55.1181613400844,rating_only,retrospective
2026,1,401856665,0,total,54.4169215348486,repaired,retrospective
2026,1,401856665,0,total,55.1181613400844,v5_control,retrospective
2026,1,401856667,0,margin,9.61078511669777,rating_only,retrospective
2026,1,401856667,0,margin,9.58062406156564,repaired,retrospective
2026,1,401856667,0,margin,9.61078511669777,v5_control,retrospective
2026,1,401856667,0,total,54.917360926074,rating_only,retrospective
2026,1,401856667,0,total,55.1475162201503,repaired,retrospective
2026,1,401856667,0,total,54.917360926074,v5_control,retrospective
2026,1,401856668,0,margin,21.1748983567506,rating_only,retrospective
2026,1,401856668,0,margin,18.0556300070779,repaired,retrospective
2026,1,401856668,0,margin,21.1748983567506,v5_control,retrospective
2026,1,401856668,0,total,55.3016146230834,rating_only,retrospective
2026,1,401856668,0,total,55.7286435392371,repaired,retrospective
2026,1,401856668,0,total,55.3016146230834,v5_control,retrospective
2026,1,401856772,0,margin,4.88305060845803,rating_only,retrospective
2026,1,401856772,0,margin,6.10933823629648,repaired,retrospective
2026,1,401856772,0,margin,4.88305060845803,v5_control,retrospective
2026,1,401856772,0,total,54.6307063952667,rating_only,retrospective
2026,1,401856772,0,total,53.786133590538,repaired,retrospective
2026,1,401856772,0,total,54.6307063952667,v5_control,retrospective
2026,1,401856776,0,margin,10.0059732266781,rating_only,retrospective
2026,1,401856776,0,margin,9.64196059454445,repaired,retrospective
2026,1,401856776,0,margin,10.0059732266781,v5_control,retrospective
2026,1,401856776,0,total,55.1876972490592,rating_only,retrospective
2026,1,401856776,0,total,55.3011235688575,repaired,retrospective
2026,1,401856776,0,total,55.1876972490592,v5_control,retrospective
2026,1,401856777,0,margin,11.2625728175208,rating_only,retrospective
2026,1,401856777,0,margin,10.7869944170652,repaired,retrospective
2026,1,401856777,0,margin,11.2625728175208,v5_control,retrospective
2026,1,401856777,0,total,55.7692753901346,rating_only,retrospective
2026,1,401856777,0,total,55.545768827626,repaired,retrospective
2026,1,401856777,0,total,55.7692753901346,v5_control,retrospective
2026,1,401856778,0,margin,15.8076657286274,rating_only,retrospective
2026,1,401856778,0,margin,14.1097281986748,repaired,retrospective
2026,1,401856778,0,margin,15.8076657286274,v5_control,retrospective
2026,1,401856778,0,total,55.0840736226194,rating_only,retrospective
2026,1,401856778,0,total,54.8313360317996,repaired,retrospective
2026,1,401856778,0,total,55.0840736226194,v5_control,retrospective
2026,1,401856780,0,margin,9.5178948096332,rating_only,retrospective
2026,1,401856780,0,margin,9.69885925616567,repaired,retrospective
2026,1,401856780,0,margin,9.5178948096332,v5_control,retrospective
2026,1,401856780,0,total,54.880421268939,rating_only,retrospective
2026,1,401856780,0,total,54.0893253019406,repaired,retrospective
2026,1,401856780,0,total,54.880421268939,v5_control,retrospective
2026,1,401858204,0,margin,18.2459634967378,rating_only,retrospective
2026,1,401858204,0,margin,16.1559510204722,repaired,retrospective
2026,1,401858204,0,margin,18.2459634967378,v5_control,retrospective
2026,1,401858204,0,total,54.0627049573933,rating_only,retrospective
2026,1,401858204,0,total,53.4142407951044,repaired,retrospective
2026,1,401858204,0,total,54.0627049573933,v5_control,retrospective
2026,1,401858206,0,margin,-15.5283992111227,rating_only,retrospective
2026,1,401858206,0,margin,-9.69023966852299,repaired,retrospective
2026,1,401858206,0,margin,-15.5283992111227,v5_control,retrospective
2026,1,401858206,0,total,52.3455881530713,rating_only,retrospective
2026,1,401858206,0,total,52.5158870114866,repaired,retrospective
2026,1,401858206,0,total,52.3455881530713,v5_control,retrospective
2026,1,401858207,0,margin,12.6971139124145,rating_only,retrospective
2026,1,401858207,0,margin,11.8729502480664,repaired,retrospective
2026,1,401858207,0,margin,12.6971139124145,v5_control,retrospective
2026,1,401858207,0,total,54.7757241362358,rating_only,retrospective
2026,1,401858207,0,total,54.5296683461988,repaired,retrospective
2026,1,401858207,0,total,54.7757241362358,v5_control,retrospective
2026,1,401858209,0,margin,7.20945784303101,rating_only,retrospective
2026,1,401858209,0,margin,7.25923018111368,repaired,retrospective
2026,1,401858209,0,margin,7.20945784303101,v5_control,retrospective
2026,1,401858209,0,total,55.5100192137727,rating_only,retrospective
2026,1,401858209,0,total,55.9221677788248,repaired,retrospective
2026,1,401858209,0,total,55.5100192137727,v5_control,retrospective
2026,1,401858210,0,margin,8.0972693102733,rating_only,retrospective
2026,1,401858210,0,margin,8.50834141680414,repaired,retrospective
2026,1,401858210,0,margin,8.0972693102733,v5_control,retrospective
2026,1,401858210,0,total,55.3215824337819,rating_only,retrospective
2026,1,401858210,0,total,54.8378586114945,repaired,retrospective
2026,1,401858210,0,total,55.3215824337819,v5_control,retrospective
2026,1,401858212,0,margin,13.9879896457566,rating_only,retrospective
2026,1,401858212,0,margin,12.1564993276442,repaired,retrospective
2026,1,401858212,0,margin,13.9879896457566,v5_control,retrospective
2026,1,401858212,0,total,54.436678246923,rating_only,retrospective
2026,1,401858212,0,total,55.4488297961635,repaired,retrospective
2026,1,401858212,0,total,54.436678246923,v5_control,retrospective
2026,1,401858423,0,margin,29.0612704717211,rating_only,retrospective
2026,1,401858423,0,margin,24.4413415449705,repaired,retrospective
2026,1,401858423,0,margin,29.0612704717211,v5_control,retrospective
2026,1,401858423,0,total,57.4759931135208,rating_only,retrospective
2026,1,401858423,0,total,56.6670871928878,repaired,retrospective
2026,1,401858423,0,total,57.4759931135208,v5_control,retrospective
2026,1,401858424,0,margin,21.4419101730525,rating_only,retrospective
2026,1,401858424,0,margin,18.5620292043364,repaired,retrospective
2026,1,401858424,0,margin,21.4419101730525,v5_control,retrospective
2026,1,401858424,0,total,55.9122379251437,rating_only,retrospective
2026,1,401858424,0,total,55.8337393517207,repaired,retrospective
2026,1,401858424,0,total,55.9122379251437,v5_control,retrospective
2026,1,401858425,0,margin,14.6995264525277,rating_only,retrospective
2026,1,401858425,0,margin,13.0274751096275,repaired,retrospective
2026,1,401858425,0,margin,14.6995264525277,v5_control,retrospective
2026,1,401858425,0,total,55.5265674987031,rating_only,retrospective
2026,1,401858425,0,total,56.906878343986,repaired,retrospective
2026,1,401858425,0,total,55.5265674987031,v5_control,retrospective
2026,1,401858426,0,margin,22.5140113922318,rating_only,retrospective
2026,1,401858426,0,margin,19.2460518594207,repaired,retrospective
2026,1,401858426,0,margin,22.5140113922318,v5_control,retrospective
2026,1,401858426,0,total,54.3640852323349,rating_only,retrospective
2026,1,401858426,0,total,54.2377395864459,repaired,retrospective
2026,1,401858426,0,total,54.3640852323349,v5_control,retrospective
2026,1,401858428,0,margin,11.7833838332552,rating_only,retrospective
2026,1,401858428,0,margin,10.7592873418113,repaired,retrospective
2026,1,401858428,0,margin,11.7833838332552,v5_control,retrospective
2026,1,401858428,0,total,54.4061132764815,rating_only,retrospective
2026,1,401858428,0,total,54.6625987694403,repaired,retrospective
2026,1,401858428,0,total,54.4061132764815,v5_control,retrospective
2026,1,401858429,0,margin,0.891257206353981,rating_only,retrospective
2026,1,401858429,0,margin,2.68742770885948,repaired,retrospective
2026,1,401858429,0,margin,0.891257206353981,v5_control,retrospective
2026,1,401858429,0,total,53.7209338427851,rating_only,retrospective
2026,1,401858429,0,total,53.8917515645478,repaired,retrospective
2026,1,401858429,0,total,53.7209338427851,v5_control,retrospective
2026,1,401858430,0,margin,9.08675608047364,rating_only,retrospective
2026,1,401858430,0,margin,8.97195080849938,repaired,retrospective
2026,1,401858430,0,margin,9.08675608047364,v5_control,retrospective
2026,1,401858430,0,total,55.0284097797585,rating_only,retrospective
2026,1,401858430,0,total,54.8595746176801,repaired,retrospective
2026,1,401858430,0,total,55.0284097797585,v5_control,retrospective
2026,1,401858432,0,margin,37.1984196924106,rating_only,retrospective
2026,1,401858432,0,margin,30.1052816941037,repaired,retrospective
2026,1,401858432,0,margin,37.1984196924106,v5_control,retrospective
2026,1,401858432,0,total,54.4848239155363,rating_only,retrospective
2026,1,401858432,0,total,54.6688880321596,repaired,retrospective
2026,1,401858432,0,total,54.4848239155363,v5_control,retrospective
2026,1,401858433,0,margin,17.8932726953775,rating_only,retrospective
2026,1,401858433,0,margin,15.2174529310868,repaired,retrospective
2026,1,401858433,0,margin,17.8932726953775,v5_control,retrospective
2026,1,401858433,0,total,54.445963475285,rating_only,retrospective
2026,1,401858433,0,total,55.3862896312017,repaired,retrospective
2026,1,401858433,0,total,54.445963475285,v5_control,retrospective
2026,1,401858434,0,margin,21.4443658155327,rating_only,retrospective
2026,1,401858434,0,margin,18.2995509534019,repaired,retrospective
2026,1,401858434,0,margin,21.4443658155327,v5_control,retrospective
2026,1,401858434,0,total,55.3755229330439,rating_only,retrospective
2026,1,401858434,0,total,55.4022578064956,repaired,retrospective
2026,1,401858434,0,total,55.3755229330439,v5_control,retrospective
2026,1,401858436,0,margin,25.912783635029,rating_only,retrospective
2026,1,401858436,0,margin,20.7681788618859,repaired,retrospective
2026,1,401858436,0,margin,25.912783635029,v5_control,retrospective
2026,1,401858436,0,total,55.4914303050164,rating_only,retrospective
2026,1,401858436,0,total,56.6994076782211,repaired,retrospective
2026,1,401858436,0,total,55.4914303050164,v5_control,retrospective
2026,1,401858437,0,margin,9.17256056219258,rating_only,retrospective
2026,1,401858437,0,margin,8.71001275643553,repaired,retrospective
2026,1,401858437,0,margin,9.17256056219258,v5_control,retrospective
2026,1,401858437,0,total,54.3961024662867,rating_only,retrospective
2026,1,401858437,0,total,54.9910816883773,repaired,retrospective
2026,1,401858437,0,total,54.3961024662867,v5_control,retrospective
2026,1,401858438,0,margin,24.3360920399987,rating_only,retrospective
2026,1,401858438,0,margin,19.8654305495579,repaired,retrospective
2026,1,401858438,0,margin,24.3360920399987,v5_control,retrospective
2026,1,401858438,0,total,54.2747177364779,rating_only,retrospective
2026,1,401858438,0,total,55.179323765447,repaired,retrospective
2026,1,401858438,0,total,54.2747177364779,v5_control,retrospective
2026,1,401860878,0,margin,4.47331318288856,rating_only,retrospective
2026,1,401860878,0,margin,5.52794559798479,repaired,retrospective
2026,1,401860878,0,margin,4.47331318288856,v5_control,retrospective
2026,1,401860878,0,total,54.4419188723849,rating_only,retrospective
2026,1,401860878,0,total,53.7171885879735,repaired,retrospective
2026,1,401860878,0,total,54.4419188723849,v5_control,retrospective
2026,1,401862695,0,margin,13.4098900461616,rating_only,retrospective
2026,1,401862695,0,margin,12.2675477438914,repaired,retrospective
2026,1,401862695,0,margin,13.4098900461616,v5_control,retrospective
2026,1,401862695,0,total,54.0109275270731,rating_only,retrospective
2026,1,401862695,0,total,54.0178441360241,repaired,retrospective
2026,1,401862695,0,total,54.0109275270731,v5_control,retrospective
2026,1,401862699,0,margin,18.8170929124329,rating_only,retrospective
2026,1,401862699,0,margin,16.1767412018353,repaired,retrospective
2026,1,401862699,0,margin,18.8170929124329,v5_control,retrospective
2026,1,401862699,0,total,55.2975464220583,rating_only,retrospective
2026,1,401862699,0,total,55.4686628088227,repaired,retrospective
2026,1,401862699,0,total,55.2975464220583,v5_control,retrospective
2026,1,401864432,0,margin,-1.43706959876369,rating_only,retrospective
2026,1,401864432,0,margin,1.34253018062226,repaired,retrospective
2026,1,401864432,0,margin,-1.43706959876369,v5_control,retrospective
2026,1,401864432,0,total,54.2439241811736,rating_only,retrospective
2026,1,401864432,0,total,53.4470270673257,repaired,retrospective
2026,1,401864432,0,total,54.2439241811736,v5_control,retrospective
2026,1,401864495,1,margin,21.5936796370276,rating_only,retrospective
2026,1,401864495,1,margin,19.1183084634534,repaired,retrospective
2026,1,401864495,1,margin,21.5936796370276,v5_control,retrospective
2026,1,401864495,1,total,55.7532049713237,rating_only,retrospective
2026,1,401864495,1,total,55.1318742735635,repaired,retrospective
2026,1,401864495,1,total,55.7532049713237,v5_control,retrospective
2026,1,401864497,1,margin,6.88387591871047,rating_only,retrospective
2026,1,401864497,1,margin,7.48813053854263,repaired,retrospective
2026,1,401864497,1,margin,6.88387591871047,v5_control,retrospective
2026,1,401864497,1,total,53.8026724721461,rating_only,retrospective
2026,1,401864497,1,total,53.564371245916,repaired,retrospective
2026,1,401864497,1,total,53.8026724721461,v5_control,retrospective
2026,1,401864498,0,margin,11.7158146715922,rating_only,retrospective
2026,1,401864498,0,margin,11.1330869344155,repaired,retrospective
2026,1,401864498,0,margin,11.7158146715922,v5_control,retrospective
2026,1,401864498,0,total,54.446609449081,rating_only,retrospective
2026,1,401864498,0,total,53.9386231706148,repaired,retrospective
2026,1,401864498,0,total,54.446609449081,v5_control,retrospective
2026,1,401869960,0,margin,14.5980012563792,rating_only,retrospective
2026,1,401869960,0,margin,13.3726685389445,repaired,retrospective
2026,1,401869960,0,margin,14.5980012563792,v5_control,retrospective
2026,1,401869960,0,total,54.7233521655028,rating_only,retrospective
2026,1,401869960,0,total,54.4674260695655,repaired,retrospective
2026,1,401869960,0,total,54.7233521655028,v5_control,retrospective
2026,1,401870763,0,margin,13.4331647226418,rating_only,retrospective
2026,1,401870763,0,margin,12.9599133097826,repaired,retrospective
2026,1,401870763,0,margin,13.4331647226418,v5_control,retrospective
2026,1,401870763,0,total,54.6903538280683,rating_only,retrospective
2026,1,401870763,0,total,53.3861418370557,repaired,retrospective
2026,1,401870763,0,total,54.6903538280683,v5_control,retrospective
2026,2,401856670,0,margin,12.7553826220791,rating_only,retrospective
2026,2,401856670,0,margin,11.6794891677204,repaired,retrospective
2026,2,401856670,0,margin,12.7553826220791,v5_control,retrospective
2026,2,401856670,0,total,55.9086951015257,rating_only,retrospective
2026,2,401856670,0,total,56.7343967231819,repaired,retrospective
2026,2,401856670,0,total,55.9086951015257,v5_control,retrospective
2026,2,401856671,0,margin,12.3165915184396,rating_only,retrospective
2026,2,401856671,0,margin,11.8504314171237,repaired,retrospective
2026,2,401856671,0,margin,12.3165915184396,v5_control,retrospective
2026,2,401856671,0,total,52.9884385203036,rating_only,retrospective
2026,2,401856671,0,total,52.490755242572,repaired,retrospective
2026,2,401856671,0,total,52.9884385203036,v5_control,retrospective
2026,2,401856673,0,margin,38.3252336942876,rating_only,retrospective
2026,2,401856673,0,margin,31.3251453750216,repaired,retrospective
2026,2,401856673,0,margin,38.3252336942876,v5_control,retrospective
2026,2,401856673,0,total,55.6054602289355,rating_only,retrospective
2026,2,401856673,0,total,55.4006478526695,repaired,retrospective
2026,2,401856673,0,total,55.6054602289355,v5_control,retrospective
2026,2,401856674,0,margin,-16.7961311845682,rating_only,retrospective
2026,2,401856674,0,margin,-11.2026017662422,repaired,retrospective
2026,2,401856674,0,margin,-16.7961311845682,v5_control,retrospective
2026,2,401856674,0,total,54.4565808390949,rating_only,retrospective
2026,2,401856674,0,total,55.2456929837765,repaired,retrospective
2026,2,401856674,0,total,54.4565808390949,v5_control,retrospective
2026,2,401856676,0,margin,31.6130202102895,rating_only,retrospective
2026,2,401856676,0,margin,25.6004551392151,repaired,retrospective
2026,2,401856676,0,margin,31.6130202102895,v5_control,retrospective
2026,2,401856676,0,total,55.7705314551548,rating_only,retrospective
2026,2,401856676,0,total,56.1956672519815,repaired,retrospective
2026,2,401856676,0,total,55.7705314551548,v5_control,retrospective
2026,2,401856677,0,margin,-25.7002040492356,rating_only,retrospective
2026,2,401856677,0,margin,-17.4607016036028,repaired,retrospective
2026,2,401856677,0,margin,-25.7002040492356,v5_control,retrospective
2026,2,401856677,0,total,53.2978143064569,rating_only,retrospective
2026,2,401856677,0,total,54.2923967397265,repaired,retrospective
2026,2,401856677,0,total,53.2978143064569,v5_control,retrospective
2026,2,401856678,0,margin,-0.149349253241628,rating_only,retrospective
2026,2,401856678,0,margin,1.66095539285555,repaired,retrospective
2026,2,401856678,0,margin,-0.149349253241628,v5_control,retrospective
2026,2,401856678,0,total,54.6635710163146,rating_only,retrospective
2026,2,401856678,0,total,55.1118355384698,repaired,retrospective
2026,2,401856678,0,total,54.6635710163146,v5_control,retrospective
2026,2,401856679,1,margin,-23.4516284085927,rating_only,retrospective
2026,2,401856679,1,margin,-16.155083649859,repaired,retrospective
2026,2,401856679,1,margin,-23.4516284085927,v5_control,retrospective
2026,2,401856679,1,total,51.7653078579604,rating_only,retrospective
2026,2,401856679,1,total,52.9770983316256,repaired,retrospective
2026,2,401856679,1,total,51.7653078579604,v5_control,retrospective
2026,2,401856681,0,margin,-4.47375000055687,rating_only,retrospective
2026,2,401856681,0,margin,-0.870908069011533,repaired,retrospective
2026,2,401856681,0,margin,-4.47375000055687,v5_control,retrospective
2026,2,401856681,0,total,53.4894607293968,rating_only,retrospective
2026,2,401856681,0,total,53.4004706872506,repaired,retrospective
2026,2,401856681,0,total,53.4894607293968,v5_control,retrospective
2026,2,401856682,1,margin,-8.07681293392154,rating_only,retrospective
2026,2,401856682,1,margin,-5.02742905179829,repaired,retrospective
2026,2,401856682,1,margin,-8.07681293392154,v5_control,retrospective
2026,2,401856682,1,total,53.6686795480821,rating_only,retrospective
2026,2,401856682,1,total,56.6326752958717,repaired,retrospective
2026,2,401856682,1,total,53.6686795480821,v5_control,retrospective
2026,2,401856683,0,margin,32.0651772693123,rating_only,retrospective
2026,2,401856683,0,margin,25.7890179751334,repaired,retrospective
2026,2,401856683,0,margin,32.0651772693123,v5_control,retrospective
2026,2,401856683,0,total,54.2025147422994,rating_only,retrospective
2026,2,401856683,0,total,55.7058383693712,repaired,retrospective
2026,2,401856683,0,total,54.2025147422994,v5_control,retrospective
2026,2,401856684,0,margin,25.9616755335884,rating_only,retrospective
2026,2,401856684,0,margin,21.6517611606695,repaired,retrospective
2026,2,401856684,0,margin,25.9616755335884,v5_control,retrospective
2026,2,401856684,0,total,56.8085888676196,rating_only,retrospective
2026,2,401856684,0,total,57.1939587529989,repaired,retrospective
2026,2,401856684,0,total,56.8085888676196,v5_control,retrospective
2026,2,401856781,0,margin,12.3628410576099,rating_only,retrospective
2026,2,401856781,0,margin,11.2312279674021,repaired,retrospective
2026,2,401856781,0,margin,12.3628410576099,v5_control,retrospective
2026,2,401856781,0,total,53.6956652410138,rating_only,retrospective
2026,2,401856781,0,total,53.7499144234292,repaired,retrospective
2026,2,401856781,0,total,53.6956652410138,v5_control,retrospective
2026,2,401856782,1,margin,-21.3137590512132,rating_only,retrospective
2026,2,401856782,1,margin,-13.6194716370195,repaired,retrospective
2026,2,401856782,1,margin,-21.3137590512132,v5_control,retrospective
2026,2,401856782,1,total,52.3011138598555,rating_only,retrospective
2026,2,401856782,1,total,52.0648968703253,repaired,retrospective
2026,2,401856782,1,total,52.3011138598555,v5_control,retrospective
2026,2,401856783,0,margin,-21.601712255875,rating_only,retrospective
2026,2,401856783,0,margin,-14.531395589085,repaired,retrospective
2026,2,401856783,0,margin,-21.601712255875,v5_control,retrospective
2026,2,401856783,0,total,52.794635643342,rating_only,retrospective
2026,2,401856783,0,total,52.9549448712235,repaired,retrospective
2026,2,401856783,0,total,52.794635643342,v5_control,retrospective
2026,2,401856788,0,margin,24.5254100365231,rating_only,retrospective
2026,2,401856788,0,margin,20.5465907969013,repaired,retrospective
2026,2,401856788,0,margin,24.5254100365231,v5_control,retrospective
2026,2,401856788,0,total,53.5512873875914,rating_only,retrospective
2026,2,401856788,0,total,54.6063461682459,repaired,retrospective
2026,2,401856788,0,total,53.5512873875914,v5_control,retrospective
2026,2,401856790,0,margin,28.9419033932848,rating_only,retrospective
2026,2,401856790,0,margin,23.1568416126998,repaired,retrospective
2026,2,401856790,0,margin,28.9419033932848,v5_control,retrospective
2026,2,401856790,0,total,55.2271219421656,rating_only,retrospective
2026,2,401856790,0,total,56.6359110269911,repaired,retrospective
2026,2,401856790,0,total,55.2271219421656,v5_control,retrospective
2026,2,401856810,0,margin,2.79005144174227,rating_only,retrospective
2026,2,401856810,0,margin,3.99403243447986,repaired,retrospective
2026,2,401856810,0,margin,2.79005144174227,v5_control,retrospective
2026,2,401856810,0,total,54.3722813953603,rating_only,retrospective
2026,2,401856810,0,total,55.0275580204288,repaired,retrospective
2026,2,401856810,0,total,54.3722813953603,v5_control,retrospective
2026,2,401858214,1,margin,3.2597302898229,rating_only,retrospective
2026,2,401858214,1,margin,5.02499889254101,repaired,retrospective
2026,2,401858214,1,margin,3.2597302898229,v5_control,retrospective
2026,2,401858214,1,total,55.4251601029449,rating_only,retrospective
2026,2,401858214,1,total,54.654132331159,repaired,retrospective
2026,2,401858214,1,total,55.4251601029449,v5_control,retrospective
2026,2,401858216,0,margin,6.41644925131558,rating_only,retrospective
2026,2,401858216,0,margin,7.63798180879828,repaired,retrospective
2026,2,401858216,0,margin,6.41644925131558,v5_control,retrospective
2026,2,401858216,0,total,54.6538384971532,rating_only,retrospective
2026,2,401858216,0,total,53.6519307144061,repaired,retrospective
2026,2,401858216,0,total,54.6538384971532,v5_control,retrospective
2026,2,401858217,1,margin,10.5956141510722,rating_only,retrospective
2026,2,401858217,1,margin,9.16906341830482,repaired,retrospective
2026,2,401858217,1,margin,10.5956141510722,v5_control,retrospective
2026,2,401858217,1,total,54.6781444022173,rating_only,retrospective
2026,2,401858217,1,total,56.1630953385443,repaired,retrospective
2026,2,401858217,1,total,54.6781444022173,v5_control,retrospective
2026,2,401858219,0,margin,-2.85753034671504,rating_only,retrospective
2026,2,401858219,0,margin,0.455255361048922,repaired,retrospective
2026,2,401858219,0,margin,-2.85753034671504,v5_control,retrospective
2026,2,401858219,0,total,55.7105199049265,rating_only,retrospective
2026,2,401858219,0,total,54.5987357101417,repaired,retrospective
2026,2,401858219,0,total,55.7105199049265,v5_control,retrospective
2026,2,401858221,0,margin,-4.72208499052605,rating_only,retrospective
2026,2,401858221,0,margin,-1.80043057494671,repaired,retrospective
2026,2,401858221,0,margin,-4.72208499052605,v5_control,retrospective
2026,2,401858221,0,total,53.7672456482274,rating_only,retrospective
2026,2,401858221,0,total,53.9811270068225,repaired,retrospective
2026,2,401858221,0,total,53.7672456482274,v5_control,retrospective
2026,2,401858224,0,margin,-17.8173969003514,rating_only,retrospective
2026,2,401858224,0,margin,-11.6206710975064,repaired,retrospective
2026,2,401858224,0,margin,-17.8173969003514,v5_control,retrospective
2026,2,401858224,0,total,53.0874771399876,rating_only,retrospective
2026,2,401858224,0,total,53.6501155689268,repaired,retrospective
2026,2,401858224,0,total,53.0874771399876,v5_control,retrospective
2026,2,401858440,1,margin,9.46202724534784,rating_only,retrospective
2026,2,401858440,1,margin,8.72538254241512,repaired,retrospective
2026,2,401858440,1,margin,5.39946282954911,v5_control,retrospective
2026,2,401858440,1,total,53.465076562633,rating_only,retrospective
2026,2,401858440,1,total,53.9371353351374,repaired,retrospective
2026,2,401858440,1,total,53.3909110704734,v5_control,retrospective
2026,2,401858441,0,margin,30.6744607380161,rating_only,retrospective
2026,2,401858441,0,margin,24.6778182892679,repaired,retrospective
2026,2,401858441,0,margin,30.6744607380161,v5_control,retrospective
2026,2,401858441,0,total,55.677173389196,rating_only,retrospective
2026,2,401858441,0,total,56.4865244075573,repaired,retrospective
2026,2,401858441,0,total,55.677173389196,v5_control,retrospective
2026,2,401858442,0,margin,-33.3775253475625,rating_only,retrospective
2026,2,401858442,0,margin,-23.5103888545246,repaired,retrospective
2026,2,401858442,0,margin,-33.3775253475625,v5_control,retrospective
2026,2,401858442,0,total,53.3651324463553,rating_only,retrospective
2026,2,401858442,0,total,54.3056632200637,repaired,retrospective
2026,2,401858442,0,total,53.3651324463553,v5_control,retrospective
2026,2,401858443,0,margin,11.0364204453993,rating_only,retrospective
2026,2,401858443,0,margin,9.93404148114066,repaired,retrospective
2026,2,401858443,0,margin,11.0364204453993,v5_control,retrospective
2026,2,401858443,0,total,53.9585580116976,rating_only,retrospective
2026,2,401858443,0,total,54.6138246067314,repaired,retrospective
2026,2,401858443,0,total,53.9585580116976,v5_control,retrospective
2026,2,401858444,0,margin,4.57830632663395,rating_only,retrospective
2026,2,401858444,0,margin,5.45755404205356,repaired,retrospective
2026,2,401858444,0,margin,4.57830632663395,v5_control,retrospective
2026,2,401858444,0,total,55.1411035453653,rating_only,retrospective
2026,2,401858444,0,total,55.0251593660476,repaired,retrospective
2026,2,401858444,0,total,55.1411035453653,v5_control,retrospective
2026,2,401858445,0,margin,38.1932316904525,rating_only,retrospective
2026,2,401858445,0,margin,30.3839115896338,repaired,retrospective
2026,2,401858445,0,margin,33.2723044133811,v5_control,retrospective
2026,2,401858445,0,total,55.8879286578713,rating_only,retrospective
2026,2,401858445,0,total,57.0401960154573,repaired,retrospective
2026,2,401858445,0,total,56.0498190598636,v5_control,retrospective
2026,2,401858446,0,margin,15.6194520946902,rating_only,retrospective
2026,2,401858446,0,margin,14.0275118070714,repaired,retrospective
2026,2,401858446,0,margin,15.6194520946902,v5_control,retrospective
2026,2,401858446,0,total,53.7017117291174,rating_only,retrospective
2026,2,401858446,0,total,53.9997131318138,repaired,retrospective
2026,2,401858446,0,total,53.7017117291174,v5_control,retrospective
2026,2,401859184,0,margin,41.1382810718182,rating_only,retrospective
2026,2,401859184,0,margin,33.0877101180685,repaired,retrospective
2026,2,401859184,0,margin,41.1382810718182,v5_control,retrospective
2026,2,401859184,0,total,56.0504823062683,rating_only,retrospective
2026,2,401859184,0,total,56.66621437431,repaired,retrospective
2026,2,401859184,0,total,56.0504823062683,v5_control,retrospective
2026,2,401860881,1,margin,-5.61610615834547,rating_only,retrospective
2026,2,401860881,1,margin,-2.14560569807485,repaired,retrospective
2026,2,401860881,1,margin,-2.87381482708556,v5_control,retrospective
2026,2,401860881,1,total,52.9316400084605,rating_only,retrospective
2026,2,401860881,1,total,53.420680381535,repaired,retrospective
2026,2,401860881,1,total,52.7941779417677,v5_control,retrospective
2026,2,401860883,1,margin,7.22458661590827,rating_only,retrospective
2026,2,401860883,1,margin,8.35757837184455,repaired,retrospective
2026,2,401860883,1,margin,7.22458661590827,v5_control,retrospective
2026,2,401860883,1,total,52.7582486847704,rating_only,retrospective
2026,2,401860883,1,total,50.8408017784168,repaired,retrospective
2026,2,401860883,1,total,52.7582486847704,v5_control,retrospective
2026,2,401860884,0,margin,-19.0815928646589,rating_only,retrospective
2026,2,401860884,0,margin,-12.6161717698446,repaired,retrospective
2026,2,401860884,0,margin,-19.0815928646589,v5_control,retrospective
2026,2,401860884,0,total,56.4403376705128,rating_only,retrospective
2026,2,401860884,0,total,56.2291644408077,repaired,retrospective
2026,2,401860884,0,total,56.4403376705128,v5_control,retrospective
2026,2,401862702,0,margin,-8.48196939323631,rating_only,retrospective
2026,2,401862702,0,margin,-4.63037465430937,repaired,retrospective
2026,2,401862702,0,margin,-8.48196939323631,v5_control,retrospective
2026,2,401862702,0,total,53.4169322923158,rating_only,retrospective
2026,2,401862702,0,total,54.0198242905328,repaired,retrospective
2026,2,401862702,0,total,53.4169322923158,v5_control,retrospective
2026,2,401862703,0,margin,-18.413759340195,rating_only,retrospective
2026,2,401862703,0,margin,-11.9770849463042,repaired,retrospective
2026,2,401862703,0,margin,-18.413759340195,v5_control,retrospective
2026,2,401862703,0,total,57.490317518654,rating_only,retrospective
2026,2,401862703,0,total,57.0907289074095,repaired,retrospective
2026,2,401862703,0,total,57.490317518654,v5_control,retrospective
2026,2,401862705,1,margin,-7.52433705061545,rating_only,retrospective
2026,2,401862705,1,margin,-4.33421495655702,repaired,retrospective
2026,2,401862705,1,margin,-3.9753762733496,v5_control,retrospective
2026,2,401862705,1,total,55.3248246475696,rating_only,retrospective
2026,2,401862705,1,total,55.7124191045819,repaired,retrospective
2026,2,401862705,1,total,55.8117682563342,v5_control,retrospective
2026,2,401862707,1,margin,-5.72839541911035,rating_only,retrospective
2026,2,401862707,1,margin,-2.24678997172022,repaired,retrospective
2026,2,401862707,1,margin,-5.72839541911035,v5_control,retrospective
2026,2,401862707,1,total,52.3161252371807,rating_only,retrospective
2026,2,401862707,1,total,52.0052359076143,repaired,retrospective
2026,2,401862707,1,total,52.3161252371807,v5_control,retrospective
2026,2,401862708,1,margin,27.0204311091123,rating_only,retrospective
2026,2,401862708,1,margin,22.9749701984337,repaired,retrospective
2026,2,401862708,1,margin,27.0204311091123,v5_control,retrospective
2026,2,401862708,1,total,59.0808246986022,rating_only,retrospective
2026,2,401862708,1,total,57.6673859161241,repaired,retrospective
2026,2,401862708,1,total,59.0808246986022,v5_control,retrospective
2026,2,401864502,0,margin,-9.07020088973765,rating_only,retrospective
2026,2,401864502,0,margin,-5.53748052148146,repaired,retrospective
2026,2,401864502,0,margin,-9.07020088973765,v5_control,retrospective
2026,2,401864502,0,total,54.8721909073227,rating_only,retrospective
2026,2,401864502,0,total,55.4294258835797,repaired,retrospective
2026,2,401864502,0,total,54.8721909073227,v5_control,retrospective
2026,2,401864571,0,margin,2.05419478572875,rating_only,retrospective
2026,2,401864571,0,margin,3.76272234304848,repaired,retrospective
2026,2,401864571,0,margin,2.05419478572875,v5_control,retrospective
2026,2,401864571,0,total,56.2145310752221,rating_only,retrospective
2026,2,401864571,0,total,55.2693837999258,repaired,retrospective
2026,2,401864571,0,total,56.2145310752221,v5_control,retrospective
2026,2,401864575,0,margin,8.64453393492126,rating_only,retrospective
2026,2,401864575,0,margin,9.57453186214619,repaired,retrospective
2026,2,401864575,0,margin,8.64453393492127,v5_control,retrospective
2026,2,401864575,0,total,53.2968906137749,rating_only,retrospective
2026,2,401864575,0,total,52.0833132610289,repaired,retrospective
2026,2,401864575,0,total,53.2968906137749,v5_control,retrospective
2026,2,401864578,1,margin,13.2085358115071,rating_only,retrospective
2026,2,401864578,1,margin,12.7953490233028,repaired,retrospective
2026,2,401864578,1,margin,16.3649274949573,v5_control,retrospective
2026,2,401864578,1,total,53.4730229372818,rating_only,retrospective
2026,2,401864578,1,total,52.4212598864629,repaired,retrospective
2026,2,401864578,1,total,53.7903549728925,v5_control,retrospective
2026,2,401866414,0,margin,5.24237462794162,rating_only,retrospective
2026,2,401866414,0,margin,6.74215148222293,repaired,retrospective
2026,2,401866414,0,margin,5.24237462794161,v5_control,retrospective
2026,2,401866414,0,total,53.6411220322279,rating_only,retrospective
2026,2,401866414,0,total,52.346431466815,repaired,retrospective
2026,2,401866414,0,total,53.6411220322279,v5_control,retrospective
2026,2,401866418,1,margin,3.89239992718224,rating_only,retrospective
2026,2,401866418,1,margin,5.24186776546625,repaired,retrospective
2026,2,401866418,1,margin,3.89239992718224,v5_control,retrospective
2026,2,401866418,1,total,55.7175489394822,rating_only,retrospective
2026,2,401866418,1,total,54.8246052472756,repaired,retrospective
2026,2,401866418,1,total,55.7175489394823,v5_control,retrospective
2026,2,401867796,0,margin,32.0448766271571,rating_only,retrospective
2026,2,401867796,0,margin,26.3231681620061,repaired,retrospective
2026,2,401867796,0,margin,32.0448766271571,v5_control,retrospective
2026,2,401867796,0,total,54.2695895813894,rating_only,retrospective
2026,2,401867796,0,total,54.8743074471017,repaired,retrospective
2026,2,401867796,0,total,54.2695895813894,v5_control,retrospective
2026,2,401869955,0,margin,14.8026415754602,rating_only,retrospective
2026,2,401869955,0,margin,13.6752972516342,repaired,retrospective
2026,2,401869955,0,margin,14.8026415754602,v5_control,retrospective
2026,2,401869955,0,total,55.3694103547203,rating_only,retrospective
2026,2,401869955,0,total,54.6737934523869,repaired,retrospective
2026,2,401869955,0,total,55.3694103547203,v5_control,retrospective
2026,2,401871045,0,margin,-10.9910468679016,rating_only,retrospective
2026,2,401871045,0,margin,-5.57994288947069,repaired,retrospective
2026,2,401871045,0,margin,-10.9910468679016,v5_control,retrospective
2026,2,401871045,0,total,54.885516254192,rating_only,retrospective
2026,2,401871045,0,total,53.1918901820077,repaired,retrospective
2026,2,401871045,0,total,54.885516254192,v5_control,retrospective
2026,3,401856685,2,margin,20.6862737100894,rating_only,retrospective
2026,3,401856685,2,margin,17.6754994422372,repaired,retrospective
2026,3,401856685,2,margin,15.5113120231898,v5_control,retrospective
2026,3,401856685,2,total,55.7507275662261,rating_only,retrospective
2026,3,401856685,2,total,57.1779113062722,repaired,retrospective
2026,3,401856685,2,total,55.5805102841464,v5_control,retrospective
2026,3,401856686,1,margin,-51.591173987504,rating_only,retrospective
2026,3,401856686,1,margin,-37.5395380845088,repaired,retrospective
2026,3,401856686,1,margin,-51.591173987504,v5_control,retrospective
2026,3,401856686,1,total,55.4401422065266,rating_only,retrospective
2026,3,401856686,1,total,56.1854722686407,repaired,retrospective
2026,3,401856686,1,total,55.4401422065266,v5_control,retrospective
2026,3,401856687,1,margin,-10.5938892037545,rating_only,retrospective
2026,3,401856687,1,margin,-5.56511532349159,repaired,retrospective
2026,3,401856687,1,margin,-15.8304364812577,v5_control,retrospective
2026,3,401856687,1,total,53.554792459029,rating_only,retrospective
2026,3,401856687,1,total,54.7787497299932,repaired,retrospective
2026,3,401856687,1,total,53.1577535237388,v5_control,retrospective
2026,3,401856688,2,margin,-1.96383256974933,rating_only,retrospective
2026,3,401856688,2,margin,-0.737215373108788,repaired,retrospective
2026,3,401856688,2,margin,-5.9864880183125,v5_control,retrospective
2026,3,401856688,2,total,53.5998516008478,rating_only,retrospective
2026,3,401856688,2,total,56.1783386160849,repaired,retrospective
2026,3,401856688,2,total,53.3400925441933,v5_control,retrospective
2026,3,401856689,1,margin,18.683496201069,rating_only,retrospective
2026,3,401856689,1,margin,15.7345086065557,repaired,retrospective
2026,3,401856689,1,margin,18.683496201069,v5_control,retrospective
2026,3,401856689,1,total,53.2092197026103,rating_only,retrospective
2026,3,401856689,1,total,53.7650679264247,repaired,retrospective
2026,3,401856689,1,total,53.2092197026103,v5_control,retrospective
2026,3,401856690,1,margin,-6.01736029022257,rating_only,retrospective
2026,3,401856690,1,margin,-2.56418497322533,repaired,retrospective
2026,3,401856690,1,margin,6.52538321103622,v5_control,retrospective
2026,3,401856690,1,total,51.8498936359068,rating_only,retrospective
2026,3,401856690,1,total,52.7984715266954,repaired,retrospective
2026,3,401856690,1,total,52.4647245631451,v5_control,retrospective
2026,3,401856691,1,margin,-4.88510263902801,rating_only,retrospective
2026,3,401856691,1,margin,-2.18803618778308,repaired,retrospective
2026,3,401856691,1,margin,-8.59126598082862,v5_control,retrospective
2026,3,401856691,1,total,53.4521136934651,rating_only,retrospective
2026,3,401856691,1,total,56.1184016743181,repaired,retrospective
2026,3,401856691,1,total,53.2965072918275,v5_control,retrospective
2026,3,401856692,1,margin,28.0960536849268,rating_only,retrospective
2026,3,401856692,1,margin,23.0558537141334,repaired,retrospective
2026,3,401856692,1,margin,28.0960536849268,v5_control,retrospective
2026,3,401856692,1,total,56.4707609147893,rating_only,retrospective
2026,3,401856692,1,total,57.1515405073267,repaired,retrospective
2026,3,401856692,1,total,56.4707609147893,v5_control,retrospective
2026,3,401856693,1,margin,27.575849219436,rating_only,retrospective
2026,3,401856693,1,margin,22.6220182233651,repaired,retrospective
2026,3,401856693,1,margin,34.4365557821456,v5_control,retrospective
2026,3,401856693,1,total,54.9571273778877,rating_only,retrospective
2026,3,401856693,1,total,56.011752036931,repaired,retrospective
2026,3,401856693,1,total,55.3194421349675,v5_control,retrospective
2026,3,401856694,1,margin,38.5253564680547,rating_only,retrospective
2026,3,401856694,1,margin,31.2431611215659,repaired,retrospective
2026,3,401856694,1,margin,43.7154751899634,v5_control,retrospective
2026,3,401856694,1,total,56.7247335526234,rating_only,retrospective
2026,3,401856694,1,total,57.6637962463092,repaired,retrospective
2026,3,401856694,1,total,56.6902337454299,v5_control,retrospective
2026,3,401856695,1,margin,26.1565936752437,rating_only,retrospective
2026,3,401856695,1,margin,21.7959029563975,repaired,retrospective
2026,3,401856695,1,margin,26.1565936752437,v5_control,retrospective
2026,3,401856695,1,total,55.6494172635052,rating_only,retrospective
2026,3,401856695,1,total,55.6790289866406,repaired,retrospective
2026,3,401856695,1,total,55.6494172635052,v5_control,retrospective
2026,3,401856792,1,margin,25.2934073833476,rating_only,retrospective
2026,3,401856792,1,margin,20.5305221869227,repaired,retrospective
2026,3,401856792,1,margin,29.1117492600964,v5_control,retrospective
2026,3,401856792,1,total,53.0381384348019,rating_only,retrospective
2026,3,401856792,1,total,53.9178967410363,repaired,retrospective
2026,3,401856792,1,total,52.7670778983959,v5_control,retrospective
2026,3,401856793,1,margin,29.1891460545345,rating_only,retrospective
2026,3,401856793,1,margin,24.5926350400069,repaired,retrospective
2026,3,401856793,1,margin,29.1891460545345,v5_control,retrospective
2026,3,401856793,1,total,55.3675673907732,rating_only,retrospective
2026,3,401856793,1,total,54.4569458463203,repaired,retrospective
2026,3,401856793,1,total,55.3675673907732,v5_control,retrospective
2026,3,401856795,1,margin,0.0469743070488038,rating_only,retrospective
2026,3,401856795,1,margin,1.84646518959205,repaired,retrospective
2026,3,401856795,1,margin,0.0469743070488038,v5_control,retrospective
2026,3,401856795,1,total,53.4544530030757,rating_only,retrospective
2026,3,401856795,1,total,54.3274340922312,repaired,retrospective
2026,3,401856795,1,total,53.4544530030757,v5_control,retrospective
2026,3,401856796,0,margin,4.40974009254411,rating_only,retrospective
2026,3,401856796,0,margin,5.17026123508368,repaired,retrospective
2026,3,401856796,0,margin,4.40974009254411,v5_control,retrospective
2026,3,401856796,0,total,53.0303587847805,rating_only,retrospective
2026,3,401856796,0,total,53.1590417321099,repaired,retrospective
2026,3,401856796,0,total,53.0303587847805,v5_control,retrospective
2026,3,401856797,1,margin,31.1055500377694,rating_only,retrospective
2026,3,401856797,1,margin,26.578836907309,repaired,retrospective
2026,3,401856797,1,margin,31.1055500377694,v5_control,retrospective
2026,3,401856797,1,total,56.8018218425305,rating_only,retrospective
2026,3,401856797,1,total,56.0272385538864,repaired,retrospective
2026,3,401856797,1,total,56.8018218425305,v5_control,retrospective
2026,3,401856798,1,margin,29.6083418051563,rating_only,retrospective
2026,3,401856798,1,margin,25.4499490116216,repaired,retrospective
2026,3,401856798,1,margin,29.6083418051563,v5_control,retrospective
2026,3,401856798,1,total,54.4369439247612,rating_only,retrospective
2026,3,401856798,1,total,53.1214449075149,repaired,retrospective
2026,3,401856798,1,total,54.4369439247612,v5_control,retrospective
2026,3,401856799,1,margin,16.9166702461612,rating_only,retrospective
2026,3,401856799,1,margin,15.4894818384916,repaired,retrospective
2026,3,401856799,1,margin,16.9166702461612,v5_control,retrospective
2026,3,401856799,1,total,53.6696935177093,rating_only,retrospective
2026,3,401856799,1,total,52.9268949901239,repaired,retrospective
2026,3,401856799,1,total,53.6696935177093,v5_control,retrospective
2026,3,401856800,1,margin,6.35721411847506,rating_only,retrospective
2026,3,401856800,1,margin,7.18362757194018,repaired,retrospective
2026,3,401856800,1,margin,6.35721411847506,v5_control,retrospective
2026,3,401856800,1,total,52.5243916730027,rating_only,retrospective
2026,3,401856800,1,total,52.4594624430261,repaired,retrospective
2026,3,401856800,1,total,52.5243916730027,v5_control,retrospective
2026,3,401856801,1,margin,39.9743192901661,rating_only,retrospective
2026,3,401856801,1,margin,31.5455566353906,repaired,retrospective
2026,3,401856801,1,margin,39.9743192901661,v5_control,retrospective
2026,3,401856801,1,total,54.1352782777666,rating_only,retrospective
2026,3,401856801,1,total,55.6482633404728,repaired,retrospective
2026,3,401856801,1,total,54.1352782777666,v5_control,retrospective
2026,3,401856802,1,margin,21.7689231119446,rating_only,retrospective
2026,3,401856802,1,margin,18.3026055101893,repaired,retrospective
2026,3,401856802,1,margin,21.7689231119446,v5_control,retrospective
2026,3,401856802,1,total,53.1800242935712,rating_only,retrospective
2026,3,401856802,1,total,53.7461638254787,repaired,retrospective
2026,3,401856802,1,total,53.1800242935712,v5_control,retrospective
2026,3,401856811,1,margin,5.10828233206939,rating_only,retrospective
2026,3,401856811,1,margin,5.8690599725889,repaired,retrospective
2026,3,401856811,1,margin,5.10828233206939,v5_control,retrospective
2026,3,401856811,1,total,52.9977743588159,rating_only,retrospective
2026,3,401856811,1,total,53.8341473784355,repaired,retrospective
2026,3,401856811,1,total,52.9977743588159,v5_control,retrospective
2026,3,401856812,1,margin,4.52049796550794,rating_only,retrospective
2026,3,401856812,1,margin,6.32874509533088,repaired,retrospective
2026,3,401856812,1,margin,4.52049796550794,v5_control,retrospective
2026,3,401856812,1,total,56.1888998637896,rating_only,retrospective
2026,3,401856812,1,total,55.5230733834618,repaired,retrospective
2026,3,401856812,1,total,56.1888998637896,v5_control,retrospective
2026,3,401858225,1,margin,19.4142964554809,rating_only,retrospective
2026,3,401858225,1,margin,16.4076365059563,repaired,retrospective
2026,3,401858225,1,margin,28.2502750429939,v5_control,retrospective
2026,3,401858225,1,total,53.3470487894135,rating_only,retrospective
2026,3,401858225,1,total,53.8829116352038,repaired,retrospective
2026,3,401858225,1,total,54.2353856477605,v5_control,retrospective
2026,3,401858226,1,margin,5.67463953505356,rating_only,retrospective
2026,3,401858226,1,margin,5.61044328235955,repaired,retrospective
2026,3,401858226,1,margin,5.67463953505356,v5_control,retrospective
2026,3,401858226,1,total,52.900346394992,rating_only,retrospective
2026,3,401858226,1,total,54.3265723311216,repaired,retrospective
2026,3,401858226,1,total,52.900346394992,v5_control,retrospective
2026,3,401858229,1,margin,-4.76529813054378,rating_only,retrospective
2026,3,401858229,1,margin,-1.49593262730786,repaired,retrospective
2026,3,401858229,1,margin,-9.75780499441557,v5_control,retrospective
2026,3,401858229,1,total,52.4405086110861,rating_only,retrospective
2026,3,401858229,1,total,51.6345606519081,repaired,retrospective
2026,3,401858229,1,total,52.7466153933276,v5_control,retrospective
2026,3,401858230,1,margin,-4.86598862416371,rating_only,retrospective
2026,3,401858230,1,margin,-1.70339260952495,repaired,retrospective
2026,3,401858230,1,margin,-4.86598862416371,v5_control,retrospective
2026,3,401858230,1,total,53.8602270090708,rating_only,retrospective
2026,3,401858230,1,total,54.0406349468924,repaired,retrospective
2026,3,401858230,1,total,53.8602270090708,v5_control,retrospective
2026,3,401858231,2,margin,26.291405688154,rating_only,retrospective
2026,3,401858231,2,margin,22.2572036608752,repaired,retrospective
2026,3,401858231,2,margin,19.8836798740024,v5_control,retrospective
2026,3,401858231,2,total,53.8958100227963,rating_only,retrospective
2026,3,401858231,2,total,53.8698982044243,repaired,retrospective
2026,3,401858231,2,total,52.2108200526111,v5_control,retrospective
2026,3,401858232,1,margin,1.70730888497847,rating_only,retrospective
2026,3,401858232,1,margin,3.06522685883117,repaired,retrospective
2026,3,401858232,1,margin,1.70730888497847,v5_control,retrospective
2026,3,401858232,1,total,54.3124750730733,rating_only,retrospective
2026,3,401858232,1,total,55.2746400995019,repaired,retrospective
2026,3,401858232,1,total,54.3124750730733,v5_control,retrospective
2026,3,401858449,1,margin,76.2690357347046,rating_only,retrospective
2026,3,401858449,1,margin,59.8076503560875,repaired,retrospective
2026,3,401858449,1,margin,74.2202377262839,v5_control,retrospective
2026,3,401858449,1,total,58.4848100094533,rating_only,retrospective
2026,3,401858449,1,total,59.5855886503005,repaired,retrospective
2026,3,401858449,1,total,58.1641513215419,v5_control,retrospective
2026,3,401858450,1,margin,43.1220973234875,rating_only,retrospective
2026,3,401858450,1,margin,35.8382933746375,repaired,retrospective
2026,3,401858450,1,margin,42.1449271778043,v5_control,retrospective
2026,3,401858450,1,total,54.6226288384755,rating_only,retrospective
2026,3,401858450,1,total,53.2510295796306,repaired,retrospective
2026,3,401858450,1,total,54.6099221382137,v5_control,retrospective
2026,3,401858451,1,margin,18.6995239678196,rating_only,retrospective
2026,3,401858451,1,margin,17.0217624455834,repaired,retrospective
2026,3,401858451,1,margin,18.6995239678196,v5_control,retrospective
2026,3,401858451,1,total,55.554391248136,rating_only,retrospective
2026,3,401858451,1,total,54.1947167760822,repaired,retrospective
2026,3,401858451,1,total,55.554391248136,v5_control,retrospective
2026,3,401858453,2,margin,10.822465382644,rating_only,retrospective
2026,3,401858453,2,margin,10.1069103966275,repaired,retrospective
2026,3,401858453,2,margin,15.4668023698802,v5_control,retrospective
2026,3,401858453,2,total,54.2401615726029,rating_only,retrospective
2026,3,401858453,2,total,56.2490436203857,repaired,retrospective
2026,3,401858453,2,total,54.440603109422,v5_control,retrospective
2026,3,401858454,1,margin,60.6926514093644,rating_only,retrospective
2026,3,401858454,1,margin,48.5971923673979,repaired,retrospective
2026,3,401858454,1,margin,69.1021904444416,v5_control,retrospective
2026,3,401858454,1,total,56.1100458139432,rating_only,retrospective
2026,3,401858454,1,total,55.8801865100794,repaired,retrospective
2026,3,401858454,1,total,56.5536990126182,v5_control,retrospective
2026,3,401858456,1,margin,43.5757914639614,rating_only,retrospective
2026,3,401858456,1,margin,34.529043906738,repaired,retrospective
2026,3,401858456,1,margin,46.6139093698741,v5_control,retrospective
2026,3,401858456,1,total,53.879336100945,rating_only,retrospective
2026,3,401858456,1,total,55.1614160529559,repaired,retrospective
2026,3,401858456,1,total,53.9686398264522,v5_control,retrospective
2026,3,401858457,2,margin,-27.0353915489898,rating_only,retrospective
2026,3,401858457,2,margin,-18.5878026305554,repaired,retrospective
2026,3,401858457,2,margin,-24.8567278326188,v5_control,retrospective
2026,3,401858457,2,total,52.9324465105869,rating_only,retrospective
2026,3,401858457,2,total,53.8920011887145,repaired,retrospective
2026,3,401858457,2,total,53.6731223084012,v5_control,retrospective
2026,3,401858458,1,margin,19.5429678873176,rating_only,retrospective
2026,3,401858458,1,margin,16.7288551163439,repaired,retrospective
2026,3,401858458,1,margin,19.8531889608716,v5_control,retrospective
2026,3,401858458,1,total,53.8487487787581,rating_only,retrospective
2026,3,401858458,1,total,54.3140402542625,repaired,retrospective
2026,3,401858458,1,total,54.1032632369174,v5_control,retrospective
2026,3,401858460,1,margin,5.77703972564143,rating_only,retrospective
2026,3,401858460,1,margin,6.44450390370292,repaired,retrospective
2026,3,401858460,1,margin,-8.48811252106739,v5_control,retrospective
2026,3,401858460,1,total,54.1919221744208,rating_only,retrospective
2026,3,401858460,1,total,53.2052577983452,repaired,retrospective
2026,3,401858460,1,total,53.3929378760919,v5_control,retrospective
2026,3,401860887,1,margin,-6.94303776898243,rating_only,retrospective
2026,3,401860887,1,margin,-2.87428436225159,repaired,retrospective
2026,3,401860887,1,margin,-6.94303776898243,v5_control,retrospective
2026,3,401860887,1,total,51.4418241502614,rating_only,retrospective
2026,3,401860887,1,total,51.1089535918477,repaired,retrospective
2026,3,401860887,1,total,51.4418241502614,v5_control,retrospective
2026,3,401860888,2,margin,-0.0750846850052345,rating_only,retrospective
2026,3,401860888,2,margin,1.52990377259719,repaired,retrospective
2026,3,401860888,2,margin,5.26098222910295,v5_control,retrospective
2026,3,401860888,2,total,53.0380428579675,rating_only,retrospective
2026,3,401860888,2,total,53.1962370181053,repaired,retrospective
2026,3,401860888,2,total,53.6756715255623,v5_control,retrospective
2026,3,401860889,2,margin,-32.6959188012341,rating_only,retrospective
2026,3,401860889,2,margin,-22.959496419809,repaired,retrospective
2026,3,401860889,2,margin,-19.1516091513281,v5_control,retrospective
2026,3,401860889,2,total,55.8587825201126,rating_only,retrospective
2026,3,401860889,2,total,56.5253219690961,repaired,retrospective
2026,3,401860889,2,total,57.6604273017937,v5_control,retrospective
2026,3,401861963,1,margin,-0.196985098570577,rating_only,retrospective
2026,3,401861963,1,margin,2.37474614544707,repaired,retrospective
2026,3,401861963,1,margin,-0.196985098570575,v5_control,retrospective
2026,3,401861963,1,total,55.935816643288,rating_only,retrospective
2026,3,401861963,1,total,54.6676615986335,repaired,retrospective
2026,3,401861963,1,total,55.935816643288,v5_control,retrospective
2026,3,401862710,1,margin,8.88198335598969,rating_only,retrospective
2026,3,401862710,1,margin,9.21067290266597,repaired,retrospective
2026,3,401862710,1,margin,12.1834208906377,v5_control,retrospective
2026,3,401862710,1,total,55.9144133417638,rating_only,retrospective
2026,3,401862710,1,total,55.2422312498102,repaired,retrospective
2026,3,401862710,1,total,56.1716389842409,v5_control,retrospective
2026,3,401862771,2,margin,-7.19313438783523,rating_only,retrospective
2026,3,401862771,2,margin,-3.76171668322629,repaired,retrospective
2026,3,401862771,2,margin,-8.62205134198527,v5_control,retrospective
2026,3,401862771,2,total,55.1648178398419,rating_only,retrospective
2026,3,401862771,2,total,54.8255455833584,repaired,retrospective
2026,3,401862771,2,total,55.9805080902103,v5_control,retrospective
2026,3,401862773,1,margin,-22.554205530494,rating_only,retrospective
2026,3,401862773,1,margin,-14.8637255503758,repaired,retrospective
2026,3,401862773,1,margin,-22.554205530494,v5_control,retrospective
2026,3,401862773,1,total,52.2950574978638,rating_only,retrospective
2026,3,401862773,1,total,51.338604383963,repaired,retrospective
2026,3,401862773,1,total,52.2950574978638,v5_control,retrospective
2026,3,401862774,1,margin,17.1235832919478,rating_only,retrospective
2026,3,401862774,1,margin,15.2299835925819,repaired,retrospective
2026,3,401862774,1,margin,17.1235832919478,v5_control,retrospective
2026,3,401862774,1,total,53.1113175961279,rating_only,retrospective
2026,3,401862774,1,total,53.1615569633307,repaired,retrospective
2026,3,401862774,1,total,53.1113175961279,v5_control,retrospective
2026,3,401862776,1,margin,13.1913966045753,rating_only,retrospective
2026,3,401862776,1,margin,12.2228374882559,repaired,retrospective
2026,3,401862776,1,margin,15.5339609981239,v5_control,retrospective
2026,3,401862776,1,total,56.0543224740471,rating_only,retrospective
2026,3,401862776,1,total,56.193085992216,repaired,retrospective
2026,3,401862776,1,total,56.8901306805516,v5_control,retrospective
2026,3,401864443,1,margin,-21.6106852805934,rating_only,retrospective
2026,3,401864443,1,margin,-13.9433169896632,repaired,retrospective
2026,3,401864443,1,margin,-21.6106852805934,v5_control,retrospective
2026,3,401864443,1,total,53.3099364133471,rating_only,retrospective
2026,3,401864443,1,total,53.2581214025488,repaired,retrospective
2026,3,401864443,1,total,53.3099364133471,v5_control,retrospective
2026,3,401864507,2,margin,-28.0620763491286,rating_only,retrospective
2026,3,401864507,2,margin,-18.8279860859547,repaired,retrospective
2026,3,401864507,2,margin,-25.564221679714,v5_control,retrospective
2026,3,401864507,2,total,53.7413254395729,rating_only,retrospective
2026,3,401864507,2,total,52.5597407985665,repaired,retrospective
2026,3,401864507,2,total,52.7391059776122,v5_control,retrospective
2026,3,401864508,1,margin,-2.70519555942262,rating_only,retrospective
2026,3,401864508,1,margin,0.707577631147944,repaired,retrospective
2026,3,401864508,1,margin,-2.70519555942262,v5_control,retrospective
2026,3,401864508,1,total,54.1434541654334,rating_only,retrospective
2026,3,401864508,1,total,52.3364434154921,repaired,retrospective
2026,3,401864508,1,total,54.1434541654334,v5_control,retrospective
2026,3,401864574,1,margin,25.7050056103536,rating_only,retrospective
2026,3,401864574,1,margin,22.3151224677546,repaired,retrospective
2026,3,401864574,1,margin,25.7050056103536,v5_control,retrospective
2026,3,401864574,1,total,55.2524230851187,rating_only,retrospective
2026,3,401864574,1,total,54.0501551573476,repaired,retrospective
2026,3,401864574,1,total,55.2524230851187,v5_control,retrospective
2026,3,401866422,1,margin,21.6327364785852,rating_only,retrospective
2026,3,401866422,1,margin,19.3286042189128,repaired,retrospective
2026,3,401866422,1,margin,21.6327364785852,v5_control,retrospective
2026,3,401866422,1,total,55.2914351182523,rating_only,retrospective
2026,3,401866422,1,total,53.863514023831,repaired,retrospective
2026,3,401866422,1,total,55.2914351182523,v5_control,retrospective
2026,3,401866423,1,margin,9.87086013107951,rating_only,retrospective
2026,3,401866423,1,margin,9.6610276574591,repaired,retrospective
2026,3,401866423,1,margin,14.0592457458171,v5_control,retrospective
2026,3,401866423,1,total,57.3846069288402,rating_only,retrospective
2026,3,401866423,1,total,57.0375487133693,repaired,retrospective
2026,3,401866423,1,total,57.7840265575806,v5_control,retrospective
2026,3,401867804,1,margin,13.7788620182792,rating_only,retrospective
2026,3,401867804,1,margin,12.495910756755,repaired,retrospective
2026,3,401867804,1,margin,13.7788620182792,v5_control,retrospective
2026,3,401867804,1,total,53.1055676445647,rating_only,retrospective
2026,3,401867804,1,total,52.5268299180736,repaired,retrospective
2026,3,401867804,1,total,53.1055676445647,v5_control,retrospective
2026,3,401869940,1,margin,2.19403407695292,rating_only,retrospective
2026,3,401869940,1,margin,4.09630645720869,repaired,retrospective
2026,3,401869940,1,margin,2.19403407695292,v5_control,retrospective
2026,3,401869940,1,total,55.2347798977938,rating_only,retrospective
2026,3,401869940,1,total,54.6657888690885,repaired,retrospective
2026,3,401869940,1,total,55.2347798977938,v5_control,retrospective
2026,3,401869948,1,margin,15.0177066706812,rating_only,retrospective
2026,3,401869948,1,margin,13.0162736645485,repaired,retrospective
2026,3,401869948,1,margin,7.19187328784262,v5_control,retrospective
2026,3,401869948,1,total,54.0859077615297,rating_only,retrospective
2026,3,401869948,1,total,53.7055728559218,repaired,retrospective
2026,3,401869948,1,total,53.4776318254909,v5_control,retrospective
2026,3,401871047,1,margin,5.05685964074565,rating_only,retrospective
2026,3,401871047,1,margin,6.84914103890571,repaired,retrospective
2026,3,401871047,1,margin,12.0992730375157,v5_control,retrospective
2026,3,401871047,1,total,55.8395207025802,rating_only,retrospective
2026,3,401871047,1,total,53.9232329386133,repaired,retrospective
2026,3,401871047,1,total,56.3117454982526,v5_control,retrospective
2026,4,401856696,2,margin,3.77919623898926,rating_only,retrospective
2026,4,401856696,2,margin,4.26978079307748,repaired,retrospective
2026,4,401856696,2,margin,-3.13423286775276,v5_control,retrospective
2026,4,401856696,2,total,55.1718248797996,rating_only,retrospective
2026,4,401856696,2,total,57.5017853082316,repaired,retrospective
2026,4,401856696,2,total,54.2863267236827,v5_control,retrospective
2026,4,401856697,2,margin,-17.1230861379301,rating_only,retrospective
2026,4,401856697,2,margin,-11.0455827137872,repaired,retrospective
2026,4,401856697,2,margin,-23.2411850232444,v5_control,retrospective
2026,4,401856697,2,total,52.1994474163948,rating_only,retrospective
2026,4,401856697,2,total,51.7949165481542,repaired,retrospective
2026,4,401856697,2,total,52.6531627417886,v5_control,retrospective
2026,4,401856698,2,margin,8.55069707255234,rating_only,retrospective
2026,4,401856698,2,margin,8.85148446060485,repaired,retrospective
2026,4,401856698,2,margin,4.0361744651269,v5_control,retrospective
2026,4,401856698,2,total,54.4858851417123,rating_only,retrospective
2026,4,401856698,2,total,54.9822468905935,repaired,retrospective
2026,4,401856698,2,total,53.3991407442741,v5_control,retrospective
2026,4,401856699,2,margin,-1.80622415722663,rating_only,retrospective
2026,4,401856699,2,margin,-0.574115875037237,repaired,retrospective
2026,4,401856699,2,margin,5.41304300204521,v5_control,retrospective
2026,4,401856699,2,total,56.5687566971526,rating_only,retrospective
2026,4,401856699,2,total,59.3796054772762,repaired,retrospective
2026,4,401856699,2,total,56.0468316684782,v5_control,retrospective
2026,4,401856700,2,margin,21.2192568825566,rating_only,retrospective
2026,4,401856700,2,margin,16.792719459765,repaired,retrospective
2026,4,401856700,2,margin,18.3697181646205,v5_control,retrospective
2026,4,401856700,2,total,53.4143815320535,rating_only,retrospective
2026,4,401856700,2,total,56.0831922800706,repaired,retrospective
2026,4,401856700,2,total,53.882902487871,v5_control,retrospective
2026,4,401856702,3,margin,9.35478304690966,rating_only,retrospective
2026,4,401856702,3,margin,8.59849983695048,repaired,retrospective
2026,4,401856702,3,margin,2.11190021743479,v5_control,retrospective
2026,4,401856702,3,total,54.5644848279178,rating_only,retrospective
2026,4,401856702,3,total,55.9781688621359,repaired,retrospective
2026,4,401856702,3,total,53.3555729740835,v5_control,retrospective
2026,4,401856703,2,margin,22.0904518732655,rating_only,retrospective
2026,4,401856703,2,margin,17.597273172678,repaired,retrospective
2026,4,401856703,2,margin,26.4912364511288,v5_control,retrospective
2026,4,401856703,2,total,55.1624341724873,rating_only,retrospective
2026,4,401856703,2,total,57.2537128792633,repaired,retrospective
2026,4,401856703,2,total,55.0967742581673,v5_control,retrospective
2026,4,401856704,2,margin,-3.46571305796646,rating_only,retrospective
2026,4,401856704,2,margin,-1.69945717792798,repaired,retrospective
2026,4,401856704,2,margin,-8.63963662221643,v5_control,retrospective
2026,4,401856704,2,total,54.9518948286657,rating_only,retrospective
2026,4,401856704,2,total,57.2564492952376,repaired,retrospective
2026,4,401856704,2,total,54.8498158926276,v5_control,retrospective
2026,4,401856804,2,margin,-26.8946834931713,rating_only,retrospective
2026,4,401856804,2,margin,-17.6525055198975,repaired,retrospective
2026,4,401856804,2,margin,-10.4739407263202,v5_control,retrospective
2026,4,401856804,2,total,52.9622674499279,rating_only,retrospective
2026,4,401856804,2,total,52.2371168750046,repaired,retrospective
2026,4,401856804,2,total,53.2762858799168,v5_control,retrospective
2026,4,401856805,2,margin,15.2042768512928,rating_only,retrospective
2026,4,401856805,2,margin,13.4855822653817,repaired,retrospective
2026,4,401856805,2,margin,19.1053296704894,v5_control,retrospective
2026,4,401856805,2,total,53.3592429178818,rating_only,retrospective
2026,4,401856805,2,total,53.820568469557,repaired,retrospective
2026,4,401856805,2,total,53.0318136927067,v5_control,retrospective
2026,4,401856806,2,margin,-11.2999390260631,rating_only,retrospective
2026,4,401856806,2,margin,-6.24062105405668,repaired,retrospective
2026,4,401856806,2,margin,-16.7794231080465,v5_control,retrospective
2026,4,401856806,2,total,53.0556780860823,rating_only,retrospective
2026,4,401856806,2,total,52.7211339383732,repaired,retrospective
2026,4,401856806,2,total,52.0453250017554,v5_control,retrospective
2026,4,401856813,2,margin,14.6202543769347,rating_only,retrospective
2026,4,401856813,2,margin,12.8479159069268,repaired,retrospective
2026,4,401856813,2,margin,7.90222130288939,v5_control,retrospective
2026,4,401856813,2,total,52.3865746437959,rating_only,retrospective
2026,4,401856813,2,total,52.6957594552872,repaired,retrospective
2026,4,401856813,2,total,51.3958688970535,v5_control,retrospective
2026,4,401856814,2,margin,-16.0363433438947,rating_only,retrospective
2026,4,401856814,2,margin,-9.90508800069131,repaired,retrospective
2026,4,401856814,2,margin,-17.1216627164491,v5_control,retrospective
2026,4,401856814,2,total,54.3959126915191,rating_only,retrospective
2026,4,401856814,2,total,55.1392675387066,repaired,retrospective
2026,4,401856814,2,total,53.6505604179747,v5_control,retrospective
2026,4,401856815,2,margin,15.4077013275779,rating_only,retrospective
2026,4,401856815,2,margin,13.162127032277,repaired,retrospective
2026,4,401856815,2,margin,18.6115744591428,v5_control,retrospective
2026,4,401856815,2,total,51.7394833562112,rating_only,retrospective
2026,4,401856815,2,total,52.6167080349903,repaired,retrospective
2026,4,401856815,2,total,51.6505630043254,v5_control,retrospective
2026,4,401856816,2,margin,-28.57353222593,rating_only,retrospective
2026,4,401856816,2,margin,-19.8274316748221,repaired,retrospective
2026,4,401856816,2,margin,-33.5969880926826,v5_control,retrospective
2026,4,401856816,2,total,52.484879759661,rating_only,retrospective
2026,4,401856816,2,total,54.3423990316213,repaired,retrospective
2026,4,401856816,2,total,51.8152500319813,v5_control,retrospective
2026,4,401856881,2,margin,10.5391178679773,rating_only,retrospective
2026,4,401856881,2,margin,10.0605314970618,repaired,retrospective
2026,4,401856881,2,margin,13.6999947499099,v5_control,retrospective
2026,4,401856881,2,total,54.0752406233002,rating_only,retrospective
2026,4,401856881,2,total,54.438875692041,repaired,retrospective
2026,4,401856881,2,total,53.625737415559,v5_control,retrospective
2026,4,401858234,2,margin,0.385639780914604,rating_only,retrospective
2026,4,401858234,2,margin,2.61574299523604,repaired,retrospective
2026,4,401858234,2,margin,10.502244295328,v5_control,retrospective
2026,4,401858234,2,total,53.1094742334767,rating_only,retrospective
2026,4,401858234,2,total,52.7919957954294,repaired,retrospective
2026,4,401858234,2,total,54.4095240631944,v5_control,retrospective
2026,4,401858238,2,margin,29.3463885072387,rating_only,retrospective
2026,4,401858238,2,margin,24.8765264102964,repaired,retrospective
2026,4,401858238,2,margin,37.9931080311612,v5_control,retrospective
2026,4,401858238,2,total,54.5627573600702,rating_only,retrospective
2026,4,401858238,2,total,54.3460539892079,repaired,retrospective
2026,4,401858238,2,total,54.9275725726006,v5_control,retrospective
2026,4,401858239,2,margin,18.0637967438332,rating_only,retrospective
2026,4,401858239,2,margin,15.6721262162272,repaired,retrospective
2026,4,401858239,2,margin,25.2588277479724,v5_control,retrospective
2026,4,401858239,2,total,53.7747389562101,rating_only,retrospective
2026,4,401858239,2,total,53.8858228481004,repaired,retrospective
2026,4,401858239,2,total,53.6619745895634,v5_control,retrospective
2026,4,401858240,2,margin,-3.60451245143029,rating_only,retrospective
2026,4,401858240,2,margin,-0.67429877487853,repaired,retrospective
2026,4,401858240,2,margin,1.20949021246878,v5_control,retrospective
2026,4,401858240,2,total,55.037052752004,rating_only,retrospective
2026,4,401858240,2,total,54.4643286680862,repaired,retrospective
2026,4,401858240,2,total,53.971234929049,v5_control,retrospective
2026,4,401858241,2,margin,33.7742696219335,rating_only,retrospective
2026,4,401858241,2,margin,28.0283162637174,repaired,retrospective
2026,4,401858241,2,margin,38.2917412943588,v5_control,retrospective
2026,4,401858241,2,total,54.6006017157887,rating_only,retrospective
2026,4,401858241,2,total,54.1139682036099,repaired,retrospective
2026,4,401858241,2,total,54.7620552958217,v5_control,retrospective
2026,4,401858242,2,margin,-19.1184270274613,rating_only,retrospective
2026,4,401858242,2,margin,-12.3814983357665,repaired,retrospective
2026,4,401858242,2,margin,-20.816613372113,v5_control,retrospective
2026,4,401858242,2,total,54.8389468311185,rating_only,retrospective
2026,4,401858242,2,total,55.3025762154445,repaired,retrospective
2026,4,401858242,2,total,54.2774296810197,v5_control,retrospective
2026,4,401858243,2,margin,10.0841389048338,rating_only,retrospective
2026,4,401858243,2,margin,9.43571663989167,repaired,retrospective
2026,4,401858243,2,margin,-2.34087603573483,v5_control,retrospective
2026,4,401858243,2,total,54.4436374838821,rating_only,retrospective
2026,4,401858243,2,total,55.5453083404105,repaired,retrospective
2026,4,401858243,2,total,54.3426989154997,v5_control,retrospective
2026,4,401858461,1,margin,16.6569577531902,rating_only,retrospective
2026,4,401858461,1,margin,13.9743268396126,repaired,retrospective
2026,4,401858461,1,margin,25.5847417408648,v5_control,retrospective
2026,4,401858461,1,total,53.0514112581436,rating_only,retrospective
2026,4,401858461,1,total,55.2447575475935,repaired,retrospective
2026,4,401858461,1,total,53.9051707890098,v5_control,retrospective
2026,4,401858462,2,margin,0.141861112628895,rating_only,retrospective
2026,4,401858462,2,margin,1.96199009454301,repaired,retrospective
2026,4,401858462,2,margin,1.72108861777255,v5_control,retrospective
2026,4,401858462,2,total,53.4038529764775,rating_only,retrospective
2026,4,401858462,2,total,54.4083215659702,repaired,retrospective
2026,4,401858462,2,total,52.8820594035792,v5_control,retrospective
2026,4,401858463,2,margin,3.32373640994203,rating_only,retrospective
2026,4,401858463,2,margin,4.17633712705613,repaired,retrospective
2026,4,401858463,2,margin,-9.80111847585509,v5_control,retrospective
2026,4,401858463,2,total,51.0657715148417,rating_only,retrospective
2026,4,401858463,2,total,51.7097580939554,repaired,retrospective
2026,4,401858463,2,total,50.3956759745644,v5_control,retrospective
2026,4,401858464,2,margin,-5.06967275748963,rating_only,retrospective
2026,4,401858464,2,margin,-2.18266419216806,repaired,retrospective
2026,4,401858464,2,margin,-5.00282524250975,v5_control,retrospective
2026,4,401858464,2,total,53.2155583341969,rating_only,retrospective
2026,4,401858464,2,total,54.4992352232044,repaired,retrospective
2026,4,401858464,2,total,54.1005128977798,v5_control,retrospective
2026,4,401858465,2,margin,15.5742530804202,rating_only,retrospective
2026,4,401858465,2,margin,13.8332485834497,repaired,retrospective
2026,4,401858465,2,margin,20.1837937758875,v5_control,retrospective
2026,4,401858465,2,total,55.1203410845306,rating_only,retrospective
2026,4,401858465,2,total,56.692138082568,repaired,retrospective
2026,4,401858465,2,total,55.1101265068754,v5_control,retrospective
2026,4,401858466,2,margin,29.3398866978794,rating_only,retrospective
2026,4,401858466,2,margin,24.0342410593611,repaired,retrospective
2026,4,401858466,2,margin,49.2407111709787,v5_control,retrospective
2026,4,401858466,2,total,52.9507109707848,rating_only,retrospective
2026,4,401858466,2,total,54.204290128544,repaired,retrospective
2026,4,401858466,2,total,53.9087684102512,v5_control,retrospective
2026,4,401858467,2,margin,-33.5938299211133,rating_only,retrospective
2026,4,401858467,2,margin,-24.641273910281,repaired,retrospective
2026,4,401858467,2,margin,-29.3028141306286,v5_control,retrospective
2026,4,401858467,2,total,53.5745782474344,rating_only,retrospective
2026,4,401858467,2,total,55.3081364896122,repaired,retrospective
2026,4,401858467,2,total,54.1872203439457,v5_control,retrospective
2026,4,401858469,2,margin,16.1182477183204,rating_only,retrospective
2026,4,401858469,2,margin,13.3692781620146,repaired,retrospective
2026,4,401858469,2,margin,18.9336319307795,v5_control,retrospective
2026,4,401858469,2,total,55.7016507768056,rating_only,retrospective
2026,4,401858469,2,total,57.3895425485156,repaired,retrospective
2026,4,401858469,2,total,55.320186153891,v5_control,retrospective
2026,4,401858470,2,margin,8.622627389601,rating_only,retrospective
2026,4,401858470,2,margin,8.46785316086518,repaired,retrospective
2026,4,401858470,2,margin,18.4589943824486,v5_control,retrospective
2026,4,401858470,2,total,52.7252868087741,rating_only,retrospective
2026,4,401858470,2,total,52.9117815986977,repaired,retrospective
2026,4,401858470,2,total,53.0719240536892,v5_control,retrospective
2026,4,401860891,2,margin,22.6021807236964,rating_only,retrospective
2026,4,401860891,2,margin,20.0609701528514,repaired,retrospective
2026,4,401860891,2,margin,24.0794242522379,v5_control,retrospective
2026,4,401860891,2,total,52.3119387770317,rating_only,retrospective
2026,4,401860891,2,total,51.5787545283211,repaired,retrospective
2026,4,401860891,2,total,51.8134687704069,v5_control,retrospective
2026,4,401860893,2,margin,17.2965714753064,rating_only,retrospective
2026,4,401860893,2,margin,14.5487316499568,repaired,retrospective
2026,4,401860893,2,margin,20.1803271048359,v5_control,retrospective
2026,4,401860893,2,total,53.5697145844528,rating_only,retrospective
2026,4,401860893,2,total,54.3016989915239,repaired,retrospective
2026,4,401860893,2,total,52.514951548641,v5_control,retrospective
2026,4,401860894,2,margin,-9.01386019614751,rating_only,retrospective
2026,4,401860894,2,margin,-4.4410110381027,repaired,retrospective
2026,4,401860894,2,margin,-5.03773354854316,v5_control,retrospective
2026,4,401860894,2,total,51.4515143259879,rating_only,retrospective
2026,4,401860894,2,total,50.5860779481581,repaired,retrospective
2026,4,401860894,2,total,51.5341066432701,v5_control,retrospective
2026,4,401860895,2,margin,-8.55435471643931,rating_only,retrospective
2026,4,401860895,2,margin,-4.37800311421105,repaired,retrospective
2026,4,401860895,2,margin,-15.2789371923005,v5_control,retrospective
2026,4,401860895,2,total,56.4127607260532,rating_only,retrospective
2026,4,401860895,2,total,55.3929263502993,repaired,retrospective
2026,4,401860895,2,total,56.3004203831705,v5_control,retrospective
2026,4,401860896,2,margin,9.03600401820312,rating_only,retrospective
2026,4,401860896,2,margin,9.3420372545431,repaired,retrospective
2026,4,401860896,2,margin,-3.27400607096983,v5_control,retrospective
2026,4,401860896,2,total,53.439208038818,rating_only,retrospective
2026,4,401860896,2,total,53.4558865765301,repaired,retrospective
2026,4,401860896,2,total,52.9758010846076,v5_control,retrospective
2026,4,401860897,2,margin,2.77758154548994,rating_only,retrospective
2026,4,401860897,2,margin,4.37666729100313,repaired,retrospective
2026,4,401860897,2,margin,6.7781381968751,v5_control,retrospective
2026,4,401860897,2,total,53.4473391880431,rating_only,retrospective
2026,4,401860897,2,total,53.3749910461691,repaired,retrospective
2026,4,401860897,2,total,53.2335654062675,v5_control,retrospective
2026,4,401861970,2,margin,-5.57538871925887,rating_only,retrospective
2026,4,401861970,2,margin,-2.07226422268457,repaired,retrospective
2026,4,401861970,2,margin,-5.19366332761653,v5_control,retrospective
2026,4,401861970,2,total,56.3668286973044,rating_only,retrospective
2026,4,401861970,2,total,55.974115722214,repaired,retrospective
2026,4,401861970,2,total,57.0405490778009,v5_control,retrospective
2026,4,401862778,1,margin,-0.0164823716443476,rating_only,retrospective
2026,4,401862778,1,margin,2.30398635704455,repaired,retrospective
2026,4,401862778,1,margin,-1.78262555395365,v5_control,retrospective
2026,4,401862778,1,total,54.8369696013505,rating_only,retrospective
2026,4,401862778,1,total,54.5422836319126,repaired,retrospective
2026,4,401862778,1,total,55.9281335026223,v5_control,retrospective
2026,4,401862779,1,margin,6.08938623521283,rating_only,retrospective
2026,4,401862779,1,margin,6.48342195825085,repaired,retrospective
2026,4,401862779,1,margin,4.97726434812288,v5_control,retrospective
2026,4,401862779,1,total,55.1779095126807,rating_only,retrospective
2026,4,401862779,1,total,55.4994812681436,repaired,retrospective
2026,4,401862779,1,total,54.4475621572333,v5_control,retrospective
2026,4,401862780,2,margin,-12.8368649118737,rating_only,retrospective
2026,4,401862780,2,margin,-7.18413688656215,repaired,retrospective
2026,4,401862780,2,margin,-23.7181918635711,v5_control,retrospective
2026,4,401862780,2,total,53.7033447793104,rating_only,retrospective
2026,4,401862780,2,total,52.9799929132564,repaired,retrospective
2026,4,401862780,2,total,54.2914743130383,v5_control,retrospective
2026,4,401862782,2,margin,-0.747765592302909,rating_only,retrospective
2026,4,401862782,2,margin,1.9709411487946,repaired,retrospective
2026,4,401862782,2,margin,-3.98100178656013,v5_control,retrospective
2026,4,401862782,2,total,55.0478065381575,rating_only,retrospective
2026,4,401862782,2,total,54.0078484321198,repaired,retrospective
2026,4,401862782,2,total,57.1905714047192,v5_control,retrospective
2026,4,401862784,2,margin,23.618981174068,rating_only,retrospective
2026,4,401862784,2,margin,21.1206672032841,repaired,retrospective
2026,4,401862784,2,margin,21.5654622721073,v5_control,retrospective
2026,4,401862784,2,total,55.2229287648483,rating_only,retrospective
2026,4,401862784,2,total,54.2847682799296,repaired,retrospective
2026,4,401862784,2,total,54.2417762926085,v5_control,retrospective
2026,4,401862785,2,margin,-27.2825609256911,rating_only,retrospective
2026,4,401862785,2,margin,-18.5635662757714,repaired,retrospective
2026,4,401862785,2,margin,-35.9097364903376,v5_control,retrospective
2026,4,401862785,2,total,55.0635329943624,rating_only,retrospective
2026,4,401862785,2,total,54.2419652622185,repaired,retrospective
2026,4,401862785,2,total,54.1218895246118,v5_control,retrospective
2026,4,401864509,1,margin,17.488750405833,rating_only,retrospective
2026,4,401864509,1,margin,15.4924227337532,repaired,retrospective
2026,4,401864509,1,margin,23.5379689040426,v5_control,retrospective
2026,4,401864509,1,total,54.9671520660273,rating_only,retrospective
2026,4,401864509,1,total,55.2671526812193,repaired,retrospective
2026,4,401864509,1,total,55.1869393417703,v5_control,retrospective
2026,4,401864510,2,margin,-5.36310830388961,rating_only,retrospective
2026,4,401864510,2,margin,-1.07119993636448,repaired,retrospective
2026,4,401864510,2,margin,-7.92647579985024,v5_control,retrospective
2026,4,401864510,2,total,52.6302447429665,rating_only,retrospective
2026,4,401864510,2,total,50.8831058828655,repaired,retrospective
2026,4,401864510,2,total,52.6810335663114,v5_control,retrospective
2026,4,401864511,2,margin,32.4419854873935,rating_only,retrospective
2026,4,401864511,2,margin,27.1511421726241,repaired,retrospective
2026,4,401864511,2,margin,37.5038769525959,v5_control,retrospective
2026,4,401864511,2,total,57.3659446753224,rating_only,retrospective
2026,4,401864511,2,total,56.9012650084184,repaired,retrospective
2026,4,401864511,2,total,56.287008008388,v5_control,retrospective
2026,4,401864512,2,margin,-10.3131277876119,rating_only,retrospective
2026,4,401864512,2,margin,-5.12340747842736,repaired,retrospective
2026,4,401864512,2,margin,-17.0910768547656,v5_control,retrospective
2026,4,401864512,2,total,52.483606322077,rating_only,retrospective
2026,4,401864512,2,total,50.6055632132434,repaired,retrospective
2026,4,401864512,2,total,52.5639427026776,v5_control,retrospective
2026,4,401864572,2,margin,3.2598342662478,rating_only,retrospective
2026,4,401864572,2,margin,5.00008367545527,repaired,retrospective
2026,4,401864572,2,margin,-3.337436322157,v5_control,retrospective
2026,4,401864572,2,total,53.8990537099639,rating_only,retrospective
2026,4,401864572,2,total,53.3327718342264,repaired,retrospective
2026,4,401864572,2,total,53.4248653930265,v5_control,retrospective
2026,4,401864576,2,margin,3.44199803860257,rating_only,retrospective
2026,4,401864576,2,margin,5.21765096892508,repaired,retrospective
2026,4,401864576,2,margin,0.281889351106102,v5_control,retrospective
2026,4,401864576,2,total,55.4342783550373,rating_only,retrospective
2026,4,401864576,2,total,55.4656293770765,repaired,retrospective
2026,4,401864576,2,total,55.8201449706837,v5_control,retrospective
2026,4,401864579,2,margin,-23.4942511860245,rating_only,retrospective
2026,4,401864579,2,margin,-15.6405629264903,repaired,retrospective
2026,4,401864579,2,margin,-31.1787740331463,v5_control,retrospective
2026,4,401864579,2,total,52.501015057803,rating_only,retrospective
2026,4,401864579,2,total,52.1152911020814,repaired,retrospective
2026,4,401864579,2,total,52.5704161389763,v5_control,retrospective
2026,4,401866425,2,margin,9.81889921566565,rating_only,retrospective
2026,4,401866425,2,margin,10.5628694335473,repaired,retrospective
2026,4,401866425,2,margin,2.34559163789267,v5_control,retrospective
2026,4,401866425,2,total,56.6226110932397,rating_only,retrospective
2026,4,401866425,2,total,54.476387370661,repaired,retrospective
2026,4,401866425,2,total,56.9408182752458,v5_control,retrospective
2026,4,401866429,1,margin,-19.8533341940248,rating_only,retrospective
2026,4,401866429,1,margin,-12.3064928079353,repaired,retrospective
2026,4,401866429,1,margin,-17.1647870870524,v5_control,retrospective
2026,4,401866429,1,total,54.6435006828619,rating_only,retrospective
2026,4,401866429,1,total,53.2932956238568,repaired,retrospective
2026,4,401866429,1,total,54.3990771933107,v5_control,retrospective
2026,4,401869931,2,margin,1.99852742399753,rating_only,retrospective
2026,4,401869931,2,margin,3.99476804441124,repaired,retrospective
2026,4,401869931,2,margin,1.45728589806765,v5_control,retrospective
2026,4,401869931,2,total,53.8471992703937,rating_only,retrospective
2026,4,401869931,2,total,52.6168364818844,repaired,retrospective
2026,4,401869931,2,total,54.103161972074,v5_control,retrospective
2026,4,401869941,2,margin,3.09753583192004,rating_only,retrospective
2026,4,401869941,2,margin,4.7199120515361,repaired,retrospective
2026,4,401869941,2,margin,6.1654444971431,v5_control,retrospective
2026,4,401869941,2,total,53.117194497466,rating_only,retrospective
2026,4,401869941,2,total,52.8886907950928,repaired,retrospective
2026,4,401869941,2,total,53.1412642445405,v5_control,retrospective
2026,4,401869961,2,margin,-0.508276985355242,rating_only,retrospective
2026,4,401869961,2,margin,1.3396710671154,repaired,retrospective
2026,4,401869961,2,margin,-7.73458322101997,v5_control,retrospective
2026,4,401869961,2,total,52.8013868483874,rating_only,retrospective
2026,4,401869961,2,total,53.0323082579779,repaired,retrospective
2026,4,401869961,2,total,53.453992621559,v5_control,retrospective
2026,4,401871048,2,margin,9.4752698253427,rating_only,retrospective
2026,4,401871048,2,margin,9.02345858853565,repaired,retrospective
2026,4,401871048,2,margin,5.95289767051408,v5_control,retrospective
2026,4,401871048,2,total,55.8996362628214,rating_only,retrospective
2026,4,401871048,2,total,55.0559473391734,repaired,retrospective
2026,4,401871048,2,total,55.2872944872056,v5_control,retrospective
2026,5,401856705,3,margin,36.9203525689215,rating_only,week5_unscored
2026,5,401856705,3,margin,29.5926876624371,repaired,week5_unscored
2026,5,401856705,3,margin,39.0697719278087,v5_control,week5_unscored
2026,5,401856705,3,total,55.7453722283665,rating_only,week5_unscored
2026,5,401856705,3,total,58.0166245050059,repaired,week5_unscored
2026,5,401856705,3,total,56.4053745423483,v5_control,week5_unscored
2026,5,401856707,4,margin,-5.28955957647289,rating_only,week5_unscored
2026,5,401856707,4,margin,-3.21800096495441,repaired,week5_unscored
2026,5,401856707,4,margin,8.09562244560261,v5_control,week5_unscored
2026,5,401856707,4,total,55.0980660882317,rating_only,week5_unscored
2026,5,401856707,4,total,57.5925260123529,repaired,week5_unscored
2026,5,401856707,4,total,55.5403848290817,v5_control,week5_unscored
2026,5,401856708,3,margin,-20.2179085331433,rating_only,week5_unscored
2026,5,401856708,3,margin,-13.0269754977529,repaired,week5_unscored
2026,5,401856708,3,margin,-17.496333142717,v5_control,week5_unscored
2026,5,401856708,3,total,53.9321023909632,rating_only,week5_unscored
2026,5,401856708,3,total,55.2555862939524,repaired,week5_unscored
2026,5,401856708,3,total,54.3336539134437,v5_control,week5_unscored
2026,5,401856709,3,margin,8.55036190184334,rating_only,week5_unscored
2026,5,401856709,3,margin,7.88907480657947,repaired,week5_unscored
2026,5,401856709,3,margin,30.3535746489741,v5_control,week5_unscored
2026,5,401856709,3,total,54.4122586278858,rating_only,week5_unscored
2026,5,401856709,3,total,55.5290621149421,repaired,week5_unscored
2026,5,401856709,3,total,54.9154061864143,v5_control,week5_unscored
2026,5,401856710,3,margin,9.01352198859501,rating_only,week5_unscored
2026,5,401856710,3,margin,8.12533394457152,repaired,week5_unscored
2026,5,401856710,3,margin,13.9537699751161,v5_control,week5_unscored
2026,5,401856710,3,total,54.5772766921877,rating_only,week5_unscored
2026,5,401856710,3,total,55.9755126962785,repaired,week5_unscored
2026,5,401856710,3,total,54.7833123201406,v5_control,week5_unscored
2026,5,401856711,3,margin,6.91101150840219,rating_only,week5_unscored
2026,5,401856711,3,margin,7.29414929077141,repaired,week5_unscored
2026,5,401856711,3,margin,42.1754105300764,v5_control,week5_unscored
2026,5,401856711,3,total,54.1517446904026,rating_only,week5_unscored
2026,5,401856711,3,total,54.9446946377437,repaired,week5_unscored
2026,5,401856711,3,total,55.3021542869797,v5_control,week5_unscored
2026,5,401856807,2,margin,13.6076460278421,rating_only,week5_unscored
2026,5,401856807,2,margin,12.8214003338208,repaired,week5_unscored
2026,5,401856807,2,margin,8.60784767838389,v5_control,week5_unscored
2026,5,401856807,2,total,54.9622911769919,rating_only,week5_unscored
2026,5,401856807,2,total,53.7465983664575,repaired,week5_unscored
2026,5,401856807,2,total,55.1609199310577,v5_control,week5_unscored
2026,5,401856817,2,margin,-9.56991178118642,rating_only,week5_unscored
2026,5,401856817,2,margin,-5.27578431615867,repaired,week5_unscored
2026,5,401856817,2,margin,-8.97581094303223,v5_control,week5_unscored
2026,5,401856817,2,total,53.5779751997037,rating_only,week5_unscored
2026,5,401856817,2,total,53.3969438499797,repaired,week5_unscored
2026,5,401856817,2,total,53.9033418455371,v5_control,week5_unscored
2026,5,401856818,2,margin,-4.05137165624277,rating_only,week5_unscored
2026,5,401856818,2,margin,-1.00775824877893,repaired,week5_unscored
2026,5,401856818,2,margin,-6.82158681246031,v5_control,week5_unscored
2026,5,401856818,2,total,50.6819416863359,rating_only,week5_unscored
2026,5,401856818,2,total,51.1978515359151,repaired,week5_unscored
2026,5,401856818,2,total,50.6983886986075,v5_control,week5_unscored
2026,5,401856819,3,margin,0.535180284751983,rating_only,week5_unscored
2026,5,401856819,3,margin,1.5620932060001,repaired,week5_unscored
2026,5,401856819,3,margin,-4.37318824157155,v5_control,week5_unscored
2026,5,401856819,3,total,53.8064751181067,rating_only,week5_unscored
2026,5,401856819,3,total,55.5270790556116,repaired,week5_unscored
2026,5,401856819,3,total,52.4724787026825,v5_control,week5_unscored
2026,5,401856820,3,margin,3.09914169541659,rating_only,week5_unscored
2026,5,401856820,3,margin,4.00031060820998,repaired,week5_unscored
2026,5,401856820,3,margin,3.89952679995173,v5_control,week5_unscored
2026,5,401856820,3,total,55.4106992838942,rating_only,week5_unscored
2026,5,401856820,3,total,56.4235307476164,repaired,week5_unscored
2026,5,401856820,3,total,55.0098052637979,v5_control,week5_unscored
2026,5,401856821,3,margin,-12.6244267957538,rating_only,week5_unscored
2026,5,401856821,3,margin,-7.63788857899712,repaired,week5_unscored
2026,5,401856821,3,margin,-9.34278297619857,v5_control,week5_unscored
2026,5,401856821,3,total,51.1002254339583,rating_only,week5_unscored
2026,5,401856821,3,total,50.9979772971445,repaired,week5_unscored
2026,5,401856821,3,total,51.388599028759,v5_control,week5_unscored
2026,5,401856822,3,margin,12.256739004633,rating_only,week5_unscored
2026,5,401856822,3,margin,11.8247671767619,repaired,week5_unscored
2026,5,401856822,3,margin,5.9388770679164,v5_control,week5_unscored
2026,5,401856822,3,total,54.5774085339607,rating_only,week5_unscored
2026,5,401856822,3,total,55.0691357069308,repaired,week5_unscored
2026,5,401856822,3,total,53.6924070033433,v5_control,week5_unscored
2026,5,401858245,3,margin,2.47444323701896,rating_only,week5_unscored
2026,5,401858245,3,margin,3.4245830401519,repaired,week5_unscored
2026,5,401858245,3,margin,-0.174355582819001,v5_control,week5_unscored
2026,5,401858245,3,total,54.0258431048338,rating_only,week5_unscored
2026,5,401858245,3,total,55.4552367469374,repaired,week5_unscored
2026,5,401858245,3,total,54.3637871316169,v5_control,week5_unscored
2026,5,401858246,3,margin,6.05120156611547,rating_only,week5_unscored
2026,5,401858246,3,margin,6.30743588963791,repaired,week5_unscored
2026,5,401858246,3,margin,13.9314736469946,v5_control,week5_unscored
2026,5,401858246,3,total,52.6701195997137,rating_only,week5_unscored
2026,5,401858246,3,total,52.8700789307443,repaired,week5_unscored
2026,5,401858246,3,total,53.3053713152315,v5_control,week5_unscored
2026,5,401858247,3,margin,3.19358435079242,rating_only,week5_unscored
2026,5,401858247,3,margin,5.12405857604061,repaired,week5_unscored
2026,5,401858247,3,margin,9.26726969376308,v5_control,week5_unscored
2026,5,401858247,3,total,54.1489351181755,rating_only,week5_unscored
2026,5,401858247,3,total,53.1178782560149,repaired,week5_unscored
2026,5,401858247,3,total,54.8051343897178,v5_control,week5_unscored
2026,5,401858248,3,margin,-7.45914875348997,rating_only,week5_unscored
2026,5,401858248,3,margin,-3.59040199115239,repaired,week5_unscored
2026,5,401858248,3,margin,-16.1370555587414,v5_control,week5_unscored
2026,5,401858248,3,total,54.3173923799925,rating_only,week5_unscored
2026,5,401858248,3,total,54.7052421664938,repaired,week5_unscored
2026,5,401858248,3,total,53.8020659301686,v5_control,week5_unscored
2026,5,401858249,3,margin,-19.153263948281,rating_only,week5_unscored
2026,5,401858249,3,margin,-12.6101436525206,repaired,week5_unscored
2026,5,401858249,3,margin,-21.7168018149139,v5_control,week5_unscored
2026,5,401858249,3,total,52.814186053104,rating_only,week5_unscored
2026,5,401858249,3,total,53.327002759992,repaired,week5_unscored
2026,5,401858249,3,total,53.6056564501563,v5_control,week5_unscored
2026,5,401858250,2,margin,-44.0437604309259,rating_only,week5_unscored
2026,5,401858250,2,margin,-32.3770397772172,repaired,week5_unscored
2026,5,401858250,2,margin,-31.645900064226,v5_control,week5_unscored
2026,5,401858250,2,total,51.7048087604524,rating_only,week5_unscored
2026,5,401858250,2,total,53.5732433535173,repaired,week5_unscored
2026,5,401858250,2,total,51.7598907064104,v5_control,week5_unscored
2026,5,401858251,4,margin,23.2921060915111,rating_only,week5_unscored
2026,5,401858251,4,margin,20.1236333675063,repaired,week5_unscored
2026,5,401858251,4,margin,24.8208766941999,v5_control,week5_unscored
2026,5,401858251,4,total,54.1854948027229,rating_only,week5_unscored
2026,5,401858251,4,total,54.1174968351449,repaired,week5_unscored
2026,5,401858251,4,total,53.8856629818169,v5_control,week5_unscored
2026,5,401858252,2,margin,2.15553755140866,rating_only,week5_unscored
2026,5,401858252,2,margin,3.92581892771397,repaired,week5_unscored
2026,5,401858252,2,margin,-0.0685899104479248,v5_control,week5_unscored
2026,5,401858252,2,total,53.9584589338279,rating_only,week5_unscored
2026,5,401858252,2,total,53.4932732164087,repaired,week5_unscored
2026,5,401858252,2,total,53.4235629780333,v5_control,week5_unscored
2026,5,401858253,3,margin,-4.96461921793086,rating_only,week5_unscored
2026,5,401858253,3,margin,-2.45457647610481,repaired,week5_unscored
2026,5,401858253,3,margin,-2.1111025267998,v5_control,week5_unscored
2026,5,401858253,3,total,52.8645218070309,rating_only,week5_unscored
2026,5,401858253,3,total,54.0986985319346,repaired,week5_unscored
2026,5,401858253,3,total,52.3935094611185,v5_control,week5_unscored
2026,5,401858472,3,margin,20.8094682052029,rating_only,week5_unscored
2026,5,401858472,3,margin,17.9522374241308,repaired,week5_unscored
2026,5,401858472,3,margin,21.2264407886189,v5_control,week5_unscored
2026,5,401858472,3,total,58.7289802040335,rating_only,week5_unscored
2026,5,401858472,3,total,59.3671301978152,repaired,week5_unscored
2026,5,401858472,3,total,58.6378474553357,v5_control,week5_unscored
2026,5,401858473,3,margin,-14.25919057365,rating_only,week5_unscored
2026,5,401858473,3,margin,-8.63547745060755,repaired,week5_unscored
2026,5,401858473,3,margin,-13.1445710443476,v5_control,week5_unscored
2026,5,401858473,3,total,51.1872000508613,rating_only,week5_unscored
2026,5,401858473,3,total,52.4936522640446,repaired,week5_unscored
2026,5,401858473,3,total,50.7337097571281,v5_control,week5_unscored
2026,5,401858474,3,margin,-9.97636794713185,rating_only,week5_unscored
2026,5,401858474,3,margin,-5.47364142897414,repaired,week5_unscored
2026,5,401858474,3,margin,-7.82721506251345,v5_control,week5_unscored
2026,5,401858474,3,total,52.2919204547969,rating_only,week5_unscored
2026,5,401858474,3,total,52.5017431589472,repaired,week5_unscored
2026,5,401858474,3,total,52.1289903148264,v5_control,week5_unscored
2026,5,401858475,3,margin,33.0636955030692,rating_only,week5_unscored
2026,5,401858475,3,margin,26.9765018713813,repaired,week5_unscored
2026,5,401858475,3,margin,18.9798564244065,v5_control,week5_unscored
2026,5,401858475,3,total,54.5551258363224,rating_only,week5_unscored
2026,5,401858475,3,total,55.6762385806402,repaired,week5_unscored
2026,5,401858475,3,total,54.8765662789263,v5_control,week5_unscored
2026,5,401858476,2,margin,-1.79413546300901,rating_only,week5_unscored
2026,5,401858476,2,margin,-0.551360997835459,repaired,week5_unscored
2026,5,401858476,2,margin,-12.5289054214803,v5_control,week5_unscored
2026,5,401858476,2,total,52.4485842187991,rating_only,week5_unscored
2026,5,401858476,2,total,54.4777353856094,repaired,week5_unscored
2026,5,401858476,2,total,52.1609220075276,v5_control,week5_unscored
2026,5,401858477,3,margin,-25.9387518326723,rating_only,week5_unscored
2026,5,401858477,3,margin,-18.5643579037386,repaired,week5_unscored
2026,5,401858477,3,margin,-41.8081174156973,v5_control,week5_unscored
2026,5,401858477,3,total,53.3445170565094,rating_only,week5_unscored
2026,5,401858477,3,total,54.9845412187495,repaired,week5_unscored
2026,5,401858477,3,total,52.789737000235,v5_control,week5_unscored
2026,5,401858478,3,margin,14.8999282670051,rating_only,week5_unscored
2026,5,401858478,3,margin,12.5466675531404,repaired,week5_unscored
2026,5,401858478,3,margin,18.087459640476,v5_control,week5_unscored
2026,5,401858478,3,total,54.6883637241224,rating_only,week5_unscored
2026,5,401858478,3,total,56.126782867997,repaired,week5_unscored
2026,5,401858478,3,total,53.8151789003188,v5_control,week5_unscored
2026,5,401858479,3,margin,2.75172714089517,rating_only,week5_unscored
2026,5,401858479,3,margin,3.53003991665714,repaired,week5_unscored
2026,5,401858479,3,margin,-9.20926492563876,v5_control,week5_unscored
2026,5,401858479,3,total,52.4989222016055,rating_only,week5_unscored
2026,5,401858479,3,total,53.6311820762808,repaired,week5_unscored
2026,5,401858479,3,total,53.3672937780441,v5_control,week5_unscored
2026,5,401860898,3,margin,19.1747415513761,rating_only,week5_unscored
2026,5,401860898,3,margin,16.0314316596844,repaired,week5_unscored
2026,5,401860898,3,margin,20.3999317587295,v5_control,week5_unscored
2026,5,401860898,3,total,53.1326035680368,rating_only,week5_unscored
2026,5,401860898,3,total,53.856409597017,repaired,week5_unscored
2026,5,401860898,3,total,52.9271510289393,v5_control,week5_unscored
2026,5,401860899,3,margin,6.07001486773939,rating_only,week5_unscored
2026,5,401860899,3,margin,5.82188077618662,repaired,week5_unscored
2026,5,401860899,3,margin,16.0485790536711,v5_control,week5_unscored
2026,5,401860899,3,total,54.4162964490177,rating_only,week5_unscored
2026,5,401860899,3,total,54.9939294207079,repaired,week5_unscored
2026,5,401860899,3,total,54.5320819443977,v5_control,week5_unscored
2026,5,401860900,3,margin,-6.11273826300562,rating_only,week5_unscored
2026,5,401860900,3,margin,-1.61269741672544,repaired,week5_unscored
2026,5,401860900,3,margin,12.4212232669454,v5_control,week5_unscored
2026,5,401860900,3,total,54.1474184971066,rating_only,week5_unscored
2026,5,401860900,3,total,53.4061118690743,repaired,week5_unscored
2026,5,401860900,3,total,55.0009867794882,v5_control,week5_unscored
2026,5,401860921,3,margin,-11.0265924630336,rating_only,week5_unscored
2026,5,401860921,3,margin,-5.80778753085731,repaired,week5_unscored
2026,5,401860921,3,margin,-8.89496984636804,v5_control,week5_unscored
2026,5,401860921,3,total,51.0456038552525,rating_only,week5_unscored
2026,5,401860921,3,total,50.3063516160448,repaired,week5_unscored
2026,5,401860921,3,total,50.4906970511665,v5_control,week5_unscored
2026,5,401862786,3,margin,1.91076445214736,rating_only,week5_unscored
2026,5,401862786,3,margin,4.45192131272401,repaired,week5_unscored
2026,5,401862786,3,margin,7.3814962907143,v5_control,week5_unscored
2026,5,401862786,3,total,53.7897150551726,rating_only,week5_unscored
2026,5,401862786,3,total,53.5313385560311,repaired,week5_unscored
2026,5,401862786,3,total,53.4746317257949,v5_control,week5_unscored
2026,5,401862787,3,margin,-13.7686103123153,rating_only,week5_unscored
2026,5,401862787,3,margin,-7.4763782204854,repaired,week5_unscored
2026,5,401862787,3,margin,-23.2106300543055,v5_control,week5_unscored
2026,5,401862787,3,total,55.4131180440572,rating_only,week5_unscored
2026,5,401862787,3,total,54.3980600716025,repaired,week5_unscored
2026,5,401862787,3,total,55.0312397544786,v5_control,week5_unscored
2026,5,401862788,3,margin,-17.6029261336116,rating_only,week5_unscored
2026,5,401862788,3,margin,-11.580478865295,repaired,week5_unscored
2026,5,401862788,3,margin,-15.4942946330713,v5_control,week5_unscored
2026,5,401862788,3,total,55.0409625836168,rating_only,week5_unscored
2026,5,401862788,3,total,55.1796592841013,repaired,week5_unscored
2026,5,401862788,3,total,53.9375480105684,v5_control,week5_unscored
2026,5,401862791,2,margin,9.32268286842267,rating_only,week5_unscored
2026,5,401862791,2,margin,8.99627829226676,repaired,week5_unscored
2026,5,401862791,2,margin,7.81965526970192,v5_control,week5_unscored
2026,5,401862791,2,total,55.3955180667802,rating_only,week5_unscored
2026,5,401862791,2,total,55.5081772614791,repaired,week5_unscored
2026,5,401862791,2,total,55.4241606901195,v5_control,week5_unscored
2026,5,401862792,3,margin,11.4940574051974,rating_only,week5_unscored
2026,5,401862792,3,margin,11.3628122293069,repaired,week5_unscored
2026,5,401862792,3,margin,14.5833493031385,v5_control,week5_unscored
2026,5,401862792,3,total,53.299411061311,rating_only,week5_unscored
2026,5,401862792,3,total,52.9484887168459,repaired,week5_unscored
2026,5,401862792,3,total,52.8311942833929,v5_control,week5_unscored
2026,5,401864513,3,margin,-1.46507872745559,rating_only,week5_unscored
2026,5,401864513,3,margin,1.51600784799035,repaired,week5_unscored
2026,5,401864513,3,margin,4.38651670116177,v5_control,week5_unscored
2026,5,401864513,3,total,53.3844914798685,rating_only,week5_unscored
2026,5,401864513,3,total,52.0584571153632,repaired,week5_unscored
2026,5,401864513,3,total,53.98594181379,v5_control,week5_unscored
2026,5,401864514,3,margin,41.4992534287824,rating_only,week5_unscored
2026,5,401864514,3,margin,34.719385248715,repaired,week5_unscored
2026,5,401864514,3,margin,55.7231515824022,v5_control,week5_unscored
2026,5,401864514,3,total,56.2085439760855,rating_only,week5_unscored
2026,5,401864514,3,total,55.5348043758008,repaired,week5_unscored
2026,5,401864514,3,total,56.7051875874104,v5_control,week5_unscored
2026,5,401864515,3,margin,21.3083903780033,rating_only,week5_unscored
2026,5,401864515,3,margin,18.940317038281,repaired,week5_unscored
2026,5,401864515,3,margin,32.1135613033993,v5_control,week5_unscored
2026,5,401864515,3,total,52.770171283818,rating_only,week5_unscored
2026,5,401864515,3,total,51.814026947048,repaired,week5_unscored
2026,5,401864515,3,total,53.17101433093,v5_control,week5_unscored
2026,5,401866430,3,margin,17.1641915228386,rating_only,week5_unscored
2026,5,401866430,3,margin,15.8663283985394,repaired,week5_unscored
2026,5,401866430,3,margin,13.7194529907806,v5_control,week5_unscored
2026,5,401866430,3,total,56.0056286540671,rating_only,week5_unscored
2026,5,401866430,3,total,54.1808902239387,repaired,week5_unscored
2026,5,401866430,3,total,55.706514423518,v5_control,week5_unscored
2026,5,401866431,3,margin,-37.8177628298014,rating_only,week5_unscored
2026,5,401866431,3,margin,-26.0307929238623,repaired,week5_unscored
2026,5,401866431,3,margin,-36.5250262723221,v5_control,week5_unscored
2026,5,401866431,3,total,53.99912727229,rating_only,week5_unscored
2026,5,401866431,3,total,53.1177991423593,repaired,week5_unscored
2026,5,401866431,3,total,54.0958526814013,v5_control,week5_unscored
2026,5,401866432,2,margin,-10.9260629019107,rating_only,week5_unscored
2026,5,401866432,2,margin,-6.12901721452962,repaired,week5_unscored
2026,5,401866432,2,margin,-10.5489303860878,v5_control,week5_unscored
2026,5,401866432,2,total,52.947918863693,rating_only,week5_unscored
2026,5,401866432,2,total,52.1130473956061,repaired,week5_unscored
2026,5,401866432,2,total,52.0165650108121,v5_control,week5_unscored
2026,5,401866433,2,margin,14.9171198486448,rating_only,week5_unscored
2026,5,401866433,2,margin,13.6333170887521,repaired,week5_unscored
2026,5,401866433,2,margin,6.34819719801517,v5_control,week5_unscored
2026,5,401866433,2,total,54.3790973821883,rating_only,week5_unscored
2026,5,401866433,2,total,54.1019458318262,repaired,week5_unscored
2026,5,401866433,2,total,53.1095987922651,v5_control,week5_unscored
2026,5,401866434,3,margin,-10.4693579308667,rating_only,week5_unscored
2026,5,401866434,3,margin,-5.04157822437008,repaired,week5_unscored
2026,5,401866434,3,margin,-11.2047803290989,v5_control,week5_unscored
2026,5,401866434,3,total,55.2321508176562,rating_only,week5_unscored
2026,5,401866434,3,total,53.7722815708603,repaired,week5_unscored
2026,5,401866434,3,total,56.3810838044833,v5_control,week5_unscored
2026,5,401866477,3,margin,17.499734083389,rating_only,week5_unscored
2026,5,401866477,3,margin,15.9042423271768,repaired,week5_unscored
2026,5,401866477,3,margin,15.6578972211655,v5_control,week5_unscored
2026,5,401866477,3,total,56.1358441068411,rating_only,week5_unscored
2026,5,401866477,3,total,55.3557275872041,repaired,week5_unscored
2026,5,401866477,3,total,57.7583514852555,v5_control,week5_unscored
2026,5,401869842,2,margin,1.90734626642518,rating_only,week5_unscored
2026,5,401869842,2,margin,4.01362052011905,repaired,week5_unscored
2026,5,401869842,2,margin,-0.41142852999788,v5_control,week5_unscored
2026,5,401869842,2,total,53.9857226326984,rating_only,week5_unscored
2026,5,401869842,2,total,53.5389080008653,repaired,week5_unscored
2026,5,401869842,2,total,53.3003921253401,v5_control,week5_unscored
2026,5,401869932,3,margin,21.7028024131625,rating_only,week5_unscored
2026,5,401869932,3,margin,18.7561028280609,repaired,week5_unscored
2026,5,401869932,3,margin,28.2529783740507,v5_control,week5_unscored
2026,5,401869932,3,total,53.5456551413614,rating_only,week5_unscored
2026,5,401869932,3,total,52.9769093659631,repaired,week5_unscored
2026,5,401869932,3,total,54.4384794498689,v5_control,week5_unscored
2026,5,401869942,3,margin,4.07102698638124,rating_only,week5_unscored
2026,5,401869942,3,margin,5.93584710502726,repaired,week5_unscored
2026,5,401869942,3,margin,12.2527363319812,v5_control,week5_unscored
2026,5,401869942,3,total,53.3780133412603,rating_only,week5_unscored
2026,5,401869942,3,total,52.4595625077019,repaired,week5_unscored
2026,5,401869942,3,total,52.5153514883623,v5_control,week5_unscored
2026,5,401869956,3,margin,3.83745790100377,rating_only,week5_unscored
2026,5,401869956,3,margin,5.2296669934836,repaired,week5_unscored
2026,5,401869956,3,margin,13.7591895635991,v5_control,week5_unscored
2026,5,401869956,3,total,54.215070630676,rating_only,week5_unscored
2026,5,401869956,3,total,54.1558251507223,repaired,week5_unscored
2026,5,401869956,3,total,54.8813064278819,v5_control,week5_unscored
2026,5,401869962,3,margin,29.0353340222206,rating_only,week5_unscored
2026,5,401869962,3,margin,25.0032406847272,repaired,week5_unscored
2026,5,401869962,3,margin,40.0919824506481,v5_control,week5_unscored
2026,5,401869962,3,total,54.4768516048095,rating_only,week5_unscored
2026,5,401869962,3,total,53.8090013543207,repaired,week5_unscored
2026,5,401869962,3,total,54.7496008992814,v5_control,week5_unscored
2026,5,401871049,3,margin,5.84881240693593,rating_only,week5_unscored
2026,5,401871049,3,margin,7.58254191902998,repaired,week5_unscored
2026,5,401871049,3,margin,16.1093323771876,v5_control,week5_unscored
2026,5,401871049,3,total,55.9825124259164,rating_only,week5_unscored
2026,5,401871049,3,total,54.1398609614865,repaired,week5_unscored
2026,5,401871049,3,total,57.046363366502,v5_control,week5_unscored
2026,5,401871050,3,margin,-6.91543000264544,rating_only,week5_unscored
2026,5,401871050,3,margin,-2.72434556382208,repaired,week5_unscored
2026,5,401871050,3,margin,-1.17795312952032,v5_control,week5_unscored
2026,5,401871050,3,total,54.677325243172,rating_only,week5_unscored
2026,5,401871050,3,total,54.2666460525127,repaired,week5_unscored
2026,5,401871050,3,total,53.7261738104656,v5_control,week5_unscored
2026,5,401871089,3,margin,24.7379432115968,rating_only,week5_unscored
2026,5,401871089,3,margin,21.3887954150208,repaired,week5_unscored
2026,5,401871089,3,margin,32.3248361090263,v5_control,week5_unscored
2026,5,401871089,3,total,57.284232439196,rating_only,week5_unscored
2026,5,401871089,3,total,56.4295405014567,repaired,week5_unscored
2026,5,401871089,3,total,58.0010328747904,v5_control,week5_unscored
