season,week,game_id,cutoff_utc,team,role,mean,variance,prior_mean,prior_variance,usable_exposure,evidence_game_ids
2026,0,401856766,2026-08-29T16:00:00+00:00,North Carolina,defense,0.189443257967786,0.661984732824428,0.189443257967786,0.661984732824428,0,[]
2026,0,401856766,2026-08-29T16:00:00+00:00,North Carolina,offense,0.00515247146976155,0.664615384615385,0.00515247146976155,0.664615384615385,0,[]
2026,0,401856766,2026-08-29T16:00:00+00:00,TCU,defense,0.547816776700033,0.660281690140845,0.547816776700033,0.660281690140845,0,[]
2026,0,401856766,2026-08-29T16:00:00+00:00,TCU,offense,0.56806629069568,0.66013986013986,0.56806629069568,0.66013986013986,0,[]
2026,0,401858201,2026-08-29T23:00:00+00:00,Hawai_i,defense,0.378827921219769,0.660719424460432,0.378827921219769,0.660719424460432,0,[]
2026,0,401858201,2026-08-29T23:00:00+00:00,Hawai_i,offense,0.255115969139391,0.658947368421053,0.255115969139391,0.658947368421053,0,[]
2026,0,401858201,2026-08-29T23:00:00+00:00,Stanford,defense,0.244035412238,0.660281690140845,0.244035412238,0.660281690140845,0,[]
2026,0,401858201,2026-08-29T23:00:00+00:00,Stanford,offense,-0.103328398917766,0.660719424460432,-0.103328398917766,0.660719424460432,0,[]
2026,0,401858202,2026-08-29T19:30:00+00:00,NC State,defense,0.342078621229865,0.660571428571428,0.342078621229866,0.660571428571428,0,[]
2026,0,401858202,2026-08-29T19:30:00+00:00,NC State,offense,0.691372966801891,0.6592,0.691372966801891,0.6592,0,[]
2026,0,401858202,2026-08-29T19:30:00+00:00,Virginia,defense,0.708921789990762,0.660719424460432,0.708921789990762,0.660719424460432,0,[]
2026,0,401858202,2026-08-29T19:30:00+00:00,Virginia,offense,0.398047666124081,0.6625,0.398047666124081,0.6625,0,[]
2026,0,401862693,2026-08-30T02:00:00+00:00,Memphis,defense,0.285643982773251,0.662153846153846,0.285643982773251,0.662153846153846,0,[]
2026,0,401862693,2026-08-30T02:00:00+00:00,Memphis,offense,0.403181782265857,0.658701298701299,0.403181782265857,0.658701298701299,0,[]
2026,0,401862693,2026-08-30T02:00:00+00:00,UNLV,defense,0.143361959507801,0.66,0.143361959507801,0.66,0,[]
2026,0,401862693,2026-08-30T02:00:00+00:00,UNLV,offense,0.542922662429376,0.663225806451613,0.542922662429376,0.663225806451613,0,[]
2026,0,401864494,2026-08-29T19:00:00+00:00,San Jose State,defense,-0.13442285336488,0.662325581395349,-0.13442285336488,0.662325581395349,0,[]
2026,0,401864494,2026-08-29T19:00:00+00:00,San Jose State,offense,-0.0759755061301264,0.663606557377049,-0.0759755061301264,0.663606557377049,0,[]
2026,0,401864494,2026-08-29T19:00:00+00:00,USC,defense,0.527586882451062,0.665263157894737,0.527586882451062,0.665263157894737,0,[]
2026,0,401864494,2026-08-29T19:00:00+00:00,USC,offense,1.14448938613326,0.661333333333333,1.14448938613326,0.661333333333333,0,[]
2026,0,401864570,2026-08-29T23:00:00+00:00,Florida State,defense,0.420017515419837,0.664827586206897,0.420017515419837,0.664827586206897,0,[]
2026,0,401864570,2026-08-29T23:00:00+00:00,Florida State,offense,0.754896375844568,0.665486725663717,0.754896375844568,0.665486725663717,0,[]
2026,0,401864570,2026-08-29T23:00:00+00:00,New Mexico State,defense,0.202466908634644,0.658343949044586,0.202466908634644,0.658343949044586,0,[]
2026,0,401864570,2026-08-29T23:00:00+00:00,New Mexico State,offense,-0.202274333984858,0.658227848101266,-0.202274333984858,0.658227848101266,0,[]
2026,0,401864577,2026-08-29T21:30:00+00:00,Jacksonville State,defense,0.212550556630285,0.658461538461539,0.212550556630285,0.658461538461539,0,[]
2026,0,401864577,2026-08-29T21:30:00+00:00,Jacksonville State,offense,0.0823264394265706,0.6592,0.0823264394265706,0.6592,0,[]
2026,0,401864577,2026-08-29T21:30:00+00:00,North Dakota State,defense,0,1,0,1,0,[]
2026,0,401864577,2026-08-29T21:30:00+00:00,North Dakota State,offense,0,1,0,1,0,[]
2026,0,401866408,2026-08-29T22:30:00+00:00,Eastern Michigan,defense,-0.0786854951142528,0.664,-0.0786854951142528,0.664,0,[]
2026,0,401866408,2026-08-29T22:30:00+00:00,Eastern Michigan,offense,0.236811245836962,0.664615384615385,0.236811245836962,0.664615384615385,0,[]
2026,0,401866408,2026-08-29T22:30:00+00:00,Sacramento State,defense,0.339608496135517,0.8,0.339608496135517,0.8,0,[]
2026,0,401866408,2026-08-29T22:30:00+00:00,Sacramento State,offense,-0.63811695016018,0.8,-0.63811695016018,0.8,0,[]
2026,1,401856634,2026-09-05T16:00:00+00:00,Alabama,defense,0.625280718336107,0.657888198757764,0.625280718336107,0.657888198757764,0,[]
2026,1,401856634,2026-09-05T16:00:00+00:00,Alabama,offense,0.806121212638785,0.66,0.806121212638785,0.66,0,[]
2026,1,401856634,2026-09-05T16:00:00+00:00,East Carolina,defense,0.446472617031721,0.65972602739726,0.446472617031721,0.65972602739726,0,[]
2026,1,401856634,2026-09-05T16:00:00+00:00,East Carolina,offense,0.3613474072827,0.66,0.3613474072827,0.66,0,[]
2026,1,401856636,2026-09-05T19:30:00+00:00,Auburn,defense,0.601355244947408,0.669090909090909,0.601355244947408,0.669090909090909,0,[]
2026,1,401856636,2026-09-05T19:30:00+00:00,Auburn,offense,0.315699511516389,0.663225806451613,0.315699511516389,0.663225806451613,0,[]
2026,1,401856636,2026-09-05T19:30:00+00:00,Baylor,defense,0.179592226094154,0.661492537313433,0.179592226094154,0.661492537313433,0,[]
2026,1,401856636,2026-09-05T19:30:00+00:00,Baylor,offense,0.566802904224,0.661492537313433,0.566802904224,0.661492537313433,0,[]
2026,1,401856637,2026-09-05T23:45:00+00:00,Florida,defense,0.530652127078273,0.661176470588235,0.530652127078273,0.661176470588235,0,[]
2026,1,401856637,2026-09-05T23:45:00+00:00,Florida,offense,0.284478940845231,0.664,0.284478940845231,0.664,0,[]
2026,1,401856637,2026-09-05T23:45:00+00:00,Florida Atlantic,defense,-0.361608177370866,0.664615384615385,-0.361608177370866,0.664615384615385,0,[]
2026,1,401856637,2026-09-05T23:45:00+00:00,Florida Atlantic,offense,0.336923679165534,0.661176470588235,0.336923679165534,0.661176470588235,0,[]
2026,1,401856660,2026-09-05T23:30:00+00:00,Clemson,defense,0.542527064555328,0.658461538461539,0.542527064555328,0.658461538461539,0,[]
2026,1,401856660,2026-09-05T23:30:00+00:00,Clemson,offense,0.446552386479124,0.658461538461539,0.446552386479124,0.658461538461539,0,[]
2026,1,401856660,2026-09-05T23:30:00+00:00,LSU,defense,0.757459036711426,0.658823529411765,0.757459036711426,0.658823529411765,0,[]
2026,1,401856660,2026-09-05T23:30:00+00:00,LSU,offense,0.276777856751207,0.658823529411765,0.276777856751207,0.658823529411765,0,[]
2026,1,401856661,2026-09-06T23:30:00+00:00,Louisville,defense,0.63325189288919,0.659328859060403,0.63325189288919,0.659328859060403,0,[]
2026,1,401856661,2026-09-06T23:30:00+00:00,Louisville,offense,0.380577794471412,0.6592,0.380577794471412,0.6592,0,[]
2026,1,401856661,2026-09-06T23:30:00+00:00,Ole Miss,defense,0.516699121957407,0.657454545454545,0.516699121957407,0.657454545454545,0,[]
2026,1,401856661,2026-09-06T23:30:00+00:00,Ole Miss,offense,1.13426437354473,0.657245508982036,1.13426437354473,0.657245508982036,0,[]
2026,1,401856662,2026-09-05T23:30:00+00:00,Louisiana Monroe,defense,-0.149573830082077,0.663225806451613,-0.149573830082077,0.663225806451613,0,[]
2026,1,401856662,2026-09-05T23:30:00+00:00,Louisiana Monroe,offense,-0.301099312106634,0.664827586206897,-0.301099312106634,0.664827586206897,0,[]
2026,1,401856662,2026-09-05T23:30:00+00:00,Mississippi State,defense,0.361591734880984,0.661984732824428,0.361591734880984,0.661984732824428,0,[]
2026,1,401856662,2026-09-05T23:30:00+00:00,Mississippi State,offense,0.55110934156637,0.659459459459459,0.55110934156637,0.659459459459459,0,[]
2026,1,401856664,2026-09-05T00:00:00+00:00,Oklahoma,defense,0.881946728358875,0.658,0.881946728358875,0.658,0,[]
2026,1,401856664,2026-09-05T00:00:00+00:00,Oklahoma,offense,0.432493754736595,0.657888198757764,0.432493754736595,0.657888198757764,0,[]
2026,1,401856664,2026-09-05T00:00:00+00:00,UTEP,defense,0.16589773641236,0.658,0.16589773641236,0.658,0,[]
2026,1,401856664,2026-09-05T00:00:00+00:00,UTEP,offense,-0.309217343511412,0.660719424460432,-0.309217343511412,0.660719424460432,0,[]
2026,1,401856665,2026-09-05T16:45:00+00:00,Kent State,defense,-0.327517122230645,0.664406779661017,-0.327517122230645,0.664406779661017,0,[]
2026,1,401856665,2026-09-05T16:45:00+00:00,Kent State,offense,0.127482974800748,0.661984732824428,0.127482974800748,0.661984732824428,0,[]
2026,1,401856665,2026-09-05T16:45:00+00:00,South Carolina,defense,0.707821959189652,0.66,0.707821959189652,0.66,0,[]
2026,1,401856665,2026-09-05T16:45:00+00:00,South Carolina,offense,0.170989907243029,0.665263157894737,0.170989907243029,0.665263157894737,0,[]
2026,1,401856667,2026-09-05T19:30:00+00:00,Texas,defense,0.693510929674106,0.662325581395349,0.693510929674106,0.662325581395349,0,[]
2026,1,401856667,2026-09-05T19:30:00+00:00,Texas,offense,0.576738642156732,0.665714285714286,0.576738642156732,0.665714285714286,0,[]
2026,1,401856667,2026-09-05T19:30:00+00:00,Texas State,defense,0.105831745399575,0.668514851485149,0.105831745399575,0.668514851485149,0,[]
2026,1,401856667,2026-09-05T19:30:00+00:00,Texas State,offense,0.733328028356485,0.672,0.733328028356484,0.672,0,[]
2026,1,401856668,2026-09-05T23:00:00+00:00,Missouri State,defense,0.107366098317986,0.660571428571428,0.107366098317986,0.660571428571428,0,[]
2026,1,401856668,2026-09-05T23:00:00+00:00,Missouri State,offense,0.282510582395078,0.660281690140845,0.282510582395078,0.660281690140845,0,[]
2026,1,401856668,2026-09-05T23:00:00+00:00,Texas A&M,defense,0.707754980911362,0.660869565217391,0.707754980911362,0.660869565217391,0,[]
2026,1,401856668,2026-09-05T23:00:00+00:00,Texas A&M,offense,1.01399070457269,0.660719424460432,1.01399070457269,0.660719424460432,0,[]
2026,1,401856772,2026-09-05T19:45:00+00:00,Oklahoma State,defense,0.211171032264151,0.662677165354331,0.211171032264151,0.662677165354331,0,[]
2026,1,401856772,2026-09-05T19:45:00+00:00,Oklahoma State,offense,-0.15096302424699,0.663606557377049,-0.15096302424699,0.663606557377049,0,[]
2026,1,401856772,2026-09-05T19:45:00+00:00,Tulsa,defense,0.104336546922128,0.662153846153846,0.104336546922128,0.662153846153846,0,[]
2026,1,401856772,2026-09-05T19:45:00+00:00,Tulsa,offense,-0.0781623955801989,0.658701298701299,-0.0781623955801989,0.658701298701299,0,[]
2026,1,401856776,2026-09-04T00:00:00+00:00,Colorado,defense,0.247266983284659,0.661333333333333,0.247266983284659,0.661333333333333,0,[]
2026,1,401856776,2026-09-04T00:00:00+00:00,Colorado,offense,0.298353349452413,0.663225806451613,0.298353349452413,0.663225806451613,0,[]
2026,1,401856776,2026-09-04T00:00:00+00:00,Georgia Tech,defense,0.335987878535223,0.663801652892562,0.335987878535223,0.663801652892562,0,[]
2026,1,401856776,2026-09-04T00:00:00+00:00,Georgia Tech,offense,0.654803038010608,0.663606557377049,0.654803038010608,0.663606557377049,0,[]
2026,1,401856777,2026-09-05T19:30:00+00:00,Boston College,defense,-0.00107202636156052,0.662153846153846,-0.00107202636156052,0.662153846153846,0,[]
2026,1,401856777,2026-09-05T19:30:00+00:00,Boston College,offense,0.21213314777313,0.664406779661017,0.21213314777313,0.664406779661017,0,[]
2026,1,401856777,2026-09-05T19:30:00+00:00,Cincinnati,defense,0.184820299183371,0.660571428571428,0.184820299183371,0.660571428571428,0,[]
2026,1,401856777,2026-09-05T19:30:00+00:00,Cincinnati,offense,0.540731712529574,0.661333333333333,0.540731712529574,0.661333333333333,0,[]
2026,1,401856778,2026-09-05T16:00:00+00:00,Houston,defense,0.337965677729946,0.661818181818182,0.337965677729946,0.661818181818182,0,[]
2026,1,401856778,2026-09-05T16:00:00+00:00,Houston,offense,0.538049967153978,0.660719424460432,0.538049967153978,0.660719424460432,0,[]
2026,1,401856778,2026-09-05T16:00:00+00:00,Oregon State,defense,0.169172108557209,0.661492537313433,0.169172108557209,0.661492537313433,0,[]
2026,1,401856778,2026-09-05T16:00:00+00:00,Oregon State,offense,-0.149503798774591,0.661492537313433,-0.149503798774591,0.661492537313433,0,[]
2026,1,401856780,2026-09-05T16:00:00+00:00,Coastal Carolina,defense,0.044451747280371,0.657777777777778,0.044451747280371,0.657777777777778,0,[]
2026,1,401856780,2026-09-05T16:00:00+00:00,Coastal Carolina,offense,-0.0916427266129841,0.657668711656442,-0.0916427266129841,0.657668711656442,0,[]
2026,1,401856780,2026-09-05T16:00:00+00:00,West Virginia,defense,0.24997226603926,0.66,0.24997226603926,0.66,0,[]
2026,1,401856780,2026-09-05T16:00:00+00:00,West Virginia,offense,0.0319712983731756,0.659591836734694,0.0319712983731756,0.659591836734694,0,[]
2026,1,401858204,2026-09-03T23:00:00+00:00,Akron,defense,0.203694778220315,0.663801652892562,0.203694778220315,0.663801652892562,0,[]
2026,1,401858204,2026-09-03T23:00:00+00:00,Akron,offense,-0.436987116161409,0.662677165354331,-0.436987116161409,0.662677165354331,0,[]
2026,1,401858204,2026-09-03T23:00:00+00:00,Wake Forest,defense,0.60639433220878,0.65858064516129,0.60639433220878,0.65858064516129,0,[]
2026,1,401858204,2026-09-03T23:00:00+00:00,Wake Forest,offense,0.167939882805313,0.658823529411765,0.167939882805313,0.658823529411765,0,[]
2026,1,401858206,2026-09-05T01:00:00+00:00,Miami,defense,0.979661476599813,0.656551724137931,0.979661476599813,0.656551724137931,0,[]
2026,1,401858206,2026-09-05T01:00:00+00:00,Miami,offense,0.866273267508888,0.657349397590361,0.866273267508888,0.657349397590361,0,[]
2026,1,401858206,2026-09-05T01:00:00+00:00,Stanford,defense,0.435900089525528,0.306325143753267,0.244035412238,0.660281690140845,14,[401858201]
2026,1,401858206,2026-09-05T01:00:00+00:00,Stanford,offense,-0.103328398917766,0.660719424460432,-0.103328398917766,0.660719424460432,0,[]
2026,1,401858207,2026-09-05T16:30:00+00:00,Miami (OH),defense,0.168430506093454,0.66,0.168430506093454,0.66,0,[]
2026,1,401858207,2026-09-05T16:30:00+00:00,Miami (OH),offense,0.0776705013229315,0.658461538461539,0.0776705013229315,0.658461538461539,0,[]
2026,1,401858207,2026-09-05T16:30:00+00:00,Pittsburgh,defense,0.465153447456852,0.65811320754717,0.465153447456852,0.65811320754717,0,[]
2026,1,401858207,2026-09-05T16:30:00+00:00,Pittsburgh,offense,0.401364124191141,0.658947368421053,0.401364124191141,0.658947368421053,0,[]
2026,1,401858209,2026-09-05T19:30:00+00:00,Duke,defense,0.123275728529496,0.657454545454545,0.123275728529496,0.657454545454545,0,[]
2026,1,401858209,2026-09-05T19:30:00+00:00,Duke,offense,0.890157675898362,0.657777777777778,0.890157675898362,0.657777777777778,0,[]
2026,1,401858209,2026-09-05T19:30:00+00:00,Tulane,defense,0.405196109608599,0.658,0.405196109608599,0.658,0,[]
2026,1,401858209,2026-09-05T19:30:00+00:00,Tulane,offense,0.35411913170057,0.657777777777778,0.35411913170057,0.657777777777778,0,[]
2026,1,401858210,2026-09-06T02:30:00+00:00,California,defense,0.183037366700011,0.660719424460432,0.183037366700011,0.660719424460432,0,[]
2026,1,401858210,2026-09-06T02:30:00+00:00,California,offense,0.258832075478352,0.661333333333333,0.258832075478352,0.661333333333333,0,[]
2026,1,401858210,2026-09-06T02:30:00+00:00,UCLA,defense,0.0455988021041406,0.667169811320755,0.0455988021041406,0.667169811320755,0,[]
2026,1,401858210,2026-09-06T02:30:00+00:00,UCLA,offense,0.148089431676267,0.667961165048544,0.148089431676267,0.667961165048544,0,[]
2026,1,401858212,2026-09-07T23:30:00+00:00,Florida State,defense,0.589461328637719,0.363088512241055,0.420017515419837,0.664827586206897,10,[401864570]
2026,1,401858212,2026-09-07T23:30:00+00:00,Florida State,offense,1.2636250276713,0.363285024154589,0.754896375844568,0.665486725663717,10,[401864570]
2026,1,401858212,2026-09-07T23:30:00+00:00,SMU,defense,0.582571789481277,0.659072847682119,0.582571789481277,0.659072847682119,0,[]
2026,1,401858212,2026-09-07T23:30:00+00:00,SMU,offense,0.444677167292874,0.659072847682119,0.444677167292874,0.659072847682119,0,[]
2026,1,401858423,2026-09-03T22:00:00+00:00,Rutgers,defense,-0.0617944043056734,0.663225806451613,-0.0617944043056734,0.663225806451613,0,[]
2026,1,401858423,2026-09-03T22:00:00+00:00,Rutgers,offense,0.759609400507686,0.665486725663717,0.759609400507686,0.665486725663717,0,[]
2026,1,401858423,2026-09-03T22:00:00+00:00,UMass,defense,-0.616398898302996,0.663414634146341,-0.616398898302996,0.663414634146341,0,[]
2026,1,401858423,2026-09-03T22:00:00+00:00,UMass,offense,-0.516691088687466,0.664406779661017,-0.516691088687466,0.664406779661017,0,[]
2026,1,401858424,2026-09-04T01:00:00+00:00,Illinois,defense,0.526926809078012,0.664,0.526926809078012,0.664,0,[]
2026,1,401858424,2026-09-04T01:00:00+00:00,Illinois,offense,0.771434972249543,0.661492537313433,0.771434972249543,0.661492537313433,0,[]
2026,1,401858424,2026-09-04T01:00:00+00:00,UAB,defense,-0.208936271401043,0.664406779661017,-0.208936271401043,0.664406779661017,0,[]
2026,1,401858424,2026-09-04T01:00:00+00:00,UAB,offense,0.195806659674938,0.666422018348624,0.195806659674938,0.666422018348624,0,[]
2026,1,401858425,2026-09-05T16:00:00+00:00,Indiana,defense,0.972611387337457,0.65811320754717,0.972611387337457,0.65811320754717,0,[]
2026,1,401858425,2026-09-05T16:00:00+00:00,Indiana,offense,1.42692762198805,0.659072847682119,1.42692762198806,0.659072847682119,0,[]
2026,1,401858425,2026-09-05T16:00:00+00:00,North Texas,defense,0.164876617077696,0.662325581395349,0.164876617077696,0.662325581395349,0,[]
2026,1,401858425,2026-09-05T16:00:00+00:00,North Texas,offense,1.30961869397456,0.662325581395349,1.30961869397456,0.662325581395349,0,[]
2026,1,401858426,2026-09-05T20:15:00+00:00,Iowa,defense,0.810461890468802,0.662153846153846,0.810461890468802,0.662153846153846,0,[]
2026,1,401858426,2026-09-05T20:15:00+00:00,Iowa,offense,0.574444686897616,0.660869565217391,0.574444686897616,0.660869565217391,0,[]
2026,1,401858426,2026-09-05T20:15:00+00:00,Northern Illinois,defense,0.169687932320638,0.663414634146341,0.169687932320638,0.663414634146341,0,[]
2026,1,401858426,2026-09-05T20:15:00+00:00,Northern Illinois,offense,-0.167916434714884,0.661818181818182,-0.167916434714884,0.661818181818182,0,[]
2026,1,401858428,2026-09-05T23:30:00+00:00,Michigan,defense,0.455745578064091,0.65972602739726,0.455745578064091,0.65972602739726,0,[]
2026,1,401858428,2026-09-05T23:30:00+00:00,Michigan,offense,0.710502817504488,0.6592,0.710502817504488,0.6592,0,[]
2026,1,401858428,2026-09-05T23:30:00+00:00,Western Michigan,defense,0.540202201483421,0.661654135338346,0.540202201483421,0.661654135338346,0,[]
2026,1,401858428,2026-09-05T23:30:00+00:00,Western Michigan,offense,0.0373868381438969,0.66013986013986,0.0373868381438969,0.66013986013986,0,[]
2026,1,401858429,2026-09-05T00:00:00+00:00,Michigan State,defense,0.505255539960644,0.663414634146341,0.505255539960644,0.663414634146341,0,[]
2026,1,401858429,2026-09-05T00:00:00+00:00,Michigan State,offense,0.32662805609271,0.666422018348624,0.32662805609271,0.666422018348624,0,[]
2026,1,401858429,2026-09-05T00:00:00+00:00,Toledo,defense,0.661167898579396,0.658227848101266,0.661167898579396,0.658227848101266,0,[]
2026,1,401858429,2026-09-05T00:00:00+00:00,Toledo,offense,0.4234978953467,0.660571428571428,0.4234978953467,0.660571428571428,0,[]
2026,1,401858430,2026-09-05T16:00:00+00:00,Nebraska,defense,0.208308993475309,0.661492537313433,0.208308993475309,0.661492537313433,0,[]
2026,1,401858430,2026-09-05T16:00:00+00:00,Nebraska,offense,0.476042922212335,0.660869565217391,0.476042922212335,0.660869565217391,0,[]
2026,1,401858430,2026-09-05T16:00:00+00:00,Ohio,defense,0.288736574556177,0.660425531914894,0.288736574556177,0.660425531914894,0,[]
2026,1,401858430,2026-09-05T16:00:00+00:00,Ohio,offense,0.0480820076260384,0.660425531914894,0.0480820076260384,0.660425531914894,0,[]
2026,1,401858432,2026-09-05T16:30:00+00:00,Ball State,defense,0.158374597541327,0.660869565217391,0.158374597541327,0.660869565217391,0,[]
2026,1,401858432,2026-09-05T16:30:00+00:00,Ball State,offense,-0.571809521553609,0.663414634146341,-0.571809521553609,0.663414634146341,0,[]
2026,1,401858432,2026-09-05T16:30:00+00:00,Ohio State,defense,1.05409704514473,0.661654135338346,1.05409704514473,0.661654135338346,0,[]
2026,1,401858432,2026-09-05T16:30:00+00:00,Ohio State,offense,1.0668061286627,0.661492537313433,1.0668061286627,0.661492537313433,0,[]
2026,1,401858433,2026-09-05T19:30:00+00:00,Boise State,defense,0.541814733753255,0.657041420118343,0.541814733753255,0.657041420118343,0,[]
2026,1,401858433,2026-09-05T19:30:00+00:00,Boise State,offense,0.373547294066875,0.6592,0.373547294066875,0.6592,0,[]
2026,1,401858433,2026-09-05T19:30:00+00:00,Oregon,defense,0.844596827278362,0.662857142857143,0.844596827278362,0.662857142857143,0,[]
2026,1,401858433,2026-09-05T19:30:00+00:00,Oregon,offense,1.19083088111444,0.662153846153846,1.19083088111444,0.662153846153846,0,[]
2026,1,401858434,2026-09-05T19:30:00+00:00,Marshall,defense,0.0901658954013853,0.661818181818182,0.0901658954013853,0.661818181818182,0,[]
2026,1,401858434,2026-09-05T19:30:00+00:00,Marshall,offense,-0.0884498402534186,0.665486725663717,-0.0884498402534186,0.665486725663717,0,[]
2026,1,401858434,2026-09-05T19:30:00+00:00,Penn State,defense,0.485474066812244,0.664201680672269,0.485474066812244,0.664201680672269,0,[]
2026,1,401858434,2026-09-05T19:30:00+00:00,Penn State,offense,0.831013883661226,0.665486725663717,0.831013883661226,0.665486725663717,0,[]
2026,1,401858436,2026-09-05T01:00:00+00:00,Fresno State,defense,0.563081092921868,0.66,0.563081092921868,0.66,0,[]
2026,1,401858436,2026-09-05T01:00:00+00:00,Fresno State,offense,-0.152113625100194,0.657349397590361,-0.152113625100194,0.657349397590361,0,[]
2026,1,401858436,2026-09-05T01:00:00+00:00,USC,defense,0.30606473208593,0.363218390804598,0.527586882451062,0.665263157894737,10,[401864494]
2026,1,401858436,2026-09-05T01:00:00+00:00,USC,offense,1.8572898211159,0.362043795620438,1.14448938613326,0.661333333333333,10,[401864494]
2026,1,401858437,2026-09-06T20:00:00+00:00,Washington,defense,0.540323590254107,0.663801652892562,0.540323590254107,0.663801652892562,0,[]
2026,1,401858437,2026-09-06T20:00:00+00:00,Washington,offense,0.84814866773358,0.662153846153846,0.84814866773358,0.662153846153846,0,[]
2026,1,401858437,2026-09-06T20:00:00+00:00,Washington State,defense,0.602859358857874,0.661176470588235,0.602859358857874,0.661176470588235,0,[]
2026,1,401858437,2026-09-06T20:00:00+00:00,Washington State,offense,0.3661338543222,0.6592,0.3661338543222,0.6592,0,[]
2026,1,401858438,2026-09-06T23:30:00+00:00,Notre Dame,defense,0.795651866532099,0.664201680672269,0.795651866532099,0.664201680672269,0,[]
2026,1,401858438,2026-09-06T23:30:00+00:00,Notre Dame,offense,1.33432143111892,0.664201680672269,1.33432143111892,0.664201680672269,0,[]
2026,1,401858438,2026-09-06T23:30:00+00:00,Wisconsin,defense,0.683309449436949,0.661984732824428,0.683309449436949,0.661984732824428,0,[]
2026,1,401858438,2026-09-06T23:30:00+00:00,Wisconsin,offense,-0.158703587707655,0.664406779661017,-0.158703587707655,0.664406779661017,0,[]
2026,1,401860878,2026-09-05T22:00:00+00:00,Colorado State,defense,-0.0356126100961264,0.660425531914894,-0.0356126100961264,0.660425531914894,0,[]
2026,1,401860878,2026-09-05T22:00:00+00:00,Colorado State,offense,0.0372202089938548,0.661492537313433,0.0372202089938548,0.661492537313433,0,[]
2026,1,401860878,2026-09-05T22:00:00+00:00,Wyoming,defense,0.454782395751248,0.660869565217391,0.454782395751248,0.660869565217391,0,[]
2026,1,401860878,2026-09-05T22:00:00+00:00,Wyoming,offense,-0.392739498364711,0.661333333333333,-0.392739498364711,0.661333333333333,0,[]
2026,1,401862695,2026-09-05T23:00:00+00:00,Arkansas State,defense,0.314362597040274,0.667169811320755,0.314362597040274,0.667169811320755,0,[]
2026,1,401862695,2026-09-05T23:00:00+00:00,Arkansas State,offense,0.106981973223725,0.668514851485149,0.106981973223725,0.668514851485149,0,[]
2026,1,401862695,2026-09-05T23:00:00+00:00,Memphis,defense,0.585519949838958,0.318956573291833,0.285643982773251,0.662153846153846,13,[401862693]
2026,1,401862695,2026-09-05T23:00:00+00:00,Memphis,offense,0.531517351469833,0.331330023517115,0.403181782265857,0.658701298701299,12,[401862693]
2026,1,401862699,2026-09-05T23:00:00+00:00,Florida International,defense,0.228637354784738,0.65858064516129,0.228637354784738,0.65858064516129,0,[]
2026,1,401862699,2026-09-05T23:00:00+00:00,Florida International,offense,-0.051645704230161,0.659328859060403,-0.051645704230161,0.659328859060403,0,[]
2026,1,401862699,2026-09-05T23:00:00+00:00,South Florida,defense,0.410947697149576,0.658701298701299,0.410947697149576,0.658701298701299,0,[]
2026,1,401862699,2026-09-05T23:00:00+00:00,South Florida,offense,0.890007533019344,0.660425531914894,0.890007533019344,0.660425531914894,0,[]
2026,1,401864432,2026-09-06T02:30:00+00:00,Nevada,defense,0.112118900767063,0.663225806451613,0.112118900767063,0.663225806451613,0,[]
2026,1,401864432,2026-09-06T02:30:00+00:00,Nevada,offense,-0.224979525124918,0.662857142857143,-0.224979525124918,0.662857142857143,0,[]
2026,1,401864432,2026-09-06T02:30:00+00:00,Western Kentucky,defense,0.337198355446174,0.6592,0.337198355446174,0.6592,0,[]
2026,1,401864432,2026-09-06T02:30:00+00:00,Western Kentucky,offense,0.0646550697861239,0.659072847682119,0.0646550697861239,0.659072847682119,0,[]
2026,1,401864495,2026-09-04T22:30:00+00:00,Eastern Michigan,defense,0.778435832484594,0.319384319384319,-0.0786854951142528,0.664,13,[401866408]
2026,1,401864495,2026-09-04T22:30:00+00:00,Eastern Michigan,offense,0.323234528125533,0.307254623044097,0.236811245836962,0.664615384615385,14,[401866408]
2026,1,401864495,2026-09-04T22:30:00+00:00,San Jose State,defense,-0.662432295080008,0.36234096692112,-0.13442285336488,0.662325581395349,10,[401864494]
2026,1,401864495,2026-09-04T22:30:00+00:00,San Jose State,offense,0.425848958660035,0.362724014336918,-0.0759755061301264,0.663606557377049,10,[401864494]
2026,1,401864497,2026-09-06T02:00:00+00:00,Hawai_i,defense,0.378827921219769,0.660719424460432,0.378827921219769,0.660719424460432,0,[]
2026,1,401864497,2026-09-06T02:00:00+00:00,Hawai_i,offense,0.291017314920623,0.30603764360792,0.255115969139391,0.658947368421053,14,[401858201]
2026,1,401864497,2026-09-06T02:00:00+00:00,UNLV,defense,0.237592438023202,0.331658291457286,0.143361959507801,0.66,12,[401862693]
2026,1,401864497,2026-09-06T02:00:00+00:00,UNLV,offense,0.256944327102395,0.31920509237696,0.542922662429376,0.663225806451613,13,[401862693]
2026,1,401864498,2026-09-06T02:00:00+00:00,Central Michigan,defense,0.258468064099259,0.661333333333333,0.258468064099259,0.661333333333333,0,[]
2026,1,401864498,2026-09-06T02:00:00+00:00,Central Michigan,offense,-0.192601322245145,0.661984732824428,-0.192601322245145,0.661984732824428,0,[]
2026,1,401864498,2026-09-06T02:00:00+00:00,New Mexico,defense,0.372010254099772,0.659591836734694,0.372010254099772,0.659591836734694,0,[]
2026,1,401864498,2026-09-06T02:00:00+00:00,New Mexico,offense,0.212985801806013,0.661176470588235,0.212985801806013,0.661176470588235,0,[]
2026,1,401869960,2026-09-05T16:00:00+00:00,James Madison,defense,0.57204451653829,0.65811320754717,0.57204451653829,0.65811320754717,0,[]
2026,1,401869960,2026-09-05T16:00:00+00:00,James Madison,offense,0.398394166207645,0.658823529411765,0.398394166207645,0.658823529411765,0,[]
2026,1,401869960,2026-09-05T16:00:00+00:00,Liberty,defense,0.1095296302276,0.661984732824428,0.1095296302276,0.661984732824428,0,[]
2026,1,401869960,2026-09-05T16:00:00+00:00,Liberty,offense,0.0943055364210929,0.664201680672269,0.0943055364210929,0.664201680672269,0,[]
2026,1,401870763,2026-09-05T23:00:00+00:00,Sam Houston State,defense,-0.15882582850281,0.662325581395349,-0.15882582850281,0.662325581395349,0,[]
2026,1,401870763,2026-09-05T23:00:00+00:00,Sam Houston State,offense,-0.35199319681811,0.65972602739726,-0.35199319681811,0.65972602739726,0,[]
2026,1,401870763,2026-09-05T23:00:00+00:00,Troy,defense,0.350180401063202,0.658227848101266,0.350180401063202,0.658227848101266,0,[]
2026,1,401870763,2026-09-05T23:00:00+00:00,Troy,offense,-0.274788422198556,0.660281690140845,-0.274788422198556,0.660281690140845,0,[]
2026,2,401856670,2026-09-13T02:15:00+00:00,Arkansas,defense,0.0617818526206252,0.665486725663717,0.0617818526206252,0.665486725663717,0,[]
2026,2,401856670,2026-09-13T02:15:00+00:00,Arkansas,offense,0.970413301139841,0.661984732824428,0.970413301139841,0.661984732824428,0,[]
2026,2,401856670,2026-09-13T02:15:00+00:00,Utah,defense,0.603552381650828,0.660869565217391,0.603552381650828,0.660869565217391,0,[]
2026,2,401856670,2026-09-13T02:15:00+00:00,Utah,offense,1.15429612285167,0.661654135338346,1.15429612285167,0.661654135338346,0,[]
2026,2,401856671,2026-09-12T23:45:00+00:00,Auburn,defense,0.906056508362488,0.320557491289199,0.601355244947408,0.669090909090909,13,[401856636]
2026,2,401856671,2026-09-12T23:45:00+00:00,Auburn,offense,-0.0208701193443209,0.31920509237696,0.315699511516389,0.663225806451613,13,[401856636]
2026,2,401856671,2026-09-12T23:45:00+00:00,Southern Mississippi,defense,0.232478337565304,0.657142857142857,0.232478337565304,0.657142857142857,0,[]
2026,2,401856671,2026-09-12T23:45:00+00:00,Southern Mississippi,offense,0.0824658157976277,0.658343949044586,0.0824658157976277,0.658343949044586,0,[]
2026,2,401856673,2026-09-12T16:45:00+00:00,Georgia,defense,0.771102652174984,0.659862068965517,0.771102652174984,0.659862068965517,0,[]
2026,2,401856673,2026-09-12T16:45:00+00:00,Georgia,offense,1.01619670982232,0.658461538461539,1.01619670982232,0.658461538461539,0,[]
2026,2,401856673,2026-09-12T16:45:00+00:00,Western Kentucky,defense,-0.402501955847156,0.36140350877193,0.337198355446174,0.6592,10,[401864432]
2026,2,401856673,2026-09-12T16:45:00+00:00,Western Kentucky,offense,-0.404763196776584,0.361365286855483,0.0646550697861239,0.659072847682119,10,[401864432]
2026,2,401856674,2026-09-12T19:30:00+00:00,Alabama,defense,0.965653619481534,0.361008861622359,0.625280718336107,0.657888198757764,10,[401856634]
2026,2,401856674,2026-09-12T19:30:00+00:00,Alabama,offense,1.28164925668042,0.378766140602583,0.806121212638785,0.66,9,[401856634]
2026,2,401856674,2026-09-12T19:30:00+00:00,Kentucky,defense,0.432328731563099,0.664,0.432328731563099,0.664,0,[]
2026,2,401856674,2026-09-12T19:30:00+00:00,Kentucky,offense,0.368326169329553,0.663225806451613,0.368326169329553,0.663225806451613,0,[]
2026,2,401856676,2026-09-12T23:45:00+00:00,Charlotte,defense,0.095329599706592,0.661021897810219,0.095329599706592,0.661021897810219,0,[]
2026,2,401856676,2026-09-12T23:45:00+00:00,Charlotte,offense,-0.346220327837998,0.661333333333333,-0.346220327837998,0.661333333333333,0,[]
2026,2,401856676,2026-09-12T23:45:00+00:00,Ole Miss,defense,0.516699121957407,0.657454545454545,0.516699121957407,0.657454545454545,0,[]
2026,2,401856676,2026-09-12T23:45:00+00:00,Ole Miss,offense,1.38273320360568,0.317813296270558,1.13426437354473,0.657245508982036,13,[401856661]
2026,2,401856677,2026-09-12T19:30:00+00:00,Minnesota,defense,0.399828097776655,0.662857142857143,0.399828097776655,0.662857142857143,0,[]
2026,2,401856677,2026-09-12T19:30:00+00:00,Minnesota,offense,0.281531926967304,0.661333333333333,0.281531926967304,0.661333333333333,0,[]
2026,2,401856677,2026-09-12T19:30:00+00:00,Mississippi State,defense,0.910476807975337,0.419180201082753,0.361591734880984,0.661984732824428,7,[401856662]
2026,2,401856677,2026-09-12T19:30:00+00:00,Mississippi State,offense,1.98449900840714,0.418166238217652,0.55110934156637,0.659459459459459,7,[401856662]
2026,2,401856678,2026-09-12T00:00:00+00:00,Kansas,defense,0.179929773005353,0.661492537313433,0.179929773005353,0.661492537313433,0,[]
2026,2,401856678,2026-09-12T00:00:00+00:00,Kansas,offense,0.666475551880961,0.661021897810219,0.666475551880961,0.661021897810219,0,[]
2026,2,401856678,2026-09-12T00:00:00+00:00,Missouri,defense,0.664605907555957,0.663414634146341,0.664605907555957,0.663414634146341,0,[]
2026,2,401856678,2026-09-12T00:00:00+00:00,Missouri,offense,0.491123714488019,0.661021897810219,0.491123714488019,0.661021897810219,0,[]
2026,2,401856679,2026-09-12T16:00:00+00:00,Michigan,defense,0.858942903565401,0.345927309294642,0.455745578064091,0.65972602739726,11,[401858428]
2026,2,401856679,2026-09-12T16:00:00+00:00,Michigan,offense,0.235355083849119,0.36140350877193,0.710502817504488,0.6592,10,[401858428]
2026,2,401856679,2026-09-12T16:00:00+00:00,Oklahoma,defense,1.36974047233071,0.417578930667936,0.881946728358875,0.658,7,[401856664]
2026,2,401856679,2026-09-12T16:00:00+00:00,Oklahoma,offense,1.69957566151518,0.440525702878057,0.432493754736595,0.657888198757764,6,[401856664]
2026,2,401856681,2026-09-12T23:00:00+00:00,Georgia Tech,defense,0.695295152245413,0.362782294489612,0.335987878535223,0.663801652892562,10,[401856776]
2026,2,401856681,2026-09-12T23:00:00+00:00,Georgia Tech,offense,-0.0566966042122864,0.379951192040548,0.654803038010608,0.663606557377049,9,[401856776]
2026,2,401856681,2026-09-12T23:00:00+00:00,Tennessee,defense,0.344633313669404,0.661176470588235,0.344633313669404,0.661176470588235,0,[]
2026,2,401856681,2026-09-12T23:00:00+00:00,Tennessee,offense,0.972059902300138,0.659862068965517,0.972059902300138,0.659862068965517,0,[]
2026,2,401856682,2026-09-12T23:30:00+00:00,Ohio State,defense,1.39209762124629,0.398190045248869,1.05409704514473,0.661654135338346,8,[401858432]
2026,2,401856682,2026-09-12T23:30:00+00:00,Ohio State,offense,2.16603666355981,0.398131512756019,1.0668061286627,0.661492537313433,8,[401858432]
2026,2,401856682,2026-09-12T23:30:00+00:00,Texas,defense,0.945220633025541,0.419316843345112,0.693510929674106,0.662325581395349,7,[401856667]
2026,2,401856682,2026-09-12T23:30:00+00:00,Texas,offense,1.86441882978619,0.44402096236303,0.576738642156732,0.665714285714286,6,[401856667]
2026,2,401856683,2026-09-12T16:00:00+00:00,Arizona State,defense,0.500863296796201,0.658947368421053,0.500863296796201,0.658947368421053,0,[]
2026,2,401856683,2026-09-12T16:00:00+00:00,Arizona State,offense,0.316573161106068,0.657041420118343,0.316573161106068,0.657041420118343,0,[]
2026,2,401856683,2026-09-12T16:00:00+00:00,Texas A&M,defense,1.30828125726745,0.397905759162304,0.707754980911362,0.660869565217391,8,[401856668]
2026,2,401856683,2026-09-12T16:00:00+00:00,Texas A&M,offense,1.75120411847374,0.379002971277649,1.01399070457269,0.660719424460432,9,[401856668]
2026,2,401856684,2026-09-12T20:15:00+00:00,Delaware,defense,-0.201418680781018,0.662677165354331,-0.201418680781018,0.662677165354331,0,[]
2026,2,401856684,2026-09-12T20:15:00+00:00,Delaware,offense,0.182348241508925,0.660281690140845,0.182348241508925,0.660281690140845,0,[]
2026,2,401856684,2026-09-12T20:15:00+00:00,Vanderbilt,defense,0.364522492466648,0.661492537313433,0.364522492466648,0.661492537313433,0,[]
2026,2,401856684,2026-09-12T20:15:00+00:00,Vanderbilt,offense,1.31386781584453,0.665714285714286,1.31386781584453,0.665714285714286,0,[]
2026,2,401856781,2026-09-12T16:00:00+00:00,Kansas State,defense,0.446059107254006,0.662677165354331,0.446059107254006,0.662677165354331,0,[]
2026,2,401856781,2026-09-12T16:00:00+00:00,Kansas State,offense,0.573925459531308,0.661492537313433,0.573925459531308,0.661492537313433,0,[]
2026,2,401856781,2026-09-12T16:00:00+00:00,Washington State,defense,0.572620241242611,0.331955109273479,0.602859358857874,0.661176470588235,12,[401858437]
2026,2,401856781,2026-09-12T16:00:00+00:00,Washington State,offense,-0.166372624890118,0.345782626940831,0.3661338543222,0.6592,11,[401858437]
2026,2,401856782,2026-09-12T16:00:00+00:00,Oklahoma State,defense,0.376153908548814,0.332332964776497,0.211171032264151,0.662677165354331,12,[401856772]
2026,2,401856782,2026-09-12T16:00:00+00:00,Oklahoma State,offense,-0.491609943781484,0.332566546171541,-0.15096302424699,0.663606557377049,12,[401856772]
2026,2,401856782,2026-09-12T16:00:00+00:00,Oregon,defense,0.687746781306406,0.319119669876204,0.844596827278362,0.662857142857143,13,[401858433]
2026,2,401856782,2026-09-12T16:00:00+00:00,Oregon,offense,1.19083088111444,0.662153846153846,1.19083088111444,0.662153846153846,0,[]
2026,2,401856783,2026-09-12T23:30:00+00:00,Oregon State,defense,-0.052059636443196,0.346412380803502,0.169172108557209,0.661492537313433,11,[401856778]
2026,2,401856783,2026-09-12T23:30:00+00:00,Oregon State,offense,-0.0522717474689073,0.332034761762062,-0.149503798774591,0.661492537313433,12,[401856778]
2026,2,401856783,2026-09-12T23:30:00+00:00,Texas Tech,defense,1.15784389484346,0.657245508982036,1.15784389484346,0.657245508982036,0,[]
2026,2,401856783,2026-09-12T23:30:00+00:00,Texas Tech,offense,0.722862532094238,0.660281690140845,0.722862532094238,0.660281690140845,0,[]
2026,2,401856788,2026-09-12T23:30:00+00:00,Iowa,defense,1.48075733263887,0.346593654372685,0.810461890468802,0.662153846153846,11,[401858426]
2026,2,401856788,2026-09-12T23:30:00+00:00,Iowa,offense,1.11512646514393,0.361904761904762,0.574444686897616,0.660869565217391,10,[401858426]
2026,2,401856788,2026-09-12T23:30:00+00:00,Iowa State,defense,0.569974262567035,0.664615384615385,0.569974262567035,0.664615384615385,0,[]
2026,2,401856788,2026-09-12T23:30:00+00:00,Iowa State,offense,0.43863559543692,0.662325581395349,0.43863559543692,0.662325581395349,0,[]
2026,2,401856790,2026-09-12T19:30:00+00:00,Pittsburgh,defense,0.656233086609392,0.378143972246314,0.465153447456852,0.65811320754717,9,[401858207]
2026,2,401856790,2026-09-12T19:30:00+00:00,Pittsburgh,offense,1.92510166315398,0.361327561327561,0.401364124191141,0.658947368421053,10,[401858207]
2026,2,401856790,2026-09-12T19:30:00+00:00,UCF,defense,0.48691186934432,0.665486725663717,0.48691186934432,0.665486725663717,0,[]
2026,2,401856790,2026-09-12T19:30:00+00:00,UCF,offense,0.0884587641805022,0.664,0.0884587641805022,0.664,0,[]
2026,2,401856810,2026-09-12T19:30:00+00:00,Arizona,defense,0.584280023826773,0.660719424460432,0.584280023826773,0.660719424460432,0,[]
2026,2,401856810,2026-09-12T19:30:00+00:00,Arizona,offense,0.755324363367736,0.664615384615385,0.755324363367736,0.664615384615385,0,[]
2026,2,401856810,2026-09-12T19:30:00+00:00,BYU,defense,0.550616185354632,0.660281690140845,0.550616185354632,0.660281690140845,0,[]
2026,2,401856810,2026-09-12T19:30:00+00:00,BYU,offense,0.727187726405264,0.665263157894737,0.727187726405264,0.665263157894737,0,[]
2026,2,401858214,2026-09-11T23:30:00+00:00,Boston College,defense,0.165284466441024,0.332201296696511,-0.00107202636156052,0.662153846153846,12,[401856777]
2026,2,401858214,2026-09-11T23:30:00+00:00,Boston College,offense,-0.0200083459102188,0.347209920283437,0.21213314777313,0.664406779661017,11,[401856777]
2026,2,401858214,2026-09-11T23:30:00+00:00,Rutgers,defense,-0.213042968828423,0.332470892626132,-0.0617944043056734,0.663225806451613,12,[401858423]
2026,2,401858214,2026-09-11T23:30:00+00:00,Rutgers,offense,0.446919756172186,0.33303808680248,0.759609400507686,0.665486725663717,12,[401858423]
2026,2,401858216,2026-09-12T19:30:00+00:00,California,defense,-0.16968430584235,0.306419324703056,0.183037366700011,0.660719424460432,14,[401858210]
2026,2,401858216,2026-09-12T19:30:00+00:00,California,offense,0.171468081786535,0.30655129789864,0.258832075478352,0.661333333333333,14,[401858210]
2026,2,401858216,2026-09-12T19:30:00+00:00,Syracuse,defense,0.263540478148141,0.6625,0.263540478148141,0.6625,0,[]
2026,2,401858216,2026-09-12T19:30:00+00:00,Syracuse,offense,-0.184045624229359,0.660281690140845,-0.184045624229359,0.660281690140845,0,[]
2026,2,401858217,2026-09-12T19:30:00+00:00,Duke,defense,1.05889155618127,0.331014280483339,0.123275728529496,0.657454545454545,12,[401858209]
2026,2,401858217,2026-09-12T19:30:00+00:00,Duke,offense,0.258131280180448,0.317937701396348,0.890157675898362,0.657777777777778,13,[401858209]
2026,2,401858217,2026-09-12T19:30:00+00:00,Illinois,defense,0.240600635657297,0.399038461538462,0.526926809078012,0.664,8,[401858424]
2026,2,401858217,2026-09-12T19:30:00+00:00,Illinois,offense,1.62057728121761,0.398131512756019,0.771434972249543,0.661492537313433,8,[401858424]
2026,2,401858219,2026-09-12T23:30:00+00:00,Clemson,defense,-0.0810354650053535,0.397031539888683,0.542527064555328,0.658461538461539,8,[401856660]
2026,2,401858219,2026-09-12T23:30:00+00:00,Clemson,offense,-0.322872788046397,0.378258948298719,0.446552386479124,0.658461538461539,9,[401856660]
2026,2,401858219,2026-09-12T23:30:00+00:00,Georgia Southern,defense,-0.135931388986912,0.660281690140845,-0.135931388986912,0.660281690140845,0,[]
2026,2,401858219,2026-09-12T23:30:00+00:00,Georgia Southern,offense,0.321973349569184,0.6592,0.321973349569184,0.6592,0,[]
2026,2,401858221,2026-09-12T16:00:00+00:00,Old Dominion,defense,0.900623162083605,0.661818181818182,0.900623162083605,0.661818181818182,0,[]
2026,2,401858221,2026-09-12T16:00:00+00:00,Old Dominion,offense,0.301428449001778,0.658343949044586,0.301428449001778,0.658343949044586,0,[]
2026,2,401858221,2026-09-12T16:00:00+00:00,Virginia Tech,defense,0.171267202930923,0.664,0.171267202930923,0.664,0,[]
2026,2,401858221,2026-09-12T16:00:00+00:00,Virginia Tech,offense,0.346090648880783,0.661021897810219,0.346090648880783,0.661021897810219,0,[]
2026,2,401858224,2026-09-12T16:00:00+00:00,Purdue,defense,0.245106403165473,0.6625,0.245106403165473,0.6625,0,[]
2026,2,401858224,2026-09-12T16:00:00+00:00,Purdue,offense,0.223809371731947,0.663225806451613,0.223809371731947,0.663225806451613,0,[]
2026,2,401858224,2026-09-12T16:00:00+00:00,Wake Forest,defense,0.993302710683422,0.361217268223638,0.60639433220878,0.65858064516129,10,[401858204]
2026,2,401858224,2026-09-12T16:00:00+00:00,Wake Forest,offense,1.12961579255442,0.361290322580645,0.167939882805313,0.658823529411765,10,[401858204]
2026,2,401858440,2026-09-12T19:30:00+00:00,Eastern Michigan,defense,0.939025163333147,0.194892867625477,-0.0786854951142528,0.664,29,"[401866408, 401864495]"
2026,2,401858440,2026-09-12T19:30:00+00:00,Eastern Michigan,offense,-0.112759090001361,0.199814986123959,0.236811245836962,0.664615384615385,28,"[401866408, 401864495]"
2026,2,401858440,2026-09-12T19:30:00+00:00,Michigan State,defense,0.521971974425851,0.362666666666667,0.505255539960644,0.663414634146341,10,[401858429]
2026,2,401858440,2026-09-12T19:30:00+00:00,Michigan State,offense,0.727581705476196,0.347759479126771,0.32662805609271,0.666422018348624,11,[401858429]
2026,2,401858441,2026-09-12T23:00:00+00:00,Bowling Green,defense,0.265529787231674,0.659459459459459,0.265529787231674,0.659459459459459,0,[]
2026,2,401858441,2026-09-12T23:00:00+00:00,Bowling Green,offense,-0.276350811026128,0.659072847682119,-0.276350811026128,0.659072847682119,0,[]
2026,2,401858441,2026-09-12T23:00:00+00:00,Nebraska,defense,0.403575266847617,0.346412380803502,0.208308993475309,0.661492537313433,11,[401858430]
2026,2,401858441,2026-09-12T23:00:00+00:00,Nebraska,offense,1.67204070413964,0.34624145785877,0.476042922212335,0.660869565217391,11,[401858430]
2026,2,401858442,2026-09-12T16:00:00+00:00,Penn State,defense,1.17653457471856,0.399111290648354,0.485474066812244,0.664201680672269,8,[401858434]
2026,2,401858442,2026-09-12T16:00:00+00:00,Penn State,offense,1.81757897275308,0.399574920297556,0.831013883661226,0.665486725663717,8,[401858434]
2026,2,401858442,2026-09-12T16:00:00+00:00,Temple,defense,-0.0446330073927778,0.668514851485149,-0.0446330073927778,0.668514851485149,0,[]
2026,2,401858442,2026-09-12T16:00:00+00:00,Temple,offense,0.225483260254383,0.667428571428571,0.225483260254383,0.667428571428571,0,[]
2026,2,401858443,2026-09-12T23:15:00+00:00,San Diego State,defense,0.722953776427029,0.660719424460432,0.722953776427029,0.660719424460432,0,[]
2026,2,401858443,2026-09-12T23:15:00+00:00,San Diego State,offense,0.128165457398567,0.661654135338346,0.128165457398567,0.661654135338346,0,[]
2026,2,401858443,2026-09-12T23:15:00+00:00,UCLA,defense,0.441933744865261,0.307799442896936,0.0455988021041406,0.667169811320755,14,[401858210]
2026,2,401858443,2026-09-12T23:15:00+00:00,UCLA,offense,0.973254498886489,0.307967770814682,0.148089431676267,0.667961165048544,14,[401858210]
2026,2,401858444,2026-09-12T19:30:00+00:00,Connecticut,defense,0.0159036198248088,0.662153846153846,0.0159036198248088,0.662153846153846,0,[]
2026,2,401858444,2026-09-12T19:30:00+00:00,Connecticut,offense,0.479883269053433,0.662153846153846,0.479883269053433,0.662153846153846,0,[]
2026,2,401858444,2026-09-12T19:30:00+00:00,Maryland,defense,0.394814938097449,0.66013986013986,0.394814938097449,0.66013986013986,0,[]
2026,2,401858444,2026-09-12T19:30:00+00:00,Maryland,offense,0.0963458651353826,0.662677165354331,0.0963458651353826,0.662677165354331,0,[]
2026,2,401858445,2026-09-13T03:00:00+00:00,Louisiana,defense,0.0484812930847652,0.669690721649485,0.0484812930847652,0.669690721649485,0,[]
2026,2,401858445,2026-09-13T03:00:00+00:00,Louisiana,offense,-0.0597857549338476,0.663225806451613,-0.0597857549338476,0.663225806451613,0,[]
2026,2,401858445,2026-09-13T03:00:00+00:00,USC,defense,0.661016131389737,0.257853937168503,0.527586882451062,0.665263157894737,19,"[401864494, 401858436]"
2026,2,401858445,2026-09-13T03:00:00+00:00,USC,offense,2.02562920604437,0.362043795620438,1.14448938613326,0.661333333333333,10,[401864494]
2026,2,401858446,2026-09-12T19:30:00+00:00,Utah State,defense,0.255368441927607,0.660869565217391,0.255368441927607,0.660869565217391,0,[]
2026,2,401858446,2026-09-12T19:30:00+00:00,Utah State,offense,0.450496409623324,0.66304,0.450496409623324,0.66304,0,[]
2026,2,401858446,2026-09-12T19:30:00+00:00,Washington,defense,0.977119318932894,0.347044590390598,0.540323590254107,0.663801652892562,11,[401858437]
2026,2,401858446,2026-09-12T19:30:00+00:00,Washington,offense,0.623609621831959,0.332201296696511,0.84814866773358,0.662153846153846,12,[401858437]
2026,2,401859184,2026-09-12T19:30:00+00:00,Notre Dame,defense,0.886193627995568,0.3801462100808,0.795651866532099,0.664201680672269,9,[401858438]
2026,2,401859184,2026-09-12T19:30:00+00:00,Notre Dame,offense,1.57967040061835,0.362901744719927,1.33432143111892,0.664201680672269,10,[401858438]
2026,2,401859184,2026-09-12T19:30:00+00:00,Rice,defense,-0.0205081333063168,0.664,-0.0205081333063168,0.664,0,[]
2026,2,401859184,2026-09-12T19:30:00+00:00,Rice,offense,-0.337120792332901,0.661021897810219,-0.337120792332901,0.661021897810219,0,[]
2026,2,401860881,2026-09-12T22:00:00+00:00,Boise State,defense,0.541814733753255,0.657041420118343,0.541814733753255,0.657041420118343,0,[]
2026,2,401860881,2026-09-12T22:00:00+00:00,Boise State,offense,0.38595617074583,0.318269602162997,0.373547294066875,0.6592,13,[401858433]
2026,2,401860881,2026-09-12T22:00:00+00:00,Memphis,defense,0.603488316418338,0.215739348370927,0.285643982773251,0.662153846153846,25,"[401862693, 401862695]"
2026,2,401860881,2026-09-12T22:00:00+00:00,Memphis,offense,1.051025198847,0.221330075056729,0.403181782265857,0.658701298701299,24,"[401862693, 401862695]"
2026,2,401860883,2026-09-13T02:30:00+00:00,Fresno State,defense,0.563081092921868,0.66,0.563081092921868,0.66,0,[]
2026,2,401860883,2026-09-13T02:30:00+00:00,Fresno State,offense,-1.00998433792797,0.377891674747195,-0.152113625100194,0.657349397590361,9,[401858436]
2026,2,401860883,2026-09-13T02:30:00+00:00,Sacramento State,defense,0.0642356534289477,0.333333333333333,0.339608496135517,0.8,14,[401866408]
2026,2,401860883,2026-09-13T02:30:00+00:00,Sacramento State,offense,-0.617873657674079,0.347826086956522,-0.63811695016018,0.8,13,[401866408]
2026,2,401860884,2026-09-12T19:30:00+00:00,Texas State,defense,-0.820480897447909,0.445265101556318,0.105831745399575,0.668514851485149,6,[401856667]
2026,2,401860884,2026-09-12T19:30:00+00:00,Texas State,offense,0.218181517610418,0.423173803526448,0.733328028356484,0.672,7,[401856667]
2026,2,401860884,2026-09-12T19:30:00+00:00,UT San Antonio,defense,0.464602713414512,0.661654135338346,0.464602713414513,0.661654135338346,0,[]
2026,2,401860884,2026-09-12T19:30:00+00:00,UT San Antonio,offense,0.697214385618187,0.661176470588235,0.697214385618187,0.661176470588235,0,[]
2026,2,401862702,2026-09-12T16:00:00+00:00,Army,defense,0.322145762484267,0.6625,0.322145762484267,0.6625,0,[]
2026,2,401862702,2026-09-12T16:00:00+00:00,Army,offense,0.447349532640592,0.663801652892562,0.447349532640592,0.663801652892562,0,[]
2026,2,401862702,2026-09-12T16:00:00+00:00,South Florida,defense,0.999597706279571,0.361253561253561,0.410947697149576,0.658701298701299,10,[401862699]
2026,2,401862702,2026-09-12T16:00:00+00:00,South Florida,offense,0.730073705476977,0.37890625,0.890007533019344,0.660425531914894,9,[401862699]
2026,2,401862703,2026-09-12T23:30:00+00:00,Florida Atlantic,defense,-1.43353281351434,0.363025210084034,-0.361608177370866,0.664615384615385,10,[401856637]
2026,2,401862703,2026-09-12T23:30:00+00:00,Florida Atlantic,offense,0.412111499021122,0.361996779388084,0.336923679165534,0.661176470588235,10,[401856637]
2026,2,401862703,2026-09-12T23:30:00+00:00,Navy,defense,0.184075170195049,0.660425531914894,0.184075170195048,0.660425531914894,0,[]
2026,2,401862703,2026-09-12T23:30:00+00:00,Navy,offense,0.57675379445058,0.6625,0.57675379445058,0.6625,0,[]
2026,2,401862705,2026-09-12T19:45:00+00:00,North Texas,defense,-0.894317320780479,0.398433128147734,0.164876617077696,0.662325581395349,8,[401858425]
2026,2,401862705,2026-09-12T19:45:00+00:00,North Texas,offense,0.946216430510375,0.398433128147734,1.30961869397456,0.662325581395349,8,[401858425]
2026,2,401862705,2026-09-12T19:45:00+00:00,UNLV,defense,0.73590478561289,0.227782571182053,0.143361959507801,0.66,23,"[401862693, 401864497]"
2026,2,401862705,2026-09-12T19:45:00+00:00,UNLV,offense,0.202904619483397,0.215853018372703,0.542922662429376,0.663225806451613,25,"[401862693, 401864497]"
2026,2,401862707,2026-09-12T23:00:00+00:00,Sam Houston State,defense,0.271311667412511,0.318996415770609,-0.15882582850281,0.662325581395349,13,[401870763]
2026,2,401862707,2026-09-12T23:00:00+00:00,Sam Houston State,offense,-0.110429433868076,0.331589093913522,-0.35199319681811,0.65972602739726,12,[401870763]
2026,2,401862707,2026-09-12T23:00:00+00:00,Tulsa,defense,0.809326577414016,0.332201296696511,0.104336546922128,0.662153846153846,12,[401856772]
2026,2,401862707,2026-09-12T23:00:00+00:00,Tulsa,offense,0.158259462635831,0.331330023517115,-0.0781623955801989,0.658701298701299,12,[401856772]
2026,2,401862708,2026-09-12T19:30:00+00:00,Louisiana Monroe,defense,-1.08170082313591,0.419677485201061,-0.149573830082077,0.663225806451613,7,[401856662]
2026,2,401862708,2026-09-12T19:30:00+00:00,Louisiana Monroe,offense,-0.654143755985297,0.420318290821888,-0.301099312106634,0.664827586206897,7,[401856662]
2026,2,401862708,2026-09-12T19:30:00+00:00,UAB,defense,-0.703051448570252,0.39918533604888,-0.208936271401043,0.664406779661017,8,[401858424]
2026,2,401862708,2026-09-12T19:30:00+00:00,UAB,offense,0.645811367675583,0.399911913675402,0.195806659674938,0.666422018348624,8,[401858424]
2026,2,401864502,2026-09-13T02:00:00+00:00,Air Force,defense,-0.180759244805911,0.663225806451613,-0.180759244805911,0.663225806451613,0,[]
2026,2,401864502,2026-09-13T02:00:00+00:00,Air Force,offense,0.672158211497178,0.668235294117647,0.672158211497179,0.668235294117647,0,[]
2026,2,401864502,2026-09-13T02:00:00+00:00,North Dakota State,defense,0.974986715638146,0.421052631578947,0,1,11,[401864577]
2026,2,401864502,2026-09-13T02:00:00+00:00,North Dakota State,offense,0.452356624506513,0.421052631578947,0,1,11,[401864577]
2026,2,401864571,2026-09-12T16:00:00+00:00,Appalachian State,defense,0.0128875013185859,0.660869565217391,0.0128875013185859,0.660869565217391,0,[]
2026,2,401864571,2026-09-12T16:00:00+00:00,Appalachian State,offense,0.00871037784380821,0.658701298701299,0.00871037784380821,0.658701298701299,0,[]
2026,2,401864571,2026-09-12T16:00:00+00:00,East Carolina,defense,-0.0280820370379942,0.378675892435918,0.446472617031721,0.65972602739726,9,[401856634]
2026,2,401864571,2026-09-12T16:00:00+00:00,East Carolina,offense,-0.0994164026562891,0.361643835616438,0.3613474072827,0.66,10,[401856634]
2026,2,401864575,2026-09-12T23:00:00+00:00,South Alabama,defense,-0.123719975772137,0.667169811320755,-0.123719975772137,0.667169811320755,0,[]
2026,2,401864575,2026-09-12T23:00:00+00:00,South Alabama,offense,0.126419598127656,0.664,0.126419598127656,0.664,0,[]
2026,2,401864575,2026-09-12T23:00:00+00:00,Tulane,defense,0.775532028578044,0.317989609761991,0.405196109608599,0.658,13,[401858209]
2026,2,401864575,2026-09-12T23:00:00+00:00,Tulane,offense,-0.541643821014471,0.331096196868009,0.35411913170057,0.657777777777778,12,[401858209]
2026,2,401864578,2026-09-13T03:59:00+00:00,Hawai_i,defense,0.515085954957984,0.331839861251626,0.378827921219769,0.660719424460432,12,[401864497]
2026,2,401864578,2026-09-13T03:59:00+00:00,Hawai_i,offense,-0.169468950036833,0.215397849462366,0.255115969139391,0.658947368421053,25,"[401858201, 401864497]"
2026,2,401864578,2026-09-13T03:59:00+00:00,New Mexico State,defense,-0.173452948552101,0.361146051712089,0.202466908634644,0.658343949044586,10,[401864570]
2026,2,401864578,2026-09-13T03:59:00+00:00,New Mexico State,offense,-0.0744513288703612,0.361111111111111,-0.202274333984858,0.658227848101266,10,[401864570]
2026,2,401866414,2026-09-12T22:00:00+00:00,Buffalo,defense,0.17577447184053,0.660719424460432,0.17577447184053,0.660719424460432,0,[]
2026,2,401866414,2026-09-12T22:00:00+00:00,Buffalo,offense,-0.301402467224552,0.6592,-0.301402467224552,0.6592,0,[]
2026,2,401866414,2026-09-12T22:00:00+00:00,Florida International,defense,0.322455931177788,0.378298250815298,0.228637354784738,0.65858064516129,9,[401862699]
2026,2,401866414,2026-09-12T22:00:00+00:00,Florida International,offense,-0.516304813958596,0.361442236938926,-0.051645704230161,0.659328859060403,10,[401862699]
2026,2,401866418,2026-09-12T22:00:00+00:00,Jacksonville State,defense,0.22445963378627,0.345579329834477,0.212550556630285,0.658461538461539,11,[401864577]
2026,2,401866418,2026-09-12T22:00:00+00:00,Jacksonville State,offense,-0.452103161226617,0.345782626940831,0.0823264394265706,0.6592,11,[401864577]
2026,2,401866418,2026-09-12T22:00:00+00:00,Ohio,defense,-0.568906237486161,0.346119536128457,0.288736574556177,0.660425531914894,11,[401858430]
2026,2,401866418,2026-09-12T22:00:00+00:00,Ohio,offense,0.168729869014388,0.346119536128457,0.0480820076260384,0.660425531914894,11,[401858430]
2026,2,401867796,2026-09-12T23:30:00+00:00,LSU,defense,1.25991507372853,0.378378378378378,0.757459036711426,0.658823529411765,9,[401856660]
2026,2,401867796,2026-09-12T23:30:00+00:00,LSU,offense,1.11071977817613,0.397163120567376,0.276777856751207,0.658823529411765,8,[401856660]
2026,2,401867796,2026-09-12T23:30:00+00:00,Louisiana Tech,defense,0.319942803397846,0.658947368421053,0.319942803397846,0.658947368421053,0,[]
2026,2,401867796,2026-09-12T23:30:00+00:00,Louisiana Tech,offense,-0.0732122607253876,0.659459459459459,-0.0732122607253876,0.659459459459459,0,[]
2026,2,401869955,2026-09-12T23:00:00+00:00,Georgia State,defense,-0.0946293033896614,0.660281690140845,-0.0946293033896614,0.660281690140845,0,[]
2026,2,401869955,2026-09-12T23:00:00+00:00,Georgia State,offense,-0.129677308512798,0.664,-0.129677308512798,0.664,0,[]
2026,2,401869955,2026-09-12T23:00:00+00:00,Kennesaw State,defense,0.274104747732096,0.659862068965517,0.274104747732096,0.659862068965517,0,[]
2026,2,401869955,2026-09-12T23:00:00+00:00,Kennesaw State,offense,0.245897562427679,0.65858064516129,0.245897562427679,0.65858064516129,0,[]
2026,2,401871045,2026-09-12T23:00:00+00:00,Marshall,defense,-0.646971555110492,0.398249452954048,0.0901658954013853,0.661818181818182,8,[401858434]
2026,2,401871045,2026-09-12T23:00:00+00:00,Marshall,offense,-0.737729677390734,0.399574920297556,-0.0884498402534186,0.665486725663717,8,[401858434]
2026,2,401871045,2026-09-12T23:00:00+00:00,Middle Tennessee,defense,0.0705371638255626,0.66304,0.0705371638255626,0.66304,0,[]
2026,2,401871045,2026-09-12T23:00:00+00:00,Middle Tennessee,offense,-0.129691331649017,0.662857142857143,-0.129691331649017,0.662857142857143,0,[]
2026,3,401856685,2026-09-19T19:30:00+00:00,Alabama,defense,1.11939763847338,0.241253644314869,0.625280718336107,0.657888198757764,21,"[401856634, 401856674]"
2026,3,401856685,2026-09-19T19:30:00+00:00,Alabama,offense,1.48244145378526,0.249056603773585,0.806121212638785,0.66,20,"[401856634, 401856674]"
2026,3,401856685,2026-09-19T19:30:00+00:00,Florida State,defense,0.387581890957398,0.242180630574048,0.420017515419837,0.664827586206897,21,"[401864570, 401858212]"
2026,3,401856685,2026-09-19T19:30:00+00:00,Florida State,offense,0.926927946621634,0.235146966854284,0.754896375844568,0.665486725663717,22,"[401864570, 401858212]"
2026,3,401856686,2026-09-19T16:00:00+00:00,Arkansas,defense,-0.688647076799751,0.380566801619433,0.0617818526206252,0.665486725663717,9,[401856670]
2026,3,401856686,2026-09-19T16:00:00+00:00,Arkansas,offense,-0.0249796172840681,0.379418970948547,0.970413301139841,0.661984732824428,9,[401856670]
2026,3,401856686,2026-09-19T16:00:00+00:00,Georgia,defense,1.0962126287784,0.397540302476317,0.771102652174984,0.659862068965517,8,[401856673]
2026,3,401856686,2026-09-19T16:00:00+00:00,Georgia,offense,2.29997437516876,0.378258948298719,1.01619670982232,0.658461538461539,9,[401856673]
2026,3,401856687,2026-09-19T23:00:00+00:00,Auburn,defense,1.05621538628227,0.235595390524968,0.601355244947408,0.669090909090909,22,"[401856636, 401856671]"
2026,3,401856687,2026-09-19T23:00:00+00:00,Auburn,offense,0.554475410071384,0.23486406214302,0.315699511516389,0.663225806451613,22,"[401856636, 401856671]"
2026,3,401856687,2026-09-19T23:00:00+00:00,Florida,defense,0.497952860887894,0.361996779388084,0.530652127078273,0.661176470588235,10,[401856637]
2026,3,401856687,2026-09-19T23:00:00+00:00,Florida,offense,2.20270804066261,0.362841530054645,0.284478940845231,0.664,10,[401856637]
2026,3,401856688,2026-09-19T23:30:00+00:00,LSU,defense,1.49372732873778,0.227642276422764,0.757459036711426,0.658823529411765,23,"[401856660, 401867796]"
2026,3,401856688,2026-09-19T23:30:00+00:00,LSU,offense,1.38027636138494,0.227642276422764,0.276777856751207,0.658823529411765,23,"[401856660, 401867796]"
2026,3,401856688,2026-09-19T23:30:00+00:00,Ole Miss,defense,0.817440530774958,0.396665204036858,0.516699121957407,0.657454545454545,8,[401856676]
2026,3,401856688,2026-09-19T23:30:00+00:00,Ole Miss,offense,1.80276539742429,0.234109717600887,1.13426437354473,0.657245508982036,22,"[401856661, 401856676]"
2026,3,401856689,2026-09-19T23:00:00+00:00,Missouri,defense,1.00208653134115,0.31924882629108,0.664605907555957,0.663414634146341,13,[401856678]
2026,3,401856689,2026-09-19T23:00:00+00:00,Missouri,offense,0.845282263809082,0.306484364423988,0.491123714488019,0.661021897810219,14,[401856678]
2026,3,401856689,2026-09-19T23:00:00+00:00,Troy,defense,0.679316638048501,0.331210191082803,0.350180401063202,0.658227848101266,12,[401870763]
2026,3,401856689,2026-09-19T23:00:00+00:00,Troy,offense,-0.0290253121381839,0.31852153825248,-0.274788422198556,0.660281690140845,13,[401870763]
2026,3,401856690,2026-09-19T23:30:00+00:00,New Mexico,defense,1.04715942077555,0.418219461697723,0.372010254099772,0.659591836734694,7,[401864498]
2026,3,401856690,2026-09-19T23:30:00+00:00,New Mexico,offense,1.17913355078668,0.398016997167139,0.212985801806013,0.661176470588235,8,[401864498]
2026,3,401856690,2026-09-19T23:30:00+00:00,Oklahoma,defense,1.10310711199686,0.265269098971981,0.881946728358875,0.658,18,"[401856664, 401856679]"
2026,3,401856690,2026-09-19T23:30:00+00:00,Oklahoma,offense,0.380805506164515,0.274347285536676,0.432493754736595,0.657888198757764,17,"[401856664, 401856679]"
2026,3,401856691,2026-09-19T20:15:00+00:00,Mississippi State,defense,0.986222289490532,0.284850873735383,0.361591734880984,0.661984732824428,16,"[401856662, 401856677]"
2026,3,401856691,2026-09-19T20:15:00+00:00,Mississippi State,offense,2.38577455471756,0.284382284382284,0.55110934156637,0.659459459459459,16,"[401856662, 401856677]"
2026,3,401856691,2026-09-19T20:15:00+00:00,South Carolina,defense,1.20750720012661,0.441471571906354,0.707821959189652,0.66,6,[401856665]
2026,3,401856691,2026-09-19T20:15:00+00:00,South Carolina,offense,1.65170178271931,0.443820224719101,0.170989907243029,0.665263157894737,6,[401856665]
2026,3,401856692,2026-09-19T23:45:00+00:00,Kennesaw State,defense,0.0756718324623037,0.345964709285508,0.274104747732096,0.659862068965517,11,[401869955]
2026,3,401856692,2026-09-19T23:45:00+00:00,Kennesaw State,offense,0.0899737158374855,0.345612134344529,0.245897562427679,0.65858064516129,11,[401869955]
2026,3,401856692,2026-09-19T23:45:00+00:00,Tennessee,defense,0.619943599125969,0.346325681713141,0.344633313669404,0.661176470588235,11,[401856681]
2026,3,401856692,2026-09-19T23:45:00+00:00,Tennessee,offense,1.4290626747495,0.345964709285508,0.972059902300138,0.659862068965517,11,[401856681]
2026,3,401856693,2026-09-20T00:00:00+00:00,Texas,defense,0.812354718399682,0.265969368696302,0.693510929674106,0.662325581395349,18,"[401856667, 401856682]"
2026,3,401856693,2026-09-20T00:00:00+00:00,Texas,offense,1.56374494365312,0.27569886111522,0.576738642156732,0.665714285714286,17,"[401856667, 401856682]"
2026,3,401856693,2026-09-20T00:00:00+00:00,UT San Antonio,defense,0.274925966554122,0.332075471698113,0.464602713414513,0.661654135338346,12,[401860884]
2026,3,401856693,2026-09-20T00:00:00+00:00,UT San Antonio,offense,0.263145105684299,0.346325681713141,0.697214385618187,0.661176470588235,11,[401860884]
2026,3,401856694,2026-09-19T19:30:00+00:00,Kentucky,defense,0.161236485471789,0.347098797699948,0.432328731563099,0.664,11,[401856674]
2026,3,401856694,2026-09-19T19:30:00+00:00,Kentucky,offense,-0.0183317400921365,0.346887126708284,0.368326169329553,0.663225806451613,11,[401856674]
2026,3,401856694,2026-09-19T19:30:00+00:00,Texas A&M,defense,1.15919804220813,0.241653418124006,0.707754980911362,0.660869565217391,21,"[401856668, 401856683]"
2026,3,401856694,2026-09-19T19:30:00+00:00,Texas A&M,offense,1.57936101721408,0.2416333403494,1.01399070457269,0.660719424460432,21,"[401856668, 401856683]"
2026,3,401856695,2026-09-19T16:45:00+00:00,NC State,defense,0.0943218970984877,0.331802525832377,0.342078621229866,0.660571428571428,12,[401858202]
2026,3,401856695,2026-09-19T16:45:00+00:00,NC State,offense,-0.241851820856101,0.331456154465004,0.691372966801891,0.6592,12,[401858202]
2026,3,401856695,2026-09-19T16:45:00+00:00,Vanderbilt,defense,0.690133821746135,0.318803049920875,0.364522492466648,0.661492537313433,13,[401856684]
2026,3,401856695,2026-09-19T16:45:00+00:00,Vanderbilt,offense,0.861354006222814,0.307489277466183,1.31386781584453,0.665714285714286,14,[401856684]
2026,3,401856792,2026-09-19T16:00:00+00:00,Kansas State,defense,1.12020245272894,0.398560333396477,0.446059107254006,0.662677165354331,8,[401856781]
2026,3,401856792,2026-09-19T16:00:00+00:00,Kansas State,offense,1.19509138696878,0.379257230874551,0.573925459531308,0.661492537313433,9,[401856781]
2026,3,401856792,2026-09-19T16:00:00+00:00,Tulane,defense,0.719411663694149,0.227543874816288,0.405196109608599,0.658,23,"[401858209, 401864575]"
2026,3,401856792,2026-09-19T16:00:00+00:00,Tulane,offense,-0.135284228482792,0.234177215189873,0.35411913170057,0.657777777777778,22,"[401858209, 401864575]"
2026,3,401856793,2026-09-20T02:30:00+00:00,Arizona,defense,0.262185546987852,0.361859732072498,0.584280023826773,0.660719424460432,10,[401856810]
2026,3,401856793,2026-09-20T02:30:00+00:00,Arizona,offense,0.449284319419801,0.363025210084034,0.755324363367736,0.664615384615385,10,[401856810]
2026,3,401856793,2026-09-20T02:30:00+00:00,Northern Illinois,defense,-0.1549918504619,0.362666666666667,0.169687932320638,0.663414634146341,10,[401858426]
2026,3,401856793,2026-09-20T02:30:00+00:00,Northern Illinois,offense,-0.904234981247857,0.346501665873394,-0.167916434714884,0.661818181818182,11,[401858426]
2026,3,401856795,2026-09-19T23:30:00+00:00,BYU,defense,0.660373708738244,0.361728395061728,0.550616185354632,0.660281690140845,10,[401856810]
2026,3,401856795,2026-09-19T23:30:00+00:00,BYU,offense,0.960882046054428,0.363218390804598,0.727187726405264,0.665263157894737,10,[401856810]
2026,3,401856795,2026-09-19T23:30:00+00:00,Colorado State,defense,0.565422207463903,0.346119536128457,-0.0356126100961264,0.660425531914894,11,[401860878]
2026,3,401856795,2026-09-19T23:30:00+00:00,Colorado State,offense,0.802985467240095,0.346412380803502,0.0372202089938548,0.661492537313433,11,[401860878]
2026,3,401856796,2026-09-19T23:30:00+00:00,Colorado,defense,0.849388479071102,0.379204892966361,0.247266983284659,0.661333333333333,9,[401856776]
2026,3,401856796,2026-09-19T23:30:00+00:00,Colorado,offense,0.00843112153741999,0.362610229276896,0.298353349452413,0.663225806451613,10,[401856776]
2026,3,401856796,2026-09-19T23:30:00+00:00,Northwestern,defense,0.506066077467814,0.661492537313433,0.506066077467814,0.661492537313433,0,[]
2026,3,401856796,2026-09-19T23:30:00+00:00,Northwestern,offense,0.359834277513304,0.661818181818182,0.359834277513304,0.661818181818182,0,[]
2026,3,401856797,2026-09-19T19:30:00+00:00,Cincinnati,defense,0.511902186626883,0.346159604731247,0.184820299183371,0.660571428571428,11,[401856777]
2026,3,401856797,2026-09-19T19:30:00+00:00,Cincinnati,offense,0.574280727165195,0.331994645247657,0.540731712529574,0.661333333333333,12,[401856777]
2026,3,401856797,2026-09-19T19:30:00+00:00,Miami (OH),defense,-0.874029624316988,0.361643835616438,0.168430506093454,0.66,10,[401858207]
2026,3,401856797,2026-09-19T19:30:00+00:00,Miami (OH),offense,0.014170035809652,0.378258948298719,0.0776705013229315,0.658461538461539,9,[401858207]
2026,3,401856798,2026-09-19T16:00:00+00:00,Bowling Green,defense,-0.380593908261811,0.418166238217652,0.265529787231674,0.659459459459459,7,[401858441]
2026,3,401856798,2026-09-19T16:00:00+00:00,Bowling Green,offense,-0.6827607010624,0.441056550257047,-0.276350811026128,0.659072847682119,6,[401858441]
2026,3,401856798,2026-09-19T16:00:00+00:00,Iowa State,defense,0.774785338148807,0.347266881028939,0.569974262567035,0.664615384615385,11,[401856788]
2026,3,401856798,2026-09-19T16:00:00+00:00,Iowa State,offense,-0.0640165022885344,0.332244517032198,0.43863559543692,0.662325581395349,12,[401856788]
2026,3,401856799,2026-09-20T00:00:00+00:00,Arkansas State,defense,-0.13585163662337,0.333459072048284,0.314362597040274,0.667169811320755,12,[401862695]
2026,3,401856799,2026-09-20T00:00:00+00:00,Arkansas State,offense,0.0386370713877013,0.333794739964406,0.106981973223725,0.668514851485149,12,[401862695]
2026,3,401856799,2026-09-20T00:00:00+00:00,TCU,defense,0.810299586878162,0.361728395061728,0.547816776700033,0.660281690140845,10,[401856766]
2026,3,401856799,2026-09-20T00:00:00+00:00,TCU,offense,0.0137898723949025,0.361685823754789,0.56806629069568,0.66013986013986,10,[401856766]
2026,3,401856800,2026-09-19T23:00:00+00:00,Georgia State,defense,0.389513220323052,0.34608002362321,-0.0946293033896614,0.660281690140845,11,[401869955]
2026,3,401856800,2026-09-19T23:00:00+00:00,Georgia State,offense,0.534084820899059,0.347098797699948,-0.129677308512798,0.664,11,[401869955]
2026,3,401856800,2026-09-19T23:00:00+00:00,UCF,defense,1.00255948659661,0.33303808680248,0.48691186934432,0.665486725663717,12,[401856790]
2026,3,401856800,2026-09-19T23:00:00+00:00,UCF,offense,0.0884587641805022,0.664,0.0884587641805022,0.664,0,[]
2026,3,401856801,2026-09-19T19:30:00+00:00,Utah,defense,1.17253444157233,0.379052369077307,0.603552381650828,0.660869565217391,9,[401856670]
2026,3,401856801,2026-09-19T19:30:00+00:00,Utah,offense,2.03240882884684,0.379310344827586,1.15429612285167,0.661654135338346,9,[401856670]
2026,3,401856801,2026-09-19T19:30:00+00:00,Utah State,defense,0.483201106805397,0.331877729257642,0.255368441927607,0.660869565217391,12,[401858446]
2026,3,401856801,2026-09-19T19:30:00+00:00,Utah State,offense,-0.131995471776212,0.332424193807155,0.450496409623324,0.66304,12,[401858446]
2026,3,401856802,2026-09-19T23:30:00+00:00,Virginia,defense,1.25115142522186,0.331839861251626,0.708921789990762,0.660719424460432,12,[401858202]
2026,3,401856802,2026-09-19T23:30:00+00:00,Virginia,offense,0.836190426894656,0.332288401253919,0.398047666124081,0.6625,12,[401858202]
2026,3,401856802,2026-09-19T23:30:00+00:00,West Virginia,defense,0.46783170615837,0.318455971049457,0.24997226603926,0.66,13,[401856780]
2026,3,401856802,2026-09-19T23:30:00+00:00,West Virginia,offense,0.187451870095254,0.306176582038651,0.0319712983731756,0.659591836734694,14,[401856780]
2026,3,401856811,2026-09-19T00:00:00+00:00,Houston,defense,0.578736101926721,0.332116788321168,0.337965677729946,0.661818181818182,12,[401856778]
2026,3,401856811,2026-09-19T00:00:00+00:00,Houston,offense,0.973588651232909,0.346200241254524,0.538049967153978,0.660719424460432,11,[401856778]
2026,3,401856811,2026-09-19T00:00:00+00:00,Texas Tech,defense,0.956471925572343,0.305670045672274,1.15784389484346,0.657245508982036,14,[401856783]
2026,3,401856811,2026-09-19T00:00:00+00:00,Texas Tech,offense,0.722862532094238,0.660281690140845,0.722862532094238,0.660281690140845,0,[]
2026,3,401856812,2026-09-19T16:00:00+00:00,Arizona State,defense,0.174482888277662,0.33139227104288,0.500863296796201,0.658947368421053,12,[401856683]
2026,3,401856812,2026-09-19T16:00:00+00:00,Arizona State,offense,0.106840847262484,0.317765567765568,0.316573161106068,0.657041420118343,13,[401856683]
2026,3,401856812,2026-09-19T16:00:00+00:00,Kansas,defense,0.0533326499666104,0.306585500830105,0.179929773005353,0.661492537313433,14,[401856678]
2026,3,401856812,2026-09-19T16:00:00+00:00,Kansas,offense,0.0226482493296187,0.318693693693694,0.666475551880961,0.661021897810219,13,[401856678]
2026,3,401858225,2026-09-17T23:30:00+00:00,Pittsburgh,defense,0.656233086609391,0.378143972246314,0.465153447456852,0.65811320754717,9,[401858207]
2026,3,401858225,2026-09-17T23:30:00+00:00,Pittsburgh,offense,0.955371297823201,0.234325285420176,0.401364124191141,0.658947368421053,22,"[401858207, 401856790]"
2026,3,401858225,2026-09-17T23:30:00+00:00,Syracuse,defense,0.846027302868881,0.332288401253919,0.263540478148141,0.6625,12,[401858216]
2026,3,401858225,2026-09-17T23:30:00+00:00,Syracuse,offense,-0.359973728609444,0.31852153825248,-0.184045624229359,0.660281690140845,13,[401858216]
2026,3,401858226,2026-09-18T23:30:00+00:00,Miami,defense,0.979661476599813,0.656551724137931,0.979661476599813,0.656551724137931,0,[]
2026,3,401858226,2026-09-18T23:30:00+00:00,Miami,offense,0.866273267508888,0.657349397590361,0.866273267508888,0.657349397590361,0,[]
2026,3,401858226,2026-09-18T23:30:00+00:00,Wake Forest,defense,0.993302710683422,0.361217268223638,0.60639433220878,0.65858064516129,10,[401858204]
2026,3,401858226,2026-09-18T23:30:00+00:00,Wake Forest,offense,1.12961579255442,0.361290322580645,0.167939882805313,0.658823529411765,10,[401858204]
2026,3,401858229,2026-09-19T16:00:00+00:00,Clemson,defense,0.300579366974539,0.234263820470717,0.542527064555328,0.658461538461539,22,"[401856660, 401858219]"
2026,3,401858229,2026-09-19T16:00:00+00:00,Clemson,offense,-0.44089189098067,0.215345911949686,0.446552386479124,0.658461538461539,25,"[401856660, 401858219]"
2026,3,401858229,2026-09-19T16:00:00+00:00,North Carolina,defense,0.728322534521886,0.362238930659983,0.189443257967786,0.661984732824428,10,[401856766]
2026,3,401858229,2026-09-19T16:00:00+00:00,North Carolina,offense,-0.152052413258945,0.363025210084034,0.00515247146976155,0.664615384615385,10,[401856766]
2026,3,401858230,2026-09-19T19:30:00+00:00,Louisville,defense,0.086337458938346,0.318299637117678,0.63325189288919,0.659328859060403,13,[401856661]
2026,3,401858230,2026-09-19T19:30:00+00:00,Louisville,offense,0.380577794471412,0.6592,0.380577794471412,0.6592,0,[]
2026,3,401858230,2026-09-19T19:30:00+00:00,SMU,defense,0.677822836067914,0.331424004262688,0.582571789481277,0.659072847682119,12,[401858212]
2026,3,401858230,2026-09-19T19:30:00+00:00,SMU,offense,0.506705101613368,0.345747637576431,0.444677167292874,0.659072847682119,11,[401858212]
2026,3,401858231,2026-09-19T20:00:00+00:00,Duke,defense,0.840059555499775,0.24119530416222,0.123275728529496,0.657454545454545,21,"[401858209, 401858217]"
2026,3,401858231,2026-09-19T20:00:00+00:00,Duke,offense,0.734687384857433,0.234177215189873,0.890157675898362,0.657777777777778,22,"[401858209, 401858217]"
2026,3,401858231,2026-09-19T20:00:00+00:00,Stanford,defense,0.0390498480615658,0.306325143753267,0.244035412238,0.660281690140845,14,[401858201]
2026,3,401858231,2026-09-19T20:00:00+00:00,Stanford,offense,-0.103328398917766,0.660719424460432,-0.103328398917766,0.660719424460432,0,[]
2026,3,401858232,2026-09-19T23:30:00+00:00,Maryland,defense,0.754690507967413,0.346041055718475,0.394814938097449,0.66013986013986,11,[401858444]
2026,3,401858232,2026-09-19T23:30:00+00:00,Maryland,offense,0.86032735149037,0.332332964776497,0.0963458651353826,0.662677165354331,12,[401858444]
2026,3,401858232,2026-09-19T23:30:00+00:00,Virginia Tech,defense,0.493599446416378,0.347098797699948,0.171267202930923,0.664,11,[401858221]
2026,3,401858232,2026-09-19T23:30:00+00:00,Virginia Tech,offense,1.1811685136867,0.361950439648281,0.346090648880783,0.661021897810219,10,[401858221]
2026,3,401858449,2026-09-19T20:00:00+00:00,Indiana,defense,1.2501946455574,0.396904870277651,0.972611387337457,0.65811320754717,8,[401858425]
2026,3,401858449,2026-09-19T20:00:00+00:00,Indiana,offense,2.78054400067132,0.397253712278461,1.42692762198806,0.659072847682119,8,[401858425]
2026,3,401858449,2026-09-19T20:00:00+00:00,Western Kentucky,defense,-0.963216608813837,0.256937948238229,0.337198355446174,0.6592,19,"[401864432, 401856673]"
2026,3,401858449,2026-09-19T20:00:00+00:00,Western Kentucky,offense,-0.542002518085734,0.265443294569508,0.0646550697861239,0.659072847682119,18,"[401864432, 401856673]"
2026,3,401858450,2026-09-19T19:30:00+00:00,Michigan,defense,1.06147998766813,0.234423676012461,0.455745578064091,0.65972602739726,22,"[401858428, 401856679]"
2026,3,401858450,2026-09-19T19:30:00+00:00,Michigan,offense,0.148808599842964,0.241429827131556,0.710502817504488,0.6592,21,"[401858428, 401856679]"
2026,3,401858450,2026-09-19T19:30:00+00:00,UTEP,defense,-0.743538323875246,0.440575828590559,0.16589773641236,0.658,6,[401856664]
2026,3,401858450,2026-09-19T19:30:00+00:00,UTEP,offense,-0.856347414648977,0.418672501823486,-0.309217343511412,0.660719424460432,7,[401856664]
2026,3,401858451,2026-09-19T16:00:00+00:00,Akron,defense,-0.32638585267114,0.362782294489612,0.203694778220315,0.663801652892562,10,[401858204]
2026,3,401858451,2026-09-19T16:00:00+00:00,Akron,offense,-0.584899901578427,0.36244616709733,-0.436987116161409,0.662677165354331,10,[401858204]
2026,3,401858451,2026-09-19T16:00:00+00:00,Minnesota,defense,0.0509716206001359,0.379705400981997,0.399828097776655,0.662857142857143,9,[401856677]
2026,3,401858451,2026-09-19T16:00:00+00:00,Minnesota,offense,-0.0311529173893928,0.379204892966361,0.281531926967304,0.661333333333333,9,[401856677]
2026,3,401858453,2026-09-19T23:30:00+00:00,Michigan State,defense,0.566067962745958,0.26614481409002,0.505255539960644,0.663414634146341,18,"[401858429, 401858440]"
2026,3,401858453,2026-09-19T23:30:00+00:00,Michigan State,offense,1.67542034420833,0.258027848820688,0.32662805609271,0.666422018348624,19,"[401858429, 401858440]"
2026,3,401858453,2026-09-19T23:30:00+00:00,Notre Dame,defense,1.25274209771204,0.275439085586841,0.795651866532099,0.664201680672269,17,"[401858438, 401859184]"
2026,3,401858453,2026-09-19T23:30:00+00:00,Notre Dame,offense,1.57967040061835,0.362901744719927,1.33432143111892,0.664201680672269,10,[401858438]
2026,3,401858454,2026-09-19T16:00:00+00:00,Kent State,defense,-1.15232596112984,0.443438914027149,-0.327517122230645,0.664406779661017,6,[401856665]
2026,3,401858454,2026-09-19T16:00:00+00:00,Kent State,offense,-0.48325709562881,0.442358702305652,0.127482974800748,0.661984732824428,6,[401856665]
2026,3,401858454,2026-09-19T16:00:00+00:00,Ohio State,defense,1.24221519078885,0.257309941520468,1.05409704514473,0.661654135338346,19,"[401858432, 401856682]"
2026,3,401858454,2026-09-19T16:00:00+00:00,Ohio State,offense,1.44083550727439,0.257285498664809,1.0668061286627,0.661492537313433,19,"[401858432, 401856682]"
2026,3,401858456,2026-09-19T16:00:00+00:00,Buffalo,defense,0.211850445335264,0.306419324703056,0.17577447184053,0.660719424460432,14,[401866414]
2026,3,401858456,2026-09-19T16:00:00+00:00,Buffalo,offense,-0.0857104338706419,0.318269602162997,-0.301402467224552,0.6592,13,[401866414]
2026,3,401858456,2026-09-19T16:00:00+00:00,Penn State,defense,1.33981158272499,0.275439085586841,0.485474066812244,0.664201680672269,17,"[401858434, 401858442]"
2026,3,401858456,2026-09-19T16:00:00+00:00,Penn State,offense,1.90840591498943,0.275659824046921,0.831013883661226,0.665486725663717,17,"[401858434, 401858442]"
2026,3,401858457,2026-09-19T19:30:00+00:00,Rutgers,defense,0.00728839819639663,0.221838584376349,-0.0617944043056734,0.663225806451613,24,"[401858423, 401858214]"
2026,3,401858457,2026-09-19T19:30:00+00:00,Rutgers,offense,0.419537019038181,0.228432563791009,0.759609400507686,0.665486725663717,23,"[401858423, 401858214]"
2026,3,401858457,2026-09-19T19:30:00+00:00,USC,defense,0.856935620427967,0.195001542733724,0.527586882451062,0.665263157894737,29,"[401864494, 401858436, 401858445]"
2026,3,401858457,2026-09-19T19:30:00+00:00,USC,offense,1.89028572734866,0.362043795620438,1.14448938613326,0.661333333333333,10,[401864494]
2026,3,401858458,2026-09-20T03:00:00+00:00,Purdue,defense,0.245106403165473,0.6625,0.245106403165473,0.6625,0,[]
2026,3,401858458,2026-09-20T03:00:00+00:00,Purdue,offense,0.223809371731947,0.663225806451613,0.223809371731947,0.663225806451613,0,[]
2026,3,401858458,2026-09-20T03:00:00+00:00,UCLA,defense,0.681042336323343,0.216269113149847,0.0455988021041406,0.667169811320755,25,"[401858210, 401858443]"
2026,3,401858458,2026-09-20T03:00:00+00:00,UCLA,offense,0.995605812166233,0.2106552357624,0.148089431676267,0.667961165048544,26,"[401858210, 401858443]"
2026,3,401858460,2026-09-19T16:30:00+00:00,Eastern Michigan,defense,0.477145437044169,0.163104888233849,-0.0786854951142528,0.664,37,"[401866408, 401864495, 401858440]"
2026,3,401858460,2026-09-19T16:30:00+00:00,Eastern Michigan,offense,-0.629292046639727,0.166538164996145,0.236811245836962,0.664615384615385,36,"[401866408, 401864495, 401858440]"
2026,3,401858460,2026-09-19T16:30:00+00:00,Wisconsin,defense,0.0885271459357465,0.362238930659983,0.683309449436949,0.661984732824428,10,[401858438]
2026,3,401858460,2026-09-19T16:30:00+00:00,Wisconsin,offense,-0.1715879082455,0.380213385063046,-0.158703587707655,0.664406779661017,9,[401858438]
2026,3,401860887,2026-09-20T02:00:00+00:00,James Madison,defense,0.757234635693118,0.378143972246314,0.57204451653829,0.65811320754717,9,[401869960]
2026,3,401860887,2026-09-20T02:00:00+00:00,James Madison,offense,0.497871324550714,0.378378378378378,0.398394166207645,0.658823529411765,9,[401869960]
2026,3,401860887,2026-09-20T02:00:00+00:00,San Diego State,defense,0.735671175973568,0.331839861251626,0.722953776427029,0.660719424460432,12,[401858443]
2026,3,401860887,2026-09-20T02:00:00+00:00,San Diego State,offense,-0.377633301195307,0.346456692913386,0.128165457398567,0.661654135338346,11,[401858443]
2026,3,401860888,2026-09-20T03:00:00+00:00,Fresno State,defense,0.850976131561437,0.41838351822504,0.563081092921868,0.66,7,[401860883]
2026,3,401860888,2026-09-20T03:00:00+00:00,Fresno State,offense,0.0524679731541393,0.274253543782045,-0.152113625100194,0.657349397590361,17,"[401858436, 401860883]"
2026,3,401860888,2026-09-20T03:00:00+00:00,San Jose State,defense,0.166732385138983,0.221737776393647,-0.13442285336488,0.662325581395349,24,"[401864494, 401864495]"
2026,3,401860888,2026-09-20T03:00:00+00:00,San Jose State,offense,0.447216792451314,0.210220191109265,-0.0759755061301264,0.663606557377049,26,"[401864494, 401864495]"
2026,3,401860889,2026-09-19T16:00:00+00:00,North Texas,defense,0.497577216186975,0.275115919629057,0.164876617077696,0.662325581395349,17,"[401858425, 401862705]"
2026,3,401860889,2026-09-19T16:00:00+00:00,North Texas,offense,1.96508190627868,0.275115919629057,1.30961869397456,0.662325581395349,17,"[401858425, 401862705]"
2026,3,401860889,2026-09-19T16:00:00+00:00,Texas State,defense,-0.754030875253796,0.276178010471204,0.105831745399575,0.668514851485149,17,"[401856667, 401860884]"
2026,3,401860889,2026-09-19T16:00:00+00:00,Texas State,offense,0.490454267060534,0.258859784283513,0.733328028356484,0.672,19,"[401856667, 401860884]"
2026,3,401861963,2026-09-19T23:00:00+00:00,Connecticut,defense,-0.208713425038052,0.332201296696511,0.0159036198248088,0.662153846153846,12,[401858444]
2026,3,401861963,2026-09-19T23:00:00+00:00,Connecticut,offense,0.0748262359437331,0.346593654372685,0.479883269053433,0.662153846153846,11,[401858444]
2026,3,401861963,2026-09-19T23:00:00+00:00,Southern Mississippi,defense,-0.229148762730751,0.37782340862423,0.232478337565304,0.657142857142857,9,[401856671]
2026,3,401861963,2026-09-19T23:00:00+00:00,Southern Mississippi,offense,-0.282465205832132,0.378220140515223,0.0824658157976277,0.658343949044586,9,[401856671]
2026,3,401862710,2026-09-19T22:00:00+00:00,East Carolina,defense,0.0776814251002865,0.227749929064599,0.446472617031721,0.65972602739726,23,"[401856634, 401864571]"
2026,3,401862710,2026-09-19T22:00:00+00:00,East Carolina,offense,-0.0731479438903638,0.227782571182053,0.3613474072827,0.66,23,"[401856634, 401864571]"
2026,3,401862710,2026-09-19T22:00:00+00:00,Old Dominion,defense,0.0937976518303135,0.362189054726368,0.900623162083605,0.661818181818182,10,[401858221]
2026,3,401862710,2026-09-19T22:00:00+00:00,Old Dominion,offense,0.164738586130766,0.345546937683873,0.301428449001778,0.658343949044586,11,[401858221]
2026,3,401862771,2026-09-19T22:00:00+00:00,Florida Atlantic,defense,-0.81080849665459,0.235038084874864,-0.361608177370866,0.664615384615385,22,"[401856637, 401862703]"
2026,3,401862771,2026-09-19T22:00:00+00:00,Florida Atlantic,offense,0.412111499021122,0.361996779388084,0.336923679165534,0.661176470588235,10,[401856637]
2026,3,401862771,2026-09-19T22:00:00+00:00,Florida International,defense,0.501695608744719,0.23427889470302,0.228637354784738,0.65858064516129,22,"[401862699, 401866414]"
2026,3,401862771,2026-09-19T22:00:00+00:00,Florida International,offense,-0.0161845089192473,0.221400883440007,-0.051645704230161,0.659328859060403,24,"[401862699, 401866414]"
2026,3,401862773,2026-09-19T23:00:00+00:00,Rice,defense,-0.0205081333063168,0.664,-0.0205081333063168,0.664,0,[]
2026,3,401862773,2026-09-19T23:00:00+00:00,Rice,offense,-0.884816755802175,0.397960977324662,-0.337120792332901,0.661021897810219,8,[401859184]
2026,3,401862773,2026-09-19T23:00:00+00:00,Western Michigan,defense,0.947870380168486,0.362139917695473,0.540202201483421,0.661654135338346,10,[401858428]
2026,3,401862773,2026-09-19T23:00:00+00:00,Western Michigan,offense,0.248243227356437,0.346041055718475,0.0373868381438969,0.66013986013986,11,[401858428]
2026,3,401862774,2026-09-19T19:00:00+00:00,Temple,defense,0.234533235060614,0.381555153707053,-0.0446330073927778,0.668514851485149,9,[401858442]
2026,3,401862774,2026-09-19T19:00:00+00:00,Temple,offense,0.223719149608347,0.381201044386423,0.225483260254383,0.667428571428571,9,[401858442]
2026,3,401862774,2026-09-19T19:00:00+00:00,Toledo,defense,0.956889834300226,0.345514950166113,0.661167898579396,0.658227848101266,11,[401858429]
2026,3,401862774,2026-09-19T19:00:00+00:00,Toledo,offense,0.488775051923255,0.361815336463224,0.4234978953467,0.660571428571428,10,[401858429]
2026,3,401862776,2026-09-20T00:00:00+00:00,Louisiana,defense,0.0484812930847652,0.669690721649485,0.0484812930847652,0.669690721649485,0,[]
2026,3,401862776,2026-09-20T00:00:00+00:00,Louisiana,offense,0.923898279893336,0.362610229276896,-0.0597857549338476,0.663225806451613,10,[401858445]
2026,3,401862776,2026-09-20T00:00:00+00:00,UAB,defense,-0.0774583618656758,0.266304347826087,-0.208936271401043,0.664406779661017,18,"[401858424, 401862708]"
2026,3,401862776,2026-09-20T00:00:00+00:00,UAB,offense,0.399025169861465,0.275820170109356,0.195806659674938,0.666422018348624,17,"[401858424, 401862708]"
2026,3,401864443,2026-09-19T23:00:00+00:00,Middle Tennessee,defense,0.132004171264729,0.319162045594578,0.0705371638255626,0.66304,13,[401871045]
2026,3,401864443,2026-09-19T23:00:00+00:00,Middle Tennessee,offense,-0.272045578433663,0.34678624813154,-0.129691331649017,0.662857142857143,11,[401871045]
2026,3,401864443,2026-09-19T23:00:00+00:00,Nevada,defense,0.800470341300262,0.362610229276896,0.112118900767063,0.663225806451613,10,[401864432]
2026,3,401864443,2026-09-19T23:00:00+00:00,Nevada,offense,1.10925969630357,0.3625,-0.224979525124918,0.662857142857143,10,[401864432]
2026,3,401864507,2026-09-20T02:30:00+00:00,North Dakota State,defense,0.717316020823506,0.421052631578947,0,1,11,[401864577]
2026,3,401864507,2026-09-20T02:30:00+00:00,North Dakota State,offense,0.338390254666037,0.421052631578947,0,1,11,[401864577]
2026,3,401864507,2026-09-20T02:30:00+00:00,Sacramento State,defense,-0.678394151972612,0.25,0.339608496135517,0.8,22,"[401866408, 401860883]"
2026,3,401864507,2026-09-20T02:30:00+00:00,Sacramento State,offense,-0.861608920174936,0.266666666666667,-0.63811695016018,0.8,20,"[401866408, 401860883]"
2026,3,401864508,2026-09-19T17:00:00+00:00,Central Michigan,defense,-0.336993862922954,0.398073836276084,0.258468064099259,0.661333333333333,8,[401864498]
2026,3,401864508,2026-09-19T17:00:00+00:00,Central Michigan,offense,-0.750395216523648,0.419180201082753,-0.192601322245145,0.661984732824428,7,[401864498]
2026,3,401864508,2026-09-19T17:00:00+00:00,Wyoming,defense,0.0251984102132118,0.34624145785877,0.454782395751248,0.660869565217391,11,[401860878]
2026,3,401864508,2026-09-19T17:00:00+00:00,Wyoming,offense,-0.42763817749972,0.346368715083799,-0.392739498364711,0.661333333333333,11,[401860878]
2026,3,401864574,2026-09-19T22:00:00+00:00,Appalachian State,defense,0.365288476720285,0.318658280922432,0.0128875013185859,0.660869565217391,13,[401864571]
2026,3,401864574,2026-09-19T22:00:00+00:00,Appalachian State,offense,0.163429408823047,0.305984555984556,0.00871037784380821,0.658701298701299,14,[401864571]
2026,3,401864574,2026-09-19T22:00:00+00:00,Charlotte,defense,-0.587152551506285,0.379102478231748,0.095329599706592,0.661021897810219,9,[401856676]
2026,3,401864574,2026-09-19T22:00:00+00:00,Charlotte,offense,-0.41778022279535,0.398073836276084,-0.346220327837998,0.661333333333333,8,[401856676]
2026,3,401866422,2026-09-19T20:00:00+00:00,Ball State,defense,-0.6450431899401,0.397905759162304,0.158374597541327,0.660869565217391,8,[401858432]
2026,3,401866422,2026-09-19T20:00:00+00:00,Ball State,offense,-0.376987814916563,0.398826979472141,-0.571809521553609,0.663414634146341,8,[401858432]
2026,3,401866422,2026-09-19T20:00:00+00:00,Liberty,defense,0.214750159585042,0.379418970948547,0.1095296302276,0.661984732824428,9,[401869960]
2026,3,401866422,2026-09-19T20:00:00+00:00,Liberty,offense,-0.0267795248629881,0.3801462100808,0.0943055364210929,0.664201680672269,9,[401869960]
2026,3,401866423,2026-09-19T23:00:00+00:00,Ohio,defense,-0.446897422225195,0.257123923127899,0.288736574556177,0.660425531914894,19,"[401858430, 401866418]"
2026,3,401866423,2026-09-19T23:00:00+00:00,Ohio,offense,0.357444039103607,0.265662444368367,0.0480820076260384,0.660425531914894,18,"[401858430, 401866418]"
2026,3,401866423,2026-09-19T23:00:00+00:00,South Alabama,defense,-0.428624673809184,0.363786008230453,-0.123719975772137,0.667169811320755,10,[401864575]
2026,3,401866423,2026-09-19T23:00:00+00:00,South Alabama,offense,0.785602804204841,0.362841530054645,0.126419598127656,0.664,10,[401864575]
2026,3,401867804,2026-09-19T20:00:00+00:00,Baylor,defense,0.667750700799235,0.318803049920875,0.179592226094154,0.661492537313433,13,[401856636]
2026,3,401867804,2026-09-19T20:00:00+00:00,Baylor,offense,0.0585114158887145,0.318803049920875,0.566802904224,0.661492537313433,13,[401856636]
2026,3,401867804,2026-09-19T20:00:00+00:00,Louisiana Tech,defense,0.469154232459379,0.294761624484991,0.319942803397846,0.658947368421053,15,[401867796]
2026,3,401867804,2026-09-19T20:00:00+00:00,Louisiana Tech,offense,-0.464228658483238,0.306148055207026,-0.0732122607253876,0.659459459459459,14,[401867796]
2026,3,401869940,2026-09-19T15:30:00+00:00,Coastal Carolina,defense,0.342780189364374,0.305785123966942,0.044451747280371,0.657777777777778,14,[401856780]
2026,3,401869940,2026-09-19T15:30:00+00:00,Coastal Carolina,offense,0.0771870337451448,0.31791221826809,-0.0916427266129841,0.657668711656442,13,[401856780]
2026,3,401869940,2026-09-19T15:30:00+00:00,Delaware,defense,0.165725052868241,0.306839725827621,-0.201418680781018,0.662677165354331,14,[401856684]
2026,3,401869940,2026-09-19T15:30:00+00:00,Delaware,offense,-0.000431820023937713,0.31852153825248,0.182348241508925,0.660281690140845,13,[401856684]
2026,3,401869948,2026-09-19T23:00:00+00:00,Georgia Southern,defense,0.52359308367503,0.28453508133042,-0.135931388986912,0.660281690140845,16,[401858219]
2026,3,401869948,2026-09-19T23:00:00+00:00,Georgia Southern,offense,-0.65160981684176,0.306092124814265,0.321973349569184,0.6592,14,[401858219]
2026,3,401869948,2026-09-19T23:00:00+00:00,Jacksonville State,defense,0.328711485125405,0.265344079355239,0.212550556630285,0.658461538461539,18,"[401864577, 401866418]"
2026,3,401869948,2026-09-19T23:00:00+00:00,Jacksonville State,offense,0.409347629283773,0.256937948238229,0.0823264394265706,0.6592,19,"[401864577, 401866418]"
2026,3,401871047,2026-09-19T22:30:00+00:00,Marshall,defense,-0.406259726742009,0.257334747260516,0.0901658954013853,0.661818181818182,19,"[401858434, 401871045]"
2026,3,401871047,2026-09-19T22:30:00+00:00,Marshall,offense,-0.466515553792524,0.242268041237113,-0.0884498402534186,0.665486725663717,21,"[401858434, 401871045]"
2026,3,401871047,2026-09-19T22:30:00+00:00,Missouri State,defense,-0.500644602005328,0.378954269791837,0.107366098317986,0.660571428571428,9,[401856668]
2026,3,401871047,2026-09-19T22:30:00+00:00,Missouri State,offense,-0.511238775332507,0.397692568713946,0.282510582395078,0.660281690140845,8,[401856668]
2026,4,401856696,2026-09-26T23:00:00+00:00,Alabama,defense,0.780975456568526,0.177147444474177,0.625280718336107,0.657888198757764,33,"[401856634, 401856674, 401856685]"
2026,4,401856696,2026-09-26T23:00:00+00:00,Alabama,offense,1.82096727448434,0.177300201477502,0.806121212638785,0.66,33,"[401856634, 401856674, 401856685]"
2026,4,401856696,2026-09-26T23:00:00+00:00,South Carolina,defense,0.955292323092423,0.257059396299903,0.707821959189652,0.66,19,"[401856665, 401856691]"
2026,4,401856696,2026-09-26T23:00:00+00:00,South Carolina,offense,1.5682843533568,0.266441821247892,0.170989907243029,0.665263157894737,18,"[401856665, 401856691]"
2026,4,401856697,2026-09-27T00:00:00+00:00,Arkansas,defense,-0.283555892928772,0.275659824046921,0.0617818526206252,0.665486725663717,17,"[401856670, 401856686]"
2026,4,401856697,2026-09-27T00:00:00+00:00,Arkansas,offense,-0.224599818683191,0.284850873735383,0.970413301139841,0.661984732824428,16,"[401856670, 401856686]"
2026,4,401856697,2026-09-27T00:00:00+00:00,Tulsa,defense,0.992854271675238,0.228038571579951,0.104336546922128,0.662153846153846,23,"[401856772, 401862707]"
2026,4,401856697,2026-09-27T00:00:00+00:00,Tulsa,offense,0.185432090620776,0.227627681536666,-0.0781623955801989,0.658701298701299,23,"[401856772, 401862707]"
2026,4,401856698,2026-09-26T20:15:00+00:00,Auburn,defense,0.882724496810896,0.177949709864603,0.601355244947408,0.669090909090909,33,"[401856636, 401856671, 401856687]"
2026,4,401856698,2026-09-26T20:15:00+00:00,Auburn,offense,0.612737516289423,0.177532164752612,0.315699511516389,0.663225806451613,33,"[401856636, 401856671, 401856687]"
2026,4,401856698,2026-09-26T20:15:00+00:00,Vanderbilt,defense,0.300145884407734,0.210007581501137,0.364522492466648,0.661492537313433,26,"[401856684, 401856695]"
2026,4,401856698,2026-09-26T20:15:00+00:00,Vanderbilt,offense,0.879033849173758,0.216115942028986,1.31386781584453,0.665714285714286,25,"[401856684, 401856695]"
2026,4,401856699,2026-09-26T19:30:00+00:00,Florida,defense,-0.158332546877437,0.241694441457908,0.530652127078273,0.661176470588235,21,"[401856637, 401856687]"
2026,4,401856699,2026-09-26T19:30:00+00:00,Florida,offense,2.5537692237501,0.242070725483048,0.284478940845231,0.664,21,"[401856637, 401856687]"
2026,4,401856699,2026-09-26T19:30:00+00:00,Ole Miss,defense,0.717965442423174,0.265180404810795,0.516699121957407,0.657454545454545,18,"[401856676, 401856688]"
2026,4,401856699,2026-09-26T19:30:00+00:00,Ole Miss,offense,1.9079840023016,0.181110157745363,1.13426437354473,0.657245508982036,32,"[401856661, 401856676, 401856688]"
2026,4,401856700,2026-09-26T19:30:00+00:00,Georgia,defense,1.19738429316887,0.294944512946979,0.771102652174984,0.659862068965517,15,"[401856673, 401856686]"
2026,4,401856700,2026-09-26T19:30:00+00:00,Georgia,offense,2.26646394681542,0.274446938121193,1.01619670982232,0.658461538461539,17,"[401856673, 401856686]"
2026,4,401856700,2026-09-26T19:30:00+00:00,Oklahoma,defense,1.43354494488679,0.199212836815017,0.881946728358875,0.658,28,"[401856664, 401856679, 401856690]"
2026,4,401856700,2026-09-26T19:30:00+00:00,Oklahoma,offense,0.565806963350768,0.204289461502854,0.432493754736595,0.657888198757764,27,"[401856664, 401856679, 401856690]"
2026,4,401856702,2026-09-26T23:30:00+00:00,LSU,defense,1.19321064097822,0.177215189873418,0.757459036711426,0.658823529411765,33,"[401856660, 401867796, 401856688]"
2026,4,401856702,2026-09-26T23:30:00+00:00,LSU,offense,1.19396288432736,0.177215189873418,0.276777856751207,0.658823529411765,33,"[401856660, 401867796, 401856688]"
2026,4,401856702,2026-09-26T23:30:00+00:00,Texas A&M,defense,0.513852235604281,0.181384248210024,0.707754980911362,0.660869565217391,32,"[401856668, 401856683, 401856694]"
2026,4,401856702,2026-09-26T23:30:00+00:00,Texas A&M,offense,1.26076839748764,0.185580342709344,1.01399070457269,0.660719424460432,31,"[401856668, 401856683, 401856694]"
2026,4,401856703,2026-09-26T23:45:00+00:00,Mississippi State,defense,0.827739539377364,0.199576544232717,0.361591734880984,0.661984732824428,28,"[401856662, 401856677, 401856691]"
2026,4,401856703,2026-09-26T23:45:00+00:00,Mississippi State,offense,2.15023374301394,0.194499800717417,0.55110934156637,0.659459459459459,29,"[401856662, 401856677, 401856691]"
2026,4,401856703,2026-09-26T23:45:00+00:00,Missouri,defense,0.794236981884644,0.210200927357032,0.664605907555957,0.663414634146341,26,"[401856678, 401856689]"
2026,4,401856703,2026-09-26T23:45:00+00:00,Missouri,offense,0.605633399821793,0.20459063799024,0.491123714488019,0.661021897810219,27,"[401856678, 401856689]"
2026,4,401856704,2026-09-26T16:00:00+00:00,Tennessee,defense,0.4941405144419,0.249223946784922,0.344633313669404,0.661176470588235,20,"[401856681, 401856692]"
2026,4,401856704,2026-09-26T16:00:00+00:00,Tennessee,offense,1.78124708707227,0.257038469804427,0.972059902300138,0.659862068965517,19,"[401856681, 401856692]"
2026,4,401856704,2026-09-26T16:00:00+00:00,Texas,defense,1.06846895946729,0.194748358862144,0.693510929674106,0.662325581395349,29,"[401856667, 401856682, 401856693]"
2026,4,401856704,2026-09-26T16:00:00+00:00,Texas,offense,1.56834062545119,0.195040284608141,0.576738642156732,0.665714285714286,29,"[401856667, 401856682, 401856693]"
2026,4,401856804,2026-09-26T23:30:00+00:00,Arizona,defense,0.583688546807402,0.265709987269992,0.584280023826773,0.660719424460432,18,"[401856810, 401856793]"
2026,4,401856804,2026-09-26T23:30:00+00:00,Arizona,offense,1.12612757508614,0.275510204081633,0.755324363367736,0.664615384615385,17,"[401856810, 401856793]"
2026,4,401856804,2026-09-26T23:30:00+00:00,Washington State,defense,0.107659808447146,0.241694441457908,0.602859358857874,0.661176470588235,21,"[401858437, 401856781]"
2026,4,401856804,2026-09-26T23:30:00+00:00,Washington State,offense,-0.85454717233935,0.256937948238229,0.3661338543222,0.6592,19,"[401858437, 401856781]"
2026,4,401856805,2026-09-26T16:00:00+00:00,Sam Houston State,defense,0.330674588869918,0.221737776393647,-0.15882582850281,0.662325581395349,24,"[401870763, 401862707]"
2026,4,401856805,2026-09-26T16:00:00+00:00,Sam Houston State,offense,0.346343089257905,0.227749929064599,-0.35199319681811,0.65972602739726,23,"[401870763, 401862707]"
2026,4,401856805,2026-09-26T16:00:00+00:00,Texas Tech,defense,0.673416000267013,0.21521568627451,1.15784389484346,0.657245508982036,25,"[401856783, 401856811]"
2026,4,401856805,2026-09-26T16:00:00+00:00,Texas Tech,offense,0.871577375422495,0.34608002362321,0.722862532094238,0.660281690140845,11,[401856811]
2026,4,401856806,2026-09-26T20:00:00+00:00,Georgia Southern,defense,0.2918526807153,0.209885386819484,-0.135931388986912,0.660281690140845,26,"[401858219, 401869948]"
2026,4,401856806,2026-09-26T20:00:00+00:00,Georgia Southern,offense,-0.217362609861836,0.221386351423966,0.321973349569184,0.6592,24,"[401858219, 401869948]"
2026,4,401856806,2026-09-26T20:00:00+00:00,Houston,defense,0.442037261166306,0.22799874725963,0.337965677729946,0.661818181818182,23,"[401856778, 401856811]"
2026,4,401856806,2026-09-26T20:00:00+00:00,Houston,offense,0.814345801813609,0.234548983552968,0.538049967153978,0.660719424460432,22,"[401856778, 401856811]"
2026,4,401856813,2026-09-26T16:00:00+00:00,Baylor,defense,0.683165145301333,0.215669099756691,0.179592226094154,0.661492537313433,25,"[401856636, 401867804]"
2026,4,401856813,2026-09-26T16:00:00+00:00,Baylor,offense,0.693139459050525,0.210007581501137,0.566802904224,0.661492537313433,26,"[401856636, 401867804]"
2026,4,401856813,2026-09-26T16:00:00+00:00,Colorado,defense,0.681606899134056,0.249246231155779,0.247266983284659,0.661333333333333,20,"[401856776, 401856796]"
2026,4,401856813,2026-09-26T16:00:00+00:00,Colorado,offense,-0.113999252439733,0.249514563106796,0.298353349452413,0.663225806451613,20,"[401856776, 401856796]"
2026,4,401856814,2026-09-26T23:00:00+00:00,Cincinnati,defense,0.438025948673858,0.234530330695882,0.184820299183371,0.660571428571428,22,"[401856777, 401856797]"
2026,4,401856814,2026-09-26T23:00:00+00:00,Cincinnati,offense,0.337923091709983,0.215652173913044,0.540731712529574,0.661333333333333,25,"[401856777, 401856797]"
2026,4,401856814,2026-09-26T23:00:00+00:00,Kansas State,defense,0.678645283481531,0.27517656290871,0.446059107254006,0.662677165354331,17,"[401856781, 401856792]"
2026,4,401856814,2026-09-26T23:00:00+00:00,Kansas State,offense,1.63553483459346,0.257285498664809,0.573925459531308,0.661492537313433,19,"[401856781, 401856792]"
2026,4,401856815,2026-09-26T19:30:00+00:00,TCU,defense,1.00112426226425,0.241574770689477,0.547816776700033,0.660281690140845,21,"[401856766, 401856799]"
2026,4,401856815,2026-09-26T19:30:00+00:00,TCU,offense,0.0258746688433875,0.241555783009212,0.56806629069568,0.66013986013986,21,"[401856766, 401856799]"
2026,4,401856815,2026-09-26T19:30:00+00:00,UCF,defense,1.00046519208933,0.216091954022989,0.48691186934432,0.665486725663717,25,"[401856790, 401856800]"
2026,4,401856815,2026-09-26T19:30:00+00:00,UCF,offense,0.942694214511995,0.332665330661323,0.0884587641805022,0.664,12,[401856800]
2026,4,401856816,2026-09-26T19:30:00+00:00,Iowa State,defense,0.687934533557991,0.242152466367713,0.569974262567035,0.664615384615385,21,"[401856788, 401856798]"
2026,4,401856816,2026-09-26T19:30:00+00:00,Iowa State,offense,0.617599406106463,0.24938704028021,0.43863559543692,0.662325581395349,20,"[401856788, 401856798]"
2026,4,401856816,2026-09-26T19:30:00+00:00,Utah,defense,1.43702858114374,0.265734265734266,0.603552381650828,0.660869565217391,18,"[401856670, 401856801]"
2026,4,401856816,2026-09-26T19:30:00+00:00,Utah,offense,2.31445438363378,0.265861027190332,1.15429612285167,0.661654135338346,18,"[401856670, 401856801]"
2026,4,401856881,2026-09-26T23:00:00+00:00,Oklahoma State,defense,0.497961304132714,0.215794871794872,0.211171032264151,0.662677165354331,25,"[401856772, 401856782]"
2026,4,401856881,2026-09-26T23:00:00+00:00,Oklahoma State,offense,0.252773901684455,0.20483756704787,-0.15096302424699,0.663606557377049,27,"[401856772, 401856782]"
2026,4,401856881,2026-09-26T23:00:00+00:00,West Virginia,defense,0.432330780144323,0.209856915739269,0.24997226603926,0.66,26,"[401856780, 401856802]"
2026,4,401856881,2026-09-26T23:00:00+00:00,West Virginia,offense,0.752569856252168,0.204453441295547,0.0319712983731756,0.659591836734694,27,"[401856780, 401856802]"
2026,4,401858234,2026-09-26T02:30:00+00:00,California,defense,0.216413874555372,0.20456165359943,0.183037366700011,0.660719424460432,27,"[401858210, 401858216]"
2026,4,401858234,2026-09-26T02:30:00+00:00,California,offense,0.057495330363769,0.209991532599492,0.258832075478352,0.661333333333333,26,"[401858210, 401858216]"
2026,4,401858234,2026-09-26T02:30:00+00:00,Clemson,defense,0.680689703895312,0.173349534224382,0.542527064555328,0.658461538461539,34,"[401856660, 401858219, 401858229]"
2026,4,401858234,2026-09-26T02:30:00+00:00,Clemson,offense,0.0142120802400943,0.159522922102125,0.446552386479124,0.658461538461539,38,"[401856660, 401858219, 401858229]"
2026,4,401858238,2026-09-26T22:30:00+00:00,Central Michigan,defense,-0.119471495286692,0.274944567627494,0.258468064099259,0.661333333333333,17,"[401864498, 401864508]"
2026,4,401858238,2026-09-26T22:30:00+00:00,Central Michigan,offense,-0.14279981763425,0.284850873735383,-0.192601322245145,0.661984732824428,16,"[401864498, 401864508]"
2026,4,401858238,2026-09-26T22:30:00+00:00,Miami,defense,0.910170785157339,0.34505255527365,0.979661476599813,0.656551724137931,11,[401858226]
2026,4,401858238,2026-09-26T22:30:00+00:00,Miami,offense,0.64166955473216,0.330987624363019,0.866273267508888,0.657349397590361,12,[401858226]
2026,4,401858239,2026-09-26T22:00:00+00:00,Delaware,defense,0.379738816637705,0.221777168757247,-0.201418680781018,0.662677165354331,24,"[401856684, 401869940]"
2026,4,401858239,2026-09-26T22:00:00+00:00,Delaware,offense,-0.0252474472773267,0.215540229885057,0.182348241508925,0.660281690140845,25,"[401856684, 401869940]"
2026,4,401858239,2026-09-26T22:00:00+00:00,Virginia,defense,0.823686959518457,0.215586854460094,0.708921789990762,0.660719424460432,25,"[401858202, 401856802]"
2026,4,401858239,2026-09-26T22:00:00+00:00,Virginia,offense,0.610666453766402,0.215776081424936,0.398047666124081,0.6625,25,"[401858202, 401856802]"
2026,4,401858240,2026-09-27T02:30:00+00:00,Georgia Tech,defense,0.419001339805536,0.242044358727097,0.335987878535223,0.663801652892562,21,"[401856776, 401856681]"
2026,4,401858240,2026-09-27T02:30:00+00:00,Georgia Tech,offense,0.0500439116388886,0.249568434032059,0.654803038010608,0.663606557377049,20,"[401856776, 401856681]"
2026,4,401858240,2026-09-27T02:30:00+00:00,Stanford,defense,-0.196806039078497,0.215540229885057,0.244035412238,0.660281690140845,25,"[401858201, 401858231]"
2026,4,401858240,2026-09-27T02:30:00+00:00,Stanford,offense,0.0403844593624421,0.379002971277649,-0.103328398917766,0.660719424460432,9,[401858231]
2026,4,401858241,2026-09-27T01:00:00+00:00,Missouri State,defense,-0.38771486590223,0.257146034923813,0.107366098317986,0.660571428571428,19,"[401856668, 401871047]"
2026,4,401858241,2026-09-27T01:00:00+00:00,Missouri State,offense,-0.421555740698684,0.274762630406752,0.282510582395078,0.660281690140845,17,"[401856668, 401871047]"
2026,4,401858241,2026-09-27T01:00:00+00:00,SMU,defense,0.673488632901985,0.215411255411255,0.582571789481277,0.659072847682119,25,"[401858212, 401858230]"
2026,4,401858241,2026-09-27T01:00:00+00:00,SMU,offense,0.73137147312819,0.221372008185782,0.444677167292874,0.659072847682119,24,"[401858212, 401858230]"
2026,4,401858242,2026-09-26T16:00:00+00:00,Boston College,defense,0.229913537942673,0.228038571579951,-0.00107202636156052,0.662153846153846,23,"[401856777, 401858214]"
2026,4,401858242,2026-09-26T16:00:00+00:00,Boston College,offense,0.245021431223141,0.228305183459522,0.21213314777313,0.664406779661017,23,"[401856777, 401858214]"
2026,4,401858242,2026-09-26T16:00:00+00:00,Virginia Tech,defense,0.303563638567307,0.249624060150376,0.171267202930923,0.664,20,"[401858221, 401858232]"
2026,4,401858242,2026-09-26T16:00:00+00:00,Virginia Tech,offense,1.83046384356863,0.257214269484208,0.346090648880783,0.661021897810219,19,"[401858221, 401858232]"
2026,4,401858243,2026-09-26T16:00:00+00:00,Louisville,defense,0.456966030198674,0.209789015119159,0.63325189288919,0.659328859060403,26,"[401856661, 401858230]"
2026,4,401858243,2026-09-26T16:00:00+00:00,Louisville,offense,1.29238606473396,0.318269602162997,0.380577794471412,0.6592,13,[401858230]
2026,4,401858243,2026-09-26T16:00:00+00:00,Wake Forest,defense,0.471494319446752,0.23427889470302,0.60639433220878,0.65858064516129,22,"[401858204, 401858226]"
2026,4,401858243,2026-09-26T16:00:00+00:00,Wake Forest,offense,0.793224991114304,0.241379310344828,0.167939882805313,0.658823529411765,21,"[401858204, 401858226]"
2026,4,401858461,2026-09-26T00:00:00+00:00,Indiana,defense,1.35591468358243,0.26528749619714,0.972611387337457,0.65811320754717,18,"[401858425, 401858449]"
2026,4,401858461,2026-09-26T00:00:00+00:00,Indiana,offense,1.8243174100567,0.265443294569508,1.42692762198806,0.659072847682119,18,"[401858425, 401858449]"
2026,4,401858461,2026-09-26T00:00:00+00:00,Northwestern,defense,0.740019320418281,0.362091503267974,0.506066077467814,0.661492537313433,10,[401856796]
2026,4,401858461,2026-09-26T00:00:00+00:00,Northwestern,offense,1.30091038963287,0.346501665873394,0.359834277513304,0.661818181818182,11,[401856796]
2026,4,401858462,2026-09-26T17:30:00+00:00,Maryland,defense,0.491029637834406,0.249076517150396,0.394814938097449,0.66013986013986,20,"[401858444, 401858232]"
2026,4,401858462,2026-09-26T17:30:00+00:00,Maryland,offense,0.964966367423816,0.241894688434123,0.0963458651353826,0.662677165354331,21,"[401858444, 401858232]"
2026,4,401858462,2026-09-26T17:30:00+00:00,UCLA,defense,0.475621443752443,0.163295465041101,0.0455988021041406,0.667169811320755,37,"[401858210, 401858443, 401858458]"
2026,4,401858462,2026-09-26T17:30:00+00:00,UCLA,offense,1.21070285653116,0.160074453234062,0.148089431676267,0.667961165048544,38,"[401858210, 401858443, 401858458]"
2026,4,401858463,2026-09-26T19:30:00+00:00,Iowa,defense,1.23712307038187,0.228038571579951,0.810461890468802,0.662153846153846,23,"[401858426, 401856788]"
2026,4,401858463,2026-09-26T19:30:00+00:00,Iowa,offense,0.25904899336996,0.241653418124006,0.574444686897616,0.660869565217391,21,"[401858426, 401856788]"
2026,4,401858463,2026-09-26T19:30:00+00:00,Michigan,defense,1.08197300271701,0.185501887373854,0.455745578064091,0.65972602739726,31,"[401858428, 401856679, 401858450]"
2026,4,401858463,2026-09-26T19:30:00+00:00,Michigan,offense,0.388700910110823,0.189861751152074,0.710502817504488,0.6592,30,"[401858428, 401856679, 401858450]"
2026,4,401858464,2026-09-26T21:00:00+00:00,Michigan State,defense,0.709726631380438,0.199706314243759,0.505255539960644,0.663414634146341,28,"[401858429, 401858440, 401858453]"
2026,4,401858464,2026-09-26T21:00:00+00:00,Michigan State,offense,0.920135306646542,0.199977975993833,0.32662805609271,0.666422018348624,28,"[401858429, 401858440, 401858453]"
2026,4,401858464,2026-09-26T21:00:00+00:00,Nebraska,defense,0.695014487055422,0.274972080903338,0.208308993475309,0.661492537313433,17,"[401858430, 401858441]"
2026,4,401858464,2026-09-26T21:00:00+00:00,Nebraska,offense,1.4960572708668,0.265734265734266,0.476042922212335,0.660869565217391,18,"[401858430, 401858441]"
2026,4,401858465,2026-09-26T16:00:00+00:00,Illinois,defense,-0.220215251891202,0.275404396515968,0.526926809078012,0.664,17,"[401858424, 401858217]"
2026,4,401858465,2026-09-26T16:00:00+00:00,Illinois,offense,1.90822542285111,0.274972080903338,0.771434972249543,0.661492537313433,17,"[401858424, 401858217]"
2026,4,401858465,2026-09-26T16:00:00+00:00,Ohio State,defense,1.20600755354452,0.215686274509804,1.05409704514473,0.661654135338346,25,"[401858432, 401856682, 401858454]"
2026,4,401858465,2026-09-26T16:00:00+00:00,Ohio State,offense,1.54541795796461,0.257285498664809,1.0668061286627,0.661492537313433,19,"[401858432, 401856682]"
2026,4,401858466,2026-09-26T21:00:00+00:00,Penn State,defense,1.43350997494656,0.204894234757362,0.485474066812244,0.664201680672269,27,"[401858434, 401858442, 401858456]"
2026,4,401858466,2026-09-26T21:00:00+00:00,Penn State,offense,1.43080277648414,0.205016357688113,0.831013883661226,0.665486725663717,27,"[401858434, 401858442, 401858456]"
2026,4,401858466,2026-09-26T21:00:00+00:00,Wisconsin,defense,0.457270912049242,0.24933870040253,0.683309449436949,0.661984732824428,20,"[401858438, 401858460]"
2026,4,401858466,2026-09-26T21:00:00+00:00,Wisconsin,offense,0.416892792087605,0.380213385063046,-0.158703587707655,0.664406779661017,9,[401858438]
2026,4,401858467,2026-09-26T18:00:00+00:00,Notre Dame,defense,1.59151315850172,0.210279876556348,0.795651866532099,0.664201680672269,26,"[401858438, 401859184, 401858453]"
2026,4,401858467,2026-09-26T18:00:00+00:00,Notre Dame,offense,1.69101445606266,0.249652558433354,1.33432143111892,0.664201680672269,20,"[401858438, 401858453]"
2026,4,401858467,2026-09-26T18:00:00+00:00,Purdue,defense,-0.338767469242112,0.332288401253919,0.245106403165473,0.6625,12,[401858458]
2026,4,401858467,2026-09-26T18:00:00+00:00,Purdue,offense,0.929398857385541,0.332470892626132,0.223809371731947,0.663225806451613,12,[401858458]
2026,4,401858469,2026-09-26T23:30:00+00:00,Oregon,defense,0.51810476364745,0.199655765920826,0.844596827278362,0.662857142857143,28,"[401858433, 401856782]"
2026,4,401858469,2026-09-26T23:30:00+00:00,Oregon,offense,0.694671655125535,0.318956573291833,1.19083088111444,0.662153846153846,13,[401856782]
2026,4,401858469,2026-09-26T23:30:00+00:00,USC,defense,0.279882554298068,0.156784916894071,0.527586882451062,0.665263157894737,39,"[401864494, 401858436, 401858445, 401858457]"
2026,4,401858469,2026-09-26T23:30:00+00:00,USC,offense,1.98680721237109,0.257261410788382,1.14448938613326,0.661333333333333,19,"[401864494, 401858457]"
2026,4,401858470,2026-09-27T03:00:00+00:00,Minnesota,defense,0.529715498251428,0.257491675915649,0.399828097776655,0.662857142857143,19,"[401856677, 401858451]"
2026,4,401858470,2026-09-27T03:00:00+00:00,Minnesota,offense,0.303134748374421,0.249246231155779,0.281531926967304,0.661333333333333,20,"[401856677, 401858451]"
2026,4,401858470,2026-09-27T03:00:00+00:00,Washington,defense,0.791452551882502,0.228233689474881,0.540323590254107,0.663801652892562,23,"[401858437, 401858446]"
2026,4,401858470,2026-09-27T03:00:00+00:00,Washington,offense,0.429517500605431,0.221718524623944,0.84814866773358,0.662153846153846,24,"[401858437, 401858446]"
2026,4,401860891,2026-09-27T02:00:00+00:00,Fresno State,defense,1.24541354890572,0.234458259325044,0.563081092921868,0.66,22,"[401860883, 401860888]"
2026,4,401860891,2026-09-27T02:00:00+00:00,Fresno State,offense,-0.073024859745006,0.177108355515159,-0.152113625100194,0.657349397590361,33,"[401858436, 401860883, 401860888]"
2026,4,401860891,2026-09-27T02:00:00+00:00,Rice,defense,-0.0789789896463016,0.362841530054645,-0.0205081333063168,0.664,10,[401862773]
2026,4,401860891,2026-09-27T02:00:00+00:00,Rice,offense,-0.0469310320735265,0.265758891888719,-0.337120792332901,0.661021897810219,18,"[401859184, 401862773]"
2026,4,401860893,2026-09-26T16:00:00+00:00,San Diego State,defense,0.720996234337191,0.215586854460094,0.722953776427029,0.660719424460432,25,"[401858443, 401860887]"
2026,4,401860893,2026-09-26T16:00:00+00:00,San Diego State,offense,-0.172914691472091,0.221662468513854,0.128165457398567,0.661654135338346,24,"[401858443, 401860887]"
2026,4,401860893,2026-09-26T16:00:00+00:00,Toledo,defense,0.344534557720985,0.234234234234234,0.661167898579396,0.658227848101266,22,"[401858429, 401862774]"
2026,4,401860893,2026-09-26T16:00:00+00:00,Toledo,offense,1.23275782738449,0.241613543734978,0.4234978953467,0.660571428571428,21,"[401858429, 401862774]"
2026,4,401860894,2026-09-26T23:30:00+00:00,Troy,defense,0.936171812904924,0.215320910973085,0.350180401063202,0.658227848101266,25,"[401870763, 401856689]"
2026,4,401860894,2026-09-26T23:30:00+00:00,Troy,offense,-0.182240589810603,0.209885386819484,-0.274788422198556,0.660281690140845,26,"[401870763, 401856689]"
2026,4,401860894,2026-09-26T23:30:00+00:00,Utah State,defense,0.212620369042837,0.241653418124006,0.255368441927607,0.660869565217391,21,"[401858446, 401856801]"
2026,4,401860894,2026-09-26T23:30:00+00:00,Utah State,offense,-0.614272877725682,0.241943017281644,0.450496409623324,0.66304,21,"[401858446, 401856801]"
2026,4,401860895,2026-09-27T01:00:00+00:00,Oregon State,defense,0.0338331334007909,0.346412380803502,0.169172108557209,0.661492537313433,11,[401856778]
2026,4,401860895,2026-09-27T01:00:00+00:00,Oregon State,offense,0.0713386950423464,0.210007581501137,-0.149503798774591,0.661492537313433,26,"[401856778, 401856783]"
2026,4,401860895,2026-09-27T01:00:00+00:00,UTEP,defense,-0.856641676628641,0.294571908226077,0.16589773641236,0.658,15,"[401856664, 401858450]"
2026,4,401860895,2026-09-27T01:00:00+00:00,UTEP,offense,-0.0343832475555126,0.284616338167844,-0.309217343511412,0.660719424460432,16,"[401856664, 401858450]"
2026,4,401860896,2026-09-26T16:00:00+00:00,Colorado State,defense,0.00691527804119799,0.227833235466823,-0.0356126100961264,0.660425531914894,23,"[401860878, 401856795]"
2026,4,401860896,2026-09-26T16:00:00+00:00,Colorado State,offense,0.756971581827033,0.234646336298179,0.0372202089938548,0.661492537313433,22,"[401860878, 401856795]"
2026,4,401860896,2026-09-26T16:00:00+00:00,UT San Antonio,defense,0.735346159269774,0.221662468513854,0.464602713414513,0.661654135338346,24,"[401860884, 401856693]"
2026,4,401860896,2026-09-26T16:00:00+00:00,UT San Antonio,offense,0.392295942638046,0.234606553955333,0.697214385618187,0.661176470588235,22,"[401860884, 401856693]"
2026,4,401860897,2026-09-26T19:30:00+00:00,Boise State,defense,0.541814733753255,0.657041420118343,0.541814733753255,0.657041420118343,0,[]
2026,4,401860897,2026-09-26T19:30:00+00:00,Boise State,offense,0.396556186481993,0.227687206410611,0.373547294066875,0.6592,23,"[401858433, 401860881]"
2026,4,401860897,2026-09-26T19:30:00+00:00,Western Michigan,defense,0.679328173819572,0.24929178470255,0.540202201483421,0.661654135338346,20,"[401858428, 401862773]"
2026,4,401860897,2026-09-26T19:30:00+00:00,Western Michigan,offense,0.119094734344718,0.241555783009212,0.0373868381438969,0.66013986013986,21,"[401858428, 401862773]"
2026,4,401861970,2026-09-26T19:30:00+00:00,Connecticut,defense,0.124011608335028,0.241824924148781,0.0159036198248088,0.662153846153846,21,"[401858444, 401861963]"
2026,4,401861970,2026-09-26T19:30:00+00:00,Connecticut,offense,0.399109214482155,0.241824924148781,0.479883269053433,0.662153846153846,21,"[401858444, 401861963]"
2026,4,401861970,2026-09-26T19:30:00+00:00,Miami (OH),defense,-0.638210572375304,0.227782571182053,0.168430506093454,0.66,23,"[401858207, 401856797]"
2026,4,401861970,2026-09-26T19:30:00+00:00,Miami (OH),offense,0.366628301970103,0.248837209302326,0.0776705013229315,0.658461538461539,20,"[401858207, 401856797]"
2026,4,401862778,2026-09-25T23:00:00+00:00,Navy,defense,0.184075170195049,0.660425531914894,0.184075170195048,0.660425531914894,0,[]
2026,4,401862778,2026-09-25T23:00:00+00:00,Navy,offense,0.543516584827183,0.332288401253919,0.57675379445058,0.6625,12,[401862703]
2026,4,401862778,2026-09-25T23:00:00+00:00,UAB,defense,0.239635959331196,0.185870080606923,-0.208936271401043,0.664406779661017,31,"[401858424, 401862708, 401862776]"
2026,4,401862778,2026-09-25T23:00:00+00:00,UAB,offense,0.154396266615201,0.195100988397078,0.195806659674938,0.666422018348624,29,"[401858424, 401862708, 401862776]"
2026,4,401862779,2026-09-25T20:00:00+00:00,Army,defense,0.210902185070151,0.362393162393162,0.322145762484267,0.6625,10,[401862702]
2026,4,401862779,2026-09-25T20:00:00+00:00,Army,offense,0.447349532640592,0.663801652892562,0.447349532640592,0.663801652892562,0,[]
2026,4,401862779,2026-09-25T20:00:00+00:00,Temple,defense,-0.113944732592229,0.250259451445515,-0.0446330073927778,0.668514851485149,20,"[401858442, 401862774]"
2026,4,401862779,2026-09-25T20:00:00+00:00,Temple,offense,0.934911298658994,0.250107066381156,0.225483260254383,0.667428571428571,20,"[401858442, 401862774]"
2026,4,401862780,2026-09-26T22:30:00+00:00,Charlotte,defense,-0.188060605931072,0.241673783091375,0.095329599706592,0.661021897810219,21,"[401856676, 401864574]"
2026,4,401862780,2026-09-26T22:30:00+00:00,Charlotte,offense,-0.379612462395183,0.257261410788382,-0.346220327837998,0.661333333333333,19,"[401856676, 401864574]"
2026,4,401862780,2026-09-26T22:30:00+00:00,Louisiana,defense,0.625230705911349,0.334087636288829,0.0484812930847652,0.669690721649485,12,[401862776]
2026,4,401862780,2026-09-26T22:30:00+00:00,Louisiana,offense,0.269778120837635,0.228165575407835,-0.0597857549338476,0.663225806451613,23,"[401858445, 401862776]"
2026,4,401862782,2026-09-27T00:00:00+00:00,Florida Atlantic,defense,-0.114201592563943,0.177631578947368,-0.361608177370866,0.664615384615385,33,"[401856637, 401862703, 401862771]"
2026,4,401862782,2026-09-27T00:00:00+00:00,Florida Atlantic,offense,0.0339592431115124,0.361996779388084,0.336923679165534,0.661176470588235,10,[401856637]
2026,4,401862782,2026-09-27T00:00:00+00:00,Louisiana Monroe,defense,-0.577117486957624,0.285080421519689,-0.149573830082077,0.663225806451613,16,"[401856662, 401862708]"
2026,4,401862782,2026-09-27T00:00:00+00:00,Louisiana Monroe,offense,0.000770404462240991,0.275546662855509,-0.301099312106634,0.664827586206897,17,"[401856662, 401862708]"
2026,4,401862784,2026-09-26T23:00:00+00:00,Southern Mississippi,defense,-0.518911025976559,0.256624825662483,0.232478337565304,0.657142857142857,19,"[401856671, 401861963]"
2026,4,401862784,2026-09-26T23:00:00+00:00,Southern Mississippi,offense,0.000358578948607205,0.265324982031009,0.0824658157976277,0.658343949044586,18,"[401856671, 401861963]"
2026,4,401862784,2026-09-26T23:00:00+00:00,Tulane,defense,0.65678305263432,0.177155549572592,0.405196109608599,0.658,33,"[401858209, 401864575, 401856792]"
2026,4,401862784,2026-09-26T23:00:00+00:00,Tulane,offense,0.123257678165397,0.185347526612398,0.35411913170057,0.657777777777778,31,"[401858209, 401864575, 401856792]"
2026,4,401862785,2026-09-26T21:00:00+00:00,Bowling Green,defense,-0.49911303560146,0.294864048338369,0.265529787231674,0.659459459459459,15,"[401858441, 401856798]"
2026,4,401862785,2026-09-26T21:00:00+00:00,Bowling Green,offense,-0.597031492016034,0.284310364529768,-0.276350811026128,0.659072847682119,16,"[401858441, 401856798]"
2026,4,401862785,2026-09-26T21:00:00+00:00,South Florida,defense,0.542470335291447,0.361253561253561,0.410947697149576,0.658701298701299,10,[401862699]
2026,4,401862785,2026-09-26T21:00:00+00:00,South Florida,offense,0.745405684119468,0.257123923127899,0.890007533019344,0.660425531914894,19,"[401862699, 401862702]"
2026,4,401864509,2026-09-27T02:30:00+00:00,Air Force,defense,-0.180759244805911,0.663225806451613,-0.180759244805911,0.663225806451613,0,[]
2026,4,401864509,2026-09-27T02:30:00+00:00,Air Force,offense,0.672158211497178,0.668235294117647,0.672158211497179,0.668235294117647,0,[]
2026,4,401864509,2026-09-27T02:30:00+00:00,Nevada,defense,0.665915952640914,0.362610229276896,0.112118900767063,0.663225806451613,10,[401864432]
2026,4,401864509,2026-09-27T02:30:00+00:00,Nevada,offense,0.889149336414417,0.249462365591398,-0.224979525124918,0.662857142857143,20,"[401864432, 401864443]"
2026,4,401864510,2026-09-26T19:00:00+00:00,Hawai_i,defense,0.16878029305957,0.22155746405481,0.378827921219769,0.660719424460432,24,"[401864497, 401864578]"
2026,4,401864510,2026-09-26T19:00:00+00:00,Hawai_i,offense,-0.235819043332091,0.162798257590534,0.255115969139391,0.658947368421053,37,"[401858201, 401864497, 401864578]"
2026,4,401864510,2026-09-26T19:00:00+00:00,Wyoming,defense,-0.0492309150285367,0.249180327868852,0.454782395751248,0.660869565217391,20,"[401860878, 401864508]"
2026,4,401864510,2026-09-26T19:00:00+00:00,Wyoming,offense,-0.949129964379619,0.249246231155779,-0.392739498364711,0.661333333333333,20,"[401860878, 401864508]"
2026,4,401864511,2026-09-26T18:00:00+00:00,Georgia State,defense,0.0214936771350709,0.227816114296822,-0.0946293033896614,0.660281690140845,23,"[401869955, 401856800]"
2026,4,401864511,2026-09-26T18:00:00+00:00,Georgia State,offense,1.03217056304559,0.22192513368984,-0.129677308512798,0.664,24,"[401869955, 401856800]"
2026,4,401864511,2026-09-26T18:00:00+00:00,Northern Illinois,defense,-0.600758249697906,0.275303643724696,0.169687932320638,0.663414634146341,17,"[401858426, 401856793]"
2026,4,401864511,2026-09-26T18:00:00+00:00,Northern Illinois,offense,-0.377110528057188,0.257334747260516,-0.167916434714884,0.661818181818182,19,"[401858426, 401856793]"
2026,4,401864512,2026-09-26T16:00:00+00:00,Akron,defense,-0.492907333127977,0.242044358727097,0.203694778220315,0.663801652892562,21,"[401858204, 401858451]"
2026,4,401864512,2026-09-26T16:00:00+00:00,Akron,offense,-0.969210976403086,0.249436870183758,-0.436987116161409,0.662677165354331,20,"[401858204, 401858451]"
2026,4,401864512,2026-09-26T16:00:00+00:00,UNLV,defense,0.336016484864442,0.181318681318681,0.143361959507801,0.66,32,"[401862693, 401864497, 401862705]"
2026,4,401864512,2026-09-26T16:00:00+00:00,UNLV,offense,-0.503132752324659,0.173677986146308,0.542922662429376,0.663225806451613,34,"[401862693, 401864497, 401862705]"
2026,4,401864572,2026-09-26T23:30:00+00:00,Appalachian State,defense,0.234537858396193,0.221574344023324,0.0128875013185859,0.660869565217391,24,"[401864571, 401864574]"
2026,4,401864572,2026-09-26T23:30:00+00:00,Appalachian State,offense,0.152974280335222,0.209725438306318,0.00871037784380821,0.658701298701299,26,"[401864571, 401864574]"
2026,4,401864572,2026-09-26T23:30:00+00:00,NC State,defense,0.164151781390505,0.22785059623534,0.342078621229866,0.660571428571428,23,"[401858202, 401856695]"
2026,4,401864572,2026-09-26T23:30:00+00:00,NC State,offense,0.0398027769809392,0.215424836601307,0.691372966801891,0.6592,25,"[401858202, 401856695]"
2026,4,401864576,2026-09-26T16:45:00+00:00,Kentucky,defense,0.546707218992325,0.242070725483048,0.432328731563099,0.664,21,"[401856674, 401856694]"
2026,4,401864576,2026-09-26T16:45:00+00:00,Kentucky,offense,0.384204177738079,0.23486406214302,0.368326169329553,0.663225806451613,22,"[401856674, 401856694]"
2026,4,401864576,2026-09-26T16:45:00+00:00,South Alabama,defense,-0.20455330479041,0.242490742010698,-0.123719975772137,0.667169811320755,21,"[401864575, 401866423]"
2026,4,401864576,2026-09-26T16:45:00+00:00,South Alabama,offense,1.18163734307701,0.249624060150376,0.126419598127656,0.664,20,"[401864575, 401866423]"
2026,4,401864579,2026-09-26T19:30:00+00:00,New Mexico,defense,1.02110164224763,0.274643099932019,0.372010254099772,0.659591836734694,17,"[401864498, 401856690]"
2026,4,401864579,2026-09-26T19:30:00+00:00,New Mexico,offense,0.537992898686408,0.265783873256089,0.212985801806013,0.661176470588235,18,"[401864498, 401856690]"
2026,4,401864579,2026-09-26T19:30:00+00:00,New Mexico State,defense,-0.229175614594161,0.234248934820053,0.202466908634644,0.658343949044586,22,"[401864570, 401864578]"
2026,4,401864579,2026-09-26T19:30:00+00:00,New Mexico State,offense,-0.414830016480531,0.234234234234234,-0.202274333984858,0.658227848101266,22,"[401864570, 401864578]"
2026,4,401866425,2026-09-26T16:00:00+00:00,Ball State,defense,-0.950717148197826,0.274864376130199,0.158374597541327,0.660869565217391,17,"[401858432, 401866422]"
2026,4,401866425,2026-09-26T16:00:00+00:00,Ball State,offense,-0.44006962193341,0.275303643724696,-0.571809521553609,0.663414634146341,17,"[401858432, 401866422]"
2026,4,401866425,2026-09-26T16:00:00+00:00,Kent State,defense,-0.830160414553974,0.443438914027149,-0.327517122230645,0.664406779661017,6,[401856665]
2026,4,401866425,2026-09-26T16:00:00+00:00,Kent State,offense,-0.318933945171043,0.332158725294929,0.127482974800748,0.661984732824428,12,"[401856665, 401858454]"
2026,4,401866429,2026-09-27T01:00:00+00:00,Sacramento State,defense,-0.571651689322181,0.186046511627907,0.339608496135517,0.8,33,"[401866408, 401860883, 401864507]"
2026,4,401866429,2026-09-27T01:00:00+00:00,Sacramento State,offense,-0.762780436948573,0.195121951219512,-0.63811695016018,0.8,31,"[401866408, 401860883, 401864507]"
2026,4,401866429,2026-09-27T01:00:00+00:00,UMass,defense,0.212920200987983,0.332518337408313,-0.616398898302996,0.663414634146341,12,[401858423]
2026,4,401866429,2026-09-27T01:00:00+00:00,UMass,offense,0.425868185016681,0.33276740237691,-0.516691088687466,0.664406779661017,12,[401858423]
2026,4,401869931,2026-09-26T23:00:00+00:00,Arkansas State,defense,-0.315246891177872,0.228630544420018,0.314362597040274,0.667169811320755,23,"[401862695, 401856799]"
2026,4,401869931,2026-09-26T23:00:00+00:00,Arkansas State,offense,-0.22124906161431,0.228788289509352,0.106981973223725,0.668514851485149,23,"[401862695, 401856799]"
2026,4,401869931,2026-09-26T23:00:00+00:00,Kennesaw State,defense,0.0910828739718641,0.257038469804427,0.274104747732096,0.659862068965517,19,"[401869955, 401856692]"
2026,4,401869931,2026-09-26T23:00:00+00:00,Kennesaw State,offense,-0.337736677785823,0.2488542174549,0.245897562427679,0.65858064516129,20,"[401869955, 401856692]"
2026,4,401869941,2026-09-24T23:30:00+00:00,Coastal Carolina,defense,0.589308611302321,0.209631728045326,0.044451747280371,0.657777777777778,26,"[401856780, 401869940]"
2026,4,401869941,2026-09-24T23:30:00+00:00,Coastal Carolina,offense,0.110218861886387,0.227504244482173,-0.0916427266129841,0.657668711656442,23,"[401856780, 401869940]"
2026,4,401869941,2026-09-24T23:30:00+00:00,Liberty,defense,0.214622148488286,0.265914387342083,0.1095296302276,0.661984732824428,18,"[401869960, 401866422]"
2026,4,401869941,2026-09-24T23:30:00+00:00,Liberty,offense,0.570337040314795,0.266271391995688,0.0943055364210929,0.664201680672269,18,"[401869960, 401866422]"
2026,4,401869961,2026-09-26T22:00:00+00:00,James Madison,defense,0.771561504050995,0.234219715283374,0.57204451653829,0.65811320754717,22,"[401869960, 401860887]"
2026,4,401869961,2026-09-26T22:00:00+00:00,James Madison,offense,0.499574682540952,0.234309623430962,0.398394166207645,0.658823529411765,22,"[401869960, 401860887]"
2026,4,401869961,2026-09-26T22:00:00+00:00,Old Dominion,defense,0.822042863692722,0.22799874725963,0.900623162083605,0.661818181818182,23,"[401858221, 401862710]"
2026,4,401869961,2026-09-26T22:00:00+00:00,Old Dominion,offense,0.203043807556697,0.345546937683873,0.301428449001778,0.658343949044586,11,[401858221]
2026,4,401871048,2026-09-26T23:00:00+00:00,Jacksonville State,defense,-0.151814107955171,0.199255121042831,0.212550556630285,0.658461538461539,28,"[401864577, 401866418, 401869948]"
2026,4,401871048,2026-09-26T23:00:00+00:00,Jacksonville State,offense,0.198810514575669,0.194477224451263,0.0823264394265706,0.6592,29,"[401864577, 401866418, 401869948]"
2026,4,401871048,2026-09-26T23:00:00+00:00,Middle Tennessee,defense,0.215539164839226,0.228143580709095,0.0705371638255626,0.66304,23,"[401871045, 401864443]"
2026,4,401871048,2026-09-26T23:00:00+00:00,Middle Tennessee,offense,-0.58503379754121,0.34678624813154,-0.129691331649017,0.662857142857143,11,[401871045]
2026,5,401856705,2026-10-03T16:45:00+00:00,Georgia,defense,1.47019472696735,0.204479398187724,0.771102652174984,0.659862068965517,27,"[401856673, 401856686, 401856700]"
2026,5,401856705,2026-10-03T16:45:00+00:00,Georgia,offense,2.30482792824863,0.199255121042831,1.01619670982232,0.658461538461539,28,"[401856673, 401856686, 401856700]"
2026,5,401856705,2026-10-03T16:45:00+00:00,Vanderbilt,defense,0.641914353949249,0.166341390181654,0.364522492466648,0.661492537313433,36,"[401856684, 401856695, 401856698]"
2026,5,401856705,2026-10-03T16:45:00+00:00,Vanderbilt,offense,0.600584609513985,0.166607079013228,1.31386781584453,0.665714285714286,36,"[401856684, 401856695, 401856698]"
2026,5,401856707,2026-10-03T16:00:00+00:00,Alabama,defense,0.981580876028526,0.139957716701903,0.625280718336107,0.657888198757764,45,"[401856634, 401856674, 401856685, 401856696]"
2026,5,401856707,2026-10-03T16:00:00+00:00,Alabama,offense,2.0016156570079,0.142548596112311,0.806121212638785,0.66,44,"[401856634, 401856674, 401856685, 401856696]"
2026,5,401856707,2026-10-03T16:00:00+00:00,Mississippi State,defense,0.861142213501417,0.153595465816507,0.361591734880984,0.661984732824428,40,"[401856662, 401856677, 401856691, 401856703]"
2026,5,401856707,2026-10-03T16:00:00+00:00,Mississippi State,offense,1.74328494981769,0.150570811477939,0.55110934156637,0.659459459459459,41,"[401856662, 401856677, 401856691, 401856703]"
2026,5,401856708,2026-10-03T19:30:00+00:00,Florida,defense,0.396569499373312,0.177384991714669,0.530652127078273,0.661176470588235,33,"[401856637, 401856687, 401856699]"
2026,5,401856708,2026-10-03T19:30:00+00:00,Florida,offense,2.66265351834653,0.177587590264777,0.284478940845231,0.664,33,"[401856637, 401856687, 401856699]"
2026,5,401856708,2026-10-03T19:30:00+00:00,Missouri,defense,0.738607015153602,0.159811985898942,0.664605907555957,0.663414634146341,38,"[401856678, 401856689, 401856703]"
2026,5,401856708,2026-10-03T19:30:00+00:00,Missouri,offense,0.573954452990763,0.156548195270364,0.491123714488019,0.661021897810219,39,"[401856678, 401856689, 401856703]"
2026,5,401856709,2026-10-03T20:15:00+00:00,Kentucky,defense,0.69432697291082,0.170038412291933,0.432328731563099,0.664,35,"[401856674, 401856694, 401864576]"
2026,5,401856709,2026-10-03T20:15:00+00:00,Kentucky,offense,0.616202760805799,0.169987598181067,0.368326169329553,0.663225806451613,35,"[401856674, 401856694, 401864576]"
2026,5,401856709,2026-10-03T20:15:00+00:00,South Carolina,defense,0.53569299703949,0.189928057553957,0.707821959189652,0.66,30,"[401856665, 401856691, 401856696]"
2026,5,401856709,2026-10-03T20:15:00+00:00,South Carolina,offense,1.22512734925027,0.190361445783133,0.170989907243029,0.665263157894737,30,"[401856665, 401856691, 401856696]"
2026,5,401856710,2026-10-03T19:30:00+00:00,Auburn,defense,0.878054685704349,0.142968142968143,0.601355244947408,0.669090909090909,44,"[401856636, 401856671, 401856687, 401856698]"
2026,5,401856710,2026-10-03T19:30:00+00:00,Auburn,offense,0.71539672224707,0.145290085506325,0.315699511516389,0.663225806451613,43,"[401856636, 401856671, 401856687, 401856698]"
2026,5,401856710,2026-10-03T19:30:00+00:00,Tennessee,defense,0.822520617092227,0.18140735958683,0.344633313669404,0.661176470588235,32,"[401856681, 401856692, 401856704]"
2026,5,401856710,2026-10-03T19:30:00+00:00,Tennessee,offense,1.28588010018053,0.181308269536876,0.972059902300138,0.659862068965517,32,"[401856681, 401856692, 401856704]"
2026,5,401856711,2026-10-03T23:00:00+00:00,Arkansas,defense,0.459991822619155,0.205016357688113,0.0617818526206252,0.665486725663717,27,"[401856670, 401856686, 401856697]"
2026,5,401856711,2026-10-03T23:00:00+00:00,Arkansas,offense,0.76683600094134,0.204682779456193,0.970413301139841,0.661984732824428,27,"[401856670, 401856686, 401856697]"
2026,5,401856711,2026-10-03T23:00:00+00:00,Texas A&M,defense,0.426004023383564,0.147859922178988,0.707754980911362,0.660869565217391,42,"[401856668, 401856683, 401856694, 401856702]"
2026,5,401856711,2026-10-03T23:00:00+00:00,Texas A&M,offense,0.986050550817928,0.14785240517741,1.01399070457269,0.660719424460432,42,"[401856668, 401856683, 401856694, 401856702]"
2026,5,401856807,2026-10-03T16:00:00+00:00,Kansas,defense,0.320657627852312,0.199531784620926,0.179929773005353,0.661492537313433,28,"[401856678, 401856812]"
2026,5,401856807,2026-10-03T16:00:00+00:00,Kansas,offense,-0.222062697372693,0.20459063799024,0.666475551880961,0.661021897810219,27,"[401856678, 401856812]"
2026,5,401856807,2026-10-03T16:00:00+00:00,Middle Tennessee,defense,0.112071710265798,0.181547358275651,0.0705371638255626,0.66304,32,"[401871045, 401864443, 401871048]"
2026,5,401856807,2026-10-03T16:00:00+00:00,Middle Tennessee,offense,-0.625243624164653,0.257491675915649,-0.129691331649017,0.662857142857143,19,"[401871045, 401871048]"
2026,5,401856817,2026-10-04T02:30:00+00:00,Arizona State,defense,0.515596384757534,0.209750376947562,0.500863296796201,0.658947368421053,26,"[401856683, 401856812]"
2026,5,401856817,2026-10-04T02:30:00+00:00,Arizona State,offense,-0.193026879871616,0.204207738708254,0.316573161106068,0.657041420118343,27,"[401856683, 401856812]"
2026,5,401856817,2026-10-04T02:30:00+00:00,Baylor,defense,0.751879499426399,0.153568953568954,0.179592226094154,0.661492537313433,40,"[401856636, 401867804, 401856813]"
2026,5,401856817,2026-10-04T02:30:00+00:00,Baylor,offense,0.566844326953727,0.150676548582308,0.566802904224,0.661492537313433,41,"[401856636, 401867804, 401856813]"
2026,5,401856818,2026-10-03T23:00:00+00:00,BYU,defense,0.902074119068366,0.241574770689477,0.550616185354632,0.660281690140845,21,"[401856810, 401856795]"
2026,5,401856818,2026-10-03T23:00:00+00:00,BYU,offense,0.917863647261312,0.235119047619048,0.727187726405264,0.665263157894737,22,"[401856810, 401856795]"
2026,5,401856818,2026-10-03T23:00:00+00:00,TCU,defense,1.08173668545328,0.185545792764981,0.547816776700033,0.660281690140845,31,"[401856766, 401856799, 401856815]"
2026,5,401856818,2026-10-03T23:00:00+00:00,TCU,offense,0.149522420530321,0.181329235497503,0.56806629069568,0.66013986013986,32,"[401856766, 401856799, 401856815]"
2026,5,401856819,2026-10-03T16:00:00+00:00,Houston,defense,0.12670249611486,0.181455633100698,0.337965677729946,0.661818181818182,32,"[401856778, 401856811, 401856806]"
2026,5,401856819,2026-10-03T16:00:00+00:00,Houston,offense,1.62414820664279,0.189987587918908,0.538049967153978,0.660719424460432,30,"[401856778, 401856811, 401856806]"
2026,5,401856819,2026-10-03T16:00:00+00:00,UCF,defense,0.93368692872798,0.166592822330527,0.48691186934432,0.665486725663717,36,"[401856790, 401856800, 401856815]"
2026,5,401856819,2026-10-03T16:00:00+00:00,UCF,offense,0.980674769719759,0.234961075725407,0.0884587641805022,0.664,22,"[401856800, 401856815]"
2026,5,401856820,2026-10-04T03:00:00+00:00,Arizona,defense,0.316277488794807,0.189987587918908,0.584280023826773,0.660719424460432,30,"[401856810, 401856793, 401856804]"
2026,5,401856820,2026-10-04T03:00:00+00:00,Arizona,offense,1.12130457166318,0.185886402753873,0.755324363367736,0.664615384615385,31,"[401856810, 401856793, 401856804]"
2026,5,401856820,2026-10-04T03:00:00+00:00,Cincinnati,defense,0.558524832538715,0.177341412901741,0.184820299183371,0.660571428571428,33,"[401856777, 401856797, 401856814]"
2026,5,401856820,2026-10-04T03:00:00+00:00,Cincinnati,offense,0.885823594555065,0.166331321260899,0.540731712529574,0.661333333333333,36,"[401856777, 401856797, 401856814]"
2026,5,401856821,2026-10-03T23:30:00+00:00,Colorado,defense,0.7288628316897,0.16986301369863,0.247266983284659,0.661333333333333,35,"[401856776, 401856796, 401856813]"
2026,5,401856821,2026-10-03T23:30:00+00:00,Colorado,offense,-0.358457650513584,0.169987598181067,0.298353349452413,0.663225806451613,35,"[401856776, 401856796, 401856813]"
2026,5,401856821,2026-10-03T23:30:00+00:00,Texas Tech,defense,1.05160090323785,0.153338921486449,1.15784389484346,0.657245508982036,40,"[401856783, 401856811, 401856805]"
2026,5,401856821,2026-10-03T23:30:00+00:00,Texas Tech,offense,0.552933032836885,0.227816114296822,0.722862532094238,0.660281690140845,23,"[401856811, 401856805]"
2026,5,401856822,2026-10-03T16:00:00+00:00,Iowa State,defense,0.89448388077881,0.242152466367713,0.569974262567035,0.664615384615385,21,"[401856788, 401856798]"
2026,5,401856822,2026-10-03T16:00:00+00:00,Iowa State,offense,0.710997444506205,0.185706833594158,0.43863559543692,0.662325581395349,31,"[401856788, 401856798, 401856816]"
2026,5,401856822,2026-10-03T16:00:00+00:00,West Virginia,defense,0.126072364453751,0.159613059250302,0.24997226603926,0.66,38,"[401856780, 401856802, 401856881]"
2026,5,401856822,2026-10-03T16:00:00+00:00,West Virginia,offense,0.908754449957098,0.159589176377642,0.0319712983731756,0.659591836734694,38,"[401856780, 401856802, 401856881]"
2026,5,401858245,2026-10-02T23:00:00+00:00,Pittsburgh,defense,0.691692118687124,0.256772673733804,0.465153447456852,0.65811320754717,19,"[401858207, 401858225]"
2026,5,401858245,2026-10-02T23:00:00+00:00,Pittsburgh,offense,1.09463383442756,0.181239143022583,0.401364124191141,0.658947368421053,32,"[401858207, 401856790, 401858225]"
2026,5,401858245,2026-10-02T23:00:00+00:00,Virginia Tech,defense,0.380154295464838,0.177587590264777,0.171267202930923,0.664,33,"[401858221, 401858232, 401858242]"
2026,5,401858245,2026-10-02T23:00:00+00:00,Virginia Tech,offense,1.3600804543268,0.181395721496675,0.346090648880783,0.661021897810219,32,"[401858221, 401858232, 401858242]"
2026,5,401858246,2026-10-03T16:00:00+00:00,Boston College,defense,0.852134280568048,0.166383176124942,-0.00107202636156052,0.662153846153846,36,"[401856777, 401858214, 401858242]"
2026,5,401858246,2026-10-03T16:00:00+00:00,Boston College,offense,-0.0647141280088279,0.166525063721325,0.21213314777313,0.664406779661017,36,"[401856777, 401858214, 401858242]"
2026,5,401858246,2026-10-03T16:00:00+00:00,SMU,defense,0.446111337683688,0.169713506139154,0.582571789481277,0.659072847682119,35,"[401858212, 401858230, 401858241]"
2026,5,401858246,2026-10-03T16:00:00+00:00,SMU,offense,0.486158533978297,0.166187963395899,0.444677167292874,0.659072847682119,36,"[401858212, 401858230, 401858241]"
2026,5,401858247,2026-10-03T19:30:00+00:00,California,defense,0.262229712752372,0.166292460346201,0.183037366700011,0.660719424460432,36,"[401858210, 401858216, 401858234]"
2026,5,401858247,2026-10-03T19:30:00+00:00,California,offense,-0.10090011683689,0.166331321260899,0.258832075478352,0.661333333333333,36,"[401858210, 401858216, 401858234]"
2026,5,401858247,2026-10-03T19:30:00+00:00,UNLV,defense,0.345945003687923,0.147816349384099,0.143361959507801,0.66,42,"[401862693, 401864497, 401862705, 401864512]"
2026,5,401858247,2026-10-03T19:30:00+00:00,UNLV,offense,-0.397350600080309,0.145290085506325,0.542922662429376,0.663225806451613,43,"[401862693, 401864497, 401862705, 401864512]"
2026,5,401858248,2026-10-03T19:30:00+00:00,Louisville,defense,0.321050959561011,0.159573776882594,0.63325189288919,0.659328859060403,38,"[401856661, 401858230, 401858243]"
2026,5,401858248,2026-10-03T19:30:00+00:00,Louisville,offense,1.1019081799642,0.215424836601307,0.380577794471412,0.6592,25,"[401858230, 401858243]"
2026,5,401858248,2026-10-03T19:30:00+00:00,NC State,defense,-0.0147102057735021,0.166283084004603,0.342078621229866,0.660571428571428,36,"[401858202, 401856695, 401864572]"
2026,5,401858248,2026-10-03T19:30:00+00:00,NC State,offense,0.576022987688938,0.162813673187117,0.691372966801891,0.6592,37,"[401858202, 401856695, 401864572]"
2026,5,401858249,2026-10-03T23:30:00+00:00,Clemson,defense,1.0112534321266,0.142476697736352,0.542527064555328,0.658461538461539,44,"[401856660, 401858219, 401858229, 401858234]"
2026,5,401858249,2026-10-03T23:30:00+00:00,Clemson,offense,-0.193933682526368,0.135250434507821,0.446552386479124,0.658461538461539,47,"[401856660, 401858219, 401858229, 401858234]"
2026,5,401858249,2026-10-03T23:30:00+00:00,Miami,defense,1.0477693584832,0.265033407572383,0.979661476599813,0.656551724137931,18,"[401858226, 401858238]"
2026,5,401858249,2026-10-03T23:30:00+00:00,Miami,offense,1.42218028795951,0.256656317621601,0.866273267508888,0.657349397590361,19,"[401858226, 401858238]"
2026,5,401858250,2026-10-03T16:00:00+00:00,North Carolina,defense,0.291533061281692,0.228018510727808,0.189443257967786,0.661984732824428,23,"[401856766, 401858229]"
2026,5,401858250,2026-10-03T16:00:00+00:00,North Carolina,offense,0.412915011060237,0.235038084874864,0.00515247146976155,0.664615384615385,22,"[401856766, 401858229]"
2026,5,401858250,2026-10-03T16:00:00+00:00,Notre Dame,defense,1.93873833629582,0.177602013302175,0.795651866532099,0.664201680672269,33,"[401858438, 401859184, 401858453, 401858467]"
2026,5,401858250,2026-10-03T16:00:00+00:00,Notre Dame,offense,2.23465796307949,0.210279876556348,1.33432143111892,0.664201680672269,26,"[401858438, 401858453, 401858467]"
2026,5,401858251,2026-10-03T16:00:00+00:00,Stanford,defense,-0.283609914092856,0.169793553060485,0.244035412238,0.660281690140845,35,"[401858201, 401858231, 401858240]"
2026,5,401858251,2026-10-03T16:00:00+00:00,Stanford,offense,0.317723222308998,0.249158979924037,-0.103328398917766,0.660719424460432,20,"[401858231, 401858240]"
2026,5,401858251,2026-10-03T16:00:00+00:00,Wake Forest,defense,0.763248942269113,0.173357788193737,0.60639433220878,0.65858064516129,34,"[401858204, 401858226, 401858243]"
2026,5,401858251,2026-10-03T16:00:00+00:00,Wake Forest,offense,0.718227350625308,0.177215189873418,0.167939882805313,0.658823529411765,33,"[401858204, 401858226, 401858243]"
2026,5,401858252,2026-10-03T16:00:00+00:00,Connecticut,defense,-0.0863001238661198,0.241824924148781,0.0159036198248088,0.662153846153846,21,"[401858444, 401861963]"
2026,5,401858252,2026-10-03T16:00:00+00:00,Connecticut,offense,0.153033363693594,0.181480856805532,0.479883269053433,0.662153846153846,32,"[401858444, 401861963, 401861970]"
2026,5,401858252,2026-10-03T16:00:00+00:00,Syracuse,defense,0.565779814785203,0.234772978959025,0.263540478148141,0.6625,22,"[401858216, 401858225]"
2026,5,401858252,2026-10-03T16:00:00+00:00,Syracuse,offense,-0.194502290648426,0.227816114296822,-0.184045624229359,0.660281690140845,23,"[401858216, 401858225]"
2026,5,401858253,2026-10-03T19:30:00+00:00,Florida State,defense,0.0909538364502038,0.17378763295475,0.420017515419837,0.664827586206897,34,"[401864570, 401858212, 401856685]"
2026,5,401858253,2026-10-03T19:30:00+00:00,Florida State,offense,1.11963583900975,0.173832639852057,0.754896375844568,0.665486725663717,34,"[401864570, 401858212, 401856685]"
2026,5,401858253,2026-10-03T19:30:00+00:00,Virginia,defense,1.0653047016523,0.177352077861888,0.708921789990762,0.660719424460432,33,"[401858202, 401856802, 401858239]"
2026,5,401858253,2026-10-03T19:30:00+00:00,Virginia,offense,0.770463968856769,0.173628173628174,0.398047666124081,0.6625,34,"[401858202, 401856802, 401858239]"
2026,5,401858472,2026-10-03T20:15:00+00:00,Illinois,defense,-0.36387316156027,0.2102596580114,0.526926809078012,0.664,26,"[401858424, 401858217, 401858465]"
2026,5,401858472,2026-10-03T20:15:00+00:00,Illinois,offense,1.76137747813556,0.210007581501137,0.771434972249543,0.661492537313433,26,"[401858424, 401858217, 401858465]"
2026,5,401858472,2026-10-03T20:15:00+00:00,Purdue,defense,-0.641292271777463,0.265997490589711,0.245106403165473,0.6625,18,"[401858458, 401858467]"
2026,5,401858472,2026-10-03T20:15:00+00:00,Purdue,offense,0.778544423035626,0.257547287986972,0.223809371731947,0.663225806451613,19,"[401858458, 401858467]"
2026,5,401858473,2026-10-03T19:30:00+00:00,Iowa,defense,1.17677540658073,0.17745526511091,0.810461890468802,0.662153846153846,33,"[401858426, 401856788, 401858463]"
2026,5,401858473,2026-10-03T19:30:00+00:00,Iowa,offense,0.380244741440838,0.185592185592186,0.574444686897616,0.660869565217391,31,"[401858426, 401856788, 401858463]"
2026,5,401858473,2026-10-03T19:30:00+00:00,Ohio State,defense,1.10571638442278,0.173570019723866,1.05409704514473,0.661654135338346,34,"[401858432, 401856682, 401858454, 401858465]"
2026,5,401858473,2026-10-03T19:30:00+00:00,Ohio State,offense,1.83325572058768,0.199531784620926,1.0668061286627,0.661492537313433,28,"[401858432, 401856682, 401858465]"
2026,5,401858474,2026-10-03T16:00:00+00:00,Michigan,defense,0.96960948806239,0.150584703895941,0.455745578064091,0.65972602739726,41,"[401858428, 401856679, 401858450, 401858463]"
2026,5,401858474,2026-10-03T16:00:00+00:00,Michigan,offense,0.640497770419477,0.153445065176909,0.710502817504488,0.6592,40,"[401858428, 401856679, 401858450, 401858463]"
2026,5,401858474,2026-10-03T16:00:00+00:00,Minnesota,defense,0.42217479926598,0.181533646322379,0.399828097776655,0.662857142857143,32,"[401856677, 401858451, 401858470]"
2026,5,401858474,2026-10-03T16:00:00+00:00,Minnesota,offense,0.0639421598550574,0.177396280400572,0.281531926967304,0.661333333333333,33,"[401856677, 401858451, 401858470]"
2026,5,401858475,2026-10-03T20:00:00+00:00,Maryland,defense,0.348698897189152,0.189939637826962,0.394814938097449,0.66013986013986,30,"[401858444, 401858232, 401858462]"
2026,5,401858475,2026-10-03T20:00:00+00:00,Maryland,offense,0.113750825409502,0.177492829424667,0.0963458651353826,0.662677165354331,33,"[401858444, 401858232, 401858462]"
2026,5,401858475,2026-10-03T20:00:00+00:00,Nebraska,defense,1.04082071865919,0.20463570043402,0.208308993475309,0.661492537313433,27,"[401858430, 401858441, 401858464]"
2026,5,401858475,2026-10-03T20:00:00+00:00,Nebraska,offense,1.60711953339021,0.265734265734266,0.476042922212335,0.660869565217391,18,"[401858430, 401858441]"
2026,5,401858476,2026-10-03T00:00:00+00:00,Northwestern,defense,0.616563480263963,0.249268841394826,0.506066077467814,0.661492537313433,20,"[401856796, 401858461]"
2026,5,401858476,2026-10-03T00:00:00+00:00,Northwestern,offense,1.51898021740941,0.249315068493151,0.359834277513304,0.661818181818182,20,"[401856796, 401858461]"
2026,5,401858476,2026-10-03T00:00:00+00:00,Penn State,defense,1.37951419907998,0.153714507973551,0.485474066812244,0.664201680672269,40,"[401858434, 401858442, 401858456, 401858466]"
2026,5,401858476,2026-10-03T00:00:00+00:00,Penn State,offense,1.01255411364034,0.153783231083845,0.831013883661226,0.665486725663717,40,"[401858434, 401858442, 401858456, 401858466]"
2026,5,401858477,2026-10-04T00:00:00+00:00,Indiana,defense,1.2996658040554,0.204311152764761,0.972611387337457,0.65811320754717,27,"[401858425, 401858449, 401858461]"
2026,5,401858477,2026-10-04T00:00:00+00:00,Indiana,offense,1.68401895408144,0.199311063045742,1.42692762198806,0.659072847682119,28,"[401858425, 401858449, 401858461]"
2026,5,401858477,2026-10-04T00:00:00+00:00,Rutgers,defense,-0.140619063575348,0.177532164752612,-0.0617944043056734,0.663225806451613,33,"[401858423, 401858214, 401858457]"
2026,5,401858477,2026-10-04T00:00:00+00:00,Rutgers,offense,0.98844711151501,0.177693761814745,0.759609400507686,0.665486725663717,33,"[401858423, 401858214, 401858457]"
2026,5,401858478,2026-10-03T23:30:00+00:00,USC,defense,0.0705020782680331,0.131093134204522,0.527586882451062,0.665263157894737,49,"[401864494, 401858436, 401858445, 401858457, 401858469]"
2026,5,401858478,2026-10-03T23:30:00+00:00,USC,offense,1.85353050283043,0.194662480376766,1.14448938613326,0.661333333333333,29,"[401864494, 401858457, 401858469]"
2026,5,401858478,2026-10-03T23:30:00+00:00,Washington,defense,0.557584405904564,0.166487024293176,0.540323590254107,0.663801652892562,36,"[401858437, 401858446, 401858470]"
2026,5,401858478,2026-10-03T23:30:00+00:00,Washington,offense,0.465013295580085,0.162993259107779,0.84814866773358,0.662153846153846,37,"[401858437, 401858446, 401858470]"
2026,5,401858479,2026-10-03T16:30:00+00:00,Michigan State,defense,0.86634952945,0.199706314243759,0.505255539960644,0.663414634146341,28,"[401858429, 401858440, 401858453]"
2026,5,401858479,2026-10-03T16:30:00+00:00,Michigan State,offense,0.888672915041907,0.15998590432561,0.32662805609271,0.666422018348624,38,"[401858429, 401858440, 401858453, 401858464]"
2026,5,401858479,2026-10-03T16:30:00+00:00,Wisconsin,defense,0.901805662843978,0.177443116713046,0.683309449436949,0.661984732824428,33,"[401858438, 401858460, 401858466]"
2026,5,401858479,2026-10-03T16:30:00+00:00,Wisconsin,offense,0.899450596136253,0.235011990407674,-0.158703587707655,0.664406779661017,22,"[401858438, 401858466]"
2026,5,401860898,2026-10-03T23:30:00+00:00,Boise State,defense,0.814092808088074,0.396514783602342,0.541814733753255,0.657041420118343,8,[401860897]
2026,5,401860898,2026-10-03T23:30:00+00:00,Boise State,offense,1.04967683514271,0.181258249010119,0.373547294066875,0.6592,32,"[401858433, 401860881, 401860897]"
2026,5,401860898,2026-10-03T23:30:00+00:00,Utah State,defense,0.767547964129132,0.177362893815636,0.255368441927607,0.660869565217391,33,"[401858446, 401856801, 401860894]"
2026,5,401860898,2026-10-03T23:30:00+00:00,Utah State,offense,-0.107963955385306,0.173665241807057,0.450496409623324,0.66304,34,"[401858446, 401856801, 401860894]"
2026,5,401860899,2026-10-03T22:00:00+00:00,Colorado State,defense,-0.292908903328751,0.16627383758303,-0.0356126100961264,0.660425531914894,36,"[401860878, 401856795, 401860896]"
2026,5,401860899,2026-10-03T22:00:00+00:00,Colorado State,offense,1.15088244895685,0.173558897243108,0.0372202089938548,0.661492537313433,34,"[401860878, 401856795, 401860896]"
2026,5,401860899,2026-10-03T22:00:00+00:00,Oregon State,defense,0.754937855915049,0.241736664121305,0.169172108557209,0.661492537313433,21,"[401856778, 401860895]"
2026,5,401860899,2026-10-03T22:00:00+00:00,Oregon State,offense,-0.0962456725664392,0.166341390181654,-0.149503798774591,0.661492537313433,36,"[401856778, 401856783, 401860895]"
2026,5,401860900,2026-10-04T02:30:00+00:00,San Diego State,defense,0.490050037183371,0.166292460346201,0.722953776427029,0.660719424460432,36,"[401858443, 401860887, 401860893]"
2026,5,401860900,2026-10-04T02:30:00+00:00,San Diego State,offense,-0.412737632618109,0.166351606805293,0.128165457398567,0.661654135338346,36,"[401858443, 401860887, 401860893]"
2026,5,401860900,2026-10-04T02:30:00+00:00,Texas State,defense,-0.19793298658692,0.200166014466975,0.105831745399575,0.668514851485149,28,"[401856667, 401860884, 401860889]"
2026,5,401860900,2026-10-04T02:30:00+00:00,Texas State,offense,1.11716457644961,0.18645948945616,0.733328028356484,0.672,31,"[401856667, 401860884, 401860889]"
2026,5,401860921,2026-10-04T01:30:00+00:00,Fresno State,defense,0.955211675992041,0.181318681318681,0.563081092921868,0.66,32,"[401860883, 401860888, 401860891]"
2026,5,401860921,2026-10-04T01:30:00+00:00,Fresno State,offense,0.0736956512479096,0.142424558838885,-0.152113625100194,0.657349397590361,44,"[401858436, 401860883, 401860888, 401860891]"
2026,5,401860921,2026-10-04T01:30:00+00:00,Washington State,defense,0.352552705796,0.16985266339252,0.602859358857874,0.661176470588235,35,"[401858437, 401856781, 401856804]"
2026,5,401860921,2026-10-04T01:30:00+00:00,Washington State,offense,-0.65259916977455,0.185460274589241,0.3661338543222,0.6592,31,"[401858437, 401856781, 401856804]"
2026,5,401862786,2026-10-02T01:00:00+00:00,North Texas,defense,-0.462268636396003,0.194748358862144,0.164876617077696,0.662325581395349,29,"[401858425, 401862705, 401860889]"
2026,5,401862786,2026-10-02T01:00:00+00:00,North Texas,offense,1.42400747582298,0.199607513316512,1.30961869397456,0.662325581395349,28,"[401858425, 401862705, 401860889]"
2026,5,401862786,2026-10-02T01:00:00+00:00,Tulsa,defense,0.67554637403477,0.173604388512423,0.104336546922128,0.662153846153846,34,"[401856772, 401862707, 401856697]"
2026,5,401862786,2026-10-02T01:00:00+00:00,Tulsa,offense,0.0966327545637961,0.177206344769758,-0.0781623955801989,0.658701298701299,33,"[401856772, 401862707, 401856697]"
2026,5,401862787,2026-10-03T19:30:00+00:00,Charlotte,defense,-0.197584631200175,0.173526481183414,0.095329599706592,0.661021897810219,34,"[401856676, 401864574, 401862780]"
2026,5,401862787,2026-10-03T19:30:00+00:00,Charlotte,offense,-0.533743339131145,0.190038314176245,-0.346220327837998,0.661333333333333,30,"[401856676, 401864574, 401862780]"
2026,5,401862787,2026-10-03T19:30:00+00:00,Memphis,defense,0.0604496771213006,0.16991709435452,0.285643982773251,0.662153846153846,35,"[401862693, 401862695, 401860881]"
2026,5,401862787,2026-10-03T19:30:00+00:00,Memphis,offense,0.729698219533653,0.221330075056729,0.403181782265857,0.658701298701299,24,"[401862693, 401862695]"
2026,5,401862788,2026-10-03T23:00:00+00:00,Rice,defense,-0.47387343781352,0.242070725483048,-0.0205081333063168,0.664,21,"[401862773, 401860891]"
2026,5,401862788,2026-10-03T23:00:00+00:00,Rice,offense,0.353117045631612,0.199488941756983,-0.337120792332901,0.661021897810219,28,"[401859184, 401862773, 401860891]"
2026,5,401862788,2026-10-03T23:00:00+00:00,UT San Antonio,defense,0.497400794925155,0.166351606805293,0.464602713414513,0.661654135338346,36,"[401860884, 401856693, 401860896]"
2026,5,401862788,2026-10-03T23:00:00+00:00,UT San Antonio,offense,0.976548134708931,0.16985266339252,0.697214385618187,0.661176470588235,35,"[401860884, 401856693, 401860896]"
2026,5,401862791,2026-10-03T16:00:00+00:00,Air Force,defense,-0.116454154762321,0.362610229276896,-0.180759244805911,0.663225806451613,10,[401864509]
2026,5,401862791,2026-10-03T16:00:00+00:00,Air Force,offense,0.891334490050931,0.364102564102564,0.672158211497179,0.668235294117647,10,[401864509]
2026,5,401862791,2026-10-03T16:00:00+00:00,Navy,defense,0.039679648946381,0.346119536128457,0.184075170195048,0.660425531914894,11,[401862778]
2026,5,401862791,2026-10-03T16:00:00+00:00,Navy,offense,0.322072763296355,0.228079612694997,0.57675379445058,0.6625,23,"[401862703, 401862778]"
2026,5,401862792,2026-10-03T23:30:00+00:00,South Florida,defense,0.748388226252386,0.248871442590775,0.410947697149576,0.658701298701299,20,"[401862699, 401862785]"
2026,5,401862792,2026-10-03T23:30:00+00:00,South Florida,offense,0.208942898508949,0.189963280293758,0.890007533019344,0.660425531914894,30,"[401862699, 401862702, 401862785]"
2026,5,401862792,2026-10-03T23:30:00+00:00,Temple,defense,-0.206674656600517,0.195279962980102,-0.0446330073927778,0.668514851485149,29,"[401858442, 401862774, 401862779]"
2026,5,401862792,2026-10-03T23:30:00+00:00,Temple,offense,0.618846292791257,0.200068516615279,0.225483260254383,0.667428571428571,28,"[401858442, 401862774, 401862779]"
2026,5,401864513,2026-10-04T03:59:00+00:00,Hawai_i,defense,-0.146890569655293,0.181372936250889,0.378827921219769,0.660719424460432,32,"[401864497, 401864578, 401864510]"
2026,5,401864513,2026-10-04T03:59:00+00:00,Hawai_i,offense,-0.485304767489393,0.140005591277607,0.255115969139391,0.658947368421053,45,"[401858201, 401864497, 401864578, 401864510]"
2026,5,401864513,2026-10-04T03:59:00+00:00,San Jose State,defense,0.215144220326494,0.15361380798274,-0.13442285336488,0.662325581395349,40,"[401864494, 401864495, 401860888]"
2026,5,401864513,2026-10-04T03:59:00+00:00,San Jose State,offense,-0.268685925640318,0.150785964389481,-0.0759755061301264,0.663606557377049,41,"[401864494, 401864495, 401860888]"
2026,5,401864514,2026-10-03T20:00:00+00:00,New Mexico,defense,0.964414760526698,0.209815632303298,0.372010254099772,0.659591836734694,26,"[401864498, 401856690, 401864579]"
2026,5,401864514,2026-10-03T20:00:00+00:00,New Mexico,offense,0.667625585012249,0.209975714552587,0.212985801806013,0.661176470588235,26,"[401864498, 401856690, 401864579]"
2026,5,401864514,2026-10-03T20:00:00+00:00,UTEP,defense,-0.87100358514871,0.215296523517382,0.16589773641236,0.658,25,"[401856664, 401858450, 401860895]"
2026,5,401864514,2026-10-03T20:00:00+00:00,UTEP,offense,-0.165870874214566,0.209929596781567,-0.309217343511412,0.660719424460432,26,"[401856664, 401858450, 401860895]"
2026,5,401864515,2026-10-03T19:30:00+00:00,North Dakota State,defense,0.777173961095254,0.266666666666667,0,1,22,"[401864577, 401864507]"
2026,5,401864515,2026-10-03T19:30:00+00:00,North Dakota State,offense,-0.085438657179112,0.266666666666667,0,1,22,"[401864577, 401864507]"
2026,5,401864515,2026-10-03T19:30:00+00:00,Wyoming,defense,0.129274601510143,0.199475065616798,0.454782395751248,0.660869565217391,28,"[401860878, 401864508, 401864510]"
2026,5,401864515,2026-10-03T19:30:00+00:00,Wyoming,offense,-0.571884316805532,0.19951729686243,-0.392739498364711,0.661333333333333,28,"[401860878, 401864508, 401864510]"
2026,5,401866430,2026-10-03T19:30:00+00:00,Akron,defense,-0.638107515253465,0.190241591662719,0.203694778220315,0.663801652892562,30,"[401858204, 401858451, 401864512]"
2026,5,401866430,2026-10-03T19:30:00+00:00,Akron,offense,-0.698206895561626,0.190149118843199,-0.436987116161409,0.662677165354331,30,"[401858204, 401858451, 401864512]"
2026,5,401866430,2026-10-03T19:30:00+00:00,Central Michigan,defense,-0.321540447177155,0.221626452189455,0.258468064099259,0.661333333333333,24,"[401864498, 401864508, 401858238]"
2026,5,401866430,2026-10-03T19:30:00+00:00,Central Michigan,offense,-0.175057144761446,0.228018510727808,-0.192601322245145,0.661984732824428,23,"[401864498, 401864508, 401858238]"
2026,5,401866431,2026-10-03T18:00:00+00:00,Ball State,defense,-0.76956562081219,0.274864376130199,0.158374597541327,0.660869565217391,17,"[401858432, 401866422]"
2026,5,401866431,2026-10-03T18:00:00+00:00,Ball State,offense,-0.775104434447368,0.210200927357032,-0.571809521553609,0.663414634146341,26,"[401858432, 401866422, 401866425]"
2026,5,401866431,2026-10-03T18:00:00+00:00,Toledo,defense,0.311035740389788,0.173333333333333,0.661167898579396,0.658227848101266,34,"[401858429, 401862774, 401860893]"
2026,5,401866431,2026-10-03T18:00:00+00:00,Toledo,offense,1.41144772962928,0.181361782240351,0.4234978953467,0.660571428571428,32,"[401858429, 401862774, 401860893]"
2026,5,401866432,2026-10-03T17:00:00+00:00,Buffalo,defense,-0.495608313593929,0.22155746405481,0.17577447184053,0.660719424460432,24,"[401866414, 401858456]"
2026,5,401866432,2026-10-03T17:00:00+00:00,Buffalo,offense,-0.235645875826085,0.227687206410611,-0.301402467224552,0.6592,23,"[401866414, 401858456]"
2026,5,401866432,2026-10-03T17:00:00+00:00,Western Michigan,defense,0.602140700310661,0.194690265486726,0.540202201483421,0.661654135338346,29,"[401858428, 401862773, 401860897]"
2026,5,401866432,2026-10-03T17:00:00+00:00,Western Michigan,offense,-0.0810672660735802,0.194558944765045,0.0373868381438969,0.66013986013986,29,"[401858428, 401862773, 401860897]"
2026,5,401866433,2026-10-03T19:30:00+00:00,Eastern Michigan,defense,0.226812744078107,0.163104888233849,-0.0786854951142528,0.664,37,"[401866408, 401864495, 401858440]"
2026,5,401866433,2026-10-03T19:30:00+00:00,Eastern Michigan,offense,-0.106615198050395,0.13784301212508,0.236811245836962,0.664615384615385,46,"[401866408, 401864495, 401858440, 401858460]"
2026,5,401866433,2026-10-03T19:30:00+00:00,UMass,defense,0.427459623860348,0.24954128440367,-0.616398898302996,0.663414634146341,20,"[401858423, 401866429]"
2026,5,401866433,2026-10-03T19:30:00+00:00,UMass,offense,0.429015946153605,0.24968152866242,-0.516691088687466,0.664406779661017,20,"[401858423, 401866429]"
2026,5,401866434,2026-10-03T19:30:00+00:00,Kent State,defense,-0.575942247690277,0.295849056603774,-0.327517122230645,0.664406779661017,15,"[401856665, 401866425]"
2026,5,401866434,2026-10-03T19:30:00+00:00,Kent State,offense,-0.506997247835324,0.332158725294929,0.127482974800748,0.661984732824428,12,"[401856665, 401858454]"
2026,5,401866434,2026-10-03T19:30:00+00:00,Ohio,defense,-0.408740202506851,0.194583751253761,0.288736574556177,0.660425531914894,29,"[401858430, 401866418, 401866423]"
2026,5,401866434,2026-10-03T19:30:00+00:00,Ohio,offense,0.541634366275452,0.194583751253761,0.0480820076260384,0.660425531914894,29,"[401858430, 401866418, 401866423]"
2026,5,401866477,2026-10-03T19:30:00+00:00,Bowling Green,defense,0.0144143179234547,0.209802235597592,0.265529787231674,0.659459459459459,26,"[401858441, 401856798, 401862785]"
2026,5,401866477,2026-10-03T19:30:00+00:00,Bowling Green,offense,-0.575898724774429,0.209763089115589,-0.276350811026128,0.659072847682119,26,"[401858441, 401856798, 401862785]"
2026,5,401866477,2026-10-03T19:30:00+00:00,Miami (OH),defense,-0.181607979387028,0.173455978975033,0.168430506093454,0.66,34,"[401858207, 401856797, 401861970]"
2026,5,401866477,2026-10-03T19:30:00+00:00,Miami (OH),offense,0.409925036638225,0.248837209302326,0.0776705013229315,0.658461538461539,20,"[401858207, 401856797]"
2026,5,401869842,2026-10-03T23:30:00+00:00,Army,defense,0.162926183959583,0.265997490589711,0.322145762484267,0.6625,18,"[401862702, 401862779]"
2026,5,401869842,2026-10-03T23:30:00+00:00,Army,offense,0.403308727689599,0.38001514004542,0.447349532640592,0.663801652892562,9,[401862779]
2026,5,401869842,2026-10-03T23:30:00+00:00,Louisiana Tech,defense,0.21864765746387,0.19929958611907,0.319942803397846,0.658947368421053,28,"[401867796, 401867804]"
2026,5,401869842,2026-10-03T23:30:00+00:00,Louisiana Tech,offense,0.0798931904005107,0.209802235597592,-0.0732122607253876,0.659459459459459,26,"[401867796, 401867804]"
2026,5,401869932,2026-10-04T00:00:00+00:00,Arkansas State,defense,-0.10178633206322,0.18185558527052,0.314362597040274,0.667169811320755,32,"[401862695, 401856799, 401869931]"
2026,5,401869932,2026-10-04T00:00:00+00:00,Arkansas State,offense,-0.139559998693106,0.181955373504366,0.106981973223725,0.668514851485149,32,"[401862695, 401856799, 401869931]"
2026,5,401869932,2026-10-04T00:00:00+00:00,Louisiana,defense,0.865748533347662,0.22892585283338,0.0484812930847652,0.669690721649485,23,"[401862776, 401862780]"
2026,5,401869932,2026-10-04T00:00:00+00:00,Louisiana,offense,0.256179935739597,0.166450777202073,-0.0597857549338476,0.663225806451613,36,"[401858445, 401862776, 401862780]"
2026,5,401869942,2026-10-03T23:00:00+00:00,Coastal Carolina,defense,0.439073031341249,0.15948275862069,0.044451747280371,0.657777777777778,38,"[401856780, 401869940, 401869941]"
2026,5,401869942,2026-10-03T23:00:00+00:00,Coastal Carolina,offense,-0.293829642504128,0.173294536049143,-0.0916427266129841,0.657668711656442,34,"[401856780, 401869940, 401869941]"
2026,5,401869942,2026-10-03T23:00:00+00:00,Georgia Southern,defense,-0.0238424585895544,0.173475429248076,-0.135931388986912,0.660281690140845,34,"[401858219, 401869948, 401856806]"
2026,5,401869942,2026-10-03T23:00:00+00:00,Georgia Southern,offense,0.286411772028365,0.177242417724242,0.321973349569184,0.6592,33,"[401858219, 401869948, 401856806]"
2026,5,401869956,2026-10-03T19:30:00+00:00,Georgia State,defense,0.110735156429011,0.173475429248076,-0.0946293033896614,0.660281690140845,34,"[401869955, 401856800, 401864511]"
2026,5,401869956,2026-10-03T19:30:00+00:00,Georgia State,offense,0.399672419213939,0.166499498495486,-0.129677308512798,0.664,36,"[401869955, 401856800, 401864511]"
2026,5,401869956,2026-10-03T19:30:00+00:00,Old Dominion,defense,0.538405341588122,0.22799874725963,0.900623162083605,0.661818181818182,23,"[401858221, 401862710]"
2026,5,401869956,2026-10-03T19:30:00+00:00,Old Dominion,offense,0.135579747926158,0.209689199058671,0.301428449001778,0.658343949044586,26,"[401858221, 401869961]"
2026,5,401869962,2026-10-03T19:45:00+00:00,James Madison,defense,0.870497320366525,0.162747293766331,0.57204451653829,0.65811320754717,37,"[401869960, 401860887, 401869961]"
2026,5,401869962,2026-10-03T19:45:00+00:00,James Madison,offense,0.390150776853215,0.234309623430962,0.398394166207645,0.658823529411765,22,"[401869960, 401860887]"
2026,5,401869962,2026-10-03T19:45:00+00:00,Marshall,defense,-0.603452245585861,0.199561403508772,0.0901658954013853,0.661818181818182,28,"[401858434, 401871045, 401871047]"
2026,5,401869962,2026-10-03T19:45:00+00:00,Marshall,offense,0.0705369117098143,0.18595450049456,-0.0884498402534186,0.665486725663717,31,"[401858434, 401871045, 401871047]"
2026,5,401871049,2026-10-02T00:00:00+00:00,New Mexico State,defense,-0.299861096991108,0.189790672052883,0.202466908634644,0.658343949044586,30,"[401864570, 401864578, 401864579]"
2026,5,401871049,2026-10-02T00:00:00+00:00,New Mexico State,offense,-0.54928604415624,0.185383244206774,-0.202274333984858,0.658227848101266,31,"[401864570, 401864578, 401864579]"
2026,5,401871049,2026-10-02T00:00:00+00:00,Western Kentucky,defense,-0.365519647070743,0.194477224451263,0.337198355446174,0.6592,29,"[401864432, 401856673, 401858449]"
2026,5,401871049,2026-10-02T00:00:00+00:00,Western Kentucky,offense,-0.381539131181759,0.199311063045742,0.0646550697861239,0.659072847682119,28,"[401864432, 401856673, 401858449]"
2026,5,401871050,2026-10-02T23:00:00+00:00,Delaware,defense,-0.0850652987453035,0.177492829424667,-0.201418680781018,0.662677165354331,33,"[401856684, 401869940, 401858239]"
2026,5,401871050,2026-10-02T23:00:00+00:00,Delaware,offense,0.0555498248995856,0.177320523488917,0.182348241508925,0.660281690140845,33,"[401856684, 401869940, 401858239]"
2026,5,401871050,2026-10-02T23:00:00+00:00,Liberty,defense,0.0609353591475866,0.194718879109035,0.1095296302276,0.661984732824428,29,"[401869960, 401866422, 401869941]"
2026,5,401871050,2026-10-02T23:00:00+00:00,Liberty,offense,0.808421306439815,0.190274434280212,0.0943055364210929,0.664201680672269,30,"[401869960, 401866422, 401869941]"
2026,5,401871089,2026-10-03T23:00:00+00:00,Louisiana Monroe,defense,-0.859260933290699,0.215853018372703,-0.149573830082077,0.663225806451613,25,"[401856662, 401862708, 401862782]"
2026,5,401871089,2026-10-03T23:00:00+00:00,Louisiana Monroe,offense,-0.21483529033088,0.204953757839906,-0.301099312106634,0.664827586206897,27,"[401856662, 401862708, 401862782]"
2026,5,401871089,2026-10-03T23:00:00+00:00,South Alabama,defense,-0.423047069796239,0.173947264856356,-0.123719975772137,0.667169811320755,34,"[401864575, 401866423, 401864576]"
2026,5,401871089,2026-10-03T23:00:00+00:00,South Alabama,offense,0.809961929953373,0.173731030873888,0.126419598127656,0.664,34,"[401864575, 401866423, 401864576]"
